
  ╭──────────────────────────────────────────────────────────╮
  │  ⚠️  VNSTOCK DEPRECATION NOTICE (31/08/2025)             │
  │                                                          │
  │  Lớp Vnstock và các phương thức cũ (stock, fx, crypto,   │
  │  world_index, fund...) đã chính thức bị ngừng hỗ trợ.    │
  │                                                          │
  │  Để hệ thống ổn định và nhận được cập nhật mới nhất,     │
  │  vui lòng chuyển sang dùng bộ thư viện `vnstock.api`.    │
  │                                                          │
  │  👉 Xem hướng dẫn Migration: /vnstock-migration          │
  ╰──────────────────────────────────────────────────────────╯

Mẫu code chuyển đổi (Migration Example):
--------------------------------------
Cũ (Old):  stock = Vnstock().stock('ACB')
Mới (New): from vnstock.api.quote import Quote
          q = Quote(symbol='ACB', source='VCI')

==================================================
      VNSTOCK 4.x OPTIMIZED ANALYZER
      Danh sách: FPT
      Khung: 1D, Số lượng: 2000
==================================================

==================================================
      PHÂN TÍCH MÃ: FPT  
      Khung thời gian: 1D
==================================================
┏━━━━━━━━━━━━━━━━━━━━━━━━━━━━━━━━━━━━━━━━━━━━━━━━━━━━━━━━━━━━━━━━━━━━━━━━━━━━━━━━━┓
┃                                                                                 ┃
┃  ⚠️ THÔNG BÁO QUAN TRỌNG                                                        ┃
┃                                                                                 ┃
┃  Phát hành vnstock 4.0.1 cung cấp sửa lỗi quan trọng và bổ sung giao diện API   ┃
┃  thống nhất (Unified UI), tăng tính ổn định của code.                           ┃
┃  Cập nhật: pip install vnstock -U                                               ┃
┃  AI Agent Guide: https://github.com/vnstock-hq/vnstock-agent-guide/             ┃
┃                                                                                 ┃
┃  ────────────────────────────────────────────────────────────────────────────── ┃
┃                                                                                 ┃
┃  🚀 VNSTOCK INSIDERS PROGRAM - NÂNG TẦM TRẢI NGHIỆM CỦA BẠN! 🚀                 ┃
┃                                                                                 ┃
┃  Nếu bạn cảm thấy khó chịu với các thông báo và quảng cáo:                      ┃
┃                                                                                 ┃
┃  ✨ Ẩn toàn bộ thông báo và quảng cáo phiền hà                                  ┃
┃  🔓 Mở rộng khả năng sử dụng API tối đa                                         ┃
┃  ⚡ Tăng tốc tải dữ liệu từ 5-8 lần                                              ┃
┃  📈 Tăng giới hạn truy cập API lên đến 5 lần                                    ┃
┃  🤖 Dùng AI Agent viết code hiệu quả với tài liệu Agent Guide                    ┃
┃                                                                                 ┃
┃  🔗 Tham gia ngay: https://vnstocks.com/insiders-program#tiers                  ┃
┃                                                                                 ┃
┗━━━━━━━━━━━━━━━━━━━━━━━━━━━━━━━━━━━━━━━━━━━━━━━━━━━━━━━━━━━━━━━━━━━━━━━━━━━━━━━━━┛

--- [ LỊCH SỬ GIÁ FPT  ] ---
            time   open   high    low  close  change  pct_change    volume
0     2018-06-06  14.63  14.78  14.41  14.78    0.21        1.44   1017540
1     2018-06-07  14.90  14.90  14.54  14.57   -0.21       -1.42   1138280
2     2018-06-08  14.60  14.69  14.48  14.61    0.04        0.27   1050890
3     2018-06-11  14.55  14.61  14.48  14.48   -0.13       -0.89    721890
4     2018-06-12  14.48  14.48  13.93  14.11   -0.37       -2.56   1257200
5     2018-06-13  14.02  14.29  14.02  14.26    0.15        1.06    452120
6     2018-06-14  14.32  14.40  14.20  14.20   -0.06       -0.42    460360
7     2018-06-15  14.11  14.23  14.09  14.17   -0.03       -0.21    442100
8     2018-06-18  14.29  14.29  13.84  13.84   -0.33       -2.33    693660
9     2018-06-19  13.74  13.74  13.01  13.56   -0.28       -2.02   2015520
10    2018-06-20  13.68  13.84  13.41  13.84    0.28        2.06    650560
11    2018-06-21  13.84  13.84  13.44  13.53   -0.31       -2.24    349770
12    2018-06-22  13.50  13.71  13.38  13.71    0.18        1.33    375270
13    2018-06-25  13.84  13.84  13.68  13.74    0.03        0.22    511540
14    2018-06-26  13.56  13.65  13.50  13.56   -0.18       -1.31    240850
15    2018-06-27  13.68  13.68  13.48  13.50   -0.06       -0.44    256990
16    2018-06-28  13.50  13.50  12.95  12.95   -0.55       -4.07   1175250
17    2018-06-29  12.95  13.10  12.65  12.65   -0.30       -2.32    759780
18    2018-07-02  12.65  12.77  12.19  12.25   -0.40       -3.16    979030
19    2018-07-03  12.25  12.39  11.88  11.88   -0.37       -3.02   1351030
20    2018-07-04  11.90  12.19  11.73  12.19    0.31        2.61    980200
21    2018-07-05  12.19  12.22  11.73  12.04   -0.15       -1.23    711240
22    2018-07-06  11.88  12.71  11.85  12.43    0.39        3.24    913260
23    2018-07-09  12.49  12.60  12.13  12.24   -0.19       -1.53    583920
24    2018-07-10  12.28  12.40  12.19  12.31    0.07        0.57    249100
25    2018-07-11  12.04  12.19  11.76  11.94   -0.37       -3.01    801770
26    2018-07-12  11.76  12.08  11.73  11.82   -0.12       -1.01    684480
27    2018-07-13  12.04  12.43  11.98  12.37    0.55        4.65   1060620
28    2018-07-16  12.52  12.65  12.39  12.46    0.09        0.73    645230
29    2018-07-17  12.40  12.77  12.36  12.77    0.31        2.49   1297460
30    2018-07-18  12.80  13.07  12.77  13.07    0.30        2.35   1096080
31    2018-07-19  12.86  13.07  12.86  12.95   -0.12       -0.92    753150
32    2018-07-20  12.89  12.89  12.57  12.68   -0.27       -2.08    851350
33    2018-07-23  12.86  13.01  12.75  12.80    0.12        0.95   1111700
34    2018-07-24  12.80  12.94  12.62  12.86    0.06        0.47   1167460
35    2018-07-25  12.89  13.35  12.86  12.92    0.06        0.47   1326030
36    2018-07-26  13.01  13.10  12.83  12.97    0.05        0.39    717640
37    2018-07-27  13.07  13.38  12.97  13.20    0.23        1.77   1291840
38    2018-07-30  13.22  13.26  13.16  13.20    0.00        0.00   1197220
39    2018-07-31  13.20  13.26  13.04  13.04   -0.16       -1.21   1591210
40    2018-08-01  13.01  13.12  12.77  12.80   -0.24       -1.84   2431450
41    2018-08-02  12.80  13.01  12.68  13.01    0.21        1.64    726710
42    2018-08-03  13.10  13.13  12.92  12.98   -0.03       -0.23    719840
43    2018-08-06  12.92  13.01  12.88  12.88   -0.10       -0.77    350030
44    2018-08-07  12.89  12.89  12.72  12.78   -0.10       -0.78    645810
45    2018-08-08  12.78  12.98  12.77  12.95    0.17        1.33    764020
46    2018-08-09  13.10  13.16  12.97  13.04    0.09        0.69   1232720
47    2018-08-10  13.04  13.24  13.01  13.13    0.09        0.69    797270
48    2018-08-13  13.13  13.32  13.13  13.24    0.11        0.84   1038760
49    2018-08-14  13.33  13.52  13.29  13.50    0.26        1.96   1601310
50    2018-08-15  13.50  13.62  13.32  13.35   -0.15       -1.11   1658080
51    2018-08-16  13.38  13.41  13.24  13.41    0.06        0.45   1378580
52    2018-08-17  13.47  13.57  13.41  13.57    0.16        1.19    928050
53    2018-08-20  13.57  13.82  13.46  13.63    0.06        0.44    955270
54    2018-08-21  13.60  13.66  13.53  13.63    0.00        0.00    720470
55    2018-08-22  13.64  13.82  13.63  13.74    0.11        0.81   1152700
56    2018-08-23  13.75  13.88  13.75  13.85    0.11        0.80   1004880
57    2018-08-24  13.85  13.88  13.69  13.86    0.01        0.07    629740
58    2018-08-27  13.82  13.88  13.78  13.85   -0.01       -0.07    808140
59    2018-08-28  13.82  13.86  13.74  13.78   -0.07       -0.51    909720
60    2018-08-29  13.77  13.85  13.71  13.78    0.00        0.00    775370
61    2018-08-30  13.78  13.78  13.71  13.77   -0.01       -0.07    632170
62    2018-08-31  13.77  14.00  13.75  13.78    0.01        0.07   1027280
63    2018-09-04  13.75  13.94  13.72  13.75   -0.03       -0.22    634400
64    2018-09-05  13.74  13.78  13.41  13.50   -0.25       -1.82    843460
65    2018-09-06  13.44  13.50  13.21  13.21   -0.29       -2.15   1206190
66    2018-09-07  13.25  13.41  13.21  13.41    0.20        1.51    508770
67    2018-09-10  13.47  13.47  13.27  13.27   -0.14       -1.04    367280
68    2018-09-11  13.27  13.47  13.27  13.46    0.19        1.43    562280
69    2018-09-12  13.57  13.63  13.42  13.42   -0.04       -0.30    477500
70    2018-09-13  13.63  13.69  13.47  13.53    0.11        0.82    646170
71    2018-09-14  13.60  13.94  13.60  13.89    0.36        2.66   2772660
72    2018-09-17  13.88  13.88  13.75  13.75   -0.14       -1.01    564810
73    2018-09-18  13.63  13.97  13.63  13.97    0.22        1.60    799660
74    2018-09-19  14.03  14.24  13.97  14.17    0.20        1.43   1352060
75    2018-09-20  14.05  14.41  14.05  14.31    0.14        0.99   1126260
76    2018-09-21  14.36  14.36  14.10  14.31    0.00        0.00   1327270
77    2018-09-24  14.31  14.50  14.28  14.38    0.07        0.49    991190
78    2018-09-25  14.34  14.38  14.28  14.31   -0.07       -0.49    746530
79    2018-09-26  14.34  14.60  14.30  14.36    0.05        0.35   1028940
80    2018-09-27  14.36  14.50  14.36  14.41    0.05        0.35    750790
81    2018-09-28  14.50  14.50  14.42  14.44    0.03        0.21    559790
82    2018-10-01  14.44  14.49  14.33  14.34   -0.10       -0.69    519760
83    2018-10-02  14.30  14.34  14.11  14.13   -0.21       -1.46    854660
84    2018-10-03  14.13  14.25  14.11  14.19    0.06        0.42    373060
85    2018-10-04  14.19  14.34  14.16  14.30    0.11        0.78    471280
86    2018-10-05  14.33  14.34  14.20  14.22   -0.08       -0.56    508450
87    2018-10-08  14.19  14.19  14.03  14.03   -0.19       -1.34    511810
88    2018-10-09  14.03  14.08  13.94  13.94   -0.09       -0.64    399440
89    2018-10-10  13.94  14.16  13.94  14.13    0.19        1.36    695690
90    2018-10-11  13.72  13.85  13.19  13.32   -0.81       -5.73   2177930
91    2018-10-12  13.25  13.72  13.00  13.66    0.34        2.55   1377940
92    2018-10-15  13.66  13.72  13.41  13.41   -0.25       -1.83    495650
93    2018-10-16  13.57  13.57  13.32  13.49    0.08        0.60    603710
94    2018-10-17  13.66  13.72  13.57  13.60    0.11        0.82    474320
95    2018-10-18  13.63  13.72  13.53  13.60    0.00        0.00    710630
96    2018-10-19  13.41  13.57  13.38  13.41   -0.19       -1.40    925420
97    2018-10-22  13.53  13.63  13.44  13.46    0.05        0.37    429360
98    2018-10-23  13.46  13.46  12.97  13.16   -0.30       -2.23   1150850
99    2018-10-24  13.11  13.27  13.04  13.04   -0.12       -0.91    562380
100   2018-10-25  12.47  12.88  12.47  12.80   -0.24       -1.84    757730
101   2018-10-26  12.94  13.02  12.72  12.72   -0.08       -0.62    919770
102   2018-10-29  12.63  12.93  12.63  12.79    0.07        0.55    462380
103   2018-10-30  12.82  13.04  12.74  12.79    0.00        0.00    452630
104   2018-10-31  13.02  13.10  12.88  13.08    0.29        2.27    325140
105   2018-11-01  13.11  13.22  13.07  13.07   -0.01       -0.08    469760
106   2018-11-02  13.21  13.41  13.11  13.38    0.31        2.37    593810
107   2018-11-05  13.28  13.41  13.16  13.27   -0.11       -0.82    265620
108   2018-11-06  13.32  13.33  13.13  13.14   -0.13       -0.98    470930
109   2018-11-07  13.14  13.25  12.99  13.05   -0.09       -0.68    495560
110   2018-11-08  13.18  13.22  13.08  13.14    0.09        0.69    352130
111   2018-11-09  13.04  13.13  12.85  12.86   -0.28       -2.13    635120
112   2018-11-12  12.85  13.08  12.83  13.08    0.22        1.71    273110
113   2018-11-13  12.85  13.02  12.85  12.99   -0.09       -0.69    438030
114   2018-11-14  13.07  13.18  12.97  13.18    0.19        1.46    752440
115   2018-11-15  13.10  13.22  13.00  13.16   -0.02       -0.15    498790
116   2018-11-16  13.25  13.38  13.18  13.33    0.17        1.29    639910
117   2018-11-19  13.41  13.47  13.35  13.46    0.13        0.98    396020
118   2018-11-20  13.47  13.53  13.36  13.53    0.07        0.52    550140
119   2018-11-21  13.35  13.53  13.32  13.53    0.00        0.00    513360
120   2018-11-22  13.53  13.60  13.49  13.53    0.00        0.00    323300
121   2018-11-23  13.44  13.55  13.41  13.42   -0.11       -0.81    346060
122   2018-11-26  13.42  13.42  13.24  13.24   -0.18       -1.34    483470
123   2018-11-27  13.38  13.38  13.25  13.33    0.09        0.68    341670
124   2018-11-28  13.33  13.36  13.27  13.35    0.02        0.15    256240
125   2018-11-29  13.50  13.57  13.38  13.38    0.03        0.22    523610
126   2018-11-30  13.38  13.39  13.30  13.38    0.00        0.00    323780
127   2018-12-03  13.47  14.00  13.47  14.00    0.62        4.63   1136360
128   2018-12-04  14.00  14.19  13.96  14.02    0.02        0.14   1011170
129   2018-12-05  13.86  14.02  13.85  13.91   -0.11       -0.78    605880
130   2018-12-06  13.88  13.97  13.74  13.85   -0.06       -0.43    484120
131   2018-12-07  13.91  14.14  13.91  14.06    0.21        1.52    763170
132   2018-12-10  13.97  14.03  13.78  13.78   -0.28       -1.99    694990
133   2018-12-11  13.82  13.88  13.69  13.74   -0.04       -0.29    382700
134   2018-12-12  13.74  13.89  13.74  13.86    0.12        0.87    664120
135   2018-12-13  14.02  14.11  13.88  13.91    0.05        0.36    780570
136   2018-12-14  13.91  13.97  13.75  13.77   -0.14       -1.01    787920
137   2018-12-17  13.75  13.75  13.41  13.41   -0.36       -2.61    777640
138   2018-12-18  13.21  13.35  13.05  13.10   -0.31       -2.31   1125660
139   2018-12-19  13.10  13.28  13.05  13.13    0.03        0.23    471580
140   2018-12-20  13.19  13.22  13.11  13.11   -0.02       -0.15    461210
141   2018-12-21  13.07  13.25  13.07  13.25    0.14        1.07    453810
142   2018-12-24  13.28  13.35  13.10  13.10   -0.15       -1.13    212530
143   2018-12-25  12.91  12.94  12.79  12.94   -0.16       -1.22    732310
144   2018-12-26  12.94  13.05  12.91  12.91   -0.03       -0.23    333590
145   2018-12-27  13.13  13.18  13.04  13.04    0.13        1.01    454860
146   2018-12-28  13.11  13.16  13.04  13.16    0.12        0.92    387170
147   2019-01-02  13.04  13.14  12.83  12.85   -0.31       -2.36    459120
148   2019-01-03  12.93  12.93  12.69  12.72   -0.13       -1.01    716600
149   2019-01-04  12.66  12.93  12.63  12.82    0.10        0.79    318570
150   2019-01-07  13.04  13.13  12.97  13.04    0.22        1.72    408470
151   2019-01-08  13.04  13.10  13.00  13.10    0.06        0.46    295660
152   2019-01-09  13.13  13.28  13.07  13.22    0.12        0.92    309040
153   2019-01-10  13.22  13.27  13.14  13.14   -0.08       -0.61    207330
154   2019-01-11  13.22  13.27  13.11  13.16    0.02        0.15    596090
155   2019-01-14  13.19  13.28  13.10  13.25    0.09        0.68    398400
156   2019-01-15  13.19  13.35  13.19  13.35    0.10        0.75    339480
157   2019-01-16  13.41  13.41  13.27  13.27   -0.08       -0.60    186590
158   2019-01-17  13.25  13.33  13.10  13.10   -0.17       -1.28    379770
159   2019-01-18  13.13  13.25  13.10  13.10    0.00        0.00    227150
160   2019-01-21  13.16  13.35  13.16  13.25    0.15        1.15    247800
161   2019-01-22  13.25  13.33  13.21  13.21   -0.04       -0.30    141480
162   2019-01-23  13.19  13.22  13.14  13.21    0.00        0.00    193460
163   2019-01-24  13.22  13.28  13.21  13.24    0.03        0.23    234470
164   2019-01-25  13.22  13.28  13.19  13.22   -0.02       -0.15    213470
165   2019-01-28  13.25  13.25  13.13  13.13   -0.09       -0.68    216330
166   2019-01-29  13.22  13.25  13.10  13.25    0.12        0.91    430580
167   2019-01-30  13.25  13.53  13.22  13.47    0.22        1.66    689260
168   2019-01-31  13.50  13.53  13.38  13.47    0.00        0.00    517260
169   2019-02-01  13.47  13.47  12.94  13.28   -0.19       -1.41    599890
170   2019-02-11  13.41  13.82  13.32  13.77    0.49        3.69   1000430
171   2019-02-12  13.72  13.91  13.69  13.69   -0.08       -0.58    701570
172   2019-02-13  13.72  14.03  13.72  13.89    0.20        1.46   1125370
173   2019-02-14  13.92  14.00  13.80  13.80   -0.09       -0.65    616980
174   2019-02-15  13.80  13.86  13.72  13.78   -0.02       -0.14    647230
175   2019-02-18  13.88  13.91  13.75  13.85    0.07        0.51    306310
176   2019-02-19  13.94  14.08  13.82  13.85    0.00        0.00   1470880
177   2019-02-20  13.82  14.05  13.82  13.99    0.14        1.01    499430
178   2019-02-21  13.94  14.00  13.82  13.97   -0.02       -0.14    749950
179   2019-02-22  13.97  14.16  13.85  14.10    0.13        0.93   1243720
180   2019-02-25  14.22  14.41  14.17  14.19    0.09        0.64   1023660
181   2019-02-26  14.20  14.22  14.03  14.10   -0.09       -0.63    663220
182   2019-02-27  14.10  14.17  14.00  14.06   -0.04       -0.28    485650
183   2019-02-28  14.06  14.06  13.78  13.78   -0.28       -1.99   1372190
184   2019-03-01  13.89  13.91  13.77  13.91    0.13        0.94    590780
185   2019-03-04  13.91  14.10  13.91  14.03    0.12        0.86    806770
186   2019-03-05  14.03  14.10  13.97  14.00   -0.03       -0.21    824300
187   2019-03-06  14.02  14.06  13.86  13.91   -0.09       -0.64    695230
188   2019-03-07  13.91  14.03  13.91  13.96    0.05        0.36    374340
189   2019-03-08  13.94  13.97  13.86  13.92   -0.04       -0.29    693180
190   2019-03-11  13.92  13.99  13.86  13.88   -0.04       -0.29    364520
191   2019-03-12  13.96  14.50  13.96  14.50    0.62        4.47   1930870
192   2019-03-13  14.47  14.56  14.41  14.41   -0.09       -0.62   1001890
193   2019-03-14  14.41  14.50  14.34  14.42    0.01        0.07    533480
194   2019-03-15  14.44  14.44  14.27  14.34   -0.08       -0.55   1041840
195   2019-03-18  14.44  14.49  14.33  14.41    0.07        0.49    994080
196   2019-03-19  14.41  14.44  14.25  14.25   -0.16       -1.11    914720
197   2019-03-20  14.22  14.31  14.11  14.17   -0.08       -0.56    797270
198   2019-03-21  14.28  14.28  14.06  14.06   -0.11       -0.78    825740
199   2019-03-22  14.06  14.16  14.05  14.05   -0.01       -0.07    687690
200   2019-03-25  13.78  14.03  13.78  13.85   -0.20       -1.42    633520
201   2019-03-26  14.03  14.03  13.88  13.96    0.11        0.79    386120
202   2019-03-27  13.97  14.06  13.97  14.03    0.07        0.50    589040
203   2019-03-28  13.96  14.14  13.96  14.08    0.05        0.36    362360
204   2019-03-29  14.22  14.22  14.13  14.19    0.11        0.78    446750
205   2019-04-01  14.31  14.31  14.19  14.28    0.09        0.63    327500
206   2019-04-02  14.28  14.56  14.28  14.34    0.06        0.42   1354480
207   2019-04-03  14.47  14.72  14.34  14.72    0.38        2.65   1034100
208   2019-04-04  14.81  15.03  14.74  14.91    0.19        1.29   1716130
209   2019-04-05  14.91  14.94  14.80  14.91    0.00        0.00    615200
210   2019-04-08  14.86  14.97  14.80  14.91    0.00        0.00    452660
211   2019-04-09  14.91  15.12  14.75  14.75   -0.16       -1.07   1011680
212   2019-04-10  14.66  14.75  14.58  14.63   -0.12       -0.81    731100
213   2019-04-11  14.63  14.81  14.61  14.66    0.03        0.21    359910
214   2019-04-12  14.61  15.09  14.61  15.03    0.37        2.52    875090
215   2019-04-16  14.81  15.03  14.81  14.94   -0.09       -0.60    907000
216   2019-04-17  15.06  15.44  15.03  15.12    0.18        1.20   1959530
217   2019-04-18  15.12  15.36  14.98  15.12    0.00        0.00    975930
218   2019-04-19  15.19  15.25  15.09  15.11   -0.01       -0.07    453980
219   2019-04-22  15.12  15.12  14.91  14.94   -0.17       -1.13    826090
220   2019-04-23  14.94  15.11  14.81  14.94    0.00        0.00    549400
221   2019-04-24  15.12  15.17  15.00  15.14    0.20        1.34    855130
222   2019-04-25  15.12  15.33  15.11  15.22    0.08        0.53    970660
223   2019-04-26  15.25  15.52  15.22  15.45    0.23        1.51    864950
224   2019-05-02  15.53  15.66  15.48  15.55    0.10        0.65    885020
225   2019-05-03  15.56  15.59  15.47  15.59    0.04        0.26   1059570
226   2019-05-06  15.28  15.40  15.11  15.20   -0.39       -2.50   1455140
227   2019-05-07  15.31  15.50  15.30  15.50    0.30        1.97   1094880
228   2019-05-08  15.37  15.50  15.28  15.48   -0.02       -0.13    959020
229   2019-05-09  15.47  15.48  15.16  15.16   -0.32       -2.07    860940
230   2019-05-10  15.28  15.36  15.20  15.28    0.12        0.79   1027830
231   2019-05-13  15.28  15.53  15.28  15.44    0.16        1.05    850540
232   2019-05-14  15.40  15.84  15.31  15.66    0.22        1.42   1560830
233   2019-05-15  15.75  15.78  15.62  15.72    0.06        0.38   1539940
234   2019-05-16  15.72  15.81  15.48  15.48   -0.24       -1.53   1891290
235   2019-05-17  15.75  15.75  15.50  15.55    0.07        0.45   1487590
236   2019-05-20  15.57  15.85  15.57  15.83    0.28        1.80   1792130
237   2019-05-21  15.92  16.11  15.87  16.06    0.23        1.45   1016530
238   2019-05-22  15.83  16.15  15.83  15.83   -0.23       -1.43   1563650
239   2019-05-23  15.83  16.03  15.82  15.99    0.16        1.01   1267520
240   2019-05-24  15.92  16.08  15.83  15.96   -0.03       -0.19   1014750
241   2019-05-27  15.85  15.90  15.62  15.83   -0.13       -0.81   1261950
242   2019-05-28  15.75  15.89  15.66  15.69   -0.14       -0.88    518470
243   2019-05-29  15.69  15.69  15.40  15.43   -0.26       -1.66   1505300
244   2019-05-30  15.43  15.64  15.36  15.59    0.16        1.04    986450
245   2019-05-31  15.61  15.68  15.43  15.43   -0.16       -1.03    611860
246   2019-06-03  15.40  15.43  15.22  15.22   -0.21       -1.36    881810
247   2019-06-04  15.22  15.29  15.13  15.15   -0.07       -0.46    537160
248   2019-06-05  15.22  15.36  15.22  15.26    0.11        0.73    500100
249   2019-06-06  15.33  15.64  15.26  15.57    0.31        2.03    922740
250   2019-06-07  15.68  15.83  15.64  15.82    0.25        1.61   1304680
251   2019-06-10  15.92  15.99  15.68  15.78   -0.04       -0.25   1227340
252   2019-06-11  15.78  15.96  15.71  15.82    0.04        0.25   1296500
253   2019-06-12  15.82  15.96  15.75  15.76   -0.06       -0.38   1284520
254   2019-06-13  15.76  15.78  15.57  15.59   -0.17       -1.08    856270
255   2019-06-14  15.61  15.71  15.54  15.54   -0.05       -0.32    559800
256   2019-06-17  15.43  15.57  15.36  15.41   -0.13       -0.84   1013550
257   2019-06-18  15.52  15.55  15.31  15.41    0.00        0.00    763680
258   2019-06-19  15.62  15.64  15.47  15.62    0.21        1.36    530820
259   2019-06-20  15.69  15.89  15.62  15.89    0.27        1.73   1356030
260   2019-06-21  15.92  15.96  15.83  15.89    0.00        0.00    872460
261   2019-06-24  15.89  15.90  15.80  15.80   -0.09       -0.57    726160
262   2019-06-25  15.75  16.29  15.68  16.27    0.47        2.97   3269450
263   2019-06-26  16.27  16.27  16.13  16.15   -0.12       -0.74   1014470
264   2019-06-27  16.11  16.13  15.85  15.89   -0.26       -1.61   1221860
265   2019-06-28  15.89  16.10  15.71  15.92    0.03        0.19   2479220
266   2019-07-01  16.10  16.48  16.06  16.48    0.56        3.52   2551280
267   2019-07-02  16.45  16.62  16.32  16.41   -0.07       -0.42   1600280
268   2019-07-03  16.34  16.41  16.29  16.38   -0.03       -0.18   1275860
269   2019-07-04  16.45  16.52  16.38  16.43    0.05        0.31   1275800
270   2019-07-05  16.38  16.45  16.24  16.31   -0.12       -0.73   1137770
271   2019-07-08  16.27  16.41  16.11  16.20   -0.11       -0.67   1303050
272   2019-07-09  16.20  16.39  16.13  16.36    0.16        0.99    992570
273   2019-07-10  16.43  16.60  16.38  16.46    0.10        0.61   1281980
274   2019-07-11  16.50  16.53  16.38  16.45   -0.01       -0.06    854140
275   2019-07-12  16.48  16.60  16.38  16.45    0.00        0.00   1241970
276   2019-07-15  16.48  16.64  16.39  16.55    0.10        0.61   1176060
277   2019-07-16  16.57  16.73  16.53  16.55    0.00        0.00   1160000
278   2019-07-17  16.55  16.62  16.45  16.46   -0.09       -0.54   1292630
279   2019-07-18  16.45  16.48  16.38  16.38   -0.08       -0.49   1035440
280   2019-07-19  16.43  16.90  16.41  16.87    0.49        2.99   2811560
281   2019-07-22  16.87  17.02  16.78  16.92    0.05        0.30   1755780
282   2019-07-23  16.97  17.08  16.83  17.08    0.16        0.95    948550
283   2019-07-24  17.27  17.28  17.01  17.01   -0.07       -0.41   1952770
284   2019-07-25  17.01  17.13  16.97  17.02    0.01        0.06   1157100
285   2019-07-26  16.97  17.08  16.92  17.08    0.06        0.35   1043020
286   2019-07-29  17.08  17.08  16.87  17.01   -0.07       -0.41   1130450
287   2019-07-30  17.01  17.01  16.69  16.73   -0.28       -1.65   2092220
288   2019-07-31  16.73  16.94  16.62  16.94    0.21        1.26   1111880
289   2019-08-01  16.94  17.01  16.87  16.92   -0.02       -0.12    965060
290   2019-08-02  16.81  17.14  16.74  17.08    0.16        0.95   1451900
291   2019-08-05  17.14  17.42  17.08  17.14    0.06        0.35   2322100
292   2019-08-06  16.87  17.25  16.87  17.13   -0.01       -0.06   1304570
293   2019-08-07  16.87  17.41  17.13  17.41    0.28        1.63   1246410
294   2019-08-08  17.44  17.70  17.44  17.60    0.19        1.09   2085510
295   2019-08-09  17.60  17.98  17.50  17.88    0.28        1.59   1751680
296   2019-08-12  17.88  18.40  17.74  18.30    0.42        2.35   1817920
297   2019-08-13  18.23  18.61  18.09  18.37    0.07        0.38   2237980
298   2019-08-14  18.55  18.79  18.48  18.61    0.24        1.31   2205370
299   2019-08-15  18.51  18.90  18.33  18.90    0.29        1.56   2223880
300   2019-08-16  18.90  19.65  18.54  18.54   -0.36       -1.90   4531020
301   2019-08-19  18.54  18.79  18.26  18.69    0.15        0.81   2849780
302   2019-08-20  18.69  19.26  18.69  19.26    0.57        3.05   2277750
303   2019-08-21  19.29  19.43  19.04  19.11   -0.15       -0.78   1808020
304   2019-08-22  19.11  19.36  18.86  18.90   -0.21       -1.10   1892640
305   2019-08-23  18.94  19.40  18.76  19.40    0.50        2.65   1868200
306   2019-08-26  19.08  19.33  19.08  19.15   -0.25       -1.29   1756160
307   2019-08-27  19.26  19.36  18.83  18.83   -0.32       -1.67   1566370
308   2019-08-28  18.90  18.97  18.58  18.58   -0.25       -1.33   1537860
309   2019-08-29  18.61  18.83  18.51  18.79    0.21        1.13    972940
310   2019-08-30  18.90  19.04  18.86  18.94    0.15        0.80    708360
311   2019-09-03  18.90  19.26  18.90  19.15    0.21        1.11   1360230
312   2019-09-04  18.90  19.33  18.90  18.97   -0.18       -0.94   1655300
313   2019-09-05  19.04  19.08  18.76  18.76   -0.21       -1.11   1243680
314   2019-09-06  18.86  18.97  18.65  18.86    0.10        0.53   1142710
315   2019-09-09  18.90  19.40  18.72  19.19    0.33        1.75   2507800
316   2019-09-10  19.33  19.40  19.11  19.26    0.07        0.36   1731610
317   2019-09-11  19.26  19.33  19.04  19.29    0.03        0.16   1179670
318   2019-09-12  19.40  20.15  19.40  20.15    0.86        4.46   3799910
319   2019-09-13  20.15  20.47  20.08  20.26    0.11        0.55   2123900
320   2019-09-16  20.29  20.68  20.22  20.58    0.32        1.58   1339560
321   2019-09-17  20.43  20.72  20.36  20.54   -0.04       -0.19   1194690
322   2019-09-18  20.65  20.65  20.08  20.11   -0.43       -2.09   2592910
323   2019-09-19  20.18  20.61  20.04  20.61    0.50        2.49   1432730
324   2019-09-20  20.58  20.97  20.54  20.76    0.15        0.73   1396120
325   2019-09-23  20.68  20.79  20.15  20.15   -0.61       -2.94   2313090
326   2019-09-24  20.11  20.33  19.90  20.04   -0.11       -0.55   2537600
327   2019-09-25  20.08  20.47  20.01  20.47    0.43        2.15   1442410
328   2019-09-26  20.58  20.68  20.40  20.58    0.11        0.54    992640
329   2019-09-27  20.54  20.97  20.47  20.86    0.28        1.36   2510520
330   2019-09-30  21.15  21.22  20.58  20.58   -0.28       -1.34   2199170
331   2019-10-01  20.58  20.86  20.54  20.86    0.28        1.36   1644130
332   2019-10-02  20.86  20.90  20.40  20.40   -0.46       -2.21   2439020
333   2019-10-03  20.18  20.47  20.11  20.40    0.00        0.00   2804850
334   2019-10-04  20.50  20.50  20.22  20.26   -0.14       -0.69   1271210
335   2019-10-07  20.26  20.40  19.79  19.79   -0.47       -2.32   2371810
336   2019-10-08  19.79  20.04  19.68  20.01    0.22        1.11   1337220
337   2019-10-09  20.08  20.33  19.90  20.11    0.10        0.50    937530
338   2019-10-10  20.18  20.33  20.11  20.11    0.00        0.00    808000
339   2019-10-11  20.22  20.29  20.11  20.15    0.04        0.20    794420
340   2019-10-14  20.33  20.76  20.26  20.58    0.43        2.13   2231030
341   2019-10-15  20.61  20.61  20.47  20.47   -0.11       -0.53    663910
342   2019-10-16  20.61  20.68  20.47  20.50    0.03        0.15    829050
343   2019-10-17  20.47  20.50  20.18  20.22   -0.28       -1.37   1621590
344   2019-10-18  20.26  20.54  20.18  20.36    0.14        0.69   1447340
345   2019-10-21  20.47  20.47  20.08  20.15   -0.21       -1.03   1260490
346   2019-10-22  20.15  20.18  19.86  20.08   -0.07       -0.35   1534380
347   2019-10-23  19.97  20.33  19.97  20.11    0.03        0.15    747810
348   2019-10-24  20.26  20.76  20.11  20.76    0.65        3.23   2233890
349   2019-10-25  20.79  20.86  20.58  20.68   -0.08       -0.39   1355310
350   2019-10-28  20.68  20.97  20.61  20.72    0.04        0.19   1494820
351   2019-10-29  20.76  20.79  20.61  20.65   -0.07       -0.34    953020
352   2019-10-30  20.65  20.72  20.54  20.61   -0.04       -0.19   1102070
353   2019-10-31  20.68  20.93  20.61  20.65    0.04        0.19   1263390
354   2019-11-01  20.68  20.93  20.54  20.86    0.21        1.02   1732950
355   2019-11-04  20.93  21.58  20.93  21.36    0.50        2.40   5811560
356   2019-11-05  21.43  21.43  21.18  21.32   -0.04       -0.19   1239520
357   2019-11-06  21.32  21.54  21.22  21.22   -0.10       -0.47   1551610
358   2019-11-07  21.22  21.36  21.11  21.22    0.00        0.00   1438030
359   2019-11-08  21.32  21.32  21.11  21.25    0.03        0.14   1219540
360   2019-11-11  21.29  21.61  21.22  21.40    0.15        0.71   2180490
361   2019-11-12  21.40  21.86  21.40  21.75    0.35        1.64   2842650
362   2019-11-13  21.82  21.86  21.58  21.58   -0.17       -0.78   1333940
363   2019-11-14  21.58  21.75  20.50  20.79   -0.79       -3.66   4799390
364   2019-11-15  20.79  20.97  20.58  20.90    0.11        0.53   2568040
365   2019-11-18  20.83  20.97  20.36  20.50   -0.40       -1.91   2794920
366   2019-11-19  20.50  20.79  20.50  20.79    0.29        1.41   1059770
367   2019-11-20  20.76  20.76  20.18  20.26   -0.53       -2.55   2291760
368   2019-11-21  20.26  20.36  19.93  19.97   -0.29       -1.43   3303950
369   2019-11-22  20.08  20.36  19.79  19.97    0.00        0.00   1625820
370   2019-11-25  20.01  20.33  19.90  20.18    0.21        1.05   1087990
371   2019-11-26  20.33  20.40  20.26  20.36    0.18        0.89    968690
372   2019-11-27  20.40  20.47  20.29  20.33   -0.03       -0.15    812280
373   2019-11-28  20.29  20.29  19.90  19.97   -0.36       -1.77   1370820
374   2019-11-29  19.97  20.26  19.90  20.11    0.14        0.70    739370
375   2019-12-02  20.15  20.15  19.47  19.47   -0.64       -3.18   1992380
376   2019-12-03  19.33  19.68  19.01  19.43   -0.04       -0.21   1619120
377   2019-12-04  19.43  19.79  19.26  19.76    0.33        1.70    932130
378   2019-12-05  19.79  19.90  19.54  19.58   -0.18       -0.91   1144000
379   2019-12-06  19.61  19.76  19.51  19.61    0.03        0.15    556160
380   2019-12-09  19.68  19.90  19.61  19.72    0.11        0.56    700960
381   2019-12-10  19.72  19.90  19.54  19.79    0.07        0.35    797100
382   2019-12-11  19.79  20.18  19.68  20.15    0.36        1.82    877960
383   2019-12-12  20.26  20.40  20.22  20.33    0.18        0.89    942410
384   2019-12-13  20.40  20.50  20.29  20.36    0.03        0.15   1681700
385   2019-12-16  20.36  20.36  20.11  20.15   -0.21       -1.03    968130
386   2019-12-17  20.04  20.11  19.65  19.76   -0.39       -1.94   2211360
387   2019-12-18  19.76  19.97  19.61  19.79    0.03        0.15   1022490
388   2019-12-19  19.79  20.04  19.76  19.90    0.11        0.56    817820
389   2019-12-20  19.97  20.22  19.90  20.15    0.25        1.26    777100
390   2019-12-23  20.29  20.33  19.97  20.01   -0.14       -0.69    766000
391   2019-12-24  20.11  20.15  20.01  20.11    0.10        0.50    692100
392   2019-12-25  20.11  20.65  20.11  20.50    0.39        1.94   1604350
393   2019-12-26  20.61  20.72  20.47  20.47   -0.03       -0.15   1124500
394   2019-12-27  20.47  20.61  20.26  20.54    0.07        0.34   1004860
395   2019-12-30  20.61  21.00  20.54  20.90    0.36        1.75   2881060
396   2019-12-31  20.90  20.93  20.68  20.79   -0.11       -0.53    689030
397   2020-01-02  20.79  21.04  20.68  20.90    0.11        0.53    896720
398   2020-01-03  21.00  21.08  20.47  20.54   -0.36       -1.72   2047880
399   2020-01-06  20.36  20.54  20.26  20.33   -0.21       -1.02   1091660
400   2020-01-07  20.43  20.72  20.33  20.72    0.39        1.92    837240
401   2020-01-08  20.50  20.58  20.26  20.26   -0.46       -2.22   1814290
402   2020-01-09  20.43  20.58  20.36  20.54    0.28        1.38    967050
403   2020-01-10  20.50  20.61  20.36  20.50   -0.04       -0.19   1018650
404   2020-01-13  20.47  20.54  20.33  20.36   -0.14       -0.68    786760
405   2020-01-14  20.36  20.47  20.33  20.33   -0.03       -0.15    721680
406   2020-01-15  20.33  20.36  20.26  20.33    0.00        0.00    940870
407   2020-01-16  20.33  20.76  20.33  20.68    0.35        1.72   1942970
408   2020-01-17  20.68  20.72  20.33  20.54   -0.14       -0.68   1388810
409   2020-01-20  20.50  20.68  20.40  20.47   -0.07       -0.34   1227100
410   2020-01-21  20.61  20.68  19.79  19.79   -0.68       -3.32   4351820
411   2020-01-22  19.61  20.15  19.51  20.15    0.36        1.82   3165650
412   2020-01-30  19.72  19.90  19.22  19.51   -0.64       -3.18   2638460
413   2020-01-31  19.26  19.58  18.54  18.54   -0.97       -4.97   4118150
414   2020-02-03  17.69  18.72  17.47  18.36   -0.18       -0.97   3602970
415   2020-02-04  18.69  18.69  18.19  18.47    0.11        0.60   1651440
416   2020-02-05  18.65  18.83  18.54  18.54    0.07        0.38   1648620
417   2020-02-06  18.72  19.11  18.47  19.11    0.57        3.07   1708550
418   2020-02-07  18.90  19.08  18.83  19.01   -0.10       -0.52   1218660
419   2020-02-10  18.69  18.90  18.58  18.76   -0.25       -1.32    738090
420   2020-02-11  18.86  19.15  18.79  19.11    0.35        1.87   1085380
421   2020-02-12  19.19  19.51  19.15  19.29    0.18        0.94   1104870
422   2020-02-13  19.29  19.43  19.15  19.36    0.07        0.36   1030570
423   2020-02-14  19.29  19.43  19.26  19.43    0.07        0.36    884240
424   2020-02-17  19.47  19.47  19.26  19.33   -0.10       -0.51    726390
425   2020-02-18  19.40  19.97  19.36  19.97    0.64        3.31   1760940
426   2020-02-19  19.93  20.04  19.79  19.86   -0.11       -0.55    681250
427   2020-02-20  20.01  20.11  19.79  19.90    0.04        0.20    780810
428   2020-02-21  19.93  19.93  19.51  19.51   -0.39       -1.96   1458040
429   2020-02-24  18.94  19.22  18.72  18.72   -0.79       -4.05   2261990
430   2020-02-25  18.58  19.26  18.54  19.26    0.54        2.88   1407720
431   2020-02-26  19.04  19.68  18.90  19.61    0.35        1.82   3221270
432   2020-02-27  19.61  20.15  19.47  19.97    0.36        1.84   2927040
433   2020-02-28  19.61  19.86  19.47  19.65   -0.32       -1.60   2132200
434   2020-03-02  19.65  20.04  19.54  19.86    0.21        1.07   1787060
435   2020-03-03  20.04  20.33  19.86  19.93    0.07        0.35   1193800
436   2020-03-04  19.79  19.79  19.58  19.79   -0.14       -0.70   1660790
437   2020-03-05  19.79  19.93  19.47  19.47   -0.32       -1.62   1296450
438   2020-03-06  19.33  19.36  19.08  19.26   -0.21       -1.08   1305030
439   2020-03-09  18.26  18.54  17.94  17.94   -1.32       -6.85   4735140
440   2020-03-10  18.19  18.54  17.94  18.44    0.50        2.79   2030340
441   2020-03-11  18.54  18.72  17.65  18.12   -0.32       -1.74   2753310
442   2020-03-12  17.33  17.58  16.87  17.15   -0.97       -5.35   3981670
443   2020-03-13  16.15  17.83  16.12  17.17    0.02        0.12   2919140
444   2020-03-16  17.17  17.72  16.94  16.98   -0.19       -1.11   1898960
445   2020-03-17  16.76  17.30  16.58  17.30    0.32        1.88   2474650
446   2020-03-18  17.47  17.51  17.24  17.26   -0.04       -0.23   1642800
447   2020-03-19  16.98  17.15  16.98  17.01   -0.25       -1.45   1296590
448   2020-03-20  17.19  17.21  16.89  17.01    0.00        0.00   1291360
449   2020-03-23  16.44  16.73  15.83  15.83   -1.18       -6.94   2826690
450   2020-03-24  16.05  16.05  15.51  15.87    0.04        0.25   2191500
451   2020-03-25  16.40  16.55  16.10  16.40    0.53        3.34   2131790
452   2020-03-26  16.23  16.35  15.76  15.76   -0.64       -3.90   2358310
453   2020-03-27  15.83  15.83  15.30  15.37   -0.39       -2.47   2633750
454   2020-03-30  14.44  14.66  14.30  14.41   -0.96       -6.25   2157690
455   2020-03-31  14.80  15.12  14.30  14.66    0.25        1.73   1663050
456   2020-04-01  14.55  15.41  14.55  15.08    0.42        2.86   1453030
457   2020-04-03  15.33  15.92  15.23  15.90    0.82        5.44   2072000
458   2020-04-06  16.40  16.94  16.23  16.94    1.04        6.54   2718990
459   2020-04-07  16.94  17.01  16.58  16.87   -0.07       -0.41   2463810
460   2020-04-08  16.44  16.78  16.32  16.71   -0.16       -0.95   1576670
461   2020-04-09  16.76  16.98  16.58  16.71    0.00        0.00   2142370
462   2020-04-10  16.62  16.76  16.37  16.55   -0.16       -0.96   1882020
463   2020-04-13  16.55  16.76  16.44  16.58    0.03        0.18   1255360
464   2020-04-14  16.98  17.65  16.76  17.65    1.07        6.45   4072050
465   2020-04-15  18.01  18.12  17.78  17.87    0.22        1.25   2205200
466   2020-04-16  17.72  18.12  17.58  17.94    0.07        0.39   1508480
467   2020-04-17  18.26  18.29  17.90  18.26    0.32        1.78   2631630
468   2020-04-20  18.51  18.54  18.08  18.29    0.03        0.16   2239780
469   2020-04-21  18.01  18.15  17.44  17.58   -0.71       -3.88   3737050
470   2020-04-22  17.40  18.26  17.37  18.22    0.64        3.64   2445860
471   2020-04-23  18.58  18.61  18.19  18.19   -0.03       -0.16   1363410
472   2020-04-24  18.15  18.26  17.87  18.19    0.00        0.00   1411380
473   2020-04-27  18.36  18.36  18.01  18.08   -0.11       -0.60   1419750
474   2020-04-28  18.08  18.12  17.90  18.08    0.00        0.00    974310
475   2020-04-29  18.12  18.33  18.01  18.12    0.04        0.22   1349230
476   2020-05-04  17.90  18.15  17.76  18.01   -0.11       -0.61    895530
477   2020-05-05  18.12  18.19  17.97  18.15    0.14        0.78    677990
478   2020-05-06  18.19  18.94  18.19  18.86    0.71        3.91   3470150
479   2020-05-07  18.90  19.08  18.69  19.08    0.22        1.17   2030720
480   2020-05-08  19.11  19.65  19.11  19.15    0.07        0.37   3585320
481   2020-05-11  19.26  19.40  19.01  19.26    0.11        0.57   2119430
482   2020-05-12  19.26  19.40  19.11  19.40    0.14        0.73   2828190
483   2020-05-13  19.84  20.69  19.80  20.61    1.21        6.24   6853810
484   2020-05-14  20.44  20.51  20.26  20.34   -0.27       -1.31   2597400
485   2020-05-15  20.17  20.42  19.94  20.05   -0.29       -1.43   2430890
486   2020-05-18  19.84  20.19  19.80  20.19    0.14        0.70   2000950
487   2020-05-19  20.55  20.76  20.30  20.57    0.38        1.88   2879030
488   2020-05-20  20.46  20.46  20.28  20.42   -0.15       -0.73   1245380
489   2020-05-21  20.42  20.59  20.40  20.59    0.17        0.83   2007060
490   2020-05-22  20.46  20.46  20.24  20.24   -0.35       -1.70   1731720
491   2020-05-25  20.26  20.30  19.96  20.24    0.00        0.00   2033000
492   2020-05-26  20.26  20.38  20.19  20.38    0.14        0.69   1615680
493   2020-05-27  20.42  20.63  20.05  20.05   -0.33       -1.62   2098580
494   2020-05-28  20.13  20.30  20.05  20.05    0.00        0.00   1194380
495   2020-05-29  20.05  20.09  19.84  20.03   -0.02       -0.10   1346170
496   2020-06-01  20.05  20.19  20.05  20.17    0.14        0.70   1298150
497   2020-06-02  20.17  20.26  20.05  20.05   -0.12       -0.59   1456730
498   2020-06-03  20.05  20.44  20.00  20.32    0.27        1.35   1893060
499   2020-06-04  20.42  20.42  20.21  20.21   -0.11       -0.54   1260060
500   2020-06-05  20.21  20.34  20.11  20.34    0.13        0.64   1236200
501   2020-06-08  20.46  20.88  20.46  20.61    0.27        1.33   4113250
502   2020-06-09  20.72  20.74  20.42  20.44   -0.17       -0.82   1491540
503   2020-06-10  20.46  20.46  20.21  20.38   -0.06       -0.29   1307540
504   2020-06-11  20.38  20.38  19.21  19.21   -1.17       -5.74   4278060
505   2020-06-12  18.79  19.63  18.79  19.63    0.42        2.19   3145450
506   2020-06-15  20.05  20.05  19.17  19.21   -0.42       -2.14   1207500
507   2020-06-16  19.46  19.55  19.34  19.46    0.25        1.30   1100730
508   2020-06-17  19.50  19.52  19.32  19.36   -0.10       -0.51    788630
509   2020-06-18  19.34  19.50  19.27  19.46    0.10        0.52    822980
510   2020-06-19  19.46  19.63  19.46  19.63    0.17        0.87    745470
511   2020-06-22  19.63  19.63  19.57  19.63    0.00        0.00    787180
512   2020-06-23  19.61  20.21  19.52  19.86    0.23        1.17   1693730
513   2020-06-24  20.00  20.03  19.65  19.71   -0.15       -0.76    607000
514   2020-06-25  19.48  19.67  19.46  19.55   -0.16       -0.81    730810
515   2020-06-26  19.55  19.69  19.50  19.57    0.02        0.10    602880
516   2020-06-29  19.46  19.46  19.15  19.23   -0.34       -1.74   1281220
517   2020-06-30  19.27  19.38  18.96  19.07   -0.16       -0.83   1594210
518   2020-07-01  19.21  19.34  19.13  19.30    0.23        1.21    866660
519   2020-07-02  19.34  19.34  19.19  19.27   -0.03       -0.16    539160
520   2020-07-03  19.42  19.42  19.25  19.32    0.05        0.26    529760
521   2020-07-06  19.42  19.61  19.34  19.55    0.23        1.19   1089910
522   2020-07-07  19.63  20.00  19.63  19.82    0.27        1.38   2739150
523   2020-07-08  19.76  20.00  19.76  19.92    0.10        0.50   1472610
524   2020-07-09  20.00  20.21  19.96  20.19    0.27        1.36   2298900
525   2020-07-10  20.09  20.15  19.84  19.96   -0.23       -1.14   1164310
526   2020-07-13  20.05  20.44  19.94  20.32    0.36        1.80   2662490
527   2020-07-14  20.17  20.40  20.17  20.28   -0.04       -0.20   1549540
528   2020-07-15  20.34  20.44  20.21  20.30    0.02        0.10   1516540
529   2020-07-16  20.28  20.36  20.21  20.30    0.00        0.00   1060530
530   2020-07-17  20.26  20.26  20.09  20.09   -0.21       -1.03   1313100
531   2020-07-20  20.09  20.13  19.78  19.80   -0.29       -1.44   2049680
532   2020-07-21  19.84  20.03  19.73  19.96    0.16        0.81    940230
533   2020-07-22  20.05  20.05  19.76  19.80   -0.16       -0.80    817890
534   2020-07-23  19.80  19.94  19.67  19.94    0.14        0.71    918630
535   2020-07-24  19.80  19.86  18.96  19.17   -0.77       -3.86   3170540
536   2020-07-27  18.79  19.17  18.21  18.25   -0.92       -4.80   3274350
537   2020-07-28  18.54  19.13  18.44  19.09    0.84        4.60   1953510
538   2020-07-29  18.54  18.75  18.29  18.61   -0.48       -2.51   1554200
539   2020-07-30  18.63  18.86  18.63  18.86    0.25        1.34    612240
540   2020-07-31  18.38  18.88  18.38  18.58   -0.28       -1.48   1106250
541   2020-08-03  18.58  19.17  18.58  19.17    0.59        3.18   1392200
542   2020-08-04  19.42  19.55  19.30  19.44    0.27        1.41   1051310
543   2020-08-05  19.42  19.69  19.32  19.63    0.19        0.98   1328520
544   2020-08-06  19.63  19.73  19.50  19.55   -0.08       -0.41   1153660
545   2020-08-07  19.55  19.96  19.55  19.67    0.12        0.61   1283690
546   2020-08-10  19.78  19.96  19.67  19.71    0.04        0.20   1160370
547   2020-08-11  19.82  19.82  19.63  19.63   -0.08       -0.41   1209690
548   2020-08-12  19.67  19.84  19.59  19.84    0.21        1.07   1233230
549   2020-08-13  19.92  20.03  19.84  20.03    0.19        0.96   1709100
550   2020-08-14  20.09  20.13  19.82  19.96   -0.07       -0.35   1633770
551   2020-08-17  20.01  20.05  19.84  20.05    0.09        0.45   1048820
552   2020-08-18  20.05  20.11  19.96  19.98   -0.07       -0.35    625200
553   2020-08-19  20.01  20.07  19.90  19.98    0.00        0.00    877190
554   2020-08-20  20.01  20.24  19.98  20.07    0.09        0.45   1824430
555   2020-08-21  20.16  20.26  20.13  20.22    0.15        0.75   1260210
556   2020-08-24  20.45  20.73  20.41  20.67    0.45        2.23   3540210
557   2020-08-25  20.73  20.88  20.71  20.84    0.17        0.82   3304670
558   2020-08-26  20.82  20.84  20.56  20.65   -0.19       -0.91   1328990
559   2020-08-27  20.58  21.37  20.58  21.26    0.61        2.95   3724990
560   2020-08-28  21.41  21.80  21.29  21.29    0.03        0.14   4009380
561   2020-08-31  21.29  21.46  21.05  21.12   -0.17       -0.80   1940640
562   2020-09-01  21.12  21.54  21.05  21.29    0.17        0.80   1757410
563   2020-09-03  21.50  21.54  21.29  21.50    0.21        0.99   2281510
564   2020-09-04  21.12  21.33  21.12  21.33   -0.17       -0.79   1538510
565   2020-09-07  21.31  21.33  20.69  20.69   -0.64       -3.00   2270970
566   2020-09-08  20.80  21.12  20.69  21.12    0.43        2.08   1628870
567   2020-09-09  20.75  21.12  20.73  20.99   -0.13       -0.62   1490820
568   2020-09-10  21.12  21.24  20.94  20.99    0.00        0.00   1005950
569   2020-09-11  20.90  20.99  20.84  20.97   -0.02       -0.10    872160
570   2020-09-14  21.01  21.12  20.94  21.03    0.06        0.29   1127400
571   2020-09-15  21.12  21.33  21.03  21.33    0.30        1.43   1906730
572   2020-09-16  21.33  21.67  21.33  21.54    0.21        0.98   1918130
573   2020-09-17  21.46  21.54  21.29  21.33   -0.21       -0.97   1563010
574   2020-09-18  21.37  21.93  21.33  21.84    0.51        2.39   3306720
575   2020-09-21  21.88  22.05  21.84  21.84    0.00        0.00   1530250
576   2020-09-22  21.67  21.88  21.58  21.88    0.04        0.18   1630570
577   2020-09-23  21.88  21.97  21.67  21.80   -0.08       -0.37   1797680
578   2020-09-24  21.63  21.76  21.41  21.54   -0.26       -1.19   1728380
579   2020-09-25  21.63  21.67  21.33  21.67    0.13        0.60   1205550
580   2020-09-28  21.71  21.88  21.58  21.80    0.13        0.60   1312300
581   2020-09-29  21.93  21.93  21.41  21.41   -0.39       -1.79   1900490
582   2020-09-30  21.41  21.50  21.22  21.33   -0.08       -0.37   2500310
583   2020-10-01  21.41  21.67  21.41  21.67    0.34        1.59    905510
584   2020-10-02  21.67  21.80  20.90  21.46   -0.21       -0.97   1947940
585   2020-10-05  21.50  21.67  21.29  21.54    0.08        0.37   1498360
586   2020-10-06  21.67  21.71  21.46  21.54    0.00        0.00   1520290
587   2020-10-07  21.41  21.63  21.41  21.50   -0.04       -0.19   1493710
588   2020-10-08  21.54  21.97  21.46  21.80    0.30        1.40   3062690
589   2020-10-09  21.76  21.84  21.67  21.67   -0.13       -0.60   1173500
590   2020-10-12  21.71  21.93  21.58  21.71    0.04        0.18   1550680
591   2020-10-13  21.71  21.76  21.54  21.63   -0.08       -0.37   1222200
592   2020-10-14  21.67  21.93  21.50  21.76    0.13        0.60   2409760
593   2020-10-15  21.84  21.93  21.63  21.84    0.08        0.37   1925370
594   2020-10-16  21.84  22.99  21.71  22.69    0.85        3.89   5769540
595   2020-10-19  22.86  22.95  22.61  22.74    0.05        0.22   2333670
596   2020-10-20  22.65  22.74  22.40  22.69   -0.05       -0.22   1886160
597   2020-10-21  22.69  23.25  22.52  22.52   -0.17       -0.75   3305010
598   2020-10-22  22.52  23.04  22.44  23.04    0.52        2.31   2346540
599   2020-10-23  23.12  23.25  22.82  22.99   -0.05       -0.22   2646310
600   2020-10-26  22.99  23.25  22.52  22.52   -0.47       -2.04   3852510
601   2020-10-27  22.57  22.69  22.22  22.22   -0.30       -1.33   3188810
602   2020-10-28  22.18  22.35  21.63  21.63   -0.59       -2.66   3596230
603   2020-10-29  21.50  21.88  21.41  21.71    0.08        0.37   2719690
604   2020-10-30  21.93  21.97  21.54  21.97    0.26        1.20   1469970
605   2020-11-02  21.97  22.05  21.84  22.05    0.08        0.36    866110
606   2020-11-03  22.14  22.57  22.05  22.52    0.47        2.13   2562890
607   2020-11-04  22.61  22.74  22.40  22.61    0.09        0.40   1369690
608   2020-11-05  22.48  22.78  22.18  22.18   -0.43       -1.90   1305860
609   2020-11-06  22.35  22.52  22.22  22.35    0.17        0.77    987260
610   2020-11-09  22.52  22.78  22.48  22.78    0.43        1.92   2011650
611   2020-11-10  23.04  23.04  22.61  22.61   -0.17       -0.75   1739340
612   2020-11-11  22.78  22.78  22.48  22.61    0.00        0.00   1668230
613   2020-11-12  22.61  22.82  22.57  22.82    0.21        0.93   1234540
614   2020-11-13  22.95  22.95  22.82  22.95    0.13        0.57   1318170
615   2020-11-16  23.04  23.20  22.61  22.74   -0.21       -0.92   3713690
616   2020-11-17  22.86  23.08  22.61  23.04    0.30        1.32   2515530
617   2020-11-18  23.16  23.16  22.91  23.04    0.00        0.00   1757160
618   2020-11-19  23.16  23.89  23.04  23.50    0.46        2.00   4980430
619   2020-11-20  23.50  23.84  23.46  23.55    0.05        0.21   1837360
620   2020-11-23  23.55  23.97  23.29  23.84    0.29        1.23   2824640
621   2020-11-24  23.84  24.10  23.46  23.72   -0.12       -0.50   3003940
622   2020-11-25  24.02  24.02  23.55  23.55   -0.17       -0.72   1835630
623   2020-11-26  23.68  23.89  23.38  23.76    0.21        0.89   1635130
624   2020-11-27  23.84  23.97  23.72  23.97    0.21        0.88   1986420
625   2020-11-30  24.19  24.19  23.63  23.63   -0.34       -1.42   2761700
626   2020-12-01  23.46  23.63  23.38  23.55   -0.08       -0.34   3427370
627   2020-12-02  23.46  23.76  23.46  23.72    0.17        0.72   2108200
628   2020-12-03  23.68  23.76  23.50  23.72    0.00        0.00   1627980
629   2020-12-04  23.63  23.84  23.63  23.76    0.04        0.17   1380920
630   2020-12-07  23.84  23.89  23.68  23.76    0.00        0.00   1455180
631   2020-12-08  23.76  24.14  23.68  23.97    0.21        0.88   2297110
632   2020-12-09  24.02  24.66  23.97  24.53    0.56        2.34   3001820
633   2020-12-10  24.31  24.61  24.10  24.10   -0.43       -1.75   2112490
634   2020-12-11  24.14  24.31  24.02  24.31    0.21        0.87   1750270
635   2020-12-14  24.31  24.74  24.27  24.40    0.09        0.37   1443760
636   2020-12-15  24.53  24.57  24.14  24.19   -0.21       -0.86   2666900
637   2020-12-16  24.40  24.53  24.31  24.36    0.17        0.70   1995530
638   2020-12-17  24.27  24.36  23.89  24.10   -0.26       -1.07   3594500
639   2020-12-18  24.10  24.36  24.10  24.27    0.17        0.71   1532820
640   2020-12-21  24.44  24.66  24.36  24.53    0.26        1.07   2307390
641   2020-12-22  24.48  24.95  24.36  24.78    0.25        1.02   2576390
642   2020-12-23  24.87  25.00  24.40  24.53   -0.25       -1.01   1391420
643   2020-12-24  24.53  24.66  24.06  24.31   -0.22       -0.90   2386210
644   2020-12-25  24.31  24.57  24.14  24.57    0.26        1.07   1625110
645   2020-12-28  24.70  25.00  24.53  24.70    0.13        0.53   2197090
646   2020-12-29  24.70  25.08  24.57  25.00    0.30        1.21   2172950
647   2020-12-30  25.12  25.12  24.78  24.78   -0.22       -0.88   1204180
648   2020-12-31  24.78  25.25  24.74  25.21    0.43        1.74   2036370
649   2021-01-04  25.42  25.68  25.30  25.68    0.47        1.86   2151300
650   2021-01-05  25.59  27.09  25.51  26.75    1.07        4.17   2332200
651   2021-01-06  26.92  27.13  26.58  26.62   -0.13       -0.49   1796000
652   2021-01-07  26.70  26.83  26.40  26.66    0.04        0.15   2150200
653   2021-01-08  26.87  27.17  26.70  27.00    0.34        1.28   2720400
654   2021-01-11  27.26  27.60  27.00  27.60    0.60        2.22   1972800
655   2021-01-12  27.73  28.15  27.30  28.07    0.47        1.70   2435200
656   2021-01-13  28.11  28.75  28.11  28.37    0.30        1.07   2612000
657   2021-01-14  28.37  28.58  28.03  28.32   -0.05       -0.18   1777500
658   2021-01-15  28.58  28.58  28.32  28.41    0.09        0.32   1540400
659   2021-01-18  28.58  28.58  28.24  28.28   -0.13       -0.46   1209000
660   2021-01-19  28.15  28.20  26.32  26.45   -1.83       -6.47   3505600
661   2021-01-20  26.75  27.17  25.68  27.00    0.55        2.08   3663800
662   2021-01-21  27.51  28.07  27.00  27.98    0.98        3.63   2313100
663   2021-01-22  28.03  28.79  27.90  28.54    0.56        2.00   2090300
664   2021-01-25  28.50  29.09  28.24  28.58    0.04        0.14   3111900
665   2021-01-26  28.79  28.79  27.94  28.15   -0.43       -1.50   2597500
666   2021-01-27  28.03  28.20  26.83  26.87   -1.28       -4.55   2226800
667   2021-01-28  25.59  26.58  25.00  25.00   -1.87       -6.96   5092400
668   2021-01-29  25.17  26.75  25.17  26.75    1.75        7.00   3211900
669   2021-02-01  27.47  27.90  26.58  27.09    0.34        1.27   2017400
670   2021-02-02  26.92  28.15  26.87  28.15    1.06        3.91   3264600
671   2021-02-03  28.79  30.12  28.20  29.86    1.71        6.07   4173500
672   2021-02-04  29.94  31.22  29.94  30.93    1.07        3.58   4398700
673   2021-02-05  31.14  31.31  30.63  31.10    0.17        0.55   2084900
674   2021-02-08  31.10  31.10  29.69  30.41   -0.69       -2.22   4035600
675   2021-02-09  30.46  31.82  29.86  31.82    1.41        4.64   4224300
676   2021-02-17  32.55  33.70  32.38  33.23    1.41        4.43   3139100
677   2021-02-18  33.27  33.40  32.67  33.36    0.13        0.39   2243100
678   2021-02-19  32.97  33.27  32.42  32.67   -0.69       -2.07   3722700
679   2021-02-22  32.67  33.06  32.46  32.76    0.09        0.28   2319300
680   2021-02-23  32.55  32.85  31.82  32.21   -0.55       -1.68   3369500
681   2021-02-24  32.42  32.63  31.95  32.16   -0.05       -0.16   2225200
682   2021-02-25  32.46  32.55  31.78  32.51    0.35        1.09   1927500
683   2021-02-26  31.99  32.59  31.95  32.51    0.00        0.00   1936000
684   2021-03-01  32.76  33.27  32.76  33.23    0.72        2.21   2078100
685   2021-03-02  33.66  33.66  32.80  33.23    0.00        0.00   1821700
686   2021-03-03  33.27  33.32  33.02  33.14   -0.09       -0.27   1599400
687   2021-03-04  33.14  33.19  32.03  32.38   -0.76       -2.29   2901500
688   2021-03-05  32.21  32.42  31.78  32.38    0.00        0.00   2507500
689   2021-03-08  32.42  32.63  32.16  32.33   -0.05       -0.15   1656600
690   2021-03-09  31.99  32.29  31.78  31.99   -0.34       -1.05   2182400
691   2021-03-10  32.38  33.06  31.99  32.55    0.56        1.75   2602400
692   2021-03-11  32.63  32.89  32.46  32.72    0.17        0.52   1477800
693   2021-03-12  32.85  32.89  32.55  32.63   -0.09       -0.28   2062800
694   2021-03-15  32.67  33.06  32.46  32.63    0.00        0.00   1760900
695   2021-03-16  32.85  34.76  32.67  34.55    1.92        5.88   5111000
696   2021-03-17  34.76  34.76  34.13  34.47   -0.08       -0.23   1603200
697   2021-03-18  34.55  34.55  34.13  34.55    0.08        0.23   1807500
698   2021-03-19  34.13  34.34  33.87  34.04   -0.51       -1.48   2247800
699   2021-03-22  33.91  33.96  33.40  33.57   -0.47       -1.38   2084800
700   2021-03-23  33.49  34.13  33.40  33.61    0.04        0.12   2201700
701   2021-03-24  33.23  33.66  32.63  32.85   -0.76       -2.26   2480100
702   2021-03-25  33.06  33.06  32.63  32.67   -0.18       -0.55   2305400
703   2021-03-26  32.51  32.76  31.78  32.46   -0.21       -0.64   2672600
704   2021-03-29  32.63  33.32  32.46  33.10    0.64        1.97   1997700
705   2021-03-30  33.23  33.27  32.85  32.89   -0.21       -0.63   1512500
706   2021-03-31  32.89  33.32  32.67  33.14    0.25        0.76   1373400
707   2021-04-01  33.23  34.00  33.23  34.00    0.86        2.60   2500900
708   2021-04-02  34.30  34.34  34.04  34.04    0.04        0.12   1950200
709   2021-04-05  34.30  34.34  33.66  33.96   -0.08       -0.24   1487000
710   2021-04-06  33.74  34.13  33.74  33.87   -0.09       -0.27   1505800
711   2021-04-07  33.78  34.00  33.74  33.96    0.09        0.27   1503800
712   2021-04-08  34.21  34.38  33.91  33.96    0.00        0.00   1609800
713   2021-04-09  34.08  35.40  34.08  35.02    1.06        3.12   3970400
714   2021-04-12  35.15  35.15  34.76  35.02    0.00        0.00   2022500
715   2021-04-13  34.98  35.06  34.34  34.42   -0.60       -1.71   2038100
716   2021-04-14  34.13  34.55  33.91  34.55    0.13        0.38   2530600
717   2021-04-15  34.55  34.72  34.04  34.13   -0.42       -1.22   2096200
718   2021-04-16  34.04  34.64  33.61  34.00   -0.13       -0.38   2194600
719   2021-04-19  34.13  34.76  33.91  34.76    0.76        2.24   2380800
720   2021-04-20  34.89  36.22  34.81  35.36    0.60        1.73   4742800
721   2021-04-22  34.98  35.79  34.13  34.13   -1.23       -3.48   2271200
722   2021-04-23  34.13  35.40  34.00  35.40    1.27        3.72   3166400
723   2021-04-26  35.19  35.32  34.34  34.55   -0.85       -2.40   2551300
724   2021-04-27  34.30  34.72  34.17  34.42   -0.13       -0.38   1287100
725   2021-04-28  34.17  34.68  34.17  34.47    0.05        0.15   1366700
726   2021-04-29  34.47  34.89  34.47  34.51    0.04        0.12   2095500
727   2021-05-04  34.13  35.62  34.13  35.36    0.85        2.46   2362100
728   2021-05-05  36.04  36.04  35.28  35.36    0.00        0.00   2321300
729   2021-05-06  35.40  35.62  35.06  35.28   -0.08       -0.23   1969000
730   2021-05-07  35.28  35.83  35.11  35.40    0.12        0.34   2705900
731   2021-05-10  35.45  36.68  35.40  36.60    1.20        3.39   4504300
732   2021-05-11  36.68  36.94  36.34  36.34   -0.26       -0.71   2078700
733   2021-05-12  36.26  36.43  35.96  36.43    0.09        0.25   1844500
734   2021-05-13  36.26  36.43  35.83  35.83   -0.60       -1.65   2558300
735   2021-05-14  35.96  36.77  35.88  36.17    0.34        0.95   1858700
736   2021-05-17  36.60  36.94  36.34  36.56    0.39        1.08   1744500
737   2021-05-18  36.86  37.28  36.77  37.11    0.55        1.50   2133500
738   2021-05-19  37.33  38.86  37.03  38.73    1.62        4.37   2876300
739   2021-05-20  38.73  40.74  38.56  40.74    2.01        5.19   3523900
740   2021-05-21  40.23  41.21  39.67  40.01   -0.73       -1.79   3222700
741   2021-05-24  40.01  40.06  39.29  39.88   -0.13       -0.32   2669500
742   2021-05-25  39.88  40.61  39.59  40.01    0.13        0.33   2156300
743   2021-05-26  40.18  40.74  39.97  40.65    0.64        1.60   1992800
744   2021-05-27  40.65  40.70  39.88  40.01   -0.64       -1.57   1745800
745   2021-05-28  40.10  40.52  39.97  40.44    0.43        1.07   1874300
746   2021-05-31  40.74  41.80  40.40  41.76    1.32        3.26   3237700
747   2021-06-01  43.54  43.84  43.10  43.15    1.39        3.33   3495000
748   2021-06-02  43.15  43.35  42.11  42.36   -0.79       -1.83   3053900
749   2021-06-03  42.11  42.31  41.76  42.21   -0.15       -0.35   3190800
750   2021-06-04  42.11  42.16  41.51  41.96   -0.25       -0.59   3820600
751   2021-06-07  41.91  41.96  40.13  40.97   -0.99       -2.36   3711200
752   2021-06-08  40.62  41.12  39.93  40.03   -0.94       -2.29   3486000
753   2021-06-09  39.93  40.67  39.14  40.47    0.44        1.10   3576100
754   2021-06-10  40.47  40.87  40.13  40.57    0.10        0.25   2214900
755   2021-06-11  40.37  41.56  40.28  41.36    0.79        1.95   2359600
756   2021-06-14  41.36  41.91  41.12  41.51    0.15        0.36   2547600
757   2021-06-15  41.51  41.86  41.22  41.22   -0.29       -0.70   1778700
758   2021-06-16  41.22  41.91  40.97  41.17   -0.05       -0.12   2462000
759   2021-06-17  40.67  41.17  40.67  40.92   -0.25       -0.61   2236400
760   2021-06-18  41.17  41.71  40.97  41.51    0.59        1.44   1681700
761   2021-06-21  41.41  42.75  41.22  42.40    0.89        2.14   3878300
762   2021-06-22  42.65  42.90  42.31  42.31   -0.09       -0.21   1760300
763   2021-06-23  42.26  42.40  41.66  42.06   -0.25       -0.59   1599900
764   2021-06-24  41.76  42.06  41.56  41.96   -0.10       -0.24   1657800
765   2021-06-25  41.96  42.31  41.71  42.21    0.25        0.60   1503400
766   2021-06-28  42.65  42.65  42.31  42.46    0.25        0.59   1858800
767   2021-06-29  42.90  44.09  42.75  43.89    1.43        3.37   4897800
768   2021-06-30  44.09  44.14  43.59  43.59   -0.30       -0.68   1651100
769   2021-07-01  43.64  44.04  43.59  44.04    0.45        1.03   1700100
770   2021-07-02  44.24  45.82  44.04  45.53    1.49        3.38   3873500
771   2021-07-05  47.06  47.06  45.08  45.92    0.39        0.86   2934200
772   2021-07-06  45.82  46.07  43.10  43.10   -2.82       -6.14   1967400
773   2021-07-07  43.10  45.08  42.11  44.83    1.73        4.01   4910200
774   2021-07-08  44.78  44.83  44.09  44.49   -0.34       -0.76   2375400
775   2021-07-09  44.39  45.58  43.99  44.44   -0.05       -0.11   2947000
776   2021-07-12  43.99  44.44  41.41  42.65   -1.79       -4.03   6764400
777   2021-07-13  43.05  43.25  42.11  43.10    0.45        1.06   2207400
778   2021-07-14  43.40  43.40  41.96  42.21   -0.89       -2.06   2433500
779   2021-07-15  41.96  42.90  41.96  42.31    0.10        0.24   2714600
780   2021-07-16  42.55  43.59  42.36  43.00    0.69        1.63   2285700
781   2021-07-19  42.21  42.80  41.86  41.96   -1.04       -2.42   3288800
782   2021-07-20  42.01  43.00  41.56  43.00    1.04        2.48   2553700
783   2021-07-21  43.00  43.54  42.65  42.90   -0.10       -0.23   3369200
784   2021-07-22  42.70  44.39  42.70  44.29    1.39        3.24   4445600
785   2021-07-23  44.29  46.02  43.94  44.83    0.54        1.22   6755700
786   2021-07-26  44.73  46.52  44.68  46.42    1.59        3.55   5773100
787   2021-07-27  46.76  47.01  45.82  46.17   -0.25       -0.54   5007000
788   2021-07-28  45.97  46.42  45.43  45.58   -0.59       -1.28   3346700
789   2021-07-29  45.58  46.52  45.43  46.27    0.69        1.51   3712900
790   2021-07-30  46.32  46.96  45.97  46.57    0.30        0.65   4525900
791   2021-08-02  46.57  47.85  46.57  47.36    0.79        1.70   4275900
792   2021-08-03  47.46  47.56  46.91  47.46    0.10        0.21   3607200
793   2021-08-04  47.51  47.66  47.01  47.36   -0.10       -0.21   2818400
794   2021-08-05  47.16  48.05  47.01  47.85    0.49        1.03   2485600
795   2021-08-06  47.95  48.15  47.46  47.85    0.00        0.00   3413900
796   2021-08-09  48.05  48.40  47.51  48.30    0.45        0.94   2934500
797   2021-08-10  48.70  48.75  48.35  48.45    0.15        0.31   2680700
798   2021-08-11  48.40  48.45  47.61  47.61   -0.84       -1.73   4883200
799   2021-08-12  47.46  47.56  46.27  46.47   -1.14       -2.39   8399400
800   2021-08-13  46.12  47.06  46.07  47.06    0.59        1.27   3618700
801   2021-08-16  47.56  47.66  47.26  47.36    0.30        0.64   1906800
802   2021-08-17  47.11  47.36  46.81  46.96   -0.40       -0.84   2801700
803   2021-08-18  46.96  47.51  46.96  47.06    0.10        0.21   1951000
804   2021-08-19  47.56  47.56  46.96  47.31    0.25        0.53   2721600
805   2021-08-20  47.31  47.41  45.61  46.46   -0.85       -1.80   4349300
806   2021-08-23  46.31  46.31  45.56  45.56   -0.90       -1.94   3436600
807   2021-08-24  45.81  46.06  45.01  46.01    0.45        0.99   3081500
808   2021-08-25  46.26  46.26  45.56  46.01    0.00        0.00   1344000
809   2021-08-26  46.06  46.51  45.66  45.76   -0.25       -0.54   1758700
810   2021-08-27  45.56  46.06  45.36  46.06    0.30        0.66   1896200
811   2021-08-30  46.56  46.56  46.11  46.16    0.10        0.22   1494800
812   2021-08-31  46.21  46.66  46.06  46.26    0.10        0.22   1952500
813   2021-09-01  46.11  46.56  46.11  46.26    0.00        0.00   1353300
814   2021-09-06  46.26  47.51  46.21  47.51    1.25        2.70   3124600
815   2021-09-07  47.71  47.71  46.81  46.81   -0.70       -1.47   2290600
816   2021-09-08  46.81  47.16  46.46  46.61   -0.20       -0.43   1453800
817   2021-09-09  46.61  47.01  46.46  46.66    0.05        0.11   1393700
818   2021-09-10  46.76  47.26  46.76  46.81    0.15        0.32   1440100
819   2021-09-13  46.86  47.06  46.51  46.56   -0.25       -0.53   1600000
820   2021-09-14  46.71  47.41  46.56  46.96    0.40        0.86   2523200
821   2021-09-15  46.96  47.26  46.71  47.11    0.15        0.32   1690100
822   2021-09-16  47.26  47.56  47.16  47.41    0.30        0.64   1924700
823   2021-09-17  47.81  48.56  47.76  47.91    0.50        1.05   3325700
824   2021-09-20  48.06  48.16  47.11  47.26   -0.65       -1.36   2526100
825   2021-09-21  46.76  47.06  46.31  46.81   -0.45       -0.95   2697100
826   2021-09-22  46.66  46.76  46.41  46.66   -0.15       -0.32   2027200
827   2021-09-23  46.66  46.96  46.56  46.61   -0.05       -0.11   1394200
828   2021-09-24  46.66  46.66  46.41  46.41   -0.20       -0.43   1449000
829   2021-09-27  46.51  46.81  46.11  46.11   -0.30       -0.65   1546100
830   2021-09-28  45.91  46.56  45.81  46.56    0.45        0.98   1393500
831   2021-09-29  46.56  46.76  46.21  46.66    0.10        0.21   1177400
832   2021-09-30  46.81  47.01  46.56  46.56   -0.10       -0.21    996900
833   2021-10-01  46.51  46.61  46.31  46.51   -0.05       -0.11   1055400
834   2021-10-04  46.56  47.66  46.26  47.36    0.85        1.83   2277800
835   2021-10-05  47.56  48.06  47.26  47.26   -0.10       -0.21   1392800
836   2021-10-06  47.31  47.41  46.91  47.26    0.00        0.00   1571300
837   2021-10-07  47.51  47.56  47.11  47.21   -0.05       -0.11   1497000
838   2021-10-08  47.56  49.82  47.26  49.52    2.31        4.89   8305600
839   2021-10-11  49.56  49.72  49.22  49.66    0.14        0.28   2295500
840   2021-10-12  49.66  49.66  49.32  49.56   -0.10       -0.20   1125300
841   2021-10-13  49.56  50.82  49.32  49.76    0.20        0.40   3232500
842   2021-10-14  49.76  50.07  49.26  49.46   -0.30       -0.60   1824200
843   2021-10-15  49.76  50.12  49.26  49.52    0.06        0.12   1702500
844   2021-10-18  49.56  50.07  49.36  49.56    0.04        0.08   2264100
845   2021-10-19  49.56  49.82  49.36  49.36   -0.20       -0.40   1534300
846   2021-10-20  49.42  49.82  48.36  48.86   -0.50       -1.01   2248600
847   2021-10-21  49.26  49.32  48.41  48.41   -0.45       -0.92   2283600
848   2021-10-22  48.56  48.76  48.11  48.16   -0.25       -0.52   2023400
849   2021-10-25  48.16  48.16  47.51  47.51   -0.65       -1.35   2938500
850   2021-10-26  47.56  48.51  47.21  48.51    1.00        2.10   1855700
851   2021-10-27  48.46  49.16  48.31  49.16    0.65        1.34   2326700
852   2021-10-28  49.16  49.26  48.66  49.06   -0.10       -0.20   1644700
853   2021-10-29  49.06  49.06  48.51  48.51   -0.55       -1.12   2382700
854   2021-11-01  48.76  48.76  47.86  47.96   -0.55       -1.13   2855800
855   2021-11-02  47.81  48.56  47.81  48.11    0.15        0.31   2109100
856   2021-11-03  48.16  48.41  47.66  48.11    0.00        0.00   2680100
857   2021-11-04  48.11  48.46  47.91  48.06   -0.05       -0.10   1761300
858   2021-11-05  48.16  48.96  48.06  48.86    0.80        1.66   2169900
859   2021-11-08  48.86  49.32  48.71  48.76   -0.10       -0.20   1687900
860   2021-11-09  48.81  48.86  48.06  48.26   -0.50       -1.03   1845900
861   2021-11-10  48.26  48.56  48.01  48.56    0.30        0.62   1592400
862   2021-11-11  48.56  49.06  47.96  48.06   -0.50       -1.03   2122200
863   2021-11-12  48.16  49.16  48.01  49.06    1.00        2.08   2240300
864   2021-11-15  49.32  49.32  48.71  48.71   -0.35       -0.71   1908900
865   2021-11-16  48.71  49.82  48.46  49.22    0.51        1.05   3506200
866   2021-11-17  49.22  49.26  49.06  49.22    0.00        0.00   1186200
867   2021-11-18  49.22  49.42  48.31  48.31   -0.91       -1.85   2005000
868   2021-11-19  48.81  48.96  47.61  47.71   -0.60       -1.24   2481300
869   2021-11-22  47.81  48.06  47.56  47.56   -0.15       -0.31   1670100
870   2021-11-23  47.56  48.36  47.51  48.36    0.80        1.68   1150800
871   2021-11-24  48.41  49.26  48.26  49.01    0.65        1.34   2445600
872   2021-11-25  49.32  50.97  49.22  50.07    1.06        2.16   5487400
873   2021-11-26  50.12  50.47  49.46  49.52   -0.55       -1.10   1996200
874   2021-11-29  48.81  49.52  48.81  49.12   -0.40       -0.81   1993000
875   2021-11-30  49.12  49.32  48.56  48.61   -0.51       -1.04   2563100
876   2021-12-01  48.81  49.36  48.41  49.16    0.55        1.13   1254900
877   2021-12-02  48.86  49.22  48.66  48.66   -0.50       -1.02    952900
878   2021-12-03  48.96  48.96  47.81  47.81   -0.85       -1.75   2009700
879   2021-12-06  47.81  48.31  47.16  47.31   -0.50       -1.05   2393800
880   2021-12-07  47.56  48.06  47.31  48.06    0.75        1.59   1451000
881   2021-12-08  48.31  48.31  47.56  47.86   -0.20       -0.42   1064800
882   2021-12-09  47.61  48.56  47.61  48.56    0.70        1.46    993100
883   2021-12-10  48.26  48.56  47.76  47.96   -0.60       -1.24   1160000
884   2021-12-13  48.31  48.31  47.86  48.06    0.10        0.21    900200
885   2021-12-14  48.06  48.26  47.76  47.91   -0.15       -0.31   1144500
886   2021-12-15  47.91  48.21  47.86  48.01    0.10        0.21    808400
887   2021-12-16  48.81  48.81  47.81  47.81   -0.20       -0.42   1245000
888   2021-12-17  47.86  48.56  47.81  48.26    0.45        0.94   1152100
889   2021-12-20  48.31  48.31  47.81  47.96   -0.30       -0.62   1019800
890   2021-12-21  47.91  48.01  47.61  47.66   -0.30       -0.63   1112300
891   2021-12-22  47.56  47.76  47.36  47.56   -0.10       -0.21   1670500
892   2021-12-23  47.56  47.56  46.56  46.66   -0.90       -1.89   1930300
893   2021-12-24  46.81  47.31  46.46  46.96    0.30        0.64   1186700
894   2021-12-27  47.16  47.56  46.71  47.31    0.35        0.75    793700
895   2021-12-28  47.31  47.51  47.11  47.31    0.00        0.00    567300
896   2021-12-29  47.46  47.46  46.86  46.86   -0.45       -0.95    912200
897   2021-12-30  46.91  47.21  46.81  46.86    0.00        0.00    810800
898   2021-12-31  46.96  47.26  46.56  46.56   -0.30       -0.64   1607400
899   2022-01-04  46.76  47.16  46.71  46.81    0.25        0.54   1935000
900   2022-01-05  46.91  47.16  46.81  46.86    0.05        0.11   1193800
901   2022-01-06  46.86  47.06  46.81  46.81   -0.05       -0.11   1192400
902   2022-01-07  46.61  46.91  46.61  46.76   -0.05       -0.11   1016800
903   2022-01-10  46.66  46.81  46.01  46.06   -0.70       -1.50   1882400
904   2022-01-11  46.06  46.16  44.61  44.81   -1.25       -2.71   2509300
905   2022-01-12  44.61  45.36  44.31  44.86    0.05        0.11   1740700
906   2022-01-13  45.51  46.41  44.96  46.11    1.25        2.79   1811800
907   2022-01-14  45.91  46.11  45.51  45.71   -0.40       -0.87    686700
908   2022-01-17  45.31  45.71  44.56  44.56   -1.15       -2.52   1568400
909   2022-01-18  44.21  44.86  44.06  44.11   -0.45       -1.01   1209900
910   2022-01-19  44.11  44.66  44.06  44.21    0.10        0.23    744900
911   2022-01-20  44.26  45.56  44.21  44.46    0.25        0.57   1334600
912   2022-01-21  44.56  44.96  44.16  44.16   -0.30       -0.67    841200
913   2022-01-24  44.16  44.31  42.56  42.71   -1.45       -3.28   2024200
914   2022-01-25  42.66  43.81  42.06  43.31    0.60        1.40   1192600
915   2022-01-26  43.56  43.56  42.81  43.06   -0.25       -0.58    913600
916   2022-01-27  43.06  43.41  42.76  43.01   -0.05       -0.12    719600
917   2022-01-28  43.06  44.81  43.01  44.81    1.80        4.19   1552300
918   2022-02-07  45.06  45.11  44.56  44.81    0.00        0.00    518400
919   2022-02-08  44.81  45.96  44.81  45.36    0.55        1.23    845100
920   2022-02-09  45.91  45.91  45.36  45.41    0.05        0.11   1142700
921   2022-02-10  45.76  46.06  45.16  46.06    0.65        1.43    974900
922   2022-02-11  45.96  46.26  45.76  45.86   -0.20       -0.43    641600
923   2022-02-14  45.56  45.86  45.26  45.56   -0.30       -0.65    774100
924   2022-02-15  45.56  45.91  45.31  45.61    0.05        0.11    655400
925   2022-02-16  45.91  46.31  45.71  45.71    0.10        0.22    614200
926   2022-02-17  46.01  46.46  45.56  46.46    0.75        1.64    853700
927   2022-02-18  46.21  46.31  45.91  46.16   -0.30       -0.65    618800
928   2022-02-21  46.16  47.06  46.06  46.81    0.65        1.41   1386000
929   2022-02-22  46.56  46.71  46.06  46.51   -0.30       -0.64   1158200
930   2022-02-23  46.36  47.01  46.36  46.56    0.05        0.11    973800
931   2022-02-24  46.56  46.81  45.06  46.06   -0.50       -1.07   1349600
932   2022-02-25  46.26  46.76  46.11  46.21    0.15        0.33   1059900
933   2022-02-28  46.21  46.81  46.21  46.71    0.50        1.08   1504600
934   2022-03-01  47.06  47.06  46.31  46.76    0.05        0.11   1101900
935   2022-03-02  46.56  46.76  46.41  46.61   -0.15       -0.32   1088900
936   2022-03-03  46.66  47.06  46.66  46.76    0.15        0.32    957600
937   2022-03-04  46.71  46.96  46.56  46.81    0.05        0.11   1343800
938   2022-03-07  46.61  47.01  46.16  46.96    0.15        0.32   1698000
939   2022-03-08  46.96  47.76  46.36  47.46    0.50        1.06   2227500
940   2022-03-09  47.36  48.31  47.36  47.81    0.35        0.74   2204000
941   2022-03-10  48.21  48.21  47.36  47.36   -0.45       -0.94    778700
942   2022-03-11  47.31  47.36  46.41  46.66   -0.70       -1.48   1139000
943   2022-03-14  46.56  46.56  45.31  45.96   -0.70       -1.50   1943000
944   2022-03-15  45.96  45.96  44.96  45.56   -0.40       -0.87   1872000
945   2022-03-16  45.61  46.21  45.31  45.86    0.30        0.66   1139600
946   2022-03-17  45.96  46.41  45.81  46.06    0.20        0.44   1180600
947   2022-03-18  46.56  48.36  46.56  47.61    1.55        3.37   2815100
948   2022-03-21  47.66  48.06  47.56  47.71    0.10        0.21   1560700
949   2022-03-22  48.06  48.56  47.76  48.26    0.55        1.15   2079200
950   2022-03-23  48.31  48.81  48.06  48.31    0.05        0.10   1975800
951   2022-03-24  48.06  48.66  47.71  48.06   -0.25       -0.52   1823700
952   2022-03-25  48.11  48.31  47.86  47.91   -0.15       -0.31   1228100
953   2022-03-28  47.81  49.42  47.66  49.12    1.21        2.53   3501600
954   2022-03-29  49.36  52.52  49.36  52.52    3.40        6.92   8224300
955   2022-03-30  52.97  53.72  52.32  53.07    0.55        1.05   2830700
956   2022-03-31  52.82  55.37  52.37  53.57    0.50        0.94   3472300
957   2022-04-01  53.52  55.57  53.12  55.57    2.00        3.73   4317300
958   2022-04-04  56.82  56.82  54.72  54.72   -0.85       -1.53   2687800
959   2022-04-05  54.62  55.87  54.57  54.57   -0.15       -0.27   1863900
960   2022-04-06  54.27  57.08  54.27  56.57    2.00        3.67   4179000
961   2022-04-07  56.92  58.53  56.12  56.72    0.15        0.27   3915200
962   2022-04-08  56.72  57.02  54.32  54.32   -2.40       -4.23   4069700
963   2022-04-12  54.57  55.82  53.37  54.97    0.65        1.20   3162100
964   2022-04-13  55.07  57.63  54.97  57.63    2.66        4.84   3322800
965   2022-04-14  57.68  59.53  57.68  58.38    0.75        1.30   3529400
966   2022-04-15  57.63  59.03  57.08  57.58   -0.80       -1.37   3121400
967   2022-04-18  57.58  59.38  57.08  57.83    0.25        0.43   3356100
968   2022-04-19  58.33  58.58  56.07  56.07   -1.76       -3.04   4731000
969   2022-04-20  56.07  56.57  54.87  56.07    0.00        0.00   3295000
970   2022-04-21  55.67  58.03  55.67  56.07    0.00        0.00   4068500
971   2022-04-22  56.32  57.02  53.07  55.62   -0.45       -0.80   5708900
972   2022-04-25  55.12  55.52  51.77  51.77   -3.85       -6.92   4605900
973   2022-04-26  50.17  52.57  48.56  52.22    0.45        0.87   5431400
974   2022-04-27  51.32  52.07  50.32  51.57   -0.65       -1.24   2529700
975   2022-04-28  51.52  53.47  51.32  52.82    1.25        2.42   2530400
976   2022-04-29  52.57  53.62  52.17  52.57   -0.25       -0.47   3991500
977   2022-05-04  52.52  53.02  52.12  52.32   -0.25       -0.48   1598400
978   2022-05-05  52.37  52.82  51.02  52.42    0.10        0.19   2194900
979   2022-05-06  51.22  52.07  50.17  50.17   -2.25       -4.29   2430900
980   2022-05-09  49.22  49.56  47.06  47.06   -3.11       -6.20   4499100
981   2022-05-10  47.06  49.46  46.06  49.26    2.20        4.67   2816700
982   2022-05-11  49.06  51.02  48.46  51.02    1.76        3.57   1667700
983   2022-05-12  49.72  51.02  47.56  47.86   -3.16       -6.19   2591500
984   2022-05-13  48.11  49.56  46.61  46.86   -1.00       -2.09   4103700
985   2022-05-16  48.81  48.81  46.66  46.66   -0.20       -0.43   1740900
986   2022-05-17  46.56  49.92  46.31  49.92    3.26        6.99   2045800
987   2022-05-18  49.92  50.12  48.81  48.91   -1.01       -2.02   1934400
988   2022-05-19  47.61  48.91  47.61  48.56   -0.35       -0.72   1228600
989   2022-05-20  48.91  49.52  48.56  48.81    0.25        0.51   1410400
990   2022-05-23  49.16  49.16  48.11  48.31   -0.50       -1.02   1136900
991   2022-05-24  48.31  49.16  48.06  49.16    0.85        1.76   1384700
992   2022-05-25  49.82  52.57  49.42  52.57    3.41        6.94   3770800
993   2022-05-26  52.67  53.62  52.37  52.87    0.30        0.57   1426400
994   2022-05-27  52.87  56.07  52.82  55.97    3.10        5.86   3878400
995   2022-05-30  55.62  56.27  54.67  55.72   -0.25       -0.45   2496900
996   2022-05-31  55.72  55.72  53.82  55.02   -0.70       -1.26   2157000
997   2022-06-01  55.02  56.52  54.97  55.97    0.95        1.73   2036500
998   2022-06-02  56.47  57.48  55.62  55.82   -0.15       -0.27   2292800
999   2022-06-03  55.82  57.08  55.52  57.08    1.26        2.26   1755900
1000  2022-06-06  57.08  58.08  56.07  56.57   -0.51       -0.89   2558200
1001  2022-06-07  56.42  57.88  54.37  57.88    1.31        2.32   3908000
1002  2022-06-08  58.23  58.88  57.32  57.58   -0.30       -0.52   2660400
1003  2022-06-09  57.83  58.03  56.72  57.73    0.15        0.26   1706300
1004  2022-06-10  56.78  57.42  55.07  55.07   -2.66       -4.61   2972500
1005  2022-06-13  53.37  55.07  52.16  52.28   -2.79       -5.07   3393300
1006  2022-06-14  52.16  54.53  51.86  54.04    1.76        3.37   2308300
1007  2022-06-15  54.95  54.95  53.37  54.89    0.85        1.57   1762600
1008  2022-06-16  55.19  56.89  54.71  55.80    0.91        1.66   2517500
1009  2022-06-17  54.77  56.16  53.98  55.80    0.00        0.00   2321400
1010  2022-06-20  56.71  57.32  55.38  55.80    0.00        0.00   2483900
1011  2022-06-21  56.04  56.71  53.98  54.04   -1.76       -3.15   2460200
1012  2022-06-22  54.47  54.83  51.19  51.25   -2.79       -5.16   2971400
1013  2022-06-23  50.95  52.65  50.77  51.86    0.61        1.19   2022500
1014  2022-06-24  52.22  53.25  51.86  51.86    0.00        0.00    902400
1015  2022-06-27  52.40  53.31  52.10  52.46    0.60        1.16   1254800
1016  2022-06-28  54.28  54.71  52.89  54.40    1.94        3.70   2296600
1017  2022-06-29  53.92  54.59  53.50  54.59    0.19        0.35   1182600
1018  2022-06-30  54.28  54.53  52.28  52.28   -2.31       -4.23   1506500
1019  2022-07-01  52.77  53.86  51.43  53.37    1.09        2.08   1696500
1020  2022-07-04  53.68  53.68  52.16  52.59   -0.78       -1.46   1005500
1021  2022-07-05  53.25  53.25  51.80  51.80   -0.79       -1.50   1395600
1022  2022-07-06  51.01  52.10  50.64  50.64   -1.16       -2.24   2232400
1023  2022-07-07  50.89  51.31  50.40  50.40   -0.24       -0.47   1286300
1024  2022-07-08  50.89  50.95  50.40  50.70    0.30        0.60    910400
1025  2022-07-11  51.31  51.31  50.22  50.22   -0.48       -0.95    998100
1026  2022-07-12  50.22  50.64  50.16  50.64    0.42        0.84    602800
1027  2022-07-13  50.95  50.95  50.04  50.04   -0.60       -1.18   1140700
1028  2022-07-14  50.22  50.64  49.86  50.22    0.18        0.36    891300
1029  2022-07-15  50.95  50.95  49.86  49.86   -0.36       -0.72   1382300
1030  2022-07-18  50.22  51.25  49.92  50.34    0.48        0.96   1264900
1031  2022-07-19  50.28  50.34  49.86  50.34    0.00        0.00   1185400
1032  2022-07-20  51.56  52.10  50.95  51.49    1.15        2.28   2848900
1033  2022-07-21  52.10  52.10  51.25  51.56    0.07        0.14   1804200
1034  2022-07-22  52.40  52.46  51.62  51.62    0.06        0.12   1307200
1035  2022-07-25  52.77  52.77  51.62  51.80    0.18        0.35   2245900
1036  2022-07-26  52.16  52.16  51.43  51.43   -0.37       -0.71   1128800
1037  2022-07-27  51.31  51.68  51.19  51.68    0.25        0.49    771100
1038  2022-07-28  51.68  52.04  50.40  51.49   -0.19       -0.37   1664800
1039  2022-07-29  51.62  51.68  50.64  50.64   -0.85       -1.65   1941800
1040  2022-08-01  50.95  51.07  50.40  50.95    0.31        0.61   1815100
1041  2022-08-02  50.95  51.62  50.64  51.56    0.61        1.20   1879700
1042  2022-08-03  51.56  51.68  51.07  51.43   -0.13       -0.25   2249500
1043  2022-08-04  51.62  52.52  51.49  52.22    0.79        1.54   3046800
1044  2022-08-05  52.22  52.89  51.92  52.04   -0.18       -0.34   1773100
1045  2022-08-08  52.10  52.40  51.74  52.16    0.12        0.23   1586800
1046  2022-08-09  52.16  53.07  51.98  52.28    0.12        0.23   2320800
1047  2022-08-10  52.34  52.59  52.16  52.16   -0.12       -0.23   1121400
1048  2022-08-11  52.28  52.65  51.98  52.16    0.00        0.00   1852800
1049  2022-08-12  51.98  52.46  51.98  52.46    0.30        0.58   1243100
1050  2022-08-15  52.52  54.04  52.52  53.92    1.46        2.78   3085000
1051  2022-08-16  53.92  54.22  53.44  53.80   -0.12       -0.22   1382800
1052  2022-08-17  53.98  54.04  53.37  53.56   -0.24       -0.45   1506200
1053  2022-08-18  53.31  54.40  53.31  53.56    0.00        0.00   2552900
1054  2022-08-19  53.37  53.68  52.28  52.71   -0.85       -1.59   1957600
1055  2022-08-22  52.52  52.95  52.10  52.65   -0.06       -0.11   1634000
1056  2022-08-23  52.22  52.77  52.22  52.77    0.12        0.23   1085700
1057  2022-08-24  53.07  53.26  52.83  52.89    0.12        0.23   1008000
1058  2022-08-25  52.89  53.20  52.77  52.95    0.06        0.11   1143900
1059  2022-08-26  53.01  53.87  52.95  53.50    0.55        1.04   1936600
1060  2022-08-29  53.38  53.38  51.97  53.07   -0.43       -0.80   2228000
1061  2022-08-30  53.07  53.38  52.77  53.01   -0.06       -0.11   1153200
1062  2022-08-31  52.64  53.38  52.64  53.14    0.13        0.25   1173700
1063  2022-09-05  53.07  53.20  52.71  52.89   -0.25       -0.47   1020900
1064  2022-09-06  52.77  53.01  52.64  52.64   -0.25       -0.47   1171600
1065  2022-09-07  52.46  52.71  51.54  51.54   -1.10       -2.09   2236400
1066  2022-09-08  51.60  52.15  51.42  51.72    0.18        0.35   1135600
1067  2022-09-09  51.91  52.15  51.72  51.72    0.00        0.00   1145400
1068  2022-09-12  52.22  52.28  51.72  51.91    0.19        0.37    716000
1069  2022-09-13  52.15  52.34  51.72  51.91    0.00        0.00   1046400
1070  2022-09-14  51.23  51.85  51.23  51.54   -0.37       -0.71   1309200
1071  2022-09-15  51.85  51.85  51.36  51.36   -0.18       -0.35    780500
1072  2022-09-16  51.36  51.48  50.62  50.62   -0.74       -1.44   1360100
1073  2022-09-19  50.62  51.30  50.25  50.99    0.37        0.73   1783700
1074  2022-09-20  50.99  51.42  50.50  51.17    0.18        0.35    575000
1075  2022-09-21  51.11  51.11  50.50  50.50   -0.67       -1.31    775400
1076  2022-09-22  50.31  50.93  50.25  50.87    0.37        0.73   1172400
1077  2022-09-23  50.99  50.99  50.38  50.56   -0.31       -0.61    840600
1078  2022-09-26  50.01  50.31  49.27  50.01   -0.55       -1.09   1863600
1079  2022-09-27  50.31  50.31  49.39  49.39   -0.62       -1.24    932900
1080  2022-09-28  49.15  49.33  47.86  47.86   -1.53       -3.10   2048400
1081  2022-09-29  48.96  49.15  47.24  47.24   -0.62       -1.30   1303900
1082  2022-09-30  47.24  49.58  47.18  49.39    2.15        4.55   2109900
1083  2022-10-03  48.84  49.27  46.88  47.24   -2.15       -4.35   1245600
1084  2022-10-04  47.86  48.47  47.37  47.55    0.31        0.66   2040000
1085  2022-10-05  48.47  48.78  48.10  48.10    0.55        1.16    971900
1086  2022-10-06  48.41  48.41  46.94  46.94   -1.16       -2.41   1266700
1087  2022-10-07  46.76  46.76  45.40  45.40   -1.54       -3.28   2061000
1088  2022-10-10  45.10  46.32  44.24  45.40    0.00        0.00   1625600
1089  2022-10-11  45.40  45.40  43.56  43.56   -1.84       -4.05   1593600
1090  2022-10-12  43.56  44.98  43.56  44.42    0.86        1.97   1463100
1091  2022-10-13  44.30  44.79  43.87  44.79    0.37        0.83    829200
1092  2022-10-14  45.65  45.71  45.16  45.40    0.61        1.36    844200
1093  2022-10-17  45.10  45.34  44.55  45.28   -0.12       -0.26    707400
1094  2022-10-18  45.40  46.20  45.40  45.96    0.68        1.50    879000
1095  2022-10-19  45.96  46.76  45.83  46.32    0.36        0.78   1023700
1096  2022-10-20  46.51  48.17  46.20  47.74    1.42        3.07   1730300
1097  2022-10-21  47.68  47.68  45.34  45.34   -2.40       -5.03   1564900
1098  2022-10-24  45.34  45.71  43.56  43.62   -1.72       -3.79   1426100
1099  2022-10-25  43.81  45.71  43.62  44.91    1.29        2.96   1564600
1100  2022-10-26  45.71  45.71  44.61  45.28    0.37        0.82    625100
1101  2022-10-27  45.47  46.76  45.22  46.51    1.23        2.72    935900
1102  2022-10-28  46.82  46.82  45.83  46.02   -0.49       -1.05    875800
1103  2022-10-31  46.02  46.63  45.22  46.39    0.37        0.80   1084700
1104  2022-11-01  46.82  47.12  46.02  46.32   -0.07       -0.15    561500
1105  2022-11-02  46.14  46.63  45.40  45.40   -0.92       -1.99    978200
1106  2022-11-03  45.71  46.45  45.22  45.47    0.07        0.15    622400
1107  2022-11-04  45.40  45.40  43.87  44.73   -0.74       -1.63   1646800
1108  2022-11-07  44.55  45.40  44.55  44.55   -0.18       -0.40   1572400
1109  2022-11-08  43.87  45.34  43.81  44.98    0.43        0.97    945000
1110  2022-11-09  44.98  45.59  44.98  45.40    0.42        0.93    697700
1111  2022-11-10  45.10  45.22  42.40  44.79   -0.61       -1.34   1595200
1112  2022-11-11  44.85  45.16  44.18  44.67   -0.12       -0.27   1002900
1113  2022-11-14  44.18  44.42  42.95  43.44   -1.23       -2.75   1639000
1114  2022-11-15  42.95  42.95  40.44  40.44   -3.00       -6.91   3114900
1115  2022-11-16  37.61  42.95  37.61  42.52    2.08        5.14   3050400
1116  2022-11-17  42.52  44.18  39.58  43.56    1.04        2.45   1546300
1117  2022-11-18  43.01  44.18  42.46  43.87    0.31        0.71   1261700
1118  2022-11-21  42.64  44.06  42.64  43.01   -0.86       -1.96    840500
1119  2022-11-22  42.95  44.18  42.40  43.26    0.25        0.58   1176300
1120  2022-11-23  42.95  43.56  42.77  43.26    0.00        0.00    465900
1121  2022-11-24  42.83  43.56  42.58  43.26    0.00        0.00    788400
1122  2022-11-25  43.32  44.18  43.26  44.18    0.92        2.13   1267400
1123  2022-11-28  44.42  45.71  44.36  45.59    1.41        3.19   1146800
1124  2022-11-29  45.96  45.96  44.79  45.59    0.00        0.00   1143800
1125  2022-11-30  45.71  45.96  45.10  45.77    0.18        0.39    911500
1126  2022-12-01  46.08  46.51  45.47  45.83    0.06        0.13   1776500
1127  2022-12-02  45.83  47.68  45.40  47.49    1.66        3.62   2901400
1128  2022-12-05  47.86  48.47  47.49  48.04    0.55        1.16   1216400
1129  2022-12-06  48.04  48.41  46.63  46.63   -1.41       -2.94   1537700
1130  2022-12-07  46.57  47.00  45.90  46.94    0.31        0.66   1029400
1131  2022-12-08  47.18  48.35  46.39  47.24    0.30        0.64   1267300
1132  2022-12-09  46.82  47.86  46.76  47.86    0.62        1.31    987500
1133  2022-12-12  47.61  47.98  46.88  47.24   -0.62       -1.30   1213500
1134  2022-12-13  46.76  47.43  46.14  47.37    0.13        0.28    899700
1135  2022-12-14  47.37  47.55  46.69  46.82   -0.55       -1.16   1158000
1136  2022-12-15  46.88  47.92  46.88  47.68    0.86        1.84   1170500
1137  2022-12-16  47.24  47.86  46.88  47.80    0.12        0.25    910900
1138  2022-12-19  48.04  48.04  47.00  47.00   -0.80       -1.67   1026200
1139  2022-12-20  47.37  47.37  46.26  47.00    0.00        0.00    785800
1140  2022-12-21  47.37  47.49  46.45  47.37    0.37        0.79    544100
1141  2022-12-22  47.37  47.55  46.63  47.37    0.00        0.00    657800
1142  2022-12-23  46.88  47.86  46.76  47.86    0.49        1.03   1221000
1143  2022-12-26  47.68  47.92  46.88  46.88   -0.98       -2.05    832500
1144  2022-12-27  46.88  47.55  46.63  46.94    0.06        0.13    805200
1145  2022-12-28  47.24  47.24  46.63  47.06    0.12        0.26    589200
1146  2022-12-29  46.94  47.24  46.76  46.76   -0.30       -0.64    655300
1147  2022-12-30  46.76  47.18  46.63  47.18    0.42        0.90    628600
1148  2023-01-03  47.18  49.09  47.12  49.09    1.91        4.05   1535200
1149  2023-01-04  49.58  49.70  48.66  49.09    0.00        0.00    794300
1150  2023-01-05  49.21  50.01  49.21  49.45    0.36        0.73   1012600
1151  2023-01-06  49.33  49.76  49.21  49.27   -0.18       -0.36    719400
1152  2023-01-09  49.39  49.64  49.02  49.27    0.00        0.00    518900
1153  2023-01-10  49.52  49.88  49.21  49.33    0.06        0.12    752700
1154  2023-01-11  49.33  50.07  49.33  49.64    0.31        0.63   1076900
1155  2023-01-12  49.70  50.01  49.21  49.52   -0.12       -0.24    542500
1156  2023-01-13  49.39  49.82  49.09  49.09   -0.43       -0.87    628300
1157  2023-01-16  49.15  49.70  48.90  49.58    0.49        1.00    574500
1158  2023-01-17  49.82  50.31  49.70  50.31    0.73        1.47    978200
1159  2023-01-18  50.38  51.17  50.19  51.17    0.86        1.71    954600
1160  2023-01-19  50.93  51.66  50.87  51.48    0.31        0.61   1327200
1161  2023-01-27  51.60  52.46  51.54  51.54    0.06        0.12   1140700
1162  2023-01-30  51.66  51.79  51.36  51.36   -0.18       -0.35    891000
1163  2023-01-31  51.23  51.36  50.13  51.23   -0.13       -0.25   1529100
1164  2023-02-01  51.54  51.54  50.19  50.31   -0.92       -1.80   1048300
1165  2023-02-02  50.38  50.56  49.88  50.25   -0.06       -0.12   1325200
1166  2023-02-03  50.31  50.31  49.15  49.15   -1.10       -2.19   1729000
1167  2023-02-06  49.09  50.07  48.90  49.39    0.24        0.49    944400
1168  2023-02-07  49.39  50.25  49.39  49.52    0.13        0.26    750800
1169  2023-02-08  49.58  50.13  49.45  49.82    0.30        0.61    669700
1170  2023-02-09  49.70  50.07  49.52  49.52   -0.30       -0.60    743000
1171  2023-02-10  49.76  49.82  49.39  49.52    0.00        0.00    725000
1172  2023-02-13  49.52  49.82  49.09  49.52    0.00        0.00    613200
1173  2023-02-14  49.52  49.70  49.21  49.58    0.06        0.12    619700
1174  2023-02-15  49.39  50.25  49.27  50.07    0.49        0.99    645200
1175  2023-02-16  50.07  50.31  49.52  50.07    0.00        0.00    424200
1176  2023-02-17  49.82  50.07  49.70  50.07    0.00        0.00    467600
1177  2023-02-20  50.07  50.93  49.94  50.80    0.73        1.46   1275100
1178  2023-02-21  50.80  51.36  50.68  50.80    0.00        0.00    840000
1179  2023-02-22  50.50  50.62  50.19  50.19   -0.61       -1.20    747200
1180  2023-02-23  50.13  50.13  49.45  49.94   -0.25       -0.50   1160500
1181  2023-02-24  49.76  49.88  49.33  49.58   -0.36       -0.72    559200
1182  2023-02-27  49.09  49.39  49.02  49.27   -0.31       -0.63   1015400
1183  2023-02-28  49.09  49.52  48.78  49.39    0.12        0.24    524300
1184  2023-03-01  48.78  49.39  48.29  49.39    0.00        0.00   1376400
1185  2023-03-02  49.09  49.39  48.96  49.09   -0.30       -0.61    430800
1186  2023-03-03  48.66  49.09  48.17  48.17   -0.92       -1.87    740800
1187  2023-03-06  47.92  48.96  47.92  47.98   -0.19       -0.39    817200
1188  2023-03-07  48.53  49.02  48.35  48.35    0.37        0.77    792000
1189  2023-03-08  48.17  48.78  48.17  48.78    0.43        0.89    510600
1190  2023-03-09  48.78  49.52  48.60  49.45    0.67        1.37    640300
1191  2023-03-10  49.21  49.33  48.47  48.78   -0.67       -1.35    640900
1192  2023-03-13  47.92  48.72  47.92  48.41   -0.37       -0.76    886500
1193  2023-03-14  48.47  48.53  48.17  48.29   -0.12       -0.25    427400
1194  2023-03-15  48.53  49.39  48.53  49.39    1.10        2.28    691800
1195  2023-03-16  49.09  49.09  48.10  48.60   -0.79       -1.60    850000
1196  2023-03-17  48.84  49.09  48.23  48.47   -0.13       -0.27    429400
1197  2023-03-20  48.53  48.66  47.61  47.61   -0.86       -1.77    769800
1198  2023-03-21  48.23  48.29  47.31  47.92    0.31        0.65    536200
1199  2023-03-22  47.98  48.23  47.61  48.17    0.25        0.52    610400
1200  2023-03-23  48.10  48.17  47.61  47.86   -0.31       -0.64    356600
1201  2023-03-24  48.04  48.35  47.86  48.23    0.37        0.77    366700
1202  2023-03-27  48.41  48.60  48.17  48.53    0.30        0.62    767200
1203  2023-03-28  48.60  48.60  47.55  48.60    0.07        0.14   1000400
1204  2023-03-29  48.60  48.66  48.23  48.47   -0.13       -0.27    404500
1205  2023-03-30  48.47  48.66  48.35  48.53    0.06        0.12    408400
1206  2023-03-31  48.53  48.78  48.47  48.53    0.00        0.00    671600
1207  2023-04-03  48.72  49.64  48.53  49.64    1.11        2.29   1170200
1208  2023-04-04  49.64  49.70  49.09  49.39   -0.25       -0.50    584600
1209  2023-04-05  49.39  49.45  48.90  49.45    0.06        0.12    422000
1210  2023-04-06  49.52  50.01  49.27  49.27   -0.18       -0.36    612900
1211  2023-04-07  49.21  49.52  49.09  49.39    0.12        0.24    359800
1212  2023-04-10  49.70  49.70  49.15  49.27   -0.12       -0.24    769800
1213  2023-04-11  49.21  49.39  49.15  49.27    0.00        0.00    534000
1214  2023-04-12  49.27  49.39  49.02  49.27    0.00        0.00    574700
1215  2023-04-13  49.27  49.33  48.66  48.84   -0.43       -0.87    540500
1216  2023-04-14  49.02  49.15  48.66  48.84    0.00        0.00    398800
1217  2023-04-17  48.84  48.90  48.47  48.84    0.00        0.00    449900
1218  2023-04-18  48.84  49.09  48.60  48.72   -0.12       -0.25    301600
1219  2023-04-19  48.96  48.96  48.66  48.66   -0.06       -0.12    419800
1220  2023-04-20  48.96  48.96  48.60  48.72    0.06        0.12    364400
1221  2023-04-21  49.09  49.09  48.66  48.66   -0.06       -0.12    324000
1222  2023-04-24  48.78  49.45  48.47  48.53   -0.13       -0.27    794500
1223  2023-04-25  48.53  48.66  48.04  48.10   -0.43       -0.89    540000
1224  2023-04-26  47.92  48.10  47.61  48.04   -0.06       -0.12    772000
1225  2023-04-27  47.92  48.35  47.92  48.04    0.00        0.00    221000
1226  2023-04-28  48.35  48.35  47.55  47.55   -0.49       -1.02    945600
1227  2023-05-04  47.74  48.29  47.61  48.17    0.62        1.30    497200
1228  2023-05-05  48.23  48.23  47.98  48.10   -0.07       -0.15    319200
1229  2023-05-08  48.17  48.41  48.10  48.17    0.07        0.15    362900
1230  2023-05-09  48.23  48.96  48.23  48.41    0.24        0.50    605900
1231  2023-05-10  48.47  48.84  48.47  48.47    0.06        0.12    632500
1232  2023-05-11  48.53  48.84  48.47  48.53    0.06        0.12    475900
1233  2023-05-12  48.66  49.45  48.35  49.39    0.86        1.77   1083100
1234  2023-05-15  49.94  50.19  49.58  49.70    0.31        0.63    934700
1235  2023-05-16  49.70  50.13  49.58  50.01    0.31        0.62    766500
1236  2023-05-17  50.25  50.74  49.76  50.01    0.00        0.00    976200
1237  2023-05-18  50.19  50.93  49.94  50.87    0.86        1.72   1549800
1238  2023-05-19  50.93  51.11  50.19  50.80   -0.07       -0.14   1073600
1239  2023-05-22  50.80  50.80  50.31  50.62   -0.18       -0.35    561000
1240  2023-05-23  50.62  50.62  49.94  50.31   -0.31       -0.61    656500
1241  2023-05-24  50.31  50.38  49.76  49.88   -0.43       -0.85    464300
1242  2023-05-25  49.82  51.17  49.70  51.05    1.17        2.35   1341300
1243  2023-05-26  50.99  51.17  50.50  50.99   -0.06       -0.12    864400
1244  2023-05-29  51.23  51.36  50.87  50.99    0.00        0.00    879600
1245  2023-05-30  50.93  52.09  50.87  51.54    0.55        1.08   1659100
1246  2023-05-31  51.66  51.66  50.99  51.60    0.06        0.12    839400
1247  2023-06-01  51.54  51.54  50.99  51.23   -0.37       -0.72    537300
1248  2023-06-02  51.23  51.72  50.99  51.42    0.19        0.37    735900
1249  2023-06-05  51.48  52.28  51.42  52.15    0.73        1.42   1425500
1250  2023-06-06  52.34  52.34  51.97  52.34    0.19        0.36    514000
1251  2023-06-07  52.15  52.40  51.72  52.15   -0.19       -0.36    705800
1252  2023-06-08  51.97  52.09  51.23  51.30   -0.85       -1.63   1244500
1253  2023-06-09  51.72  51.97  51.36  51.91    0.61        1.19    680200
1254  2023-06-12  51.85  52.09  51.30  52.09    0.18        0.35    519700
1255  2023-06-13  51.79  52.09  51.72  51.79   -0.30       -0.58    466800
1256  2023-06-14  51.72  52.03  51.60  51.66   -0.13       -0.25    658600
1257  2023-06-15  51.66  51.79  51.30  51.60   -0.06       -0.12    798600
1258  2023-06-16  51.60  52.89  51.17  51.85    0.25        0.48   2231500
1259  2023-06-19  51.97  52.46  51.85  51.97    0.12        0.23    663200
1260  2023-06-20  52.15  52.64  51.97  52.46    0.49        0.94    944500
1261  2023-06-21  52.46  53.01  52.40  52.64    0.18        0.34    705800
1262  2023-06-22  52.83  53.07  51.97  52.46   -0.18       -0.34   1019700
1263  2023-06-23  52.52  52.52  52.03  52.22   -0.24       -0.46    822000
1264  2023-06-26  52.22  52.64  51.91  52.64    0.42        0.80    859400
1265  2023-06-27  52.77  53.56  52.77  53.56    0.92        1.75   1540400
1266  2023-06-28  53.63  53.87  53.38  53.38   -0.18       -0.34    964900
1267  2023-06-29  53.38  53.44  53.07  53.07   -0.31       -0.58    562400
1268  2023-06-30  53.07  53.14  52.77  52.77   -0.30       -0.57    733500
1269  2023-07-03  53.07  53.26  52.77  53.01    0.24        0.45   1039600
1270  2023-07-04  53.01  53.38  52.89  53.38    0.37        0.70   1328100
1271  2023-07-05  53.60  54.59  53.38  53.38    0.00        0.00   1787300
1272  2023-07-06  53.38  53.67  52.81  53.24   -0.14       -0.26   1517000
1273  2023-07-07  52.95  53.88  52.95  53.74    0.50        0.94    896300
1274  2023-07-10  53.74  54.17  53.45  53.74    0.00        0.00   1154300
1275  2023-07-11  53.74  53.81  53.52  53.52   -0.22       -0.41   1091300
1276  2023-07-12  53.52  54.02  53.45  53.74    0.22        0.41    904900
1277  2023-07-13  54.10  54.10  53.81  54.10    0.36        0.67   1252400
1278  2023-07-14  54.88  55.88  54.31  55.88    1.78        3.29   2822800
1279  2023-07-17  56.38  56.52  56.02  56.38    0.50        0.89   1153300
1280  2023-07-18  56.38  56.38  55.74  56.16   -0.22       -0.39    718300
1281  2023-07-19  56.02  56.31  55.88  56.02   -0.14       -0.25    708600
1282  2023-07-20  56.09  58.02  56.02  57.31    1.29        2.30   2294300
1283  2023-07-21  56.88  57.81  56.81  57.81    0.50        0.87   1273600
1284  2023-07-24  57.81  58.02  57.52  57.81    0.00        0.00   1172700
1285  2023-07-25  57.81  58.66  57.81  58.02    0.21        0.36   1056900
1286  2023-07-26  57.95  59.02  57.88  59.02    1.00        1.72   1270800
1287  2023-07-27  59.09  60.23  59.09  59.73    0.71        1.20   1417700
1288  2023-07-28  59.59  60.23  59.30  60.23    0.50        0.84    898400
1289  2023-07-31  60.45  61.23  60.23  61.09    0.86        1.43   1471500
1290  2023-08-01  61.09  61.59  60.30  60.30   -0.79       -1.29   1287300
1291  2023-08-02  60.30  60.52  59.59  59.59   -0.71       -1.18    996300
1292  2023-08-03  59.80  60.09  59.16  59.73    0.14        0.23    907900
1293  2023-08-04  59.95  60.30  59.45  59.45   -0.28       -0.47   1618900
1294  2023-08-07  59.66  60.30  59.45  60.30    0.85        1.43    752500
1295  2023-08-08  59.95  60.38  59.80  60.09   -0.21       -0.35    636000
1296  2023-08-09  59.95  60.45  59.23  59.30   -0.79       -1.31    982700
1297  2023-08-10  59.30  59.45  58.66  58.66   -0.64       -1.08   1343300
1298  2023-08-11  58.52  59.23  58.16  58.52   -0.14       -0.24   1142900
1299  2023-08-14  58.59  59.38  58.52  58.95    0.43        0.73   1014100
1300  2023-08-15  58.95  60.16  58.16  59.95    1.00        1.70   1675600
1301  2023-08-16  59.38  60.80  59.38  60.73    0.78        1.30   2595400
1302  2023-08-17  60.66  62.23  60.66  61.37    0.64        1.05   3693800
1303  2023-08-18  61.09  62.73  60.16  61.02   -0.35       -0.57   4243700
1304  2023-08-21  61.30  61.87  61.02  61.30    0.28        0.46   2452800
1305  2023-08-22  61.59  61.73  59.23  61.73    0.43        0.70   2330300
1306  2023-08-23  61.66  61.94  60.45  61.73    0.00        0.00   1418500
1307  2023-08-24  61.73  65.05  61.44  64.98    3.25        5.26   5251600
1308  2023-08-25  64.62  65.70  64.33  65.41    0.43        0.66   2791400
1309  2023-08-28  66.42  68.08  65.70  67.87    2.46        3.76   2950700
1310  2023-08-29  67.87  67.87  67.00  67.58   -0.29       -0.43   1547400
1311  2023-08-30  67.29  70.90  67.22  69.74    2.16        3.20   2360700
1312  2023-08-31  69.74  70.40  69.38  69.82    0.08        0.11   1403700
1313  2023-09-05  70.11  71.26  69.89  69.89    0.07        0.10   1439600
1314  2023-09-06  70.11  71.48  69.53  71.48    1.59        2.28   2491000
1315  2023-09-07  71.48  72.78  70.47  70.68   -0.80       -1.12   3249600
1316  2023-09-08  70.40  71.12  70.03  70.47   -0.21       -0.30   2115600
1317  2023-09-11  71.26  71.84  68.81  70.32   -0.15       -0.21   5149800
1318  2023-09-12  70.32  71.41  70.32  71.41    1.09        1.55   2680700
1319  2023-09-13  71.41  71.48  70.32  70.76   -0.65       -0.91   2889300
1320  2023-09-14  70.76  70.76  68.95  69.24   -1.52       -2.15   2319700
1321  2023-09-15  69.31  70.61  68.81  70.40    1.16        1.68   2134800
1322  2023-09-18  69.96  69.96  69.10  69.96   -0.44       -0.63   2026900
1323  2023-09-19  69.89  71.04  69.24  71.04    1.08        1.54   3583600
1324  2023-09-20  71.33  71.98  71.12  71.12    0.08        0.11   2444800
1325  2023-09-21  71.12  71.41  69.53  69.89   -1.23       -1.73   3419000
1326  2023-09-22  68.66  70.03  66.86  69.82   -0.07       -0.10   6861000
1327  2023-09-25  70.03  70.47  68.08  68.08   -1.74       -2.49   2097100
1328  2023-09-26  68.01  68.95  67.22  67.51   -0.57       -0.84   2154100
1329  2023-09-27  67.80  68.08  65.27  68.08    0.57        0.84   4510400
1330  2023-09-28  67.94  68.08  65.99  67.87   -0.21       -0.31   1764400
1331  2023-09-29  67.87  68.52  67.00  67.00   -0.87       -1.28   1635300
1332  2023-10-02  67.44  67.72  66.42  67.29    0.29        0.43   1137500
1333  2023-10-03  66.57  67.51  66.06  66.57   -0.72       -1.07   2006900
1334  2023-10-04  65.92  67.44  65.92  66.78    0.21        0.32   1591700
1335  2023-10-05  67.00  67.36  66.14  66.14   -0.64       -0.96   1369100
1336  2023-10-06  66.06  67.00  65.70  66.93    0.79        1.19   1147700
1337  2023-10-09  66.71  69.02  66.57  69.02    2.09        3.12   3657000
1338  2023-10-10  69.67  70.18  68.88  69.53    0.51        0.74   3255500
1339  2023-10-11  69.24  70.76  69.24  70.03    0.50        0.72   2358200
1340  2023-10-12  70.03  70.61  69.31  69.60   -0.43       -0.61   1881200
1341  2023-10-13  69.31  69.53  68.81  69.38   -0.22       -0.32   2362100
1342  2023-10-16  69.89  71.41  69.53  69.89    0.51        0.74   4974600
1343  2023-10-17  70.61  70.61  67.22  67.22   -2.67       -3.82   2420100
1344  2023-10-18  68.52  68.52  65.70  67.15   -0.07       -0.10   6142800
1345  2023-10-19  67.87  68.08  66.42  66.42   -0.73       -1.09   3029400
1346  2023-10-20  66.78  67.15  65.05  67.07    0.65        0.98   2863200
1347  2023-10-23  67.72  67.72  65.56  65.70   -1.37       -2.04   1971700
1348  2023-10-24  66.71  66.71  65.56  66.42    0.72        1.10   1612400
1349  2023-10-25  66.28  66.93  65.63  65.63   -0.79       -1.19   1836500
1350  2023-10-26  63.75  64.91  62.09  62.67   -2.96       -4.51   5909500
1351  2023-10-27  63.18  63.54  62.31  62.81    0.14        0.22   2034800
1352  2023-10-30  62.81  62.89  61.37  61.37   -1.44       -2.29   1869500
1353  2023-10-31  61.44  61.59  59.93  59.93   -1.44       -2.35   3087200
1354  2023-11-01  60.86  61.66  59.64  61.66    1.73        2.89   2175200
1355  2023-11-02  62.38  64.26  62.02  64.26    2.60        4.22   2204000
1356  2023-11-03  64.26  64.40  62.81  62.81   -1.45       -2.26   4842300
1357  2023-11-06  63.68  64.19  63.39  63.90    1.09        1.74   1210100
1358  2023-11-07  63.90  64.11  63.46  63.75   -0.15       -0.23   1340200
1359  2023-11-08  63.68  66.86  63.54  66.86    3.11        4.88   2943200
1360  2023-11-09  66.42  67.36  66.28  66.78   -0.08       -0.12   2110200
1361  2023-11-10  66.06  66.93  65.92  66.06   -0.72       -1.08   2406500
1362  2023-11-13  66.14  66.42  65.34  65.99   -0.07       -0.11   1532100
1363  2023-11-14  66.42  67.44  65.92  66.86    0.87        1.32   1997800
1364  2023-11-15  67.65  67.72  66.42  66.71   -0.15       -0.22   2417600
1365  2023-11-16  66.57  67.15  66.14  67.15    0.44        0.66   1906300
1366  2023-11-17  67.44  67.51  65.41  65.70   -1.45       -2.16   3567900
1367  2023-11-20  65.05  66.86  64.33  65.48   -0.22       -0.33   1656500
1368  2023-11-21  66.42  66.42  65.48  66.35    0.87        1.33   1460700
1369  2023-11-22  66.35  67.22  66.35  67.15    0.80        1.21   3271700
1370  2023-11-23  67.36  67.65  65.56  65.56   -1.59       -2.37   2165700
1371  2023-11-24  65.56  66.42  65.12  65.85    0.29        0.44   2248500
1372  2023-11-27  65.99  65.99  65.05  65.48   -0.37       -0.56   1659500
1373  2023-11-28  65.56  66.35  64.91  65.77    0.29        0.44   1090700
1374  2023-11-29  66.14  66.42  65.77  66.21    0.44        0.67    801500
1375  2023-11-30  65.99  67.65  65.92  66.35    0.14        0.21   1982400
1376  2023-12-01  66.57  67.07  65.92  66.71    0.36        0.54   1190800
1377  2023-12-04  66.86  67.87  66.86  67.58    0.87        1.30   3462300
1378  2023-12-05  67.72  69.17  67.65  68.45    0.87        1.29   3590200
1379  2023-12-06  68.59  68.88  67.94  68.59    0.14        0.20   1220700
1380  2023-12-07  68.66  68.81  67.00  68.08   -0.51       -0.74   3761200
1381  2023-12-08  68.08  68.66  67.51  68.01   -0.07       -0.10   1745800
1382  2023-12-11  68.95  69.10  68.30  68.59    0.58        0.85   1564500
1383  2023-12-12  68.88  69.89  68.81  69.89    1.30        1.90   4084900
1384  2023-12-13  70.32  70.32  68.73  68.73   -1.16       -1.66   2148100
1385  2023-12-14  69.17  69.60  68.73  69.46    0.73        1.06   1712300
1386  2023-12-15  69.46  69.53  68.59  69.46    0.00        0.00   1474300
1387  2023-12-18  69.24  69.46  67.65  67.87   -1.59       -2.29   2266500
1388  2023-12-19  67.80  68.30  67.58  68.30    0.43        0.63   1250400
1389  2023-12-20  68.08  68.59  67.94  68.37    0.07        0.10   1349500
1390  2023-12-21  68.30  68.66  67.87  68.66    0.29        0.42   1756800
1391  2023-12-22  68.59  68.66  68.16  68.30   -0.36       -0.52   1275400
1392  2023-12-25  68.52  69.46  68.45  69.31    1.01        1.48   2017000
1393  2023-12-26  69.67  71.19  69.60  70.18    0.87        1.26   3359900
1394  2023-12-27  70.32  70.61  69.96  69.96   -0.22       -0.31   1355900
1395  2023-12-28  70.03  70.03  69.53  69.74   -0.22       -0.31   1196600
1396  2023-12-29  69.74  70.03  69.38  69.38   -0.36       -0.52   1866600
1397  2024-01-02  69.96  69.96  69.10  69.24   -0.14       -0.20   1714500
1398  2024-01-03  69.02  69.67  68.88  69.53    0.29        0.42   1436900
1399  2024-01-04  69.53  71.04  69.46  70.18    0.65        0.93   2973900
1400  2024-01-05  70.25  70.40  69.67  70.32    0.14        0.20   1138600
1401  2024-01-08  70.32  70.97  70.11  70.25   -0.07       -0.10   1443000
1402  2024-01-09  70.25  70.25  69.74  69.74   -0.51       -0.73   1211700
1403  2024-01-10  69.82  69.96  68.23  68.37   -1.37       -1.96   3302500
1404  2024-01-11  68.37  68.88  68.37  68.59    0.22        0.32   1370900
1405  2024-01-12  68.45  69.02  67.94  68.37   -0.22       -0.32   2597000
1406  2024-01-15  68.59  69.24  68.52  68.88    0.51        0.75   1312200
1407  2024-01-16  68.37  69.10  68.37  69.10    0.22        0.32    810000
1408  2024-01-17  69.02  69.31  68.59  69.10    0.00        0.00   1414000
1409  2024-01-18  69.10  69.31  68.73  69.02   -0.08       -0.12   1136900
1410  2024-01-19  69.31  69.96  69.10  69.53    0.51        0.74   1493200
1411  2024-01-22  69.89  69.89  69.17  69.60    0.07        0.10   1108000
1412  2024-01-23  69.38  69.60  68.88  69.02   -0.58       -0.83   1480400
1413  2024-01-24  69.17  69.17  68.52  68.59   -0.43       -0.62   1722100
1414  2024-01-25  68.66  69.10  68.45  68.66    0.07        0.10    845100
1415  2024-01-26  68.95  69.46  68.81  69.24    0.58        0.84    925400
1416  2024-01-29  69.24  69.38  68.81  69.24    0.00        0.00   1060700
1417  2024-01-30  69.24  69.24  68.88  69.02   -0.22       -0.32    949000
1418  2024-01-31  69.02  69.31  68.95  69.10    0.08        0.12   1381500
1419  2024-02-01  69.24  72.13  69.10  72.13    3.03        4.38   7793700
1420  2024-02-02  72.34  73.79  72.27  73.64    1.51        2.09   2876100
1421  2024-02-05  73.64  75.16  73.57  74.73    1.09        1.48   2694400
1422  2024-02-06  74.80  75.81  74.29  75.16    0.43        0.58   1884300
1423  2024-02-07  75.59  75.81  75.02  75.74    0.58        0.77   2125400
1424  2024-02-15  75.95  76.17  74.94  75.09   -0.65       -0.86   2248400
1425  2024-02-16  75.09  75.88  74.94  75.88    0.79        1.05   2066000
1426  2024-02-19  76.17  77.25  75.81  75.81   -0.07       -0.09   2031800
1427  2024-02-20  75.95  75.95  75.09  75.30   -0.51       -0.67   1844300
1428  2024-02-21  75.09  77.18  74.73  76.46    1.16        1.54   3137500
1429  2024-02-22  76.46  76.53  75.52  75.52   -0.94       -1.23   1718700
1430  2024-02-23  76.17  77.04  74.58  75.02   -0.50       -0.66   4103500
1431  2024-02-26  75.02  77.98  74.73  77.98    2.96        3.95   4466700
1432  2024-02-27  78.34  79.06  77.54  77.90   -0.08       -0.10   2800800
1433  2024-02-28  77.98  78.34  76.75  78.34    0.44        0.56   3461700
1434  2024-02-29  78.12  78.99  77.76  78.70    0.36        0.46   2824800
1435  2024-03-01  78.84  80.43  78.77  80.00    1.30        1.65   4019400
1436  2024-03-04  80.14  80.72  80.00  80.43    0.43        0.54   3087100
1437  2024-03-05  80.43  80.43  79.35  79.92   -0.51       -0.63   3383000
1438  2024-03-06  79.42  79.71  78.26  78.77   -1.15       -1.44   3702600
1439  2024-03-07  78.77  82.24  78.12  80.36    1.59        2.02   4037600
1440  2024-03-08  80.36  81.30  79.06  79.42   -0.94       -1.17   3115600
1441  2024-03-11  79.42  81.95  79.42  79.42    0.00        0.00   3381500
1442  2024-03-12  79.42  81.95  79.42  80.79    1.37        1.73   2907800
1443  2024-03-13  81.44  84.47  80.86  84.47    3.68        4.56   5114200
1444  2024-03-14  85.56  85.56  83.54  84.47    0.00        0.00   3463000
1445  2024-03-15  84.33  84.33  82.67  83.75   -0.72       -0.85   3838400
1446  2024-03-18  83.61  83.61  80.21  81.59   -2.16       -2.58   5884600
1447  2024-03-19  81.59  81.59  80.21  80.86   -0.73       -0.89   3315400
1448  2024-03-20  81.08  83.03  80.21  82.67    1.81        2.24   3475700
1449  2024-03-21  83.17  83.90  82.74  83.90    1.23        1.49   3757800
1450  2024-03-22  83.97  83.97  82.67  82.96   -0.94       -1.12   2414800
1451  2024-03-25  82.38  83.10  82.16  82.31   -0.65       -0.78   2794400
1452  2024-03-26  82.31  83.39  82.02  83.03    0.72        0.87   1693300
1453  2024-03-27  82.81  83.25  82.38  83.17    0.14        0.17   1320200
1454  2024-03-28  83.68  84.76  83.25  84.55    1.38        1.66   2803200
1455  2024-03-29  84.04  84.62  83.75  84.11   -0.44       -0.52   1343500
1456  2024-04-01  83.75  84.91  83.17  84.33    0.22        0.26   1974600
1457  2024-04-02  83.32  84.47  83.32  84.47    0.14        0.17   2285800
1458  2024-04-03  83.82  84.47  83.10  83.10   -1.37       -1.62   2549000
1459  2024-04-04  83.03  83.61  82.31  82.31   -0.79       -0.95   2359500
1460  2024-04-05  81.66  82.81  81.30  82.09   -0.22       -0.27   2759000
1461  2024-04-08  82.09  82.09  81.30  81.30   -0.79       -0.96   1952000
1462  2024-04-09  81.30  81.73  81.22  81.59    0.29        0.36   1432500
1463  2024-04-10  81.95  83.46  81.80  82.16    0.57        0.70   1791100
1464  2024-04-11  81.95  83.32  81.80  82.96    0.80        0.97   1549400
1465  2024-04-12  83.68  83.68  82.52  83.39    0.43        0.52   1367300
1466  2024-04-15  83.39  83.46  80.50  80.58   -2.81       -3.37   3701900
1467  2024-04-16  80.86  81.73  80.50  81.59    1.01        1.25   3642700
1468  2024-04-17  81.66  81.66  80.58  80.72   -0.87       -1.07   1943300
1469  2024-04-19  79.78  80.29  78.70  78.70   -2.02       -2.50   5361100
1470  2024-04-22  79.42  80.43  78.63  79.64    0.94        1.19   2397300
1471  2024-04-23  80.07  81.80  79.35  81.08    1.44        1.81   4037600
1472  2024-04-24  82.02  86.71  81.73  86.71    5.63        6.94  10158700
1473  2024-04-25  88.44  92.42  88.01  88.95    2.24        2.58   5707700
1474  2024-04-26  88.81  90.54  88.23  88.95    0.00        0.00   3396500
1475  2024-05-02  89.38  93.14  89.17  91.91    2.96        3.33   3469300
1476  2024-05-03  92.49  92.70  90.68  90.90   -1.01       -1.10   3191200
1477  2024-05-06  91.33  92.13  89.89  92.13    1.23        1.35   2704600
1478  2024-05-07  92.42  95.02  91.84  94.80    2.67        2.90   3122800
1479  2024-05-08  93.93  94.58  93.35  94.58   -0.22       -0.23   3017800
1480  2024-05-09  94.29  95.88  93.86  94.08   -0.50       -0.53   2203300
1481  2024-05-10  94.80  95.45  93.28  94.58    0.50        0.53   3789700
1482  2024-05-13  94.80  94.94  92.99  93.64   -0.94       -0.99   1852200
1483  2024-05-14  93.86  95.09  93.57  94.22    0.58        0.62   2304600
1484  2024-05-15  94.94  97.11  94.80  96.82    2.60        2.76   3653100
1485  2024-05-16  97.90  99.13  96.89  97.76    0.94        0.97   3119000
1486  2024-05-17  97.76  98.19  96.53  97.11   -0.65       -0.66   2306400
1487  2024-05-20  97.61  98.26  96.03  96.03   -1.08       -1.11   2013500
1488  2024-05-21  96.75  98.19  96.39  98.19    2.16        2.25   3471900
1489  2024-05-22  99.56 100.86  98.26  99.64    1.45        1.48   4511800
1490  2024-05-23  99.28  99.49  97.47  99.28   -0.36       -0.36   3621500
1491  2024-05-24  99.64  99.64  94.29  95.23   -4.05       -4.08  13375600
1492  2024-05-27  96.03  96.39  94.29  95.88    0.65        0.68   5157800
1493  2024-05-28  96.75  98.91  96.10  98.91    3.03        3.16   4625300
1494  2024-05-29  98.99  99.78  97.32  97.98   -0.93       -0.94   5837600
1495  2024-05-30  96.60  97.47  95.23  97.47   -0.51       -0.52   7261300
1496  2024-05-31  97.47  98.77  96.60  97.18   -0.29       -0.30   2633500
1497  2024-06-03  97.47  99.35  97.25  98.84    1.66        1.71   7773600
1498  2024-06-04 100.36 100.57  99.49 100.43    1.59        1.61   7009800
1499  2024-06-05 101.08 104.62 100.86 101.15    0.72        0.72   6321600
1500  2024-06-06 101.30 102.31 100.21 100.79   -0.36       -0.36   5211800
1501  2024-06-07 101.80 102.52 101.44 102.52    1.73        1.72   3756900
1502  2024-06-10 103.61 104.69 103.25 103.97    1.45        1.41   3775400
1503  2024-06-11 104.18 105.77 103.32 105.77    1.80        1.73   6327300
1504  2024-06-12 106.94 110.96 106.86 110.37    4.60        4.35  11215500
1505  2024-06-13 111.79 111.88 108.70 108.70   -1.67       -1.51   8136200
1506  2024-06-14 108.78 110.87 107.86 109.54    0.84        0.77   6406200
1507  2024-06-17 109.54 109.87 107.44 107.70   -1.84       -1.68   4867600
1508  2024-06-18 107.70 108.45 107.03 107.03   -0.67       -0.62   6680000
1509  2024-06-19 107.03 111.04 105.86 109.95    2.92        2.73   9669200
1510  2024-06-20 111.21 113.46 110.20 111.46    1.51        1.37  10465700
1511  2024-06-21 111.96 113.80 111.46 113.80    2.34        2.10   7653300
1512  2024-06-24 112.88 113.30 110.37 110.46   -3.34       -2.93  13186900
1513  2024-06-25 109.54 109.62 107.53 108.70   -1.76       -1.59  13706800
1514  2024-06-26 109.54 110.20 108.20 110.20    1.50        1.38   7147400
1515  2024-06-27 109.79 112.13 109.37 111.04    0.84        0.76   6403700
1516  2024-06-28 111.04 111.04 109.03 109.12   -1.92       -1.73   6633000
1517  2024-07-01 109.03 109.03 107.44 107.53   -1.59       -1.46   6376000
1518  2024-07-02 107.53 110.46 106.61 107.03   -0.50       -0.46   6720600
1519  2024-07-03 109.12 111.04 108.78 109.54    2.51        2.35   7634100
1520  2024-07-04 110.46 113.55 110.46 113.55    4.01        3.66   8117900
1521  2024-07-05 113.80 116.81 113.80 115.97    2.42        2.13   7789400
1522  2024-07-08 115.81 116.73 114.97 116.73    0.76        0.66   5865700
1523  2024-07-09 116.31 116.48 113.72 114.97   -1.76       -1.51   9676100
1524  2024-07-10 113.72 114.55 112.04 112.04   -2.93       -2.55   6294700
1525  2024-07-11 112.13 113.22 110.79 111.21   -0.83       -0.74   6842100
1526  2024-07-12 110.54 113.72 110.54 111.88    0.67        0.60   3553400
1527  2024-07-15 111.63 112.71 110.62 110.96   -0.92       -0.82   3067200
1528  2024-07-16 111.71 112.46 110.62 112.04    1.08        0.97   4002300
1529  2024-07-17 112.04 112.13 108.62 110.29   -1.75       -1.56   6970100
1530  2024-07-18 109.87 109.87 106.86 106.94   -3.35       -3.04  10800200
1531  2024-07-19 107.53 108.11 105.36 105.36   -1.58       -1.48   6551700
1532  2024-07-22 105.36 105.36 103.01 103.77   -1.59       -1.51   6216900
1533  2024-07-23 104.44 106.61 104.35 104.94    1.17        1.13   5311600
1534  2024-07-24 104.94 105.86 103.68 105.36    0.42        0.40   4151700
1535  2024-07-25 103.85 104.94 103.77 104.52   -0.84       -0.80   2563400
1536  2024-07-26 105.27 107.03 104.02 107.03    2.51        2.40   3951100
1537  2024-07-29 108.70 109.20 107.86 107.86    0.83        0.78   4859800
1538  2024-07-30 107.86 108.28 106.19 107.03   -0.83       -0.77   2373800
1539  2024-07-31 106.44 107.53 105.86 107.53    0.50        0.47   2869200
1540  2024-08-01 108.36 108.45 103.77 104.35   -3.18       -2.96   6870300
1541  2024-08-02 102.09 104.35 101.17 103.01   -1.34       -1.28   9944700
1542  2024-08-05 101.26 102.76  98.16  99.17   -3.84       -3.73  10415200
1543  2024-08-06 100.34 101.93 100.17 101.01    1.84        1.86   6728100
1544  2024-08-07 101.17 102.01 100.50 102.01    1.00        0.99   2822800
1545  2024-08-08 101.68 102.34 101.09 101.51   -0.50       -0.49   2654900
1546  2024-08-09 102.34 106.11 102.01 106.11    4.60        4.53   5496400
1547  2024-08-12 106.11 108.87 105.52 108.70    2.59        2.44   6183500
1548  2024-08-13 108.45 108.87 107.03 108.45   -0.25       -0.23   4097900
1549  2024-08-14 109.28 109.95 108.28 108.28   -0.17       -0.16   2862200
1550  2024-08-15 107.95 108.28 107.19 107.61   -0.67       -0.62   2257600
1551  2024-08-16 107.95 109.54 107.95 109.20    1.59        1.48   5093600
1552  2024-08-19 109.62 109.87 108.70 109.12   -0.08       -0.07   2498400
1553  2024-08-20 109.28 110.79 109.28 109.95    0.83        0.76   3741400
1554  2024-08-21 109.20 111.88 109.20 111.63    1.68        1.53   6119700
1555  2024-08-22 112.04 112.46 111.63 111.88    0.25        0.22   3020500
1556  2024-08-23 111.79 111.79 110.71 111.29   -0.59       -0.53   3055000
1557  2024-08-26 111.46 111.63 109.95 109.95   -1.34       -1.20   2590300
1558  2024-08-27 109.95 110.87 109.03 110.79    0.84        0.76   2338500
1559  2024-08-28 111.21 112.46 111.12 111.46    0.67        0.60   2711500
1560  2024-08-29 111.04 111.88 110.54 111.79    0.33        0.30   2092700
1561  2024-08-30 111.63 112.80 111.21 112.71    0.92        0.82   3315800
1562  2024-09-04 111.21 111.21 109.95 111.21   -1.50       -1.33   4535200
1563  2024-09-05 111.21 111.21 108.45 109.20   -2.01       -1.81   8055600
1564  2024-09-06 109.12 111.12 108.95 110.46    1.26        1.15   3821400
1565  2024-09-09 109.37 110.29 108.78 109.79   -0.67       -0.61   2885200
1566  2024-09-10 109.54 109.54 108.36 108.70   -1.09       -0.99   4195100
1567  2024-09-11 108.70 109.79 108.53 109.20    0.50        0.46   3190400
1568  2024-09-12 109.54 110.79 109.54 110.62    1.42        1.30   4118000
1569  2024-09-13 110.54 111.54 110.37 111.21    0.59        0.53   3186800
1570  2024-09-16 110.20 111.21 109.62 109.62   -1.59       -1.43   1915700
1571  2024-09-17 109.70 111.12 109.70 111.12    1.50        1.37   2651400
1572  2024-09-18 111.54 113.05 111.12 112.55    1.43        1.29   5379600
1573  2024-09-19 112.88 113.55 112.30 113.05    0.50        0.44   5154300
1574  2024-09-20 113.97 114.55 112.88 113.13    0.08        0.07   3719700
1575  2024-09-23 113.63 113.63 111.54 112.04   -1.09       -0.96   2441200
1576  2024-09-24 112.04 112.63 111.79 112.46    0.42        0.37   2011400
1577  2024-09-25 112.30 112.71 111.71 112.71    0.25        0.22   4479900
1578  2024-09-26 112.88 112.88 111.96 112.30   -0.41       -0.36   2815600
1579  2024-09-27 112.30 112.38 111.63 112.21   -0.09       -0.08   3352800
1580  2024-09-30 112.21 112.46 111.21 112.46    0.25        0.22   3030500
1581  2024-10-01 112.63 113.88 112.63 113.63    1.17        1.04   4725900
1582  2024-10-02 112.55 113.63 112.55 113.22   -0.41       -0.36   1719800
1583  2024-10-03 113.22 113.80 112.04 112.04   -1.18       -1.04   2300800
1584  2024-10-04 112.30 112.71 111.63 112.13    0.09        0.08   1468400
1585  2024-10-07 112.21 112.80 111.71 112.13    0.00        0.00   1330500
1586  2024-10-08 112.13 112.96 111.71 111.88   -0.25       -0.22   2108600
1587  2024-10-09 112.30 113.55 112.30 113.22    1.34        1.20   2619900
1588  2024-10-10 113.55 118.73 113.55 118.48    5.26        4.65   9952200
1589  2024-10-11 118.73 119.40 116.73 116.73   -1.75       -1.48   3813600
1590  2024-10-14 117.98 118.15 114.64 115.05   -1.68       -1.44   5605300
1591  2024-10-15 115.05 115.89 114.22 114.55   -0.50       -0.43   2860800
1592  2024-10-16 114.05 114.64 113.72 113.97   -0.58       -0.51   2756000
1593  2024-10-17 114.13 114.64 113.30 114.55    0.58        0.51   2579200
1594  2024-10-18 114.89 115.22 114.22 114.55    0.00        0.00   2169400
1595  2024-10-21 114.55 115.14 113.30 113.30   -1.25       -1.09   2681300
1596  2024-10-22 113.46 113.46 111.21 111.29   -2.01       -1.77   6009200
1597  2024-10-23 111.12 112.71 110.87 112.21    0.92        0.83   3015100
1598  2024-10-24 112.21 112.30 111.88 112.30    0.09        0.08   2277200
1599  2024-10-25 112.30 112.55 111.71 112.04   -0.26       -0.23   1839000
1600  2024-10-28 112.13 112.88 111.71 112.80    0.76        0.68   1506000
1601  2024-10-29 113.22 113.30 112.71 113.22    0.42        0.37   2459200
1602  2024-10-30 113.22 113.63 113.05 113.63    0.41        0.36   1709800
1603  2024-10-31 113.63 113.72 113.13 113.63    0.00        0.00   1241700
1604  2024-11-01 112.88 112.88 111.71 112.55   -1.08       -0.95   2667500
1605  2024-11-04 112.55 112.55 110.96 111.04   -1.51       -1.34   3182900
1606  2024-11-05 111.21 112.04 110.62 110.87   -0.17       -0.15   1657100
1607  2024-11-06 111.29 112.55 111.21 112.55    1.68        1.52   1801500
1608  2024-11-07 113.13 115.05 112.21 112.96    0.41        0.36   3570500
1609  2024-11-08 113.80 114.38 112.96 113.55    0.59        0.52   2106300
1610  2024-11-11 114.13 116.64 113.72 115.64    2.09        1.84   5292000
1611  2024-11-12 115.89 116.14 113.63 114.38   -1.26       -1.09   2914700
1612  2024-11-13 114.30 115.47 113.80 115.22    0.84        0.73   3455400
1613  2024-11-14 115.30 116.98 113.72 113.72   -1.50       -1.30   4736300
1614  2024-11-15 113.13 113.46 110.87 111.96   -1.76       -1.55   6563600
1615  2024-11-18 112.04 112.55 110.79 112.04    0.08        0.07   3903400
1616  2024-11-19 111.63 111.71 108.62 108.70   -3.34       -2.98   7642800
1617  2024-11-20 108.70 110.71 105.94 110.71    2.01        1.85   8460300
1618  2024-11-21 110.71 111.21 109.54 111.21    0.50        0.45   3176700
1619  2024-11-22 111.12 112.38 110.79 111.96    0.75        0.67   2915900
1620  2024-11-25 112.04 112.04 111.38 111.96    0.00        0.00   1849700
1621  2024-11-26 111.54 113.63 111.46 113.05    1.09        0.97   4176100
1622  2024-11-27 113.05 116.81 113.05 116.14    3.09        2.73   9814300
1623  2024-11-28 116.56 117.06 115.64 116.56    0.42        0.36   4742700
1624  2024-11-29 116.56 121.58 116.22 120.66    4.10        3.52  11586700
1625  2024-12-02 121.50 122.93 119.22 119.73   -0.93       -0.77   6616800
1626  2024-12-03 119.31 122.84 119.31 122.09    2.36        1.97   5103700
1627  2024-12-04 122.09 123.18 120.24 120.82   -1.27       -1.04   5609100
1628  2024-12-05 121.25 125.04 120.91 125.04    4.22        3.49   4849200
1629  2024-12-06 127.90 127.90 124.61 125.88    0.84        0.67   4541200
1630  2024-12-09 125.62 125.88 123.01 123.77   -2.11       -1.68   4539000
1631  2024-12-10 123.86 125.88 123.77 125.88    2.11        1.70   3597200
1632  2024-12-11 126.30 127.73 126.04 126.72    0.84        0.67   4816600
1633  2024-12-12 127.90 127.90 125.62 126.47   -0.25       -0.20   4147900
1634  2024-12-13 125.88 127.06 125.79 125.88   -0.59       -0.47   3379800
1635  2024-12-16 125.96 126.80 125.88 126.21    0.33        0.26   3291100
1636  2024-12-17 126.38 126.72 124.36 124.61   -1.60       -1.27   5947500
1637  2024-12-18 124.61 126.13 124.61 125.20    0.59        0.47   2923400
1638  2024-12-19 124.02 125.46 123.94 124.70   -0.50       -0.40   4805200
1639  2024-12-20 125.04 126.80 124.87 125.88    1.18        0.95   3538900
1640  2024-12-23 125.88 126.21 125.20 126.13    0.25        0.20   2514800
1641  2024-12-24 126.30 126.97 125.79 126.63    0.50        0.40   2300900
1642  2024-12-25 126.80 127.31 126.63 126.97    0.34        0.27   2513100
1643  2024-12-26 127.14 127.48 125.54 126.13   -0.84       -0.66   2233300
1644  2024-12-27 125.88 126.21 125.20 125.96   -0.17       -0.13   2561700
1645  2024-12-30 125.79 126.97 125.04 126.72    0.76        0.60   1982400
1646  2024-12-31 126.89 129.58 126.55 128.40    1.68        1.33   3603200
1647  2025-01-02 128.40 128.57 126.38 127.98   -0.42       -0.33   3172800
1648  2025-01-03 127.39 127.39 125.46 125.46   -2.52       -1.97   4336100
1649  2025-01-06 125.54 126.47 124.95 125.71    0.25        0.20   3467100
1650  2025-01-07 125.88 127.39 125.88 126.38    0.67        0.53   3453300
1651  2025-01-08 126.30 126.30 124.70 124.87   -1.51       -1.19   3879900
1652  2025-01-09 124.87 125.62 124.61 125.29    0.42        0.34   1714400
1653  2025-01-10 125.29 125.54 123.94 124.02   -1.27       -1.01   2524700
1654  2025-01-13 123.01 125.04 121.84 124.28    0.26        0.21   3488800
1655  2025-01-14 124.28 124.61 122.17 122.17   -2.11       -1.70   2897200
1656  2025-01-15 122.93 123.35 121.92 122.51    0.34        0.28   2840900
1657  2025-01-16 123.10 123.77 122.26 123.35    0.84        0.69   3568000
1658  2025-01-17 123.44 126.38 122.93 125.46    2.11        1.71   3537000
1659  2025-01-20 125.46 126.63 124.78 126.30    0.84        0.67   2217700
1660  2025-01-21 126.72 127.48 125.46 126.21   -0.09       -0.07   2480300
1661  2025-01-22 125.96 126.80 125.62 126.04   -0.17       -0.13   2785600
1662  2025-01-23 126.38 131.35 126.30 129.92    3.88        3.08   7057800
1663  2025-01-24 129.75 130.09 129.16 129.16   -0.76       -0.58   3655700
1664  2025-02-03 124.61 125.62 122.34 122.51   -6.65       -5.15  12747700
1665  2025-02-04 122.93 123.77 122.34 123.10    0.59        0.48   5467700
1666  2025-02-05 123.69 124.19 122.76 123.18    0.08        0.06   5204100
1667  2025-02-06 123.77 124.02 122.59 123.35    0.17        0.14   3426600
1668  2025-02-07 123.35 123.52 122.76 123.01   -0.34       -0.28   3865900
1669  2025-02-10 122.51 122.51 119.56 119.56   -3.45       -2.80   7749600
1670  2025-02-11 119.73 122.42 117.96 122.42    2.86        2.39   5361400
1671  2025-02-12 122.59 122.68 121.50 122.09   -0.33       -0.27   1887400
1672  2025-02-13 122.09 122.09 120.15 120.49   -1.60       -1.31   2850800
1673  2025-02-14 121.25 122.09 120.91 122.00    1.51        1.25   3251700
1674  2025-02-17 122.09 122.09 120.74 120.91   -1.09       -0.89   2466300
1675  2025-02-18 121.08 121.58 120.49 121.16    0.25        0.21   1664400
1676  2025-02-19 121.16 122.00 120.49 121.25    0.09        0.07   3029800
1677  2025-02-20 121.41 121.75 120.40 120.40   -0.85       -0.70   3385400
1678  2025-02-21 120.24 120.32 119.14 119.56   -0.84       -0.70   5312600
1679  2025-02-24 119.56 119.56 117.46 118.30   -1.26       -1.05   7497900
1680  2025-02-25 118.22 118.22 116.36 117.04   -1.26       -1.07   6810400
1681  2025-02-26 117.12 119.39 116.95 119.39    2.35        2.01   3323400
1682  2025-02-27 119.56 119.73 118.47 118.97   -0.42       -0.35   3421700
1683  2025-02-28 117.96 118.80 117.04 118.13   -0.84       -0.71   4694400
1684  2025-03-03 118.30 119.06 118.13 118.30    0.17        0.14   2533900
1685  2025-03-04 117.46 118.38 117.29 117.88   -0.42       -0.36   3471300
1686  2025-03-05 117.88 117.96 117.12 117.12   -0.76       -0.64   2851100
1687  2025-03-06 117.46 120.82 117.46 119.22    2.10        1.79   6417100
1688  2025-03-07 119.31 120.15 118.80 119.06   -0.16       -0.13   2954500
1689  2025-03-10 119.14 119.14 117.20 117.29   -1.77       -1.49   5323000
1690  2025-03-11 116.19 116.62 115.35 115.77   -1.52       -1.30   5784400
1691  2025-03-12 115.94 116.78 114.43 114.43   -1.34       -1.16   6185000
1692  2025-03-13 114.59 116.19 114.59 114.93    0.50        0.44   3610200
1693  2025-03-14 114.17 114.76 110.13 110.64   -4.29       -3.73  16094000
1694  2025-03-17 110.80 111.23 109.12 109.46   -1.18       -1.07   6707000
1695  2025-03-18 109.54 111.31 109.46 109.46    0.00        0.00   5508500
1696  2025-03-19 109.54 109.96 103.98 104.91   -4.55       -4.16  18128400
1697  2025-03-20 104.91 106.76 104.83 105.25    0.34        0.32   8203400
1698  2025-03-21 105.25 108.62 105.25 107.77    2.52        2.39   6424800
1699  2025-03-24 108.20 108.87 107.18 108.62    0.85        0.79   5090200
1700  2025-03-25 109.29 109.37 106.51 106.51   -2.11       -1.94   5629200
1701  2025-03-26 106.51 106.51 103.31 103.56   -2.95       -2.77   9734600
1702  2025-03-27 102.72 106.51 101.96 106.26    2.70        2.61   6464400
1703  2025-03-28 106.17 106.43 104.41 104.41   -1.85       -1.74   2944800
1704  2025-03-31 103.90 103.90 101.88 101.88   -2.53       -2.42   5406300
1705  2025-04-01 102.72 102.89 100.03 101.46   -0.42       -0.41   7824300
1706  2025-04-02 102.05 102.98 101.71 102.72    1.26        1.24   3920200
1707  2025-04-03  96.58  99.02  95.56  95.56   -7.16       -6.97  11484900
1708  2025-04-04  88.91  95.90  88.91  95.14   -0.42       -0.44  21574500
1709  2025-04-08  89.25  90.93  88.49  88.49   -6.65       -6.99  16276400
1710  2025-04-09  82.35  90.93  82.35  88.66    0.17        0.19  16893300
1711  2025-04-10  94.81  94.81  94.81  94.81    6.15        6.94   1005400
1712  2025-04-11  98.51  99.78  96.24  99.78    4.97        5.24  19224000
1713  2025-04-14 101.04 101.04  95.99  99.78    0.00        0.00   9217400
1714  2025-04-15  97.75  98.51  95.73  97.67   -2.11       -2.11   7762400
1715  2025-04-16  96.41  97.59  90.85  90.85   -6.82       -6.98  18032200
1716  2025-04-17  88.41  93.71  88.32  92.11    1.26        1.39   8580100
1717  2025-04-18  93.04  96.83  93.04  93.96    1.85        2.01   7485500
1718  2025-04-21  94.30  94.72  92.62  94.05    0.09        0.10   4332300
1719  2025-04-22  93.46  93.63  87.57  92.96   -1.09       -1.16   9127300
1720  2025-04-23  94.05  94.05  90.68  92.96    0.00        0.00   5710800
1721  2025-04-24  93.88  95.73  93.12  94.30    1.34        1.44   7740100
1722  2025-04-25  94.30  94.64  92.79  94.64    0.34        0.36   5384100
1723  2025-04-28  94.30  94.64  91.94  92.20   -2.44       -2.58   3853700
1724  2025-04-29  92.28  93.04  91.86  92.11   -0.09       -0.10   2945500
1725  2025-05-05  92.20  92.37  90.01  91.44   -0.67       -0.73   7167600
1726  2025-05-06  91.44  93.46  91.44  92.37    0.93        1.02   5686200
1727  2025-05-07  92.28  93.63  91.69  92.37    0.00        0.00   3926800
1728  2025-05-08  92.96  96.49  91.78  96.24    3.87        4.19  12644900
1729  2025-05-09  96.24  98.01  95.56  97.67    1.43        1.49   8496900
1730  2025-05-12  98.51  99.94  98.26  99.61    1.94        1.99   8715200
1731  2025-05-13 101.04 101.29  99.86 100.62    1.01        1.01   8565900
1732  2025-05-14 101.04 106.34 101.04 106.34    5.72        5.68  12080300
1733  2025-05-15 106.51 106.85 104.07 105.25   -1.09       -1.03   7806300
1734  2025-05-16 104.83 105.00 101.80 101.88   -3.37       -3.20   8012200
1735  2025-05-19 100.03 101.46  98.18  99.52   -2.36       -2.32   9916700
1736  2025-05-20  98.34 100.45  98.34 100.36    0.84        0.84   7911300
1737  2025-05-21 101.04 101.04  98.51  99.61   -0.75       -0.75   6024400
1738  2025-05-22  98.60  99.02  97.33  98.34   -1.27       -1.27   6350700
1739  2025-05-23  98.26  99.19  97.67  98.60    0.26        0.26   4440500
1740  2025-05-26  98.26  99.19  96.83  98.76    0.16        0.16   4023400
1741  2025-05-27  98.85 100.53  98.85 100.20    1.44        1.46   5498200
1742  2025-05-28 100.36 100.53  98.93  99.69   -0.51       -0.51   3933600
1743  2025-05-29 100.20 100.20  98.60  98.60   -1.09       -1.09   2933000
1744  2025-05-30  99.35  99.52  98.09  98.09   -0.51       -0.52   4038000
1745  2025-06-02  98.09  98.60  97.33  97.75   -0.34       -0.35   2916400
1746  2025-06-03  98.26  99.35  97.92  98.85    1.10        1.13   3398600
1747  2025-06-04  99.35  99.52  98.09  98.60   -0.25       -0.25   2873300
1748  2025-06-05  98.60  98.76  98.09  98.34   -0.26       -0.26   2302800
1749  2025-06-06  98.34  98.34  96.83  96.83   -1.51       -1.54   5383000
1750  2025-06-09  97.25  98.43  96.83  97.84    1.01        1.04   3054700
1751  2025-06-10  98.51  98.85  97.42  97.42   -0.42       -0.43   3359000
1752  2025-06-11  97.75  99.52  97.75  99.27    1.85        1.90   5744300
1753  2025-06-12  99.86  99.95  98.93  99.36    0.09        0.09   4153100
1754  2025-06-13  98.51  98.93  97.57  98.00   -1.36       -1.37   6161700
1755  2025-06-16  97.74 101.73  97.66 101.05    3.05        3.11   8069100
1756  2025-06-17 101.05 101.31 100.37 100.88   -0.17       -0.17   4600300
1757  2025-06-18 100.88 101.48  98.84  99.36   -1.52       -1.51   6556700
1758  2025-06-19  99.36  99.44  98.25  98.51   -0.85       -0.86   5404900
1759  2025-06-20  98.59  99.27  98.34  98.59    0.08        0.08   4339400
1760  2025-06-23  98.08  98.76  97.23  98.42   -0.17       -0.17   4587300
1761  2025-06-24  98.76  99.36  98.76  98.93    0.51        0.52   4271900
1762  2025-06-25  99.36 101.39  99.36  99.44    0.51        0.52   6000700
1763  2025-06-26 100.20 100.46  99.02  99.36   -0.08       -0.08   4132300
1764  2025-06-27  99.36 100.46  99.27  99.61    0.25        0.25   5263200
1765  2025-06-30 100.12 101.48  99.86 100.37    0.76        0.76   6859100
1766  2025-07-01 101.05 101.48 100.37 100.88    0.51        0.51   4609400
1767  2025-07-02 100.63 100.80  99.86 100.71   -0.17       -0.17   3661700
1768  2025-07-03 100.63 101.73 100.03 100.20   -0.51       -0.51   6304300
1769  2025-07-04 100.63 104.79 100.54 104.02    3.82        3.81  12825000
1770  2025-07-07 104.70 105.89 104.45 105.13    1.11        1.07   6382800
1771  2025-07-08 105.38 106.74 105.30 105.72    0.59        0.56   8064200
1772  2025-07-09 105.98 106.06 103.86 104.28   -1.44       -1.36  12198400
1773  2025-07-10 105.13 106.40 104.87 105.21    0.93        0.89   5180200
1774  2025-07-11 106.15 108.70 105.81 107.51    2.30        2.19  10736000
1775  2025-07-14 108.02 108.61 106.15 107.93    0.42        0.39   5978400
1776  2025-07-15 107.51 108.53 107.00 107.00   -0.93       -0.86   5600000
1777  2025-07-16 107.59 107.85 106.23 107.25    0.25        0.23   5063000
1778  2025-07-17 107.59 109.63 107.00 107.85    0.60        0.56   8334200
1779  2025-07-18 108.70 108.70 107.00 107.00   -0.85       -0.79   6494600
1780  2025-07-21 109.73 109.73 107.68 107.68    0.68        0.64   7563700
1781  2025-07-22 107.68 109.54 106.12 109.44    1.76        1.63   6889600
1782  2025-07-23 109.63 110.12 108.66 109.14   -0.30       -0.27   4795100
1783  2025-07-24 109.34 109.44 108.17 108.46   -0.68       -0.62   6420800
1784  2025-07-25 108.46 108.85 107.88 108.07   -0.39       -0.36   5137000
1785  2025-07-28 108.17 108.95 107.88 108.66    0.59        0.55   7611000
1786  2025-07-29 108.66 108.95 103.48 103.48   -5.18       -4.77  16059500
1787  2025-07-30 104.46 105.44 102.80 103.58    0.10        0.10   7488200
1788  2025-07-31 103.58 104.36 101.34 101.53   -2.05       -1.98   8944200
1789  2025-08-01 101.24 104.85  99.09 104.46    2.93        2.89  10891500
1790  2025-08-04 103.97 104.07 102.31 104.07   -0.39       -0.37   4617800
1791  2025-08-05 104.46 106.12 102.51 103.29   -0.78       -0.75  11395000
1792  2025-08-06 103.48 103.68 102.02 102.41   -0.88       -0.85  11814200
1793  2025-08-07 103.09 104.85 102.41 103.68    1.27        1.24   9565800
1794  2025-08-08 103.97 104.85 102.31 103.09   -0.59       -0.57   9184800
1795  2025-08-11 103.38 106.90 102.80 103.87    0.78        0.76  10278500
1796  2025-08-12 104.85 105.63 104.07 104.95    1.08        1.04  11011800
1797  2025-08-13 105.04 105.24 102.41 102.60   -2.35       -2.24  21845000
1798  2025-08-14 103.29 103.29 101.24 101.34   -1.26       -1.23  17905400
1799  2025-08-15 101.34 102.31  98.90  98.99   -2.35       -2.32  18622300
1800  2025-08-18  98.99 100.55  97.62  98.11   -0.88       -0.89  11392300
1801  2025-08-19  98.21  99.09  97.62  97.92   -0.19       -0.19   9153600
1802  2025-08-20  97.72  97.92  95.18  95.38   -2.54       -2.59  19969500
1803  2025-08-21  95.38 100.46  95.38  99.28    3.90        4.09  12624800
1804  2025-08-22  99.19  99.19  96.45  96.65   -2.63       -2.65   7212000
1805  2025-08-25  99.58  99.58  96.45  96.45   -0.20       -0.21   6736000
1806  2025-08-26  96.45  97.62  95.58  97.62    1.17        1.21   5812500
1807  2025-08-27  98.99 102.60  98.80 102.51    4.89        5.01  19436400
1808  2025-08-28 102.60 102.60 100.36 102.02   -0.49       -0.48   6280200
1809  2025-08-29 102.51 102.51  99.19  99.19   -2.83       -2.77  11090200
1810  2025-09-03  99.58 100.85  97.62 100.75    1.56        1.57   9744200
1811  2025-09-04 100.85 103.00 100.75 102.51    1.76        1.75  11033600
1812  2025-09-05 102.70 103.00 100.94 100.94   -1.57       -1.53   8807800
1813  2025-09-08 100.55 101.43  99.48  99.48   -1.46       -1.45  10600300
1814  2025-09-09  99.58 100.55  98.60  99.68    0.20        0.20   6460700
1815  2025-09-10  99.68 100.46  98.70  98.80   -0.88       -0.88   5498500
1816  2025-09-11  98.80 100.46  98.11  99.58    0.78        0.79   7414200
1817  2025-09-12  99.58 100.46  98.70  99.19   -0.39       -0.39   7447000
1818  2025-09-15  99.48 101.04  99.09  99.48    0.29        0.29  14123100
1819  2025-09-16 100.26 102.31  99.58 101.04    1.56        1.57  17531600
1820  2025-09-17 101.53 105.24 101.53 103.00    1.96        1.94  20018000
1821  2025-09-18 103.48 103.78 100.55 100.55   -2.45       -2.38   8198400
1822  2025-09-19 101.34 101.34  98.11 100.55    0.00        0.00  23514300
1823  2025-09-22 100.07 100.26  97.24  97.33   -3.22       -3.20  16280200
1824  2025-09-23  97.62  97.62  95.18  95.67   -1.66       -1.71  18291200
1825  2025-09-24  95.77  97.14  95.09  97.14    1.47        1.54   7421100
1826  2025-09-25  97.14  97.14  95.58  95.67   -1.47       -1.51   8627700
1827  2025-09-26  95.87  96.94  95.09  95.18   -0.49       -0.51   8080800
1828  2025-09-29  95.48  95.48  93.23  93.23   -1.95       -2.05  10430900
1829  2025-09-30  93.23  93.52  90.60  90.79   -2.44       -2.62  12018800
1830  2025-10-01  90.99  92.26  89.23  91.18    0.39        0.43   7405100
1831  2025-10-02  90.69  91.18  89.82  89.91   -1.27       -1.39   7933800
1832  2025-10-03  90.01  91.77  89.91  91.18    1.27        1.41   7681300
1833  2025-10-06  92.06  93.62  91.28  93.23    2.05        2.25   6580000
1834  2025-10-07  93.72  94.01  92.94  93.23    0.00        0.00   5997500
1835  2025-10-08  93.23  94.60  92.26  92.26   -0.97       -1.04   5132100
1836  2025-10-09  92.74  92.74  91.28  91.96   -0.30       -0.33   5716300
1837  2025-10-10  91.96  94.21  91.57  93.82    1.86        2.02   8587700
1838  2025-10-13  92.65  92.65  91.48  91.77   -2.05       -2.19   7915000
1839  2025-10-14  91.87  92.26  90.21  90.21   -1.56       -1.70  12659600
1840  2025-10-15  90.40  90.89  87.38  87.47   -2.74       -3.04  18738600
1841  2025-10-16  87.67  89.33  87.47  87.67    0.20        0.23   7928500
1842  2025-10-17  87.96  89.33  86.01  86.01   -1.66       -1.89   8374400
1843  2025-10-20  86.20  89.62  84.93  84.93   -1.08       -1.26  14580300
1844  2025-10-21  86.89  90.79  86.40  90.79    5.86        6.90  19520200
1845  2025-10-22  92.94  96.65  92.74  94.70    3.91        4.31  18311100
1846  2025-10-23  94.89  94.99  91.77  92.74   -1.96       -2.07   6647600
1847  2025-10-24  92.74  95.38  92.45  95.38    2.64        2.85  13759100
1848  2025-10-27  96.65  97.33  94.01  95.67    0.29        0.30  12897800
1849  2025-10-28  96.26  99.77  96.26  99.77    4.10        4.29  20912700
1850  2025-10-29  99.97 100.75  98.70  99.28   -0.49       -0.49   9302800
1851  2025-10-30  99.68 101.04  99.19 100.26    0.98        0.99   9730600
1852  2025-10-31 100.16 101.43  98.60 101.43    1.17        1.17  14827100
1853  2025-11-03 101.34 103.78 101.04 102.51    1.08        1.06  20963600
1854  2025-11-04 101.63 102.21  99.28 100.85   -1.66       -1.62  10620700
1855  2025-11-05  99.38  99.58  97.24  98.50   -2.35       -2.33  11741500
1856  2025-11-06  98.50  99.58  97.04  97.82   -0.68       -0.69   6751800
1857  2025-11-07  97.14  99.38  97.14  98.60    0.78        0.80   5863600
1858  2025-11-10  98.80  98.80  93.92  93.92   -4.68       -4.75  10072600
1859  2025-11-11  94.50  95.58  93.82  93.82   -0.10       -0.11   6624200
1860  2025-11-12  94.21  98.21  94.21  98.21    4.39        4.68   6635300
1861  2025-11-13  98.21  98.31  96.36  96.55   -1.66       -1.69   4757400
1862  2025-11-14  96.55  98.50  95.87  97.62    1.07        1.11   4699900
1863  2025-11-17  98.21  99.38  98.21  98.60    0.98        1.00   5585100
1864  2025-11-18  98.60  98.70  96.45  97.62   -0.98       -0.99   6500100
1865  2025-11-19  97.14  97.14  95.67  95.67   -1.95       -2.00   5169300
1866  2025-11-20  96.26  97.33  95.77  96.65    0.98        1.02   4593100
1867  2025-11-21  95.67  98.80  95.48  98.41    1.76        1.82   7936900
1868  2025-11-24  98.31  98.70  97.24  97.82   -0.59       -0.60   5061800
1869  2025-11-25  97.33  97.92  96.65  97.33   -0.49       -0.50   4494900
1870  2025-11-26  97.43  97.82  96.55  96.65   -0.68       -0.70   5830900
1871  2025-11-27  96.84  97.43  95.77  97.14    0.49        0.51   4780500
1872  2025-11-28  96.75  97.04  94.79  94.79   -2.35       -2.42   6210400
1873  2025-12-01  95.58  96.37  94.79  95.29    0.50        0.53   3125100
1874  2025-12-02  95.48  95.98  94.10  95.29    0.00        0.00   5560800
1875  2025-12-03  95.68  95.68  94.70  95.29    0.00        0.00   6475300
1876  2025-12-04  95.29  97.16  95.29  96.18    0.89        0.93   7387500
1877  2025-12-05  96.18  96.18  94.79  94.89   -1.29       -1.34   5062500
1878  2025-12-08  95.29  95.98  94.20  94.20   -0.69       -0.73   5278600
1879  2025-12-09  94.20  95.68  93.12  95.58    1.38        1.46   9961500
1880  2025-12-10  95.78  95.78  94.30  94.30   -1.28       -1.34   3894100
1881  2025-12-11  94.60  95.29  94.30  94.70    0.40        0.42   5201600
1882  2025-12-12  94.70  94.70  92.23  92.43   -2.27       -2.40   5519800
1883  2025-12-15  92.62  93.12  92.23  92.53    0.10        0.11   3524800
1884  2025-12-16  92.62  94.10  90.75  93.61    1.08        1.17   6295300
1885  2025-12-17  93.12  94.99  93.12  94.60    0.99        1.06   4967800
1886  2025-12-18  94.20  94.30  92.62  93.12   -1.48       -1.56   4115500
1887  2025-12-19  92.72  93.71  92.33  92.62   -0.50       -0.54   4492600
1888  2025-12-22  92.82  93.02  92.23  92.43   -0.19       -0.21   6142400
1889  2025-12-23  92.72  94.60  92.33  92.72    0.29        0.31   6006900
1890  2025-12-24  92.82  92.92  91.84  92.33   -0.39       -0.42   3901500
1891  2025-12-25  92.33  93.51  91.74  91.74   -0.59       -0.64   4565200
1892  2025-12-26  91.44  91.74  89.76  91.24   -0.50       -0.55   6612400
1893  2025-12-29  91.24  93.61  91.24  93.02    1.78        1.95   6300900
1894  2025-12-30  93.22  95.29  93.02  95.19    2.17        2.33   7271200
1895  2025-12-31  95.48  95.68  93.91  94.50   -0.69       -0.72   3082600
1896  2026-01-05  94.40  94.40  91.93  93.71   -0.79       -0.84   7029300
1897  2026-01-06  93.41  93.51  92.33  92.72   -0.99       -1.06   5397500
1898  2026-01-07  92.82  96.27  92.72  96.18    3.46        3.73  11427400
1899  2026-01-08  96.77  96.77  95.19  95.19   -0.99       -1.03   5576200
1900  2026-01-09  94.79  98.54  94.70  96.08    0.89        0.93  10048700
1901  2026-01-12  96.67  98.15  96.67  98.15    2.07        2.15   9076600
1902  2026-01-13  98.34 100.32  96.57  97.56   -0.59       -0.60   9411100
1903  2026-01-14  97.66  99.73  96.47  98.44    0.88        0.90  11900400
1904  2026-01-15  98.44 100.32  97.06  97.16   -1.28       -1.30   7401400
1905  2026-01-16  98.15 103.87  98.15 103.87    6.71        6.91  23871100
1906  2026-01-19 107.22 107.22 104.07 104.36    0.49        0.47  14710500
1907  2026-01-20 104.66 105.55 102.59 102.69   -1.67       -1.60  12213100
1908  2026-01-21 101.80 105.05  99.73 103.57    0.88        0.86  14517300
1909  2026-01-22 104.07 104.36 102.09 102.09   -1.48       -1.43   8095100
1910  2026-01-23 102.19 103.18  99.63  99.63   -2.46       -2.41   9418000
1911  2026-01-26  98.84 100.22  96.67  97.16   -2.47       -2.48  11183100
1912  2026-01-27  98.25 101.11  97.75 100.71    3.55        3.65  10585500
1913  2026-01-28 101.01 104.36 100.91 103.08    2.37        2.35  11949800
1914  2026-01-29 103.57 105.74 102.29 104.66    1.58        1.53  14247700
1915  2026-01-30 104.95 104.95 102.49 103.08   -1.58       -1.51  10833200
1916  2026-02-02 101.90 102.88 100.22 102.88   -0.20       -0.19   9331400
1917  2026-02-03 103.48 103.97 101.50 102.49   -0.39       -0.38   9097000
1918  2026-02-04 101.70 102.09 100.12 100.52   -1.97       -1.92  11639700
1919  2026-02-05  99.82 100.52  97.66  97.66   -2.86       -2.85  18088600
1920  2026-02-06  96.67  98.64  95.39  96.27   -1.39       -1.42   9766800
1921  2026-02-09  97.46  98.05  96.57  97.66    1.39        1.44   5108600
1922  2026-02-10  98.54  98.54  95.98  96.47   -1.19       -1.22   6113500
1923  2026-02-11  96.87  98.15  96.08  97.26    0.79        0.82   5507500
1924  2026-02-12  97.66  97.85  97.06  97.46    0.20        0.21   4125200
1925  2026-02-13  96.77  97.16  94.99  94.99   -2.47       -2.53  18508400
1926  2026-02-23  95.48  95.48  91.84  93.22   -1.77       -1.86  22660400
1927  2026-02-24  92.72  92.72  91.24  91.24   -1.98       -2.12  28539000
1928  2026-02-25  90.95  91.24  87.79  87.89   -3.35       -3.67  47733100
1929  2026-02-26  88.78  90.95  88.68  89.27    1.38        1.57  17525500
1930  2026-02-27  89.76  92.23  89.07  91.64    2.37        2.65  18705600
1931  2026-03-02  88.88  90.26  88.09  88.38   -3.26       -3.56  17245400
1932  2026-03-03  88.88  89.66  85.82  85.82   -2.56       -2.90  16504400
1933  2026-03-04  85.72  85.82  83.06  83.94   -1.88       -2.19  23755700
1934  2026-03-05  85.32  85.62  83.25  83.25   -0.69       -0.82  15906800
1935  2026-03-06  83.25  83.45  80.39  80.49   -2.76       -3.32  23713900
1936  2026-03-09  74.97  75.66  74.87  74.87   -5.62       -6.98  17633000
1937  2026-03-10  75.36  78.52  75.36  78.42    3.55        4.74  21099200
1938  2026-03-11  78.91  79.90  77.24  79.11    0.69        0.88  10652800
1939  2026-03-12  77.73  78.12  76.45  76.64   -2.47       -3.12  12722400
1940  2026-03-13  76.05  77.43  75.26  75.95   -0.69       -0.90   9026000
1941  2026-03-16  76.05  78.22  76.05  77.14    1.19        1.57   8662000
1942  2026-03-17  78.32  80.19  78.03  78.32    1.18        1.53   9218800
1943  2026-03-18  78.91  79.11  77.04  77.53   -0.79       -1.01   6352700
1944  2026-03-19  76.64  76.74  75.56  75.76   -1.77       -2.28  11602900
1945  2026-03-20  75.46  75.46  72.60  73.59   -2.17       -2.86  21423700
1946  2026-03-23  72.70  75.07  70.63  72.11   -1.48       -2.01  13156200
1947  2026-03-24  74.47  74.87  73.09  74.38    2.27        3.15   5189700
1948  2026-03-25  75.17  75.95  74.57  75.95    1.57        2.11   7429300
1949  2026-03-26  75.95  75.95  73.19  73.19   -2.76       -3.63   9743400
1950  2026-03-27  73.49  75.26  73.00  75.07    1.88        2.57   9080300
1951  2026-03-30  73.39  74.18  72.50  73.00   -2.07       -2.76   7814800
1952  2026-03-31  73.88  74.47  73.39  73.68    0.68        0.93   5639200
1953  2026-04-01  74.87  75.26  73.98  74.28    0.60        0.81   8534000
1954  2026-04-02  74.18  74.18  73.19  73.68   -0.60       -0.81   5224400
1955  2026-04-03  73.68  74.47  72.90  73.00   -0.68       -0.92   6333100
1956  2026-04-06  73.00  73.49  72.50  72.90   -0.10       -0.14   4593000
1957  2026-04-07  73.49  73.49  72.80  73.00    0.10        0.14   4713000
1958  2026-04-08  74.97  78.03  74.08  78.03    5.03        6.89  14610000
1959  2026-04-09  78.03  78.12  77.04  77.24   -0.79       -1.01   6272100
1960  2026-04-10  77.53  77.93  76.25  76.64   -0.60       -0.78   6099800
1961  2026-04-13  75.86  75.95  74.87  74.97   -1.67       -2.18   9559100
1962  2026-04-14  75.95  76.15  74.97  75.17    0.20        0.27   7092500
1963  2026-04-15  75.86  75.95  73.98  74.08   -1.09       -1.45  10047800
1964  2026-04-16  74.57  74.57  73.00  73.09   -0.99       -1.34  11316400
1965  2026-04-17  73.98  76.94  73.88  74.97    1.88        2.57  12349600
1966  2026-04-20  75.26  75.95  75.07  75.86    0.89        1.19   6876800
1967  2026-04-21  75.95  76.35  74.08  74.08   -1.78       -2.35   7119000
1968  2026-04-22  74.47  74.47  73.09  73.59   -0.49       -0.66   8145000
1969  2026-04-23  73.98  74.97  73.09  73.29   -0.30       -0.41   7968500
1970  2026-04-24  73.00  73.09  72.20  72.40   -0.89       -1.21  10459800
1971  2026-04-28  72.40  73.39  71.91  73.39    0.99        1.37   9503800
1972  2026-04-29  72.40  74.47  72.40  74.47    1.08        1.47   9163000
1973  2026-05-04  73.88  74.08  72.60  72.70   -1.77       -2.38   8285900
1974  2026-05-05  72.70  73.49  71.81  73.29    0.59        0.81   6841400
1975  2026-05-06  73.19  73.19  72.01  72.30   -0.99       -1.35   9455600
1976  2026-05-07  72.90  73.29  72.01  72.01   -0.29       -0.40  10186100
1977  2026-05-08  72.20  72.30  70.92  70.92   -1.09       -1.51  13444300
1978  2026-05-11  70.73  70.73  69.05  69.05   -1.87       -2.64  16909100
1979  2026-05-12  69.15  70.53  69.05  69.64    0.59        0.85   8533300
1980  2026-05-13  69.64  70.53  69.05  69.74    0.10        0.14  11517600
1981  2026-05-14  70.13  74.28  70.04  72.90    3.16        4.53  21565500
1982  2026-05-15  73.19  73.19  71.71  71.91   -0.99       -1.36   6386100
1983  2026-05-18  71.91  74.28  71.02  73.88    1.97        2.74  18323700
1984  2026-05-19  73.98  74.77  73.29  73.49   -0.39       -0.53  11279900
1985  2026-05-20  73.78  77.43  71.81  76.64    3.15        4.29  25976600
1986  2026-05-21  76.64  76.84  74.67  75.46   -1.18       -1.54  11809100
1987  2026-05-22  75.76  76.55  74.08  74.08   -1.38       -1.83  11668800
1988  2026-05-25  73.59  74.57  72.50  72.50   -1.58       -2.13  10441000
1989  2026-05-26  72.60  73.59  72.60  73.49    0.99        1.37   5104800
1990  2026-05-27  73.49  74.28  72.11  72.60   -0.89       -1.21   9176300
1991  2026-05-28  72.80  73.10  71.20  71.20   -1.40       -1.93  10646900
1992  2026-05-29  71.20  72.50  70.80  71.60    0.40        0.56   5446700
1993  2026-06-01  72.20  73.40  72.10  72.90    1.30        1.82   5972700
1994  2026-06-02  73.00  75.60  73.00  74.80    1.90        2.61  17368000
1995  2026-06-03  75.10  77.70  75.00  76.50    1.70        2.27  25278600
1996  2026-06-04  76.70  77.20  75.80  76.10   -0.40       -0.52  11304700
1997  2026-06-05  76.00  76.00  74.30  75.00   -1.10       -1.45  11218100
1998  2026-06-08  73.70  74.50  72.80  72.90   -2.10       -2.80  10914200
1999  2026-06-09  73.40  74.20  72.60  73.70    0.80        1.10   7772300

==================================================
      HOÀN THÀNH PHÂN TÍCH          
==================================================
