
  ╭──────────────────────────────────────────────────────────╮
  │  ⚠️  VNSTOCK DEPRECATION NOTICE (31/08/2025)             │
  │                                                          │
  │  Lớp Vnstock và các phương thức cũ (stock, fx, crypto,   │
  │  world_index, fund...) đã chính thức bị ngừng hỗ trợ.    │
  │                                                          │
  │  Để hệ thống ổn định và nhận được cập nhật mới nhất,     │
  │  vui lòng chuyển sang dùng bộ thư viện `vnstock.api`.    │
  │                                                          │
  │  👉 Xem hướng dẫn Migration: /vnstock-migration          │
  ╰──────────────────────────────────────────────────────────╯

Mẫu code chuyển đổi (Migration Example):
--------------------------------------
Cũ (Old):  stock = Vnstock().stock('ACB')
Mới (New): from vnstock.api.quote import Quote
          q = Quote(symbol='ACB', source='VCI')

==================================================
      VNSTOCK 4.x OPTIMIZED ANALYZER
      Danh sách: NAS100
      Khung: 4H, Số lượng: 1000
==================================================

==================================================
      PHÂN TÍCH MÃ: NAS100 (Nasdaq 100 CFD (BlackBull)) 
      Khung thời gian: 4H
==================================================

--- [ LỊCH SỬ GIÁ NAS100  ] ---
                    time  symbol      open      high       low     close    change  pct_change     volume
0    2025-10-29 01:00:00  NAS100 26,005.30 26,083.40 25,999.90 26,024.20     18.70        0.07  30,966.00
1    2025-10-29 05:00:00  NAS100 26,041.90 26,077.50 26,020.60 26,070.50     46.30        0.18  13,980.00
2    2025-10-29 09:00:00  NAS100 26,071.00 26,118.50 26,069.60 26,115.60     45.10        0.17  13,508.00
3    2025-10-29 13:00:00  NAS100 26,115.60 26,164.60 26,081.80 26,092.60    -23.00       -0.09  23,846.00
4    2025-10-29 17:00:00  NAS100 26,092.30 26,173.90 26,085.80 26,173.90     81.30        0.31  36,048.00
5    2025-10-29 21:00:00  NAS100 26,174.30 26,181.10 26,059.00 26,107.20    -66.70       -0.25  67,045.00
6    2025-10-30 01:00:00  NAS100 26,107.30 26,232.70 25,903.50 26,078.50    -28.70       -0.11  81,591.00
7    2025-10-30 05:00:00  NAS100 26,061.90 26,172.50 26,010.70 26,153.50     75.00        0.29  35,960.00
8    2025-10-30 09:00:00  NAS100 26,154.30 26,253.80 25,996.00 26,136.40    -17.10       -0.07  50,258.00
9    2025-10-30 13:00:00  NAS100 26,135.60 26,146.00 26,045.10 26,061.80    -74.60       -0.29  46,056.00
10   2025-10-30 17:00:00  NAS100 26,061.50 26,141.80 25,799.00 25,979.90    -81.90       -0.31  64,316.00
11   2025-10-30 21:00:00  NAS100 25,982.80 26,034.00 25,822.10 25,922.80    -57.10       -0.22 106,676.00
12   2025-10-31 01:00:00  NAS100 25,922.90 26,004.20 25,709.60 26,004.20     81.40        0.31  65,856.00
13   2025-10-31 05:00:00  NAS100 26,019.00 26,065.10 25,984.40 26,063.60     59.40        0.23  27,580.00
14   2025-10-31 09:00:00  NAS100 26,063.90 26,069.80 26,017.20 26,021.50    -42.10       -0.16  20,939.00
15   2025-10-31 13:00:00  NAS100 26,020.70 26,076.00 26,001.30 26,038.00     16.50        0.06  27,386.00
16   2025-10-31 17:00:00  NAS100 26,038.50 26,129.10 25,935.30 25,957.00    -81.00       -0.31  47,164.00
17   2025-10-31 21:00:00  NAS100 25,960.30 26,037.00 25,746.10 25,804.10   -152.90       -0.59 104,848.00
18   2025-11-01 01:00:00  NAS100 25,804.30 25,974.10 25,802.00 25,840.70     36.60        0.14  50,594.00
19   2025-11-03 06:00:00  NAS100 25,890.00 25,987.00 25,879.40 25,947.30    106.60        0.41  24,340.00
20   2025-11-03 10:00:00  NAS100 25,947.00 25,951.90 25,896.30 25,912.50    -34.80       -0.13  18,831.00
21   2025-11-03 14:00:00  NAS100 25,911.60 26,027.30 25,881.80 26,003.20     90.70        0.35  28,964.00
22   2025-11-03 18:00:00  NAS100 26,003.10 26,130.00 25,984.50 26,002.40     -0.80       -0.00  45,497.00
23   2025-11-03 22:00:00  NAS100 26,002.90 26,028.50 25,882.00 25,993.80     -8.60       -0.03  87,463.00
24   2025-11-04 02:00:00  NAS100 25,993.40 26,042.10 25,931.50 25,973.60    -20.20       -0.08  43,106.00
25   2025-11-04 06:00:00  NAS100 25,945.20 25,954.80 25,809.40 25,809.60   -164.00       -0.63  26,933.00
26   2025-11-04 10:00:00  NAS100 25,809.60 25,843.50 25,612.10 25,643.60   -166.00       -0.64  40,069.00
27   2025-11-04 14:00:00  NAS100 25,643.10 25,668.80 25,513.00 25,625.60    -18.00       -0.07  52,729.00
28   2025-11-04 18:00:00  NAS100 25,625.30 25,748.10 25,531.50 25,743.30    117.70        0.46  58,867.00
29   2025-11-04 22:00:00  NAS100 25,744.50 25,760.70 25,471.00 25,537.20   -206.10       -0.80 102,279.00
30   2025-11-05 02:00:00  NAS100 25,536.80 25,554.50 25,390.80 25,444.00    -93.20       -0.36  57,372.00
31   2025-11-05 06:00:00  NAS100 25,419.30 25,443.30 25,152.80 25,284.70   -159.30       -0.63  61,639.00
32   2025-11-05 10:00:00  NAS100 25,284.90 25,422.80 25,284.90 25,398.30    113.60        0.45  52,784.00
33   2025-11-05 14:00:00  NAS100 25,398.90 25,421.40 25,281.70 25,283.30   -115.00       -0.45  43,833.00
34   2025-11-05 18:00:00  NAS100 25,282.70 25,559.60 25,274.30 25,556.60    273.30        1.08  58,621.00
35   2025-11-05 22:00:00  NAS100 25,548.00 25,742.10 25,489.80 25,734.50    177.90        0.70  87,558.00
36   2025-11-06 02:00:00  NAS100 25,733.90 25,746.70 25,564.90 25,597.50   -137.00       -0.53  38,902.00
37   2025-11-06 06:00:00  NAS100 25,624.30 25,648.10 25,491.20 25,589.30     -8.20       -0.03  42,786.00
38   2025-11-06 10:00:00  NAS100 25,589.10 25,616.20 25,546.70 25,555.80    -33.50       -0.13  26,618.00
39   2025-11-06 14:00:00  NAS100 25,556.80 25,651.40 25,503.60 25,626.10     70.30        0.28  37,932.00
40   2025-11-06 18:00:00  NAS100 25,626.00 25,696.00 25,384.60 25,386.90   -239.20       -0.93  51,028.00
41   2025-11-06 22:00:00  NAS100 25,387.60 25,418.00 25,072.90 25,203.70   -183.20       -0.72 127,191.00
42   2025-11-07 02:00:00  NAS100 25,204.60 25,312.30 25,101.00 25,185.20    -18.50       -0.07  64,409.00
43   2025-11-07 06:00:00  NAS100 25,170.90 25,226.80 25,078.30 25,146.00    -39.20       -0.16  48,206.00
44   2025-11-07 10:00:00  NAS100 25,146.40 25,217.70 25,040.10 25,202.90     56.90        0.23  38,348.00
45   2025-11-07 14:00:00  NAS100 25,202.70 25,231.60 25,064.40 25,095.90   -107.00       -0.42  44,285.00
46   2025-11-07 18:00:00  NAS100 25,096.80 25,096.90 24,795.60 24,889.70   -206.20       -0.82  78,606.00
47   2025-11-07 22:00:00  NAS100 24,887.50 24,922.10 24,586.90 24,799.70    -90.00       -0.36 122,141.00
48   2025-11-08 02:00:00  NAS100 24,800.00 25,105.20 24,778.50 25,104.60    304.90        1.23  65,120.00
49   2025-11-10 06:00:00  NAS100 25,242.10 25,338.90 25,159.90 25,322.60    218.00        0.87  43,936.00
50   2025-11-10 10:00:00  NAS100 25,322.60 25,391.60 25,322.20 25,360.60     38.00        0.15  25,322.00
51   2025-11-10 14:00:00  NAS100 25,360.40 25,458.40 25,347.90 25,420.10     59.50        0.23  33,096.00
52   2025-11-10 18:00:00  NAS100 25,419.90 25,547.10 25,395.30 25,528.50    108.40        0.43  45,625.00
53   2025-11-10 22:00:00  NAS100 25,527.30 25,572.50 25,343.40 25,537.40      8.90        0.03  91,655.00
54   2025-11-11 02:00:00  NAS100 25,537.60 25,650.40 25,533.50 25,611.10     73.70        0.29  34,571.00
55   2025-11-11 06:00:00  NAS100 25,602.60 25,663.60 25,601.70 25,630.90     19.80        0.08  30,738.00
56   2025-11-11 10:00:00  NAS100 25,630.70 25,640.60 25,548.10 25,579.40    -51.50       -0.20  30,296.00
57   2025-11-11 14:00:00  NAS100 25,579.30 25,585.30 25,491.70 25,516.20    -63.20       -0.25  35,906.00
58   2025-11-11 18:00:00  NAS100 25,516.30 25,540.50 25,456.20 25,522.30      6.10        0.02  47,592.00
59   2025-11-11 22:00:00  NAS100 25,520.90 25,590.90 25,374.30 25,586.20     63.90        0.25  97,233.00
60   2025-11-12 02:00:00  NAS100 25,586.00 25,586.00 25,515.40 25,554.10    -32.10       -0.13  40,041.00
61   2025-11-12 06:00:00  NAS100 25,551.80 25,652.70 25,522.10 25,616.90     62.80        0.25  29,911.00
62   2025-11-12 10:00:00  NAS100 25,617.10 25,667.00 25,586.80 25,663.50     46.60        0.18  21,125.00
63   2025-11-12 14:00:00  NAS100 25,663.40 25,721.70 25,656.60 25,688.90     25.40        0.10  26,293.00
64   2025-11-12 18:00:00  NAS100 25,689.20 25,704.10 25,449.80 25,481.20   -207.70       -0.81  44,250.00
65   2025-11-12 22:00:00  NAS100 25,480.50 25,547.00 25,377.90 25,501.40     20.20        0.08 108,047.00
66   2025-11-13 02:00:00  NAS100 25,502.10 25,546.90 25,433.80 25,518.10     16.70        0.07  48,930.00
67   2025-11-13 06:00:00  NAS100 25,512.40 25,604.40 25,387.10 25,543.60     25.50        0.10  49,581.00
68   2025-11-13 10:00:00  NAS100 25,543.80 25,605.40 25,518.20 25,596.30     52.70        0.21  25,055.00
69   2025-11-13 14:00:00  NAS100 25,595.60 25,605.70 25,409.90 25,488.30   -108.00       -0.42  46,513.00
70   2025-11-13 18:00:00  NAS100 25,487.35 25,517.45 25,163.10 25,267.20   -221.10       -0.87  63,345.00
71   2025-11-13 22:00:00  NAS100 25,267.70 25,381.40 24,895.70 24,952.60   -314.60       -1.25 130,000.00
72   2025-11-14 02:00:00  NAS100 24,954.40 25,058.25 24,885.30 24,979.90     27.30        0.11  75,159.00
73   2025-11-14 06:00:00  NAS100 24,996.75 25,045.30 24,987.80 25,026.20     46.30        0.19  45,931.00
74   2025-11-14 10:00:00  NAS100 25,026.40 25,036.15 24,867.85 24,961.65    -64.55       -0.26  50,439.00
75   2025-11-14 14:00:00  NAS100 24,961.50 24,966.10 24,797.10 24,842.45   -119.20       -0.48  68,706.00
76   2025-11-14 18:00:00  NAS100 24,842.40 24,872.00 24,534.60 24,856.50     14.05        0.06  95,201.00
77   2025-11-14 22:00:00  NAS100 24,855.50 25,188.60 24,766.00 25,067.50    211.00        0.85 128,370.00
78   2025-11-15 02:00:00  NAS100 25,066.50 25,153.00 24,972.50 25,046.75    -20.75       -0.08  65,580.00
79   2025-11-17 06:00:00  NAS100 25,047.65 25,169.30 24,931.35 25,162.30    115.55        0.46  56,317.00
80   2025-11-17 10:00:00  NAS100 25,162.00 25,196.60 25,133.55 25,142.10    -20.20       -0.08  30,777.00
81   2025-11-17 14:00:00  NAS100 25,141.00 25,274.40 25,079.40 25,101.50    -40.60       -0.16  49,500.00
82   2025-11-17 18:00:00  NAS100 25,102.50 25,167.30 24,863.50 25,112.10     10.60        0.04  76,178.00
83   2025-11-17 22:00:00  NAS100 25,110.40 25,127.30 24,801.90 24,810.20   -301.90       -1.20 124,600.00
84   2025-11-18 02:00:00  NAS100 24,810.20 24,832.85 24,644.50 24,812.80      2.60        0.01  73,394.00
85   2025-11-18 06:00:00  NAS100 24,821.05 24,875.00 24,746.80 24,756.10    -56.70       -0.23  58,188.00
86   2025-11-18 10:00:00  NAS100 24,756.30 24,756.80 24,523.90 24,569.00   -187.10       -0.76  69,670.00
87   2025-11-18 14:00:00  NAS100 24,567.30 24,776.30 24,512.80 24,749.40    180.40        0.73  70,626.00
88   2025-11-18 18:00:00  NAS100 24,749.20 24,758.70 24,440.10 24,441.10   -308.30       -1.25  84,064.00
89   2025-11-18 22:00:00  NAS100 24,439.10 24,720.50 24,297.70 24,627.70    186.60        0.76 142,890.00
90   2025-11-19 02:00:00  NAS100 24,627.20 24,726.80 24,436.80 24,444.35   -183.35       -0.74  78,970.00
91   2025-11-19 06:00:00  NAS100 24,464.35 24,565.00 24,415.50 24,563.30    118.95        0.49  63,355.00
92   2025-11-19 10:00:00  NAS100 24,564.00 24,572.80 24,363.50 24,465.90    -97.40       -0.40  56,974.00
93   2025-11-19 14:00:00  NAS100 24,466.50 24,628.70 24,445.70 24,619.00    153.10        0.63  53,906.00
94   2025-11-19 18:00:00  NAS100 24,619.10 24,815.20 24,484.60 24,808.50    189.50        0.77  68,657.00
95   2025-11-19 22:00:00  NAS100 24,812.90 24,898.80 24,425.50 24,600.70   -207.80       -0.84 133,642.00
96   2025-11-20 02:00:00  NAS100 24,600.95 24,890.30 24,484.40 24,873.30    272.60        1.11  88,071.00
97   2025-11-20 06:00:00  NAS100 24,873.75 25,085.90 24,872.35 25,084.10    210.80        0.85  48,620.00
98   2025-11-20 10:00:00  NAS100 25,083.90 25,124.20 25,041.90 25,084.30      0.20        0.00  37,080.00
99   2025-11-20 14:00:00  NAS100 25,084.90 25,115.40 24,929.90 25,019.60    -64.70       -0.26  54,025.00
100  2025-11-20 18:00:00  NAS100 25,020.00 25,215.10 24,954.80 25,197.80    178.20        0.71  77,765.00
101  2025-11-20 22:00:00  NAS100 25,198.70 25,229.80 24,150.60 24,192.80 -1,005.00       -3.99 149,311.00
102  2025-11-21 02:00:00  NAS100 24,191.40 24,314.60 23,989.60 23,991.80   -201.00       -0.83  87,724.00
103  2025-11-21 06:00:00  NAS100 24,003.75 24,153.20 23,937.45 24,091.40     99.60        0.42  69,283.00
104  2025-11-21 10:00:00  NAS100 24,091.50 24,155.40 24,018.00 24,094.00      2.60        0.01  58,398.00
105  2025-11-21 14:00:00  NAS100 24,093.60 24,138.70 23,819.30 24,010.70    -83.30       -0.35  81,243.00
106  2025-11-21 18:00:00  NAS100 24,011.50 24,213.60 23,873.50 24,092.40     81.70        0.34 104,239.00
107  2025-11-21 22:00:00  NAS100 24,093.50 24,472.50 23,845.00 24,393.70    301.30        1.25 143,361.00
108  2025-11-22 02:00:00  NAS100 24,395.40 24,512.50 24,202.30 24,265.45   -128.25       -0.53  79,109.00
109  2025-11-24 06:00:00  NAS100 24,410.15 24,462.00 24,331.40 24,441.60    176.15        0.73  52,272.00
110  2025-11-24 10:00:00  NAS100 24,441.90 24,448.90 24,358.90 24,402.70    -38.90       -0.16  39,666.00
111  2025-11-24 14:00:00  NAS100 24,402.80 24,489.20 24,289.40 24,328.60    -74.10       -0.30  60,481.00
112  2025-11-24 18:00:00  NAS100 24,328.50 24,656.10 24,304.40 24,607.60    279.00        1.15  70,930.00
113  2025-11-24 22:00:00  NAS100 24,606.00 24,887.10 24,598.00 24,859.30    251.70        1.02  99,054.00
114  2025-11-25 02:00:00  NAS100 24,859.40 24,921.50 24,827.50 24,891.70     32.40        0.13  49,658.00
115  2025-11-25 06:00:00  NAS100 24,897.70 24,908.30 24,841.60 24,869.50    -22.20       -0.09  36,975.00
116  2025-11-25 10:00:00  NAS100 24,869.60 24,880.90 24,813.10 24,819.70    -49.80       -0.20  29,916.00
117  2025-11-25 14:00:00  NAS100 24,820.00 24,854.00 24,737.60 24,801.90    -17.80       -0.07  49,094.00
118  2025-11-25 18:00:00  NAS100 24,802.00 24,896.60 24,515.10 24,744.30    -57.60       -0.23  73,637.00
119  2025-11-25 22:00:00  NAS100 24,741.20 24,982.40 24,582.00 24,946.30    202.00        0.82 107,761.00
120  2025-11-26 02:00:00  NAS100 24,946.40 25,055.30 24,860.70 24,984.50     38.20        0.15  45,369.00
121  2025-11-26 06:00:00  NAS100 25,003.55 25,109.10 24,988.70 25,107.90    123.40        0.49  28,551.00
122  2025-11-26 10:00:00  NAS100 25,107.80 25,146.90 25,086.80 25,137.20     29.30        0.12  19,203.00
123  2025-11-26 14:00:00  NAS100 25,136.80 25,161.20 25,063.80 25,122.70    -14.50       -0.06  36,563.00
124  2025-11-26 18:00:00  NAS100 25,122.30 25,214.50 25,043.80 25,088.60    -34.10       -0.14  63,335.00
125  2025-11-26 22:00:00  NAS100 25,088.10 25,307.20 25,058.10 25,248.70    160.10        0.64  87,243.00
126  2025-11-27 02:00:00  NAS100 25,248.40 25,288.90 25,224.40 25,243.40     -5.30       -0.02  37,100.00
127  2025-11-27 06:00:00  NAS100 25,258.35 25,273.20 25,238.90 25,250.40      7.00        0.03  19,863.00
128  2025-11-27 10:00:00  NAS100 25,250.50 25,271.10 25,233.10 25,236.10    -14.30       -0.06  12,102.00
129  2025-11-27 14:00:00  NAS100 25,236.90 25,262.70 25,227.90 25,251.80     15.70        0.06  20,810.00
130  2025-11-27 18:00:00  NAS100 25,251.90 25,259.30 25,221.90 25,230.70    -21.10       -0.08  16,376.00
131  2025-11-27 22:00:00  NAS100 25,230.60 25,241.40 25,220.80 25,235.60      4.90        0.02   7,564.00
132  2025-11-28 06:00:00  NAS100 25,242.75 25,300.30 25,236.15 25,280.90     45.30        0.18   9,900.00
133  2025-11-28 18:00:00  NAS100 25,301.80 25,354.20 25,265.50 25,302.80     21.90        0.09  15,649.00
134  2025-11-28 22:00:00  NAS100 25,302.90 25,433.00 25,286.40 25,417.80    115.00        0.45  57,253.00
135  2025-12-01 06:00:00  NAS100 25,441.15 25,470.40 25,206.40 25,223.00   -194.80       -0.77  60,059.00
136  2025-12-01 10:00:00  NAS100 25,223.20 25,224.70 25,134.40 25,208.40    -14.60       -0.06  33,730.00
137  2025-12-01 14:00:00  NAS100 25,208.50 25,282.80 25,179.10 25,259.50     51.10        0.20  45,099.00
138  2025-12-01 18:00:00  NAS100 25,258.70 25,324.70 25,143.90 25,306.70     47.20        0.19  60,989.00
139  2025-12-01 22:00:00  NAS100 25,308.10 25,433.80 25,215.30 25,428.10    121.40        0.48  86,467.00
140  2025-12-02 02:00:00  NAS100 25,428.00 25,429.20 25,298.40 25,336.50    -91.60       -0.36  44,858.00
141  2025-12-02 06:00:00  NAS100 25,363.85 25,382.80 25,317.70 25,370.60     34.10        0.13  29,970.00
142  2025-12-02 10:00:00  NAS100 25,370.20 25,372.40 25,281.10 25,315.40    -55.20       -0.22  24,052.00
143  2025-12-02 14:00:00  NAS100 25,315.50 25,445.70 25,271.50 25,436.40    121.00        0.48  31,745.00
144  2025-12-02 18:00:00  NAS100 25,436.30 25,559.00 25,404.70 25,543.70    107.30        0.42  44,443.00
145  2025-12-02 22:00:00  NAS100 25,543.60 25,615.90 25,361.30 25,527.60    -16.10       -0.06 102,415.00
146  2025-12-03 02:00:00  NAS100 25,526.90 25,596.70 25,514.00 25,557.40     29.80        0.12  39,628.00
147  2025-12-03 06:00:00  NAS100 25,566.15 25,622.40 25,526.30 25,605.20     47.80        0.19  23,155.00
148  2025-12-03 10:00:00  NAS100 25,605.00 25,625.10 25,587.70 25,607.10      1.90        0.01  13,894.00
149  2025-12-03 14:00:00  NAS100 25,607.00 25,626.20 25,548.70 25,567.00    -40.10       -0.16  27,488.00
150  2025-12-03 18:00:00  NAS100 25,567.10 25,627.70 25,372.20 25,445.60   -121.40       -0.47  53,081.00
151  2025-12-03 22:00:00  NAS100 25,433.60 25,606.80 25,432.60 25,581.90    136.30        0.54  86,704.00
152  2025-12-04 02:00:00  NAS100 25,579.30 25,637.60 25,579.00 25,598.90     17.00        0.07  27,725.00
153  2025-12-04 06:00:00  NAS100 25,599.35 25,614.20 25,568.70 25,597.80     -1.10       -0.00  20,527.00
154  2025-12-04 10:00:00  NAS100 25,598.10 25,611.10 25,563.30 25,603.60      5.80        0.02  14,058.00
155  2025-12-04 14:00:00  NAS100 25,603.70 25,640.90 25,552.50 25,593.20    -10.40       -0.04  27,423.00
156  2025-12-04 18:00:00  NAS100 25,593.40 25,680.80 25,482.50 25,496.90    -96.30       -0.38  46,954.00
157  2025-12-04 22:00:00  NAS100 25,497.30 25,603.50 25,460.80 25,556.40     59.50        0.23  86,576.00
158  2025-12-05 02:00:00  NAS100 25,556.30 25,589.80 25,441.40 25,585.00     28.60        0.11  44,221.00
159  2025-12-05 06:00:00  NAS100 25,587.65 25,663.60 25,559.95 25,639.90     54.90        0.21  20,482.00
160  2025-12-05 10:00:00  NAS100 25,640.10 25,680.90 25,634.90 25,663.50     23.60        0.09  13,458.00
161  2025-12-05 14:00:00  NAS100 25,663.20 25,706.00 25,656.00 25,669.40      5.90        0.02  19,878.00
162  2025-12-05 18:00:00  NAS100 25,668.80 25,755.80 25,533.40 25,743.60     74.20        0.29  43,182.00
163  2025-12-05 22:00:00  NAS100 25,747.00 25,820.30 25,604.60 25,679.90    -63.70       -0.25  89,486.00
164  2025-12-06 02:00:00  NAS100 25,680.00 25,696.50 25,630.90 25,688.60      8.70        0.03  34,711.00
165  2025-12-08 06:00:00  NAS100 25,708.65 25,737.40 25,655.35 25,736.90     48.30        0.19  25,607.00
166  2025-12-08 10:00:00  NAS100 25,736.80 25,765.10 25,731.80 25,744.60      7.70        0.03  10,364.00
167  2025-12-08 14:00:00  NAS100 25,744.10 25,775.00 25,716.80 25,747.80      3.20        0.01  23,622.00
168  2025-12-08 18:00:00  NAS100 25,747.90 25,814.70 25,677.60 25,691.30    -56.50       -0.22  37,798.00
169  2025-12-08 22:00:00  NAS100 25,691.20 25,724.90 25,521.00 25,547.50   -143.80       -0.56  88,090.00
170  2025-12-09 02:00:00  NAS100 25,547.90 25,662.40 25,523.50 25,662.10    114.60        0.45  39,818.00
171  2025-12-09 06:00:00  NAS100 25,673.85 25,689.90 25,637.20 25,653.90     -8.20       -0.03  21,416.00
172  2025-12-09 10:00:00  NAS100 25,653.50 25,663.20 25,608.50 25,644.90     -9.00       -0.04  15,771.00
173  2025-12-09 14:00:00  NAS100 25,644.20 25,673.60 25,581.20 25,629.50    -15.40       -0.06  28,115.00
174  2025-12-09 18:00:00  NAS100 25,629.20 25,648.50 25,524.80 25,595.20    -34.30       -0.13  45,734.00
175  2025-12-09 22:00:00  NAS100 25,594.20 25,693.80 25,581.00 25,680.10     84.90        0.33  67,158.00
176  2025-12-10 02:00:00  NAS100 25,680.40 25,682.40 25,633.40 25,635.00    -45.10       -0.18  27,847.00
177  2025-12-10 06:00:00  NAS100 25,647.15 25,659.15 25,606.10 25,639.80      4.80        0.02  16,518.00
178  2025-12-10 10:00:00  NAS100 25,639.70 25,678.90 25,629.30 25,669.80     30.00        0.12  13,332.00
179  2025-12-10 14:00:00  NAS100 25,669.70 25,711.10 25,575.90 25,619.10    -50.70       -0.20  26,793.00
180  2025-12-10 18:00:00  NAS100 25,619.00 25,691.00 25,540.20 25,598.50    -20.60       -0.08  45,877.00
181  2025-12-10 22:00:00  NAS100 25,597.30 25,647.80 25,497.50 25,583.20    -15.30       -0.06  76,156.00
182  2025-12-11 02:00:00  NAS100 25,583.50 25,834.80 25,574.60 25,768.80    185.60        0.73  68,977.00
183  2025-12-11 06:00:00  NAS100 25,747.35 25,761.65 25,493.20 25,517.50   -251.30       -0.98  26,514.00
184  2025-12-11 10:00:00  NAS100 25,518.30 25,518.90 25,353.30 25,478.60    -38.90       -0.15  42,440.00
185  2025-12-11 14:00:00  NAS100 25,478.50 25,591.70 25,443.40 25,566.40     87.80        0.34  40,955.00
186  2025-12-11 18:00:00  NAS100 25,566.90 25,669.40 25,369.70 25,382.10   -184.30       -0.72  50,690.00
187  2025-12-11 22:00:00  NAS100 25,380.20 25,655.20 25,359.90 25,606.40    224.30        0.88  99,211.00
188  2025-12-12 02:00:00  NAS100 25,606.00 25,830.40 25,604.40 25,804.00    197.60        0.77  41,110.00
189  2025-12-12 06:00:00  NAS100 25,678.65 25,705.75 25,615.10 25,667.90   -136.10       -0.53  26,989.00
190  2025-12-12 10:00:00  NAS100 25,668.40 25,676.80 25,627.40 25,653.90    -14.00       -0.05  15,795.00
191  2025-12-12 14:00:00  NAS100 25,653.00 25,655.50 25,535.80 25,557.00    -96.90       -0.38  32,970.00
192  2025-12-12 18:00:00  NAS100 25,557.10 25,605.40 25,475.60 25,532.00    -25.00       -0.10  48,802.00
193  2025-12-12 22:00:00  NAS100 25,529.90 25,531.90 25,091.70 25,251.30   -280.70       -1.10 116,796.00
194  2025-12-13 02:00:00  NAS100 25,252.70 25,258.70 25,119.50 25,175.20    -76.10       -0.30  50,771.00
195  2025-12-15 06:00:00  NAS100 25,203.35 25,265.80 25,109.95 25,243.10     67.90        0.27  35,841.00
196  2025-12-15 10:00:00  NAS100 25,243.60 25,264.40 25,215.40 25,255.60     12.50        0.05  19,396.00
197  2025-12-15 14:00:00  NAS100 25,255.40 25,325.80 25,211.10 25,320.60     65.00        0.26  30,633.00
198  2025-12-15 18:00:00  NAS100 25,320.70 25,395.10 25,197.20 25,208.80   -111.80       -0.44  39,122.00
199  2025-12-15 22:00:00  NAS100 25,208.00 25,244.90 25,015.10 25,131.10    -77.70       -0.31 105,610.00
200  2025-12-16 02:00:00  NAS100 25,130.30 25,161.20 25,055.50 25,072.90    -58.20       -0.23  43,989.00
201  2025-12-16 06:00:00  NAS100 25,085.45 25,101.95 24,843.40 24,880.00   -192.90       -0.77  51,658.00
202  2025-12-16 10:00:00  NAS100 24,879.90 24,905.30 24,833.70 24,863.20    -16.80       -0.07  35,671.00
203  2025-12-16 14:00:00  NAS100 24,863.30 25,006.50 24,805.10 24,979.00    115.80        0.47  41,135.00
204  2025-12-16 18:00:00  NAS100 24,978.90 25,130.50 24,938.00 25,124.30    145.30        0.58  62,864.00
205  2025-12-16 22:00:00  NAS100 25,126.50 25,140.20 24,907.20 25,048.40    -75.90       -0.30 112,356.00
206  2025-12-17 02:00:00  NAS100 25,048.00 25,175.80 24,957.30 25,055.20      6.80        0.03  55,419.00
207  2025-12-17 06:00:00  NAS100 25,085.95 25,114.60 25,007.00 25,103.10     47.90        0.19  44,817.00
208  2025-12-17 10:00:00  NAS100 25,103.20 25,153.20 25,032.30 25,134.20     31.10        0.12  31,458.00
209  2025-12-17 14:00:00  NAS100 25,134.00 25,231.50 25,122.20 25,223.40     89.20        0.35  39,704.00
210  2025-12-17 18:00:00  NAS100 25,223.20 25,248.00 24,986.10 25,074.00   -149.40       -0.59  53,706.00
211  2025-12-17 22:00:00  NAS100 25,071.40 25,085.70 24,675.30 24,697.90   -376.10       -1.50 119,218.00
212  2025-12-18 02:00:00  NAS100 24,698.60 24,735.50 24,628.80 24,693.20     -4.70       -0.02  54,411.00
213  2025-12-18 06:00:00  NAS100 24,751.05 24,771.10 24,661.20 24,728.30     35.10        0.14  47,834.00
214  2025-12-18 10:00:00  NAS100 24,728.20 24,753.40 24,662.50 24,742.90     14.60        0.06  31,905.00
215  2025-12-18 14:00:00  NAS100 24,742.80 24,858.00 24,741.90 24,838.60     95.70        0.39  37,386.00
216  2025-12-18 18:00:00  NAS100 24,838.70 25,088.00 24,824.50 25,036.90    198.30        0.80  57,834.00
217  2025-12-18 22:00:00  NAS100 25,036.40 25,176.60 24,931.50 25,101.20     64.30        0.26 104,986.00
218  2025-12-19 02:00:00  NAS100 25,100.00 25,104.60 24,955.30 24,982.80   -118.40       -0.47  56,255.00
219  2025-12-19 06:00:00  NAS100 24,997.25 25,041.10 24,964.45 25,006.40     23.60        0.09  35,222.00
220  2025-12-19 10:00:00  NAS100 25,006.20 25,075.70 24,991.40 25,052.70     46.30        0.19  31,724.00
221  2025-12-19 14:00:00  NAS100 25,053.10 25,147.10 25,052.90 25,115.30     62.60        0.25  36,685.00
222  2025-12-19 18:00:00  NAS100 25,114.50 25,327.10 25,028.40 25,314.00    198.70        0.79  54,351.00
223  2025-12-19 22:00:00  NAS100 25,312.80 25,353.70 25,214.70 25,306.30     -7.70       -0.03  80,412.00
224  2025-12-20 02:00:00  NAS100 25,305.80 25,353.30 25,304.40 25,351.20     44.90        0.18  32,878.00
225  2025-12-22 06:00:00  NAS100 25,396.55 25,450.70 25,384.85 25,448.80     97.60        0.38  22,478.00
226  2025-12-22 10:00:00  NAS100 25,448.90 25,451.60 25,415.50 25,442.60     -6.20       -0.02  11,070.00
227  2025-12-22 14:00:00  NAS100 25,443.00 25,482.90 25,439.30 25,465.20     22.60        0.09  17,396.00
228  2025-12-22 18:00:00  NAS100 25,465.10 25,552.00 25,430.30 25,504.80     39.60        0.16  34,515.00
229  2025-12-22 22:00:00  NAS100 25,505.60 25,512.10 25,387.60 25,439.30    -65.50       -0.26  60,795.00
230  2025-12-23 02:00:00  NAS100 25,439.50 25,461.60 25,426.40 25,450.60     11.30        0.04  20,840.00
231  2025-12-23 06:00:00  NAS100 25,464.15 25,499.30 25,457.50 25,484.40     33.80        0.13  14,591.00
232  2025-12-23 10:00:00  NAS100 25,484.60 25,492.30 25,415.10 25,429.20    -55.20       -0.22  12,167.00
233  2025-12-23 14:00:00  NAS100 25,429.60 25,489.40 25,419.90 25,468.10     38.90        0.15  16,134.00
234  2025-12-23 18:00:00  NAS100 25,468.00 25,512.30 25,370.40 25,453.50    -14.60       -0.06  38,479.00
235  2025-12-23 22:00:00  NAS100 25,453.40 25,541.30 25,390.20 25,535.00     81.50        0.32  47,440.00
236  2025-12-24 02:00:00  NAS100 25,535.20 25,584.70 25,534.10 25,577.30     42.30        0.17  15,687.00
237  2025-12-24 06:00:00  NAS100 25,574.45 25,593.75 25,551.95 25,562.05    -15.25       -0.06  12,576.00
238  2025-12-24 10:00:00  NAS100 25,561.95 25,570.75 25,546.35 25,561.35     -0.70       -0.00   7,120.00
239  2025-12-24 14:00:00  NAS100 25,560.95 25,574.90 25,552.00 25,561.30     -0.05       -0.00   6,502.00
240  2025-12-24 18:00:00  NAS100 25,561.10 25,599.60 25,552.70 25,577.90     16.60        0.06  21,434.00
241  2025-12-24 22:00:00  NAS100 25,577.60 25,659.90 25,572.40 25,633.30     55.40        0.22  30,813.00
242  2025-12-26 06:00:00  NAS100 25,651.10 25,685.50 25,635.85 25,665.60     32.30        0.13  14,326.00
243  2025-12-26 10:00:00  NAS100 25,665.70 25,671.80 25,637.80 25,640.70    -24.90       -0.10   6,850.00
244  2025-12-26 14:00:00  NAS100 25,640.80 25,661.30 25,612.80 25,652.90     12.20        0.05   9,028.00
245  2025-12-26 18:00:00  NAS100 25,653.30 25,703.80 25,634.90 25,650.20     -2.70       -0.01  25,077.00
246  2025-12-26 22:00:00  NAS100 25,649.50 25,679.80 25,603.90 25,661.20     11.00        0.04  47,539.00
247  2025-12-27 02:00:00  NAS100 25,661.10 25,667.70 25,623.20 25,626.20    -35.00       -0.14  16,344.00
248  2025-12-29 06:00:00  NAS100 25,654.65 25,674.60 25,606.40 25,626.60      0.40        0.00  18,980.00
249  2025-12-29 10:00:00  NAS100 25,626.70 25,648.70 25,593.60 25,597.10    -29.50       -0.12  14,419.00
250  2025-12-29 14:00:00  NAS100 25,597.60 25,603.70 25,513.20 25,527.90    -69.20       -0.27  26,374.00
251  2025-12-29 18:00:00  NAS100 25,528.10 25,599.70 25,438.50 25,504.90    -23.00       -0.09  40,507.00
252  2025-12-29 22:00:00  NAS100 25,504.80 25,554.10 25,429.70 25,475.70    -29.20       -0.11  60,450.00
253  2025-12-30 02:00:00  NAS100 25,475.80 25,555.20 25,465.30 25,525.70     50.00        0.20  20,990.00
254  2025-12-30 06:00:00  NAS100 25,524.05 25,528.95 25,481.00 25,494.40    -31.30       -0.12  14,848.00
255  2025-12-30 10:00:00  NAS100 25,494.70 25,538.40 25,493.60 25,510.40     16.00        0.06  11,183.00
256  2025-12-30 14:00:00  NAS100 25,510.00 25,535.90 25,469.30 25,511.80      1.40        0.01  15,675.00
257  2025-12-30 18:00:00  NAS100 25,511.90 25,558.60 25,458.90 25,540.80     29.00        0.11  32,084.00
258  2025-12-30 22:00:00  NAS100 25,540.10 25,577.70 25,466.50 25,517.30    -23.50       -0.09  48,054.00
259  2025-12-31 02:00:00  NAS100 25,517.00 25,526.90 25,453.20 25,461.10    -56.20       -0.22  20,080.00
260  2025-12-31 06:00:00  NAS100 25,473.65 25,475.15 25,370.30 25,407.10    -54.00       -0.21  16,495.00
261  2025-12-31 10:00:00  NAS100 25,406.90 25,414.70 25,361.40 25,377.00    -30.10       -0.12  10,609.00
262  2025-12-31 14:00:00  NAS100 25,376.70 25,390.60 25,334.40 25,366.20    -10.80       -0.04  15,007.00
263  2025-12-31 18:00:00  NAS100 25,366.60 25,497.60 25,363.40 25,387.70     21.50        0.08  32,527.00
264  2025-12-31 22:00:00  NAS100 25,387.20 25,410.50 25,324.40 25,395.90      8.20        0.03  50,704.00
265  2026-01-01 02:00:00  NAS100 25,395.80 25,415.00 25,210.80 25,216.10   -179.80       -0.71  35,434.00
266  2026-01-02 06:00:00  NAS100 25,270.25 25,401.10 25,244.25 25,397.90    181.80        0.72  20,980.00
267  2026-01-02 10:00:00  NAS100 25,397.40 25,443.70 25,390.70 25,430.80     32.90        0.13  11,303.00
268  2026-01-02 14:00:00  NAS100 25,431.30 25,532.10 25,419.40 25,524.80     94.00        0.37  23,306.00
269  2026-01-02 18:00:00  NAS100 25,524.70 25,595.00 25,434.30 25,528.20      3.40        0.01  39,525.00
270  2026-01-02 22:00:00  NAS100 25,528.70 25,573.90 25,060.10 25,089.40   -438.80       -1.72 106,640.00
271  2026-01-03 02:00:00  NAS100 25,089.10 25,251.00 25,083.50 25,188.50     99.10        0.39  44,235.00
272  2026-01-05 06:00:00  NAS100 25,242.40 25,290.90 25,211.65 25,278.70     90.20        0.36  38,926.00
273  2026-01-05 10:00:00  NAS100 25,278.50 25,311.20 25,262.00 25,310.40     31.70        0.13  16,112.00
274  2026-01-05 14:00:00  NAS100 25,310.50 25,362.90 25,259.80 25,358.30     47.90        0.19  32,204.00
275  2026-01-05 18:00:00  NAS100 25,357.70 25,480.20 25,325.00 25,399.30     41.00        0.16  45,474.00
276  2026-01-05 22:00:00  NAS100 25,404.30 25,515.40 25,365.70 25,421.30     22.00        0.09  77,828.00
277  2026-01-06 02:00:00  NAS100 25,421.40 25,426.40 25,358.40 25,386.20    -35.10       -0.14  28,521.00
278  2026-01-06 06:00:00  NAS100 25,396.05 25,432.20 25,360.90 25,431.20     45.00        0.18  20,643.00
279  2026-01-06 10:00:00  NAS100 25,431.00 25,481.20 25,424.60 25,476.30     45.10        0.18  11,264.00
280  2026-01-06 14:00:00  NAS100 25,476.80 25,476.80 25,335.10 25,401.90    -74.40       -0.29  29,796.00
281  2026-01-06 18:00:00  NAS100 25,402.30 25,572.40 25,402.20 25,565.10    163.20        0.64  37,584.00
282  2026-01-06 22:00:00  NAS100 25,567.40 25,614.00 25,442.40 25,613.50     48.40        0.19  71,636.00
283  2026-01-07 02:00:00  NAS100 25,613.90 25,646.10 25,602.80 25,640.50     27.00        0.11  21,355.00
284  2026-01-07 06:00:00  NAS100 25,641.95 25,653.45 25,611.30 25,615.90    -24.60       -0.10  18,462.00
285  2026-01-07 10:00:00  NAS100 25,616.00 25,630.90 25,577.80 25,578.10    -37.80       -0.15  14,404.00
286  2026-01-07 14:00:00  NAS100 25,577.80 25,597.00 25,536.50 25,548.80    -29.30       -0.11  20,138.00
287  2026-01-07 18:00:00  NAS100 25,548.90 25,688.60 25,541.50 25,665.20    116.40        0.46  36,779.00
288  2026-01-07 22:00:00  NAS100 25,668.00 25,805.40 25,622.00 25,765.00     99.80        0.39  65,225.00
289  2026-01-08 02:00:00  NAS100 25,765.40 25,765.40 25,624.90 25,644.80   -120.20       -0.47  36,207.00
290  2026-01-08 06:00:00  NAS100 25,660.15 25,665.35 25,591.60 25,602.10    -42.70       -0.17  19,742.00
291  2026-01-08 10:00:00  NAS100 25,602.30 25,611.30 25,487.40 25,521.50    -80.60       -0.31  22,306.00
292  2026-01-08 14:00:00  NAS100 25,522.30 25,619.90 25,497.40 25,588.70     67.20        0.26  31,754.00
293  2026-01-08 18:00:00  NAS100 25,588.90 25,634.40 25,412.20 25,414.90   -173.80       -0.68  44,827.00
294  2026-01-08 22:00:00  NAS100 25,413.50 25,530.10 25,381.50 25,449.00     34.10        0.13  89,019.00
295  2026-01-09 02:00:00  NAS100 25,448.00 25,558.80 25,415.40 25,529.60     80.60        0.32  34,565.00
296  2026-01-09 06:00:00  NAS100 25,540.05 25,549.15 25,450.40 25,506.80    -22.80       -0.09  24,972.00
297  2026-01-09 10:00:00  NAS100 25,506.40 25,524.30 25,480.50 25,513.00      6.20        0.02  17,834.00
298  2026-01-09 14:00:00  NAS100 25,514.10 25,559.40 25,475.00 25,550.70     37.70        0.15  25,290.00
299  2026-01-09 18:00:00  NAS100 25,550.10 25,647.90 25,470.20 25,557.00      6.30        0.02  51,065.00
300  2026-01-09 22:00:00  NAS100 25,556.80 25,793.80 25,441.40 25,787.90    230.90        0.90  78,455.00
301  2026-01-10 02:00:00  NAS100 25,787.80 25,807.60 25,746.20 25,754.00    -33.90       -0.13  22,479.00
302  2026-01-12 06:00:00  NAS100 25,781.35 25,781.35 25,549.40 25,573.00   -181.00       -0.70  44,258.00
303  2026-01-12 10:00:00  NAS100 25,572.70 25,578.00 25,502.40 25,542.70    -30.30       -0.12  21,684.00
304  2026-01-12 14:00:00  NAS100 25,542.90 25,575.30 25,459.20 25,532.80     -9.90       -0.04  34,501.00
305  2026-01-12 18:00:00  NAS100 25,533.30 25,745.10 25,531.00 25,728.50    195.70        0.77  43,357.00
306  2026-01-12 22:00:00  NAS100 25,728.40 25,822.10 25,691.70 25,804.00     75.50        0.29  61,559.00
307  2026-01-13 02:00:00  NAS100 25,803.90 25,841.80 25,755.20 25,764.80    -39.20       -0.15  22,139.00
308  2026-01-13 06:00:00  NAS100 25,773.25 25,773.25 25,672.00 25,704.50    -60.30       -0.23  23,374.00
309  2026-01-13 10:00:00  NAS100 25,704.40 25,758.50 25,688.30 25,742.70     38.20        0.15  16,405.00
310  2026-01-13 14:00:00  NAS100 25,742.50 25,762.80 25,698.10 25,704.70    -38.00       -0.15  21,747.00
311  2026-01-13 18:00:00  NAS100 25,705.20 25,876.80 25,697.50 25,782.50     77.80        0.30  46,950.00
312  2026-01-13 22:00:00  NAS100 25,781.00 25,851.90 25,645.30 25,674.20   -108.30       -0.42  90,661.00
313  2026-01-14 02:00:00  NAS100 25,675.30 25,760.60 25,638.10 25,733.00     58.80        0.23  39,657.00
314  2026-01-14 06:00:00  NAS100 25,737.85 25,759.00 25,711.20 25,728.50     -4.50       -0.02  22,594.00
315  2026-01-14 10:00:00  NAS100 25,728.00 25,760.20 25,670.80 25,694.50    -34.00       -0.13  19,111.00
316  2026-01-14 14:00:00  NAS100 25,694.90 25,713.30 25,547.20 25,572.60   -121.90       -0.47  30,184.00
317  2026-01-14 18:00:00  NAS100 25,572.30 25,639.10 25,417.70 25,418.90   -153.70       -0.60  57,001.00
318  2026-01-14 22:00:00  NAS100 25,420.50 25,527.30 25,259.70 25,353.60    -65.30       -0.26 101,417.00
319  2026-01-15 02:00:00  NAS100 25,351.30 25,496.30 25,301.30 25,449.50     95.90        0.38  52,863.00
320  2026-01-15 06:00:00  NAS100 25,433.25 25,484.00 25,400.45 25,450.20      0.70        0.00  33,501.00
321  2026-01-15 10:00:00  NAS100 25,450.30 25,563.60 25,411.30 25,542.00     91.80        0.36  32,772.00
322  2026-01-15 14:00:00  NAS100 25,541.90 25,673.90 25,515.60 25,658.50    116.50        0.46  35,997.00
323  2026-01-15 18:00:00  NAS100 25,658.70 25,791.60 25,652.90 25,708.40     49.90        0.19  47,912.00
324  2026-01-15 22:00:00  NAS100 25,705.10 25,781.90 25,649.90 25,729.90     21.50        0.08  81,875.00
325  2026-01-16 02:00:00  NAS100 25,729.80 25,729.80 25,519.20 25,545.20   -184.70       -0.72  48,581.00
326  2026-01-16 06:00:00  NAS100 25,552.45 25,625.90 25,538.95 25,616.50     71.30        0.28  21,139.00
327  2026-01-16 10:00:00  NAS100 25,616.70 25,656.20 25,613.80 25,652.50     36.00        0.14  11,861.00
328  2026-01-16 14:00:00  NAS100 25,652.60 25,693.40 25,625.00 25,684.00     31.50        0.12  21,103.00
329  2026-01-16 18:00:00  NAS100 25,684.10 25,719.90 25,557.40 25,558.00   -126.00       -0.49  45,550.00
330  2026-01-16 22:00:00  NAS100 25,558.20 25,594.60 25,421.50 25,558.80      0.80        0.00  81,775.00
331  2026-01-17 02:00:00  NAS100 25,558.10 25,589.90 25,513.70 25,523.90    -34.90       -0.14  37,893.00
332  2026-01-19 06:00:00  NAS100 25,301.25 25,308.15 25,207.60 25,248.00   -275.90       -1.08  54,515.00
333  2026-01-19 10:00:00  NAS100 25,247.70 25,250.20 25,196.30 25,216.30    -31.70       -0.13  24,322.00
334  2026-01-19 14:00:00  NAS100 25,216.20 25,250.60 25,090.40 25,101.60   -114.70       -0.45  51,430.00
335  2026-01-19 18:00:00  NAS100 25,101.00 25,180.90 25,069.50 25,148.70     47.10        0.19  44,819.00
336  2026-01-19 22:00:00  NAS100 25,148.60 25,248.70 25,120.40 25,229.90     81.20        0.32  34,255.00
337  2026-01-20 06:00:00  NAS100 25,231.75 25,274.20 25,161.40 25,260.70     30.80        0.12  39,087.00
338  2026-01-20 10:00:00  NAS100 25,260.60 25,267.50 25,096.40 25,147.10   -113.60       -0.45  33,241.00
339  2026-01-20 14:00:00  NAS100 25,147.20 25,156.50 24,932.20 25,006.50   -140.60       -0.56  68,921.00
340  2026-01-20 18:00:00  NAS100 25,006.20 25,206.70 25,004.40 25,162.20    155.70        0.62  76,409.00
341  2026-01-20 22:00:00  NAS100 25,160.60 25,267.10 25,014.70 25,042.30   -119.90       -0.48 110,403.00
342  2026-01-21 02:00:00  NAS100 25,041.70 25,067.30 24,937.60 24,977.40    -64.90       -0.26  55,327.00
343  2026-01-21 06:00:00  NAS100 24,990.55 25,062.90 24,948.40 25,023.80     46.40        0.19  32,616.00
344  2026-01-21 10:00:00  NAS100 25,023.90 25,075.30 25,023.70 25,041.00     17.20        0.07  25,863.00
345  2026-01-21 14:00:00  NAS100 25,040.90 25,090.80 24,965.50 24,996.30    -44.70       -0.18  38,509.00
346  2026-01-21 18:00:00  NAS100 24,995.50 25,184.20 24,868.50 25,171.10    174.80        0.70  76,246.00
347  2026-01-21 22:00:00  NAS100 25,170.60 25,342.10 24,991.90 25,132.70    -38.40       -0.15 119,847.00
348  2026-01-22 02:00:00  NAS100 25,131.30 25,502.40 25,083.30 25,349.80    217.10        0.86  67,837.00
349  2026-01-22 06:00:00  NAS100 25,378.05 25,441.60 25,365.70 25,407.00     57.20        0.23  29,476.00
350  2026-01-22 10:00:00  NAS100 25,407.60 25,433.70 25,323.00 25,379.00    -28.00       -0.11  25,887.00
351  2026-01-22 14:00:00  NAS100 25,378.80 25,563.80 25,339.00 25,536.70    157.70        0.62  41,766.00
352  2026-01-22 18:00:00  NAS100 25,536.30 25,587.70 25,403.10 25,429.60   -107.10       -0.42  55,722.00
353  2026-01-22 22:00:00  NAS100 25,432.80 25,567.90 25,388.10 25,519.20     89.60        0.35  85,734.00
354  2026-01-23 02:00:00  NAS100 25,518.80 25,559.80 25,435.00 25,479.80    -39.40       -0.15  43,976.00
355  2026-01-23 06:00:00  NAS100 25,459.45 25,545.10 25,432.65 25,525.10     45.30        0.18  25,924.00
356  2026-01-23 10:00:00  NAS100 25,525.00 25,587.60 25,524.60 25,556.70     31.60        0.12  17,033.00
357  2026-01-23 14:00:00  NAS100 25,557.10 25,575.70 25,397.90 25,421.40   -135.30       -0.53  42,076.00
358  2026-01-23 18:00:00  NAS100 25,421.50 25,517.90 25,411.10 25,517.90     96.50        0.38  57,492.00
359  2026-01-23 22:00:00  NAS100 25,517.70 25,704.60 25,517.20 25,578.80     60.90        0.24  90,701.00
360  2026-01-24 02:00:00  NAS100 25,579.00 25,627.70 25,526.00 25,533.10    -45.70       -0.18  42,188.00
361  2026-01-26 06:00:00  NAS100 25,358.85 25,529.80 25,250.85 25,470.90    -62.20       -0.24  58,019.00
362  2026-01-26 10:00:00  NAS100 25,470.70 25,563.50 25,470.50 25,532.70     61.80        0.24  34,526.00
363  2026-01-26 14:00:00  NAS100 25,532.80 25,604.90 25,445.90 25,512.30    -20.40       -0.08  41,170.00
364  2026-01-26 18:00:00  NAS100 25,512.60 25,723.10 25,503.70 25,708.30    196.00        0.77  47,829.00
365  2026-01-26 22:00:00  NAS100 25,708.00 25,801.50 25,673.70 25,769.20     60.90        0.24  68,246.00
366  2026-01-27 02:00:00  NAS100 25,769.10 25,783.10 25,704.70 25,731.50    -37.70       -0.15  29,633.00
367  2026-01-27 06:00:00  NAS100 25,719.65 25,846.90 25,705.35 25,843.30    111.80        0.43  19,507.00
368  2026-01-27 10:00:00  NAS100 25,842.90 25,900.30 25,835.10 25,874.50     31.20        0.12  14,924.00
369  2026-01-27 14:00:00  NAS100 25,874.80 25,892.70 25,839.20 25,878.10      3.60        0.01  27,618.00
370  2026-01-27 18:00:00  NAS100 25,878.00 25,929.00 25,790.10 25,923.60     45.50        0.18  42,724.00
371  2026-01-27 22:00:00  NAS100 25,923.80 25,977.90 25,894.40 25,961.90     38.30        0.15  60,119.00
372  2026-01-28 02:00:00  NAS100 25,961.30 25,989.00 25,933.20 25,981.20     19.30        0.07  25,934.00
373  2026-01-28 06:00:00  NAS100 25,982.75 26,093.50 25,982.75 26,079.60     98.40        0.38  21,502.00
374  2026-01-28 10:00:00  NAS100 26,079.60 26,213.90 26,058.40 26,167.60     88.00        0.34  22,170.00
375  2026-01-28 14:00:00  NAS100 26,167.10 26,196.50 26,118.00 26,188.00     20.40        0.08  36,012.00
376  2026-01-28 18:00:00  NAS100 26,188.10 26,197.60 26,074.60 26,128.30    -59.70       -0.23  51,323.00
377  2026-01-28 22:00:00  NAS100 26,128.50 26,139.50 25,960.30 26,033.60    -94.70       -0.36  78,680.00
378  2026-01-29 02:00:00  NAS100 26,032.10 26,156.90 25,864.30 26,137.30    103.70        0.40  68,198.00
379  2026-01-29 06:00:00  NAS100 26,156.75 26,161.45 25,952.60 26,028.30   -109.00       -0.42  60,950.00
380  2026-01-29 10:00:00  NAS100 26,028.40 26,134.60 26,028.40 26,112.60     84.30        0.32  27,446.00
381  2026-01-29 14:00:00  NAS100 26,112.50 26,146.50 26,053.50 26,057.70    -54.90       -0.21  40,569.00
382  2026-01-29 18:00:00  NAS100 26,057.50 26,088.10 25,724.80 25,729.10   -328.60       -1.26  60,284.00
383  2026-01-29 22:00:00  NAS100 25,729.90 25,756.20 25,403.40 25,703.30    -25.80       -0.10 124,323.00
384  2026-01-30 02:00:00  NAS100 25,702.70 25,905.40 25,687.00 25,848.50    145.20        0.56  58,365.00
385  2026-01-30 06:00:00  NAS100 25,879.85 25,890.90 25,608.90 25,716.10   -132.40       -0.51  67,178.00
386  2026-01-30 10:00:00  NAS100 25,717.80 25,768.20 25,609.40 25,623.60    -92.50       -0.36  52,771.00
387  2026-01-30 14:00:00  NAS100 25,623.40 25,676.40 25,522.60 25,637.00     13.40        0.05  68,638.00
388  2026-01-30 18:00:00  NAS100 25,637.10 25,811.10 25,636.30 25,700.80     63.80        0.25  78,787.00
389  2026-01-30 22:00:00  NAS100 25,700.40 25,804.50 25,442.60 25,614.10    -86.70       -0.34 129,458.00
390  2026-01-31 02:00:00  NAS100 25,614.50 25,654.10 25,444.80 25,511.60   -102.50       -0.40  70,939.00
391  2026-02-02 06:00:00  NAS100 25,385.50 25,523.30 25,236.10 25,244.90   -266.70       -1.05  87,358.00
392  2026-02-02 10:00:00  NAS100 25,245.60 25,265.90 25,060.50 25,111.80   -133.10       -0.53  80,315.00
393  2026-02-02 14:00:00  NAS100 25,112.40 25,348.90 25,111.00 25,284.40    172.60        0.69  65,798.00
394  2026-02-02 18:00:00  NAS100 25,284.90 25,682.10 25,278.60 25,634.10    349.70        1.38  65,887.00
395  2026-02-02 22:00:00  NAS100 25,629.50 25,832.00 25,617.40 25,825.50    191.40        0.75  82,568.00
396  2026-02-03 02:00:00  NAS100 25,825.20 25,828.20 25,705.20 25,755.80    -69.70       -0.27  46,368.00
397  2026-02-03 06:00:00  NAS100 25,765.15 25,871.70 25,748.55 25,809.70     53.90        0.21  40,096.00
398  2026-02-03 10:00:00  NAS100 25,809.40 25,888.20 25,794.70 25,873.20     63.50        0.25  29,276.00
399  2026-02-03 14:00:00  NAS100 25,872.80 25,908.80 25,826.50 25,837.50    -35.70       -0.14  39,927.00
400  2026-02-03 18:00:00  NAS100 25,837.30 25,884.20 25,505.30 25,513.10   -324.40       -1.26  55,596.00
401  2026-02-03 22:00:00  NAS100 25,513.30 25,527.60 25,125.60 25,125.60   -387.50       -1.52 125,585.00
402  2026-02-04 02:00:00  NAS100 25,125.10 25,359.70 25,098.60 25,305.00    179.40        0.71  74,201.00
403  2026-02-04 06:00:00  NAS100 25,274.65 25,360.60 25,250.45 25,300.10     -4.90       -0.02  44,166.00
404  2026-02-04 10:00:00  NAS100 25,300.30 25,376.60 25,290.20 25,357.90     57.80        0.23  31,582.00
405  2026-02-04 14:00:00  NAS100 25,357.90 25,401.60 25,239.60 25,341.50    -16.40       -0.06  52,964.00
406  2026-02-04 18:00:00  NAS100 25,342.10 25,382.90 25,075.00 25,084.10   -257.40       -1.02  68,598.00
407  2026-02-04 22:00:00  NAS100 25,074.10 25,192.80 24,668.70 24,808.30   -275.80       -1.10 138,413.00
408  2026-02-05 02:00:00  NAS100 24,807.50 25,002.20 24,749.10 24,904.00     95.70        0.39  55,361.00
409  2026-02-05 06:00:00  NAS100 24,974.25 25,060.70 24,852.40 24,853.70    -50.30       -0.20  52,175.00
410  2026-02-05 10:00:00  NAS100 24,855.30 24,969.30 24,808.40 24,964.60    110.90        0.45  65,267.00
411  2026-02-05 14:00:00  NAS100 24,964.80 25,012.80 24,868.00 24,925.60    -39.00       -0.16  62,009.00
412  2026-02-05 18:00:00  NAS100 24,925.40 24,956.80 24,539.00 24,660.40   -265.20       -1.06 100,425.00
413  2026-02-05 22:00:00  NAS100 24,659.40 24,776.20 24,434.90 24,589.90    -70.50       -0.29 139,588.00
414  2026-02-06 02:00:00  NAS100 24,588.20 24,727.60 24,296.40 24,314.60   -275.30       -1.12  83,685.00
415  2026-02-06 06:00:00  NAS100 24,316.95 24,472.70 24,138.80 24,431.40    116.80        0.48  79,499.00
416  2026-02-06 10:00:00  NAS100 24,431.20 24,510.00 24,324.40 24,444.60     13.20        0.05  58,664.00
417  2026-02-06 14:00:00  NAS100 24,444.50 24,696.70 24,387.90 24,693.80    249.20        1.02  64,200.00
418  2026-02-06 18:00:00  NAS100 24,692.70 24,885.30 24,600.60 24,755.10     61.30        0.25  77,680.00
419  2026-02-06 22:00:00  NAS100 24,761.20 25,027.50 24,638.60 24,985.10    230.00        0.93 108,247.00
420  2026-02-07 02:00:00  NAS100 24,985.40 25,121.70 24,956.90 25,005.40     20.30        0.08  43,542.00
421  2026-02-09 06:00:00  NAS100 25,080.10 25,252.65 25,079.35 25,134.10    128.70        0.51  67,529.00
422  2026-02-09 10:00:00  NAS100 25,133.70 25,148.05 25,063.10 25,073.60    -60.50       -0.24  48,507.00
423  2026-02-09 14:00:00  NAS100 25,072.70 25,120.40 24,874.90 24,950.65   -122.95       -0.49  60,840.00
424  2026-02-09 18:00:00  NAS100 24,950.30 25,094.30 24,862.30 25,021.80     71.15        0.29  73,770.00
425  2026-02-09 22:00:00  NAS100 25,018.90 25,324.45 25,010.20 25,278.05    256.25        1.02 129,012.00
426  2026-02-10 02:00:00  NAS100 25,277.80 25,336.10 25,242.40 25,269.30     -8.75       -0.03  70,254.00
427  2026-02-10 06:00:00  NAS100 25,284.45 25,306.75 25,198.70 25,217.20    -52.10       -0.21  38,911.00
428  2026-02-10 10:00:00  NAS100 25,217.40 25,268.70 25,190.20 25,224.50      7.30        0.03  24,576.00
429  2026-02-10 14:00:00  NAS100 25,224.20 25,317.10 25,217.70 25,268.80     44.30        0.18  36,312.00
430  2026-02-10 18:00:00  NAS100 25,268.90 25,334.40 25,167.40 25,303.10     34.30        0.14  59,542.00
431  2026-02-10 22:00:00  NAS100 25,301.60 25,357.40 25,184.40 25,226.00    -77.10       -0.30  99,558.00
432  2026-02-11 02:00:00  NAS100 25,225.70 25,235.60 25,111.50 25,170.20    -55.80       -0.22  44,200.00
433  2026-02-11 06:00:00  NAS100 25,169.45 25,243.50 25,168.65 25,235.80     65.60        0.26  16,683.00
434  2026-02-11 10:00:00  NAS100 25,235.90 25,258.70 25,182.10 25,183.20    -52.60       -0.21  17,773.00
435  2026-02-11 14:00:00  NAS100 25,183.40 25,203.70 25,063.60 25,122.80    -60.40       -0.24  40,020.00
436  2026-02-11 18:00:00  NAS100 25,123.30 25,376.80 25,121.80 25,217.10     94.30        0.38  64,875.00
437  2026-02-11 22:00:00  NAS100 25,217.60 25,256.60 24,968.90 25,218.90      1.80        0.01 117,674.00
438  2026-02-12 02:00:00  NAS100 25,218.70 25,277.30 25,176.50 25,195.40    -23.50       -0.09  48,168.00
439  2026-02-12 06:00:00  NAS100 25,198.35 25,231.30 25,124.05 25,210.20     14.80        0.06  35,751.00
440  2026-02-12 10:00:00  NAS100 25,209.70 25,261.20 25,199.40 25,236.80     26.60        0.11  21,437.00
441  2026-02-12 14:00:00  NAS100 25,236.90 25,296.60 25,232.10 25,272.90     36.10        0.14  32,853.00
442  2026-02-12 18:00:00  NAS100 25,273.00 25,344.40 25,111.90 25,127.40   -145.50       -0.58  48,946.00
443  2026-02-12 22:00:00  NAS100 25,131.70 25,184.10 24,719.60 24,821.70   -305.70       -1.22 131,893.00
444  2026-02-13 02:00:00  NAS100 24,821.50 24,859.10 24,637.90 24,738.90    -82.80       -0.33  66,043.00
445  2026-02-13 06:00:00  NAS100 24,756.25 24,776.50 24,622.80 24,715.80    -23.10       -0.09  60,661.00
446  2026-02-13 10:00:00  NAS100 24,715.90 24,733.30 24,556.70 24,626.70    -89.10       -0.36  51,695.00
447  2026-02-13 14:00:00  NAS100 24,626.50 24,720.80 24,588.30 24,642.70     16.00        0.06  61,983.00
448  2026-02-13 18:00:00  NAS100 24,642.30 24,760.10 24,490.80 24,607.60    -35.10       -0.14  95,441.00
449  2026-02-13 22:00:00  NAS100 24,606.00 24,906.10 24,604.40 24,850.50    242.90        0.99 122,311.00
450  2026-02-14 02:00:00  NAS100 24,850.80 24,879.30 24,643.20 24,683.80   -166.70       -0.67  64,422.00
451  2026-02-16 06:00:00  NAS100 24,713.15 24,796.20 24,679.35 24,755.70     71.90        0.29  32,657.00
452  2026-02-16 10:00:00  NAS100 24,755.90 24,764.10 24,718.30 24,747.60     -8.10       -0.03  18,341.00
453  2026-02-16 14:00:00  NAS100 24,747.70 24,845.70 24,745.80 24,801.80     54.20        0.22  30,944.00
454  2026-02-16 18:00:00  NAS100 24,802.50 24,804.50 24,616.90 24,692.10   -109.70       -0.44  42,092.00
455  2026-02-16 22:00:00  NAS100 24,692.60 24,721.20 24,595.50 24,669.50    -22.60       -0.09  46,172.00
456  2026-02-17 06:00:00  NAS100 24,681.45 24,765.55 24,542.45 24,586.55    -82.95       -0.34  45,449.00
457  2026-02-17 10:00:00  NAS100 24,586.65 24,589.55 24,483.45 24,553.35    -33.20       -0.14  36,782.00
458  2026-02-17 14:00:00  NAS100 24,553.65 24,650.05 24,509.05 24,532.90    -20.45       -0.08  48,042.00
459  2026-02-17 18:00:00  NAS100 24,533.20 24,739.20 24,402.10 24,411.10   -121.80       -0.50  73,674.00
460  2026-02-17 22:00:00  NAS100 24,403.00 24,798.10 24,375.70 24,771.10    360.00        1.47 130,753.00
461  2026-02-18 02:00:00  NAS100 24,771.60 24,815.10 24,662.30 24,694.70    -76.40       -0.31  61,269.00
462  2026-02-18 06:00:00  NAS100 24,707.65 24,711.75 24,631.90 24,688.30     -6.40       -0.03  32,934.00
463  2026-02-18 10:00:00  NAS100 24,689.30 24,776.40 24,666.80 24,753.90     65.60        0.27  22,063.00
464  2026-02-18 14:00:00  NAS100 24,752.90 24,871.20 24,732.70 24,851.70     97.80        0.40  34,510.00
465  2026-02-18 18:00:00  NAS100 24,851.80 24,891.50 24,682.60 24,870.00     18.30        0.07  61,546.00
466  2026-02-18 22:00:00  NAS100 24,871.60 25,057.90 24,867.90 24,955.00     85.00        0.34  89,279.00
467  2026-02-19 02:00:00  NAS100 24,955.80 24,965.80 24,786.60 24,866.70    -88.30       -0.35  56,276.00
468  2026-02-19 06:00:00  NAS100 24,872.45 24,923.95 24,846.75 24,908.50     41.80        0.17  32,640.00
469  2026-02-19 10:00:00  NAS100 24,908.60 24,949.30 24,869.90 24,947.70     39.20        0.16  21,516.00
470  2026-02-19 14:00:00  NAS100 24,947.90 24,982.60 24,754.70 24,784.00   -163.70       -0.66  48,783.00
471  2026-02-19 18:00:00  NAS100 24,782.90 24,848.80 24,691.20 24,809.90     25.90        0.10  65,813.00
472  2026-02-19 22:00:00  NAS100 24,810.30 24,887.90 24,676.80 24,770.80    -39.10       -0.16 112,103.00
473  2026-02-20 02:00:00  NAS100 24,770.70 24,800.40 24,681.10 24,764.70     -6.10       -0.02  50,594.00
474  2026-02-20 06:00:00  NAS100 24,772.85 24,869.50 24,761.75 24,832.20     67.50        0.27  33,169.00
475  2026-02-20 10:00:00  NAS100 24,832.00 24,890.80 24,820.70 24,878.20     46.00        0.19  19,319.00
476  2026-02-20 14:00:00  NAS100 24,878.10 24,919.30 24,832.00 24,837.20    -41.00       -0.16  35,109.00
477  2026-02-20 18:00:00  NAS100 24,837.10 24,892.00 24,613.60 24,827.90     -9.30       -0.04  73,047.00
478  2026-02-20 22:00:00  NAS100 24,832.20 25,073.80 24,796.30 25,033.30    205.40        0.83 123,340.00
479  2026-02-21 02:00:00  NAS100 25,033.20 25,052.90 24,949.50 25,012.90    -20.40       -0.08  49,590.00
480  2026-02-23 06:00:00  NAS100 24,956.55 24,997.45 24,750.00 24,777.80   -235.10       -0.94  57,106.00
481  2026-02-23 10:00:00  NAS100 24,778.30 24,808.10 24,746.70 24,806.90     29.10        0.12  26,851.00
482  2026-02-23 14:00:00  NAS100 24,806.70 24,942.50 24,802.50 24,909.00    102.10        0.41  37,121.00
483  2026-02-23 18:00:00  NAS100 24,909.40 24,977.70 24,798.70 24,854.00    -55.00       -0.22  58,496.00
484  2026-02-23 22:00:00  NAS100 24,856.30 24,889.50 24,607.40 24,666.30   -187.70       -0.76 108,941.00
485  2026-02-24 02:00:00  NAS100 24,669.00 24,735.30 24,618.20 24,725.40     59.10        0.24  49,351.00
486  2026-02-24 06:00:00  NAS100 24,733.95 24,824.60 24,716.55 24,815.40     90.00        0.36  39,557.00
487  2026-02-24 10:00:00  NAS100 24,815.90 24,833.10 24,769.20 24,783.80    -31.60       -0.13  21,600.00
488  2026-02-24 14:00:00  NAS100 24,783.70 24,814.70 24,707.30 24,788.00      4.20        0.02  43,581.00
489  2026-02-24 18:00:00  NAS100 24,788.10 24,909.60 24,641.30 24,823.10     35.10        0.14  64,234.00
490  2026-02-24 22:00:00  NAS100 24,822.80 25,023.80 24,766.10 24,975.80    152.70        0.62  93,363.00
491  2026-02-25 02:00:00  NAS100 24,975.90 25,013.20 24,935.10 24,958.30    -17.50       -0.07  40,020.00
492  2026-02-25 06:00:00  NAS100 24,963.15 25,060.20 24,939.55 25,053.20     94.90        0.38  32,819.00
493  2026-02-25 10:00:00  NAS100 25,052.90 25,054.90 24,945.50 24,987.60    -65.60       -0.26  32,859.00
494  2026-02-25 14:00:00  NAS100 24,987.70 25,039.70 24,964.40 25,019.70     32.10        0.13  32,616.00
495  2026-02-25 18:00:00  NAS100 25,019.10 25,296.70 25,014.70 25,289.40    269.70        1.08  45,552.00
496  2026-02-25 22:00:00  NAS100 25,289.20 25,306.00 25,211.10 25,296.90      7.50        0.03  65,527.00
497  2026-02-26 02:00:00  NAS100 25,296.80 25,439.30 25,296.00 25,406.80    109.90        0.43  35,773.00
498  2026-02-26 06:00:00  NAS100 25,331.75 25,368.15 25,215.10 25,257.20   -149.60       -0.59  45,731.00
499  2026-02-26 10:00:00  NAS100 25,256.60 25,294.10 25,233.50 25,277.40     20.20        0.08  22,947.00
500  2026-02-26 14:00:00  NAS100 25,277.10 25,351.40 25,276.50 25,306.70     29.30        0.12  33,865.00
501  2026-02-26 18:00:00  NAS100 25,307.00 25,364.90 25,133.60 25,143.00   -163.70       -0.65  48,112.00
502  2026-02-26 22:00:00  NAS100 25,142.90 25,158.20 24,813.70 24,953.30   -189.70       -0.75 111,995.00
503  2026-02-27 02:00:00  NAS100 24,952.00 25,050.80 24,942.20 24,981.00     27.70        0.11  48,923.00
504  2026-02-27 06:00:00  NAS100 24,960.40 24,985.85 24,904.20 24,980.70     -0.30       -0.00  40,278.00
505  2026-02-27 10:00:00  NAS100 24,981.00 25,009.20 24,941.30 24,980.40     -0.30       -0.00  27,432.00
506  2026-02-27 14:00:00  NAS100 24,980.50 25,047.60 24,915.80 24,949.60    -30.80       -0.12  45,109.00
507  2026-02-27 18:00:00  NAS100 24,950.30 24,961.40 24,737.90 24,836.50   -113.10       -0.45  79,383.00
508  2026-02-27 22:00:00  NAS100 24,834.60 24,991.40 24,822.00 24,857.60     21.10        0.08 112,288.00
509  2026-02-28 02:00:00  NAS100 24,857.70 24,977.00 24,829.60 24,908.30     50.70        0.20  55,569.00
510  2026-03-02 06:00:00  NAS100 24,610.40 24,857.40 24,610.40 24,777.70   -130.60       -0.52  73,997.00
511  2026-03-02 10:00:00  NAS100 24,778.40 24,792.20 24,493.50 24,547.10   -230.60       -0.93  52,974.00
512  2026-03-02 14:00:00  NAS100 24,545.90 24,641.20 24,435.00 24,614.60     67.50        0.27  77,110.00
513  2026-03-02 18:00:00  NAS100 24,614.70 24,856.90 24,552.90 24,817.00    202.40        0.82  80,575.00
514  2026-03-02 22:00:00  NAS100 24,817.50 25,037.10 24,761.50 24,933.20    116.20        0.47 108,478.00
515  2026-03-03 02:00:00  NAS100 24,933.30 25,061.00 24,909.40 24,952.70     19.50        0.08  59,003.00
516  2026-03-03 06:00:00  NAS100 24,957.95 24,969.25 24,768.10 24,820.40   -132.30       -0.53  65,879.00
517  2026-03-03 10:00:00  NAS100 24,820.50 24,842.50 24,698.00 24,712.90   -107.50       -0.43  70,136.00
518  2026-03-03 14:00:00  NAS100 24,713.00 24,726.10 24,349.30 24,407.60   -305.30       -1.24  94,308.00
519  2026-03-03 18:00:00  NAS100 24,407.10 24,624.80 24,326.50 24,455.40     47.80        0.20 103,238.00
520  2026-03-03 22:00:00  NAS100 24,455.90 24,798.80 24,318.20 24,767.20    311.80        1.27 134,646.00
521  2026-03-04 02:00:00  NAS100 24,767.70 24,817.10 24,649.00 24,665.20   -102.00       -0.41  70,864.00
522  2026-03-04 06:00:00  NAS100 24,669.15 24,764.70 24,552.10 24,599.10    -66.10       -0.27  86,957.00
523  2026-03-04 10:00:00  NAS100 24,600.10 24,606.40 24,461.60 24,533.40    -65.70       -0.27  90,633.00
524  2026-03-04 14:00:00  NAS100 24,530.10 24,827.80 24,499.20 24,809.90    276.50        1.13  85,862.00
525  2026-03-04 18:00:00  NAS100 24,810.30 24,934.00 24,688.10 24,887.70     77.80        0.31  89,241.00
526  2026-03-04 22:00:00  NAS100 24,897.50 25,183.70 24,860.00 25,162.50    274.80        1.10 102,255.00
527  2026-03-05 02:00:00  NAS100 25,162.60 25,186.70 25,064.20 25,106.70    -55.80       -0.22  45,809.00
528  2026-03-05 06:00:00  NAS100 25,115.95 25,202.25 25,003.30 25,049.70    -57.00       -0.23  65,397.00
529  2026-03-05 10:00:00  NAS100 25,050.10 25,065.10 24,940.00 25,051.00      1.30        0.01  67,783.00
530  2026-03-05 14:00:00  NAS100 25,050.60 25,164.10 24,931.60 25,065.40     14.40        0.06  77,642.00
531  2026-03-05 18:00:00  NAS100 25,067.00 25,145.90 24,922.00 25,144.90     79.50        0.32  84,280.00
532  2026-03-05 22:00:00  NAS100 25,144.40 25,165.00 24,733.60 24,774.20   -370.70       -1.47 133,578.00
533  2026-03-06 02:00:00  NAS100 24,773.00 25,014.50 24,752.40 24,970.60    196.40        0.79  71,031.00
534  2026-03-06 06:00:00  NAS100 24,981.55 25,079.10 24,965.65 25,033.20     62.60        0.25  57,165.00
535  2026-03-06 10:00:00  NAS100 25,033.40 25,104.40 25,033.40 25,068.80     35.60        0.14  38,368.00
536  2026-03-06 14:00:00  NAS100 25,069.30 25,102.90 24,846.00 24,911.10   -157.70       -0.63  70,169.00
537  2026-03-06 18:00:00  NAS100 24,911.20 24,925.40 24,573.20 24,653.90   -257.20       -1.03  97,980.00
538  2026-03-06 22:00:00  NAS100 24,652.10 24,882.90 24,628.30 24,763.30    109.40        0.44 131,522.00
539  2026-03-07 02:00:00  NAS100 24,763.60 24,816.10 24,568.60 24,624.50   -138.80       -0.56  72,987.00
540  2026-03-09 05:00:00  NAS100 24,399.85 24,442.65 23,975.80 23,978.40   -646.10       -2.62  86,859.00
541  2026-03-09 09:00:00  NAS100 23,981.80 24,228.40 23,970.90 24,228.40    250.00        1.04  84,642.00
542  2026-03-09 13:00:00  NAS100 24,227.30 24,465.20 24,181.00 24,390.90    162.50        0.67  94,379.00
543  2026-03-09 17:00:00  NAS100 24,390.60 24,493.60 24,284.50 24,341.00    -49.90       -0.20  96,849.00
544  2026-03-09 21:00:00  NAS100 24,336.40 24,723.00 24,295.70 24,585.50    244.50        1.00 118,500.00
545  2026-03-10 01:00:00  NAS100 24,585.80 25,028.00 24,583.90 24,933.50    348.00        1.42  76,252.00
546  2026-03-10 05:00:00  NAS100 24,940.25 24,967.50 24,803.55 24,957.70     24.20        0.10  64,240.00
547  2026-03-10 09:00:00  NAS100 24,957.00 24,968.80 24,824.80 24,926.70    -31.00       -0.12  64,336.00
548  2026-03-10 13:00:00  NAS100 24,927.30 25,116.20 24,909.80 25,060.20    133.50        0.54  70,360.00
549  2026-03-10 17:00:00  NAS100 25,060.70 25,075.30 24,863.40 24,933.30   -126.90       -0.51  90,856.00
550  2026-03-10 21:00:00  NAS100 24,934.40 25,186.90 24,864.50 25,139.70    206.40        0.83 110,869.00
551  2026-03-11 01:00:00  NAS100 25,139.60 25,150.30 24,910.80 24,980.20   -159.50       -0.63  75,759.00
552  2026-03-11 05:00:00  NAS100 24,980.85 25,067.50 24,922.35 25,061.20     81.00        0.32  37,237.00
553  2026-03-11 09:00:00  NAS100 25,061.30 25,093.00 24,995.80 24,999.90    -61.30       -0.24  26,171.00
554  2026-03-11 13:00:00  NAS100 24,999.50 25,022.90 24,868.90 24,871.60   -128.30       -0.51  60,251.00
555  2026-03-11 17:00:00  NAS100 24,870.90 25,083.80 24,864.80 25,069.60    198.00        0.80  80,869.00
556  2026-03-11 21:00:00  NAS100 25,068.00 25,148.00 24,838.60 24,915.50   -154.10       -0.61 117,998.00
557  2026-03-12 01:00:00  NAS100 24,915.90 24,969.50 24,854.50 24,910.20     -5.30       -0.02  51,439.00
558  2026-03-12 05:00:00  NAS100 24,916.45 24,923.25 24,710.65 24,765.70   -144.50       -0.58  57,700.00
559  2026-03-12 09:00:00  NAS100 24,766.40 24,771.80 24,673.50 24,747.30    -18.40       -0.07  47,389.00
560  2026-03-12 13:00:00  NAS100 24,747.20 24,903.30 24,722.80 24,899.90    152.60        0.62  53,542.00
561  2026-03-12 17:00:00  NAS100 24,899.30 24,909.10 24,602.80 24,628.70   -271.20       -1.09  76,420.00
562  2026-03-12 21:00:00  NAS100 24,629.70 24,719.20 24,540.10 24,603.70    -25.00       -0.10 123,041.00
563  2026-03-13 01:00:00  NAS100 24,602.70 24,649.30 24,492.70 24,542.60    -61.10       -0.25  59,354.00
564  2026-03-13 05:00:00  NAS100 24,542.85 24,642.60 24,469.80 24,611.80     69.20        0.28  50,819.00
565  2026-03-13 09:00:00  NAS100 24,611.70 24,632.90 24,535.60 24,567.70    -44.10       -0.18  41,932.00
566  2026-03-13 13:00:00  NAS100 24,567.60 24,577.30 24,379.60 24,506.20    -61.50       -0.25  71,161.00
567  2026-03-13 17:00:00  NAS100 24,506.40 24,783.60 24,500.50 24,712.10    205.90        0.84  81,277.00
568  2026-03-13 21:00:00  NAS100 24,713.20 24,748.80 24,335.30 24,354.90   -357.20       -1.45 124,736.00
569  2026-03-14 01:00:00  NAS100 24,355.00 24,453.10 24,315.20 24,317.60    -37.30       -0.15  56,143.00
570  2026-03-16 05:00:00  NAS100 24,268.25 24,509.55 24,267.20 24,500.05    182.45        0.75  85,965.00
571  2026-03-16 09:00:00  NAS100 24,499.75 24,548.05 24,457.75 24,546.25     46.20        0.19  64,918.00
572  2026-03-16 13:00:00  NAS100 24,545.50 24,570.55 24,462.40 24,477.25    -69.00       -0.28  78,575.00
573  2026-03-16 17:00:00  NAS100 24,477.80 24,726.95 24,473.25 24,722.25    245.00        1.00  93,974.00
574  2026-03-16 21:00:00  NAS100 24,722.15 24,751.85 24,606.65 24,669.65    -52.60       -0.21 126,815.00
575  2026-03-17 01:00:00  NAS100 24,669.75 24,804.60 24,624.25 24,645.75    -23.90       -0.10  69,596.00
576  2026-03-17 05:00:00  NAS100 24,644.70 24,653.05 24,576.40 24,607.15    -38.60       -0.16  68,123.00
577  2026-03-17 09:00:00  NAS100 24,607.05 24,624.15 24,524.00 24,526.40    -80.75       -0.33  65,544.00
578  2026-03-17 13:00:00  NAS100 24,526.00 24,621.05 24,500.65 24,615.05     88.65        0.36  91,963.00
579  2026-03-17 17:00:00  NAS100 24,614.75 24,885.65 24,565.20 24,865.55    250.50        1.02  94,060.00
580  2026-03-17 21:00:00  NAS100 24,863.45 24,867.75 24,718.30 24,805.85    -59.70       -0.24 128,690.00
581  2026-03-18 01:00:00  NAS100 24,806.15 24,828.10 24,753.65 24,798.45     -7.40       -0.03  61,974.00
582  2026-03-18 05:00:00  NAS100 24,793.15 24,869.55 24,762.25 24,867.90     69.45        0.28  50,162.00
583  2026-03-18 09:00:00  NAS100 24,867.55 24,941.75 24,865.90 24,939.90     72.00        0.29  46,947.00
584  2026-03-18 13:00:00  NAS100 24,940.05 24,981.65 24,925.25 24,940.50      0.60        0.00  60,123.00
585  2026-03-18 17:00:00  NAS100 24,940.65 24,969.05 24,635.60 24,741.90   -198.60       -0.80 100,687.00
586  2026-03-18 21:00:00  NAS100 24,741.50 24,755.70 24,567.50 24,649.70    -92.20       -0.37 127,243.00
587  2026-03-19 01:00:00  NAS100 24,652.15 24,687.50 24,337.15 24,379.15   -270.55       -1.10  87,837.00
588  2026-03-19 05:00:00  NAS100 24,386.85 24,443.65 24,335.90 24,413.25     34.10        0.14  68,313.00
589  2026-03-19 09:00:00  NAS100 24,414.05 24,497.40 24,349.75 24,368.40    -44.85       -0.18  73,357.00
590  2026-03-19 13:00:00  NAS100 24,369.25 24,423.05 24,275.00 24,401.00     32.60        0.13 105,897.00
591  2026-03-19 17:00:00  NAS100 24,401.55 24,401.55 24,100.55 24,275.90   -125.10       -0.51 115,706.00
592  2026-03-19 21:00:00  NAS100 24,276.25 24,350.65 24,151.50 24,226.85    -49.05       -0.20 140,219.00
593  2026-03-20 01:00:00  NAS100 24,226.65 24,463.75 24,191.70 24,390.05    163.20        0.67  84,530.00
594  2026-03-20 05:00:00  NAS100 24,410.85 24,440.25 24,362.25 24,397.75      7.70        0.03  64,068.00
595  2026-03-20 09:00:00  NAS100 24,398.15 24,421.55 24,339.40 24,372.55    -25.20       -0.10  55,970.00
596  2026-03-20 13:00:00  NAS100 24,372.00 24,395.15 24,188.50 24,211.75   -160.80       -0.66  84,710.00
597  2026-03-20 17:00:00  NAS100 24,212.05 24,307.05 24,059.50 24,065.90   -145.85       -0.60 113,104.00
598  2026-03-20 21:00:00  NAS100 24,063.90 24,136.60 23,947.00 23,991.65    -74.25       -0.31 136,771.00
599  2026-03-21 01:00:00  NAS100 23,991.90 24,001.30 23,752.50 23,996.15      4.50        0.02  88,105.00
600  2026-03-23 05:00:00  NAS100 23,686.80 23,882.40 23,682.60 23,830.90   -165.25       -0.69 107,090.00
601  2026-03-23 09:00:00  NAS100 23,832.25 23,855.05 23,718.80 23,760.25    -70.65       -0.30  92,488.00
602  2026-03-23 13:00:00  NAS100 23,760.20 23,763.10 23,560.25 23,669.90    -90.35       -0.38 113,155.00
603  2026-03-23 17:00:00  NAS100 23,669.75 24,548.50 23,602.50 24,387.40    717.50        3.03 137,439.00
604  2026-03-23 21:00:00  NAS100 24,388.50 24,474.55 24,094.50 24,254.80   -132.60       -0.54 134,936.00
605  2026-03-24 01:00:00  NAS100 24,255.10 24,323.35 24,146.50 24,187.85    -66.95       -0.28  79,678.00
606  2026-03-24 05:00:00  NAS100 24,193.95 24,271.55 24,015.55 24,046.30   -141.55       -0.59  85,676.00
607  2026-03-24 09:00:00  NAS100 24,044.90 24,087.00 23,976.05 24,044.40     -1.90       -0.01  91,135.00
608  2026-03-24 13:00:00  NAS100 24,044.55 24,288.65 24,042.20 24,203.00    158.60        0.66 106,066.00
609  2026-03-24 17:00:00  NAS100 24,203.15 24,216.25 23,917.05 23,998.00   -205.00       -0.85 115,986.00
610  2026-03-24 21:00:00  NAS100 23,996.80 24,166.60 23,943.35 24,024.85     26.85        0.11 140,161.00
611  2026-03-25 01:00:00  NAS100 24,024.30 24,328.75 23,973.35 24,185.45    160.60        0.67  90,993.00
612  2026-03-25 05:00:00  NAS100 24,212.55 24,284.40 24,172.30 24,187.25      1.80        0.01  76,644.00
613  2026-03-25 09:00:00  NAS100 24,187.10 24,219.60 24,111.75 24,172.60    -14.65       -0.06  75,561.00
614  2026-03-25 13:00:00  NAS100 24,172.50 24,325.05 24,115.70 24,245.05     72.45        0.30  90,083.00
615  2026-03-25 17:00:00  NAS100 24,246.30 24,330.40 24,150.30 24,158.75    -86.30       -0.36 105,822.00
616  2026-03-25 21:00:00  NAS100 24,160.00 24,310.10 24,078.30 24,217.00     58.25        0.24 134,223.00
617  2026-03-26 01:00:00  NAS100 24,217.10 24,242.50 24,102.80 24,159.10    -57.90       -0.24  69,142.00
618  2026-03-26 05:00:00  NAS100 24,158.30 24,201.05 24,075.25 24,152.60     -6.50       -0.03  68,106.00
619  2026-03-26 09:00:00  NAS100 24,152.55 24,211.90 24,041.55 24,046.25   -106.35       -0.44  81,161.00
620  2026-03-26 13:00:00  NAS100 24,046.65 24,088.80 23,901.65 23,946.75    -99.50       -0.41  91,273.00
621  2026-03-26 17:00:00  NAS100 23,946.55 24,023.40 23,858.90 24,007.90     61.15        0.26  99,853.00
622  2026-03-26 21:00:00  NAS100 24,006.80 24,029.25 23,643.30 23,652.65   -355.25       -1.48 131,803.00
623  2026-03-27 01:00:00  NAS100 23,652.35 23,810.50 23,555.15 23,611.75    -40.90       -0.17  85,613.00
624  2026-03-27 05:00:00  NAS100 23,638.10 23,705.75 23,606.00 23,670.90     59.15        0.25  77,626.00
625  2026-03-27 09:00:00  NAS100 23,671.30 23,774.50 23,638.75 23,726.25     55.35        0.23  68,648.00
626  2026-03-27 13:00:00  NAS100 23,725.80 23,754.05 23,509.35 23,538.40   -187.85       -0.79  85,692.00
627  2026-03-27 17:00:00  NAS100 23,538.70 23,565.75 23,270.80 23,282.15   -256.25       -1.09 105,525.00
628  2026-03-27 21:00:00  NAS100 23,283.00 23,407.75 23,145.65 23,160.15   -122.00       -0.52 133,070.00
629  2026-03-28 01:00:00  NAS100 23,159.35 23,194.70 23,032.50 23,051.75   -108.40       -0.47  79,741.00
630  2026-03-30 05:00:00  NAS100 22,993.60 23,078.90 22,910.90 23,017.60    -34.15       -0.15 102,834.00
631  2026-03-30 09:00:00  NAS100 23,017.65 23,175.80 23,010.90 23,162.40    144.80        0.63  83,222.00
632  2026-03-30 13:00:00  NAS100 23,162.25 23,265.75 23,154.15 23,219.25     56.85        0.25  87,465.00
633  2026-03-30 17:00:00  NAS100 23,219.65 23,375.45 23,109.55 23,119.05   -100.20       -0.43  98,493.00
634  2026-03-30 21:00:00  NAS100 23,118.65 23,251.00 22,986.35 23,027.35    -91.70       -0.40 135,942.00
635  2026-03-31 01:00:00  NAS100 23,027.30 23,029.00 22,841.15 22,922.50   -104.85       -0.46  76,433.00
636  2026-03-31 05:00:00  NAS100 22,928.35 23,212.25 22,775.80 23,154.70    232.20        1.01  93,280.00
637  2026-03-31 09:00:00  NAS100 23,154.85 23,219.25 23,050.00 23,125.25    -29.45       -0.13  94,558.00
638  2026-03-31 13:00:00  NAS100 23,126.00 23,205.60 23,053.75 23,121.55     -3.70       -0.02  96,486.00
639  2026-03-31 17:00:00  NAS100 23,120.80 23,387.10 23,053.05 23,381.75    260.20        1.13 110,824.00
640  2026-03-31 21:00:00  NAS100 23,382.75 23,691.10 23,193.50 23,576.50    194.75        0.83 144,518.00
641  2026-04-01 01:00:00  NAS100 23,576.70 23,787.85 23,576.00 23,720.05    143.55        0.61  84,601.00
642  2026-04-01 05:00:00  NAS100 23,712.90 23,863.40 23,697.65 23,793.55     73.50        0.31  81,066.00
643  2026-04-01 09:00:00  NAS100 23,794.05 23,888.80 23,772.25 23,856.70     63.15        0.27  64,606.00
644  2026-04-01 13:00:00  NAS100 23,857.00 23,995.80 23,819.75 23,885.25     28.55        0.12  94,141.00
645  2026-04-01 17:00:00  NAS100 23,885.65 24,033.55 23,852.75 23,934.30     49.05        0.21 103,460.00
646  2026-04-01 21:00:00  NAS100 23,933.30 24,163.75 23,925.25 24,082.65    148.35        0.62 117,558.00
647  2026-04-02 01:00:00  NAS100 24,082.60 24,088.40 23,940.75 24,003.05    -79.60       -0.33  78,218.00
648  2026-04-02 05:00:00  NAS100 24,001.60 24,062.50 23,729.00 23,760.20   -242.85       -1.01  85,399.00
649  2026-04-02 09:00:00  NAS100 23,755.00 23,784.05 23,572.30 23,574.40   -185.80       -0.78  92,587.00
650  2026-04-02 13:00:00  NAS100 23,574.50 23,699.20 23,570.05 23,648.05     73.65        0.31  82,962.00
651  2026-04-02 17:00:00  NAS100 23,647.90 23,725.20 23,483.80 23,714.75     66.70        0.28 102,213.00
652  2026-04-02 21:00:00  NAS100 23,714.00 24,078.50 23,676.60 23,908.15    193.40        0.82 139,453.00
653  2026-04-03 01:00:00  NAS100 23,908.40 24,051.15 23,908.40 24,035.45    127.30        0.53  72,747.00
654  2026-04-03 05:00:00  NAS100 24,016.90 24,075.00 24,013.25 24,018.75    -16.70       -0.07  33,470.00
655  2026-04-03 09:00:00  NAS100 24,018.80 24,026.90 23,973.05 24,002.60    -16.15       -0.07  38,504.00
656  2026-04-03 13:00:00  NAS100 24,002.25 24,005.05 23,941.75 23,961.05    -41.55       -0.17  29,617.00
657  2026-04-03 17:00:00  NAS100 23,961.15 24,059.25 23,927.75 23,952.15     -8.90       -0.04  34,768.00
658  2026-04-06 05:00:00  NAS100 23,911.05 24,060.75 23,802.65 24,014.55     62.40        0.26  72,470.00
659  2026-04-06 09:00:00  NAS100 24,014.40 24,147.25 23,960.25 24,054.05     39.50        0.16  63,779.00
660  2026-04-06 13:00:00  NAS100 24,053.40 24,217.50 24,029.00 24,157.55    103.50        0.43  60,483.00
661  2026-04-06 17:00:00  NAS100 24,157.75 24,233.65 24,068.25 24,233.55     76.00        0.31  75,139.00
662  2026-04-06 21:00:00  NAS100 24,225.30 24,271.40 24,025.35 24,085.35   -148.20       -0.61 117,296.00
663  2026-04-07 01:00:00  NAS100 24,085.75 24,192.30 24,067.00 24,170.45     85.10        0.35  58,880.00
664  2026-04-07 05:00:00  NAS100 24,174.55 24,207.75 23,994.05 24,003.05   -167.40       -0.69  64,665.00
665  2026-04-07 09:00:00  NAS100 24,003.15 24,087.75 23,978.50 24,053.25     50.20        0.21  65,050.00
666  2026-04-07 13:00:00  NAS100 24,053.50 24,245.90 24,032.90 24,210.90    157.65        0.66  82,016.00
667  2026-04-07 17:00:00  NAS100 24,211.20 24,224.55 23,944.25 23,946.70   -264.20       -1.09 104,958.00
668  2026-04-07 21:00:00  NAS100 23,946.15 24,124.25 23,767.15 24,051.20    104.50        0.44 132,203.00
669  2026-04-08 01:00:00  NAS100 24,051.00 24,275.50 23,902.35 24,224.25    173.05        0.72  88,277.00
670  2026-04-08 05:00:00  NAS100 24,336.80 24,938.15 24,201.55 24,923.65    699.40        2.89 106,043.00
671  2026-04-08 09:00:00  NAS100 24,923.60 25,024.05 24,916.05 25,020.55     96.90        0.39  65,274.00
672  2026-04-08 13:00:00  NAS100 25,020.65 25,074.50 24,964.05 25,030.35      9.80        0.04  87,278.00
673  2026-04-08 17:00:00  NAS100 25,030.00 25,085.95 24,897.30 24,911.55   -118.80       -0.47 105,363.00
674  2026-04-08 21:00:00  NAS100 24,910.60 24,986.65 24,762.00 24,923.35     11.80        0.05 138,957.00
675  2026-04-09 01:00:00  NAS100 24,923.50 24,960.90 24,772.90 24,865.85    -57.50       -0.23  87,079.00
676  2026-04-09 05:00:00  NAS100 24,867.75 24,891.75 24,808.55 24,850.55    -15.30       -0.06  74,174.00
677  2026-04-09 09:00:00  NAS100 24,850.35 24,876.75 24,821.85 24,856.65      6.10        0.02  62,930.00
678  2026-04-09 13:00:00  NAS100 24,856.60 24,885.25 24,780.65 24,844.15    -12.50       -0.05  79,167.00
679  2026-04-09 17:00:00  NAS100 24,844.25 24,935.80 24,804.75 24,860.75     16.60        0.07  92,733.00
680  2026-04-09 21:00:00  NAS100 24,860.70 25,091.60 24,788.20 25,054.05    193.30        0.78 140,708.00
681  2026-04-10 01:00:00  NAS100 25,054.15 25,096.10 24,975.40 25,071.05     17.00        0.07  80,012.00
682  2026-04-10 05:00:00  NAS100 25,061.70 25,125.45 25,020.25 25,111.40     40.35        0.16  62,371.00
683  2026-04-10 09:00:00  NAS100 25,111.35 25,127.15 25,081.25 25,089.00    -22.40       -0.09  53,614.00
684  2026-04-10 13:00:00  NAS100 25,089.05 25,100.45 25,030.20 25,085.55     -3.45       -0.01  75,302.00
685  2026-04-10 17:00:00  NAS100 25,085.60 25,195.70 25,067.70 25,146.65     61.10        0.24  91,031.00
686  2026-04-10 21:00:00  NAS100 25,146.80 25,219.75 25,049.50 25,099.10    -47.55       -0.19 139,406.00
687  2026-04-11 01:00:00  NAS100 25,099.80 25,163.65 25,066.80 25,160.10     61.00        0.24  74,582.00
688  2026-04-13 05:00:00  NAS100 24,795.70 24,920.50 24,744.95 24,913.60   -246.50       -0.98  93,105.00
689  2026-04-13 09:00:00  NAS100 24,913.70 24,925.30 24,882.45 24,909.75     -3.85       -0.02  60,534.00
690  2026-04-13 13:00:00  NAS100 24,910.35 24,963.20 24,908.65 24,946.50     36.75        0.15  71,727.00
691  2026-04-13 17:00:00  NAS100 24,946.70 25,139.30 24,904.40 25,138.60    192.10        0.77  90,153.00
692  2026-04-13 21:00:00  NAS100 25,137.00 25,269.70 25,078.10 25,234.40     95.80        0.38 133,207.00
693  2026-04-14 01:00:00  NAS100 25,234.45 25,416.80 25,226.65 25,414.75    180.35        0.71  69,988.00
694  2026-04-14 05:00:00  NAS100 25,409.60 25,452.65 25,394.65 25,415.95      1.20        0.00  56,754.00
695  2026-04-14 09:00:00  NAS100 25,416.00 25,432.50 25,406.60 25,408.40     -7.55       -0.03  41,526.00
696  2026-04-14 13:00:00  NAS100 25,408.55 25,508.05 25,398.95 25,471.75     63.35        0.25  71,565.00
697  2026-04-14 17:00:00  NAS100 25,471.80 25,597.60 25,454.80 25,556.00     84.25        0.33  87,952.00
698  2026-04-14 21:00:00  NAS100 25,556.45 25,803.35 25,546.80 25,792.70    236.70        0.93 119,306.00
699  2026-04-15 01:00:00  NAS100 25,792.80 25,836.60 25,720.55 25,824.65     31.95        0.12  72,754.00
700  2026-04-15 05:00:00  NAS100 25,819.10 25,878.55 25,813.65 25,874.40     49.75        0.19  56,293.00
701  2026-04-15 09:00:00  NAS100 25,874.50 25,890.30 25,803.30 25,815.10    -59.30       -0.23  55,102.00
702  2026-04-15 13:00:00  NAS100 25,815.15 25,874.30 25,804.60 25,814.50     -0.60       -0.00  67,133.00
703  2026-04-15 17:00:00  NAS100 25,814.60 25,905.30 25,771.40 25,905.00     90.50        0.35  94,948.00
704  2026-04-15 21:00:00  NAS100 25,905.50 26,087.75 25,885.55 26,026.85    121.85        0.47 134,348.00
705  2026-04-16 01:00:00  NAS100 26,026.70 26,213.25 26,010.40 26,195.45    168.60        0.65  76,017.00
706  2026-04-16 05:00:00  NAS100 26,180.60 26,296.25 26,177.30 26,272.50     77.05        0.29  53,020.00
707  2026-04-16 09:00:00  NAS100 26,272.30 26,292.35 26,248.25 26,286.45     13.95        0.05  50,255.00
708  2026-04-16 13:00:00  NAS100 26,286.55 26,317.50 26,240.30 26,284.60     -1.85       -0.01  64,300.00
709  2026-04-16 17:00:00  NAS100 26,284.65 26,296.35 26,107.80 26,153.10   -131.50       -0.50  86,628.00
710  2026-04-16 21:00:00  NAS100 26,152.80 26,394.00 26,122.50 26,292.05    138.95        0.53 138,676.00
711  2026-04-17 01:00:00  NAS100 26,291.75 26,329.70 26,187.00 26,295.65      3.60        0.01  79,544.00
712  2026-04-17 05:00:00  NAS100 26,295.75 26,333.50 26,283.80 26,325.30     29.65        0.11  49,757.00
713  2026-04-17 09:00:00  NAS100 26,325.20 26,330.80 26,279.95 26,302.00    -23.30       -0.09  43,195.00
714  2026-04-17 13:00:00  NAS100 26,302.50 26,377.15 26,283.30 26,373.05     71.05        0.27  61,243.00
715  2026-04-17 17:00:00  NAS100 26,373.30 26,645.30 26,341.95 26,567.35    194.30        0.74  96,024.00
716  2026-04-17 21:00:00  NAS100 26,568.70 26,718.80 26,556.10 26,644.35     77.00        0.29 139,196.00
717  2026-04-18 01:00:00  NAS100 26,644.45 26,681.15 26,592.20 26,677.10     32.75        0.12  80,504.00
718  2026-04-20 05:00:00  NAS100 26,429.80 26,553.95 26,375.80 26,544.95   -132.15       -0.50  82,030.00
719  2026-04-20 09:00:00  NAS100 26,544.90 26,545.45 26,452.30 26,474.95    -70.00       -0.26  56,636.00
720  2026-04-20 13:00:00  NAS100 26,474.70 26,559.75 26,459.15 26,534.05     59.10        0.22  82,165.00
721  2026-04-20 17:00:00  NAS100 26,534.10 26,664.00 26,519.85 26,620.55     86.50        0.33  91,457.00
722  2026-04-20 21:00:00  NAS100 26,620.10 26,627.00 26,409.15 26,546.90    -73.65       -0.28 135,125.00
723  2026-04-21 01:00:00  NAS100 26,546.70 26,648.65 26,537.20 26,614.40     67.50        0.25  75,102.00
724  2026-04-21 05:00:00  NAS100 26,608.90 26,678.55 26,599.70 26,654.05     39.65        0.15  50,075.00
725  2026-04-21 09:00:00  NAS100 26,654.15 26,684.70 26,632.90 26,667.35     13.30        0.05  40,555.00
726  2026-04-21 13:00:00  NAS100 26,667.40 26,698.25 26,638.90 26,682.35     15.00        0.06  63,576.00
727  2026-04-21 17:00:00  NAS100 26,682.60 26,742.65 26,569.00 26,679.80     -2.55       -0.01  88,490.00
728  2026-04-21 21:00:00  NAS100 26,679.50 26,726.35 26,442.65 26,540.70   -139.10       -0.52 145,903.00
729  2026-04-22 01:00:00  NAS100 26,540.70 26,634.65 26,393.65 26,565.10     24.40        0.09  93,082.00
730  2026-04-22 05:00:00  NAS100 26,572.90 26,675.85 26,572.90 26,665.30    100.20        0.38  55,347.00
731  2026-04-22 09:00:00  NAS100 26,665.35 26,700.80 26,615.60 26,676.00     10.70        0.04  53,020.00
732  2026-04-22 13:00:00  NAS100 26,675.85 26,708.40 26,624.75 26,670.20     -5.80       -0.02  70,605.00
733  2026-04-22 17:00:00  NAS100 26,669.95 26,744.20 26,650.30 26,708.95     38.75        0.15  92,633.00
734  2026-04-22 21:00:00  NAS100 26,708.90 26,894.35 26,697.10 26,874.40    165.45        0.62 135,317.00
735  2026-04-23 01:00:00  NAS100 26,874.00 26,978.20 26,823.00 26,950.60     76.20        0.28  80,299.00
736  2026-04-23 05:00:00  NAS100 26,916.20 26,946.65 26,696.20 26,847.50   -103.10       -0.38  73,081.00
737  2026-04-23 09:00:00  NAS100 26,847.45 26,847.90 26,712.90 26,825.35    -22.15       -0.08  88,753.00
738  2026-04-23 13:00:00  NAS100 26,825.20 26,861.00 26,737.90 26,789.50    -35.85       -0.13  84,239.00
739  2026-04-23 17:00:00  NAS100 26,789.30 26,949.25 26,763.75 26,864.15     74.65        0.28 102,593.00
740  2026-04-23 21:00:00  NAS100 26,864.20 27,002.60 26,529.50 26,727.20   -136.95       -0.51 144,895.00
741  2026-04-24 01:00:00  NAS100 26,728.90 26,835.95 26,690.85 26,789.00     61.80        0.23  92,248.00
742  2026-04-24 05:00:00  NAS100 26,854.60 26,990.00 26,854.60 26,973.20    184.20        0.69  66,867.00
743  2026-04-24 09:00:00  NAS100 26,971.90 26,975.00 26,871.50 26,940.15    -33.05       -0.12  74,205.00
744  2026-04-24 13:00:00  NAS100 26,940.25 27,006.00 26,918.70 26,963.50     23.35        0.09  78,004.00
745  2026-04-24 17:00:00  NAS100 26,963.85 27,217.50 26,962.60 27,049.55     86.05        0.32 108,405.00
746  2026-04-24 21:00:00  NAS100 27,041.20 27,315.50 27,013.50 27,286.95    237.40        0.88 141,892.00
747  2026-04-25 01:00:00  NAS100 27,286.90 27,308.30 27,238.60 27,294.30      7.35        0.03  78,729.00
748  2026-04-27 05:00:00  NAS100 27,256.60 27,398.00 27,203.30 27,396.60    102.30        0.37  75,495.00
749  2026-04-27 09:00:00  NAS100 27,396.50 27,400.50 27,302.95 27,308.50    -88.10       -0.32  65,356.00
750  2026-04-27 13:00:00  NAS100 27,308.60 27,324.85 27,247.75 27,314.00      5.50        0.02  73,487.00
751  2026-04-27 17:00:00  NAS100 27,313.95 27,359.15 27,158.10 27,260.25    -53.75       -0.20  92,157.00
752  2026-04-27 21:00:00  NAS100 27,260.60 27,298.70 27,167.10 27,287.90     27.65        0.10 135,949.00
753  2026-04-28 01:00:00  NAS100 27,287.80 27,310.70 27,249.95 27,278.10     -9.80       -0.04  71,756.00
754  2026-04-28 05:00:00  NAS100 27,287.60 27,375.10 27,281.55 27,284.85      6.75        0.02  69,724.00
755  2026-04-28 09:00:00  NAS100 27,284.90 27,302.65 27,213.85 27,227.20    -57.65       -0.21  70,672.00
756  2026-04-28 13:00:00  NAS100 27,226.60 27,241.25 27,119.90 27,148.00    -79.20       -0.29  88,485.00
757  2026-04-28 17:00:00  NAS100 27,147.55 27,164.15 26,900.05 27,066.55    -81.45       -0.30 119,773.00
758  2026-04-28 21:00:00  NAS100 27,064.10 27,096.65 26,873.50 27,004.55    -62.00       -0.23 144,279.00
759  2026-04-29 01:00:00  NAS100 27,005.20 27,087.70 26,984.50 27,054.35     49.80        0.18  80,512.00
760  2026-04-29 05:00:00  NAS100 27,069.25 27,160.10 27,058.65 27,113.30     58.95        0.22  55,824.00
761  2026-04-29 09:00:00  NAS100 27,113.70 27,178.40 27,110.00 27,163.40     50.10        0.18  51,946.00
762  2026-04-29 13:00:00  NAS100 27,163.50 27,183.85 27,065.00 27,095.15    -68.25       -0.25  83,168.00
763  2026-04-29 17:00:00  NAS100 27,094.80 27,154.45 26,991.30 27,086.95     -8.20       -0.03  95,022.00
764  2026-04-29 21:00:00  NAS100 27,087.15 27,181.65 27,020.30 27,115.75     28.80        0.11 139,813.00
765  2026-04-30 01:00:00  NAS100 27,115.70 27,274.50 26,964.00 27,015.80    -99.95       -0.37 102,245.00
766  2026-04-30 05:00:00  NAS100 27,088.60 27,489.65 27,080.00 27,448.05    432.25        1.60  85,968.00
767  2026-04-30 09:00:00  NAS100 27,447.90 27,455.05 27,089.50 27,091.65   -356.40       -1.30 101,408.00
768  2026-04-30 13:00:00  NAS100 27,091.20 27,308.70 27,053.20 27,235.80    144.15        0.53 106,276.00
769  2026-04-30 17:00:00  NAS100 27,235.40 27,412.60 27,072.20 27,113.30   -122.50       -0.45 114,943.00
770  2026-04-30 21:00:00  NAS100 27,114.70 27,415.20 27,030.95 27,410.80    297.50        1.10 146,136.00
771  2026-05-01 01:00:00  NAS100 27,411.10 27,488.10 27,409.70 27,465.30     54.50        0.20  90,501.00
772  2026-05-01 05:00:00  NAS100 27,498.50 27,524.45 27,423.25 27,516.20     50.90        0.19  63,779.00
773  2026-05-01 09:00:00  NAS100 27,515.80 27,539.40 27,479.40 27,483.10    -33.10       -0.12  44,760.00
774  2026-05-01 13:00:00  NAS100 27,483.15 27,494.65 27,411.65 27,436.80    -46.30       -0.17  58,528.00
775  2026-05-01 17:00:00  NAS100 27,436.30 27,739.40 27,402.95 27,739.40    302.60        1.10  86,800.00
776  2026-05-01 21:00:00  NAS100 27,738.50 27,783.20 27,618.50 27,750.00     10.60        0.04 143,344.00
777  2026-05-02 01:00:00  NAS100 27,750.15 27,767.35 27,624.00 27,650.10    -99.90       -0.36  87,274.00
778  2026-05-04 05:00:00  NAS100 27,761.20 27,797.45 27,674.50 27,792.40    142.30        0.51  77,320.00
779  2026-05-04 09:00:00  NAS100 27,791.80 27,838.30 27,754.50 27,807.15     14.75        0.05  63,707.00
780  2026-05-04 13:00:00  NAS100 27,807.40 27,823.30 27,737.35 27,763.20    -43.95       -0.16  80,384.00
781  2026-05-04 17:00:00  NAS100 27,763.10 27,768.80 27,536.60 27,766.80      3.60        0.01 117,262.00
782  2026-05-04 21:00:00  NAS100 27,767.60 27,813.05 27,489.00 27,664.80   -102.00       -0.37 145,777.00
783  2026-05-05 01:00:00  NAS100 27,664.95 27,690.60 27,591.45 27,615.80    -49.00       -0.18  82,092.00
784  2026-05-05 05:00:00  NAS100 27,628.70 27,704.20 27,606.85 27,689.25     73.45        0.27  59,306.00
785  2026-05-05 09:00:00  NAS100 27,689.35 27,733.40 27,676.25 27,727.35     38.10        0.14  50,089.00
786  2026-05-05 13:00:00  NAS100 27,727.05 27,829.15 27,693.25 27,810.15     82.80        0.30  77,316.00
787  2026-05-05 17:00:00  NAS100 27,810.10 27,986.05 27,774.55 27,957.70    147.55        0.53  88,208.00
788  2026-05-05 21:00:00  NAS100 27,960.30 28,041.80 27,907.10 28,033.70     76.00        0.27 131,829.00
789  2026-05-06 01:00:00  NAS100 28,033.90 28,121.05 27,983.45 28,081.80     48.10        0.17  80,759.00
790  2026-05-06 05:00:00  NAS100 28,136.40 28,296.90 28,124.40 28,170.90     89.10        0.32  85,412.00
791  2026-05-06 09:00:00  NAS100 28,170.30 28,237.80 28,141.30 28,233.05     62.15        0.22  73,592.00
792  2026-05-06 13:00:00  NAS100 28,232.85 28,394.60 28,178.40 28,384.95    151.90        0.54  97,649.00
793  2026-05-06 17:00:00  NAS100 28,385.05 28,511.90 28,215.80 28,347.50    -37.45       -0.13 126,113.00
794  2026-05-06 21:00:00  NAS100 28,347.15 28,488.45 28,264.70 28,478.50    131.00        0.46 138,160.00
795  2026-05-07 01:00:00  NAS100 28,478.45 28,677.80 28,471.00 28,591.10    112.60        0.40  85,688.00
796  2026-05-07 05:00:00  NAS100 28,540.00 28,593.80 28,515.50 28,575.95    -15.15       -0.05  73,546.00
797  2026-05-07 09:00:00  NAS100 28,576.10 28,605.65 28,530.45 28,598.30     22.35        0.08  65,229.00
798  2026-05-07 13:00:00  NAS100 28,597.65 28,692.40 28,572.85 28,608.25      9.95        0.03  91,115.00
799  2026-05-07 17:00:00  NAS100 28,608.30 28,679.80 28,572.55 28,660.60     52.35        0.18  94,739.00
800  2026-05-07 21:00:00  NAS100 28,659.00 28,822.65 28,432.30 28,574.10    -86.50       -0.30 151,949.00
801  2026-05-08 01:00:00  NAS100 28,574.30 28,644.20 28,461.20 28,521.20    -52.90       -0.19  96,776.00
802  2026-05-08 05:00:00  NAS100 28,425.90 28,659.50 28,424.00 28,637.30    116.10        0.41  71,354.00
803  2026-05-08 09:00:00  NAS100 28,637.95 28,706.95 28,587.20 28,682.45     45.15        0.16  71,195.00
804  2026-05-08 13:00:00  NAS100 28,682.05 28,774.30 28,661.60 28,729.25     46.80        0.16  78,782.00
805  2026-05-08 17:00:00  NAS100 28,729.15 28,983.40 28,718.70 28,983.40    254.15        0.88  92,952.00
806  2026-05-08 21:00:00  NAS100 28,981.90 29,194.65 28,951.50 29,141.25    157.85        0.54 141,357.00
807  2026-05-09 01:00:00  NAS100 29,141.50 29,259.60 29,115.30 29,212.70     71.45        0.25  82,341.00
808  2026-05-11 05:00:00  NAS100 29,175.60 29,283.85 29,112.10 29,224.10     11.40        0.04  89,216.00
809  2026-05-11 09:00:00  NAS100 29,223.90 29,245.45 29,178.70 29,206.60    -17.50       -0.06  73,047.00
810  2026-05-11 13:00:00  NAS100 29,206.50 29,249.60 29,148.90 29,200.35     -6.25       -0.02  79,801.00
811  2026-05-11 17:00:00  NAS100 29,199.20 29,318.50 29,144.60 29,195.00     -5.35       -0.02  98,790.00
812  2026-05-11 21:00:00  NAS100 29,193.45 29,364.00 29,133.30 29,326.20    131.20        0.45 141,263.00
813  2026-05-12 01:00:00  NAS100 29,326.25 29,359.35 29,211.70 29,284.10    -42.10       -0.14  86,992.00
814  2026-05-12 05:00:00  NAS100 29,286.80 29,344.95 29,116.70 29,159.65   -124.45       -0.42  65,255.00
815  2026-05-12 09:00:00  NAS100 29,159.10 29,253.50 29,149.10 29,171.20     11.55        0.04  81,610.00
816  2026-05-12 13:00:00  NAS100 29,171.10 29,180.80 29,063.30 29,109.60    -61.60       -0.21  89,571.00
817  2026-05-12 17:00:00  NAS100 29,109.90 29,184.55 29,003.20 29,016.70    -92.90       -0.32 101,731.00
818  2026-05-12 21:00:00  NAS100 29,018.70 29,115.00 28,631.65 28,809.30   -207.40       -0.71 151,710.00
819  2026-05-13 01:00:00  NAS100 28,808.50 29,076.80 28,802.00 29,023.00    213.70        0.74  90,675.00
820  2026-05-13 05:00:00  NAS100 29,034.85 29,150.35 28,946.90 29,105.60     82.60        0.28  81,827.00
821  2026-05-13 09:00:00  NAS100 29,105.70 29,200.20 29,093.10 29,187.15     81.55        0.28  70,998.00
822  2026-05-13 13:00:00  NAS100 29,187.05 29,337.20 29,179.85 29,311.05    123.90        0.42  82,462.00
823  2026-05-13 17:00:00  NAS100 29,311.00 29,313.70 28,966.50 29,058.80   -252.25       -0.86 104,062.00
824  2026-05-13 21:00:00  NAS100 29,060.20 29,386.20 29,006.70 29,334.40    275.60        0.95 141,593.00
825  2026-05-14 01:00:00  NAS100 29,334.40 29,455.05 29,332.60 29,427.10     92.70        0.32  85,257.00
826  2026-05-14 05:00:00  NAS100 29,431.80 29,584.00 29,418.90 29,499.85     72.75        0.25  75,121.00
827  2026-05-14 09:00:00  NAS100 29,499.50 29,526.10 29,406.00 29,494.65     -5.20       -0.02  86,656.00
828  2026-05-14 13:00:00  NAS100 29,494.45 29,531.80 29,372.80 29,425.15    -69.50       -0.24  86,698.00
829  2026-05-14 17:00:00  NAS100 29,425.05 29,575.60 29,340.15 29,432.65      7.50        0.03 101,501.00
830  2026-05-14 21:00:00  NAS100 29,433.30 29,673.35 29,426.30 29,622.50    189.85        0.65 145,873.00
831  2026-05-15 01:00:00  NAS100 29,620.90 29,629.05 29,528.20 29,579.90    -42.60       -0.14  87,195.00
832  2026-05-15 05:00:00  NAS100 29,586.00 29,626.35 29,406.90 29,412.00   -167.90       -0.57  78,707.00
833  2026-05-15 09:00:00  NAS100 29,410.30 29,490.00 29,174.45 29,174.60   -237.40       -0.81 108,031.00
834  2026-05-15 13:00:00  NAS100 29,174.50 29,361.95 29,071.50 29,117.75    -56.85       -0.19 117,235.00
835  2026-05-15 17:00:00  NAS100 29,120.30 29,261.50 28,983.80 29,038.00    -79.75       -0.27 122,269.00
836  2026-05-15 21:00:00  NAS100 29,035.30 29,343.95 29,025.60 29,341.70    303.70        1.05 149,545.00
837  2026-05-16 01:00:00  NAS100 29,342.20 29,380.00 29,005.10 29,067.20   -274.50       -0.94  97,140.00
838  2026-05-18 05:00:00  NAS100 29,029.85 29,185.20 28,829.30 28,924.80   -142.40       -0.49 118,812.00
839  2026-05-18 09:00:00  NAS100 28,924.70 29,018.70 28,894.30 28,945.65     20.85        0.07 108,669.00
840  2026-05-18 13:00:00  NAS100 28,945.80 29,151.25 28,893.30 29,092.30    146.65        0.51 101,492.00
841  2026-05-18 17:00:00  NAS100 29,092.55 29,321.80 28,955.90 29,144.25     51.95        0.18 117,180.00
842  2026-05-18 21:00:00  NAS100 29,145.00 29,200.70 28,745.45 28,916.05   -228.20       -0.78 153,280.00
843  2026-05-19 01:00:00  NAS100 28,916.15 29,015.10 28,717.40 28,978.05     62.00        0.21  94,877.00
844  2026-05-19 05:00:00  NAS100 28,994.90 29,088.90 28,892.65 28,915.35    -62.70       -0.22  94,613.00
845  2026-05-19 09:00:00  NAS100 28,914.80 28,939.65 28,786.80 28,837.00    -78.35       -0.27 112,414.00
846  2026-05-19 13:00:00  NAS100 28,837.20 29,026.55 28,741.00 28,816.40    -20.60       -0.07 104,481.00
847  2026-05-19 17:00:00  NAS100 28,813.00 28,968.80 28,704.70 28,836.50     20.10        0.07 114,479.00
848  2026-05-19 21:00:00  NAS100 28,839.00 29,027.90 28,565.10 28,970.95    134.45        0.47 152,069.00
849  2026-05-20 01:00:00  NAS100 28,972.50 29,002.85 28,769.00 28,800.50   -170.45       -0.59  91,907.00
850  2026-05-20 05:00:00  NAS100 28,833.50 28,929.95 28,707.70 28,887.70     87.20        0.30  99,418.00
851  2026-05-20 09:00:00  NAS100 28,889.10 28,923.60 28,746.90 28,862.00    -25.70       -0.09 109,893.00
852  2026-05-20 13:00:00  NAS100 28,862.30 29,056.35 28,858.30 29,031.55    169.55        0.59  91,935.00
853  2026-05-20 17:00:00  NAS100 29,031.50 29,101.65 28,931.00 29,007.40    -24.15       -0.08 100,146.00
854  2026-05-20 21:00:00  NAS100 29,010.20 29,301.80 28,915.55 29,209.15    201.75        0.70 146,432.00
855  2026-05-21 01:00:00  NAS100 29,209.35 29,302.45 29,155.95 29,185.10    -24.05       -0.08  92,590.00
856  2026-05-21 05:00:00  NAS100 29,163.30 29,226.30 29,020.55 29,218.60     33.50        0.11  85,019.00
857  2026-05-21 09:00:00  NAS100 29,219.00 29,345.35 29,205.60 29,273.20     54.60        0.19  75,539.00
858  2026-05-21 13:00:00  NAS100 29,273.05 29,368.50 29,110.50 29,286.80     13.60        0.05  95,837.00
859  2026-05-21 17:00:00  NAS100 29,287.00 29,298.80 29,080.35 29,192.70    -94.10       -0.32 117,447.00
860  2026-05-21 21:00:00  NAS100 29,193.50 29,459.25 29,033.80 29,403.20    210.50        0.72 149,077.00
861  2026-05-22 01:00:00  NAS100 29,402.75 29,427.35 29,202.30 29,358.60    -44.60       -0.15  87,898.00
862  2026-05-22 05:00:00  NAS100 29,360.80 29,515.60 29,360.20 29,442.95     84.35        0.29  75,116.00
863  2026-05-22 09:00:00  NAS100 29,442.75 29,519.60 29,421.90 29,460.10     17.15        0.06  72,289.00
864  2026-05-22 13:00:00  NAS100 29,459.85 29,578.50 29,391.10 29,439.90    -20.20       -0.07  89,579.00
865  2026-05-22 17:00:00  NAS100 29,440.30 29,628.35 29,351.60 29,555.10    115.20        0.39 102,709.00
866  2026-05-22 21:00:00  NAS100 29,546.40 29,659.50 29,404.00 29,592.00     36.90        0.12 138,986.00
867  2026-05-23 01:00:00  NAS100 29,592.50 29,601.50 29,415.80 29,434.90   -157.10       -0.53  85,152.00
868  2026-05-25 05:00:00  NAS100 29,615.90 29,867.65 29,604.80 29,844.00    409.10        1.39  74,931.00
869  2026-05-25 09:00:00  NAS100 29,844.10 29,913.65 29,822.65 29,888.35     44.35        0.15  52,378.00
870  2026-05-25 13:00:00  NAS100 29,888.05 29,906.50 29,810.30 29,875.50    -12.85       -0.04  56,453.00
871  2026-05-25 17:00:00  NAS100 29,875.45 29,913.00 29,857.45 29,912.55     37.05        0.12  47,102.00
872  2026-05-25 21:00:00  NAS100 29,912.60 29,912.90 29,829.80 29,883.10    -29.45       -0.10  49,758.00
873  2026-05-26 05:00:00  NAS100 29,892.65 29,895.10 29,690.25 29,730.85   -152.25       -0.51  86,367.00
874  2026-05-26 09:00:00  NAS100 29,731.30 29,748.20 29,703.70 29,725.30     -5.55       -0.02  69,838.00
875  2026-05-26 13:00:00  NAS100 29,726.40 29,769.90 29,663.80 29,766.30     41.00        0.14  78,376.00
876  2026-05-26 17:00:00  NAS100 29,766.55 29,923.15 29,737.90 29,923.15    156.85        0.53  88,608.00
877  2026-05-26 21:00:00  NAS100 29,925.95 30,037.90 29,805.40 29,916.50     -6.65       -0.02 144,350.00
878  2026-05-27 01:00:00  NAS100 29,916.10 30,031.20 29,902.00 29,962.90     46.40        0.16  77,694.00
879  2026-05-27 05:00:00  NAS100 29,981.60 30,083.70 29,954.40 30,048.20     85.30        0.28  76,153.00
880  2026-05-27 09:00:00  NAS100 30,048.00 30,083.65 29,993.70 30,028.25    -19.95       -0.07  77,837.00
881  2026-05-27 13:00:00  NAS100 30,027.90 30,141.85 29,981.20 30,138.30    110.05        0.37  77,811.00
882  2026-05-27 17:00:00  NAS100 30,138.90 30,303.00 29,863.30 29,986.60   -151.70       -0.50 100,860.00
883  2026-05-27 21:00:00  NAS100 29,986.35 30,024.10 29,805.70 29,898.45    -88.15       -0.29 147,275.00
884  2026-05-28 01:00:00  NAS100 29,897.70 30,054.20 29,888.90 30,050.80    152.35        0.51  83,653.00
885  2026-05-28 05:00:00  NAS100 30,040.75 30,064.90 29,893.30 30,000.65    -50.15       -0.17  88,803.00
886  2026-05-28 09:00:00  NAS100 30,000.55 30,008.60 29,693.80 29,833.95   -166.70       -0.56 111,648.00
887  2026-05-28 13:00:00  NAS100 29,834.60 29,927.30 29,810.00 29,905.25     71.30        0.24  83,317.00
888  2026-05-28 17:00:00  NAS100 29,904.80 30,041.15 29,796.60 29,920.65     15.40        0.05 102,432.00
889  2026-05-28 21:00:00  NAS100 29,919.50 30,271.10 29,893.25 30,247.40    326.75        1.09 134,929.00
890  2026-05-29 01:00:00  NAS100 30,248.80 30,266.85 30,204.50 30,242.30     -5.10       -0.02  75,821.00
891  2026-05-29 05:00:00  NAS100 30,249.30 30,283.70 30,139.60 30,170.40    -71.90       -0.24  72,967.00
892  2026-05-29 09:00:00  NAS100 30,170.55 30,240.85 30,150.55 30,223.20     52.80        0.18  69,212.00
893  2026-05-29 13:00:00  NAS100 30,223.50 30,292.00 30,189.30 30,254.20     31.00        0.10  76,985.00
894  2026-05-29 17:00:00  NAS100 30,255.10 30,442.60 30,220.35 30,442.10    187.90        0.62  91,390.00
895  2026-05-29 21:00:00  NAS100 30,441.10 30,458.30 30,193.80 30,225.10   -217.00       -0.71 143,815.00
896  2026-05-30 01:00:00  NAS100 30,225.40 30,367.80 30,214.85 30,314.80     89.70        0.30  85,217.00
897  2026-06-01 05:00:00  NAS100 30,357.10 30,486.80 30,293.90 30,480.80    166.00        0.55  80,937.00
898  2026-06-01 09:00:00  NAS100 30,480.65 30,526.35 30,469.55 30,511.50     30.70        0.10  71,347.00
899  2026-06-01 13:00:00  NAS100 30,512.20 30,524.25 30,376.30 30,394.60   -116.90       -0.38  76,443.00
900  2026-06-01 17:00:00  NAS100 30,394.65 30,436.75 30,224.40 30,247.20   -147.40       -0.48  98,348.00
901  2026-06-01 21:00:00  NAS100 30,244.40 30,624.15 30,228.25 30,602.70    355.50        1.18 142,543.00
902  2026-06-02 01:00:00  NAS100 30,602.70 30,607.10 30,439.90 30,455.30   -147.40       -0.48  83,981.00
903  2026-06-02 05:00:00  NAS100 30,479.50 30,486.50 30,274.05 30,274.30   -181.00       -0.59  86,301.00
904  2026-06-02 09:00:00  NAS100 30,274.25 30,433.50 30,258.50 30,417.15    142.85        0.47  83,085.00
905  2026-06-02 13:00:00  NAS100 30,417.10 30,525.40 30,409.70 30,506.00     88.85        0.29  79,392.00
906  2026-06-02 17:00:00  NAS100 30,505.60 30,544.05 30,365.00 30,542.00     36.00        0.12  92,158.00
907  2026-06-02 21:00:00  NAS100 30,542.60 30,651.75 30,478.40 30,568.20     26.20        0.09 139,013.00
908  2026-06-03 01:00:00  NAS100 30,569.70 30,703.20 30,539.10 30,682.80    114.60        0.37  77,825.00
909  2026-06-03 05:00:00  NAS100 30,688.90 30,705.05 30,517.20 30,631.20    -51.60       -0.17  88,250.00
910  2026-06-03 09:00:00  NAS100 30,631.50 30,678.70 30,612.80 30,637.55      6.35        0.02  60,775.00
911  2026-06-03 13:00:00  NAS100 30,638.15 30,718.10 30,621.20 30,682.55     45.00        0.15  82,992.00
912  2026-06-03 17:00:00  NAS100 30,682.60 30,755.15 30,445.55 30,510.80   -171.75       -0.56  96,336.00
913  2026-06-03 21:00:00  NAS100 30,509.65 30,687.10 30,455.15 30,591.10     80.30        0.26 148,352.00
914  2026-06-04 01:00:00  NAS100 30,591.50 30,642.35 30,426.85 30,439.90   -151.20       -0.49  97,232.00
915  2026-06-04 05:00:00  NAS100 30,390.60 30,472.65 30,313.50 30,395.60    -44.30       -0.15 106,158.00
916  2026-06-04 09:00:00  NAS100 30,395.70 30,449.70 30,295.30 30,426.10     30.50        0.10  96,337.00
917  2026-06-04 13:00:00  NAS100 30,426.35 30,486.05 30,191.40 30,279.05   -147.05       -0.48 100,448.00
918  2026-06-04 17:00:00  NAS100 30,278.85 30,306.40 30,107.20 30,190.70    -88.35       -0.29 120,594.00
919  2026-06-04 21:00:00  NAS100 30,189.90 30,505.70 30,095.20 30,501.95    311.25        1.03 144,323.00
920  2026-06-05 01:00:00  NAS100 30,501.80 30,545.50 30,340.60 30,343.90   -158.05       -0.52  89,764.00
921  2026-06-05 05:00:00  NAS100 30,359.30 30,360.75 29,992.20 30,135.20   -208.70       -0.69  98,748.00
922  2026-06-05 09:00:00  NAS100 30,135.25 30,188.25 30,085.45 30,109.00    -26.20       -0.09 103,025.00
923  2026-06-05 13:00:00  NAS100 30,108.50 30,197.10 30,001.55 30,137.30     28.30        0.09 100,552.00
924  2026-06-05 17:00:00  NAS100 30,137.80 30,175.55 29,710.85 29,712.15   -425.15       -1.41 104,604.00
925  2026-06-05 21:00:00  NAS100 29,712.30 29,880.80 29,301.70 29,410.30   -301.85       -1.02 155,783.00
926  2026-06-06 01:00:00  NAS100 29,410.65 29,415.90 28,720.50 28,770.90   -639.40       -2.17 111,572.00
927  2026-06-08 05:00:00  NAS100 28,824.60 29,237.90 28,773.70 29,108.30    337.40        1.17 124,914.00
928  2026-06-08 09:00:00  NAS100 29,109.50 29,193.50 28,923.40 28,966.50   -141.80       -0.49 123,729.00
929  2026-06-08 13:00:00  NAS100 28,968.40 29,230.85 28,951.30 29,189.90    223.40        0.77 117,601.00
930  2026-06-08 17:00:00  NAS100 29,190.05 29,554.80 29,126.00 29,300.80    110.90        0.38 119,468.00
931  2026-06-08 21:00:00  NAS100 29,300.20 29,692.75 29,282.50 29,508.80    208.00        0.71 153,734.00
932  2026-06-09 01:00:00  NAS100 29,510.60 29,567.95 29,328.00 29,385.50   -123.30       -0.42  96,246.00
933  2026-06-09 05:00:00  NAS100 29,391.60 29,503.35 29,262.00 29,449.20     63.70        0.22 109,871.00
934  2026-06-09 09:00:00  NAS100 29,449.30 29,608.65 29,418.10 29,591.40    142.20        0.48 107,034.00
935  2026-06-09 13:00:00  NAS100 29,591.90 29,653.65 29,524.00 29,637.45     46.05        0.16  99,127.00
936  2026-06-09 17:00:00  NAS100 29,637.35 29,803.60 29,581.30 29,629.45     -8.00       -0.03 101,826.00
937  2026-06-09 21:00:00  NAS100 29,629.50 29,668.55 28,186.00 28,786.80   -842.65       -2.84 157,079.00
938  2026-06-10 01:00:00  NAS100 28,789.10 29,152.90 28,742.65 29,096.70    309.90        1.08 105,126.00
939  2026-06-10 05:00:00  NAS100 29,037.10 29,127.70 28,931.70 28,993.40   -103.30       -0.36 107,980.00
940  2026-06-10 09:00:00  NAS100 28,993.15 29,004.55 28,814.90 28,903.10    -90.30       -0.31 113,768.00
941  2026-06-10 13:00:00  NAS100 28,903.10 28,972.20 28,644.60 28,738.00   -165.10       -0.57 111,230.00
942  2026-06-10 17:00:00  NAS100 28,738.30 29,120.80 28,569.90 28,980.95    242.95        0.85 132,148.00
943  2026-06-10 21:00:00  NAS100 28,982.30 29,208.60 28,577.70 28,738.65   -242.30       -0.84 156,998.00
944  2026-06-11 01:00:00  NAS100 28,738.75 28,790.60 28,368.40 28,430.50   -308.15       -1.07 102,528.00
945  2026-06-11 05:00:00  NAS100 28,419.10 28,723.00 28,226.70 28,603.50    173.00        0.61 121,703.00
946  2026-06-11 09:00:00  NAS100 28,604.20 28,762.55 28,493.40 28,707.35    103.85        0.36 118,885.00
947  2026-06-11 13:00:00  NAS100 28,708.75 28,894.90 28,649.35 28,838.65    131.30        0.46  98,423.00
948  2026-06-11 17:00:00  NAS100 28,837.75 28,972.20 28,598.95 28,859.95     21.30        0.07 112,148.00
949  2026-06-11 21:00:00  NAS100 28,859.90 29,261.20 28,540.20 29,174.50    314.55        1.09 155,854.00
950  2026-06-12 01:00:00  NAS100 29,174.55 29,501.75 29,031.30 29,395.90    221.40        0.76  96,698.00
951  2026-06-12 05:00:00  NAS100 29,423.15 29,609.20 29,414.20 29,517.25    121.35        0.41 106,972.00
952  2026-06-12 09:00:00  NAS100 29,517.30 29,550.30 29,344.10 29,370.20   -147.05       -0.50 117,659.00
953  2026-06-12 13:00:00  NAS100 29,370.00 29,635.40 29,227.20 29,593.35    223.15        0.76 120,146.00
954  2026-06-12 17:00:00  NAS100 29,593.20 29,632.55 29,200.40 29,319.90   -273.45       -0.92 121,554.00
955  2026-06-12 21:00:00  NAS100 29,321.30 29,733.20 29,315.70 29,654.30    334.40        1.14 141,495.00
956  2026-06-13 01:00:00  NAS100 29,655.90 29,703.25 29,551.60 29,649.30     -5.00       -0.02  83,225.00
957  2026-06-15 05:00:00  NAS100 29,902.55 30,161.70 29,889.20 30,145.40    496.10        1.67 100,627.00
958  2026-06-15 09:00:00  NAS100 30,145.10 30,223.65 30,139.85 30,213.75     68.35        0.23  81,280.00
959  2026-06-15 13:00:00  NAS100 30,213.70 30,305.65 30,188.65 30,227.40     13.65        0.05  94,822.00
960  2026-06-15 17:00:00  NAS100 30,226.90 30,476.85 30,207.00 30,379.90    152.50        0.50 101,272.00
961  2026-06-15 21:00:00  NAS100 30,380.35 30,590.90 30,349.15 30,536.65    156.75        0.52 140,407.00
962  2026-06-16 01:00:00  NAS100 30,536.50 30,570.90 30,493.10 30,508.70    -27.95       -0.09  84,467.00
963  2026-06-16 05:00:00  NAS100 30,517.20 30,542.60 30,432.35 30,460.05    -48.65       -0.16  84,663.00
964  2026-06-16 09:00:00  NAS100 30,460.65 30,531.95 30,446.25 30,482.15     22.10        0.07  88,131.00
965  2026-06-16 13:00:00  NAS100 30,481.90 30,620.55 30,474.50 30,546.95     64.80        0.21  86,841.00
966  2026-06-16 17:00:00  NAS100 30,547.00 30,650.40 30,427.80 30,483.20    -63.75       -0.21 101,405.00
967  2026-06-16 21:00:00  NAS100 30,483.00 30,532.70 30,080.00 30,153.45   -329.75       -1.08 151,721.00
968  2026-06-17 01:00:00  NAS100 30,153.40 30,172.50 29,951.30 29,977.20   -176.25       -0.58  92,743.00
969  2026-06-17 05:00:00  NAS100 29,996.10 30,119.70 29,979.90 30,117.20    140.00        0.47  74,089.00
970  2026-06-17 09:00:00  NAS100 30,117.10 30,196.75 30,087.80 30,170.50     53.30        0.18  70,196.00
971  2026-06-17 13:00:00  NAS100 30,170.60 30,254.40 30,119.10 30,133.00    -37.50       -0.12  83,358.00
972  2026-06-17 17:00:00  NAS100 30,133.30 30,210.00 30,017.35 30,017.50   -115.50       -0.38  99,265.00
973  2026-06-17 21:00:00  NAS100 30,016.90 30,214.50 29,966.20 30,139.10    121.60        0.41 140,718.00
974  2026-06-18 01:00:00  NAS100 30,130.00 30,188.10 29,593.80 29,810.90   -328.20       -1.09 105,651.00
975  2026-06-18 05:00:00  NAS100 29,829.25 30,119.40 29,777.70 30,062.55    251.65        0.84  99,006.00
976  2026-06-18 09:00:00  NAS100 30,064.80 30,111.65 29,965.70 30,035.80    -26.75       -0.09  92,774.00
977  2026-06-18 13:00:00  NAS100 30,034.40 30,180.50 30,004.00 30,170.15    134.35        0.45  94,247.00
978  2026-06-18 17:00:00  NAS100 30,170.80 30,294.60 30,041.65 30,149.00    -21.15       -0.07 109,250.00
979  2026-06-18 21:00:00  NAS100 30,151.00 30,417.90 30,131.70 30,389.30    240.30        0.80 147,638.00
980  2026-06-19 01:00:00  NAS100 30,389.90 30,464.45 30,326.90 30,407.30     18.00        0.06  90,070.00
981  2026-06-19 05:00:00  NAS100 30,434.50 30,456.75 30,279.00 30,281.45   -125.85       -0.41  78,509.00
982  2026-06-19 09:00:00  NAS100 30,281.65 30,305.75 30,076.20 30,168.05   -113.40       -0.37  90,924.00
983  2026-06-19 13:00:00  NAS100 30,168.20 30,351.50 30,165.25 30,312.35    144.30        0.48  69,788.00
984  2026-06-19 17:00:00  NAS100 30,312.75 30,380.25 30,214.40 30,368.90     56.55        0.19  81,269.00
985  2026-06-19 21:00:00  NAS100 30,368.20 30,390.95 30,327.15 30,333.20    -35.70       -0.12  52,250.00
986  2026-06-22 05:00:00  NAS100 30,234.00 30,344.80 30,024.25 30,293.55    -39.65       -0.13 108,062.00
987  2026-06-22 09:00:00  NAS100 30,293.75 30,349.50 30,211.00 30,327.25     33.70        0.11  92,838.00
988  2026-06-22 13:00:00  NAS100 30,327.60 30,467.70 30,324.00 30,386.50     59.25        0.20  85,783.00
989  2026-06-22 17:00:00  NAS100 30,385.65 30,622.45 30,385.65 30,621.40    234.90        0.77 101,080.00
990  2026-06-22 21:00:00  NAS100 30,622.00 30,654.10 30,189.80 30,301.25   -320.15       -1.05 150,043.00
991  2026-06-23 01:00:00  NAS100 30,301.40 30,363.80 30,221.10 30,349.80     48.55        0.16  87,412.00
992  2026-06-23 05:00:00  NAS100 30,338.60 30,386.20 30,094.25 30,147.30   -202.50       -0.67  92,913.00
993  2026-06-23 09:00:00  NAS100 30,148.70 30,161.15 29,780.60 29,795.20   -352.10       -1.17 116,485.00
994  2026-06-23 13:00:00  NAS100 29,795.40 29,820.75 29,464.30 29,573.80   -221.40       -0.74 121,558.00
995  2026-06-23 17:00:00  NAS100 29,574.90 29,620.10 29,304.90 29,617.40     43.60        0.15 121,186.00
996  2026-06-23 21:00:00  NAS100 29,613.10 29,733.50 29,383.50 29,419.95   -197.45       -0.67 152,062.00
997  2026-06-24 01:00:00  NAS100 29,423.30 29,469.50 29,264.90 29,433.85     13.90        0.05  95,133.00
998  2026-06-24 05:00:00  NAS100 29,471.20 29,590.95 29,287.25 29,527.00     93.15        0.32 111,109.00
999  2026-06-24 09:00:00  NAS100 29,526.60 29,537.60 29,315.50 29,414.65   -112.35       -0.38  55,918.00

==================================================
      HOÀN THÀNH PHÂN TÍCH          
==================================================
