==================================================
      VNSTOCK 3.x MULTI-STOCK DEMO               
      Danh sách: NAS100
      Khung: 1D, Số lượng: 10000
==================================================

==================================================
      PHÂN TÍCH MÃ: NAS100 (Nasdaq 100 Futures) 
      Khung thời gian: 1D
==================================================

--- [ LỊCH SỬ GIÁ NAS100  ] ---
            time  symbol      open      high       low     close    change  pct_change       volume
0     1999-06-30  NAS100  2,293.50  2,348.50  2,268.50  2,325.50      0.00        0.00     2,456.00
1     1999-07-01  NAS100  2,326.00  2,357.00  2,295.00  2,347.50     22.00        0.95     1,247.00
2     1999-07-06  NAS100  2,383.50  2,410.00  2,376.50  2,396.00     48.50        2.07     1,247.00
3     1999-07-07  NAS100  2,365.00  2,367.50  2,341.00  2,352.00    -44.00       -1.84     3,440.00
4     1999-07-08  NAS100  2,368.00  2,405.00  2,350.50  2,388.00     36.00        1.53     3,604.00
5     1999-07-09  NAS100  2,395.00  2,405.50  2,384.00  2,398.00     10.00        0.42     2,126.00
6     1999-07-12  NAS100  2,423.00  2,437.00  2,389.00  2,422.00     24.00        1.00     3,650.00
7     1999-07-13  NAS100  2,394.00  2,399.00  2,372.50  2,382.00    -40.00       -1.65     3,552.00
8     1999-07-14  NAS100  2,397.50  2,426.50  2,382.00  2,424.00     42.00        1.76     3,067.00
9     1999-07-15  NAS100  2,434.00  2,453.50  2,428.50  2,448.00     24.00        0.99     2,875.00
10    1999-07-16  NAS100  2,448.00  2,489.00  2,446.50  2,484.00     36.00        1.47     1,798.00
11    1999-07-19  NAS100  2,475.50  2,489.00  2,442.00  2,449.50    -34.50       -1.39     2,699.00
12    1999-07-20  NAS100  2,402.00  2,406.00  2,358.50  2,369.50    -80.00       -3.27     3,934.00
13    1999-07-21  NAS100  2,356.50  2,387.50  2,342.00  2,353.00    -16.50       -0.70     3,047.00
14    1999-07-22  NAS100  2,316.00  2,324.50  2,299.00  2,312.00    -41.00       -1.74     3,224.00
15    1999-07-23  NAS100  2,325.00  2,333.00  2,283.50  2,303.00     -9.00       -0.39     2,485.00
16    1999-07-26  NAS100  2,281.00  2,302.00  2,265.50  2,268.00    -35.00       -1.52     2,851.00
17    1999-07-27  NAS100  2,276.00  2,328.50  2,274.00  2,325.50     57.50        2.54     3,644.00
18    1999-07-28  NAS100  2,319.50  2,353.00  2,292.00  2,334.50      9.00        0.39     3,190.00
19    1999-07-29  NAS100  2,326.00  2,329.00  2,269.00  2,284.50    -50.00       -2.14     3,528.00
20    1999-07-30  NAS100  2,304.00  2,327.00  2,282.00  2,294.00      9.50        0.42     2,712.00
21    1999-08-02  NAS100  2,266.50  2,325.00  2,260.50  2,310.50     16.50        0.72     3,088.00
22    1999-08-03  NAS100  2,282.00  2,302.50  2,224.00  2,261.50    -49.00       -2.12     4,979.00
23    1999-08-04  NAS100  2,262.00  2,273.50  2,233.00  2,247.00    -14.50       -0.64     3,463.00
24    1999-08-05  NAS100  2,207.00  2,241.50  2,164.50  2,226.00    -21.00       -0.93     4,686.00
25    1999-08-06  NAS100  2,251.00  2,273.50  2,215.00  2,224.50     -1.50       -0.07     3,736.00
26    1999-08-09  NAS100  2,236.00  2,244.00  2,206.00  2,227.00      2.50        0.11     4,108.00
27    1999-08-10  NAS100  2,142.00  2,167.00  2,132.00  2,159.00    -68.00       -3.05     5,955.00
28    1999-08-11  NAS100  2,197.00  2,230.00  2,184.50  2,226.50     67.50        3.13     3,989.00
29    1999-08-12  NAS100  2,248.50  2,272.50  2,234.00  2,238.00     11.50        0.52     4,343.00
30    1999-08-13  NAS100  2,217.50  2,302.50  2,214.00  2,297.50     59.50        2.66     2,947.00
31    1999-08-16  NAS100  2,318.00  2,348.00  2,307.00  2,313.00     15.50        0.67     3,878.00
32    1999-08-17  NAS100  2,330.00  2,359.00  2,289.00  2,334.50     21.50        0.93     3,717.00
33    1999-08-18  NAS100  2,350.00  2,363.50  2,320.00  2,323.50    -11.00       -0.47     3,717.00
34    1999-08-19  NAS100  2,322.00  2,326.50  2,278.00  2,302.00    -21.50       -0.93     4,291.00
35    1999-08-20  NAS100  2,295.50  2,313.50  2,282.50  2,308.00      6.00        0.26     1,928.00
36    1999-08-23  NAS100  2,337.00  2,372.00  2,335.50  2,363.00     55.00        2.38     2,778.00
37    1999-08-24  NAS100  2,388.00  2,444.50  2,379.50  2,405.00     42.00        1.78     3,037.00
38    1999-08-25  NAS100  2,415.00  2,476.50  2,406.50  2,470.50     65.50        2.72     3,321.00
39    1999-08-26  NAS100  2,470.00  2,477.50  2,425.00  2,428.00    -42.50       -1.72     3,282.00
40    1999-08-27  NAS100  2,425.00  2,449.00  2,399.50  2,405.00    -23.00       -0.95     3,161.00
41    1999-08-30  NAS100  2,405.00  2,421.00  2,363.00  2,374.00    -31.00       -1.29     4,640.00
42    1999-08-31  NAS100  2,379.00  2,409.00  2,332.50  2,395.50     21.50        0.91     4,280.00
43    1999-09-01  NAS100  2,395.00  2,432.00  2,389.00  2,414.50     19.00        0.79     3,404.00
44    1999-09-02  NAS100  2,413.50  2,416.50  2,362.00  2,401.50    -13.00       -0.54     2,633.00
45    1999-09-03  NAS100  2,403.50  2,513.00  2,396.00  2,513.00    111.50        4.64     3,397.00
46    1999-09-07  NAS100  2,531.00  2,531.00  2,497.00  2,502.50    -10.50       -0.42     4,583.00
47    1999-09-08  NAS100  2,500.00  2,508.50  2,456.00  2,469.00    -33.50       -1.34       495.00
48    1999-09-09  NAS100  2,465.00  2,507.00  2,454.00  2,506.00     37.00        1.50       241.00
49    1999-09-10  NAS100  2,505.00  2,564.00  2,502.00  2,537.00     31.00        1.24       103.00
50    1999-09-13  NAS100  2,540.00  2,550.00  2,487.50  2,495.50    -41.50       -1.64        50.00
51    1999-09-14  NAS100  2,529.00  2,561.00  2,509.50  2,545.00     49.50        1.98     5,095.00
52    1999-09-15  NAS100  2,544.00  2,579.50  2,491.00  2,494.00    -51.00       -2.00     5,922.00
53    1999-09-16  NAS100  2,493.00  2,513.00  2,442.50  2,494.00      0.00        0.00     3,096.00
54    1999-09-17  NAS100  2,497.00  2,574.00  2,492.50  2,568.50     74.50        2.99     2,335.00
55    1999-09-20  NAS100  2,585.00  2,588.00  2,551.00  2,570.00      1.50        0.06     5,116.00
56    1999-09-21  NAS100  2,578.00  2,578.00  2,503.00  2,510.00    -60.00       -2.33     5,365.00
57    1999-09-22  NAS100  2,510.00  2,548.50  2,483.00  2,538.00     28.00        1.12     6,163.00
58    1999-09-23  NAS100  2,537.00  2,567.00  2,415.50  2,434.00   -104.00       -4.10     5,969.00
59    1999-09-24  NAS100  2,433.00  2,439.50  2,375.00  2,426.00     -8.00       -0.33     5,198.00
60    1999-09-27  NAS100  2,427.00  2,486.50  2,427.00  2,451.50     25.50        1.05     5,805.00
61    1999-09-28  NAS100  2,451.00  2,470.00  2,386.00  2,463.00     11.50        0.47     5,981.00
62    1999-09-29  NAS100  2,464.00  2,476.50  2,415.00  2,417.00    -46.00       -1.87     5,848.00
63    1999-09-30  NAS100  2,417.00  2,462.50  2,405.00  2,439.50     22.50        0.93     4,173.00
64    1999-10-01  NAS100  2,436.50  2,440.00  2,379.50  2,431.50     -8.00       -0.33     3,672.00
65    1999-10-04  NAS100  2,431.50  2,499.50  2,424.50  2,498.50     67.00        2.76     5,343.00
66    1999-10-05  NAS100  2,496.00  2,535.50  2,458.00  2,508.00      9.50        0.38     4,548.00
67    1999-10-06  NAS100  2,504.50  2,559.00  2,501.00  2,555.50     47.50        1.89     5,926.00
68    1999-10-07  NAS100  2,555.50  2,599.00  2,533.00  2,552.00     -3.50       -0.14     5,220.00
69    1999-10-08  NAS100  2,550.00  2,580.00  2,505.00  2,578.00     26.00        1.02     2,303.00
70    1999-10-11  NAS100  2,578.00  2,611.50  2,568.00  2,608.00     30.00        1.16     5,026.00
71    1999-10-12  NAS100  2,609.00  2,617.00  2,545.50  2,556.00    -52.00       -1.99     6,726.00
72    1999-10-13  NAS100  2,532.00  2,554.50  2,465.50  2,474.00    -82.00       -3.21     6,473.00
73    1999-10-14  NAS100  2,486.00  2,508.00  2,445.00  2,492.00     18.00        0.73     4,699.00
74    1999-10-15  NAS100  2,495.00  2,498.50  2,405.00  2,416.00    -76.00       -3.05     6,291.00
75    1999-10-18  NAS100  2,406.50  2,437.00  2,318.50  2,381.00    -35.00       -1.45     5,848.00
76    1999-10-19  NAS100  2,380.50  2,424.00  2,359.50  2,385.00      4.00        0.17     5,597.00
77    1999-10-20  NAS100  2,396.00  2,492.00  2,396.00  2,472.50     87.50        3.67     5,618.00
78    1999-10-21  NAS100  2,470.50  2,514.00  2,413.00  2,513.00     40.50        1.64     3,986.00
79    1999-10-22  NAS100  2,511.00  2,547.00  2,493.00  2,496.50    -16.50       -0.66     4,615.00
80    1999-10-25  NAS100  2,497.50  2,528.00  2,470.00  2,501.00      4.50        0.18     4,965.00
81    1999-10-26  NAS100  2,499.50  2,545.00  2,476.00  2,476.00    -25.00       -1.00     4,763.00
82    1999-10-27  NAS100  2,475.00  2,489.00  2,438.00  2,478.00      2.00        0.08     4,763.00
83    1999-10-28  NAS100  2,478.00  2,564.50  2,457.00  2,562.00     84.00        3.39     4,403.00
84    1999-10-29  NAS100  2,560.00  2,672.00  2,551.00  2,655.50     93.50        3.65     3,570.00
85    1999-11-01  NAS100  2,650.00  2,682.50  2,633.00  2,639.00    -16.50       -0.62     5,503.00
86    1999-11-02  NAS100  2,633.00  2,684.50  2,626.50  2,643.00      4.00        0.15     4,812.00
87    1999-11-03  NAS100  2,641.00  2,705.50  2,640.00  2,695.00     52.00        1.97     4,588.00
88    1999-11-04  NAS100  2,693.50  2,732.00  2,692.00  2,723.00     28.00        1.04     3,888.00
89    1999-11-05  NAS100  2,723.00  2,784.00  2,710.00  2,784.00     61.00        2.24     4,281.00
90    1999-11-08  NAS100  2,750.50  2,810.00  2,740.50  2,808.00     24.00        0.86     5,861.00
91    1999-11-09  NAS100  2,805.00  2,847.50  2,753.00  2,785.00    -23.00       -0.82     5,598.00
92    1999-11-10  NAS100  2,786.00  2,839.00  2,770.00  2,818.50     33.50        1.20     4,746.00
93    1999-11-11  NAS100  2,810.50  2,869.00  2,810.50  2,866.50     48.00        1.70     6,213.00
94    1999-11-12  NAS100  2,864.00  2,910.00  2,802.00  2,905.00     38.50        1.34     4,665.00
95    1999-11-15  NAS100  2,908.50  2,918.00  2,883.50  2,898.50     -6.50       -0.22     5,622.00
96    1999-11-16  NAS100  2,892.00  2,984.00  2,889.00  2,976.00     77.50        2.67     5,443.00
97    1999-11-17  NAS100  2,920.00  2,985.00  2,920.00  2,931.00    -45.00       -1.51     7,416.00
98    1999-11-18  NAS100  2,929.50  3,021.00  2,923.50  3,018.00     87.00        2.97     5,760.00
99    1999-11-19  NAS100  3,015.00  3,049.00  2,992.50  3,043.50     25.50        0.84     5,208.00
100   1999-11-22  NAS100  3,052.00  3,069.50  3,019.00  3,065.50     22.00        0.72     7,267.00
101   1999-11-23  NAS100  3,066.00  3,078.00  2,982.50  3,013.00    -52.50       -1.71     6,032.00
102   1999-11-24  NAS100  3,011.00  3,123.00  2,990.00  3,119.00    106.00        3.52     2,099.00
103   1999-11-26  NAS100  3,119.50  3,165.00  3,112.50  3,121.00      2.00        0.06     7,106.00
104   1999-11-29  NAS100  3,124.00  3,142.50  3,067.00  3,068.00    -53.00       -1.70     9,115.00
105   1999-11-30  NAS100  3,071.00  3,079.00  2,968.00  2,972.00    -96.00       -3.13     9,468.00
106   1999-12-01  NAS100  2,971.00  3,030.00  2,961.50  3,013.50     41.50        1.40     7,442.00
107   1999-12-02  NAS100  3,015.50  3,115.00  3,010.50  3,111.00     97.50        3.24     8,294.00
108   1999-12-03  NAS100  3,110.00  3,218.50  3,094.00  3,174.00     63.00        2.03     8,294.00
109   1999-12-06  NAS100  3,174.50  3,229.00  3,157.00  3,203.00     29.00        0.91    10,986.00
110   1999-12-07  NAS100  3,200.00  3,227.00  3,160.50  3,209.50      6.50        0.20    10,673.00
111   1999-12-08  NAS100  3,205.00  3,228.00  3,160.00  3,165.50    -44.00       -1.37     1,587.00
112   1999-12-09  NAS100  3,162.00  3,223.50  3,105.00  3,169.00      3.50        0.11       595.00
113   1999-12-10  NAS100  3,160.00  3,220.00  3,131.00  3,207.00     38.00        1.20       235.00
114   1999-12-13  NAS100  3,213.00  3,277.00  3,176.00  3,247.00     40.00        1.25       227.00
115   1999-12-14  NAS100  3,285.00  3,324.00  3,210.50  3,224.50    -22.50       -0.69    12,508.00
116   1999-12-15  NAS100  3,226.00  3,287.00  3,169.00  3,280.50     56.00        1.74    10,766.00
117   1999-12-16  NAS100  3,282.00  3,383.00  3,276.00  3,382.00    101.50        3.09     8,345.00
118   1999-12-17  NAS100  3,383.00  3,458.50  3,379.00  3,413.50     31.50        0.93     7,837.00
119   1999-12-20  NAS100  3,439.00  3,439.00  3,439.00  3,439.00     25.50        0.75     8,968.00
120   1999-12-21  NAS100  3,439.00  3,597.50  3,431.50  3,592.00    153.00        4.45     8,527.00
121   1999-12-22  NAS100  3,594.00  3,626.00  3,549.50  3,618.50     26.50        0.74     5,642.00
122   1999-12-23  NAS100  3,613.50  3,682.00  3,599.50  3,636.00     17.50        0.48     8,313.00
123   1999-12-27  NAS100  3,635.50  3,678.50  3,566.00  3,641.00      5.00        0.14     8,107.00
124   1999-12-28  NAS100  3,635.00  3,674.00  3,596.00  3,622.00    -19.00       -0.52     7,255.00
125   1999-12-29  NAS100  3,621.50  3,748.00  3,611.50  3,744.50    122.50        3.38     7,790.00
126   1999-12-30  NAS100  3,744.50  3,804.50  3,720.00  3,735.00     -9.50       -0.25     3,539.00
127   1999-12-31  NAS100  3,728.50  3,772.00  3,722.50  3,754.00     19.00        0.51    15,414.00
128   2000-01-03  NAS100  3,750.00  3,895.00  3,681.00  3,837.50     83.50        2.22    15,455.00
129   2000-01-04  NAS100  3,838.50  3,842.50  3,525.00  3,559.50   -278.00       -7.24    15,236.00
130   2000-01-05  NAS100  3,557.50  3,618.00  3,395.00  3,508.00    -51.50       -1.45    15,272.00
131   2000-01-06  NAS100  3,493.00  3,553.00  3,282.50  3,315.50   -192.50       -5.49    14,126.00
132   2000-01-07  NAS100  3,284.50  3,574.50  3,257.00  3,562.00    246.50        7.43    15,673.00
133   2000-01-10  NAS100  3,561.00  3,804.50  3,554.50  3,766.00    204.00        5.73    16,839.00
134   2000-01-11  NAS100  3,765.00  3,766.00  3,542.00  3,582.00   -184.00       -4.89    15,466.00
135   2000-01-12  NAS100  3,576.00  3,615.00  3,476.00  3,508.00    -74.00       -2.07    13,359.00
136   2000-01-13  NAS100  3,508.00  3,651.00  3,502.00  3,644.00    136.00        3.88    12,244.00
137   2000-01-14  NAS100  3,660.00  3,785.00  3,645.00  3,752.50    108.50        2.98    14,811.00
138   2000-01-18  NAS100  3,743.00  3,819.50  3,669.50  3,800.00     47.50        1.27    14,308.00
139   2000-01-19  NAS100  3,800.50  3,850.50  3,741.00  3,844.50     44.50        1.17    16,054.00
140   2000-01-20  NAS100  3,847.00  3,913.00  3,811.00  3,880.00     35.50        0.92    10,416.00
141   2000-01-21  NAS100  3,870.00  3,914.00  3,824.00  3,893.00     13.00        0.34    15,881.00
142   2000-01-24  NAS100  3,891.50  3,938.00  3,675.50  3,681.00   -212.00       -5.45    17,930.00
143   2000-01-25  NAS100  3,675.00  3,797.00  3,606.50  3,788.50    107.50        2.92    14,483.00
144   2000-01-26  NAS100  3,775.00  3,787.50  3,637.50  3,654.50   -134.00       -3.54    15,985.00
145   2000-01-27  NAS100  3,628.50  3,734.00  3,526.00  3,636.00    -18.50       -0.51    16,259.00
146   2000-01-28  NAS100  3,640.50  3,685.00  3,409.00  3,475.00   -161.00       -4.43    17,733.00
147   2000-01-31  NAS100  3,462.00  3,620.00  3,371.00  3,612.50    137.50        3.96    13,663.00
148   2000-02-01  NAS100  3,606.50  3,735.00  3,564.00  3,723.50    111.00        3.07    13,436.00
149   2000-02-02  NAS100  3,719.50  3,816.00  3,692.00  3,734.00     10.50        0.28    16,812.00
150   2000-02-03  NAS100  3,734.00  3,892.50  3,713.00  3,892.50    158.50        4.24    11,605.00
151   2000-02-04  NAS100  3,888.00  3,960.00  3,861.00  3,906.50     14.00        0.36    10,266.00
152   2000-02-07  NAS100  3,906.50  3,958.50  3,875.50  3,957.00     50.50        1.29    15,069.00
153   2000-02-08  NAS100  3,944.50  4,098.50  3,942.00  4,095.00    138.00        3.49    19,889.00
154   2000-02-09  NAS100  4,100.00  4,144.00  3,976.50  3,976.50   -118.50       -2.89    18,454.00
155   2000-02-10  NAS100  3,971.00  4,116.00  3,968.00  4,112.00    135.50        3.41    18,652.00
156   2000-02-11  NAS100  4,109.00  4,140.00  3,950.00  3,992.50   -119.50       -2.91    18,078.00
157   2000-02-14  NAS100  3,983.50  4,028.00  3,934.00  4,003.50     11.00        0.28    23,415.00
158   2000-02-15  NAS100  3,999.50  4,050.00  3,861.00  4,036.50     33.00        0.82    19,888.00
159   2000-02-16  NAS100  4,034.50  4,087.00  3,995.00  4,020.50    -16.00       -0.40    18,302.00
160   2000-02-17  NAS100  4,026.00  4,146.00  4,011.00  4,106.50     86.00        2.14    18,802.00
161   2000-02-18  NAS100  4,110.00  4,141.00  3,962.50  3,968.00   -138.50       -3.37    22,638.00
162   2000-02-22  NAS100  3,954.50  4,018.00  3,865.50  3,967.50     -0.50       -0.01    23,907.00
163   2000-02-23  NAS100  3,977.00  4,218.00  3,962.00  4,187.50    220.00        5.55    28,263.00
164   2000-02-24  NAS100  4,189.50  4,292.50  4,106.50  4,292.50    105.00        2.51    22,378.00
165   2000-02-25  NAS100  4,283.50  4,316.00  4,130.00  4,194.00    -98.50       -2.29    27,318.00
166   2000-02-28  NAS100  4,182.50  4,243.00  4,029.00  4,158.00    -36.00       -0.86    20,329.00
167   2000-02-29  NAS100  4,164.50  4,301.00  4,158.50  4,301.00    143.00        3.44    18,766.00
168   2000-03-01  NAS100  4,298.00  4,353.00  4,273.00  4,325.50     24.50        0.57    22,454.00
169   2000-03-02  NAS100  4,325.00  4,338.00  4,204.00  4,225.00   -100.50       -2.32    21,378.00
170   2000-03-03  NAS100  4,230.00  4,458.00  4,210.00  4,454.50    229.50        5.43    21,491.00
171   2000-03-06  NAS100  4,447.00  4,541.00  4,431.00  4,497.50     43.00        0.97    28,103.00
172   2000-03-07  NAS100  4,483.50  4,570.50  4,361.00  4,392.50   -105.00       -2.33    26,906.00
173   2000-03-08  NAS100  4,387.50  4,465.00  4,272.00  4,457.50     65.00        1.48     4,725.00
174   2000-03-09  NAS100  4,457.00  4,615.00  4,376.50  4,608.00    150.50        3.38     1,716.00
175   2000-03-10  NAS100  4,600.00  4,668.00  4,555.00  4,605.00     -3.00       -0.07     1,507.00
176   2000-03-13  NAS100  4,590.00  4,597.00  4,420.50  4,464.00   -141.00       -3.06     1,505.00
177   2000-03-14  NAS100  4,510.50  4,604.00  4,282.00  4,300.00   -164.00       -3.67    28,686.00
178   2000-03-15  NAS100  4,298.50  4,357.00  4,145.50  4,164.00   -136.00       -3.16    31,934.00
179   2000-03-16  NAS100  4,172.00  4,432.50  4,108.00  4,414.50    250.50        6.02    21,752.00
180   2000-03-17  NAS100  4,415.50  4,527.00  4,373.00  4,516.50    102.00        2.31    25,413.00
181   2000-03-20  NAS100  4,507.50  4,529.00  4,315.50  4,352.50   -164.00       -3.63    27,244.00
182   2000-03-21  NAS100  4,348.00  4,529.50  4,215.00  4,518.00    165.50        3.80    29,121.00
183   2000-03-22  NAS100  4,510.00  4,709.00  4,492.00  4,620.00    102.00        2.26    27,159.00
184   2000-03-23  NAS100  4,625.00  4,775.00  4,576.00  4,732.50    112.50        2.44    25,878.00
185   2000-03-24  NAS100  4,730.00  4,884.00  4,666.00  4,804.00     71.50        1.51    22,162.00
186   2000-03-27  NAS100  4,787.00  4,850.00  4,751.00  4,762.00    -42.00       -0.87    25,160.00
187   2000-03-28  NAS100  4,761.00  4,837.50  4,650.00  4,662.50    -99.50       -2.09    30,696.00
188   2000-03-29  NAS100  4,660.00  4,678.00  4,456.00  4,469.00   -193.50       -4.15    32,339.00
189   2000-03-30  NAS100  4,471.00  4,558.00  4,211.50  4,327.50   -141.50       -3.17    30,146.00
190   2000-03-31  NAS100  4,328.00  4,486.00  4,245.50  4,457.50    130.00        3.00    35,070.00
191   2000-04-03  NAS100  4,417.00  4,417.00  4,088.50  4,135.00   -322.50       -7.23    44,126.00
192   2000-04-04  NAS100  4,128.00  4,212.00  3,738.34  4,066.00    -69.00       -1.67    32,308.00
193   2000-04-05  NAS100  4,080.00  4,213.50  3,929.00  4,060.00     -6.00       -0.15    27,739.00
194   2000-04-06  NAS100  4,055.00  4,220.00  4,019.50  4,145.00     85.00        2.09    23,589.00
195   2000-04-07  NAS100  4,144.50  4,343.50  4,135.00  4,337.00    192.00        4.63         0.00
196   2000-04-10  NAS100  4,031.66  4,031.66  3,704.00  3,704.00   -633.00      -14.60    35,883.00
197   2000-04-11  NAS100  4,026.00  4,100.50  3,886.00  3,952.00    248.00        6.70    39,151.00
198   2000-04-12  NAS100  3,954.50  4,022.66  3,653.00  3,695.00   -257.00       -6.50    38,550.00
199   2000-04-13  NAS100  3,764.00  3,884.00  3,562.00  3,581.50   -113.50       -3.07    38,663.00
200   2000-04-14  NAS100  3,545.16  3,545.16  3,148.00  3,217.50   -364.00      -10.16    43,966.00
201   2000-04-17  NAS100  3,249.84  3,590.00  3,249.84  3,577.50    360.00       11.19    41,363.00
202   2000-04-18  NAS100  3,584.00  3,752.00  3,489.00  3,750.00    172.50        4.82    33,643.00
203   2000-04-19  NAS100  3,734.50  3,781.00  3,604.50  3,622.50   -127.50       -3.40    29,702.00
204   2000-04-20  NAS100  3,630.00  3,670.00  3,485.00  3,535.00    -87.50       -2.42    22,582.00
205   2000-04-24  NAS100  3,488.50  3,488.50  3,223.00  3,417.00   -118.00       -3.34    30,710.00
206   2000-04-25  NAS100  3,416.50  3,655.00  3,399.00  3,645.00    228.00        6.67    29,209.00
207   2000-04-26  NAS100  3,650.00  3,734.00  3,520.00  3,527.50   -117.50       -3.22    32,073.00
208   2000-04-27  NAS100  3,527.50  3,733.50  3,417.50  3,685.00    157.50        4.46    35,244.00
209   2000-04-28  NAS100  3,694.50  3,826.50  3,680.00  3,810.00    125.00        3.39    20,768.00
210   2000-05-01  NAS100  3,807.50  3,910.00  3,806.00  3,867.00     57.00        1.50    31,114.00
211   2000-05-02  NAS100  3,866.00  3,887.00  3,636.00  3,643.50   -223.50       -5.78    31,759.00
212   2000-05-03  NAS100  3,638.50  3,658.00  3,452.00  3,585.00    -58.50       -1.61    37,919.00
213   2000-05-04  NAS100  3,583.50  3,652.00  3,535.00  3,589.50      4.50        0.13    31,468.00
214   2000-05-05  NAS100  3,585.00  3,740.00  3,527.50  3,695.00    105.50        2.94    25,723.00
215   2000-05-08  NAS100  3,682.00  3,693.00  3,512.50  3,551.50   -143.50       -3.88    29,332.00
216   2000-05-09  NAS100  3,547.00  3,599.00  3,420.50  3,452.50    -99.00       -2.79    29,510.00
217   2000-05-10  NAS100  3,448.00  3,485.50  3,245.50  3,252.50   -200.00       -5.79    41,173.00
218   2000-05-11  NAS100  3,250.00  3,408.00  3,194.00  3,385.50    133.00        4.09    30,808.00
219   2000-05-12  NAS100  3,402.50  3,540.00  3,391.00  3,417.50     32.00        0.95    25,359.00
220   2000-05-15  NAS100  3,410.00  3,565.00  3,327.50  3,559.50    142.00        4.16    31,751.00
221   2000-05-16  NAS100  3,555.00  3,683.50  3,547.00  3,670.00    110.50        3.10    29,117.00
222   2000-05-17  NAS100  3,669.50  3,673.50  3,538.50  3,587.50    -82.50       -2.25    32,377.00
223   2000-05-18  NAS100  3,589.00  3,605.00  3,440.00  3,460.00   -127.50       -3.55    30,367.00
224   2000-05-19  NAS100  3,457.50  3,475.00  3,266.00  3,280.00   -180.00       -5.20    28,920.00
225   2000-05-22  NAS100  3,276.00  3,330.00  3,058.00  3,297.50     17.50        0.53    44,218.00
226   2000-05-23  NAS100  3,284.50  3,340.16  3,008.50  3,012.50   -285.00       -8.64    41,911.00
227   2000-05-24  NAS100  3,015.00  3,213.00  2,902.50  3,167.50    155.00        5.15    52,590.00
228   2000-05-25  NAS100  3,166.00  3,308.00  3,081.00  3,125.50    -42.00       -1.33    39,511.00
229   2000-05-26  NAS100  3,125.50  3,184.50  3,042.00  3,130.00      4.50        0.14    26,523.00
230   2000-05-30  NAS100  3,123.50  3,440.00  3,123.00  3,427.00    297.00        9.49    33,375.00
231   2000-05-31  NAS100  3,425.50  3,474.00  3,325.00  3,325.00   -102.00       -2.98    39,880.00
232   2000-06-01  NAS100  3,324.00  3,546.50  3,324.00  3,512.50    187.50        5.64    38,783.00
233   2000-06-02  NAS100  3,512.00  3,775.50  3,487.00  3,751.50    239.00        6.80    29,667.00
234   2000-06-05  NAS100  3,752.00  3,830.00  3,691.00  3,752.50      1.00        0.03    39,986.00
235   2000-06-06  NAS100  3,746.50  3,817.00  3,650.00  3,662.50    -90.00       -2.40    36,656.00
236   2000-06-07  NAS100  3,663.50  3,746.50  3,605.00  3,737.50     75.00        2.05    37,907.00
237   2000-06-08  NAS100  3,738.00  3,804.50  3,676.00  3,730.50     -7.00       -0.19     6,905.00
238   2000-06-09  NAS100  3,727.50  3,840.00  3,721.00  3,754.50     24.00        0.64     1,712.00
239   2000-06-12  NAS100  3,745.00  3,800.00  3,644.00  3,658.00    -96.50       -2.57       863.00
240   2000-06-13  NAS100  3,719.00  3,837.50  3,644.00  3,832.50    174.50        4.77    40,604.00
241   2000-06-14  NAS100  3,838.50  3,898.00  3,727.00  3,756.50    -76.00       -1.98    39,239.00
242   2000-06-15  NAS100  3,759.50  3,817.50  3,759.50  3,817.50     61.00        1.62    32,229.00
243   2000-06-16  NAS100  3,818.00  3,880.00  3,785.00  3,827.50     10.00        0.26    28,004.00
244   2000-06-19  NAS100  3,823.50  3,998.50  3,781.00  3,982.50    155.00        4.05    35,486.00
245   2000-06-20  NAS100  3,980.50  4,057.50  3,961.00  4,007.50     25.00        0.63    39,157.00
246   2000-06-21  NAS100  3,989.50  4,046.50  3,926.00  4,013.50      6.00        0.15    37,111.00
247   2000-06-22  NAS100  4,020.00  4,030.50  3,855.50  3,862.50   -151.00       -3.76    38,486.00
248   2000-06-23  NAS100  3,865.50  3,885.50  3,718.00  3,728.00   -134.50       -3.48    32,292.00
249   2000-06-26  NAS100  3,737.50  3,838.00  3,736.50  3,827.50     99.50        2.67    36,204.00
250   2000-06-27  NAS100  3,829.00  3,864.00  3,753.00  3,767.50    -60.00       -1.57    29,275.00
251   2000-06-28  NAS100  3,766.50  3,876.00  3,756.00  3,815.50     48.00        1.27    34,812.00
252   2000-06-29  NAS100  3,816.50  3,831.00  3,678.00  3,731.00    -84.50       -2.21    40,264.00
253   2000-06-30  NAS100  3,726.00  3,817.00  3,717.50  3,817.00     86.00        2.31    22,002.00
254   2000-07-03  NAS100  3,801.50  3,867.00  3,786.50  3,861.50     44.50        1.17     6,527.00
255   2000-07-05  NAS100  3,854.00  3,907.50  3,690.00  3,709.50   -152.00       -3.94    33,063.00
256   2000-07-06  NAS100  3,711.50  3,845.00  3,652.00  3,834.00    124.50        3.36    44,677.00
257   2000-07-07  NAS100  3,836.00  3,938.50  3,827.00  3,877.50     43.50        1.13    35,054.00
258   2000-07-10  NAS100  3,869.00  3,890.00  3,808.00  3,828.00    -49.50       -1.28    33,668.00
259   2000-07-11  NAS100  3,825.50  3,885.00  3,752.00  3,781.50    -46.50       -1.21    45,485.00
260   2000-07-12  NAS100  3,806.00  3,958.00  3,806.00  3,930.50    149.00        3.94    37,526.00
261   2000-07-13  NAS100  3,935.00  4,042.00  3,919.00  4,008.50     78.00        1.98    36,005.00
262   2000-07-14  NAS100  4,005.50  4,099.00  4,003.00  4,078.00     69.50        1.73    35,560.00
263   2000-07-17  NAS100  4,075.50  4,134.50  4,044.00  4,110.00     32.00        0.78    31,257.00
264   2000-07-18  NAS100  4,110.00  4,120.00  3,986.50  4,023.50    -86.50       -2.10    39,434.00
265   2000-07-19  NAS100  4,011.00  4,039.00  3,872.50  3,913.50   -110.00       -2.73    38,810.00
266   2000-07-20  NAS100  3,915.00  4,056.00  3,905.50  4,052.00    138.50        3.54    36,984.00
267   2000-07-21  NAS100  4,050.00  4,052.00  3,927.00  3,934.00   -118.00       -2.91    32,102.00
268   2000-07-24  NAS100  3,934.00  4,007.00  3,814.50  3,819.50   -114.50       -2.91    41,580.00
269   2000-07-25  NAS100  3,823.50  3,911.50  3,797.00  3,888.00     68.50        1.79    41,176.00
270   2000-07-26  NAS100  3,890.50  3,894.00  3,773.00  3,865.00    -23.00       -0.59    45,842.00
271   2000-07-27  NAS100  3,857.00  3,877.50  3,699.00  3,707.00   -158.00       -4.09    47,060.00
272   2000-07-28  NAS100  3,705.00  3,751.50  3,473.50  3,506.00   -201.00       -5.42    47,473.00
273   2000-07-31  NAS100  3,508.00  3,644.00  3,464.50  3,617.00    111.00        3.17    46,603.00
274   2000-08-01  NAS100  3,616.00  3,636.50  3,542.00  3,569.50    -47.50       -1.31    44,720.00
275   2000-08-02  NAS100  3,565.50  3,648.00  3,499.00  3,507.00    -62.50       -1.75    46,927.00
276   2000-08-03  NAS100  3,500.00  3,666.00  3,370.00  3,662.50    155.50        4.43    56,358.00
277   2000-08-04  NAS100  3,663.50  3,744.50  3,596.00  3,632.00    -30.50       -0.83    51,299.00
278   2000-08-07  NAS100  3,632.50  3,759.00  3,623.50  3,722.50     90.50        2.49    41,829.00
279   2000-08-08  NAS100  3,722.00  3,769.50  3,688.00  3,717.50     -5.00       -0.13    39,517.00
280   2000-08-09  NAS100  3,735.00  3,809.00  3,688.00  3,693.50    -24.00       -0.65    36,621.00
281   2000-08-10  NAS100  3,690.00  3,734.00  3,617.00  3,630.50    -63.00       -1.71    36,446.00
282   2000-08-11  NAS100  3,627.00  3,672.00  3,542.50  3,663.50     33.00        0.91    42,042.00
283   2000-08-14  NAS100  3,662.50  3,755.00  3,634.50  3,748.00     84.50        2.31    29,194.00
284   2000-08-15  NAS100  3,743.50  3,786.50  3,709.00  3,751.00      3.00        0.08    34,815.00
285   2000-08-16  NAS100  3,750.00  3,814.00  3,720.50  3,763.50     12.50        0.33    38,886.00
286   2000-08-17  NAS100  3,762.00  3,862.00  3,727.50  3,848.00     84.50        2.25    38,727.00
287   2000-08-18  NAS100  3,840.50  3,890.00  3,815.00  3,835.50    -12.50       -0.32    31,073.00
288   2000-08-21  NAS100  3,837.50  3,900.00  3,797.00  3,856.50     21.00        0.55    37,864.00
289   2000-08-22  NAS100  3,858.50  3,920.00  3,833.50  3,845.00    -11.50       -0.30    36,435.00
290   2000-08-23  NAS100  3,845.00  3,918.50  3,772.50  3,902.00     57.00        1.48    47,426.00
291   2000-08-24  NAS100  3,909.00  3,969.50  3,896.00  3,965.00     63.00        1.61    35,175.00
292   2000-08-25  NAS100  3,968.50  4,001.00  3,927.00  3,959.00     -6.00       -0.15    32,394.00
293   2000-08-28  NAS100  3,955.50  4,006.50  3,940.00  3,959.00      0.00        0.00    32,674.00
294   2000-08-29  NAS100  3,958.50  3,986.50  3,933.00  3,976.50     17.50        0.44    34,636.00
295   2000-08-30  NAS100  3,974.50  3,999.50  3,929.00  3,975.50     -1.00       -0.03    29,969.00
296   2000-08-31  NAS100  3,973.50  4,095.00  3,965.00  4,094.00    118.50        2.98    28,085.00
297   2000-09-01  NAS100  4,089.50  4,186.00  4,064.00  4,118.00     24.00        0.59    32,097.00
298   2000-09-05  NAS100  4,107.50  4,143.00  3,992.50  3,999.00   -119.00       -2.89    43,125.00
299   2000-09-06  NAS100  4,001.00  4,018.00  3,842.00  3,858.00   -141.00       -3.53    53,367.00
300   2000-09-07  NAS100  3,859.00  3,970.00  3,842.00  3,951.50     93.50        2.42     7,555.00
301   2000-09-08  NAS100  3,954.00  3,954.00  3,808.00  3,808.00   -143.50       -3.63     3,198.00
302   2000-09-11  NAS100  3,808.00  3,858.50  3,692.00  3,721.50    -86.50       -2.27     1,622.00
303   2000-09-12  NAS100  3,785.00  3,863.00  3,703.00  3,724.50      3.00        0.08    58,881.00
304   2000-09-13  NAS100  3,729.00  3,822.50  3,669.50  3,805.00     80.50        2.16    70,762.00
305   2000-09-14  NAS100  3,805.50  3,900.00  3,775.00  3,802.00     -3.00       -0.08    64,767.00
306   2000-09-15  NAS100  3,796.50  3,842.00  3,690.50  3,718.50    -83.50       -2.20    55,487.00
307   2000-09-18  NAS100  3,721.00  3,785.50  3,602.00  3,653.50    -65.00       -1.75    72,994.00
308   2000-09-19  NAS100  3,658.50  3,817.00  3,656.00  3,804.00    150.50        4.12    70,029.00
309   2000-09-20  NAS100  3,801.50  3,874.00  3,715.50  3,853.00     49.00        1.29    78,832.00
310   2000-09-21  NAS100  3,852.00  3,874.00  3,744.00  3,765.00    -88.00       -2.28    70,719.00
311   2000-09-22  NAS100  3,673.00  3,780.00  3,615.00  3,776.00     11.00        0.29    55,926.00
312   2000-09-25  NAS100  3,776.50  3,830.00  3,660.00  3,675.00   -101.00       -2.67    51,490.00
313   2000-09-26  NAS100  3,679.50  3,754.00  3,611.50  3,611.50    -63.50       -1.73    67,220.00
314   2000-09-27  NAS100  3,624.00  3,705.00  3,580.50  3,645.00     33.50        0.93    73,064.00
315   2000-09-28  NAS100  3,640.50  3,780.00  3,607.00  3,758.00    113.00        3.10    61,459.00
316   2000-09-29  NAS100  3,730.00  3,742.50  3,608.00  3,621.00   -137.00       -3.65    57,397.00
317   2000-10-02  NAS100  3,621.00  3,668.00  3,492.00  3,528.50    -92.50       -2.55    63,100.00
318   2000-10-03  NAS100  3,529.00  3,603.00  3,385.00  3,397.00   -131.50       -3.73    78,732.00
319   2000-10-04  NAS100  3,426.50  3,477.50  3,334.00  3,477.50     80.50        2.37    77,551.00
320   2000-10-05  NAS100  3,460.50  3,537.00  3,431.50  3,482.50      5.00        0.14    69,864.00
321   2000-10-06  NAS100  3,490.00  3,509.50  3,305.00  3,357.50   -125.00       -3.59    69,256.00
322   2000-10-09  NAS100  3,359.50  3,402.00  3,222.00  3,349.50     -8.00       -0.24    50,998.00
323   2000-10-10  NAS100  3,346.50  3,381.00  3,155.00  3,160.00   -189.50       -5.66    78,684.00
324   2000-10-11  NAS100  3,191.50  3,258.00  3,070.50  3,124.50    -35.50       -1.12    88,833.00
325   2000-10-12  NAS100  3,145.00  3,224.00  3,024.00  3,046.50    -78.00       -2.50    86,281.00
326   2000-10-13  NAS100  3,060.50  3,309.00  3,021.50  3,270.50    224.00        7.35    64,064.00
327   2000-10-16  NAS100  3,274.00  3,334.00  3,237.50  3,316.00     45.50        1.39    65,125.00
328   2000-10-17  NAS100  3,308.00  3,369.00  3,160.50  3,170.00   -146.00       -4.40    79,137.00
329   2000-10-18  NAS100  3,202.50  3,296.00  3,025.00  3,155.00    -15.00       -0.47    88,887.00
330   2000-10-19  NAS100  3,180.00  3,447.00  3,180.00  3,447.00    292.00        9.26    65,554.00
331   2000-10-20  NAS100  3,437.00  3,555.50  3,412.00  3,499.50     52.50        1.52    50,436.00
332   2000-10-23  NAS100  3,498.50  3,563.50  3,406.00  3,471.00    -28.50       -0.81    65,144.00
333   2000-10-24  NAS100  3,477.00  3,535.00  3,329.00  3,342.50   -128.50       -3.70    64,818.00
334   2000-10-25  NAS100  3,348.50  3,362.00  3,108.00  3,151.50   -191.00       -5.71    72,149.00
335   2000-10-26  NAS100  3,148.50  3,240.00  2,978.50  3,227.50     76.00        2.41    98,606.00
336   2000-10-27  NAS100  3,189.00  3,314.00  3,133.50  3,222.50     -5.00       -0.15    66,885.00
337   2000-10-30  NAS100  3,220.00  3,234.00  3,062.00  3,107.50   -115.00       -3.57    73,396.00
338   2000-10-31  NAS100  3,108.50  3,338.00  3,100.00  3,298.00    190.50        6.13    71,326.00
339   2000-11-01  NAS100  3,299.50  3,344.00  3,205.00  3,267.50    -30.50       -0.92    74,851.00
340   2000-11-02  NAS100  3,263.50  3,361.50  3,229.50  3,316.50     49.00        1.50    57,125.00
341   2000-11-03  NAS100  3,328.00  3,387.00  3,297.00  3,353.00     36.50        1.10    45,893.00
342   2000-11-06  NAS100  3,353.00  3,400.00  3,311.00  3,331.00    -22.00       -0.66    42,959.00
343   2000-11-07  NAS100  3,336.50  3,342.50  3,238.50  3,314.00    -17.00       -0.51    56,778.00
344   2000-11-08  NAS100  3,313.50  3,375.50  3,051.50  3,061.00   -253.00       -7.63    75,253.00
345   2000-11-09  NAS100  3,069.50  3,107.50  2,940.00  3,058.00     -3.00       -0.10    85,910.00
346   2000-11-10  NAS100  3,065.00  3,073.00  2,892.00  2,893.00   -165.00       -5.40    66,765.00
347   2000-11-13  NAS100  2,858.00  2,993.00  2,755.00  2,829.00    -64.00       -2.21    86,903.00
348   2000-11-14  NAS100  2,826.00  3,068.00  2,825.00  3,057.50    228.50        8.08    72,323.00
349   2000-11-15  NAS100  3,045.00  3,116.50  3,045.00  3,116.50     59.00        1.93    68,294.00
350   2000-11-16  NAS100  3,116.50  3,116.50  2,932.50  2,939.00   -177.50       -5.70   137,024.00
351   2000-11-17  NAS100  2,940.00  3,029.50  2,859.50  2,939.50      0.50        0.02    68,512.00
352   2000-11-20  NAS100  2,929.00  2,946.00  2,790.00  2,816.00   -123.50       -4.20    71,304.00
353   2000-11-21  NAS100  2,815.50  2,879.00  2,757.00  2,807.50     -8.50       -0.30    67,362.00
354   2000-11-22  NAS100  2,806.50  2,846.00  2,677.50  2,682.50   -125.00       -4.45    61,970.00
355   2000-11-24  NAS100  2,683.00  2,845.00  2,676.00  2,829.00    146.50        5.46    16,860.00
356   2000-11-27  NAS100  2,848.00  2,929.00  2,769.00  2,796.50    -32.50       -1.15    69,472.00
357   2000-11-28  NAS100  2,797.00  2,829.50  2,626.50  2,637.50   -159.00       -5.69    91,534.00
358   2000-11-29  NAS100  2,642.50  2,688.00  2,525.00  2,530.00   -107.50       -4.08    95,624.00
359   2000-11-30  NAS100  2,508.50  2,589.00  2,435.00  2,530.00      0.00        0.00   105,511.00
360   2000-12-01  NAS100  2,530.50  2,683.50  2,502.50  2,572.50     42.50        1.68    81,875.00
361   2000-12-04  NAS100  2,572.50  2,628.00  2,480.00  2,557.50    -15.00       -0.58    93,602.00
362   2000-12-05  NAS100  2,563.00  2,857.00  2,530.00  2,840.00    282.50       11.05    93,557.00
363   2000-12-06  NAS100  2,834.00  2,897.00  2,725.00  2,737.50   -102.50       -3.61    99,801.00
364   2000-12-07  NAS100  2,741.50  2,778.50  2,630.00  2,669.00    -68.50       -2.50    14,181.00
365   2000-12-08  NAS100  2,667.00  2,924.00  2,660.00  2,740.50     71.50        2.68     4,182.00
366   2000-12-11  NAS100  2,855.00  2,995.00  2,848.00  2,984.50    244.00        8.90     3,926.00
367   2000-12-12  NAS100  3,030.50  3,033.00  2,906.50  2,926.50    -58.00       -1.94    60,958.00
368   2000-12-13  NAS100  2,929.50  3,015.00  2,785.50  2,800.00   -126.50       -4.32    71,729.00
369   2000-12-14  NAS100  2,803.50  2,839.00  2,652.00  2,670.00   -130.00       -4.64    76,229.00
370   2000-12-15  NAS100  2,639.50  2,675.00  2,550.50  2,602.50    -67.50       -2.53    82,436.00
371   2000-12-18  NAS100  2,619.50  2,692.00  2,553.00  2,608.50      6.00        0.23    75,148.00
372   2000-12-19  NAS100  2,609.50  2,686.00  2,393.00  2,410.00   -198.50       -7.61    83,019.00
373   2000-12-20  NAS100  2,415.00  2,445.50  2,234.50  2,269.00   -141.00       -5.85    91,112.00
374   2000-12-21  NAS100  2,275.50  2,390.00  2,211.00  2,282.50     13.50        0.59    92,544.00
375   2000-12-22  NAS100  2,290.00  2,474.00  2,290.00  2,469.00    186.50        8.17    55,613.00
376   2000-12-26  NAS100  2,481.50  2,519.50  2,374.00  2,477.50      8.50        0.34    49,313.00
377   2000-12-27  NAS100  2,472.00  2,511.50  2,397.50  2,506.50     29.00        1.17    56,127.00
378   2000-12-28  NAS100  2,510.00  2,543.50  2,452.50  2,501.50     -5.00       -0.20    49,718.00
379   2000-12-29  NAS100  2,501.50  2,529.50  2,358.50  2,374.50   -127.00       -5.08    56,717.00
380   2001-01-02  NAS100  2,375.00  2,414.00  2,130.50  2,167.50   -207.00       -8.72    87,316.00
381   2001-01-03  NAS100  2,201.84  2,590.00  2,201.84  2,529.50    362.00       16.70   115,138.00
382   2001-01-04  NAS100  2,532.00  2,577.00  2,464.50  2,486.00    -43.50       -1.72    94,119.00
383   2001-01-05  NAS100  2,485.00  2,551.00  2,273.50  2,293.50   -192.50       -7.74    94,688.00
384   2001-01-08  NAS100  2,290.00  2,328.00  2,171.00  2,325.00     31.50        1.37    92,841.00
385   2001-01-09  NAS100  2,341.50  2,397.50  2,275.00  2,326.00      1.00        0.04    95,281.00
386   2001-01-10  NAS100  2,328.00  2,447.00  2,261.00  2,441.00    115.00        4.94   117,021.00
387   2001-01-11  NAS100  2,415.00  2,577.00  2,377.00  2,512.50     71.50        2.93    89,111.00
388   2001-01-12  NAS100  2,499.00  2,617.00  2,491.00  2,540.00     27.50        1.09    87,493.00
389   2001-01-16  NAS100  2,532.00  2,557.00  2,445.00  2,515.50    -24.50       -0.96    67,902.00
390   2001-01-17  NAS100  2,532.50  2,657.00  2,517.50  2,581.50     66.00        2.62    83,941.00
391   2001-01-18  NAS100  2,591.00  2,701.00  2,555.00  2,694.50    113.00        4.38    86,897.00
392   2001-01-19  NAS100  2,720.00  2,769.00  2,657.00  2,686.50     -8.00       -0.30    86,356.00
393   2001-01-22  NAS100  2,689.50  2,712.00  2,622.00  2,683.00     -3.50       -0.13    84,234.00
394   2001-01-23  NAS100  2,675.00  2,768.00  2,641.50  2,745.00     62.00        2.31    78,902.00
395   2001-01-24  NAS100  2,751.00  2,797.00  2,711.50  2,714.50    -30.50       -1.11    88,366.00
396   2001-01-25  NAS100  2,708.50  2,747.00  2,605.50  2,613.50   -101.00       -3.72    93,694.00
397   2001-01-26  NAS100  2,619.50  2,663.00  2,548.50  2,645.50     32.00        1.22   120,230.00
398   2001-01-29  NAS100  2,630.00  2,715.50  2,593.00  2,705.50     60.00        2.27    60,115.00
399   2001-01-30  NAS100  2,709.00  2,736.50  2,672.00  2,697.50     -8.00       -0.30    72,285.00
400   2001-01-31  NAS100  2,694.00  2,740.00  2,600.00  2,611.00    -86.50       -3.21    83,273.00
401   2001-02-01  NAS100  2,608.50  2,647.50  2,569.00  2,627.50     16.50        0.63    87,703.00
402   2001-02-02  NAS100  2,630.00  2,643.00  2,478.00  2,488.50   -139.00       -5.29    81,365.00
403   2001-02-05  NAS100  2,494.00  2,497.00  2,425.50  2,481.00     -7.50       -0.30    80,322.00
404   2001-02-06  NAS100  2,486.00  2,547.50  2,468.00  2,490.00      9.00        0.36    84,451.00
405   2001-02-07  NAS100  2,455.00  2,462.50  2,362.00  2,443.50    -46.50       -1.87   102,210.00
406   2001-02-08  NAS100  2,444.50  2,478.50  2,361.00  2,368.00    -75.50       -3.09    91,318.00
407   2001-02-09  NAS100  2,370.00  2,375.00  2,271.00  2,277.00    -91.00       -3.84    78,085.00
408   2001-02-12  NAS100  2,276.50  2,335.00  2,242.00  2,301.50     24.50        1.08    93,755.00
409   2001-02-13  NAS100  2,302.00  2,388.00  2,211.50  2,226.00    -75.50       -3.28   114,525.00
410   2001-02-14  NAS100  2,235.00  2,325.50  2,181.00  2,316.00     90.00        4.04   126,045.00
411   2001-02-15  NAS100  2,322.00  2,437.00  2,311.00  2,356.00     40.00        1.73   101,437.00
412   2001-02-16  NAS100  2,339.50  2,339.50  2,194.00  2,227.50   -128.50       -5.45    80,047.00
413   2001-02-20  NAS100  2,230.00  2,275.00  2,104.00  2,130.00    -97.50       -4.38    95,274.00
414   2001-02-21  NAS100  2,123.00  2,175.00  2,050.00  2,070.50    -59.50       -2.79   126,644.00
415   2001-02-22  NAS100  2,079.50  2,099.00  1,968.00  2,051.50    -19.00       -0.92   139,936.00
416   2001-02-23  NAS100  2,044.50  2,073.50  1,941.00  2,056.50      5.00        0.24   122,106.00
417   2001-02-26  NAS100  2,078.00  2,113.00  2,022.00  2,100.00     43.50        2.12   103,234.00
418   2001-02-27  NAS100  2,102.50  2,103.50  1,967.50  1,969.00   -131.00       -6.24   103,481.00
419   2001-02-28  NAS100  1,969.00  2,019.50  1,881.00  1,913.00    -56.00       -2.84   129,261.00
420   2001-03-01  NAS100  1,905.50  1,973.00  1,839.50  1,960.00     47.00        2.46   122,010.00
421   2001-03-02  NAS100  1,964.50  1,996.00  1,869.00  1,876.50    -83.50       -4.26   135,910.00
422   2001-03-05  NAS100  1,883.50  1,944.00  1,877.00  1,912.00     35.50        1.89   102,431.00
423   2001-03-06  NAS100  1,914.50  2,036.50  1,912.00  1,985.50     73.50        3.84   105,735.00
424   2001-03-07  NAS100  1,985.50  2,032.00  1,967.00  1,988.50      3.00        0.15   106,366.00
425   2001-03-08  NAS100  1,994.50  2,026.50  1,933.00  1,946.00    -42.50       -2.14    16,525.00
426   2001-03-09  NAS100  1,964.50  1,964.50  1,804.50  1,811.00   -135.00       -6.94     6,123.00
427   2001-03-12  NAS100  1,817.50  1,825.00  1,676.00  1,691.00   -120.00       -6.63     5,361.00
428   2001-03-13  NAS100  1,717.00  1,817.00  1,698.00  1,806.50    115.50        6.83   137,972.00
429   2001-03-14  NAS100  1,812.50  1,832.00  1,719.00  1,776.00    -30.50       -1.69   141,098.00
430   2001-03-15  NAS100  1,779.00  1,841.50  1,706.50  1,716.50    -59.50       -3.35    99,969.00
431   2001-03-16  NAS100  1,722.00  1,747.50  1,650.00  1,673.00    -43.50       -2.53   111,003.00
432   2001-03-19  NAS100  1,680.00  1,759.00  1,653.00  1,756.50     83.50        4.99   104,832.00
433   2001-03-20  NAS100  1,756.00  1,774.00  1,632.00  1,637.00   -119.50       -6.80   121,655.00
434   2001-03-21  NAS100  1,637.00  1,697.00  1,607.00  1,636.00     -1.00       -0.06   139,869.00
435   2001-03-22  NAS100  1,638.50  1,727.00  1,602.00  1,720.00     84.00        5.13   154,292.00
436   2001-03-23  NAS100  1,717.50  1,784.00  1,684.00  1,734.00     14.00        0.81   119,687.00
437   2001-03-26  NAS100  1,738.50  1,777.00  1,685.50  1,698.50    -35.50       -2.05    94,945.00
438   2001-03-27  NAS100  1,698.00  1,774.00  1,681.00  1,753.50     55.00        3.24   124,465.00
439   2001-03-28  NAS100  1,751.00  1,751.00  1,606.50  1,610.00   -143.50       -8.18   111,032.00
440   2001-03-29  NAS100  1,614.50  1,647.00  1,559.00  1,580.00    -30.00       -1.86   114,157.00
441   2001-03-30  NAS100  1,585.00  1,621.50  1,544.50  1,588.00      8.00        0.51   100,139.00
442   2001-04-02  NAS100  1,601.00  1,625.00  1,511.00  1,517.00    -71.00       -4.47   107,903.00
443   2001-04-03  NAS100  1,521.50  1,527.00  1,402.00  1,405.00   -112.00       -7.38   132,338.00
444   2001-04-04  NAS100  1,407.50  1,451.00  1,361.00  1,379.50    -25.50       -1.81   141,811.00
445   2001-04-05  NAS100  1,390.00  1,537.00  1,382.00  1,514.50    135.00        9.79   132,812.00
446   2001-04-06  NAS100  1,522.00  1,544.00  1,437.00  1,467.00    -47.50       -3.14   141,183.00
447   2001-04-09  NAS100  1,471.50  1,512.50  1,439.00  1,499.50     32.50        2.22   157,636.00
448   2001-04-10  NAS100  1,502.00  1,637.00  1,497.00  1,611.00    111.50        7.44   153,576.00
449   2001-04-11  NAS100  1,612.00  1,717.00  1,590.50  1,658.00     47.00        2.92   153,576.00
450   2001-04-12  NAS100  1,667.00  1,731.50  1,616.00  1,730.00     72.00        4.34   157,692.00
451   2001-04-16  NAS100  1,731.00  1,737.00  1,607.00  1,628.00   -102.00       -5.90   143,296.00
452   2001-04-17  NAS100  1,618.50  1,710.00  1,586.00  1,672.50     44.50        2.73   166,390.00
453   2001-04-18  NAS100  1,714.50  1,950.00  1,714.50  1,839.50    167.00        9.99   161,884.00
454   2001-04-19  NAS100  1,880.00  1,970.00  1,840.00  1,953.50    114.00        6.20   172,050.00
455   2001-04-20  NAS100  1,970.00  1,997.00  1,914.00  1,953.50      0.00        0.00   153,903.00
456   2001-04-23  NAS100  1,956.00  1,960.00  1,812.00  1,819.00   -134.50       -6.89   136,171.00
457   2001-04-24  NAS100  1,822.00  1,876.00  1,765.50  1,791.00    -28.00       -1.54   163,297.00
458   2001-04-25  NAS100  1,785.00  1,839.50  1,754.00  1,824.00     33.00        1.84   156,354.00
459   2001-04-26  NAS100  1,816.50  1,861.50  1,770.50  1,774.00    -50.00       -2.74   138,764.00
460   2001-04-27  NAS100  1,776.00  1,835.00  1,773.00  1,823.00     49.00        2.76   112,254.00
461   2001-04-30  NAS100  1,825.50  1,918.50  1,825.00  1,866.50     43.50        2.39   140,116.00
462   2001-05-01  NAS100  1,862.00  1,941.00  1,831.50  1,939.00     72.50        3.88   156,839.00
463   2001-05-02  NAS100  1,944.00  1,992.50  1,916.00  1,974.00     35.00        1.81   131,730.00
464   2001-05-03  NAS100  1,974.00  1,981.50  1,862.00  1,885.50    -88.50       -4.48   131,730.00
465   2001-05-04  NAS100  1,882.00  1,944.00  1,823.50  1,940.50     55.00        2.92   149,742.00
466   2001-05-07  NAS100  1,941.50  1,958.50  1,898.50  1,903.00    -37.50       -1.93   131,574.00
467   2001-05-08  NAS100  1,912.00  1,949.00  1,893.00  1,942.50     39.50        2.08   130,393.00
468   2001-05-09  NAS100  1,947.00  1,948.50  1,866.00  1,876.00    -66.50       -3.42   141,496.00
469   2001-05-10  NAS100  1,879.00  1,938.50  1,841.50  1,842.50    -33.50       -1.79   139,442.00
470   2001-05-11  NAS100  1,845.00  1,870.00  1,816.50  1,834.50     -8.00       -0.43   101,970.00
471   2001-05-14  NAS100  1,842.50  1,850.50  1,777.00  1,808.00    -26.50       -1.44    81,594.00
472   2001-05-15  NAS100  1,809.50  1,864.50  1,795.50  1,817.50      9.50        0.53   126,973.00
473   2001-05-16  NAS100  1,808.50  1,914.00  1,764.00  1,897.00     79.50        4.37   165,897.00
474   2001-05-17  NAS100  1,899.00  1,965.00  1,897.00  1,925.50     28.50        1.50   148,694.00
475   2001-05-18  NAS100  1,925.00  1,947.50  1,901.00  1,934.00      8.50        0.44   108,394.00
476   2001-05-21  NAS100  1,933.50  2,058.50  1,920.50  2,052.00    118.00        6.10   151,209.00
477   2001-05-22  NAS100  2,053.00  2,080.50  2,028.50  2,048.50     -3.50       -0.17   151,169.00
478   2001-05-23  NAS100  2,052.50  2,058.00  1,955.50  1,958.00    -90.50       -4.42   129,466.00
479   2001-05-24  NAS100  1,957.50  2,010.50  1,937.00  2,003.00     45.00        2.30    74,965.00
480   2001-05-25  NAS100  2,008.00  2,026.00  1,956.50  1,968.50    -34.50       -1.72    74,965.00
481   2001-05-29  NAS100  1,970.00  1,984.00  1,854.50  1,856.50   -112.00       -5.69    74,965.00
482   2001-05-30  NAS100  1,857.50  1,863.00  1,771.50  1,785.50    -71.00       -3.82   147,992.00
483   2001-05-31  NAS100  1,787.50  1,843.00  1,782.00  1,798.50     13.00        0.73   144,389.00
484   2001-06-01  NAS100  1,799.00  1,856.50  1,777.00  1,851.50     53.00        2.95   116,615.00
485   2001-06-04  NAS100  1,845.00  1,875.00  1,820.00  1,842.00     -9.50       -0.51   112,673.00
486   2001-06-05  NAS100  1,839.50  1,942.50  1,839.00  1,923.00     81.00        4.40   122,118.00
487   2001-06-06  NAS100  1,922.00  1,947.50  1,891.00  1,908.00    -15.00       -0.78   146,330.00
488   2001-06-07  NAS100  1,907.00  1,964.00  1,889.00  1,956.00     48.00        2.52    20,545.00
489   2001-06-08  NAS100  1,977.00  1,999.00  1,885.00  1,902.50    -53.50       -2.74     5,921.00
490   2001-06-11  NAS100  1,900.00  1,919.00  1,826.50  1,850.50    -52.00       -2.73     3,723.00
491   2001-06-12  NAS100  1,870.00  1,894.50  1,795.00  1,862.00     11.50        0.62   155,866.00
492   2001-06-13  NAS100  1,865.00  1,897.00  1,805.00  1,808.00    -54.00       -2.90   171,223.00
493   2001-06-14  NAS100  1,809.00  1,811.50  1,701.00  1,711.00    -97.00       -5.37   157,470.00
494   2001-06-15  NAS100  1,719.00  1,746.50  1,674.00  1,728.50     17.50        1.02   150,511.00
495   2001-06-18  NAS100  1,728.50  1,750.00  1,678.50  1,702.50    -26.00       -1.50   159,397.00
496   2001-06-19  NAS100  1,702.00  1,766.00  1,672.50  1,696.00     -6.50       -0.38   160,005.00
497   2001-06-20  NAS100  1,694.00  1,742.00  1,660.00  1,734.00     38.00        2.24   168,512.00
498   2001-06-21  NAS100  1,736.00  1,793.00  1,713.50  1,757.50     23.50        1.36   164,989.00
499   2001-06-22  NAS100  1,761.50  1,791.50  1,672.50  1,753.00     -4.50       -0.26   125,504.00
500   2001-06-25  NAS100  1,749.50  1,774.50  1,727.00  1,757.00      4.00        0.23   118,999.00
501   2001-06-26  NAS100  1,755.00  1,777.00  1,704.00  1,765.50      8.50        0.48   132,063.00
502   2001-06-27  NAS100  1,760.00  1,787.00  1,741.00  1,772.00      6.50        0.37   121,997.00
503   2001-06-28  NAS100  1,770.50  1,878.00  1,747.50  1,799.00     27.00        1.52   159,969.00
504   2001-06-29  NAS100  1,810.00  1,883.50  1,805.00  1,855.00     56.00        3.11   118,432.00
505   2001-07-02  NAS100  1,848.00  1,882.00  1,828.00  1,842.50    -12.50       -0.67    53,574.00
506   2001-07-03  NAS100  1,836.00  1,849.50  1,812.50  1,845.50      3.00        0.16    53,574.00
507   2001-07-05  NAS100  1,849.50  1,849.50  1,758.00  1,758.00    -87.50       -4.74    70,308.00
508   2001-07-06  NAS100  1,759.00  1,762.50  1,678.50  1,683.50    -74.50       -4.24   115,297.00
509   2001-07-09  NAS100  1,683.00  1,728.00  1,664.00  1,700.00     16.50        0.98   130,755.00
510   2001-07-10  NAS100  1,703.00  1,735.00  1,633.00  1,638.00    -62.00       -3.65   138,784.00
511   2001-07-11  NAS100  1,639.50  1,661.50  1,612.50  1,660.00     22.00        1.34   154,970.00
512   2001-07-12  NAS100  1,666.00  1,772.50  1,662.50  1,761.50    101.50        6.11   125,987.00
513   2001-07-13  NAS100  1,758.00  1,797.00  1,734.50  1,765.50      4.00        0.23   111,138.00
514   2001-07-16  NAS100  1,767.00  1,773.50  1,694.00  1,709.50    -56.00       -3.17   131,530.00
515   2001-07-17  NAS100  1,706.50  1,755.00  1,679.50  1,748.00     38.50        2.25   146,241.00
516   2001-07-18  NAS100  1,732.00  1,744.00  1,662.50  1,684.00    -64.00       -3.66   156,925.00
517   2001-07-19  NAS100  1,675.00  1,752.00  1,655.00  1,725.00     41.00        2.43   154,413.00
518   2001-07-20  NAS100  1,699.00  1,703.00  1,670.50  1,686.50    -38.50       -2.23    92,195.00
519   2001-07-23  NAS100  1,687.50  1,718.00  1,638.50  1,642.50    -44.00       -2.61   114,887.00
520   2001-07-24  NAS100  1,641.00  1,652.50  1,588.50  1,625.50    -17.00       -1.04   137,308.00
521   2001-07-25  NAS100  1,625.50  1,644.50  1,590.50  1,636.00     10.50        0.65   135,008.00
522   2001-07-26  NAS100  1,640.00  1,691.00  1,612.00  1,659.50     23.50        1.44   127,854.00
523   2001-07-27  NAS100  1,668.50  1,706.50  1,662.00  1,693.00     33.50        2.02   106,213.00
524   2001-07-30  NAS100  1,697.00  1,712.00  1,671.50  1,682.00    -11.00       -0.65   101,022.00
525   2001-07-31  NAS100  1,681.50  1,727.00  1,675.00  1,693.00     11.00        0.65   117,702.00
526   2001-08-01  NAS100  1,691.00  1,754.50  1,681.00  1,738.50     45.50        2.69   106,286.00
527   2001-08-02  NAS100  1,740.50  1,775.50  1,727.50  1,774.00     35.50        2.04   102,948.00
528   2001-08-03  NAS100  1,773.00  1,779.50  1,699.00  1,741.50    -32.50       -1.83    99,706.00
529   2001-08-06  NAS100  1,740.00  1,744.00  1,708.00  1,714.50    -27.00       -1.55    75,989.00
530   2001-08-07  NAS100  1,711.50  1,727.00  1,690.00  1,705.50     -9.00       -0.52    82,024.00
531   2001-08-08  NAS100  1,710.00  1,719.50  1,625.00  1,633.00    -72.50       -4.25   145,789.00
532   2001-08-09  NAS100  1,634.50  1,648.00  1,611.00  1,639.50      6.50        0.40   128,918.00
533   2001-08-10  NAS100  1,638.50  1,652.50  1,582.50  1,624.00    -15.50       -0.95   128,406.00
534   2001-08-13  NAS100  1,626.00  1,666.00  1,613.50  1,656.00     32.00        1.97   100,539.00
535   2001-08-14  NAS100  1,658.50  1,680.00  1,633.00  1,634.50    -21.50       -1.30   113,108.00
536   2001-08-15  NAS100  1,638.00  1,649.00  1,574.00  1,576.00    -58.50       -3.58   128,803.00
537   2001-08-16  NAS100  1,578.00  1,595.00  1,532.00  1,593.50     17.50        1.11   135,075.00
538   2001-08-17  NAS100  1,593.00  1,593.00  1,519.00  1,521.00    -72.50       -4.55    84,766.00
539   2001-08-20  NAS100  1,518.00  1,545.00  1,511.50  1,542.00     21.00        1.38    85,136.00
540   2001-08-21  NAS100  1,544.00  1,556.00  1,475.50  1,476.00    -66.00       -4.28    98,863.00
541   2001-08-22  NAS100  1,476.00  1,523.50  1,471.00  1,518.00     42.00        2.85   134,928.00
542   2001-08-23  NAS100  1,520.00  1,548.00  1,501.00  1,502.00    -16.00       -1.05   122,452.00
543   2001-08-24  NAS100  1,515.00  1,585.00  1,515.00  1,580.50     78.50        5.23   114,762.00
544   2001-08-27  NAS100  1,585.00  1,606.00  1,562.50  1,584.00      3.50        0.22   101,509.00
545   2001-08-28  NAS100  1,581.50  1,587.00  1,529.50  1,534.00    -50.00       -3.16   112,514.00
546   2001-08-29  NAS100  1,534.50  1,547.50  1,493.00  1,509.50    -24.50       -1.60   129,473.00
547   2001-08-30  NAS100  1,505.50  1,510.50  1,440.50  1,455.50    -54.00       -3.58   144,681.00
548   2001-08-31  NAS100  1,456.00  1,489.00  1,437.00  1,472.50     17.00        1.17    90,894.00
549   2001-09-04  NAS100  1,474.00  1,523.00  1,422.00  1,426.50    -46.00       -3.12   160,800.00
550   2001-09-05  NAS100  1,426.00  1,444.00  1,371.50  1,419.00     -7.50       -0.53   221,991.00
551   2001-09-06  NAS100  1,421.50  1,431.00  1,357.00  1,362.50    -56.50       -3.98   185,504.00
552   2001-09-07  NAS100  1,371.50  1,394.00  1,338.50  1,353.50     -9.00       -0.66   178,206.00
553   2001-09-10  NAS100  1,353.00  1,380.00  1,325.50  1,370.50     17.00        1.26   169,485.00
554   2001-09-11  NAS100  1,369.00  1,394.50  1,317.00  1,336.00    -34.50       -2.52         0.00
555   2001-09-17  NAS100  1,280.50  1,311.00  1,248.50  1,252.00    -84.00       -6.29   142,352.00
556   2001-09-18  NAS100  1,265.00  1,293.50  1,229.50  1,233.00    -19.00       -1.52    96,159.00
557   2001-09-19  NAS100  1,234.50  1,268.50  1,143.00  1,208.00    -25.00       -2.03   207,607.00
558   2001-09-20  NAS100  1,211.50  1,220.00  1,162.00  1,168.50    -39.50       -3.27   165,780.00
559   2001-09-21  NAS100  1,169.50  1,179.50  1,097.00  1,137.00    -31.50       -2.70   153,481.00
560   2001-09-24  NAS100  1,144.00  1,210.50  1,142.50  1,194.00     57.00        5.01   142,130.00
561   2001-09-25  NAS100  1,192.00  1,229.50  1,169.00  1,201.00      7.00        0.59   147,920.00
562   2001-09-26  NAS100  1,200.00  1,223.00  1,147.50  1,159.00    -42.00       -3.50   116,495.00
563   2001-09-27  NAS100  1,157.00  1,165.50  1,107.50  1,148.00    -11.00       -0.95   109,944.00
564   2001-09-28  NAS100  1,149.00  1,185.00  1,148.50  1,175.00     27.00        2.35   117,231.00
565   2001-10-01  NAS100  1,171.00  1,178.50  1,136.50  1,159.50    -15.50       -1.32   111,046.00
566   2001-10-02  NAS100  1,155.50  1,187.00  1,141.00  1,163.50      4.00        0.34   128,059.00
567   2001-10-03  NAS100  1,162.50  1,276.00  1,136.00  1,250.00     86.50        7.43   209,048.00
568   2001-10-04  NAS100  1,249.50  1,321.00  1,246.00  1,264.50     14.50        1.16   210,790.00
569   2001-10-05  NAS100  1,265.00  1,287.50  1,221.00  1,280.50     16.00        1.27   173,611.00
570   2001-10-08  NAS100  1,264.50  1,304.50  1,247.00  1,286.00      5.50        0.43   142,520.00
571   2001-10-09  NAS100  1,287.50  1,299.50  1,245.50  1,254.50    -31.50       -2.45   137,249.00
572   2001-10-10  NAS100  1,256.00  1,313.50  1,240.00  1,313.00     58.50        4.66   169,056.00
573   2001-10-11  NAS100  1,314.00  1,406.00  1,305.00  1,397.00     84.00        6.40   190,970.00
574   2001-10-12  NAS100  1,412.50  1,426.00  1,337.00  1,389.50     -7.50       -0.54   174,113.00
575   2001-10-15  NAS100  1,375.00  1,393.00  1,357.50  1,389.00     -0.50       -0.04   147,215.00
576   2001-10-16  NAS100  1,386.50  1,419.00  1,373.50  1,411.50     22.50        1.62   170,211.00
577   2001-10-17  NAS100  1,405.00  1,464.00  1,308.00  1,308.50   -103.00       -7.30   240,846.00
578   2001-10-18  NAS100  1,311.50  1,351.00  1,305.50  1,343.50     35.00        2.67   173,453.00
579   2001-10-19  NAS100  1,347.00  1,360.00  1,307.50  1,353.50     10.00        0.74   128,115.00
580   2001-10-22  NAS100  1,353.50  1,391.50  1,338.50  1,389.50     36.00        2.66   149,066.00
581   2001-10-23  NAS100  1,389.50  1,426.00  1,374.50  1,395.00      5.50        0.40   204,937.00
582   2001-10-24  NAS100  1,390.00  1,437.50  1,383.50  1,423.50     28.50        2.04   190,329.00
583   2001-10-25  NAS100  1,424.00  1,484.50  1,377.50  1,480.50     57.00        4.00   213,388.00
584   2001-10-26  NAS100  1,475.00  1,493.00  1,450.00  1,451.50    -29.00       -1.96   157,040.00
585   2001-10-29  NAS100  1,457.00  1,457.00  1,370.00  1,371.00    -80.50       -5.55   174,071.00
586   2001-10-30  NAS100  1,373.00  1,374.00  1,323.00  1,345.00    -26.00       -1.90   183,097.00
587   2001-10-31  NAS100  1,343.00  1,408.00  1,336.50  1,369.00     24.00        1.78   185,931.00
588   2001-11-01  NAS100  1,364.50  1,432.50  1,360.50  1,421.50     52.50        3.83   181,972.00
589   2001-11-02  NAS100  1,422.00  1,444.00  1,404.50  1,432.50     11.00        0.77   145,896.00
590   2001-11-05  NAS100  1,430.50  1,496.00  1,430.00  1,479.00     46.50        3.25   111,472.00
591   2001-11-06  NAS100  1,491.00  1,537.50  1,465.00  1,537.00     58.00        3.92   150,122.00
592   2001-11-07  NAS100  1,536.00  1,563.00  1,510.00  1,535.50     -1.50       -0.10   185,924.00
593   2001-11-08  NAS100  1,533.50  1,586.00  1,500.00  1,519.00    -16.50       -1.07   191,220.00
594   2001-11-09  NAS100  1,517.50  1,532.00  1,493.00  1,517.50     -1.50       -0.10   158,252.00
595   2001-11-12  NAS100  1,521.00  1,543.00  1,457.50  1,529.50     12.00        0.79   178,487.00
596   2001-11-13  NAS100  1,531.00  1,589.50  1,525.50  1,583.00     53.50        3.50   162,827.00
597   2001-11-14  NAS100  1,584.00  1,623.00  1,559.00  1,595.50     12.50        0.79   184,673.00
598   2001-11-15  NAS100  1,589.50  1,614.00  1,563.00  1,588.00     -7.50       -0.47   175,038.00
599   2001-11-16  NAS100  1,586.50  1,598.00  1,566.00  1,585.00     -3.00       -0.19   123,954.00
600   2001-11-19  NAS100  1,587.50  1,629.00  1,585.00  1,628.00     43.00        2.71   123,653.00
601   2001-11-20  NAS100  1,627.50  1,634.50  1,548.00  1,554.50    -73.50       -4.51   156,256.00
602   2001-11-21  NAS100  1,554.00  1,583.00  1,527.50  1,553.00     -1.50       -0.10    44,091.00
603   2001-11-23  NAS100  1,554.00  1,592.50  1,543.50  1,578.00     25.00        1.61    44,091.00
604   2001-11-26  NAS100  1,579.00  1,623.50  1,575.00  1,618.00     40.00        2.53   170,815.00
605   2001-11-27  NAS100  1,617.00  1,648.00  1,576.50  1,616.00     -2.00       -0.12   232,096.00
606   2001-11-28  NAS100  1,614.50  1,623.00  1,555.50  1,559.00    -57.00       -3.53   230,698.00
607   2001-11-29  NAS100  1,558.50  1,608.00  1,550.00  1,605.00     46.00        2.95   195,132.00
608   2001-11-30  NAS100  1,604.50  1,609.50  1,582.50  1,598.00     -7.00       -0.44   117,109.00
609   2001-12-03  NAS100  1,590.00  1,605.00  1,563.00  1,567.00    -31.00       -1.94   145,612.00
610   2001-12-04  NAS100  1,566.50  1,641.00  1,562.50  1,641.00     74.00        4.72   163,133.00
611   2001-12-05  NAS100  1,639.00  1,733.50  1,636.50  1,721.00     80.00        4.88   204,236.00
612   2001-12-06  NAS100  1,719.00  1,738.00  1,703.00  1,724.00      3.00        0.17   171,204.00
613   2001-12-07  NAS100  1,731.00  1,735.00  1,652.50  1,677.00    -47.00       -2.73   140,005.00
614   2001-12-10  NAS100  1,681.00  1,697.50  1,642.00  1,647.50    -29.50       -1.76   173,027.00
615   2001-12-11  NAS100  1,647.50  1,697.00  1,642.50  1,655.50      8.00        0.49   156,765.00
616   2001-12-12  NAS100  1,661.00  1,685.00  1,631.50  1,668.00     12.50        0.76   177,795.00
617   2001-12-13  NAS100  1,667.00  1,672.50  1,596.00  1,598.00    -70.00       -4.20    27,288.00
618   2001-12-14  NAS100  1,602.00  1,625.00  1,569.00  1,612.50     14.50        0.91    11,223.00
619   2001-12-17  NAS100  1,612.00  1,657.00  1,598.00  1,638.00     25.50        1.58     6,471.00
620   2001-12-18  NAS100  1,649.00  1,674.00  1,644.50  1,665.00     27.00        1.65   113,522.00
621   2001-12-19  NAS100  1,660.00  1,667.00  1,627.00  1,633.00    -32.00       -1.92   157,695.00
622   2001-12-20  NAS100  1,633.00  1,639.00  1,558.50  1,564.00    -69.00       -4.23   163,045.00
623   2001-12-21  NAS100  1,563.50  1,601.50  1,557.50  1,593.50     29.50        1.89    17,991.00
624   2001-12-24  NAS100  1,595.00  1,598.00  1,575.00  1,584.50     -9.00       -0.56    17,991.00
625   2001-12-26  NAS100  1,586.00  1,625.50  1,576.00  1,601.00     16.50        1.04    57,858.00
626   2001-12-27  NAS100  1,601.50  1,621.50  1,597.00  1,613.50     12.50        0.78    52,867.00
627   2001-12-28  NAS100  1,616.00  1,645.50  1,613.50  1,624.00     10.50        0.65    60,554.00
628   2001-12-31  NAS100  1,625.00  1,630.50  1,568.50  1,583.50    -40.50       -2.49    57,987.00
629   2002-01-02  NAS100  1,577.50  1,618.50  1,569.50  1,617.50     34.00        2.15   114,019.00
630   2002-01-03  NAS100  1,618.00  1,675.00  1,613.00  1,672.50     55.00        3.40   149,947.00
631   2002-01-04  NAS100  1,673.00  1,704.50  1,649.50  1,679.00      6.50        0.39   158,205.00
632   2002-01-07  NAS100  1,676.50  1,702.00  1,651.50  1,661.50    -17.50       -1.04   193,253.00
633   2002-01-08  NAS100  1,662.00  1,684.00  1,646.00  1,672.50     11.00        0.66   179,848.00
634   2002-01-09  NAS100  1,669.50  1,717.00  1,648.00  1,655.00    -17.50       -1.05   205,428.00
635   2002-01-10  NAS100  1,656.50  1,673.50  1,639.00  1,666.00     11.00        0.66   185,598.00
636   2002-01-11  NAS100  1,666.00  1,679.00  1,630.00  1,646.50    -19.50       -1.17   168,092.00
637   2002-01-14  NAS100  1,642.00  1,648.50  1,598.50  1,609.00    -37.50       -2.28   172,165.00
638   2002-01-15  NAS100  1,610.00  1,679.50  1,594.50  1,625.00     16.00        0.99   176,673.00
639   2002-01-16  NAS100  1,601.00  1,604.50  1,561.00  1,563.00    -62.00       -3.82   214,184.00
640   2002-01-17  NAS100  1,569.50  1,610.00  1,569.50  1,593.00     30.00        1.92   179,716.00
641   2002-01-18  NAS100  1,580.00  1,590.00  1,538.00  1,554.50    -38.50       -2.42   192,109.00
642   2002-01-22  NAS100  1,555.00  1,575.00  1,503.00  1,506.50    -48.00       -3.09   190,251.00
643   2002-01-23  NAS100  1,509.00  1,558.00  1,504.00  1,546.00     39.50        2.62   180,322.00
644   2002-01-24  NAS100  1,547.50  1,591.50  1,541.00  1,567.00     21.00        1.36   180,246.00
645   2002-01-25  NAS100  1,557.00  1,576.50  1,544.00  1,562.50     -4.50       -0.29   126,923.00
646   2002-01-28  NAS100  1,560.00  1,585.50  1,546.50  1,572.50     10.00        0.64   124,645.00
647   2002-01-29  NAS100  1,574.50  1,587.00  1,510.00  1,530.00    -42.50       -2.70   212,487.00
648   2002-01-30  NAS100  1,528.00  1,543.50  1,484.00  1,541.50     11.50        0.75   232,208.00
649   2002-01-31  NAS100  1,542.50  1,561.00  1,530.50  1,553.50     12.00        0.78   182,993.00
650   2002-02-01  NAS100  1,549.50  1,565.50  1,517.00  1,535.00    -18.50       -1.19   151,515.00
651   2002-02-04  NAS100  1,529.00  1,535.50  1,473.50  1,487.00    -48.00       -3.13   179,137.00
652   2002-02-05  NAS100  1,485.50  1,501.00  1,456.50  1,462.00    -25.00       -1.68   213,503.00
653   2002-02-06  NAS100  1,461.50  1,488.00  1,436.50  1,451.50    -10.50       -0.72   222,911.00
654   2002-02-07  NAS100  1,461.50  1,464.00  1,414.00  1,415.00    -36.50       -2.51   209,743.00
655   2002-02-08  NAS100  1,415.00  1,454.00  1,407.50  1,454.00     39.00        2.76   158,028.00
656   2002-02-11  NAS100  1,458.00  1,481.00  1,447.00  1,473.00     19.00        1.31   154,681.00
657   2002-02-12  NAS100  1,474.00  1,488.50  1,450.00  1,461.00    -12.00       -0.81   146,374.00
658   2002-02-13  NAS100  1,462.00  1,495.00  1,458.00  1,486.00     25.00        1.71   177,437.00
659   2002-02-14  NAS100  1,485.00  1,512.00  1,472.00  1,485.50     -0.50       -0.03   195,192.00
660   2002-02-15  NAS100  1,480.50  1,485.00  1,434.00  1,440.00    -45.50       -3.06   195,192.00
661   2002-02-18  NAS100  1,442.00  1,447.00  1,437.00  1,437.00     -3.00       -0.21   147,221.00
662   2002-02-19  NAS100  1,442.00  1,447.00  1,381.00  1,394.50    -42.50       -2.96   174,739.00
663   2002-02-20  NAS100  1,392.00  1,415.00  1,364.50  1,413.00     18.50        1.33   232,109.00
664   2002-02-21  NAS100  1,414.00  1,424.50  1,346.00  1,347.00    -66.00       -4.67   226,739.00
665   2002-02-22  NAS100  1,350.00  1,375.00  1,330.50  1,358.50     11.50        0.85   210,300.00
666   2002-02-25  NAS100  1,360.00  1,417.50  1,354.00  1,407.00     48.50        3.57   188,429.00
667   2002-02-26  NAS100  1,407.50  1,425.00  1,382.50  1,403.00     -4.00       -0.28   207,589.00
668   2002-02-27  NAS100  1,403.50  1,428.00  1,369.50  1,383.50    -19.50       -1.39   247,863.00
669   2002-02-28  NAS100  1,384.50  1,407.00  1,356.50  1,360.50    -23.00       -1.66   204,942.00
670   2002-03-01  NAS100  1,360.00  1,437.50  1,358.00  1,436.50     76.00        5.59   187,684.00
671   2002-03-04  NAS100  1,431.00  1,497.00  1,423.00  1,493.50     57.00        3.97   237,094.00
672   2002-03-05  NAS100  1,493.00  1,521.00  1,480.50  1,505.00     11.50        0.77   220,604.00
673   2002-03-06  NAS100  1,504.00  1,525.00  1,471.00  1,512.50      7.50        0.50   258,676.00
674   2002-03-07  NAS100  1,513.50  1,540.50  1,487.50  1,511.50     -1.00       -0.07    36,969.00
675   2002-03-08  NAS100  1,507.50  1,568.00  1,507.50  1,556.00     44.50        2.94     9,499.00
676   2002-03-11  NAS100  1,540.00  1,575.00  1,530.00  1,548.00     -8.00       -0.51     5,380.00
677   2002-03-12  NAS100  1,557.00  1,560.00  1,508.00  1,534.50    -13.50       -0.87   201,631.00
678   2002-03-13  NAS100  1,534.00  1,539.50  1,489.50  1,497.50    -37.00       -2.41   184,583.00
679   2002-03-14  NAS100  1,497.50  1,510.00  1,483.50  1,490.50     -7.00       -0.47   171,837.00
680   2002-03-15  NAS100  1,488.50  1,507.50  1,477.50  1,504.00     13.50        0.91   141,876.00
681   2002-03-18  NAS100  1,505.00  1,532.50  1,496.50  1,511.00      7.00        0.47   158,914.00
682   2002-03-19  NAS100  1,510.00  1,529.50  1,503.50  1,510.50     -0.50       -0.03   147,016.00
683   2002-03-20  NAS100  1,511.50  1,516.00  1,454.50  1,455.00    -55.50       -3.67   171,941.00
684   2002-03-21  NAS100  1,456.50  1,499.50  1,449.50  1,494.00     39.00        2.68   181,922.00
685   2002-03-22  NAS100  1,495.00  1,499.00  1,473.00  1,482.00    -12.00       -0.80   149,994.00
686   2002-03-25  NAS100  1,481.00  1,492.00  1,433.50  1,436.00    -46.00       -3.10   171,706.00
687   2002-03-26  NAS100  1,438.00  1,470.00  1,426.00  1,447.50     11.50        0.80   188,024.00
688   2002-03-27  NAS100  1,449.00  1,454.00  1,430.00  1,438.00     -9.50       -0.66   148,223.00
689   2002-03-28  NAS100  1,435.50  1,468.00  1,434.50  1,459.50     21.50        1.50   103,311.00
690   2002-04-01  NAS100  1,454.00  1,489.50  1,430.50  1,483.50     24.00        1.64   164,829.00
691   2002-04-02  NAS100  1,483.50  1,484.00  1,414.50  1,414.50    -69.00       -4.65   190,487.00
692   2002-04-03  NAS100  1,415.00  1,431.00  1,383.50  1,413.50     -1.00       -0.07   186,405.00
693   2002-04-04  NAS100  1,412.50  1,418.50  1,383.00  1,403.50    -10.00       -0.71   212,990.00
694   2002-04-05  NAS100  1,404.50  1,419.50  1,378.50  1,389.00    -14.50       -1.03   180,919.00
695   2002-04-08  NAS100  1,385.00  1,405.00  1,341.50  1,403.00     14.00        1.01   216,504.00
696   2002-04-09  NAS100  1,407.50  1,412.00  1,351.00  1,356.00    -47.00       -3.35   220,926.00
697   2002-04-10  NAS100  1,356.00  1,381.00  1,336.50  1,365.50      9.50        0.70   253,611.00
698   2002-04-11  NAS100  1,367.50  1,371.50  1,326.00  1,331.50    -34.00       -2.49   227,213.00
699   2002-04-12  NAS100  1,332.00  1,363.00  1,328.50  1,353.00     21.50        1.61   184,830.00
700   2002-04-15  NAS100  1,355.50  1,370.00  1,340.00  1,362.00      9.00        0.67   185,441.00
701   2002-04-16  NAS100  1,364.00  1,420.50  1,362.50  1,418.00     56.00        4.11   155,213.00
702   2002-04-17  NAS100  1,433.00  1,440.00  1,397.00  1,412.00     -6.00       -0.42   168,227.00
703   2002-04-18  NAS100  1,410.50  1,424.00  1,373.50  1,387.50    -24.50       -1.74   177,761.00
704   2002-04-19  NAS100  1,373.50  1,418.00  1,369.50  1,389.00      1.50        0.11   125,435.00
705   2002-04-22  NAS100  1,388.00  1,391.50  1,340.00  1,353.50    -35.50       -2.56   152,552.00
706   2002-04-23  NAS100  1,353.50  1,366.50  1,319.00  1,330.00    -23.50       -1.74   186,264.00
707   2002-04-24  NAS100  1,331.00  1,349.00  1,304.00  1,308.50    -21.50       -1.62   187,214.00
708   2002-04-25  NAS100  1,310.00  1,319.00  1,291.00  1,307.00     -1.50       -0.11   207,996.00
709   2002-04-26  NAS100  1,308.50  1,321.50  1,250.50  1,252.00    -55.00       -4.21   216,556.00
710   2002-04-29  NAS100  1,257.00  1,272.00  1,231.00  1,251.00     -1.00       -0.08   206,917.00
711   2002-04-30  NAS100  1,253.00  1,297.50  1,239.00  1,280.00     29.00        2.32   219,074.00
712   2002-05-01  NAS100  1,279.50  1,286.00  1,234.50  1,271.50     -8.50       -0.66   250,130.00
713   2002-05-02  NAS100  1,273.00  1,289.00  1,227.00  1,229.00    -42.50       -3.34   208,433.00
714   2002-05-03  NAS100  1,231.00  1,240.00  1,186.50  1,197.50    -31.50       -2.56   185,071.00
715   2002-05-06  NAS100  1,200.50  1,208.00  1,162.50  1,165.50    -32.00       -2.67   205,004.00
716   2002-05-07  NAS100  1,166.50  1,182.00  1,144.50  1,156.00     -9.50       -0.82   232,308.00
717   2002-05-08  NAS100  1,174.00  1,284.50  1,171.50  1,281.00    125.00       10.81   282,935.00
718   2002-05-09  NAS100  1,279.50  1,286.00  1,241.00  1,246.00    -35.00       -2.73   234,608.00
719   2002-05-10  NAS100  1,246.50  1,259.50  1,187.50  1,189.00    -57.00       -4.57   231,623.00
720   2002-05-13  NAS100  1,194.00  1,247.50  1,187.00  1,240.00     51.00        4.29   233,774.00
721   2002-05-14  NAS100  1,241.00  1,315.00  1,237.50  1,312.50     72.50        5.85   215,728.00
722   2002-05-15  NAS100  1,314.50  1,354.00  1,283.00  1,320.50      8.00        0.61   313,635.00
723   2002-05-16  NAS100  1,316.50  1,331.00  1,297.00  1,323.50      3.00        0.23   200,258.00
724   2002-05-17  NAS100  1,325.00  1,351.00  1,307.50  1,326.00      2.50        0.19   171,257.00
725   2002-05-20  NAS100  1,325.50  1,329.50  1,285.50  1,298.50    -27.50       -2.07   170,095.00
726   2002-05-21  NAS100  1,299.00  1,312.50  1,251.50  1,260.50    -38.00       -2.93   214,045.00
727   2002-05-22  NAS100  1,261.00  1,271.50  1,234.00  1,264.50      4.00        0.32   209,010.00
728   2002-05-23  NAS100  1,263.00  1,292.00  1,240.50  1,289.50     25.00        1.98   211,049.00
729   2002-05-24  NAS100  1,287.00  1,299.00  1,248.00  1,257.50    -32.00       -2.48   211,049.00
730   2002-05-27  NAS100  1,255.00  1,265.00  1,255.00  1,262.50      5.00        0.40   129,661.00
731   2002-05-28  NAS100  1,255.00  1,270.00  1,227.00  1,252.50    -10.00       -0.79   170,674.00
732   2002-05-29  NAS100  1,253.00  1,254.50  1,216.00  1,218.50    -34.00       -2.71   177,481.00
733   2002-05-30  NAS100  1,219.50  1,236.50  1,202.50  1,230.00     11.50        0.94   202,477.00
734   2002-05-31  NAS100  1,231.00  1,248.50  1,205.50  1,209.50    -20.50       -1.67   175,263.00
735   2002-06-03  NAS100  1,209.50  1,219.50  1,158.50  1,165.00    -44.50       -3.68   217,833.00
736   2002-06-04  NAS100  1,164.00  1,193.50  1,148.00  1,181.00     16.00        1.37   283,884.00
737   2002-06-05  NAS100  1,179.50  1,198.50  1,165.00  1,194.00     13.00        1.10   239,493.00
738   2002-06-06  NAS100  1,195.00  1,196.50  1,151.00  1,163.50    -30.50       -2.55   226,297.00
739   2002-06-07  NAS100  1,121.00  1,158.00  1,106.00  1,137.50    -26.00       -2.23   234,295.00
740   2002-06-10  NAS100  1,139.00  1,156.50  1,132.00  1,137.00     -0.50       -0.04   178,652.00
741   2002-06-11  NAS100  1,138.50  1,163.00  1,100.50  1,104.00    -33.00       -2.90   202,782.00
742   2002-06-12  NAS100  1,102.00  1,124.50  1,079.00  1,121.00     17.00        1.54   320,871.00
743   2002-06-13  NAS100  1,121.00  1,134.50  1,100.50  1,116.00     -5.00       -0.45    34,103.00
744   2002-06-14  NAS100  1,108.50  1,114.00  1,054.50  1,111.50     -4.50       -0.40    12,665.00
745   2002-06-17  NAS100  1,110.00  1,156.00  1,108.50  1,149.00     37.50        3.37     9,394.00
746   2002-06-18  NAS100  1,153.50  1,215.00  1,138.00  1,175.00     26.00        2.26   188,220.00
747   2002-06-19  NAS100  1,157.50  1,162.00  1,099.50  1,103.00    -72.00       -6.13   202,513.00
748   2002-06-20  NAS100  1,102.00  1,108.50  1,061.50  1,069.00    -34.00       -3.08   214,675.00
749   2002-06-21  NAS100  1,069.50  1,083.00  1,035.50  1,041.00    -28.00       -2.62   162,881.00
750   2002-06-24  NAS100  1,044.00  1,082.00  1,018.50  1,063.50     22.50        2.16   267,078.00
751   2002-06-25  NAS100  1,066.00  1,078.00  1,021.50  1,027.00    -36.50       -3.43   262,917.00
752   2002-06-26  NAS100  1,028.00  1,039.50    974.00  1,029.50      2.50        0.24   300,972.00
753   2002-06-27  NAS100  1,032.00  1,060.00  1,011.00  1,059.50     30.00        2.91   278,187.00
754   2002-06-28  NAS100  1,056.50  1,079.50  1,044.50  1,054.00     -5.50       -0.52   175,213.00
755   2002-07-01  NAS100  1,054.50  1,064.50    998.50  1,002.00    -52.00       -4.93   175,706.00
756   2002-07-02  NAS100  1,002.50  1,008.00    965.00    967.00    -35.00       -3.49   249,100.00
757   2002-07-03  NAS100    969.50    999.50    953.00    998.00     31.00        3.21   249,100.00
758   2002-07-04  NAS100    998.50    999.50    990.00    991.50     -6.50       -0.65   211,740.00
759   2002-07-05  NAS100    998.50  1,064.00    982.00  1,064.00     72.50        7.31    93,630.00
760   2002-07-08  NAS100  1,061.50  1,073.50  1,012.50  1,025.00    -39.00       -3.67   248,360.00
761   2002-07-09  NAS100  1,025.00  1,032.00    992.50    994.50    -30.50       -2.98   257,406.00
762   2002-07-10  NAS100    997.00  1,015.50    962.00    962.50    -32.00       -3.22   295,692.00
763   2002-07-11  NAS100    966.50  1,004.50    948.50    998.50     36.00        3.74   358,951.00
764   2002-07-12  NAS100  1,000.00  1,030.00    990.50  1,000.00      1.50        0.15   249,183.00
765   2002-07-15  NAS100  1,000.00  1,033.50    958.00  1,030.00     30.00        3.00   353,239.00
766   2002-07-16  NAS100  1,031.50  1,049.50  1,004.50  1,016.00    -14.00       -1.36   337,493.00
767   2002-07-17  NAS100  1,006.00  1,066.00  1,002.00  1,033.50     17.50        1.72   315,051.00
768   2002-07-18  NAS100  1,037.00  1,049.00    995.00    998.00    -35.50       -3.43   238,856.00
769   2002-07-19  NAS100    994.00    998.00    959.00    967.00    -31.00       -3.11   234,002.00
770   2002-07-22  NAS100    960.50    985.50    931.00    943.50    -23.50       -2.43   321,536.00
771   2002-07-23  NAS100    944.50    958.00    898.50    902.00    -41.50       -4.40   298,586.00
772   2002-07-24  NAS100    899.50    953.00    873.00    952.00     50.00        5.54   376,117.00
773   2002-07-25  NAS100    952.00    953.00    879.50    897.00    -55.00       -5.78   304,634.00
774   2002-07-26  NAS100    897.00    921.00    887.00    912.50     15.50        1.73   207,572.00
775   2002-07-29  NAS100    915.00    972.50    910.00    961.50     49.00        5.37   209,519.00
776   2002-07-30  NAS100    961.50    995.00    951.50    980.50     19.00        1.98   244,738.00
777   2002-07-31  NAS100    975.00    988.50    941.00    961.50    -19.00       -1.94   208,315.00
778   2002-08-01  NAS100    958.50    964.50    913.00    917.00    -44.50       -4.63   188,111.00
779   2002-08-02  NAS100    916.50    919.50    879.50    896.00    -21.00       -2.29   177,512.00
780   2002-08-05  NAS100    894.50    899.50    858.00    863.50    -32.50       -3.63   187,954.00
781   2002-08-06  NAS100    862.00    927.50    857.00    906.00     42.50        4.92   233,395.00
782   2002-08-07  NAS100    907.50    941.00    884.50    919.00     13.00        1.43   265,919.00
783   2002-08-08  NAS100    919.50    951.50    900.00    949.00     30.00        3.26   239,898.00
784   2002-08-09  NAS100    948.50    955.50    922.00    939.00    -10.00       -1.05   165,451.00
785   2002-08-12  NAS100    937.50    946.00    922.50    943.50      4.50        0.48   117,977.00
786   2002-08-13  NAS100    944.00    962.00    909.00    911.00    -32.50       -3.44   225,741.00
787   2002-08-14  NAS100    910.00    972.00    904.00    967.00     56.00        6.15   242,614.00
788   2002-08-15  NAS100    965.50    990.50    956.00    989.00     22.00        2.28   249,339.00
789   2002-08-16  NAS100    987.50  1,006.50    954.00    995.00      6.00        0.61   163,962.00
790   2002-08-19  NAS100    994.00  1,029.50    988.00  1,020.50     25.50        2.56   149,162.00
791   2002-08-20  NAS100  1,020.50  1,024.50  1,002.50  1,013.50     -7.00       -0.69   186,576.00
792   2002-08-21  NAS100  1,013.50  1,040.50  1,007.00  1,038.00     24.50        2.42   225,905.00
793   2002-08-22  NAS100  1,038.00  1,055.00  1,023.50  1,052.00     14.00        1.35   182,431.00
794   2002-08-23  NAS100  1,054.00  1,054.00  1,005.50  1,013.00    -39.00       -3.71   154,999.00
795   2002-08-26  NAS100  1,011.50  1,029.50    991.50  1,016.50      3.50        0.35   174,573.00
796   2002-08-27  NAS100  1,017.00  1,028.00    972.50    981.00    -35.50       -3.49   195,920.00
797   2002-08-28  NAS100    978.00    982.00    941.50    946.00    -35.00       -3.57   191,813.00
798   2002-08-29  NAS100    945.00    975.00    927.00    957.50     11.50        1.22   192,888.00
799   2002-08-30  NAS100    950.00    966.50    941.50    943.50    -14.00       -1.46   192,888.00
800   2002-09-02  NAS100    942.00    946.00    935.50    936.00     -7.50       -0.79   112,039.00
801   2002-09-03  NAS100    942.00    946.00    899.50    905.00    -31.00       -3.31   172,295.00
802   2002-09-04  NAS100    905.00    926.50    895.50    915.00     10.00        1.10   198,312.00
803   2002-09-05  NAS100    915.50    918.00    883.00    893.00    -22.00       -2.40   190,264.00
804   2002-09-06  NAS100    895.00    935.00    892.00    920.50     27.50        3.08   187,003.00
805   2002-09-09  NAS100    918.00    940.00    894.50    928.00      7.50        0.81   196,539.00
806   2002-09-10  NAS100    928.50    953.00    926.50    951.50     23.50        2.53   201,190.00
807   2002-09-11  NAS100    950.00    980.50    942.00    942.00     -9.50       -1.00   177,484.00
808   2002-09-12  NAS100    943.50    946.50    914.50    918.50    -23.50       -2.49    27,438.00
809   2002-09-13  NAS100    921.50    929.00    905.00    925.50      7.00        0.76    13,984.00
810   2002-09-16  NAS100    925.00    929.00    899.00    911.50    -14.00       -1.51     4,680.00
811   2002-09-17  NAS100    914.50    948.00    895.50    897.50    -14.00       -1.54   229,552.00
812   2002-09-18  NAS100    889.50    911.50    879.50    885.00    -12.50       -1.39   231,730.00
813   2002-09-19  NAS100    885.50    893.50    870.50    872.50    -12.50       -1.41   246,227.00
814   2002-09-20  NAS100    876.00    890.00    867.00    876.00      3.50        0.40   200,455.00
815   2002-09-23  NAS100    877.00    877.50    840.50    849.50    -26.50       -3.03   217,940.00
816   2002-09-24  NAS100    851.00    865.50    833.50    848.50     -1.00       -0.12   260,851.00
817   2002-09-25  NAS100    849.00    890.00    837.00    882.50     34.00        4.01   263,257.00
818   2002-09-26  NAS100    884.50    901.00    863.00    872.00    -10.50       -1.19   276,446.00
819   2002-09-27  NAS100    871.50    896.00    861.00    861.50    -10.50       -1.20   238,140.00
820   2002-09-30  NAS100    859.00    859.00    826.00    837.00    -24.50       -2.84   229,879.00
821   2002-10-01  NAS100    835.50    888.50    826.00    886.50     49.50        5.91   297,036.00
822   2002-10-02  NAS100    887.00    889.50    846.50    858.00    -28.50       -3.21   314,906.00
823   2002-10-03  NAS100    853.00    863.50    834.50    836.50    -21.50       -2.51   255,296.00
824   2002-10-04  NAS100    835.00    852.00    812.00    820.00    -16.50       -1.97   293,184.00
825   2002-10-07  NAS100    820.50    830.50    800.50    814.00     -6.00       -0.73   251,207.00
826   2002-10-08  NAS100    812.50    831.00    797.50    814.50      0.50        0.06   296,522.00
827   2002-10-09  NAS100    814.50    828.50    800.00    809.50     -5.00       -0.61   307,864.00
828   2002-10-10  NAS100    810.00    856.00    801.00    849.00     39.50        4.88   313,942.00
829   2002-10-11  NAS100    850.50    903.00    846.00    894.50     45.50        5.36   270,208.00
830   2002-10-14  NAS100    889.50    908.00    879.00    907.50     13.00        1.45   172,781.00
831   2002-10-15  NAS100    908.50    954.00    904.50    950.50     43.00        4.74   298,345.00
832   2002-10-16  NAS100    923.00    947.50    909.00    919.50    -31.00       -3.26   241,857.00
833   2002-10-17  NAS100    919.00    960.00    919.00    944.00     24.50        2.66   237,027.00
834   2002-10-18  NAS100    951.00    968.50    925.00    960.50     16.50        1.75   224,567.00
835   2002-10-21  NAS100    956.00    986.00    939.50    980.00     19.50        2.03   226,280.00
836   2002-10-22  NAS100    971.00    981.50    954.50    973.00     -7.00       -0.71   257,751.00
837   2002-10-23  NAS100    971.00    993.00    955.00    992.50     19.50        2.00   333,084.00
838   2002-10-24  NAS100    991.50  1,002.00    964.50    967.50    -25.00       -2.52   294,772.00
839   2002-10-25  NAS100    966.00    998.00    962.50    992.50     25.00        2.58   227,686.00
840   2002-10-28  NAS100    993.50  1,014.50    975.00    987.00     -5.50       -0.55   259,271.00
841   2002-10-29  NAS100    987.00    989.00    942.50    963.50    -23.50       -2.38   282,676.00
842   2002-10-30  NAS100    963.00    998.50    957.00    991.00     27.50        2.85   326,599.00
843   2002-10-31  NAS100    990.50  1,009.00    981.50    991.50      0.50        0.05   269,360.00
844   2002-11-01  NAS100    991.50  1,023.50    973.50  1,020.50     29.00        2.92   248,352.00
845   2002-11-04  NAS100  1,035.00  1,073.00  1,034.50  1,043.00     22.50        2.20   229,091.00
846   2002-11-05  NAS100  1,045.00  1,054.50  1,030.00  1,051.50      8.50        0.81   252,561.00
847   2002-11-06  NAS100  1,053.50  1,073.00  1,033.00  1,069.00     17.50        1.66   309,938.00
848   2002-11-07  NAS100  1,071.00  1,074.50  1,020.00  1,029.50    -39.50       -3.70   244,796.00
849   2002-11-08  NAS100  1,035.50  1,043.50  1,005.00  1,009.00    -20.50       -1.99   226,204.00
850   2002-11-11  NAS100  1,009.00  1,015.00    973.50    980.50    -28.50       -2.82   186,596.00
851   2002-11-12  NAS100    978.50  1,023.00    975.00  1,004.50     24.00        2.45   231,003.00
852   2002-11-13  NAS100  1,005.50  1,024.50    986.50  1,016.50     12.00        1.19   314,583.00
853   2002-11-14  NAS100  1,017.50  1,066.50  1,002.00  1,051.50     35.00        3.44   265,473.00
854   2002-11-15  NAS100  1,051.00  1,066.50  1,036.50  1,065.50     14.00        1.33   217,983.00
855   2002-11-18  NAS100  1,065.50  1,079.50  1,047.00  1,050.00    -15.50       -1.45   241,952.00
856   2002-11-19  NAS100  1,048.50  1,052.00  1,019.00  1,032.50    -17.50       -1.67   314,317.00
857   2002-11-20  NAS100  1,031.50  1,077.00  1,026.50  1,076.00     43.50        4.21   269,303.00
858   2002-11-21  NAS100  1,078.00  1,121.50  1,077.00  1,117.50     41.50        3.86   301,279.00
859   2002-11-22  NAS100  1,117.50  1,124.50  1,100.50  1,116.50     -1.00       -0.09   243,851.00
860   2002-11-25  NAS100  1,116.50  1,135.50  1,109.00  1,126.00      9.50        0.85   245,014.00
861   2002-11-26  NAS100  1,127.00  1,127.50  1,083.50  1,088.50    -37.50       -3.33   219,653.00
862   2002-11-27  NAS100  1,092.00  1,145.00  1,088.50  1,124.50     36.00        3.31   219,653.00
863   2002-11-28  NAS100  1,124.00  1,132.00  1,121.00  1,125.00      0.50        0.04   177,026.00
864   2002-11-29  NAS100  1,124.00  1,136.00  1,084.00  1,117.00     -8.00       -0.71    72,475.00
865   2002-12-02  NAS100  1,112.50  1,157.50  1,110.00  1,127.50     10.50        0.94   302,583.00
866   2002-12-03  NAS100  1,126.50  1,136.50  1,080.00  1,094.50    -33.00       -2.93   267,762.00
867   2002-12-04  NAS100  1,094.00  1,094.00  1,055.00  1,071.00    -23.50       -2.15   343,256.00
868   2002-12-05  NAS100  1,072.00  1,087.50  1,051.50  1,056.00    -15.00       -1.40   331,456.00
869   2002-12-06  NAS100  1,062.00  1,075.00  1,030.00  1,067.00     11.00        1.04   336,451.00
870   2002-12-09  NAS100  1,066.50  1,072.50  1,014.00  1,015.00    -52.00       -4.87   275,902.00
871   2002-12-10  NAS100  1,015.00  1,044.50  1,014.50  1,031.00     16.00        1.58   213,334.00
872   2002-12-11  NAS100  1,030.50  1,048.50  1,019.00  1,035.50      4.50        0.44   225,469.00
873   2002-12-12  NAS100  1,034.50  1,052.50  1,025.50  1,040.50      5.00        0.48    36,660.00
874   2002-12-13  NAS100  1,041.00  1,042.50  1,006.00  1,007.50    -33.00       -3.17    17,229.00
875   2002-12-16  NAS100  1,011.00  1,044.00  1,003.00  1,040.00     32.50        3.23     8,707.00
876   2002-12-17  NAS100  1,044.00  1,057.00  1,036.00  1,046.00      6.00        0.58   211,122.00
877   2002-12-18  NAS100  1,046.50  1,047.50  1,010.50  1,024.00    -22.00       -2.10   193,852.00
878   2002-12-19  NAS100  1,024.50  1,039.50  1,002.00  1,012.50    -11.50       -1.12   318,724.00
879   2002-12-20  NAS100  1,013.00  1,027.00  1,011.00  1,023.50     11.00        1.09   170,161.00
880   2002-12-23  NAS100  1,025.00  1,039.00  1,014.00  1,033.50     10.00        0.98   118,608.00
881   2002-12-24  NAS100  1,032.50  1,038.50  1,022.00  1,022.50    -11.00       -1.06    34,696.00
882   2002-12-26  NAS100  1,023.00  1,045.50  1,015.50  1,020.00     -2.50       -0.24   115,267.00
883   2002-12-27  NAS100  1,019.50  1,025.00    997.50  1,001.50    -18.50       -1.81   112,304.00
884   2002-12-30  NAS100    999.50  1,007.00    982.50    993.00     -8.50       -0.85   120,816.00
885   2002-12-31  NAS100    994.00    996.50    979.00    987.00     -6.00       -0.60   119,385.00
886   2003-01-02  NAS100    992.00  1,030.50    985.50  1,025.00     38.00        3.85   214,618.00
887   2003-01-03  NAS100  1,026.50  1,037.50  1,020.00  1,036.00     11.00        1.07   156,629.00
888   2003-01-06  NAS100  1,034.50  1,072.00  1,031.00  1,061.00     25.00        2.41   201,126.00
889   2003-01-07  NAS100  1,064.50  1,085.50  1,056.00  1,075.00     14.00        1.32   312,020.00
890   2003-01-08  NAS100  1,073.50  1,074.50  1,042.00  1,045.00    -30.00       -2.79   274,157.00
891   2003-01-09  NAS100  1,046.50  1,088.00  1,044.50  1,077.00     32.00        3.06   262,323.00
892   2003-01-10  NAS100  1,077.50  1,099.00  1,056.00  1,091.50     14.50        1.35   269,982.00
893   2003-01-13  NAS100  1,090.50  1,108.50  1,077.50  1,086.50     -5.00       -0.46   247,542.00
894   2003-01-14  NAS100  1,086.00  1,101.00  1,082.00  1,092.00      5.50        0.51   198,557.00
895   2003-01-15  NAS100  1,085.00  1,103.00  1,071.00  1,077.00    -15.00       -1.37   226,566.00
896   2003-01-16  NAS100  1,072.00  1,087.00  1,059.50  1,064.50    -12.50       -1.16   231,587.00
897   2003-01-17  NAS100  1,066.00  1,077.50  1,018.00  1,020.00    -44.50       -4.18   231,587.00
898   2003-01-20  NAS100  1,020.50  1,028.00  1,015.00  1,018.50     -1.50       -0.15   207,668.00
899   2003-01-21  NAS100  1,020.50  1,029.50  1,008.00  1,009.00     -9.50       -0.93   249,996.00
900   2003-01-22  NAS100  1,010.00  1,029.00    999.50  1,004.50     -4.50       -0.45   292,320.00
901   2003-01-23  NAS100  1,013.00  1,041.00  1,011.50  1,026.50     22.00        2.19   271,573.00
902   2003-01-24  NAS100  1,028.00  1,032.50    992.50  1,000.00    -26.50       -2.58   263,183.00
903   2003-01-27  NAS100  1,003.00  1,007.50    980.00    988.50    -11.50       -1.15   267,494.00
904   2003-01-28  NAS100    990.00  1,008.50    982.50    998.50     10.00        1.01   226,518.00
905   2003-01-29  NAS100    999.50  1,025.00    980.00  1,013.50     15.00        1.50   226,518.00
906   2003-01-30  NAS100  1,014.00  1,027.00    986.00    987.00    -26.50       -2.61   226,837.00
907   2003-01-31  NAS100    987.00    997.50    965.00    984.50     -2.50       -0.25   279,905.00
908   2003-02-03  NAS100    984.00    998.50    979.00    986.00      1.50        0.15   206,071.00
909   2003-02-04  NAS100    986.50    990.00    959.50    975.00    -11.00       -1.12   218,985.00
910   2003-02-05  NAS100    969.50  1,000.50    964.50    969.50     -5.50       -0.56   310,083.00
911   2003-02-06  NAS100    970.00    980.00    960.50    975.00      5.50        0.57   270,983.00
912   2003-02-07  NAS100    974.00    987.50    951.50    959.50    -15.50       -1.59   240,191.00
913   2003-02-10  NAS100    958.00    976.00    951.00    969.00      9.50        0.99   240,395.00
914   2003-02-11  NAS100    970.00    990.50    962.50    972.00      3.00        0.31   244,242.00
915   2003-02-12  NAS100    971.00    979.50    957.00    958.50    -13.50       -1.39   196,929.00
916   2003-02-13  NAS100    957.50    983.50    938.50    961.50      3.00        0.31   261,145.00
917   2003-02-14  NAS100    961.50    985.50    950.50    985.00     23.50        2.44   261,145.00
918   2003-02-17  NAS100    986.50    995.00    984.00    992.00      7.00        0.71   265,667.00
919   2003-02-18  NAS100    986.50  1,019.50    983.00  1,018.50     26.50        2.67   232,959.00
920   2003-02-19  NAS100  1,017.50  1,022.00    994.50  1,009.50     -9.00       -0.88   225,895.00
921   2003-02-20  NAS100  1,008.50  1,020.50  1,000.00  1,004.50     -5.00       -0.50   182,673.00
922   2003-02-21  NAS100  1,004.50  1,021.00    986.00  1,014.50     10.00        1.00   256,322.00
923   2003-02-24  NAS100  1,016.50  1,021.50    993.50    994.00    -20.50       -2.02   238,083.00
924   2003-02-25  NAS100    994.00  1,003.00    968.50    998.00      4.00        0.40   300,738.00
925   2003-02-26  NAS100    997.50  1,003.00    973.50    974.00    -24.00       -2.40   268,398.00
926   2003-02-27  NAS100    974.00  1,002.50    971.50    996.50     22.50        2.31   244,792.00
927   2003-02-28  NAS100    996.00  1,014.50    991.50  1,010.50     14.00        1.40   213,826.00
928   2003-03-03  NAS100  1,014.50  1,024.00    988.50    992.50    -18.00       -1.78   227,965.00
929   2003-03-04  NAS100    990.50    995.50    982.00    985.50     -7.00       -0.71   186,268.00
930   2003-03-05  NAS100    985.00    996.50    978.00    988.00      2.50        0.25   267,200.00
931   2003-03-06  NAS100    989.00    992.50    976.50    984.50     -3.50       -0.35   238,483.00
932   2003-03-07  NAS100    978.50    993.00    964.50    986.50      2.00        0.20   292,790.00
933   2003-03-10  NAS100    986.50    987.00    962.00    966.50    -20.00       -2.03   224,968.00
934   2003-03-11  NAS100    967.00    975.00    957.00    958.00     -8.50       -0.88   205,582.00
935   2003-03-12  NAS100    958.50    975.00    945.00    973.50     15.50        1.62   294,377.00
936   2003-03-13  NAS100    973.50  1,031.50    971.50  1,030.50     57.00        5.86    60,377.00
937   2003-03-14  NAS100  1,031.00  1,044.50  1,020.50  1,034.50      4.00        0.39    24,911.00
938   2003-03-17  NAS100  1,029.00  1,077.50  1,016.50  1,071.50     37.00        3.58    24,061.00
939   2003-03-18  NAS100  1,074.00  1,089.00  1,066.00  1,087.50     16.00        1.49   308,792.00
940   2003-03-19  NAS100  1,086.00  1,097.50  1,062.00  1,076.00    -11.50       -1.06   290,038.00
941   2003-03-20  NAS100  1,076.00  1,094.00  1,056.00  1,081.50      5.50        0.51   326,545.00
942   2003-03-21  NAS100  1,081.50  1,103.50  1,078.50  1,094.50     13.00        1.20   266,617.00
943   2003-03-24  NAS100  1,085.00  1,087.50  1,047.50  1,050.00    -44.50       -4.07   265,761.00
944   2003-03-25  NAS100  1,050.00  1,079.00  1,043.50  1,065.50     15.50        1.48   247,854.00
945   2003-03-26  NAS100  1,066.50  1,078.50  1,063.00  1,070.00      4.50        0.42   201,663.00
946   2003-03-27  NAS100  1,070.50  1,074.00  1,051.50  1,061.50     -8.50       -0.79   220,167.00
947   2003-03-28  NAS100  1,063.00  1,066.50  1,046.00  1,051.50    -10.00       -0.94   158,886.00
948   2003-03-31  NAS100  1,047.00  1,048.50  1,015.00  1,021.00    -30.50       -2.90   285,851.00
949   2003-04-01  NAS100  1,019.00  1,035.00  1,015.50  1,023.00      2.00        0.20   252,436.00
950   2003-04-02  NAS100  1,024.00  1,070.00  1,023.50  1,062.00     39.00        3.81   275,058.00
951   2003-04-03  NAS100  1,064.00  1,082.00  1,061.00  1,067.00      5.00        0.47   213,492.00
952   2003-04-04  NAS100  1,065.50  1,078.00  1,046.50  1,050.00    -17.00       -1.59   215,387.00
953   2003-04-07  NAS100  1,060.00  1,095.00  1,050.50  1,051.00      1.00        0.10   253,688.00
954   2003-04-08  NAS100  1,051.00  1,068.50  1,043.50  1,050.50     -0.50       -0.05   250,884.00
955   2003-04-09  NAS100  1,051.00  1,061.00  1,024.50  1,026.00    -24.50       -2.33   305,102.00
956   2003-04-10  NAS100  1,028.00  1,038.50  1,019.50  1,038.00     12.00        1.17   227,916.00
957   2003-04-11  NAS100  1,038.50  1,054.00  1,022.00  1,028.50     -9.50       -0.92   236,718.00
958   2003-04-14  NAS100  1,029.00  1,053.50  1,026.00  1,048.50     20.00        1.94   233,062.00
959   2003-04-15  NAS100  1,048.00  1,064.00  1,041.00  1,059.50     11.00        1.05   203,375.00
960   2003-04-16  NAS100  1,070.00  1,084.00  1,052.50  1,056.50     -3.00       -0.28   291,562.00
961   2003-04-17  NAS100  1,057.00  1,087.50  1,054.00  1,083.00     26.50        2.51   265,676.00
962   2003-04-21  NAS100  1,084.00  1,092.00  1,072.50  1,084.50      1.50        0.14   217,324.00
963   2003-04-22  NAS100  1,083.50  1,106.50  1,073.50  1,104.00     19.50        1.80   263,773.00
964   2003-04-23  NAS100  1,106.50  1,118.00  1,098.50  1,113.50      9.50        0.86   274,649.00
965   2003-04-24  NAS100  1,113.50  1,118.00  1,098.50  1,108.00     -5.50       -0.49   244,992.00
966   2003-04-25  NAS100  1,109.50  1,112.50  1,082.00  1,085.50    -22.50       -2.03   199,781.00
967   2003-04-28  NAS100  1,085.00  1,113.50  1,081.50  1,107.00     21.50        1.98   223,880.00
968   2003-04-29  NAS100  1,106.50  1,129.50  1,103.50  1,116.50      9.50        0.86   246,101.00
969   2003-04-30  NAS100  1,116.50  1,119.00  1,105.50  1,108.00     -8.50       -0.76   236,017.00
970   2003-05-01  NAS100  1,107.00  1,113.50  1,095.00  1,113.50      5.50        0.50   106,873.00
971   2003-05-02  NAS100  1,112.50  1,139.50  1,111.00  1,139.00     25.50        2.29   240,917.00
972   2003-05-05  NAS100  1,138.00  1,155.50  1,134.50  1,138.50     -0.50       -0.04   260,912.00
973   2003-05-06  NAS100  1,138.00  1,163.50  1,134.50  1,152.50     14.00        1.23   247,143.00
974   2003-05-07  NAS100  1,153.50  1,159.50  1,132.50  1,139.50    -13.00       -1.13   264,143.00
975   2003-05-08  NAS100  1,138.00  1,139.00  1,117.50  1,118.00    -21.50       -1.89   293,336.00
976   2003-05-09  NAS100  1,118.00  1,146.00  1,114.50  1,143.50     25.50        2.28   233,240.00
977   2003-05-12  NAS100  1,144.50  1,166.00  1,134.00  1,160.00     16.50        1.44   233,240.00
978   2003-05-13  NAS100  1,161.50  1,168.00  1,149.50  1,154.50     -5.50       -0.47   228,247.00
979   2003-05-14  NAS100  1,153.00  1,166.00  1,141.50  1,151.00     -3.50       -0.30   222,274.00
980   2003-05-15  NAS100  1,151.50  1,166.50  1,150.00  1,163.50     12.50        1.09   254,318.00
981   2003-05-16  NAS100  1,162.50  1,166.00  1,147.00  1,156.50     -7.00       -0.60   189,278.00
982   2003-05-19  NAS100  1,154.00  1,154.00  1,112.50  1,114.00    -42.50       -3.67   263,070.00
983   2003-05-20  NAS100  1,115.00  1,125.50  1,104.00  1,118.50      4.50        0.40   266,844.00
984   2003-05-21  NAS100  1,119.50  1,122.00  1,104.50  1,115.50     -3.00       -0.27   237,970.00
985   2003-05-22  NAS100  1,114.00  1,139.50  1,110.50  1,130.00     14.50        1.30   195,407.00
986   2003-05-23  NAS100  1,129.50  1,137.00  1,125.00  1,130.50      0.50        0.04   195,407.00
987   2003-05-26  NAS100  1,129.50  1,134.50  1,129.50  1,132.50      2.00        0.18   121,371.00
988   2003-05-27  NAS100  1,129.50  1,175.50  1,122.50  1,172.50     40.00        3.53   278,679.00
989   2003-05-28  NAS100  1,172.50  1,186.00  1,165.50  1,174.50      2.00        0.17   258,110.00
990   2003-05-29  NAS100  1,172.50  1,200.00  1,170.50  1,179.00      4.50        0.38   392,732.00
991   2003-05-30  NAS100  1,179.50  1,202.50  1,177.00  1,199.00     20.00        1.70   254,548.00
992   2003-06-02  NAS100  1,198.50  1,215.50  1,180.00  1,190.50     -8.50       -0.71   319,062.00
993   2003-06-03  NAS100  1,185.50  1,202.00  1,180.50  1,201.50     11.00        0.92   286,886.00
994   2003-06-04  NAS100  1,200.50  1,230.00  1,196.00  1,224.50     23.00        1.91   304,636.00
995   2003-06-05  NAS100  1,223.00  1,235.00  1,206.50  1,234.00      9.50        0.78   309,377.00
996   2003-06-06  NAS100  1,231.00  1,266.50  1,208.50  1,213.00    -21.00       -1.70   435,850.00
997   2003-06-09  NAS100  1,209.00  1,223.00  1,188.00  1,197.50    -15.50       -1.28   314,456.00
998   2003-06-10  NAS100  1,198.00  1,216.00  1,194.00  1,214.50     17.00        1.42   266,235.00
999   2003-06-11  NAS100  1,212.00  1,231.50  1,199.00  1,229.00     14.50        1.19   358,967.00
1000  2003-06-12  NAS100  1,228.00  1,240.00  1,217.50  1,233.00      4.00        0.33    62,101.00
1001  2003-06-13  NAS100  1,233.00  1,236.00  1,201.00  1,207.00    -26.00       -2.11    23,632.00
1002  2003-06-16  NAS100  1,201.50  1,243.50  1,201.50  1,243.00     36.00        2.98    15,613.00
1003  2003-06-17  NAS100  1,244.00  1,255.00  1,232.00  1,239.50     -3.50       -0.28   260,815.00
1004  2003-06-18  NAS100  1,240.50  1,259.00  1,227.50  1,246.50      7.00        0.56   284,966.00
1005  2003-06-19  NAS100  1,247.00  1,259.00  1,224.50  1,225.50    -21.00       -1.68   308,764.00
1006  2003-06-20  NAS100  1,225.50  1,238.50  1,219.00  1,222.00     -3.50       -0.29   255,949.00
1007  2003-06-23  NAS100  1,221.00  1,224.00  1,191.50  1,205.00    -17.00       -1.39   273,587.00
1008  2003-06-24  NAS100  1,204.50  1,213.50  1,190.00  1,194.50    -10.50       -0.87   344,736.00
1009  2003-06-25  NAS100  1,195.00  1,216.00  1,188.00  1,189.50     -5.00       -0.42   313,060.00
1010  2003-06-26  NAS100  1,190.00  1,220.50  1,189.00  1,217.00     27.50        2.31   269,987.00
1011  2003-06-27  NAS100  1,218.50  1,232.00  1,199.00  1,202.50    -14.50       -1.19   263,770.00
1012  2003-06-30  NAS100  1,205.00  1,222.00  1,201.50  1,204.50      2.00        0.17   210,563.00
1013  2003-07-01  NAS100  1,206.00  1,223.50  1,179.00  1,223.00     18.50        1.54   355,733.00
1014  2003-07-02  NAS100  1,222.00  1,249.00  1,222.00  1,248.50     25.50        2.09   236,588.00
1015  2003-07-03  NAS100  1,247.50  1,253.00  1,228.00  1,229.00    -19.50       -1.56   166,788.00
1016  2003-07-07  NAS100  1,233.00  1,286.00  1,233.00  1,285.00     56.00        4.56   267,582.00
1017  2003-07-08  NAS100  1,284.00  1,302.00  1,273.50  1,299.00     14.00        1.09   287,993.00
1018  2003-07-09  NAS100  1,298.00  1,309.50  1,287.00  1,297.00     -2.00       -0.15   301,240.00
1019  2003-07-10  NAS100  1,289.50  1,290.00  1,262.00  1,272.50    -24.50       -1.89   292,834.00
1020  2003-07-11  NAS100  1,273.00  1,288.50  1,266.00  1,281.50      9.00        0.71   236,026.00
1021  2003-07-14  NAS100  1,284.00  1,319.50  1,283.50  1,299.50     18.00        1.40   337,572.00
1022  2003-07-15  NAS100  1,298.50  1,314.00  1,286.50  1,298.00     -1.50       -0.12   314,736.00
1023  2003-07-16  NAS100  1,306.50  1,315.00  1,278.00  1,295.00     -3.00       -0.23   318,675.00
1024  2003-07-17  NAS100  1,292.50  1,293.50  1,249.50  1,255.00    -40.00       -3.09   367,984.00
1025  2003-07-18  NAS100  1,262.00  1,270.00  1,245.00  1,258.50      3.50        0.28   244,300.00
1026  2003-07-21  NAS100  1,258.50  1,263.00  1,232.00  1,241.50    -17.00       -1.35   346,889.00
1027  2003-07-22  NAS100  1,239.00  1,269.00  1,237.50  1,262.50     21.00        1.69   369,811.00
1028  2003-07-23  NAS100  1,265.50  1,276.50  1,247.50  1,273.00     10.50        0.83   284,793.00
1029  2003-07-24  NAS100  1,270.50  1,291.00  1,252.50  1,254.00    -19.00       -1.49   284,315.00
1030  2003-07-25  NAS100  1,252.00  1,281.00  1,238.50  1,280.50     26.50        2.11   278,520.00
1031  2003-07-28  NAS100  1,282.00  1,288.00  1,273.00  1,283.50      3.00        0.23   275,341.00
1032  2003-07-29  NAS100  1,283.00  1,289.00  1,257.00  1,273.50    -10.00       -0.78   329,378.00
1033  2003-07-30  NAS100  1,273.00  1,281.00  1,262.00  1,264.50     -9.00       -0.71   181,467.00
1034  2003-07-31  NAS100  1,264.00  1,301.00  1,264.00  1,279.00     14.50        1.15   287,433.00
1035  2003-08-01  NAS100  1,278.50  1,284.50  1,260.00  1,267.50    -11.50       -0.90   239,560.00
1036  2003-08-04  NAS100  1,266.00  1,279.00  1,241.00  1,265.50     -2.00       -0.16   337,121.00
1037  2003-08-05  NAS100  1,265.50  1,268.00  1,216.00  1,216.00    -49.50       -3.91   314,135.00
1038  2003-08-06  NAS100  1,214.50  1,238.50  1,211.50  1,214.50     -1.50       -0.12   326,856.00
1039  2003-08-07  NAS100  1,215.00  1,227.00  1,208.50  1,219.50      5.00        0.41   252,709.00
1040  2003-08-08  NAS100  1,219.00  1,229.00  1,204.00  1,210.50     -9.00       -0.74   193,047.00
1041  2003-08-11  NAS100  1,209.50  1,232.00  1,208.50  1,222.50     12.00        0.99   246,299.00
1042  2003-08-12  NAS100  1,223.00  1,244.00  1,220.00  1,242.50     20.00        1.64   177,288.00
1043  2003-08-13  NAS100  1,241.50  1,250.50  1,233.00  1,243.00      0.50        0.04   218,005.00
1044  2003-08-14  NAS100  1,242.50  1,255.50  1,234.50  1,245.50      2.50        0.20   180,990.00
1045  2003-08-15  NAS100  1,240.00  1,259.50  1,220.00  1,254.50      9.00        0.72   100,497.00
1046  2003-08-18  NAS100  1,253.00  1,287.00  1,252.50  1,287.00     32.50        2.59   198,927.00
1047  2003-08-19  NAS100  1,287.00  1,303.50  1,281.50  1,302.50     15.50        1.20   240,856.00
1048  2003-08-20  NAS100  1,299.50  1,309.00  1,288.50  1,299.50     -3.00       -0.23   204,904.00
1049  2003-08-21  NAS100  1,299.00  1,321.00  1,298.50  1,313.50     14.00        1.08   277,284.00
1050  2003-08-22  NAS100  1,314.00  1,343.00  1,305.00  1,305.00     -8.50       -0.65   271,560.00
1051  2003-08-25  NAS100  1,305.50  1,308.50  1,296.00  1,307.00      2.00        0.15   167,860.00
1052  2003-08-26  NAS100  1,307.50  1,311.50  1,280.00  1,308.50      1.50        0.11   322,370.00
1053  2003-08-27  NAS100  1,308.50  1,321.00  1,302.50  1,320.00     11.50        0.88   182,347.00
1054  2003-08-28  NAS100  1,319.50  1,333.00  1,308.50  1,331.50     11.50        0.87   234,041.00
1055  2003-08-29  NAS100  1,330.50  1,346.00  1,326.50  1,342.00     10.50        0.79   234,041.00
1056  2003-09-01  NAS100  1,341.00  1,349.50  1,340.00  1,349.50      7.50        0.56   122,803.00
1057  2003-09-02  NAS100  1,341.00  1,363.50  1,333.00  1,363.00     13.50        1.00   301,002.00
1058  2003-09-03  NAS100  1,364.00  1,376.50  1,354.00  1,361.50     -1.50       -0.11   313,291.00
1059  2003-09-04  NAS100  1,361.50  1,376.50  1,356.00  1,375.00     13.50        0.99   279,110.00
1060  2003-09-05  NAS100  1,380.00  1,381.50  1,354.00  1,366.00     -9.00       -0.65   335,973.00
1061  2003-09-08  NAS100  1,364.50  1,389.00  1,363.00  1,388.00     22.00        1.61   295,736.00
1062  2003-09-09  NAS100  1,389.00  1,393.50  1,364.50  1,371.50    -16.50       -1.19   285,010.00
1063  2003-09-10  NAS100  1,368.00  1,370.00  1,332.00  1,338.00    -33.50       -2.44   371,974.00
1064  2003-09-11  NAS100  1,337.50  1,358.50  1,327.00  1,352.50     14.50        1.08    99,286.00
1065  2003-09-12  NAS100  1,352.00  1,360.00  1,329.00  1,359.50      7.00        0.52    33,690.00
1066  2003-09-15  NAS100  1,359.50  1,364.50  1,345.50  1,347.50    -12.00       -0.88    19,119.00
1067  2003-09-16  NAS100  1,350.50  1,387.00  1,350.00  1,386.00     38.50        2.86   281,986.00
1068  2003-09-17  NAS100  1,386.00  1,390.50  1,371.50  1,380.50     -5.50       -0.40   266,410.00
1069  2003-09-18  NAS100  1,379.00  1,405.00  1,370.00  1,401.00     20.50        1.48   333,382.00
1070  2003-09-19  NAS100  1,401.00  1,404.00  1,384.50  1,394.50     -6.50       -0.46   235,736.00
1071  2003-09-22  NAS100  1,392.00  1,392.00  1,359.50  1,365.50    -29.00       -2.08   342,356.00
1072  2003-09-23  NAS100  1,366.50  1,391.50  1,364.50  1,389.00     23.50        1.72   307,358.00
1073  2003-09-24  NAS100  1,389.50  1,393.50  1,336.50  1,337.50    -51.50       -3.71   460,521.00
1074  2003-09-25  NAS100  1,338.00  1,359.50  1,319.00  1,319.50    -18.00       -1.35   402,165.00
1075  2003-09-26  NAS100  1,320.50  1,336.00  1,309.00  1,310.50     -9.00       -0.68   363,153.00
1076  2003-09-29  NAS100  1,311.00  1,336.00  1,306.50  1,336.00     25.50        1.95   356,968.00
1077  2003-09-30  NAS100  1,335.50  1,337.00  1,303.00  1,306.00    -30.00       -2.25   428,158.00
1078  2003-10-01  NAS100  1,305.50  1,338.50  1,304.50  1,333.50     27.50        2.11   347,511.00
1079  2003-10-02  NAS100  1,333.00  1,345.50  1,326.00  1,338.50      5.00        0.37   291,848.00
1080  2003-10-03  NAS100  1,337.50  1,388.00  1,336.00  1,376.50     38.00        2.84   383,170.00
1081  2003-10-06  NAS100  1,375.50  1,388.50  1,370.50  1,386.50     10.00        0.73   157,458.00
1082  2003-10-07  NAS100  1,385.50  1,395.50  1,369.00  1,395.00      8.50        0.61   329,339.00
1083  2003-10-08  NAS100  1,395.00  1,403.50  1,377.50  1,386.00     -9.00       -0.65   340,922.00
1084  2003-10-09  NAS100  1,385.00  1,420.00  1,381.00  1,397.50     11.50        0.83   401,034.00
1085  2003-10-10  NAS100  1,397.00  1,410.00  1,394.50  1,409.50     12.00        0.86   229,852.00
1086  2003-10-13  NAS100  1,409.00  1,424.00  1,406.00  1,418.50      9.00        0.64   164,994.00
1087  2003-10-14  NAS100  1,418.00  1,425.00  1,407.50  1,424.00      5.50        0.39   237,140.00
1088  2003-10-15  NAS100  1,424.00  1,444.50  1,410.50  1,416.50     -7.50       -0.53   340,807.00
1089  2003-10-16  NAS100  1,413.50  1,430.00  1,406.50  1,428.00     11.50        0.81   266,142.00
1090  2003-10-17  NAS100  1,422.00  1,428.50  1,393.00  1,393.50    -34.50       -2.42   310,797.00
1091  2003-10-20  NAS100  1,394.00  1,413.00  1,389.00  1,411.50     18.00        1.29   254,848.00
1092  2003-10-21  NAS100  1,410.00  1,427.50  1,406.00  1,419.50      8.00        0.57   260,762.00
1093  2003-10-22  NAS100  1,420.00  1,420.50  1,386.00  1,392.00    -27.50       -1.94   305,458.00
1094  2003-10-23  NAS100  1,389.50  1,390.00  1,368.00  1,374.50    -17.50       -1.26   320,353.00
1095  2003-10-24  NAS100  1,374.50  1,378.00  1,347.50  1,376.00      1.50        0.11   296,565.00
1096  2003-10-27  NAS100  1,374.00  1,386.50  1,369.50  1,377.50      1.50        0.11   234,316.00
1097  2003-10-28  NAS100  1,377.00  1,425.50  1,376.50  1,423.50     46.00        3.34   296,963.00
1098  2003-10-29  NAS100  1,423.00  1,425.50  1,411.50  1,421.50     -2.00       -0.14   308,354.00
1099  2003-10-30  NAS100  1,421.50  1,445.00  1,414.50  1,424.00      2.50        0.18   321,864.00
1100  2003-10-31  NAS100  1,422.50  1,431.00  1,412.00  1,418.00     -6.00       -0.42   198,161.00
1101  2003-11-03  NAS100  1,412.50  1,448.00  1,412.50  1,439.00     21.00        1.48   241,380.00
1102  2003-11-04  NAS100  1,440.00  1,444.00  1,426.00  1,430.50     -8.50       -0.59   243,493.00
1103  2003-11-05  NAS100  1,429.00  1,444.00  1,414.50  1,441.50     11.00        0.77   266,897.00
1104  2003-11-06  NAS100  1,443.50  1,448.00  1,422.00  1,447.50      6.00        0.42   286,415.00
1105  2003-11-07  NAS100  1,446.50  1,458.50  1,432.00  1,433.50    -14.00       -0.97   228,988.00
1106  2003-11-10  NAS100  1,434.00  1,439.50  1,412.00  1,416.50    -17.00       -1.19   223,801.00
1107  2003-11-11  NAS100  1,416.50  1,420.00  1,402.00  1,411.50     -5.00       -0.35   212,317.00
1108  2003-11-12  NAS100  1,410.50  1,447.50  1,409.00  1,442.00     30.50        2.16   316,711.00
1109  2003-11-13  NAS100  1,442.50  1,450.50  1,430.00  1,440.00     -2.00       -0.14   292,794.00
1110  2003-11-14  NAS100  1,439.00  1,449.00  1,406.00  1,409.50    -30.50       -2.12   368,642.00
1111  2003-11-17  NAS100  1,409.00  1,409.00  1,378.00  1,395.00    -14.50       -1.03   352,603.00
1112  2003-11-18  NAS100  1,394.50  1,406.50  1,360.50  1,362.50    -32.50       -2.33   381,376.00
1113  2003-11-19  NAS100  1,362.00  1,384.00  1,359.00  1,375.50     13.00        0.95   330,865.00
1114  2003-11-20  NAS100  1,377.50  1,395.50  1,359.50  1,362.50    -13.00       -0.95   400,476.00
1115  2003-11-21  NAS100  1,362.50  1,378.50  1,356.50  1,378.50     16.00        1.17   264,872.00
1116  2003-11-24  NAS100  1,374.50  1,418.50  1,374.50  1,415.50     37.00        2.68   299,014.00
1117  2003-11-25  NAS100  1,415.00  1,429.50  1,412.00  1,414.50     -1.00       -0.07   246,878.00
1118  2003-11-26  NAS100  1,415.00  1,428.00  1,400.00  1,421.00      6.50        0.46   246,878.00
1119  2003-11-27  NAS100  1,421.50  1,423.50  1,418.00  1,423.00      2.00        0.14   229,994.00
1120  2003-11-28  NAS100  1,421.50  1,428.00  1,412.00  1,425.00      2.00        0.14    61,838.00
1121  2003-12-01  NAS100  1,424.00  1,448.00  1,421.50  1,443.50     18.50        1.30   315,765.00
1122  2003-12-02  NAS100  1,444.50  1,449.00  1,431.00  1,435.50     -8.00       -0.55   215,742.00
1123  2003-12-03  NAS100  1,434.50  1,453.00  1,417.50  1,418.00    -17.50       -1.22   369,110.00
1124  2003-12-04  NAS100  1,418.00  1,435.50  1,410.50  1,433.00     15.00        1.06   343,221.00
1125  2003-12-05  NAS100  1,423.50  1,428.00  1,405.00  1,410.00    -23.00       -1.61   307,835.00
1126  2003-12-08  NAS100  1,409.50  1,420.50  1,398.50  1,417.50      7.50        0.53   269,044.00
1127  2003-12-09  NAS100  1,417.00  1,426.00  1,382.00  1,384.50    -33.00       -2.33   391,292.00
1128  2003-12-10  NAS100  1,384.50  1,395.00  1,372.50  1,390.00      5.50        0.40   344,996.00
1129  2003-12-11  NAS100  1,390.00  1,423.50  1,386.00  1,419.50     29.50        2.12   100,756.00
1130  2003-12-12  NAS100  1,419.50  1,424.00  1,404.00  1,418.00     -1.50       -0.11    30,365.00
1131  2003-12-15  NAS100  1,446.50  1,452.50  1,393.00  1,399.50    -18.50       -1.30    30,196.00
1132  2003-12-16  NAS100  1,401.50  1,411.50  1,387.00  1,404.50      5.00        0.36   319,569.00
1133  2003-12-17  NAS100  1,404.50  1,409.50  1,393.00  1,406.50      2.00        0.14   231,139.00
1134  2003-12-18  NAS100  1,406.00  1,436.50  1,404.50  1,432.50     26.00        1.85   269,976.00
1135  2003-12-19  NAS100  1,432.00  1,436.50  1,418.00  1,428.50     -4.00       -0.28   229,282.00
1136  2003-12-22  NAS100  1,422.50  1,436.50  1,417.00  1,433.50      5.00        0.35   141,560.00
1137  2003-12-23  NAS100  1,433.00  1,451.50  1,431.00  1,444.50     11.00        0.77   177,443.00
1138  2003-12-24  NAS100  1,444.50  1,451.00  1,441.50  1,446.50      2.00        0.14    47,758.00
1139  2003-12-26  NAS100  1,449.00  1,454.50  1,444.00  1,445.00     -1.50       -0.10    31,574.00
1140  2003-12-29  NAS100  1,445.00  1,472.00  1,445.00  1,470.00     25.00        1.73   140,476.00
1141  2003-12-30  NAS100  1,469.50  1,477.00  1,463.00  1,474.50      4.50        0.31   100,973.00
1142  2003-12-31  NAS100  1,473.50  1,479.00  1,461.00  1,468.00     -6.50       -0.44   119,555.00
1143  2004-01-02  NAS100  1,473.00  1,483.00  1,460.50  1,466.50     -1.50       -0.10   162,395.00
1144  2004-01-05  NAS100  1,468.00  1,497.50  1,467.00  1,495.50     29.00        1.98   271,981.00
1145  2004-01-06  NAS100  1,494.50  1,508.00  1,489.00  1,504.50      9.00        0.60   240,895.00
1146  2004-01-07  NAS100  1,504.50  1,517.50  1,493.00  1,517.00     12.50        0.83   261,049.00
1147  2004-01-08  NAS100  1,516.50  1,531.00  1,515.00  1,531.00     14.00        0.92   278,249.00
1148  2004-01-09  NAS100  1,530.50  1,545.00  1,514.50  1,521.50     -9.50       -0.62   366,189.00
1149  2004-01-12  NAS100  1,521.00  1,545.50  1,518.50  1,544.50     23.00        1.51   265,390.00
1150  2004-01-13  NAS100  1,544.50  1,548.00  1,515.00  1,528.50    -16.00       -1.04   365,507.00
1151  2004-01-14  NAS100  1,528.50  1,539.50  1,524.00  1,537.50      9.00        0.59   254,375.00
1152  2004-01-15  NAS100  1,532.00  1,548.50  1,516.00  1,537.50      0.00        0.00   487,414.00
1153  2004-01-16  NAS100  1,536.50  1,556.00  1,535.50  1,553.00     15.50        1.01   487,414.00
1154  2004-01-19  NAS100  1,552.50  1,558.50  1,551.50  1,553.00      0.00        0.00   234,942.00
1155  2004-01-20  NAS100  1,552.50  1,563.00  1,542.50  1,553.00      0.00        0.00   281,566.00
1156  2004-01-21  NAS100  1,552.00  1,557.50  1,530.50  1,547.00     -6.00       -0.39   385,113.00
1157  2004-01-22  NAS100  1,550.00  1,557.50  1,532.50  1,534.50    -12.50       -0.81   316,770.00
1158  2004-01-23  NAS100  1,527.00  1,549.50  1,521.00  1,533.00     -1.50       -0.10   312,443.00
1159  2004-01-26  NAS100  1,530.50  1,556.00  1,523.50  1,554.50     21.50        1.40   261,568.00
1160  2004-01-27  NAS100  1,554.00  1,557.00  1,519.50  1,520.00    -34.50       -2.22   344,904.00
1161  2004-01-28  NAS100  1,519.50  1,532.50  1,489.00  1,494.00    -26.00       -1.71   369,978.00
1162  2004-01-29  NAS100  1,492.50  1,502.50  1,475.50  1,499.50      5.50        0.37   419,545.00
1163  2004-01-30  NAS100  1,501.00  1,507.00  1,488.50  1,495.00     -4.50       -0.30   273,921.00
1164  2004-02-02  NAS100  1,494.00  1,509.50  1,482.00  1,489.00     -6.00       -0.40   355,346.00
1165  2004-02-03  NAS100  1,488.00  1,499.00  1,483.00  1,487.00     -2.00       -0.13   256,983.00
1166  2004-02-04  NAS100  1,488.00  1,489.00  1,461.50  1,463.00    -24.00       -1.61   361,360.00
1167  2004-02-05  NAS100  1,463.00  1,477.00  1,462.00  1,467.50      4.50        0.31   257,988.00
1168  2004-02-06  NAS100  1,467.00  1,501.00  1,460.00  1,494.50     27.00        1.84   309,941.00
1169  2004-02-09  NAS100  1,496.00  1,505.00  1,491.50  1,494.00     -0.50       -0.03   196,344.00
1170  2004-02-10  NAS100  1,494.00  1,506.00  1,490.50  1,497.50      3.50        0.23   216,842.00
1171  2004-02-11  NAS100  1,497.50  1,516.50  1,492.00  1,512.50     15.00        1.00   304,223.00
1172  2004-02-12  NAS100  1,512.50  1,517.50  1,498.50  1,500.50    -12.00       -0.79   221,061.00
1173  2004-02-13  NAS100  1,501.50  1,512.50  1,479.00  1,488.00    -12.50       -0.83   221,061.00
1174  2004-02-16  NAS100  1,489.00  1,492.00  1,487.00  1,491.50      3.50        0.24   277,887.00
1175  2004-02-17  NAS100  1,489.00  1,514.00  1,487.00  1,507.50     16.00        1.07   218,288.00
1176  2004-02-18  NAS100  1,509.00  1,517.00  1,501.50  1,511.00      3.50        0.23   256,173.00
1177  2004-02-19  NAS100  1,512.50  1,525.50  1,482.00  1,488.50    -22.50       -1.49   344,319.00
1178  2004-02-20  NAS100  1,488.00  1,495.00  1,470.50  1,483.50     -5.00       -0.34   391,656.00
1179  2004-02-23  NAS100  1,483.50  1,493.50  1,454.00  1,467.00    -16.50       -1.11   377,191.00
1180  2004-02-24  NAS100  1,483.50  1,483.50  1,452.00  1,463.50     -3.50       -0.24   396,473.00
1181  2004-02-25  NAS100  1,464.00  1,476.00  1,458.00  1,472.00      8.50        0.58   264,482.00
1182  2004-02-26  NAS100  1,472.00  1,482.00  1,460.50  1,475.50      3.50        0.24   285,379.00
1183  2004-02-27  NAS100  1,475.50  1,486.50  1,459.50  1,471.50     -4.00       -0.27   345,373.00
1184  2004-03-01  NAS100  1,473.00  1,491.50  1,467.00  1,490.00     18.50        1.26   314,642.00
1185  2004-03-02  NAS100  1,490.50  1,496.00  1,473.00  1,473.00    -17.00       -1.14   314,302.00
1186  2004-03-03  NAS100  1,472.50  1,475.00  1,456.50  1,464.00     -9.00       -0.61   305,319.00
1187  2004-03-04  NAS100  1,465.50  1,482.00  1,463.50  1,477.50     13.50        0.92   192,528.00
1188  2004-03-05  NAS100  1,474.00  1,494.50  1,459.00  1,474.50     -3.00       -0.20   406,344.00
1189  2004-03-08  NAS100  1,475.00  1,482.00  1,437.00  1,437.50    -37.00       -2.51   392,509.00
1190  2004-03-09  NAS100  1,439.50  1,447.00  1,428.50  1,435.00     -2.50       -0.17   454,907.00
1191  2004-03-10  NAS100  1,436.00  1,448.50  1,413.00  1,414.50    -20.50       -1.43   455,642.00
1192  2004-03-11  NAS100  1,415.00  1,429.00  1,395.50  1,403.00    -11.50       -0.81   133,625.00
1193  2004-03-12  NAS100  1,403.00  1,431.00  1,397.50  1,429.00     26.00        1.85    52,945.00
1194  2004-03-15  NAS100  1,425.00  1,431.00  1,400.50  1,405.00    -24.00       -1.68    27,787.00
1195  2004-03-16  NAS100  1,408.00  1,421.00  1,395.50  1,408.00      3.00        0.21   383,244.00
1196  2004-03-17  NAS100  1,408.50  1,435.50  1,408.50  1,431.50     23.50        1.67   276,345.00
1197  2004-03-18  NAS100  1,431.00  1,432.50  1,409.00  1,425.00     -6.50       -0.45   389,443.00
1198  2004-03-19  NAS100  1,424.50  1,432.00  1,398.50  1,400.00    -25.00       -1.75   299,916.00
1199  2004-03-22  NAS100  1,399.50  1,400.00  1,371.00  1,382.50    -17.50       -1.25   361,570.00
1200  2004-03-23  NAS100  1,382.50  1,396.00  1,369.50  1,371.50    -11.00       -0.80   346,784.00
1201  2004-03-24  NAS100  1,372.00  1,395.50  1,365.50  1,386.50     15.00        1.09   379,568.00
1202  2004-03-25  NAS100  1,386.00  1,429.00  1,383.00  1,424.50     38.00        2.74   330,419.00
1203  2004-03-26  NAS100  1,425.00  1,434.00  1,418.50  1,419.50     -5.00       -0.35   330,419.00
1204  2004-03-29  NAS100  1,420.50  1,449.00  1,420.00  1,443.50     24.00        1.69   273,802.00
1205  2004-03-30  NAS100  1,443.50  1,448.00  1,430.50  1,447.00      3.50        0.24   213,651.00
1206  2004-03-31  NAS100  1,447.00  1,454.00  1,434.00  1,441.50     -5.50       -0.38   246,968.00
1207  2004-04-01  NAS100  1,443.50  1,460.00  1,438.00  1,458.50     17.00        1.18   260,272.00
1208  2004-04-02  NAS100  1,458.50  1,496.50  1,454.50  1,495.00     36.50        2.50   398,772.00
1209  2004-04-05  NAS100  1,493.50  1,511.00  1,487.50  1,509.00     14.00        0.94   221,521.00
1210  2004-04-06  NAS100  1,507.50  1,509.50  1,487.00  1,488.50    -20.50       -1.36   226,171.00
1211  2004-04-07  NAS100  1,488.50  1,495.00  1,477.00  1,490.00      1.50        0.10   277,566.00
1212  2004-04-08  NAS100  1,487.00  1,507.50  1,480.00  1,489.50     -0.50       -0.03   237,246.00
1213  2004-04-12  NAS100  1,489.00  1,500.00  1,485.00  1,497.50      8.00        0.54   141,861.00
1214  2004-04-13  NAS100  1,497.50  1,508.50  1,471.00  1,476.50    -21.00       -1.40   293,588.00
1215  2004-04-14  NAS100  1,473.50  1,488.00  1,462.00  1,483.50      7.00        0.47   359,881.00
1216  2004-04-15  NAS100  1,482.50  1,488.00  1,450.50  1,456.00    -27.50       -1.85   355,058.00
1217  2004-04-16  NAS100  1,452.50  1,462.50  1,442.00  1,453.50     -2.50       -0.17   283,074.00
1218  2004-04-19  NAS100  1,450.50  1,473.50  1,446.00  1,471.00     17.50        1.20   222,671.00
1219  2004-04-20  NAS100  1,470.50  1,482.00  1,435.00  1,437.50    -33.50       -2.28   340,496.00
1220  2004-04-21  NAS100  1,440.00  1,454.50  1,435.50  1,448.50     11.00        0.77   346,730.00
1221  2004-04-22  NAS100  1,456.00  1,491.00  1,444.50  1,484.00     35.50        2.45   402,952.00
1222  2004-04-23  NAS100  1,495.50  1,501.00  1,486.00  1,498.00     14.00        0.94   273,095.00
1223  2004-04-26  NAS100  1,497.00  1,502.00  1,476.00  1,489.50     -8.50       -0.57   252,066.00
1224  2004-04-27  NAS100  1,489.00  1,498.00  1,477.50  1,484.50     -5.00       -0.34   293,249.00
1225  2004-04-28  NAS100  1,484.50  1,485.00  1,450.00  1,458.00    -26.50       -1.79   367,180.00
1226  2004-04-29  NAS100  1,456.50  1,462.50  1,421.50  1,436.00    -22.00       -1.51   446,471.00
1227  2004-04-30  NAS100  1,434.50  1,443.00  1,399.50  1,403.00    -33.00       -2.30   385,509.00
1228  2004-05-03  NAS100  1,399.50  1,430.00  1,399.50  1,414.50     11.50        0.82   305,892.00
1229  2004-05-04  NAS100  1,413.50  1,439.50  1,410.50  1,419.00      4.50        0.32   368,154.00
1230  2004-05-05  NAS100  1,419.50  1,437.00  1,411.50  1,432.00     13.00        0.92   308,423.00
1231  2004-05-06  NAS100  1,432.50  1,433.50  1,403.50  1,419.00    -13.00       -0.91   310,532.00
1232  2004-05-07  NAS100  1,418.50  1,434.50  1,404.50  1,406.00    -13.00       -0.92   408,900.00
1233  2004-05-10  NAS100  1,405.00  1,406.50  1,384.00  1,395.50    -10.50       -0.75   454,962.00
1234  2004-05-11  NAS100  1,395.50  1,424.50  1,394.00  1,416.00     20.50        1.47   335,942.00
1235  2004-05-12  NAS100  1,419.00  1,423.00  1,378.50  1,419.00      3.00        0.21   550,015.00
1236  2004-05-13  NAS100  1,418.50  1,426.50  1,405.50  1,409.50     -9.50       -0.67   352,935.00
1237  2004-05-14  NAS100  1,409.50  1,421.50  1,393.50  1,400.00     -9.50       -0.67   370,217.00
1238  2004-05-17  NAS100  1,398.50  1,401.00  1,372.50  1,386.50    -13.50       -0.96   360,430.00
1239  2004-05-18  NAS100  1,385.50  1,405.00  1,385.00  1,398.00     11.50        0.83   265,469.00
1240  2004-05-19  NAS100  1,398.50  1,429.00  1,393.00  1,396.00     -2.00       -0.14   371,693.00
1241  2004-05-20  NAS100  1,394.50  1,409.00  1,390.00  1,402.00      6.00        0.43   294,556.00
1242  2004-05-21  NAS100  1,401.00  1,415.50  1,397.50  1,408.50      6.50        0.46   248,850.00
1243  2004-05-24  NAS100  1,407.50  1,426.50  1,407.50  1,418.00      9.50        0.67   334,195.00
1244  2004-05-25  NAS100  1,418.00  1,451.50  1,406.00  1,446.00     28.00        1.97   389,632.00
1245  2004-05-26  NAS100  1,446.00  1,457.00  1,438.50  1,455.50      9.50        0.66   262,489.00
1246  2004-05-27  NAS100  1,455.00  1,468.50  1,450.50  1,467.00     11.50        0.79   311,661.00
1247  2004-05-28  NAS100  1,465.50  1,471.50  1,457.00  1,467.00      0.00        0.00   311,661.00
1248  2004-05-31  NAS100  1,466.50  1,470.00  1,463.00  1,468.00      1.00        0.07   139,193.00
1249  2004-06-01  NAS100  1,466.00  1,470.50  1,453.00  1,469.00      1.00        0.07   250,987.00
1250  2004-06-02  NAS100  1,466.50  1,476.00  1,455.00  1,465.50     -3.50       -0.24   301,127.00
1251  2004-06-03  NAS100  1,465.50  1,467.50  1,441.50  1,443.00    -22.50       -1.54   290,141.00
1252  2004-06-04  NAS100  1,448.50  1,473.50  1,444.50  1,456.50     13.50        0.94   286,793.00
1253  2004-06-07  NAS100  1,454.50  1,493.00  1,454.00  1,491.00     34.50        2.37   256,653.00
1254  2004-06-08  NAS100  1,491.00  1,496.50  1,482.50  1,492.50      1.50        0.10   230,306.00
1255  2004-06-09  NAS100  1,492.50  1,495.00  1,468.50  1,471.50    -21.00       -1.41   296,221.00
1256  2004-06-10  NAS100  1,472.00  1,485.00  1,468.00  1,482.00     10.50        0.71   296,221.00
1257  2004-06-11  NAS100  1,485.00  1,485.00  1,474.50  1,482.00      0.00        0.00   296,221.00
1258  2004-06-14  NAS100  1,475.00  1,480.50  1,451.50  1,461.50    -20.50       -1.38    54,944.00
1259  2004-06-15  NAS100  1,465.00  1,493.50  1,464.00  1,485.00     23.50        1.61   297,916.00
1260  2004-06-16  NAS100  1,484.50  1,491.00  1,478.50  1,482.00     -3.00       -0.20   181,253.00
1261  2004-06-17  NAS100  1,480.50  1,482.50  1,462.50  1,469.50    -12.50       -0.84   252,929.00
1262  2004-06-18  NAS100  1,469.50  1,486.50  1,460.50  1,468.00     -1.50       -0.10   246,258.00
1263  2004-06-21  NAS100  1,469.00  1,479.00  1,454.50  1,458.00    -10.00       -0.68   162,211.00
1264  2004-06-22  NAS100  1,458.50  1,481.00  1,452.50  1,479.50     21.50        1.47   284,062.00
1265  2004-06-23  NAS100  1,479.00  1,500.00  1,472.50  1,496.50     17.00        1.15   271,531.00
1266  2004-06-24  NAS100  1,496.50  1,506.50  1,489.50  1,493.50     -3.00       -0.20   265,668.00
1267  2004-06-25  NAS100  1,494.00  1,508.50  1,491.00  1,505.50     12.00        0.80   265,565.00
1268  2004-06-28  NAS100  1,504.50  1,521.00  1,488.50  1,493.50    -12.00       -0.80   318,937.00
1269  2004-06-29  NAS100  1,493.00  1,512.00  1,488.50  1,507.50     14.00        0.94   251,841.00
1270  2004-06-30  NAS100  1,507.50  1,528.50  1,506.00  1,521.00     13.50        0.90   287,221.00
1271  2004-07-01  NAS100  1,521.50  1,525.50  1,483.00  1,494.00    -27.00       -1.78   382,500.00
1272  2004-07-02  NAS100  1,492.00  1,497.00  1,477.00  1,488.00     -6.00       -0.40   382,500.00
1273  2004-07-05  NAS100  1,489.50  1,489.50  1,483.50  1,488.50      0.50        0.03   240,753.00
1274  2004-07-06  NAS100  1,489.50  1,493.00  1,445.00  1,453.50    -35.00       -2.35   380,227.00
1275  2004-07-07  NAS100  1,453.00  1,463.00  1,448.50  1,454.00      0.50        0.03   239,489.00
1276  2004-07-08  NAS100  1,453.50  1,456.00  1,433.50  1,438.50    -15.50       -1.07   355,348.00
1277  2004-07-09  NAS100  1,438.50  1,453.00  1,436.50  1,442.00      3.50        0.24   256,429.00
1278  2004-07-12  NAS100  1,444.50  1,446.00  1,421.00  1,434.00     -8.00       -0.55   316,082.00
1279  2004-07-13  NAS100  1,435.00  1,443.50  1,428.50  1,434.00      0.00        0.00   265,902.00
1280  2004-07-14  NAS100  1,426.00  1,436.50  1,413.50  1,419.00    -15.00       -1.05   389,428.00
1281  2004-07-15  NAS100  1,421.00  1,430.00  1,413.50  1,414.00     -5.00       -0.35   337,908.00
1282  2004-07-16  NAS100  1,417.00  1,428.00  1,394.50  1,397.50    -16.50       -1.17   362,050.00
1283  2004-07-19  NAS100  1,398.00  1,409.50  1,389.50  1,395.00     -2.50       -0.18   314,285.00
1284  2004-07-20  NAS100  1,396.00  1,434.50  1,391.00  1,427.50     32.50        2.33   314,555.00
1285  2004-07-21  NAS100  1,428.00  1,438.00  1,385.50  1,386.50    -41.00       -2.87   424,125.00
1286  2004-07-22  NAS100  1,382.50  1,414.00  1,380.00  1,405.50     19.00        1.37   429,625.00
1287  2004-07-23  NAS100  1,398.00  1,400.50  1,371.50  1,378.00    -27.50       -1.96   345,337.00
1288  2004-07-26  NAS100  1,381.00  1,388.00  1,360.00  1,373.00     -5.00       -0.36   383,690.00
1289  2004-07-27  NAS100  1,373.50  1,398.00  1,372.50  1,390.50     17.50        1.27   349,128.00
1290  2004-07-28  NAS100  1,391.00  1,395.00  1,361.50  1,385.00     -5.50       -0.40   428,480.00
1291  2004-07-29  NAS100  1,384.50  1,406.50  1,380.00  1,401.50     16.50        1.19   342,856.00
1292  2004-07-30  NAS100  1,402.50  1,414.00  1,393.00  1,402.50      1.00        0.07   272,122.00
1293  2004-08-02  NAS100  1,400.00  1,410.50  1,387.50  1,407.00      4.50        0.32   290,163.00
1294  2004-08-03  NAS100  1,406.50  1,408.00  1,376.50  1,378.50    -28.50       -2.03   316,830.00
1295  2004-08-04  NAS100  1,378.50  1,388.50  1,369.00  1,379.00      0.50        0.04   271,446.00
1296  2004-08-05  NAS100  1,379.00  1,386.50  1,353.00  1,354.00    -25.00       -1.81   301,061.00
1297  2004-08-06  NAS100  1,353.00  1,360.50  1,315.50  1,317.50    -36.50       -2.70   400,335.00
1298  2004-08-09  NAS100  1,320.00  1,327.00  1,315.50  1,320.50      3.00        0.23   251,493.00
1299  2004-08-10  NAS100  1,321.00  1,348.50  1,320.50  1,336.50     16.00        1.21   267,785.00
1300  2004-08-11  NAS100  1,336.50  1,337.00  1,310.50  1,326.50    -10.00       -0.75   344,867.00
1301  2004-08-12  NAS100  1,325.00  1,331.50  1,303.00  1,308.50    -18.00       -1.36   379,426.00
1302  2004-08-13  NAS100  1,310.50  1,317.50  1,302.00  1,311.50      3.00        0.23   261,429.00
1303  2004-08-16  NAS100  1,311.50  1,336.50  1,303.50  1,322.00     10.50        0.80   233,782.00
1304  2004-08-17  NAS100  1,323.00  1,345.50  1,319.00  1,338.50     16.50        1.25   283,269.00
1305  2004-08-18  NAS100  1,338.50  1,364.50  1,328.50  1,361.50     23.00        1.72   350,754.00
1306  2004-08-19  NAS100  1,361.50  1,364.50  1,345.00  1,355.50     -6.00       -0.44   306,700.00
1307  2004-08-20  NAS100  1,355.00  1,374.00  1,348.00  1,367.50     12.00        0.89   262,203.00
1308  2004-08-23  NAS100  1,367.50  1,379.50  1,364.50  1,371.50      4.00        0.29   251,210.00
1309  2004-08-24  NAS100  1,371.50  1,380.00  1,361.00  1,373.50      2.00        0.15   297,403.00
1310  2004-08-25  NAS100  1,372.50  1,392.50  1,364.50  1,390.00     16.50        1.20   251,043.00
1311  2004-08-26  NAS100  1,389.50  1,390.50  1,380.00  1,383.00     -7.00       -0.50   180,523.00
1312  2004-08-27  NAS100  1,383.00  1,395.00  1,380.00  1,390.00      7.00        0.51   164,684.00
1313  2004-08-30  NAS100  1,389.50  1,391.00  1,365.00  1,367.00    -23.00       -1.65   212,533.00
1314  2004-08-31  NAS100  1,367.50  1,373.00  1,354.00  1,370.00      3.00        0.22   238,090.00
1315  2004-09-01  NAS100  1,369.50  1,386.00  1,360.00  1,378.00      8.00        0.58   309,584.00
1316  2004-09-02  NAS100  1,377.50  1,403.50  1,374.00  1,398.00     20.00        1.45   205,485.00
1317  2004-09-03  NAS100  1,387.00  1,394.00  1,369.50  1,375.00    -23.00       -1.65   205,485.00
1318  2004-09-06  NAS100  1,374.50  1,381.50  1,373.00  1,381.50      6.50        0.47   248,707.00
1319  2004-09-07  NAS100  1,374.50  1,392.00  1,372.00  1,384.00      2.50        0.18   301,303.00
1320  2004-09-08  NAS100  1,384.00  1,395.00  1,374.00  1,380.50     -3.50       -0.25   369,796.00
1321  2004-09-09  NAS100  1,379.50  1,397.50  1,372.50  1,391.00     10.50        0.76   151,484.00
1322  2004-09-10  NAS100  1,390.00  1,416.00  1,386.50  1,413.50     22.50        1.62    59,516.00
1323  2004-09-13  NAS100  1,414.00  1,437.00  1,410.50  1,431.50     18.00        1.27    47,010.00
1324  2004-09-14  NAS100  1,435.50  1,442.50  1,428.00  1,438.50      7.00        0.49   279,327.00
1325  2004-09-15  NAS100  1,440.00  1,440.00  1,417.00  1,423.00    -15.50       -1.08   271,623.00
1326  2004-09-16  NAS100  1,423.00  1,435.50  1,418.00  1,425.50      2.50        0.18   226,926.00
1327  2004-09-17  NAS100  1,425.00  1,433.50  1,419.00  1,429.00      3.50        0.25   230,202.00
1328  2004-09-20  NAS100  1,429.50  1,443.00  1,420.50  1,431.50      2.50        0.17   350,334.00
1329  2004-09-21  NAS100  1,433.50  1,446.50  1,428.00  1,435.50      4.00        0.28   275,855.00
1330  2004-09-22  NAS100  1,435.00  1,436.50  1,407.00  1,411.00    -24.50       -1.71   323,095.00
1331  2004-09-23  NAS100  1,410.50  1,419.00  1,407.00  1,409.50     -1.50       -0.11   283,524.00
1332  2004-09-24  NAS100  1,408.00  1,420.00  1,401.50  1,404.50     -5.00       -0.35   280,567.00
1333  2004-09-27  NAS100  1,404.50  1,409.50  1,386.50  1,391.50    -13.00       -0.93   280,021.00
1334  2004-09-28  NAS100  1,392.00  1,399.00  1,381.00  1,393.50      2.00        0.14   301,245.00
1335  2004-09-29  NAS100  1,393.50  1,417.00  1,389.50  1,415.50     22.00        1.58   319,050.00
1336  2004-09-30  NAS100  1,415.00  1,422.50  1,407.50  1,417.50      2.00        0.14   246,324.00
1337  2004-10-01  NAS100  1,417.00  1,458.00  1,412.00  1,456.50     39.00        2.75   352,629.00
1338  2004-10-04  NAS100  1,456.00  1,477.00  1,455.50  1,464.00      7.50        0.51   249,580.00
1339  2004-10-05  NAS100  1,464.50  1,472.00  1,458.50  1,468.00      4.00        0.27   257,052.00
1340  2004-10-06  NAS100  1,468.00  1,479.50  1,456.50  1,479.00     11.00        0.75   303,243.00
1341  2004-10-07  NAS100  1,479.00  1,479.50  1,458.50  1,462.50    -16.50       -1.12   273,443.00
1342  2004-10-08  NAS100  1,462.50  1,469.50  1,431.50  1,435.50    -27.00       -1.85   355,373.00
1343  2004-10-11  NAS100  1,435.50  1,445.50  1,435.00  1,442.50      7.00        0.49   123,764.00
1344  2004-10-12  NAS100  1,443.00  1,443.00  1,419.00  1,439.50     -3.00       -0.21   363,557.00
1345  2004-10-13  NAS100  1,443.00  1,457.50  1,428.50  1,437.00     -2.50       -0.17   448,917.00
1346  2004-10-14  NAS100  1,435.00  1,441.50  1,424.50  1,430.50     -6.50       -0.45   368,478.00
1347  2004-10-15  NAS100  1,428.50  1,446.00  1,422.00  1,436.00      5.50        0.38   354,111.00
1348  2004-10-18  NAS100  1,436.50  1,461.00  1,424.00  1,457.00     21.00        1.46   375,694.00
1349  2004-10-19  NAS100  1,457.50  1,474.00  1,443.00  1,446.00    -11.00       -0.75   449,980.00
1350  2004-10-20  NAS100  1,445.00  1,460.00  1,436.50  1,452.50      6.50        0.45   421,694.00
1351  2004-10-21  NAS100  1,451.50  1,482.50  1,448.50  1,475.50     23.00        1.58   404,308.00
1352  2004-10-22  NAS100  1,469.00  1,481.50  1,440.50  1,443.50    -32.00       -2.17   367,900.00
1353  2004-10-25  NAS100  1,443.50  1,443.50  1,429.50  1,435.00     -8.50       -0.59   352,398.00
1354  2004-10-26  NAS100  1,435.00  1,444.50  1,426.50  1,443.50      8.50        0.59   387,967.00
1355  2004-10-27  NAS100  1,444.00  1,487.00  1,437.50  1,479.50     36.00        2.49   471,316.00
1356  2004-10-28  NAS100  1,479.50  1,495.50  1,472.00  1,489.50     10.00        0.68   351,626.00
1357  2004-10-29  NAS100  1,490.00  1,500.50  1,477.50  1,490.00      0.50        0.03   285,547.00
1358  2004-11-01  NAS100  1,481.00  1,498.50  1,481.00  1,491.50      1.50        0.10   215,086.00
1359  2004-11-02  NAS100  1,492.00  1,513.00  1,488.00  1,498.00      6.50        0.44   336,516.00
1360  2004-11-03  NAS100  1,498.00  1,529.50  1,493.50  1,508.00     10.00        0.67   418,016.00
1361  2004-11-04  NAS100  1,505.00  1,522.50  1,494.50  1,515.00      7.00        0.46   373,131.00
1362  2004-11-05  NAS100  1,515.00  1,538.50  1,514.00  1,530.50     15.50        1.02   384,075.00
1363  2004-11-08  NAS100  1,530.00  1,535.00  1,523.00  1,531.00      0.50        0.03   244,862.00
1364  2004-11-09  NAS100  1,531.00  1,537.00  1,522.50  1,526.50     -4.50       -0.29   244,852.00
1365  2004-11-10  NAS100  1,526.50  1,533.00  1,516.00  1,522.50     -4.00       -0.26   315,805.00
1366  2004-11-11  NAS100  1,522.00  1,545.00  1,519.50  1,541.00     18.50        1.22   240,431.00
1367  2004-11-12  NAS100  1,541.00  1,558.00  1,537.50  1,555.50     14.50        0.94   289,789.00
1368  2004-11-15  NAS100  1,557.00  1,565.00  1,551.50  1,563.50      8.00        0.51   236,699.00
1369  2004-11-16  NAS100  1,562.50  1,564.00  1,543.50  1,555.50     -8.00       -0.51   284,017.00
1370  2004-11-17  NAS100  1,556.00  1,583.00  1,556.00  1,574.50     19.00        1.22   376,929.00
1371  2004-11-18  NAS100  1,575.00  1,584.50  1,565.50  1,582.50      8.00        0.51   281,138.00
1372  2004-11-19  NAS100  1,582.00  1,582.50  1,553.00  1,558.00    -24.50       -1.55   277,523.00
1373  2004-11-22  NAS100  1,555.50  1,572.50  1,547.00  1,571.50     13.50        0.87   232,637.00
1374  2004-11-23  NAS100  1,571.00  1,575.50  1,554.00  1,570.00     -1.50       -0.10   268,583.00
1375  2004-11-24  NAS100  1,570.00  1,585.50  1,569.50  1,582.50     12.50        0.80   268,583.00
1376  2004-11-25  NAS100  1,582.00  1,593.50  1,580.00  1,592.00      9.50        0.60   162,828.00
1377  2004-11-26  NAS100  1,582.00  1,594.00  1,577.50  1,577.50    -14.50       -0.91    68,610.00
1378  2004-11-29  NAS100  1,577.50  1,596.50  1,568.50  1,577.50      0.00        0.00   305,902.00
1379  2004-11-30  NAS100  1,578.50  1,585.50  1,572.00  1,573.00     -4.50       -0.29   282,261.00
1380  2004-12-01  NAS100  1,578.50  1,609.00  1,574.50  1,602.50     29.50        1.88   289,472.00
1381  2004-12-02  NAS100  1,603.00  1,625.50  1,599.00  1,613.00     10.50        0.66   312,445.00
1382  2004-12-03  NAS100  1,626.00  1,633.50  1,611.00  1,611.50     -1.50       -0.09   368,299.00
1383  2004-12-06  NAS100  1,611.00  1,627.00  1,606.00  1,618.50      7.00        0.43   216,620.00
1384  2004-12-07  NAS100  1,619.00  1,629.00  1,591.00  1,593.00    -25.50       -1.58   378,076.00
1385  2004-12-08  NAS100  1,592.50  1,608.50  1,588.00  1,602.50      9.50        0.60   354,201.00
1386  2004-12-09  NAS100  1,601.50  1,617.00  1,578.00  1,606.50      4.00        0.25   174,422.00
1387  2004-12-10  NAS100  1,608.50  1,611.50  1,599.50  1,608.50      2.00        0.12    54,395.00
1388  2004-12-13  NAS100  1,608.50  1,623.00  1,608.00  1,622.50     14.00        0.87    38,527.00
1389  2004-12-14  NAS100  1,631.00  1,641.50  1,625.50  1,635.00     12.50        0.77   252,235.00
1390  2004-12-15  NAS100  1,636.00  1,645.00  1,623.00  1,633.00     -2.00       -0.12   289,085.00
1391  2004-12-16  NAS100  1,631.50  1,635.50  1,609.50  1,620.50    -12.50       -0.77   268,962.00
1392  2004-12-17  NAS100  1,619.50  1,624.50  1,610.00  1,610.50    -10.00       -0.62   260,045.00
1393  2004-12-20  NAS100  1,610.00  1,623.50  1,595.00  1,604.00     -6.50       -0.40   242,685.00
1394  2004-12-21  NAS100  1,603.50  1,620.50  1,602.00  1,616.00     12.00        0.75   211,176.00
1395  2004-12-22  NAS100  1,615.00  1,629.00  1,611.00  1,616.00      0.00        0.00   188,070.00
1396  2004-12-23  NAS100  1,617.00  1,628.00  1,613.50  1,618.50      2.50        0.15   111,651.00
1397  2004-12-27  NAS100  1,620.00  1,632.00  1,607.00  1,617.00     -1.50       -0.09   159,712.00
1398  2004-12-28  NAS100  1,616.50  1,632.50  1,615.00  1,630.00     13.00        0.80   119,124.00
1399  2004-12-29  NAS100  1,629.50  1,638.50  1,627.50  1,633.50      3.50        0.21    96,588.00
1400  2004-12-30  NAS100  1,633.50  1,638.00  1,626.00  1,628.00     -5.50       -0.34    73,636.00
1401  2004-12-31  NAS100  1,628.50  1,636.50  1,620.50  1,628.50      0.50        0.03    70,287.00
1402  2005-01-03  NAS100  1,628.00  1,644.00  1,605.00  1,615.50    -13.00       -0.80   365,482.00
1403  2005-01-04  NAS100  1,614.00  1,620.00  1,571.50  1,582.50    -33.00       -2.04   452,423.00
1404  2005-01-05  NAS100  1,582.50  1,588.00  1,564.50  1,565.50    -17.00       -1.07   381,192.00
1405  2005-01-06  NAS100  1,566.50  1,577.50  1,561.50  1,563.00     -2.50       -0.16   304,750.00
1406  2005-01-07  NAS100  1,562.50  1,584.50  1,557.50  1,567.50      4.50        0.29   384,047.00
1407  2005-01-10  NAS100  1,570.50  1,584.50  1,564.00  1,568.00      0.50        0.03   350,171.00
1408  2005-01-11  NAS100  1,568.50  1,572.00  1,551.00  1,559.00     -9.00       -0.57   363,019.00
1409  2005-01-12  NAS100  1,565.50  1,573.00  1,547.50  1,568.00      9.00        0.58   413,658.00
1410  2005-01-13  NAS100  1,570.00  1,576.50  1,547.50  1,550.00    -18.00       -1.15   350,336.00
1411  2005-01-14  NAS100  1,549.00  1,569.50  1,548.00  1,562.50     12.50        0.81   230,421.00
1412  2005-01-18  NAS100  1,564.50  1,580.50  1,556.00  1,576.00     13.50        0.86   314,393.00
1413  2005-01-19  NAS100  1,576.50  1,580.50  1,541.50  1,542.50    -33.50       -2.13   354,592.00
1414  2005-01-20  NAS100  1,534.50  1,540.00  1,519.00  1,522.50    -20.00       -1.30   431,172.00
1415  2005-01-21  NAS100  1,524.50  1,531.00  1,506.00  1,509.50    -13.00       -0.85   374,382.00
1416  2005-01-24  NAS100  1,510.00  1,514.50  1,484.50  1,491.00    -18.50       -1.23   446,505.00
1417  2005-01-25  NAS100  1,491.00  1,510.00  1,491.00  1,495.00      4.00        0.27   315,967.00
1418  2005-01-26  NAS100  1,495.50  1,518.00  1,495.00  1,506.50     11.50        0.77   338,921.00
1419  2005-01-27  NAS100  1,508.00  1,517.50  1,500.50  1,509.00      2.50        0.17   320,937.00
1420  2005-01-28  NAS100  1,511.00  1,518.00  1,489.50  1,509.50      0.50        0.03   399,150.00
1421  2005-01-31  NAS100  1,513.00  1,528.00  1,512.50  1,524.00     14.50        0.96   281,539.00
1422  2005-02-01  NAS100  1,522.50  1,532.50  1,520.50  1,529.50      5.50        0.36   251,733.00
1423  2005-02-02  NAS100  1,529.00  1,535.50  1,518.00  1,524.50     -5.00       -0.33   281,107.00
1424  2005-02-03  NAS100  1,521.50  1,525.00  1,504.50  1,511.50    -13.00       -0.85   289,204.00
1425  2005-02-04  NAS100  1,511.50  1,539.00  1,506.50  1,534.00     22.50        1.49   298,528.00
1426  2005-02-07  NAS100  1,537.50  1,542.00  1,525.50  1,530.50     -3.50       -0.23   249,696.00
1427  2005-02-08  NAS100  1,532.00  1,546.50  1,527.00  1,529.50     -1.00       -0.07   263,013.00
1428  2005-02-09  NAS100  1,527.50  1,537.50  1,507.00  1,509.00    -20.50       -1.34   340,971.00
1429  2005-02-10  NAS100  1,508.50  1,517.50  1,499.50  1,506.50     -2.50       -0.17   336,055.00
1430  2005-02-11  NAS100  1,506.00  1,539.50  1,501.00  1,534.00     27.50        1.83   404,396.00
1431  2005-02-14  NAS100  1,536.50  1,543.00  1,532.00  1,537.50      3.50        0.23   207,377.00
1432  2005-02-15  NAS100  1,538.00  1,565.00  1,536.50  1,548.50     11.00        0.72   447,908.00
1433  2005-02-16  NAS100  1,548.00  1,553.00  1,537.00  1,545.50     -3.00       -0.19   311,878.00
1434  2005-02-17  NAS100  1,546.50  1,550.00  1,521.00  1,524.00    -21.50       -1.39   389,644.00
1435  2005-02-18  NAS100  1,523.50  1,529.50  1,514.00  1,517.00     -7.00       -0.46   239,207.00
1436  2005-02-22  NAS100  1,518.50  1,526.00  1,494.50  1,502.00    -15.00       -0.99   449,626.00
1437  2005-02-23  NAS100  1,501.00  1,509.00  1,490.50  1,501.50     -0.50       -0.03   361,028.00
1438  2005-02-24  NAS100  1,501.50  1,521.00  1,493.50  1,518.50     17.00        1.13   351,655.00
1439  2005-02-25  NAS100  1,519.00  1,532.00  1,514.50  1,531.00     12.50        0.82   276,273.00
1440  2005-02-28  NAS100  1,530.50  1,536.00  1,499.50  1,513.00    -18.00       -1.18   397,434.00
1441  2005-03-01  NAS100  1,513.50  1,532.00  1,511.00  1,529.00     16.00        1.06   312,672.00
1442  2005-03-02  NAS100  1,528.50  1,543.50  1,517.00  1,525.00     -4.00       -0.26   337,292.00
1443  2005-03-03  NAS100  1,525.00  1,532.50  1,502.50  1,514.00    -11.00       -0.72   342,044.00
1444  2005-03-04  NAS100  1,513.50  1,533.00  1,511.50  1,525.00     11.00        0.73   279,535.00
1445  2005-03-07  NAS100  1,528.00  1,555.00  1,524.00  1,544.50     19.50        1.28   348,966.00
1446  2005-03-08  NAS100  1,544.00  1,551.50  1,528.50  1,532.00    -12.50       -0.81   304,965.00
1447  2005-03-09  NAS100  1,533.00  1,540.00  1,520.50  1,524.00     -8.00       -0.52   340,591.00
1448  2005-03-10  NAS100  1,523.50  1,528.50  1,504.50  1,524.50      0.50        0.03   154,611.00
1449  2005-03-11  NAS100  1,531.50  1,535.00  1,502.00  1,509.00    -15.50       -1.02    73,087.00
1450  2005-03-14  NAS100  1,509.00  1,516.50  1,503.00  1,515.50      6.50        0.43    36,045.00
1451  2005-03-15  NAS100  1,525.50  1,532.00  1,510.50  1,514.00     -1.50       -0.10   347,282.00
1452  2005-03-16  NAS100  1,513.50  1,520.00  1,491.00  1,495.50    -18.50       -1.22   439,027.00
1453  2005-03-17  NAS100  1,495.50  1,506.50  1,491.50  1,498.00      2.50        0.17   293,306.00
1454  2005-03-18  NAS100  1,498.50  1,503.50  1,483.00  1,491.00     -7.00       -0.47   318,215.00
1455  2005-03-21  NAS100  1,492.50  1,500.00  1,479.00  1,488.50     -2.50       -0.17   315,582.00
1456  2005-03-22  NAS100  1,487.00  1,499.50  1,473.00  1,474.50    -14.00       -0.94   302,046.00
1457  2005-03-23  NAS100  1,473.50  1,489.00  1,463.50  1,479.00      4.50        0.31   309,758.00
1458  2005-03-24  NAS100  1,479.00  1,495.00  1,478.00  1,480.00      1.00        0.07   216,970.00
1459  2005-03-28  NAS100  1,482.00  1,494.00  1,479.50  1,481.00      1.00        0.07   202,004.00
1460  2005-03-29  NAS100  1,481.00  1,492.50  1,465.50  1,477.00     -4.00       -0.27   348,328.00
1461  2005-03-30  NAS100  1,477.00  1,500.50  1,475.00  1,499.00     22.00        1.49   338,278.00
1462  2005-03-31  NAS100  1,499.00  1,504.50  1,485.50  1,491.00     -8.00       -0.53   282,370.00
1463  2005-04-01  NAS100  1,491.50  1,508.00  1,473.00  1,480.00    -11.00       -0.74   400,198.00
1464  2005-04-04  NAS100  1,478.00  1,490.00  1,468.50  1,485.00      5.00        0.34   279,498.00
1465  2005-04-05  NAS100  1,486.50  1,495.00  1,484.50  1,491.50      6.50        0.44   218,188.00
1466  2005-04-06  NAS100  1,491.50  1,505.00  1,484.50  1,493.00      1.50        0.10   317,053.00
1467  2005-04-07  NAS100  1,493.50  1,510.00  1,486.00  1,509.00     16.00        1.07   281,366.00
1468  2005-04-08  NAS100  1,510.00  1,511.50  1,491.50  1,493.50    -15.50       -1.03   238,889.00
1469  2005-04-11  NAS100  1,492.00  1,499.00  1,483.00  1,485.00     -8.50       -0.57   238,889.00
1470  2005-04-12  NAS100  1,485.50  1,497.50  1,466.00  1,493.50      8.50        0.57   438,242.00
1471  2005-04-13  NAS100  1,494.00  1,495.00  1,465.50  1,470.00    -23.50       -1.57   348,012.00
1472  2005-04-14  NAS100  1,470.00  1,474.50  1,439.00  1,441.00    -29.00       -1.97   476,056.00
1473  2005-04-15  NAS100  1,440.50  1,441.00  1,412.50  1,414.50    -26.50       -1.84   491,774.00
1474  2005-04-18  NAS100  1,414.50  1,424.50  1,400.50  1,414.50      0.00        0.00   405,134.00
1475  2005-04-19  NAS100  1,415.00  1,429.50  1,414.00  1,426.00     11.50        0.81   311,986.00
1476  2005-04-20  NAS100  1,432.00  1,439.50  1,408.50  1,414.50    -11.50       -0.81   445,770.00
1477  2005-04-21  NAS100  1,411.50  1,454.50  1,409.50  1,449.00     34.50        2.44   398,200.00
1478  2005-04-22  NAS100  1,448.50  1,451.00  1,417.00  1,431.50    -17.50       -1.21   333,265.00
1479  2005-04-25  NAS100  1,430.50  1,444.00  1,430.00  1,441.50     10.00        0.70   242,325.00
1480  2005-04-26  NAS100  1,442.00  1,452.00  1,425.00  1,429.00    -12.50       -0.87   344,775.00
1481  2005-04-27  NAS100  1,427.50  1,434.50  1,413.50  1,427.00     -2.00       -0.14   332,839.00
1482  2005-04-28  NAS100  1,428.00  1,430.50  1,411.50  1,412.50    -14.50       -1.02   300,280.00
1483  2005-04-29  NAS100  1,416.00  1,427.50  1,397.50  1,425.50     13.00        0.92   392,863.00
1484  2005-05-02  NAS100  1,426.00  1,439.00  1,419.00  1,427.50      2.00        0.14   215,900.00
1485  2005-05-03  NAS100  1,428.00  1,441.00  1,424.00  1,438.00     10.50        0.74   322,303.00
1486  2005-05-04  NAS100  1,438.00  1,458.00  1,433.50  1,452.00     14.00        0.97   315,342.00
1487  2005-05-05  NAS100  1,452.50  1,461.50  1,444.50  1,456.50      4.50        0.31   292,090.00
1488  2005-05-06  NAS100  1,456.00  1,468.00  1,453.00  1,458.00      1.50        0.10   207,912.00
1489  2005-05-09  NAS100  1,459.50  1,467.00  1,449.50  1,463.50      5.50        0.38   205,402.00
1490  2005-05-10  NAS100  1,463.50  1,465.00  1,448.00  1,454.00     -9.50       -0.65   272,732.00
1491  2005-05-11  NAS100  1,453.50  1,465.00  1,435.00  1,461.00      7.00        0.48   398,395.00
1492  2005-05-12  NAS100  1,461.00  1,472.00  1,449.00  1,457.50     -3.50       -0.24   386,089.00
1493  2005-05-13  NAS100  1,460.00  1,483.00  1,459.00  1,473.50     16.00        1.10   412,221.00
1494  2005-05-16  NAS100  1,474.50  1,485.50  1,468.50  1,481.00      7.50        0.51   221,645.00
1495  2005-05-17  NAS100  1,481.00  1,495.50  1,472.00  1,494.00     13.00        0.88   269,596.00
1496  2005-05-18  NAS100  1,494.00  1,518.50  1,488.00  1,512.50     18.50        1.24   349,372.00
1497  2005-05-19  NAS100  1,513.00  1,525.00  1,511.50  1,524.00     11.50        0.76   301,523.00
1498  2005-05-20  NAS100  1,524.00  1,532.00  1,517.50  1,530.50      6.50        0.43   214,357.00
1499  2005-05-23  NAS100  1,530.50  1,543.50  1,527.00  1,539.00      8.50        0.56   274,480.00
1500  2005-05-24  NAS100  1,538.50  1,544.00  1,531.50  1,540.50      1.50        0.10   283,048.00
1501  2005-05-25  NAS100  1,540.50  1,542.00  1,526.50  1,538.50     -2.00       -0.13   227,913.00
1502  2005-05-26  NAS100  1,537.50  1,554.50  1,536.50  1,549.00     10.50        0.68   212,861.00
1503  2005-05-27  NAS100  1,549.00  1,553.50  1,543.50  1,552.00      3.00        0.19   113,381.00
1504  2005-05-31  NAS100  1,552.00  1,558.50  1,540.00  1,545.00     -7.00       -0.45   235,746.00
1505  2005-06-01  NAS100  1,544.00  1,570.50  1,542.50  1,557.50     12.50        0.81   335,926.00
1506  2005-06-02  NAS100  1,557.00  1,572.00  1,555.00  1,571.50     14.00        0.90   191,883.00
1507  2005-06-03  NAS100  1,571.50  1,576.50  1,543.50  1,550.50    -21.00       -1.34   273,087.00
1508  2005-06-06  NAS100  1,550.00  1,552.50  1,540.50  1,545.50     -5.00       -0.32   176,650.00
1509  2005-06-07  NAS100  1,546.00  1,562.00  1,532.00  1,534.00    -11.50       -0.74   354,013.00
1510  2005-06-08  NAS100  1,534.00  1,542.50  1,524.50  1,530.50     -3.50       -0.23   268,999.00
1511  2005-06-09  NAS100  1,529.00  1,544.50  1,521.50  1,537.50      7.00        0.46   146,551.00
1512  2005-06-10  NAS100  1,537.00  1,541.00  1,516.50  1,524.00    -13.50       -0.88    69,571.00
1513  2005-06-13  NAS100  1,523.00  1,539.50  1,520.00  1,531.00      7.00        0.46    60,085.00
1514  2005-06-14  NAS100  1,543.00  1,557.00  1,532.50  1,538.00      7.00        0.46   222,467.00
1515  2005-06-15  NAS100  1,538.50  1,548.50  1,521.50  1,539.50      1.50        0.10   329,807.00
1516  2005-06-16  NAS100  1,539.00  1,552.50  1,538.00  1,547.00      7.50        0.49   259,859.00
1517  2005-06-17  NAS100  1,547.00  1,562.50  1,543.50  1,548.00      1.00        0.06   257,412.00
1518  2005-06-20  NAS100  1,548.50  1,557.50  1,537.00  1,545.50     -2.50       -0.16   214,259.00
1519  2005-06-21  NAS100  1,545.00  1,554.50  1,541.50  1,551.00      5.50        0.36   236,872.00
1520  2005-06-22  NAS100  1,551.00  1,558.50  1,538.00  1,548.00     -3.00       -0.19   264,303.00
1521  2005-06-23  NAS100  1,548.50  1,561.00  1,525.50  1,527.50    -20.50       -1.32   438,805.00
1522  2005-06-24  NAS100  1,527.00  1,530.00  1,507.50  1,511.50    -16.00       -1.05   278,306.00
1523  2005-06-27  NAS100  1,511.50  1,515.00  1,499.50  1,506.00     -5.50       -0.36   230,670.00
1524  2005-06-28  NAS100  1,506.00  1,523.00  1,505.50  1,517.00     11.00        0.73   207,936.00
1525  2005-06-29  NAS100  1,517.00  1,524.00  1,510.50  1,511.50     -5.50       -0.36   211,280.00
1526  2005-06-30  NAS100  1,512.00  1,520.00  1,500.00  1,503.00     -8.50       -0.56   258,786.00
1527  2005-07-01  NAS100  1,502.00  1,512.50  1,498.00  1,500.00     -3.00       -0.20   174,613.00
1528  2005-07-05  NAS100  1,500.00  1,519.00  1,491.50  1,513.50     13.50        0.90   251,546.00
1529  2005-07-06  NAS100  1,513.00  1,522.00  1,504.50  1,507.00     -6.50       -0.43   282,525.00
1530  2005-07-07  NAS100  1,506.50  1,514.00  1,465.00  1,512.50      5.50        0.36   402,137.00
1531  2005-07-08  NAS100  1,512.50  1,545.00  1,509.50  1,544.50     32.00        2.12   307,731.00
1532  2005-07-11  NAS100  1,544.50  1,558.50  1,542.50  1,557.50     13.00        0.84   253,316.00
1533  2005-07-12  NAS100  1,557.00  1,569.50  1,551.00  1,562.00      4.50        0.29   258,111.00
1534  2005-07-13  NAS100  1,563.00  1,568.50  1,557.50  1,567.00      5.00        0.32   212,861.00
1535  2005-07-14  NAS100  1,568.00  1,586.00  1,563.50  1,584.00     17.00        1.08   301,187.00
1536  2005-07-15  NAS100  1,584.00  1,591.00  1,576.00  1,587.00      3.00        0.19   195,384.00
1537  2005-07-18  NAS100  1,586.00  1,586.50  1,578.00  1,582.00     -5.00       -0.32   161,289.00
1538  2005-07-19  NAS100  1,582.00  1,601.00  1,581.50  1,600.00     18.00        1.14   188,025.00
1539  2005-07-20  NAS100  1,595.50  1,614.00  1,586.00  1,608.50      8.50        0.53   295,878.00
1540  2005-07-21  NAS100  1,614.50  1,623.00  1,598.50  1,606.00     -2.50       -0.16   351,858.00
1541  2005-07-22  NAS100  1,604.00  1,614.50  1,598.50  1,609.50      3.50        0.22   218,655.00
1542  2005-07-25  NAS100  1,609.50  1,616.00  1,598.50  1,604.00     -5.50       -0.34   179,180.00
1543  2005-07-26  NAS100  1,605.50  1,611.50  1,597.50  1,607.00      3.00        0.19   207,228.00
1544  2005-07-27  NAS100  1,607.50  1,620.50  1,598.50  1,617.50     10.50        0.65   255,124.00
1545  2005-07-28  NAS100  1,617.50  1,627.50  1,615.50  1,626.50      9.00        0.56   188,123.00
1546  2005-07-29  NAS100  1,626.00  1,630.00  1,611.00  1,611.50    -15.00       -0.92   210,170.00
1547  2005-08-01  NAS100  1,616.00  1,623.00  1,609.50  1,615.00      3.50        0.22   170,091.00
1548  2005-08-02  NAS100  1,615.00  1,635.50  1,613.50  1,629.00     14.00        0.87   232,043.00
1549  2005-08-03  NAS100  1,629.50  1,635.00  1,624.00  1,632.50      3.50        0.21   170,629.00
1550  2005-08-04  NAS100  1,632.50  1,633.50  1,611.50  1,616.50    -16.00       -0.98   211,438.00
1551  2005-08-05  NAS100  1,616.00  1,620.50  1,605.00  1,607.50     -9.00       -0.56   202,972.00
1552  2005-08-08  NAS100  1,607.00  1,614.00  1,593.50  1,598.50     -9.00       -0.56   209,480.00
1553  2005-08-09  NAS100  1,598.50  1,612.50  1,596.50  1,607.50      9.00        0.56   182,303.00
1554  2005-08-10  NAS100  1,607.50  1,615.50  1,586.50  1,596.00    -11.50       -0.72   292,789.00
1555  2005-08-11  NAS100  1,595.50  1,609.50  1,591.00  1,594.50     -1.50       -0.09   268,024.00
1556  2005-08-12  NAS100  1,595.50  1,600.00  1,585.50  1,592.50     -2.00       -0.13   238,177.00
1557  2005-08-15  NAS100  1,592.00  1,612.50  1,587.00  1,606.00     13.50        0.85   207,905.00
1558  2005-08-16  NAS100  1,606.50  1,608.00  1,576.50  1,583.00    -23.00       -1.43   299,589.00
1559  2005-08-17  NAS100  1,582.00  1,593.50  1,577.50  1,583.50      0.50        0.03   232,955.00
1560  2005-08-18  NAS100  1,584.50  1,590.00  1,576.50  1,579.50     -4.00       -0.25   213,893.00
1561  2005-08-19  NAS100  1,579.50  1,586.50  1,576.00  1,579.50      0.00        0.00   142,033.00
1562  2005-08-22  NAS100  1,578.50  1,593.50  1,569.00  1,580.50      1.00        0.06   263,036.00
1563  2005-08-23  NAS100  1,581.00  1,583.00  1,569.50  1,577.50     -3.00       -0.19   190,403.00
1564  2005-08-24  NAS100  1,576.50  1,593.00  1,562.50  1,565.00    -12.50       -0.79   324,379.00
1565  2005-08-25  NAS100  1,564.00  1,573.00  1,562.50  1,567.00      2.00        0.13   152,542.00
1566  2005-08-26  NAS100  1,568.00  1,570.50  1,555.00  1,563.50     -3.50       -0.22   177,646.00
1567  2005-08-29  NAS100  1,559.00  1,579.00  1,544.50  1,574.50     11.00        0.70   216,739.00
1568  2005-08-30  NAS100  1,575.00  1,576.50  1,557.00  1,570.00     -4.50       -0.29   264,982.00
1569  2005-08-31  NAS100  1,569.50  1,588.50  1,563.00  1,584.00     14.00        0.89   299,289.00
1570  2005-09-01  NAS100  1,585.50  1,590.50  1,575.00  1,579.00     -5.00       -0.32   249,163.00
1571  2005-09-02  NAS100  1,578.50  1,585.50  1,573.00  1,576.50     -2.50       -0.16   135,599.00
1572  2005-09-06  NAS100  1,578.50  1,600.00  1,577.00  1,598.50     22.00        1.40   230,045.00
1573  2005-09-07  NAS100  1,598.50  1,603.00  1,592.00  1,598.50      0.00        0.00   197,469.00
1574  2005-09-08  NAS100  1,599.50  1,606.50  1,593.00  1,599.00      0.50        0.03   107,353.00
1575  2005-09-09  NAS100  1,598.00  1,611.50  1,596.00  1,609.00     10.00        0.63    77,515.00
1576  2005-09-12  NAS100  1,609.50  1,618.50  1,606.50  1,613.00      4.00        0.25    49,849.00
1577  2005-09-13  NAS100  1,626.00  1,634.50  1,618.50  1,623.00     10.00        0.62   250,644.00
1578  2005-09-14  NAS100  1,622.50  1,628.00  1,602.00  1,604.00    -19.00       -1.17   307,206.00
1579  2005-09-15  NAS100  1,604.00  1,609.50  1,597.50  1,599.50     -4.50       -0.28   255,760.00
1580  2005-09-16  NAS100  1,599.00  1,614.50  1,598.00  1,611.50     12.00        0.75   224,258.00
1581  2005-09-19  NAS100  1,612.50  1,612.50  1,591.50  1,602.00     -9.50       -0.59   211,565.00
1582  2005-09-20  NAS100  1,602.00  1,618.00  1,587.00  1,592.00    -10.00       -0.62   338,654.00
1583  2005-09-21  NAS100  1,590.50  1,595.00  1,573.00  1,574.50    -17.50       -1.10   292,336.00
1584  2005-09-22  NAS100  1,574.00  1,583.00  1,563.50  1,577.00      2.50        0.16   378,158.00
1585  2005-09-23  NAS100  1,577.50  1,589.50  1,570.50  1,585.00      8.00        0.51   206,956.00
1586  2005-09-26  NAS100  1,592.00  1,597.00  1,575.50  1,587.00      2.00        0.13   238,842.00
1587  2005-09-27  NAS100  1,586.50  1,591.00  1,574.00  1,581.50     -5.50       -0.35   243,092.00
1588  2005-09-28  NAS100  1,581.50  1,592.50  1,575.50  1,580.50     -1.00       -0.06   231,274.00
1589  2005-09-29  NAS100  1,580.00  1,603.00  1,571.00  1,601.00     20.50        1.30   390,228.00
1590  2005-09-30  NAS100  1,601.00  1,616.00  1,598.50  1,614.00     13.00        0.81   237,982.00
1591  2005-10-03  NAS100  1,615.50  1,624.50  1,613.50  1,618.50      4.50        0.28   240,429.00
1592  2005-10-04  NAS100  1,618.00  1,629.50  1,603.00  1,604.00    -14.50       -0.90   280,842.00
1593  2005-10-05  NAS100  1,603.50  1,607.50  1,581.00  1,582.50    -21.50       -1.34   333,654.00
1594  2005-10-06  NAS100  1,583.00  1,587.00  1,548.50  1,564.50    -18.00       -1.14   489,273.00
1595  2005-10-07  NAS100  1,564.50  1,573.00  1,558.50  1,563.00     -1.50       -0.10   230,813.00
1596  2005-10-10  NAS100  1,562.00  1,571.00  1,553.00  1,554.50     -8.50       -0.54   208,177.00
1597  2005-10-11  NAS100  1,555.00  1,563.50  1,543.00  1,545.50     -9.00       -0.58   305,166.00
1598  2005-10-12  NAS100  1,547.00  1,553.50  1,525.50  1,526.50    -19.00       -1.23   401,516.00
1599  2005-10-13  NAS100  1,527.50  1,547.50  1,523.00  1,536.00      9.50        0.62   354,444.00
1600  2005-10-14  NAS100  1,536.50  1,553.50  1,536.50  1,550.00     14.00        0.91   295,110.00
1601  2005-10-17  NAS100  1,550.50  1,559.00  1,542.50  1,556.00      6.00        0.39   199,201.00
1602  2005-10-18  NAS100  1,556.00  1,561.50  1,544.00  1,547.00     -9.00       -0.58   262,741.00
1603  2005-10-19  NAS100  1,547.50  1,582.00  1,533.50  1,581.00     34.00        2.20   491,469.00
1604  2005-10-20  NAS100  1,577.00  1,584.00  1,553.00  1,566.00    -15.00       -0.95   406,770.00
1605  2005-10-21  NAS100  1,566.00  1,580.00  1,562.00  1,575.50      9.50        0.61   289,196.00
1606  2005-10-24  NAS100  1,575.00  1,599.00  1,568.00  1,598.00     22.50        1.43   279,388.00
1607  2005-10-25  NAS100  1,597.50  1,597.50  1,580.50  1,590.00     -8.00       -0.50   272,039.00
1608  2005-10-26  NAS100  1,590.50  1,601.50  1,579.50  1,586.00     -4.00       -0.25   313,821.00
1609  2005-10-27  NAS100  1,585.00  1,585.00  1,549.50  1,555.00    -31.00       -1.95   328,843.00
1610  2005-10-28  NAS100  1,548.50  1,565.00  1,545.50  1,560.50      5.50        0.35   290,316.00
1611  2005-10-31  NAS100  1,560.50  1,591.50  1,560.50  1,586.50     26.00        1.67   308,358.00
1612  2005-11-01  NAS100  1,578.00  1,590.00  1,574.00  1,585.50     -1.00       -0.06   229,375.00
1613  2005-11-02  NAS100  1,584.50  1,611.00  1,577.00  1,609.50     24.00        1.51   306,360.00
1614  2005-11-03  NAS100  1,608.50  1,633.50  1,604.50  1,629.00     19.50        1.21   387,021.00
1615  2005-11-04  NAS100  1,628.50  1,638.50  1,623.00  1,632.50      3.50        0.21   268,156.00
1616  2005-11-07  NAS100  1,633.50  1,641.00  1,627.00  1,633.00      0.50        0.03   232,288.00
1617  2005-11-08  NAS100  1,632.50  1,643.00  1,628.50  1,636.50      3.50        0.21   270,542.00
1618  2005-11-09  NAS100  1,637.00  1,642.50  1,629.50  1,638.00      1.50        0.09   249,532.00
1619  2005-11-10  NAS100  1,637.50  1,657.50  1,625.00  1,656.50     18.50        1.13   365,464.00
1620  2005-11-11  NAS100  1,656.50  1,666.00  1,655.50  1,659.00      2.50        0.15   215,128.00
1621  2005-11-14  NAS100  1,659.00  1,663.50  1,653.00  1,659.00      0.00        0.00   179,341.00
1622  2005-11-15  NAS100  1,658.50  1,665.00  1,644.00  1,652.50     -6.50       -0.39   281,122.00
1623  2005-11-16  NAS100  1,652.00  1,662.00  1,647.00  1,661.50      9.00        0.54   234,534.00
1624  2005-11-17  NAS100  1,661.00  1,687.50  1,658.50  1,684.50     23.00        1.38   334,108.00
1625  2005-11-18  NAS100  1,684.00  1,695.00  1,679.00  1,683.00     -1.50       -0.09   293,917.00
1626  2005-11-21  NAS100  1,684.00  1,692.50  1,677.50  1,691.50      8.50        0.51   207,904.00
1627  2005-11-22  NAS100  1,691.00  1,703.00  1,682.00  1,696.50      5.00        0.30   245,359.00
1628  2005-11-23  NAS100  1,696.00  1,709.00  1,694.50  1,700.50      4.00        0.24   245,359.00
1629  2005-11-24  NAS100  1,701.50  1,701.50  1,696.50  1,699.00     -1.50       -0.09   179,026.00
1630  2005-11-25  NAS100  1,700.00  1,705.50  1,696.50  1,704.50      5.50        0.32    61,225.00
1631  2005-11-28  NAS100  1,704.00  1,710.00  1,686.50  1,692.50    -12.00       -0.70   233,991.00
1632  2005-11-29  NAS100  1,691.50  1,701.50  1,679.50  1,681.00    -11.50       -0.68   257,094.00
1633  2005-11-30  NAS100  1,680.00  1,686.00  1,673.50  1,675.00     -6.00       -0.36   254,039.00
1634  2005-12-01  NAS100  1,678.00  1,708.50  1,676.00  1,704.00     29.00        1.73   293,719.00
1635  2005-12-02  NAS100  1,705.00  1,712.00  1,701.00  1,710.00      6.00        0.35   194,324.00
1636  2005-12-05  NAS100  1,710.00  1,714.00  1,691.00  1,699.50    -10.50       -0.61   212,246.00
1637  2005-12-06  NAS100  1,699.00  1,719.00  1,698.00  1,704.50      5.00        0.29   262,487.00
1638  2005-12-07  NAS100  1,705.00  1,707.50  1,689.50  1,700.50     -4.00       -0.23   272,683.00
1639  2005-12-08  NAS100  1,700.50  1,705.00  1,675.00  1,687.00    -13.50       -0.79   146,844.00
1640  2005-12-09  NAS100  1,685.00  1,695.00  1,679.50  1,694.00      7.00        0.41    96,013.00
1641  2005-12-12  NAS100  1,695.50  1,702.50  1,691.50  1,700.00      6.00        0.35    58,048.00
1642  2005-12-13  NAS100  1,717.50  1,731.00  1,711.50  1,724.00     24.00        1.41   295,787.00
1643  2005-12-14  NAS100  1,724.00  1,726.50  1,709.00  1,718.50     -5.50       -0.32   267,963.00
1644  2005-12-15  NAS100  1,719.00  1,724.00  1,704.50  1,717.00     -1.50       -0.09   263,798.00
1645  2005-12-16  NAS100  1,716.50  1,724.50  1,706.00  1,709.50     -7.50       -0.44   221,836.00
1646  2005-12-19  NAS100  1,710.50  1,715.00  1,677.50  1,679.50    -30.00       -1.75   252,944.00
1647  2005-12-20  NAS100  1,679.00  1,689.00  1,673.50  1,679.50      0.00        0.00   226,486.00
1648  2005-12-21  NAS100  1,680.00  1,699.50  1,678.00  1,684.00      4.50        0.27   221,444.00
1649  2005-12-22  NAS100  1,684.50  1,702.00  1,683.00  1,700.50     16.50        0.98   141,628.00
1650  2005-12-23  NAS100  1,700.50  1,706.50  1,694.00  1,700.00     -0.50       -0.03    90,868.00
1651  2005-12-27  NAS100  1,700.50  1,710.00  1,680.50  1,683.50    -16.50       -0.97   157,013.00
1652  2005-12-28  NAS100  1,683.00  1,689.00  1,676.00  1,681.00     -2.50       -0.15   126,330.00
1653  2005-12-29  NAS100  1,681.50  1,686.00  1,665.50  1,668.00    -13.00       -0.77   108,767.00
1654  2005-12-30  NAS100  1,668.00  1,670.00  1,654.00  1,659.00     -9.00       -0.54   132,354.00
1655  2006-01-03  NAS100  1,658.00  1,701.00  1,646.00  1,693.00     34.00        2.05   372,421.00
1656  2006-01-04  NAS100  1,694.00  1,713.50  1,687.00  1,713.00     20.00        1.18   302,316.00
1657  2006-01-05  NAS100  1,713.00  1,725.50  1,708.00  1,723.00     10.00        0.58   245,292.00
1658  2006-01-06  NAS100  1,722.50  1,750.00  1,720.50  1,748.00     25.00        1.45   350,719.00
1659  2006-01-09  NAS100  1,747.50  1,758.50  1,742.00  1,754.50      6.50        0.37   287,308.00
1660  2006-01-10  NAS100  1,753.50  1,760.50  1,743.00  1,760.00      5.50        0.31   308,575.00
1661  2006-01-11  NAS100  1,759.00  1,774.00  1,755.50  1,771.00     11.00        0.63   326,315.00
1662  2006-01-12  NAS100  1,770.00  1,773.00  1,754.50  1,764.00     -7.00       -0.40   280,382.00
1663  2006-01-13  NAS100  1,763.50  1,766.00  1,749.50  1,760.00     -4.00       -0.23   280,382.00
1664  2006-01-16  NAS100  1,760.00  1,764.00  1,755.00  1,763.50      3.50        0.20   231,965.00
1665  2006-01-17  NAS100  1,760.00  1,764.00  1,740.00  1,751.50    -12.00       -0.68   251,354.00
1666  2006-01-18  NAS100  1,742.50  1,742.50  1,713.50  1,727.50    -24.00       -1.37   440,581.00
1667  2006-01-19  NAS100  1,724.00  1,752.50  1,721.50  1,738.50     11.00        0.64   404,206.00
1668  2006-01-20  NAS100  1,738.50  1,739.50  1,683.50  1,685.50    -53.00       -3.05   556,657.00
1669  2006-01-23  NAS100  1,684.50  1,696.00  1,680.00  1,688.00      2.50        0.15   329,601.00
1670  2006-01-24  NAS100  1,687.50  1,706.00  1,681.50  1,693.00      5.00        0.30   339,733.00
1671  2006-01-25  NAS100  1,693.50  1,705.00  1,679.50  1,688.50     -4.50       -0.27   389,353.00
1672  2006-01-26  NAS100  1,687.00  1,704.50  1,685.00  1,698.50     10.00        0.59   341,905.00
1673  2006-01-27  NAS100  1,700.50  1,733.00  1,699.50  1,722.50     24.00        1.41   342,641.00
1674  2006-01-30  NAS100  1,722.00  1,730.00  1,719.50  1,723.50      1.00        0.06   189,889.00
1675  2006-01-31  NAS100  1,723.50  1,728.00  1,693.50  1,719.50     -4.00       -0.23   335,044.00
1676  2006-02-01  NAS100  1,698.50  1,725.50  1,695.50  1,723.50      4.00        0.23   338,929.00
1677  2006-02-02  NAS100  1,723.50  1,723.50  1,688.50  1,689.00    -34.50       -2.00   341,250.00
1678  2006-02-03  NAS100  1,690.50  1,699.00  1,665.50  1,667.50    -21.50       -1.27   384,171.00
1679  2006-02-06  NAS100  1,668.50  1,675.00  1,657.50  1,669.50      2.00        0.12   223,903.00
1680  2006-02-07  NAS100  1,669.50  1,671.50  1,651.50  1,662.50     -7.00       -0.42   314,749.00
1681  2006-02-08  NAS100  1,662.00  1,680.00  1,660.50  1,675.50     13.00        0.78   291,875.00
1682  2006-02-09  NAS100  1,676.00  1,689.00  1,658.00  1,659.00    -16.50       -0.98   331,587.00
1683  2006-02-10  NAS100  1,659.50  1,676.00  1,642.50  1,666.50      7.50        0.45   376,989.00
1684  2006-02-13  NAS100  1,666.50  1,667.00  1,644.00  1,653.00    -13.50       -0.81   252,750.00
1685  2006-02-14  NAS100  1,653.00  1,673.50  1,648.50  1,666.00     13.00        0.79   343,102.00
1686  2006-02-15  NAS100  1,667.00  1,682.50  1,660.50  1,679.50     13.50        0.81   313,164.00
1687  2006-02-16  NAS100  1,679.50  1,698.00  1,677.50  1,695.50     16.00        0.95   324,297.00
1688  2006-02-17  NAS100  1,697.50  1,697.50  1,676.50  1,677.50    -18.00       -1.06   324,297.00
1689  2006-02-20  NAS100  1,678.00  1,680.50  1,675.50  1,677.50      0.00        0.00   207,444.00
1690  2006-02-21  NAS100  1,678.00  1,688.00  1,655.00  1,661.00    -16.50       -0.98   316,053.00
1691  2006-02-22  NAS100  1,661.00  1,689.50  1,657.00  1,679.50     18.50        1.11   319,940.00
1692  2006-02-23  NAS100  1,680.00  1,693.00  1,673.50  1,675.50     -4.00       -0.24   242,390.00
1693  2006-02-24  NAS100  1,675.00  1,684.50  1,670.50  1,683.50      8.00        0.48   194,908.00
1694  2006-02-27  NAS100  1,684.00  1,705.50  1,683.50  1,695.00     11.50        0.68   242,059.00
1695  2006-02-28  NAS100  1,696.00  1,699.50  1,668.50  1,674.50    -20.50       -1.21   434,559.00
1696  2006-03-01  NAS100  1,673.00  1,701.00  1,671.50  1,698.00     23.50        1.40   275,296.00
1697  2006-03-02  NAS100  1,698.00  1,703.50  1,686.00  1,699.50      1.50        0.09   292,657.00
1698  2006-03-03  NAS100  1,699.00  1,710.00  1,679.50  1,685.50    -14.00       -0.82   429,607.00
1699  2006-03-06  NAS100  1,686.00  1,694.50  1,667.00  1,674.50    -11.00       -0.65   329,343.00
1700  2006-03-07  NAS100  1,674.00  1,674.50  1,654.00  1,665.50     -9.00       -0.54   317,635.00
1701  2006-03-08  NAS100  1,664.50  1,671.50  1,647.50  1,666.50      1.00        0.06   348,311.00
1702  2006-03-09  NAS100  1,665.00  1,674.00  1,642.00  1,643.00    -23.50       -1.41   149,561.00
1703  2006-03-10  NAS100  1,643.00  1,659.00  1,634.00  1,648.50      5.50        0.33    82,033.00
1704  2006-03-13  NAS100  1,648.50  1,665.00  1,647.50  1,655.50      7.00        0.42    48,901.00
1705  2006-03-14  NAS100  1,673.50  1,705.50  1,667.00  1,704.50     49.00        2.96   376,128.00
1706  2006-03-15  NAS100  1,703.50  1,716.50  1,698.50  1,714.50     10.00        0.59   292,802.00
1707  2006-03-16  NAS100  1,714.00  1,723.00  1,698.00  1,700.00    -14.50       -0.85   348,083.00
1708  2006-03-17  NAS100  1,699.00  1,710.50  1,695.00  1,704.50      4.50        0.26   222,576.00
1709  2006-03-20  NAS100  1,704.50  1,713.50  1,702.00  1,705.50      1.00        0.06   176,647.00
1710  2006-03-21  NAS100  1,706.50  1,727.50  1,687.50  1,690.50    -15.00       -0.88   439,769.00
1711  2006-03-22  NAS100  1,690.00  1,696.50  1,671.50  1,691.00      0.50        0.03   327,719.00
1712  2006-03-23  NAS100  1,691.50  1,694.00  1,677.50  1,690.50     -0.50       -0.03   247,071.00
1713  2006-03-24  NAS100  1,690.00  1,706.00  1,685.50  1,697.50      7.00        0.41   262,269.00
1714  2006-03-27  NAS100  1,698.00  1,705.00  1,694.00  1,699.00      1.50        0.09   158,301.00
1715  2006-03-28  NAS100  1,699.00  1,712.00  1,683.50  1,691.00     -8.00       -0.47   318,724.00
1716  2006-03-29  NAS100  1,689.50  1,728.50  1,687.00  1,720.50     29.50        1.74   397,709.00
1717  2006-03-30  NAS100  1,720.50  1,737.50  1,715.50  1,725.00      4.50        0.26   317,154.00
1718  2006-03-31  NAS100  1,725.00  1,732.00  1,717.00  1,720.00     -5.00       -0.29   196,420.00
1719  2006-04-03  NAS100  1,724.25  1,739.25  1,720.00  1,723.75      3.75        0.22   268,465.00
1720  2006-04-04  NAS100  1,723.75  1,736.75  1,721.00  1,731.50      7.75        0.45   286,680.00
1721  2006-04-05  NAS100  1,731.50  1,751.00  1,730.00  1,747.25     15.75        0.91   301,212.00
1722  2006-04-06  NAS100  1,746.75  1,761.25  1,742.00  1,754.75      7.50        0.43   302,618.00
1723  2006-04-07  NAS100  1,753.25  1,765.75  1,735.00  1,739.75    -15.00       -0.85   363,528.00
1724  2006-04-10  NAS100  1,737.25  1,743.00  1,726.50  1,735.50     -4.25       -0.24   209,544.00
1725  2006-04-11  NAS100  1,735.50  1,739.50  1,709.50  1,720.75    -14.75       -0.85   334,316.00
1726  2006-04-12  NAS100  1,720.25  1,724.25  1,713.50  1,718.75     -2.00       -0.12   207,308.00
1727  2006-04-13  NAS100  1,719.50  1,734.75  1,713.00  1,725.50      6.75        0.39   246,375.00
1728  2006-04-17  NAS100  1,724.00  1,729.75  1,696.25  1,710.50    -15.00       -0.87   292,116.00
1729  2006-04-18  NAS100  1,710.25  1,744.25  1,706.00  1,739.75     29.25        1.71   404,197.00
1730  2006-04-19  NAS100  1,741.00  1,751.50  1,732.75  1,744.50      4.75        0.27   253,735.00
1731  2006-04-20  NAS100  1,742.50  1,753.75  1,736.00  1,741.25     -3.25       -0.19   269,136.00
1732  2006-04-21  NAS100  1,743.50  1,749.75  1,712.00  1,719.00    -22.25       -1.28   311,130.00
1733  2006-04-24  NAS100  1,718.00  1,722.75  1,707.75  1,721.50      2.50        0.15   193,837.00
1734  2006-04-25  NAS100  1,721.00  1,724.50  1,704.75  1,714.50     -7.00       -0.41   238,535.00
1735  2006-04-26  NAS100  1,714.25  1,721.25  1,706.25  1,710.75     -3.75       -0.22   233,035.00
1736  2006-04-27  NAS100  1,711.50  1,739.00  1,697.75  1,727.50     16.75        0.98   502,812.00
1737  2006-04-28  NAS100  1,726.00  1,727.25  1,709.00  1,711.00    -16.50       -0.96   238,762.00
1738  2006-05-01  NAS100  1,714.50  1,719.75  1,689.25  1,693.00    -18.00       -1.05   270,539.00
1739  2006-05-02  NAS100  1,693.50  1,706.75  1,693.25  1,697.75      4.75        0.28   233,306.00
1740  2006-05-03  NAS100  1,697.75  1,702.50  1,687.75  1,693.50     -4.25       -0.25   246,448.00
1741  2006-05-04  NAS100  1,693.50  1,716.75  1,692.50  1,709.75     16.25        0.96   276,915.00
1742  2006-05-05  NAS100  1,709.75  1,725.50  1,709.25  1,720.25     10.50        0.61   226,901.00
1743  2006-05-08  NAS100  1,720.50  1,728.00  1,719.25  1,721.25      1.00        0.06   169,402.00
1744  2006-05-09  NAS100  1,721.50  1,724.25  1,715.75  1,721.75      0.50        0.03   173,313.00
1745  2006-05-10  NAS100  1,721.25  1,722.50  1,698.00  1,700.75    -21.00       -1.22   285,626.00
1746  2006-05-11  NAS100  1,700.50  1,706.25  1,660.00  1,664.75    -36.00       -2.12   512,410.00
1747  2006-05-12  NAS100  1,664.50  1,667.00  1,641.00  1,641.50    -23.25       -1.40   444,888.00
1748  2006-05-15  NAS100  1,639.00  1,647.75  1,619.00  1,635.75     -5.75       -0.35   411,898.00
1749  2006-05-16  NAS100  1,636.25  1,644.00  1,624.00  1,628.25     -7.50       -0.46   547,471.00
1750  2006-05-17  NAS100  1,629.00  1,635.00  1,600.75  1,604.75    -23.50       -1.44   547,471.00
1751  2006-05-18  NAS100  1,606.00  1,618.50  1,592.00  1,594.75    -10.00       -0.62   375,681.00
1752  2006-05-19  NAS100  1,595.00  1,610.75  1,581.25  1,605.25     10.50        0.66   481,187.00
1753  2006-05-22  NAS100  1,606.50  1,610.50  1,576.00  1,586.25    -19.00       -1.18   400,937.00
1754  2006-05-23  NAS100  1,586.75  1,607.00  1,562.25  1,565.25    -21.00       -1.32   328,842.00
1755  2006-05-24  NAS100  1,566.00  1,591.75  1,557.25  1,584.50     19.25        1.23   537,860.00
1756  2006-05-25  NAS100  1,584.25  1,607.00  1,579.50  1,605.25     20.75        1.31   287,408.00
1757  2006-05-26  NAS100  1,603.75  1,612.25  1,598.50  1,609.75      4.50        0.28   287,408.00
1758  2006-05-29  NAS100  1,609.00  1,611.25  1,606.00  1,606.25     -3.50       -0.22   218,302.00
1759  2006-05-30  NAS100  1,606.25  1,607.25  1,569.75  1,570.00    -36.25       -2.26   261,339.00
1760  2006-05-31  NAS100  1,571.25  1,591.50  1,565.25  1,583.00     13.00        0.83   307,158.00
1761  2006-06-01  NAS100  1,583.00  1,619.75  1,575.00  1,619.00     36.00        2.27   284,003.00
1762  2006-06-02  NAS100  1,618.75  1,636.75  1,601.00  1,614.50     -4.50       -0.28   313,773.00
1763  2006-06-05  NAS100  1,612.75  1,613.50  1,579.25  1,582.75    -31.75       -1.97   324,604.00
1764  2006-06-06  NAS100  1,582.50  1,589.75  1,561.50  1,577.50     -5.25       -0.33   385,251.00
1765  2006-06-07  NAS100  1,578.50  1,594.50  1,558.75  1,562.50    -15.00       -0.95   356,347.00
1766  2006-06-08  NAS100  1,564.50  1,569.00  1,525.75  1,556.50     -6.00       -0.38   280,426.00
1767  2006-06-09  NAS100  1,556.50  1,576.50  1,547.75  1,549.50     -7.00       -0.45    96,593.00
1768  2006-06-12  NAS100  1,550.00  1,560.00  1,520.50  1,523.50    -26.00       -1.68    82,904.00
1769  2006-06-13  NAS100  1,542.00  1,555.50  1,529.75  1,533.00      9.50        0.62   466,173.00
1770  2006-06-14  NAS100  1,533.50  1,550.00  1,528.50  1,545.75     12.75        0.83   432,748.00
1771  2006-06-15  NAS100  1,546.75  1,596.75  1,546.00  1,594.50     48.75        3.15   496,232.00
1772  2006-06-16  NAS100  1,594.50  1,613.00  1,572.50  1,575.50    -19.00       -1.19   301,783.00
1773  2006-06-19  NAS100  1,576.25  1,587.00  1,560.75  1,565.00    -10.50       -0.67   298,472.00
1774  2006-06-20  NAS100  1,565.50  1,583.75  1,561.25  1,570.00      5.00        0.32   287,637.00
1775  2006-06-21  NAS100  1,570.00  1,604.50  1,566.50  1,591.50     21.50        1.37   319,332.00
1776  2006-06-22  NAS100  1,592.25  1,598.00  1,562.50  1,573.50    -18.00       -1.13   315,805.00
1777  2006-06-23  NAS100  1,572.00  1,584.75  1,560.50  1,568.50     -5.00       -0.32   197,723.00
1778  2006-06-26  NAS100  1,568.25  1,579.00  1,565.50  1,571.00      2.50        0.16   237,853.00
1779  2006-06-27  NAS100  1,571.50  1,576.25  1,541.75  1,545.25    -25.75       -1.64   347,926.00
1780  2006-06-28  NAS100  1,545.00  1,558.25  1,536.75  1,558.00     12.75        0.83   246,275.00
1781  2006-06-29  NAS100  1,558.00  1,606.00  1,556.50  1,605.00     47.00        3.02   387,038.00
1782  2006-06-30  NAS100  1,604.25  1,611.25  1,590.25  1,591.50    -13.50       -0.84   210,817.00
1783  2006-07-03  NAS100  1,593.50  1,603.50  1,592.50  1,601.50     10.00        0.63   210,817.00
1784  2006-07-04  NAS100  1,601.00  1,602.50  1,597.50  1,601.75      0.25        0.02    54,352.00
1785  2006-07-05  NAS100  1,601.00  1,602.50  1,564.25  1,568.25    -33.50       -2.09   244,432.00
1786  2006-07-06  NAS100  1,569.00  1,580.25  1,560.75  1,565.00     -3.25       -0.21   175,247.00
1787  2006-07-07  NAS100  1,566.25  1,581.00  1,542.50  1,550.25    -14.75       -0.94   269,512.00
1788  2006-07-10  NAS100  1,549.50  1,557.75  1,526.25  1,537.75    -12.50       -0.81   448,047.00
1789  2006-07-11  NAS100  1,537.75  1,549.00  1,522.00  1,545.00      7.25        0.47   379,478.00
1790  2006-07-12  NAS100  1,545.50  1,547.50  1,511.50  1,516.75    -28.25       -1.83   390,213.00
1791  2006-07-13  NAS100  1,516.50  1,519.50  1,487.25  1,489.75    -27.00       -1.78   501,585.00
1792  2006-07-14  NAS100  1,490.75  1,493.50  1,468.25  1,475.00    -14.75       -0.99   461,141.00
1793  2006-07-17  NAS100  1,476.25  1,486.75  1,464.75  1,480.25      5.25        0.36   426,305.00
1794  2006-07-18  NAS100  1,479.75  1,489.25  1,457.75  1,486.75      6.50        0.44   521,605.00
1795  2006-07-19  NAS100  1,488.00  1,510.25  1,476.50  1,490.75      4.00        0.27   473,899.00
1796  2006-07-20  NAS100  1,489.50  1,507.75  1,470.75  1,477.25    -13.50       -0.91   411,372.00
1797  2006-07-21  NAS100  1,482.50  1,486.00  1,459.75  1,461.25    -16.00       -1.08   306,602.00
1798  2006-07-24  NAS100  1,460.75  1,496.25  1,459.25  1,494.50     33.25        2.28   298,689.00
1799  2006-07-25  NAS100  1,494.75  1,505.00  1,484.25  1,492.25     -2.25       -0.15   309,653.00
1800  2006-07-26  NAS100  1,490.75  1,509.50  1,483.00  1,495.75      3.50        0.23   293,320.00
1801  2006-07-27  NAS100  1,495.75  1,516.25  1,484.00  1,494.50     -1.25       -0.08   293,726.00
1802  2006-07-28  NAS100  1,493.25  1,522.00  1,491.25  1,521.25     26.75        1.79   267,274.00
1803  2006-07-31  NAS100  1,520.00  1,527.00  1,509.75  1,518.75     -2.50       -0.16   213,717.00
1804  2006-08-01  NAS100  1,516.00  1,517.25  1,483.50  1,493.75    -25.00       -1.65   286,624.00
1805  2006-08-02  NAS100  1,493.75  1,519.25  1,492.75  1,509.75     16.00        1.07   265,775.00
1806  2006-08-03  NAS100  1,510.25  1,527.50  1,492.50  1,521.25     11.50        0.76   271,204.00
1807  2006-08-04  NAS100  1,522.25  1,539.25  1,497.00  1,515.50     -5.75       -0.38   351,038.00
1808  2006-08-07  NAS100  1,515.00  1,515.25  1,493.75  1,502.50    -13.00       -0.86   191,660.00
1809  2006-08-08  NAS100  1,502.25  1,509.00  1,481.75  1,492.50    -10.00       -0.67   307,889.00
1810  2006-08-09  NAS100  1,493.00  1,525.25  1,488.75  1,495.00      2.50        0.17   385,868.00
1811  2006-08-10  NAS100  1,494.75  1,507.25  1,483.50  1,497.50      2.50        0.17   295,184.00
1812  2006-08-11  NAS100  1,499.25  1,501.50  1,485.50  1,496.00     -1.50       -0.10   187,024.00
1813  2006-08-14  NAS100  1,497.75  1,522.75  1,497.75  1,500.25      4.25        0.28   316,692.00
1814  2006-08-15  NAS100  1,501.00  1,542.25  1,500.50  1,540.50     40.25        2.68   387,445.00
1815  2006-08-16  NAS100  1,541.00  1,577.00  1,538.75  1,576.25     35.75        2.32   407,628.00
1816  2006-08-17  NAS100  1,575.75  1,591.50  1,569.00  1,577.75      1.50        0.10   378,567.00
1817  2006-08-18  NAS100  1,578.50  1,585.75  1,562.50  1,585.00      7.25        0.46   271,939.00
1818  2006-08-21  NAS100  1,583.50  1,583.75  1,561.50  1,568.50    -16.50       -1.04   190,758.00
1819  2006-08-22  NAS100  1,568.00  1,583.75  1,560.75  1,566.50     -2.00       -0.13   273,552.00
1820  2006-08-23  NAS100  1,566.25  1,577.25  1,548.00  1,558.25     -8.25       -0.53   276,201.00
1821  2006-08-24  NAS100  1,558.00  1,564.50  1,546.75  1,557.25     -1.00       -0.06   196,700.00
1822  2006-08-25  NAS100  1,558.00  1,576.00  1,551.75  1,560.75      3.50        0.22   185,457.00
1823  2006-08-28  NAS100  1,561.00  1,579.50  1,556.00  1,570.50      9.75        0.62   219,738.00
1824  2006-08-29  NAS100  1,571.25  1,580.25  1,556.00  1,576.00      5.50        0.35   299,013.00
1825  2006-08-30  NAS100  1,575.50  1,587.50  1,572.75  1,584.50      8.50        0.54   202,263.00
1826  2006-08-31  NAS100  1,585.00  1,590.50  1,579.00  1,583.00     -1.50       -0.09   161,442.00
1827  2006-09-01  NAS100  1,584.00  1,597.25  1,582.75  1,590.50      7.50        0.47   161,442.00
1828  2006-09-04  NAS100  1,590.00  1,596.50  1,590.00  1,595.25      4.75        0.30   184,674.00
1829  2006-09-05  NAS100  1,590.00  1,608.25  1,582.25  1,604.75      9.50        0.60   297,948.00
1830  2006-09-06  NAS100  1,604.25  1,604.50  1,571.75  1,575.75    -29.00       -1.81   314,025.00
1831  2006-09-07  NAS100  1,575.25  1,583.75  1,561.50  1,568.25     -7.50       -0.48   153,238.00
1832  2006-09-08  NAS100  1,568.50  1,580.25  1,565.50  1,571.00      2.75        0.18    73,250.00
1833  2006-09-11  NAS100  1,571.25  1,593.25  1,559.00  1,583.50     12.50        0.80   122,975.00
1834  2006-09-12  NAS100  1,602.00  1,638.50  1,595.25  1,633.75     50.25        3.17   427,982.00
1835  2006-09-13  NAS100  1,633.75  1,645.75  1,631.50  1,642.75      9.00        0.55   361,621.00
1836  2006-09-14  NAS100  1,643.25  1,649.25  1,636.75  1,644.75      2.00        0.12   306,684.00
1837  2006-09-15  NAS100  1,645.00  1,665.75  1,644.00  1,652.50      7.75        0.47   364,183.00
1838  2006-09-18  NAS100  1,653.00  1,663.25  1,644.25  1,652.50      0.00        0.00   255,203.00
1839  2006-09-19  NAS100  1,652.50  1,658.00  1,627.00  1,642.50    -10.00       -0.61   426,747.00
1840  2006-09-20  NAS100  1,645.25  1,667.75  1,644.25  1,663.75     21.25        1.29   346,666.00
1841  2006-09-21  NAS100  1,663.50  1,673.00  1,648.50  1,654.75     -9.00       -0.54   359,043.00
1842  2006-09-22  NAS100  1,654.50  1,657.25  1,632.50  1,641.00    -13.75       -0.83   284,864.00
1843  2006-09-25  NAS100  1,640.50  1,672.00  1,631.50  1,665.25     24.25        1.48   420,066.00
1844  2006-09-26  NAS100  1,665.50  1,677.50  1,661.00  1,673.50      8.25        0.50   326,748.00
1845  2006-09-27  NAS100  1,673.75  1,683.25  1,664.25  1,677.25      3.75        0.22   319,088.00
1846  2006-09-28  NAS100  1,676.75  1,680.50  1,661.25  1,673.50     -3.75       -0.22   253,901.00
1847  2006-09-29  NAS100  1,674.00  1,682.00  1,669.25  1,671.25     -2.25       -0.13   198,020.00
1848  2006-10-02  NAS100  1,670.50  1,674.75  1,646.25  1,647.50    -23.75       -1.42   292,555.00
1849  2006-10-03  NAS100  1,647.00  1,663.00  1,638.00  1,653.75      6.25        0.38   375,120.00
1850  2006-10-04  NAS100  1,654.50  1,696.25  1,648.00  1,692.50     38.75        2.34   457,497.00
1851  2006-10-05  NAS100  1,692.50  1,706.25  1,690.75  1,701.75      9.25        0.55   283,198.00
1852  2006-10-06  NAS100  1,701.50  1,706.25  1,691.75  1,700.00     -1.75       -0.10   266,527.00
1853  2006-10-09  NAS100  1,698.75  1,713.50  1,693.00  1,703.75      3.75        0.22   183,214.00
1854  2006-10-10  NAS100  1,703.75  1,713.50  1,695.25  1,703.75      0.00        0.00   303,669.00
1855  2006-10-11  NAS100  1,704.00  1,716.25  1,685.00  1,706.50      2.75        0.16   378,814.00
1856  2006-10-12  NAS100  1,706.00  1,734.00  1,704.00  1,732.75     26.25        1.54   310,717.00
1857  2006-10-13  NAS100  1,733.00  1,744.00  1,728.25  1,739.25      6.50        0.38   245,854.00
1858  2006-10-16  NAS100  1,739.00  1,748.00  1,735.75  1,741.25      2.00        0.11   214,813.00
1859  2006-10-17  NAS100  1,740.75  1,741.00  1,712.50  1,720.25    -21.00       -1.21   339,612.00
1860  2006-10-18  NAS100  1,723.25  1,734.25  1,707.25  1,715.00     -5.25       -0.31   393,767.00
1861  2006-10-19  NAS100  1,715.75  1,726.25  1,704.50  1,722.75      7.75        0.45   370,667.00
1862  2006-10-20  NAS100  1,723.00  1,726.25  1,706.25  1,718.75     -4.00       -0.23   240,991.00
1863  2006-10-23  NAS100  1,719.00  1,747.75  1,713.25  1,734.50     15.75        0.92   337,753.00
1864  2006-10-24  NAS100  1,735.50  1,739.00  1,717.00  1,726.25     -8.25       -0.48   249,790.00
1865  2006-10-25  NAS100  1,726.00  1,741.25  1,721.50  1,740.50     14.25        0.83   277,283.00
1866  2006-10-26  NAS100  1,740.50  1,757.00  1,728.50  1,753.00     12.50        0.72   308,277.00
1867  2006-10-27  NAS100  1,753.00  1,757.00  1,722.25  1,731.50    -21.50       -1.23   325,880.00
1868  2006-10-30  NAS100  1,730.75  1,745.75  1,721.50  1,736.75      5.25        0.30   278,010.00
1869  2006-10-31  NAS100  1,736.50  1,749.75  1,731.25  1,742.75      6.00        0.35   332,123.00
1870  2006-11-01  NAS100  1,743.25  1,750.50  1,710.00  1,719.25    -23.50       -1.35   393,005.00
1871  2006-11-02  NAS100  1,718.50  1,723.50  1,707.25  1,716.50     -2.75       -0.16   280,816.00
1872  2006-11-03  NAS100  1,717.25  1,725.00  1,701.25  1,713.75     -2.75       -0.16   339,339.00
1873  2006-11-06  NAS100  1,713.00  1,745.75  1,712.75  1,737.25     23.50        1.37   293,334.00
1874  2006-11-07  NAS100  1,736.75  1,762.00  1,735.50  1,751.75     14.50        0.83   357,996.00
1875  2006-11-08  NAS100  1,751.25  1,765.25  1,735.50  1,761.75     10.00        0.57   368,880.00
1876  2006-11-09  NAS100  1,760.75  1,770.75  1,743.50  1,750.50    -11.25       -0.64   320,001.00
1877  2006-11-10  NAS100  1,750.25  1,759.50  1,743.25  1,758.25      7.75        0.44   232,516.00
1878  2006-11-13  NAS100  1,758.25  1,778.25  1,756.00  1,773.50     15.25        0.87   268,232.00
1879  2006-11-14  NAS100  1,772.00  1,800.00  1,766.00  1,796.25     22.75        1.28   372,013.00
1880  2006-11-15  NAS100  1,796.00  1,812.50  1,793.00  1,801.25      5.00        0.28   367,569.00
1881  2006-11-16  NAS100  1,799.50  1,813.00  1,796.75  1,810.25      9.00        0.50   331,839.00
1882  2006-11-17  NAS100  1,808.50  1,808.75  1,794.00  1,806.75     -3.50       -0.19   235,021.00
1883  2006-11-20  NAS100  1,807.00  1,814.75  1,795.00  1,811.25      4.50        0.25   270,310.00
1884  2006-11-21  NAS100  1,811.25  1,815.75  1,805.00  1,815.50      4.25        0.23   185,133.00
1885  2006-11-22  NAS100  1,817.00  1,826.00  1,805.00  1,824.25      8.75        0.48   185,133.00
1886  2006-11-23  NAS100  1,824.50  1,825.00  1,821.00  1,823.50     -0.75       -0.04   202,185.00
1887  2006-11-24  NAS100  1,824.50  1,825.00  1,813.50  1,820.25     -3.25       -0.18   132,144.00
1888  2006-11-27  NAS100  1,819.00  1,822.25  1,777.75  1,779.00    -41.25       -2.27   398,749.00
1889  2006-11-28  NAS100  1,780.50  1,786.75  1,766.50  1,782.25      3.25        0.18   310,944.00
1890  2006-11-29  NAS100  1,782.50  1,800.00  1,778.50  1,795.75     13.50        0.76   326,902.00
1891  2006-11-30  NAS100  1,795.50  1,804.25  1,783.50  1,794.75     -1.00       -0.06   333,111.00
1892  2006-12-01  NAS100  1,794.25  1,798.50  1,762.50  1,782.00    -12.75       -0.71   377,166.00
1893  2006-12-04  NAS100  1,781.25  1,811.75  1,778.25  1,803.50     21.50        1.21   319,049.00
1894  2006-12-05  NAS100  1,803.50  1,814.25  1,799.25  1,808.00      4.50        0.25   218,853.00
1895  2006-12-06  NAS100  1,807.50  1,808.75  1,793.50  1,801.25     -6.75       -0.37   222,671.00
1896  2006-12-07  NAS100  1,801.00  1,810.00  1,776.25  1,776.50    -24.75       -1.37   190,123.00
1897  2006-12-08  NAS100  1,777.00  1,800.75  1,768.50  1,786.00      9.50        0.53   121,105.00
1898  2006-12-11  NAS100  1,784.25  1,805.00  1,780.00  1,795.25      9.25        0.52    96,663.00
1899  2006-12-12  NAS100  1,816.75  1,817.50  1,793.25  1,803.00      7.75        0.43   329,180.00
1900  2006-12-13  NAS100  1,803.50  1,816.50  1,795.25  1,807.00      4.00        0.22   283,784.00
1901  2006-12-14  NAS100  1,807.00  1,834.50  1,804.75  1,825.50     18.50        1.02   389,967.00
1902  2006-12-15  NAS100  1,825.75  1,848.75  1,825.50  1,829.50      4.00        0.22   277,462.00
1903  2006-12-18  NAS100  1,828.50  1,843.50  1,804.25  1,811.00    -18.50       -1.01   256,367.00
1904  2006-12-19  NAS100  1,811.50  1,814.50  1,786.50  1,803.25     -7.75       -0.43   321,563.00
1905  2006-12-20  NAS100  1,803.50  1,816.00  1,796.25  1,797.75     -5.50       -0.31   172,506.00
1906  2006-12-21  NAS100  1,798.50  1,804.00  1,778.25  1,785.25    -12.50       -0.70   216,445.00
1907  2006-12-22  NAS100  1,786.50  1,790.25  1,763.25  1,764.00    -21.25       -1.19   192,988.00
1908  2006-12-26  NAS100  1,764.75  1,775.25  1,763.75  1,773.50      9.50        0.54    87,904.00
1909  2006-12-27  NAS100  1,773.25  1,788.00  1,772.75  1,779.25      5.75        0.32   131,270.00
1910  2006-12-28  NAS100  1,779.50  1,783.50  1,770.00  1,774.50     -4.75       -0.27   121,846.00
1911  2006-12-29  NAS100  1,774.75  1,793.25  1,772.75  1,775.00      0.50        0.03     4,095.00
1912  2007-01-03  NAS100  1,780.50  1,811.00  1,747.00  1,779.00      4.00        0.23   500,265.00
1913  2007-01-04  NAS100  1,779.75  1,816.50  1,770.50  1,812.25     33.25        1.87   367,214.00
1914  2007-01-05  NAS100  1,812.75  1,816.00  1,785.75  1,797.25    -15.00       -0.83   353,652.00
1915  2007-01-08  NAS100  1,798.00  1,812.25  1,792.25  1,803.50      6.25        0.35   267,087.00
1916  2007-01-09  NAS100  1,803.75  1,818.75  1,792.00  1,810.50      7.00        0.39   355,926.00
1917  2007-01-10  NAS100  1,810.75  1,835.50  1,798.00  1,834.50     24.00        1.33   362,452.00
1918  2007-01-11  NAS100  1,835.00  1,856.50  1,830.25  1,849.75     15.25        0.83   400,929.00
1919  2007-01-12  NAS100  1,850.50  1,863.00  1,845.50  1,862.25     12.50        0.68   272,797.00
1920  2007-01-16  NAS100  1,862.25  1,867.75  1,851.50  1,855.75     -6.50       -0.35   288,885.00
1921  2007-01-17  NAS100  1,855.25  1,857.75  1,838.50  1,841.25    -14.50       -0.78   386,126.00
1922  2007-01-18  NAS100  1,844.25  1,846.75  1,802.00  1,806.00    -35.25       -1.91   575,550.00
1923  2007-01-19  NAS100  1,805.50  1,815.50  1,800.75  1,806.50      0.50        0.03   320,111.00
1924  2007-01-22  NAS100  1,807.00  1,814.25  1,783.25  1,792.25    -14.25       -0.79   308,366.00
1925  2007-01-23  NAS100  1,792.50  1,803.25  1,783.25  1,787.00     -5.25       -0.29   330,904.00
1926  2007-01-24  NAS100  1,786.50  1,815.75  1,784.75  1,815.25     28.25        1.58   332,109.00
1927  2007-01-25  NAS100  1,819.50  1,823.50  1,784.75  1,791.25    -24.00       -1.32   396,353.00
1928  2007-01-26  NAS100  1,792.75  1,795.75  1,773.00  1,779.25    -12.00       -0.67   373,952.00
1929  2007-01-29  NAS100  1,781.00  1,798.25  1,775.25  1,786.75      7.50        0.42   309,420.00
1930  2007-01-30  NAS100  1,787.75  1,794.50  1,782.00  1,789.25      2.50        0.14   228,165.00
1931  2007-01-31  NAS100  1,789.50  1,808.75  1,773.50  1,802.50     13.25        0.74   385,592.00
1932  2007-02-01  NAS100  1,804.50  1,817.00  1,794.25  1,803.25      0.75        0.04   341,302.00
1933  2007-02-02  NAS100  1,804.25  1,810.50  1,797.25  1,807.25      4.00        0.22   235,952.00
1934  2007-02-05  NAS100  1,807.00  1,814.50  1,798.25  1,805.50     -1.75       -0.10   229,724.00
1935  2007-02-06  NAS100  1,805.50  1,810.25  1,784.75  1,803.50     -2.00       -0.11   401,952.00
1936  2007-02-07  NAS100  1,802.50  1,825.75  1,802.50  1,823.00     19.50        1.08   396,955.00
1937  2007-02-08  NAS100  1,822.00  1,823.25  1,808.75  1,821.75     -1.25       -0.07   241,967.00
1938  2007-02-09  NAS100  1,820.75  1,828.00  1,787.25  1,792.50    -29.25       -1.61   406,901.00
1939  2007-02-12  NAS100  1,792.75  1,794.75  1,781.25  1,785.50     -7.00       -0.39   304,375.00
1940  2007-02-13  NAS100  1,785.75  1,798.25  1,784.75  1,796.00     10.50        0.59   313,179.00
1941  2007-02-14  NAS100  1,795.75  1,826.25  1,793.50  1,822.75     26.75        1.49   413,696.00
1942  2007-02-15  NAS100  1,822.75  1,832.00  1,818.25  1,831.00      8.25        0.45   275,849.00
1943  2007-02-16  NAS100  1,830.00  1,830.75  1,819.75  1,827.25     -3.75       -0.20   275,849.00
1944  2007-02-19  NAS100  1,827.00  1,832.00  1,825.50  1,829.00      1.75        0.10   189,581.00
1945  2007-02-20  NAS100  1,827.00  1,842.25  1,813.75  1,838.75      9.75        0.53   352,258.00
1946  2007-02-21  NAS100  1,838.00  1,845.00  1,828.75  1,844.50      5.75        0.31   298,703.00
1947  2007-02-22  NAS100  1,844.75  1,857.50  1,837.50  1,854.25      9.75        0.53   332,790.00
1948  2007-02-23  NAS100  1,853.75  1,856.75  1,837.25  1,845.00     -9.25       -0.50   289,521.00
1949  2007-02-26  NAS100  1,845.75  1,855.50  1,824.00  1,837.75     -7.25       -0.39   356,076.00
1950  2007-02-27  NAS100  1,837.50  1,838.25  1,744.25  1,750.50    -87.25       -4.75   774,124.00
1951  2007-02-28  NAS100  1,750.25  1,783.00  1,743.25  1,765.50     15.00        0.86   521,721.00
1952  2007-03-01  NAS100  1,764.50  1,776.00  1,720.00  1,757.75     -7.75       -0.44   662,241.00
1953  2007-03-02  NAS100  1,757.25  1,763.00  1,724.25  1,726.25    -31.50       -1.79   463,644.00
1954  2007-03-05  NAS100  1,726.00  1,742.25  1,704.75  1,713.75    -12.50       -0.72   572,960.00
1955  2007-03-06  NAS100  1,714.75  1,750.00  1,711.00  1,745.00     31.25        1.82   422,567.00
1956  2007-03-07  NAS100  1,744.75  1,749.25  1,735.50  1,737.50     -7.50       -0.43   339,465.00
1957  2007-03-08  NAS100  1,737.75  1,759.75  1,733.25  1,754.50     17.00        0.98   208,606.00
1958  2007-03-09  NAS100  1,754.25  1,767.25  1,735.25  1,747.75     -6.75       -0.38   108,515.00
1959  2007-03-12  NAS100  1,749.00  1,760.50  1,739.50  1,757.75     10.00        0.57    84,457.00
1960  2007-03-13  NAS100  1,777.75  1,779.75  1,738.50  1,744.25    -13.50       -0.77   512,494.00
1961  2007-03-14  NAS100  1,744.25  1,769.25  1,731.50  1,768.50     24.25        1.39   610,801.00
1962  2007-03-15  NAS100  1,767.50  1,776.00  1,757.25  1,764.75     -3.75       -0.21   343,925.00
1963  2007-03-16  NAS100  1,765.00  1,771.00  1,753.25  1,764.00     -0.75       -0.04   281,328.00
1964  2007-03-19  NAS100  1,761.00  1,785.50  1,757.50  1,781.25     17.25        0.98   253,073.00
1965  2007-03-20  NAS100  1,781.50  1,793.75  1,777.75  1,792.25     11.00        0.62   225,633.00
1966  2007-03-21  NAS100  1,792.50  1,827.50  1,782.25  1,825.00     32.75        1.83   406,818.00
1967  2007-03-22  NAS100  1,824.25  1,831.00  1,812.50  1,818.75     -6.25       -0.34   285,634.00
1968  2007-03-23  NAS100  1,818.00  1,824.50  1,810.75  1,811.50     -7.25       -0.40   192,737.00
1969  2007-03-26  NAS100  1,810.75  1,822.25  1,793.25  1,818.25      6.75        0.37   317,097.00
1970  2007-03-27  NAS100  1,818.25  1,819.50  1,806.25  1,810.25     -8.00       -0.44   193,519.00
1971  2007-03-28  NAS100  1,809.50  1,810.25  1,787.00  1,790.25    -20.00       -1.10   382,745.00
1972  2007-03-29  NAS100  1,789.75  1,802.00  1,770.25  1,788.00     -2.25       -0.13   337,710.00
1973  2007-03-30  NAS100  1,787.00  1,801.25  1,775.25  1,790.75      2.75        0.15   295,606.00
1974  2007-04-02  NAS100  1,791.75  1,797.25  1,778.25  1,790.00     -0.75       -0.04   206,177.00
1975  2007-04-03  NAS100  1,790.50  1,819.00  1,789.75  1,814.75     24.75        1.38   272,457.00
1976  2007-04-04  NAS100  1,814.00  1,821.25  1,811.00  1,819.25      4.50        0.25   180,953.00
1977  2007-04-05  NAS100  1,818.25  1,831.50  1,814.50  1,828.25      9.00        0.49   143,464.00
1978  2007-04-06  NAS100  1,828.00  1,839.50  1,827.75  1,828.25      0.00        0.00     6,770.00
1979  2007-04-09  NAS100  1,839.75  1,839.75  1,820.50  1,824.00     -4.25       -0.23   170,599.00
1980  2007-04-10  NAS100  1,823.75  1,833.25  1,822.00  1,829.50      5.50        0.30   194,117.00
1981  2007-04-11  NAS100  1,830.00  1,833.75  1,807.25  1,812.75    -16.75       -0.92   324,334.00
1982  2007-04-12  NAS100  1,812.00  1,830.00  1,802.25  1,827.75     15.00        0.83   308,978.00
1983  2007-04-13  NAS100  1,827.25  1,833.25  1,815.50  1,831.75      4.00        0.22   232,369.00
1984  2007-04-16  NAS100  1,832.00  1,850.50  1,829.50  1,848.25     16.50        0.90   234,011.00
1985  2007-04-17  NAS100  1,847.50  1,855.00  1,842.75  1,852.25      4.00        0.22   231,696.00
1986  2007-04-18  NAS100  1,852.50  1,853.00  1,836.50  1,848.25     -4.00       -0.22   263,979.00
1987  2007-04-19  NAS100  1,849.25  1,853.75  1,831.25  1,849.00      0.75        0.04   290,014.00
1988  2007-04-20  NAS100  1,848.50  1,870.25  1,846.75  1,862.50     13.50        0.73   308,485.00
1989  2007-04-23  NAS100  1,862.50  1,867.25  1,856.75  1,863.00      0.50        0.03   201,344.00
1990  2007-04-24  NAS100  1,862.25  1,876.75  1,855.75  1,870.25      7.25        0.39   326,961.00
1991  2007-04-25  NAS100  1,870.25  1,896.75  1,869.25  1,894.00     23.75        1.27   321,892.00
1992  2007-04-26  NAS100  1,893.50  1,909.00  1,893.50  1,906.00     12.00        0.63   262,449.00
1993  2007-04-27  NAS100  1,904.50  1,907.25  1,894.50  1,906.75      0.75        0.04   234,061.00
1994  2007-04-30  NAS100  1,905.50  1,907.75  1,878.50  1,879.25    -27.50       -1.44   259,708.00
1995  2007-05-01  NAS100  1,876.50  1,887.75  1,868.00  1,885.75      6.50        0.35   329,322.00
1996  2007-05-02  NAS100  1,885.50  1,905.00  1,883.50  1,898.75     13.00        0.69   248,405.00
1997  2007-05-03  NAS100  1,899.25  1,910.00  1,897.00  1,906.50      7.75        0.41   220,946.00
1998  2007-05-04  NAS100  1,906.00  1,922.50  1,897.75  1,908.50      2.00        0.10   259,260.00
1999  2007-05-07  NAS100  1,907.25  1,912.50  1,903.25  1,906.75     -1.75       -0.09   143,757.00
2000  2007-05-08  NAS100  1,906.75  1,911.75  1,892.00  1,905.50     -1.25       -0.07   290,241.00
2001  2007-05-09  NAS100  1,905.75  1,918.75  1,897.00  1,912.25      6.75        0.35   285,425.00
2002  2007-05-10  NAS100  1,912.50  1,912.50  1,882.00  1,886.50    -25.75       -1.35   448,685.00
2003  2007-05-11  NAS100  1,886.50  1,911.75  1,882.25  1,910.50     24.00        1.27   317,294.00
2004  2007-05-14  NAS100  1,910.25  1,925.75  1,886.25  1,896.25    -14.25       -0.75   308,603.00
2005  2007-05-15  NAS100  1,896.00  1,907.25  1,877.75  1,883.50    -12.75       -0.67   458,374.00
2006  2007-05-16  NAS100  1,883.25  1,901.50  1,873.75  1,901.25     17.75        0.94   367,184.00
2007  2007-05-17  NAS100  1,900.75  1,901.00  1,889.00  1,890.25    -11.00       -0.58   295,592.00
2008  2007-05-18  NAS100  1,891.25  1,906.00  1,888.75  1,905.75     15.50        0.82   294,634.00
2009  2007-05-21  NAS100  1,905.25  1,927.25  1,903.00  1,916.25     10.50        0.55   347,396.00
2010  2007-05-22  NAS100  1,916.00  1,928.75  1,912.25  1,920.25      4.00        0.21   267,781.00
2011  2007-05-23  NAS100  1,920.50  1,931.50  1,907.75  1,910.25    -10.00       -0.52   327,643.00
2012  2007-05-24  NAS100  1,910.25  1,917.50  1,874.00  1,882.00    -28.25       -1.48   551,000.00
2013  2007-05-25  NAS100  1,881.50  1,898.00  1,880.50  1,893.00     11.00        0.58   236,944.00
2014  2007-05-29  NAS100  1,894.00  1,911.75  1,891.50  1,906.50     13.50        0.71   318,843.00
2015  2007-05-30  NAS100  1,906.00  1,924.75  1,887.50  1,922.50     16.00        0.84   417,179.00
2016  2007-05-31  NAS100  1,922.50  1,935.75  1,922.25  1,932.25      9.75        0.51   329,361.00
2017  2007-06-01  NAS100  1,933.50  1,945.00  1,928.75  1,932.25      0.00        0.00   298,262.00
2018  2007-06-04  NAS100  1,932.50  1,939.75  1,922.00  1,936.75      4.50        0.23   225,369.00
2019  2007-06-05  NAS100  1,936.50  1,937.50  1,918.75  1,936.00     -0.75       -0.04   369,913.00
2020  2007-06-06  NAS100  1,936.00  1,938.50  1,910.75  1,914.00    -22.00       -1.14   403,128.00
2021  2007-06-07  NAS100  1,914.75  1,923.75  1,881.75  1,882.50    -31.50       -1.65   321,262.00
2022  2007-06-08  NAS100  1,884.00  1,909.50  1,874.00  1,909.00     26.50        1.41   146,003.00
2023  2007-06-11  NAS100  1,909.25  1,919.25  1,902.25  1,905.50     -3.50       -0.18   100,698.00
2024  2007-06-12  NAS100  1,931.00  1,938.25  1,913.75  1,918.00     12.50        0.66   450,910.00
2025  2007-06-13  NAS100  1,918.25  1,939.75  1,912.50  1,937.25     19.25        1.00   413,865.00
2026  2007-06-14  NAS100  1,937.00  1,955.75  1,936.00  1,951.25     14.00        0.72   366,335.00
2027  2007-06-15  NAS100  1,951.25  1,973.00  1,949.75  1,969.75     18.50        0.95   334,211.00
2028  2007-06-18  NAS100  1,969.00  1,974.75  1,964.25  1,967.50     -2.25       -0.11   212,123.00
2029  2007-06-19  NAS100  1,968.00  1,972.00  1,957.00  1,967.00     -0.50       -0.03   283,938.00
2030  2007-06-20  NAS100  1,967.00  1,975.00  1,945.25  1,947.75    -19.25       -0.98   353,972.00
2031  2007-06-21  NAS100  1,948.75  1,968.00  1,938.25  1,965.75     18.00        0.92   436,866.00
2032  2007-06-22  NAS100  1,965.75  1,966.50  1,940.25  1,948.00    -17.75       -0.90   379,807.00
2033  2007-06-25  NAS100  1,947.75  1,958.25  1,927.00  1,941.00     -7.00       -0.36   391,852.00
2034  2007-06-26  NAS100  1,941.50  1,948.50  1,923.50  1,925.50    -15.50       -0.80   376,613.00
2035  2007-06-27  NAS100  1,926.50  1,956.75  1,918.00  1,955.50     30.00        1.56   391,632.00
2036  2007-06-28  NAS100  1,954.75  1,967.75  1,951.50  1,955.25     -0.25       -0.01   295,135.00
2037  2007-06-29  NAS100  1,957.00  1,969.25  1,941.50  1,956.00      0.75        0.04   311,324.00
2038  2007-07-02  NAS100  1,955.00  1,975.25  1,954.75  1,972.00     16.00        0.82   256,040.00
2039  2007-07-03  NAS100  1,973.00  1,985.00  1,971.75  1,985.00     13.00        0.66   143,265.00
2040  2007-07-05  NAS100  1,985.50  2,003.75  1,979.00  1,998.00     13.00        0.65   279,571.00
2041  2007-07-06  NAS100  1,996.50  2,009.75  1,992.50  2,009.00     11.00        0.55   211,477.00
2042  2007-07-09  NAS100  2,008.00  2,014.50  2,001.25  2,008.50     -0.50       -0.02   214,563.00
2043  2007-07-10  NAS100  2,009.00  2,010.75  1,989.25  1,992.00    -16.50       -0.82   379,924.00
2044  2007-07-11  NAS100  1,992.00  2,010.00  1,983.00  2,009.50     17.50        0.88   352,387.00
2045  2007-07-12  NAS100  2,009.75  2,039.25  2,006.25  2,034.75     25.25        1.26   399,719.00
2046  2007-07-13  NAS100  2,034.25  2,051.25  2,033.50  2,046.75     12.00        0.59   274,522.00
2047  2007-07-16  NAS100  2,047.50  2,055.75  2,041.50  2,048.50      1.75        0.09   254,545.00
2048  2007-07-17  NAS100  2,048.00  2,064.25  2,042.25  2,060.75     12.25        0.60   321,040.00
2049  2007-07-18  NAS100  2,056.50  2,060.50  2,036.00  2,059.75     -1.00       -0.05   473,502.00
2050  2007-07-19  NAS100  2,059.50  2,077.75  2,054.25  2,065.50      5.75        0.28   401,439.00
2051  2007-07-20  NAS100  2,063.50  2,065.50  2,040.00  2,055.25    -10.25       -0.50   492,089.00
2052  2007-07-23  NAS100  2,053.50  2,063.00  2,047.00  2,053.50     -1.75       -0.09   287,670.00
2053  2007-07-24  NAS100  2,053.25  2,054.25  2,011.00  2,025.50    -28.00       -1.36   529,621.00
2054  2007-07-25  NAS100  2,026.25  2,036.00  2,010.75  2,026.50      1.00        0.05   486,614.00
2055  2007-07-26  NAS100  2,026.50  2,039.50  1,969.25  2,000.50    -26.00       -1.28   808,824.00
2056  2007-07-27  NAS100  1,999.50  2,012.50  1,960.75  1,963.50    -37.00       -1.85   561,269.00
2057  2007-07-30  NAS100  1,964.50  1,996.25  1,957.25  1,993.25     29.75        1.52   442,171.00
2058  2007-07-31  NAS100  1,992.50  2,011.50  1,942.25  1,945.75    -47.50       -2.38   549,970.00
2059  2007-08-01  NAS100  1,951.50  1,963.50  1,923.75  1,960.50     14.75        0.76   700,548.00
2060  2007-08-02  NAS100  1,962.25  1,982.00  1,951.50  1,980.00     19.50        0.99   450,545.00
2061  2007-08-03  NAS100  1,979.25  1,981.50  1,928.50  1,939.50    -40.50       -2.05   481,085.00
2062  2007-08-06  NAS100  1,935.50  1,964.75  1,924.00  1,962.50     23.00        1.19   540,160.00
2063  2007-08-07  NAS100  1,962.00  1,989.00  1,942.50  1,974.00     11.50        0.59   464,816.00
2064  2007-08-08  NAS100  1,973.50  2,006.75  1,970.50  1,999.25     25.25        1.28   459,139.00
2065  2007-08-09  NAS100  1,997.50  2,002.25  1,942.50  1,945.50    -53.75       -2.69   600,458.00
2066  2007-08-10  NAS100  1,945.25  1,955.75  1,906.75  1,929.00    -16.50       -0.85   706,300.00
2067  2007-08-13  NAS100  1,933.25  1,957.25  1,932.00  1,942.50     13.50        0.70   353,391.00
2068  2007-08-14  NAS100  1,942.00  1,951.75  1,910.25  1,914.75    -27.75       -1.43   419,134.00
2069  2007-08-15  NAS100  1,914.25  1,923.75  1,872.75  1,878.50    -36.25       -1.89   588,210.00
2070  2007-08-16  NAS100  1,877.50  1,878.75  1,813.75  1,856.50    -22.00       -1.17   982,573.00
2071  2007-08-17  NAS100  1,860.00  1,913.00  1,829.25  1,892.25     35.75        1.93   634,861.00
2072  2007-08-20  NAS100  1,894.50  1,907.50  1,881.25  1,897.75      5.50        0.29   354,628.00
2073  2007-08-21  NAS100  1,898.25  1,924.00  1,888.75  1,919.75     22.00        1.16   330,618.00
2074  2007-08-22  NAS100  1,920.50  1,946.25  1,917.75  1,945.00     25.25        1.32   311,159.00
2075  2007-08-23  NAS100  1,944.75  1,960.00  1,927.50  1,939.50     -5.50       -0.28   323,828.00
2076  2007-08-24  NAS100  1,939.25  1,970.00  1,930.00  1,969.50     30.00        1.55   256,176.00
2077  2007-08-27  NAS100  1,969.50  1,969.50  1,948.25  1,950.50    -19.00       -0.96   207,153.00
2078  2007-08-28  NAS100  1,951.50  1,952.75  1,905.50  1,907.75    -42.75       -2.19   315,532.00
2079  2007-08-29  NAS100  1,909.75  1,962.00  1,906.00  1,961.00     53.25        2.79   369,827.00
2080  2007-08-30  NAS100  1,961.25  1,987.00  1,946.75  1,974.75     13.75        0.70   412,327.00
2081  2007-08-31  NAS100  1,973.00  2,000.75  1,973.00  1,994.75     20.00        1.01   289,431.00
2082  2007-09-04  NAS100  1,994.75  2,038.50  1,986.75  2,024.75     30.00        1.50   358,709.00
2083  2007-09-05  NAS100  2,024.75  2,025.50  1,991.25  2,003.25    -21.50       -1.06   359,771.00
2084  2007-09-06  NAS100  2,002.50  2,011.00  1,988.75  2,003.75      0.50        0.02   312,916.00
2085  2007-09-07  NAS100  2,003.50  2,004.25  1,952.75  1,970.50    -33.25       -1.66   457,589.00
2086  2007-09-10  NAS100  1,968.75  1,986.75  1,947.00  1,968.25     -2.25       -0.11   408,332.00
2087  2007-09-11  NAS100  1,968.50  1,995.00  1,966.50  1,993.50     25.25        1.28   333,519.00
2088  2007-09-12  NAS100  1,993.25  2,009.25  1,984.00  1,996.25      2.75        0.14   342,460.00
2089  2007-09-13  NAS100  1,997.00  2,008.50  1,991.25  2,000.75      4.50        0.23   166,789.00
2090  2007-09-14  NAS100  2,003.00  2,006.50  1,981.25  2,001.25      0.50        0.02    88,401.00
2091  2007-09-17  NAS100  2,000.25  2,000.75  1,976.75  1,982.50    -18.75       -0.94    91,056.00
2092  2007-09-18  NAS100  2,007.00  2,061.25  2,001.25  2,059.25     76.75        3.87   436,672.00
2093  2007-09-19  NAS100  2,057.75  2,080.75  2,055.75  2,064.00      4.75        0.23   409,135.00
2094  2007-09-20  NAS100  2,062.75  2,067.25  2,052.75  2,057.75     -6.25       -0.30   348,964.00
2095  2007-09-21  NAS100  2,058.25  2,078.00  2,054.25  2,068.50     10.75        0.52   257,684.00
2096  2007-09-24  NAS100  2,068.50  2,095.75  2,066.50  2,079.75     11.25        0.54   327,183.00
2097  2007-09-25  NAS100  2,079.00  2,101.00  2,071.25  2,097.50     17.75        0.85   275,794.00
2098  2007-09-26  NAS100  2,098.00  2,117.75  2,097.50  2,109.50     12.00        0.57   292,449.00
2099  2007-09-27  NAS100  2,109.50  2,123.00  2,109.50  2,121.75     12.25        0.58   229,470.00
2100  2007-09-28  NAS100  2,121.25  2,124.00  2,103.25  2,114.00     -7.75       -0.37   233,397.00
2101  2007-10-01  NAS100  2,116.25  2,143.50  2,109.50  2,135.25     21.25        1.01   301,564.00
2102  2007-10-02  NAS100  2,135.75  2,140.50  2,125.25  2,135.50      0.25        0.01   247,898.00
2103  2007-10-03  NAS100  2,134.75  2,138.75  2,115.25  2,120.75    -14.75       -0.69   282,508.00
2104  2007-10-04  NAS100  2,121.25  2,128.75  2,108.50  2,123.00      2.25        0.11   215,217.00
2105  2007-10-05  NAS100  2,123.00  2,173.00  2,121.50  2,170.75     47.75        2.25   360,629.00
2106  2007-10-08  NAS100  2,170.75  2,183.00  2,164.00  2,180.25      9.50        0.44   189,397.00
2107  2007-10-09  NAS100  2,180.50  2,195.00  2,176.25  2,194.25     14.00        0.64   286,138.00
2108  2007-10-10  NAS100  2,194.00  2,199.00  2,184.25  2,196.50      2.25        0.10   263,536.00
2109  2007-10-11  NAS100  2,196.00  2,214.00  2,145.75  2,166.75    -29.75       -1.35   569,241.00
2110  2007-10-12  NAS100  2,166.00  2,200.00  2,156.50  2,199.25     32.50        1.50   403,012.00
2111  2007-10-15  NAS100  2,199.50  2,204.00  2,162.00  2,180.75    -18.50       -0.84   397,174.00
2112  2007-10-16  NAS100  2,180.00  2,186.00  2,161.50  2,176.25     -4.50       -0.21   426,975.00
2113  2007-10-17  NAS100  2,179.25  2,202.75  2,160.25  2,196.75     20.50        0.94   524,557.00
2114  2007-10-18  NAS100  2,201.50  2,210.00  2,178.25  2,206.00      9.25        0.42   390,753.00
2115  2007-10-19  NAS100  2,206.50  2,218.25  2,146.50  2,149.75    -56.25       -2.55   567,524.00
2116  2007-10-22  NAS100  2,146.50  2,177.00  2,127.75  2,171.75     22.00        1.02   503,395.00
2117  2007-10-23  NAS100  2,176.25  2,221.00  2,176.25  2,212.00     40.25        1.85   455,704.00
2118  2007-10-24  NAS100  2,207.00  2,209.25  2,154.00  2,203.00     -9.00       -0.41   697,409.00
2119  2007-10-25  NAS100  2,203.50  2,220.00  2,159.25  2,193.25     -9.75       -0.44   542,429.00
2120  2007-10-26  NAS100  2,200.00  2,220.00  2,188.00  2,207.25     14.00        0.64   388,228.00
2121  2007-10-29  NAS100  2,207.50  2,230.25  2,204.25  2,215.50      8.25        0.37   247,726.00
2122  2007-10-30  NAS100  2,215.50  2,232.75  2,204.75  2,217.75      2.25        0.10   255,435.00
2123  2007-10-31  NAS100  2,217.75  2,253.00  2,210.50  2,252.50     34.75        1.57   398,459.00
2124  2007-11-01  NAS100  2,252.50  2,256.25  2,207.75  2,215.50    -37.00       -1.64   472,284.00
2125  2007-11-02  NAS100  2,214.00  2,234.50  2,192.00  2,223.50      8.00        0.36   548,559.00
2126  2007-11-05  NAS100  2,222.50  2,224.75  2,191.25  2,212.75    -10.75       -0.48   418,352.00
2127  2007-11-06  NAS100  2,212.25  2,236.00  2,199.00  2,233.50     20.75        0.94   385,278.00
2128  2007-11-07  NAS100  2,233.00  2,233.25  2,177.75  2,181.00    -52.50       -2.35   543,390.00
2129  2007-11-08  NAS100  2,175.00  2,180.00  2,081.00  2,105.50    -75.50       -3.46   884,081.00
2130  2007-11-09  NAS100  2,106.75  2,115.25  2,037.25  2,041.75    -63.75       -3.03   702,060.00
2131  2007-11-12  NAS100  2,041.00  2,051.75  1,986.50  1,989.50    -52.25       -2.56   658,058.00
2132  2007-11-13  NAS100  1,992.50  2,074.75  1,982.25  2,066.75     77.25        3.88   601,336.00
2133  2007-11-14  NAS100  2,067.25  2,101.75  2,037.00  2,057.50     -9.25       -0.45   614,107.00
2134  2007-11-15  NAS100  2,056.25  2,063.50  2,015.50  2,033.25    -24.25       -1.18   614,146.00
2135  2007-11-16  NAS100  2,035.25  2,060.75  2,014.00  2,055.25     22.00        1.08   529,817.00
2136  2007-11-19  NAS100  2,055.75  2,064.50  2,016.25  2,028.00    -27.25       -1.33   418,667.00
2137  2007-11-20  NAS100  2,030.00  2,071.75  1,994.50  2,035.50      7.50        0.37   650,573.00
2138  2007-11-21  NAS100  2,036.75  2,046.00  1,992.00  2,005.50    -30.00       -1.47   486,391.00
2139  2007-11-23  NAS100  2,006.50  2,037.25  2,004.50  2,032.50     27.00        1.35   137,737.00
2140  2007-11-26  NAS100  2,031.75  2,053.75  1,992.50  2,000.00    -32.50       -1.60   471,147.00
2141  2007-11-27  NAS100  2,001.00  2,040.00  1,995.25  2,032.50     32.50        1.63   589,395.00
2142  2007-11-28  NAS100  2,032.75  2,107.00  2,024.00  2,095.50     63.00        3.10   527,705.00
2143  2007-11-29  NAS100  2,094.25  2,114.00  2,085.75  2,100.50      5.00        0.24   394,851.00
2144  2007-11-30  NAS100  2,097.75  2,129.25  2,075.50  2,094.50     -6.00       -0.29   488,760.00
2145  2007-12-03  NAS100  2,092.75  2,103.25  2,069.75  2,075.00    -19.50       -0.93   331,852.00
2146  2007-12-04  NAS100  2,074.75  2,082.00  2,052.00  2,062.25    -12.75       -0.61   323,481.00
2147  2007-12-05  NAS100  2,061.75  2,108.25  2,061.75  2,101.25     39.00        1.89   359,768.00
2148  2007-12-06  NAS100  2,101.50  2,132.25  2,098.00  2,126.00     24.75        1.18   343,899.00
2149  2007-12-07  NAS100  2,125.00  2,139.25  2,118.00  2,132.00      6.00        0.28   268,677.00
2150  2007-12-10  NAS100  2,130.75  2,144.75  2,125.75  2,138.50      6.50        0.30   220,926.00
2151  2007-12-11  NAS100  2,138.50  2,151.25  2,084.25  2,090.00    -48.50       -2.27   408,517.00
2152  2007-12-12  NAS100  2,090.75  2,133.25  2,071.00  2,107.75     17.75        0.85   500,003.00
2153  2007-12-13  NAS100  2,108.00  2,108.00  2,074.25  2,092.75    -15.00       -0.71   210,839.00
2154  2007-12-14  NAS100  2,089.00  2,099.75  2,070.75  2,072.50    -20.25       -0.97   102,180.00
2155  2007-12-17  NAS100  2,064.00  2,081.75  2,022.00  2,028.50    -44.00       -2.12   121,281.00
2156  2007-12-18  NAS100  2,050.25  2,070.00  2,021.00  2,050.25     21.75        1.07   487,204.00
2157  2007-12-19  NAS100  2,049.75  2,061.50  2,038.00  2,057.25      7.00        0.34   363,950.00
2158  2007-12-20  NAS100  2,057.25  2,099.50  2,054.75  2,098.50     41.25        2.01   413,265.00
2159  2007-12-21  NAS100  2,098.50  2,137.25  2,098.50  2,137.25     38.75        1.85   265,630.00
2160  2007-12-24  NAS100  2,131.00  2,155.50  2,131.00  2,148.00     10.75        0.50    70,310.00
2161  2007-12-26  NAS100  2,148.75  2,164.25  2,138.25  2,159.50     11.50        0.54   117,077.00
2162  2007-12-27  NAS100  2,159.75  2,165.00  2,124.75  2,131.50    -28.00       -1.30   197,716.00
2163  2007-12-28  NAS100  2,131.00  2,146.25  2,112.50  2,125.00     -6.50       -0.30   161,664.00
2164  2007-12-31  NAS100  2,125.00  2,127.50  2,101.00  2,104.75    -20.25       -0.95   131,495.00
2165  2008-01-02  NAS100  2,111.25  2,117.00  2,056.50  2,070.00    -34.75       -1.65   390,997.00
2166  2008-01-03  NAS100  2,071.25  2,082.00  2,056.75  2,076.25      6.25        0.30   291,493.00
2167  2008-01-04  NAS100  2,075.50  2,082.75  1,976.75  1,985.00    -91.25       -4.39   524,481.00
2168  2008-01-07  NAS100  1,984.75  1,995.50  1,943.75  1,975.25     -9.75       -0.49   581,477.00
2169  2008-01-08  NAS100  1,974.25  1,998.50  1,921.75  1,928.50    -46.75       -2.37   592,711.00
2170  2008-01-09  NAS100  1,928.00  1,964.75  1,903.00  1,956.50     28.00        1.45   665,797.00
2171  2008-01-10  NAS100  1,956.50  1,982.00  1,937.00  1,960.75      4.25        0.22   639,029.00
2172  2008-01-11  NAS100  1,960.00  1,963.00  1,912.25  1,925.50    -35.25       -1.80   488,354.00
2173  2008-01-14  NAS100  1,927.50  1,964.75  1,906.00  1,955.00     29.50        1.53   378,134.00
2174  2008-01-15  NAS100  1,957.25  1,959.50  1,895.75  1,912.00    -43.00       -2.20   540,891.00
2175  2008-01-16  NAS100  1,880.00  1,919.25  1,859.25  1,881.00    -31.00       -1.62   707,613.00
2176  2008-01-17  NAS100  1,883.00  1,905.00  1,848.75  1,856.00    -25.00       -1.33   645,261.00
2177  2008-01-18  NAS100  1,858.25  1,887.00  1,839.00  1,849.50     -6.50       -0.35   644,551.00
2178  2008-01-22  NAS100  1,851.50  1,858.25  1,744.50  1,801.00    -48.50       -2.62   751,476.00
2179  2008-01-23  NAS100  1,809.50  1,812.00  1,698.25  1,807.50      6.50        0.36   888,037.00
2180  2008-01-24  NAS100  1,805.25  1,838.00  1,798.50  1,837.00     29.50        1.63   505,973.00
2181  2008-01-25  NAS100  1,847.00  1,873.50  1,791.00  1,793.50    -43.50       -2.37   519,626.00
2182  2008-01-28  NAS100  1,796.50  1,814.75  1,761.50  1,810.25     16.75        0.93   399,003.00
2183  2008-01-29  NAS100  1,809.00  1,825.00  1,797.50  1,812.00      1.75        0.10   329,069.00
2184  2008-01-30  NAS100  1,812.50  1,850.00  1,796.25  1,811.50     -0.50       -0.03   531,765.00
2185  2008-01-31  NAS100  1,807.00  1,860.50  1,783.50  1,847.75     36.25        2.00   580,744.00
2186  2008-02-01  NAS100  1,835.75  1,879.00  1,825.50  1,863.50     15.75        0.85   431,952.00
2187  2008-02-04  NAS100  1,864.75  1,869.25  1,824.00  1,826.75    -36.75       -1.97   283,442.00
2188  2008-02-05  NAS100  1,826.00  1,830.75  1,778.75  1,785.00    -41.75       -2.29   470,679.00
2189  2008-02-06  NAS100  1,788.50  1,801.25  1,736.50  1,748.25    -36.75       -2.06   432,051.00
2190  2008-02-07  NAS100  1,751.50  1,785.25  1,713.00  1,767.00     18.75        1.07   668,884.00
2191  2008-02-08  NAS100  1,768.00  1,784.25  1,750.00  1,776.50      9.50        0.54   411,987.00
2192  2008-02-11  NAS100  1,774.75  1,802.50  1,763.75  1,797.25     20.75        1.17   360,065.00
2193  2008-02-12  NAS100  1,796.75  1,816.75  1,772.75  1,790.00     -7.25       -0.40   411,526.00
2194  2008-02-13  NAS100  1,792.25  1,829.00  1,784.00  1,820.25     30.25        1.69   392,000.00
2195  2008-02-14  NAS100  1,822.00  1,831.25  1,788.00  1,794.25    -26.00       -1.43   424,778.00
2196  2008-02-15  NAS100  1,791.75  1,800.00  1,770.00  1,786.50     -7.75       -0.43   250,730.00
2197  2008-02-19  NAS100  1,782.75  1,821.00  1,762.00  1,781.50     -5.00       -0.28   370,968.00
2198  2008-02-20  NAS100  1,781.50  1,795.75  1,752.75  1,789.25      7.75        0.44   421,143.00
2199  2008-02-21  NAS100  1,788.75  1,810.75  1,764.75  1,776.00    -13.25       -0.74   371,062.00
2200  2008-02-22  NAS100  1,775.50  1,783.75  1,742.00  1,781.00      5.00        0.28   380,620.00
2201  2008-02-25  NAS100  1,776.00  1,794.75  1,764.50  1,785.50      4.50        0.25   383,131.00
2202  2008-02-26  NAS100  1,785.50  1,811.50  1,765.75  1,796.75     11.25        0.63   437,185.00
2203  2008-02-27  NAS100  1,795.75  1,809.75  1,777.25  1,800.25      3.50        0.19   364,965.00
2204  2008-02-28  NAS100  1,801.00  1,812.25  1,782.75  1,784.25    -16.00       -0.89   357,767.00
2205  2008-02-29  NAS100  1,785.00  1,789.25  1,742.75  1,748.25    -36.00       -2.02   437,678.00
2206  2008-03-03  NAS100  1,748.00  1,750.00  1,718.25  1,736.75    -11.50       -0.66   414,735.00
2207  2008-03-04  NAS100  1,737.50  1,751.00  1,708.75  1,742.50      5.75        0.33   525,382.00
2208  2008-03-05  NAS100  1,743.50  1,770.75  1,738.75  1,759.50     17.00        0.98   442,014.00
2209  2008-03-06  NAS100  1,757.50  1,773.00  1,711.00  1,714.25    -45.25       -2.57   429,884.00
2210  2008-03-07  NAS100  1,716.75  1,734.25  1,682.25  1,708.75     -5.50       -0.32   536,846.00
2211  2008-03-10  NAS100  1,708.25  1,717.75  1,674.00  1,676.75    -32.00       -1.87   378,869.00
2212  2008-03-11  NAS100  1,678.75  1,753.50  1,668.75  1,750.50     73.75        4.40   510,675.00
2213  2008-03-12  NAS100  1,751.00  1,766.25  1,731.50  1,734.75    -15.75       -0.90   390,376.00
2214  2008-03-13  NAS100  1,736.00  1,761.50  1,699.50  1,748.50     13.75        0.79   295,281.00
2215  2008-03-14  NAS100  1,749.75  1,776.25  1,696.75  1,718.00    -30.50       -1.74   185,270.00
2216  2008-03-17  NAS100  1,721.00  1,755.00  1,674.00  1,695.25    -22.75       -1.32   600,803.00
2217  2008-03-18  NAS100  1,696.25  1,772.80  1,694.50  1,771.00     75.75        4.47   573,469.00
2218  2008-03-19  NAS100  1,770.75  1,782.00  1,721.25  1,724.50    -46.50       -2.63   578,465.00
2219  2008-03-20  NAS100  1,725.50  1,759.25  1,709.75  1,750.00     25.50        1.48   387,747.00
2220  2008-03-24  NAS100  1,752.75  1,826.50  1,748.50  1,819.25     69.25        3.96   353,222.00
2221  2008-03-25  NAS100  1,819.00  1,839.50  1,806.50  1,826.00      6.75        0.37   328,964.00
2222  2008-03-26  NAS100  1,825.75  1,829.75  1,802.75  1,810.25    -15.75       -0.86   304,128.00
2223  2008-03-27  NAS100  1,807.75  1,823.50  1,782.75  1,792.00    -18.25       -1.01   377,784.00
2224  2008-03-28  NAS100  1,792.50  1,809.50  1,768.00  1,780.00    -12.00       -0.67   286,251.00
2225  2008-03-31  NAS100  1,780.50  1,796.50  1,767.50  1,790.50     10.50        0.59   301,949.00
2226  2008-04-01  NAS100  1,785.50  1,862.25  1,777.25  1,857.75     67.25        3.76   436,928.00
2227  2008-04-02  NAS100  1,857.50  1,878.25  1,843.25  1,862.25      4.50        0.24   366,927.00
2228  2008-04-03  NAS100  1,860.00  1,873.75  1,842.50  1,867.25      5.00        0.27   295,361.00
2229  2008-04-04  NAS100  1,867.75  1,891.25  1,852.75  1,869.75      2.50        0.13   321,637.00
2230  2008-04-07  NAS100  1,868.00  1,893.75  1,862.75  1,865.75     -4.00       -0.21   291,299.00
2231  2008-04-08  NAS100  1,866.75  1,866.75  1,843.50  1,854.75    -11.00       -0.59   254,231.00
2232  2008-04-09  NAS100  1,855.50  1,866.25  1,820.50  1,837.25    -17.50       -0.94   335,959.00
2233  2008-04-10  NAS100  1,836.25  1,870.25  1,823.75  1,858.75     21.50        1.17   307,696.00
2234  2008-04-11  NAS100  1,858.00  1,869.75  1,799.00  1,806.25    -52.50       -2.82   349,457.00
2235  2008-04-14  NAS100  1,807.00  1,814.00  1,791.50  1,796.25    -10.00       -0.55   251,452.00
2236  2008-04-15  NAS100  1,797.50  1,809.75  1,781.25  1,796.75      0.50        0.03   295,909.00
2237  2008-04-16  NAS100  1,817.00  1,865.75  1,814.50  1,862.25     65.50        3.65   409,684.00
2238  2008-04-17  NAS100  1,867.00  1,871.25  1,834.50  1,867.00      4.75        0.26   329,325.00
2239  2008-04-18  NAS100  1,873.00  1,914.75  1,870.50  1,903.00     36.00        1.93   374,155.00
2240  2008-04-21  NAS100  1,903.00  1,920.50  1,893.00  1,914.00     11.00        0.58   207,006.00
2241  2008-04-22  NAS100  1,913.00  1,918.00  1,872.75  1,895.00    -19.00       -0.99   288,111.00
2242  2008-04-23  NAS100  1,895.50  1,919.25  1,889.00  1,905.50     10.50        0.55   292,852.00
2243  2008-04-24  NAS100  1,906.50  1,949.50  1,887.00  1,920.75     15.25        0.80   421,390.00
2244  2008-04-25  NAS100  1,920.00  1,933.75  1,898.75  1,921.00      0.25        0.01   304,354.00
2245  2008-04-28  NAS100  1,922.25  1,941.75  1,918.75  1,926.50      5.50        0.29   189,027.00
2246  2008-04-29  NAS100  1,926.50  1,947.75  1,918.75  1,939.00     12.50        0.65   189,027.00
2247  2008-04-30  NAS100  1,939.00  1,960.50  1,916.75  1,923.25    -15.75       -0.81   368,157.00
2248  2008-05-01  NAS100  1,922.25  1,985.75  1,921.50  1,983.25     60.00        3.12   437,067.00
2249  2008-05-02  NAS100  1,984.00  2,008.00  1,970.00  1,990.25      7.00        0.35   373,363.00
2250  2008-05-05  NAS100  1,987.00  1,997.75  1,969.00  1,980.50     -9.75       -0.49   210,793.00
2251  2008-05-06  NAS100  1,981.00  2,002.50  1,962.00  1,999.00     18.50        0.93   341,520.00
2252  2008-05-07  NAS100  2,000.75  2,005.50  1,950.00  1,960.50    -38.50       -1.93   377,149.00
2253  2008-05-08  NAS100  1,961.00  1,984.00  1,958.00  1,965.00      4.50        0.23   303,943.00
2254  2008-05-09  NAS100  1,964.00  1,973.50  1,951.25  1,963.25     -1.75       -0.09   260,386.00
2255  2008-05-12  NAS100  1,963.25  2,003.50  1,961.50  1,998.50     35.25        1.80   281,049.00
2256  2008-05-13  NAS100  1,997.25  2,009.00  1,985.50  2,006.00      7.50        0.38   274,146.00
2257  2008-05-14  NAS100  2,006.25  2,032.75  1,995.75  1,996.50     -9.50       -0.47   355,469.00
2258  2008-05-15  NAS100  1,996.50  2,037.25  1,994.25  2,035.75     39.25        1.97   363,687.00
2259  2008-05-16  NAS100  2,035.00  2,041.50  2,012.75  2,035.50     -0.25       -0.01   339,383.00
2260  2008-05-19  NAS100  2,035.50  2,054.25  2,008.25  2,025.75     -9.75       -0.48   364,272.00
2261  2008-05-20  NAS100  2,024.75  2,026.00  1,990.25  2,009.50    -16.25       -0.80   357,159.00
2262  2008-05-21  NAS100  2,008.75  2,019.25  1,954.00  1,964.50    -45.00       -2.24   480,931.00
2263  2008-05-22  NAS100  1,966.75  1,981.50  1,957.50  1,966.50      2.00        0.10   378,163.00
2264  2008-05-23  NAS100  1,966.00  1,969.50  1,945.75  1,958.25     -8.25       -0.42   378,163.00
2265  2008-05-26  NAS100  1,960.25  1,968.00  1,954.00  1,963.25      5.00        0.26   281,965.00
2266  2008-05-27  NAS100  1,960.25  1,998.50  1,954.00  1,993.00     29.75        1.52   327,749.00
2267  2008-05-28  NAS100  1,993.75  2,008.75  1,983.25  2,005.00     12.00        0.60   309,767.00
2268  2008-05-29  NAS100  2,002.50  2,033.00  1,999.75  2,023.00     18.00        0.90   355,558.00
2269  2008-05-30  NAS100  2,025.75  2,043.75  2,023.50  2,035.25     12.25        0.61   255,734.00
2270  2008-06-02  NAS100  2,037.00  2,038.50  1,991.00  2,011.25    -24.00       -1.18   371,385.00
2271  2008-06-03  NAS100  2,011.75  2,029.25  1,978.75  1,998.25    -13.00       -0.65   462,336.00
2272  2008-06-04  NAS100  1,999.00  2,038.00  1,986.00  2,020.75     22.50        1.13   469,216.00
2273  2008-06-05  NAS100  2,019.50  2,060.25  2,017.25  2,056.25     35.50        1.76   381,105.00
2274  2008-06-06  NAS100  2,055.25  2,062.75  1,987.00  1,988.75    -67.50       -3.28   524,914.00
2275  2008-06-09  NAS100  1,987.50  2,000.50  1,949.00  1,987.75     -1.00       -0.05   512,507.00
2276  2008-06-10  NAS100  1,986.00  1,989.50  1,956.50  1,973.25    -14.50       -0.73   410,368.00
2277  2008-06-11  NAS100  1,972.25  1,983.75  1,923.75  1,926.75    -46.50       -2.36   481,595.00
2278  2008-06-12  NAS100  1,923.50  1,956.00  1,910.25  1,930.00      3.25        0.17   242,630.00
2279  2008-06-13  NAS100  1,934.50  1,970.50  1,919.50  1,965.00     35.00        1.81   131,468.00
2280  2008-06-16  NAS100  1,968.75  1,992.50  1,952.50  1,980.50     15.50        0.79   101,858.00
2281  2008-06-17  NAS100  1,988.75  2,005.75  1,979.50  1,986.25      5.75        0.29   392,702.00
2282  2008-06-18  NAS100  1,986.00  1,989.75  1,952.50  1,961.50    -24.75       -1.25   442,572.00
2283  2008-06-19  NAS100  1,961.00  2,001.75  1,943.25  1,990.50     29.00        1.48   552,215.00
2284  2008-06-20  NAS100  1,992.50  1,994.00  1,927.50  1,941.50    -49.00       -2.46   541,065.00
2285  2008-06-23  NAS100  1,943.00  1,952.00  1,917.50  1,918.00    -23.50       -1.21   347,901.00
2286  2008-06-24  NAS100  1,919.00  1,934.75  1,895.00  1,911.50     -6.50       -0.34   413,462.00
2287  2008-06-25  NAS100  1,912.00  1,960.75  1,912.00  1,932.25     20.75        1.09   395,524.00
2288  2008-06-26  NAS100  1,932.00  1,933.25  1,862.50  1,866.50    -65.75       -3.40   492,064.00
2289  2008-06-27  NAS100  1,871.75  1,877.75  1,836.00  1,865.75     -0.75       -0.04   434,636.00
2290  2008-06-30  NAS100  1,866.75  1,873.00  1,842.25  1,846.00    -19.75       -1.06   369,687.00
2291  2008-07-01  NAS100  1,849.75  1,872.00  1,815.75  1,869.00     23.00        1.25   582,015.00
2292  2008-07-02  NAS100  1,869.75  1,887.25  1,820.50  1,825.00    -44.00       -2.35   476,841.00
2293  2008-07-03  NAS100  1,826.75  1,839.00  1,806.25  1,822.00     -3.00       -0.16   326,610.00
2294  2008-07-04  NAS100  1,822.00  1,828.50  1,813.75  1,822.00      0.00        0.00   326,610.00
2295  2008-07-07  NAS100  1,815.75  1,854.50  1,804.00  1,832.25     10.25        0.56   506,848.00
2296  2008-07-08  NAS100  1,831.25  1,876.75  1,810.75  1,868.50     36.25        1.98   490,691.00
2297  2008-07-09  NAS100  1,869.00  1,877.50  1,823.75  1,831.50    -37.00       -1.98   425,063.00
2298  2008-07-10  NAS100  1,831.75  1,852.75  1,809.50  1,844.25     12.75        0.70   520,207.00
2299  2008-07-11  NAS100  1,845.50  1,860.25  1,788.00  1,820.50    -23.75       -1.29   586,094.00
2300  2008-07-14  NAS100  1,817.75  1,850.50  1,796.75  1,802.50    -18.00       -0.99   480,210.00
2301  2008-07-15  NAS100  1,802.75  1,833.50  1,765.25  1,799.00     -3.50       -0.19   685,484.00
2302  2008-07-16  NAS100  1,802.75  1,850.25  1,785.75  1,844.75     45.75        2.54   542,827.00
2303  2008-07-17  NAS100  1,841.25  1,868.50  1,833.00  1,839.75     -5.00       -0.27   532,829.00
2304  2008-07-18  NAS100  1,832.50  1,848.50  1,819.25  1,828.75    -11.00       -0.60   430,280.00
2305  2008-07-21  NAS100  1,827.75  1,845.00  1,813.25  1,827.50     -1.25       -0.07   332,636.00
2306  2008-07-22  NAS100  1,821.75  1,827.25  1,787.75  1,824.00     -3.50       -0.19   436,295.00
2307  2008-07-23  NAS100  1,825.25  1,870.25  1,822.25  1,849.00     25.00        1.37   494,064.00
2308  2008-07-24  NAS100  1,846.25  1,863.50  1,811.50  1,819.50    -29.50       -1.60   412,530.00
2309  2008-07-25  NAS100  1,818.00  1,853.50  1,815.25  1,840.50     21.00        1.15   294,471.00
2310  2008-07-28  NAS100  1,845.25  1,854.50  1,800.00  1,813.75    -26.75       -1.45   351,219.00
2311  2008-07-29  NAS100  1,811.75  1,855.50  1,806.50  1,842.00     28.25        1.56   374,080.00
2312  2008-07-30  NAS100  1,842.25  1,866.75  1,828.25  1,856.25     14.25        0.77   412,764.00
2313  2008-07-31  NAS100  1,857.25  1,878.75  1,832.50  1,853.75     -2.50       -0.13   448,365.00
2314  2008-08-01  NAS100  1,854.25  1,863.25  1,806.75  1,833.00    -20.75       -1.12   454,181.00
2315  2008-08-04  NAS100  1,833.25  1,837.25  1,801.75  1,812.00    -21.00       -1.15   282,460.00
2316  2008-08-05  NAS100  1,811.50  1,874.00  1,810.00  1,869.00     57.00        3.15   408,417.00
2317  2008-08-06  NAS100  1,869.00  1,906.75  1,856.00  1,896.25     27.25        1.46   418,191.00
2318  2008-08-07  NAS100  1,896.50  1,907.75  1,876.50  1,886.00    -10.25       -0.54   361,538.00
2319  2008-08-08  NAS100  1,886.25  1,932.00  1,879.25  1,923.75     37.75        2.00   405,308.00
2320  2008-08-11  NAS100  1,921.00  1,966.00  1,918.75  1,943.00     19.25        1.00   431,061.00
2321  2008-08-12  NAS100  1,941.50  1,961.00  1,931.25  1,944.75      1.75        0.09   386,802.00
2322  2008-08-13  NAS100  1,944.75  1,959.25  1,923.75  1,941.50     -3.25       -0.17   443,815.00
2323  2008-08-14  NAS100  1,943.50  1,973.00  1,933.50  1,965.75     24.25        1.25   440,377.00
2324  2008-08-15  NAS100  1,966.00  1,977.25  1,952.50  1,965.50     -0.25       -0.01   346,035.00
2325  2008-08-18  NAS100  1,964.00  1,976.00  1,923.75  1,943.50    -22.00       -1.12   352,952.00
2326  2008-08-19  NAS100  1,943.25  1,946.50  1,903.00  1,919.25    -24.25       -1.25   385,099.00
2327  2008-08-20  NAS100  1,918.75  1,936.00  1,902.25  1,916.00     -3.25       -0.17   341,719.00
2328  2008-08-21  NAS100  1,915.75  1,917.00  1,888.25  1,907.25     -8.75       -0.46   303,345.00
2329  2008-08-22  NAS100  1,906.75  1,941.25  1,901.25  1,929.50     22.25        1.17   271,663.00
2330  2008-08-25  NAS100  1,930.00  1,930.75  1,887.00  1,895.00    -34.50       -1.79   351,009.00
2331  2008-08-26  NAS100  1,894.75  1,903.75  1,876.50  1,891.50     -3.50       -0.18   263,220.00
2332  2008-08-27  NAS100  1,891.50  1,916.50  1,882.00  1,901.75     10.25        0.54   297,429.00
2333  2008-08-28  NAS100  1,901.00  1,924.00  1,891.00  1,905.50      3.75        0.20   285,917.00
2334  2008-08-29  NAS100  1,905.00  1,908.00  1,867.50  1,875.00    -30.50       -1.60   366,685.00
2335  2008-09-02  NAS100  1,875.25  1,915.50  1,844.00  1,851.75    -23.25       -1.24   456,058.00
2336  2008-09-03  NAS100  1,851.75  1,859.50  1,821.75  1,834.25    -17.50       -0.95   406,931.00
2337  2008-09-04  NAS100  1,836.25  1,836.25  1,774.00  1,775.75    -58.50       -3.19   491,522.00
2338  2008-09-05  NAS100  1,774.75  1,780.50  1,741.25  1,770.00     -5.75       -0.32   472,011.00
2339  2008-09-08  NAS100  1,794.50  1,815.25  1,735.25  1,760.75     -9.25       -0.52   571,291.00
2340  2008-09-09  NAS100  1,762.50  1,780.25  1,720.75  1,728.75    -32.00       -1.82   484,670.00
2341  2008-09-10  NAS100  1,731.75  1,755.75  1,726.00  1,737.50      8.75        0.51   408,212.00
2342  2008-09-11  NAS100  1,736.75  1,776.50  1,705.25  1,775.25     37.75        2.17   327,402.00
2343  2008-09-12  NAS100  1,773.25  1,780.00  1,743.75  1,773.25     -2.00       -0.11   153,681.00
2344  2008-09-15  NAS100  1,763.25  1,763.25  1,706.00  1,715.50    -57.75       -3.26   103,606.00
2345  2008-09-16  NAS100  1,721.00  1,748.25  1,690.00  1,733.00     17.50        1.02   737,643.00
2346  2008-09-17  NAS100  1,734.25  1,747.75  1,639.75  1,647.00    -86.00       -4.96   710,823.00
2347  2008-09-18  NAS100  1,659.50  1,712.75  1,612.25  1,708.50     61.50        3.73 1,039,167.00
2348  2008-09-19  NAS100  1,706.50  1,801.50  1,704.00  1,739.50     31.00        1.81   536,698.00
2349  2008-09-22  NAS100  1,735.00  1,752.00  1,663.25  1,669.75    -69.75       -4.01   393,824.00
2350  2008-09-23  NAS100  1,669.50  1,701.75  1,647.75  1,650.50    -19.25       -1.15   423,082.00
2351  2008-09-24  NAS100  1,656.75  1,682.00  1,649.50  1,672.00     21.50        1.30   354,265.00
2352  2008-09-25  NAS100  1,671.00  1,714.25  1,664.75  1,680.00      8.00        0.48   356,372.00
2353  2008-09-26  NAS100  1,674.50  1,684.50  1,630.00  1,674.75     -5.25       -0.31   363,341.00
2354  2008-09-29  NAS100  1,680.75  1,688.00  1,494.00  1,512.00   -162.75       -9.72   602,280.00
2355  2008-09-30  NAS100  1,515.00  1,605.75  1,505.75  1,594.25     82.25        5.44   433,127.00
2356  2008-10-01  NAS100  1,599.75  1,600.25  1,552.25  1,578.75    -15.50       -0.97   360,321.00
2357  2008-10-02  NAS100  1,577.25  1,590.75  1,495.75  1,510.50    -68.25       -4.32   375,716.00
2358  2008-10-03  NAS100  1,510.00  1,561.75  1,474.75  1,477.50    -33.00       -2.18   501,705.00
2359  2008-10-06  NAS100  1,478.00  1,480.00  1,343.75  1,406.50    -71.00       -4.81   665,348.00
2360  2008-10-07  NAS100  1,409.00  1,440.00  1,332.25  1,336.50    -70.00       -4.98   586,337.00
2361  2008-10-08  NAS100  1,342.00  1,393.25  1,280.75  1,320.00    -16.50       -1.23   720,811.00
2362  2008-10-09  NAS100  1,329.00  1,373.00  1,262.50  1,272.00    -48.00       -3.64   596,728.00
2363  2008-10-10  NAS100  1,281.75  1,326.25  1,198.25  1,282.50     10.50        0.83   829,115.00
2364  2008-10-13  NAS100  1,297.50  1,459.50  1,297.50  1,458.50    176.00       13.72   483,702.00
2365  2008-10-14  NAS100  1,451.75  1,499.00  1,353.25  1,366.00    -92.50       -6.34   629,280.00
2366  2008-10-15  NAS100  1,378.50  1,391.25  1,229.00  1,229.00   -137.00      -10.03   559,282.00
2367  2008-10-16  NAS100  1,234.00  1,330.75  1,191.25  1,323.00     94.00        7.65   787,162.00
2368  2008-10-17  NAS100  1,321.00  1,371.75  1,269.00  1,311.00    -12.00       -0.91   585,775.00
2369  2008-10-20  NAS100  1,314.00  1,363.25  1,291.00  1,360.00     49.00        3.74   382,889.00
2370  2008-10-21  NAS100  1,364.25  1,364.25  1,280.50  1,292.50    -67.50       -4.96   427,559.00
2371  2008-10-22  NAS100  1,290.00  1,324.00  1,208.25  1,248.00    -44.50       -3.44   508,040.00
2372  2008-10-23  NAS100  1,246.00  1,265.50  1,175.75  1,253.50      5.50        0.44   585,868.00
2373  2008-10-24  NAS100  1,249.75  1,254.75  1,149.75  1,191.50    -62.00       -4.95   530,487.00
2374  2008-10-27  NAS100  1,190.75  1,228.50  1,136.75  1,162.00    -29.50       -2.48   394,574.00
2375  2008-10-28  NAS100  1,162.75  1,309.00  1,151.25  1,308.00    146.00       12.56   485,392.00
2376  2008-10-29  NAS100  1,305.50  1,346.75  1,271.25  1,294.00    -14.00       -1.07   521,645.00
2377  2008-10-30  NAS100  1,293.00  1,354.75  1,293.00  1,345.00     51.00        3.94   412,418.00
2378  2008-10-31  NAS100  1,340.00  1,361.25  1,305.25  1,337.00     -8.00       -0.59   351,846.00
2379  2008-11-03  NAS100  1,340.00  1,356.50  1,322.50  1,341.50      4.50        0.34   214,652.00
2380  2008-11-04  NAS100  1,341.25  1,384.00  1,333.75  1,380.50     39.00        2.91   323,132.00
2381  2008-11-05  NAS100  1,379.75  1,389.00  1,296.25  1,306.25    -74.25       -5.38   372,652.00
2382  2008-11-06  NAS100  1,304.75  1,305.75  1,235.00  1,240.50    -65.75       -5.03   462,520.00
2383  2008-11-07  NAS100  1,241.25  1,290.00  1,241.25  1,288.50     48.00        3.87   338,144.00
2384  2008-11-10  NAS100  1,293.00  1,321.25  1,235.50  1,256.50    -32.00       -2.48   291,818.00
2385  2008-11-11  NAS100  1,255.00  1,262.00  1,208.00  1,223.00    -33.50       -2.67   339,641.00
2386  2008-11-12  NAS100  1,222.00  1,244.75  1,161.00  1,163.50    -59.50       -4.87   371,596.00
2387  2008-11-13  NAS100  1,165.25  1,243.75  1,108.50  1,234.50     71.00        6.10   579,982.00
2388  2008-11-14  NAS100  1,237.75  1,239.75  1,155.00  1,155.50    -79.00       -6.40   439,353.00
2389  2008-11-17  NAS100  1,157.25  1,188.75  1,139.25  1,158.50      3.00        0.26   364,613.00
2390  2008-11-18  NAS100  1,159.00  1,175.50  1,113.00  1,174.00     15.50        1.34   437,110.00
2391  2008-11-19  NAS100  1,168.50  1,172.00  1,082.75  1,092.50    -81.50       -6.94   469,239.00
2392  2008-11-20  NAS100  1,089.50  1,115.00  1,031.25  1,039.50    -53.00       -4.85   584,821.00
2393  2008-11-21  NAS100  1,043.50  1,093.00  1,017.75  1,091.00     51.50        4.95   511,389.00
2394  2008-11-24  NAS100  1,098.25  1,164.00  1,072.25  1,147.00     56.00        5.13   415,253.00
2395  2008-11-25  NAS100  1,145.75  1,174.25  1,117.75  1,135.50    -11.50       -1.00   388,743.00
2396  2008-11-26  NAS100  1,135.00  1,195.00  1,122.00  1,194.50     59.00        5.20   304,609.00
2397  2008-11-28  NAS100  1,191.75  1,199.50  1,171.25  1,186.00     -8.50       -0.71    86,994.00
2398  2008-12-01  NAS100  1,185.75  1,188.25  1,090.25  1,094.50    -91.50       -7.72   335,423.00
2399  2008-12-02  NAS100  1,091.25  1,136.00  1,089.50  1,133.00     38.50        3.52   376,422.00
2400  2008-12-03  NAS100  1,132.25  1,166.50  1,096.00  1,156.00     23.00        2.03   422,325.00
2401  2008-12-04  NAS100  1,157.75  1,169.00  1,109.00  1,135.00    -21.00       -1.82   381,601.00
2402  2008-12-05  NAS100  1,134.00  1,181.00  1,095.00  1,178.00     43.00        3.79   440,158.00
2403  2008-12-08  NAS100  1,177.00  1,237.75  1,170.75  1,212.00     34.00        2.89   383,648.00
2404  2008-12-09  NAS100  1,213.75  1,252.50  1,200.50  1,217.00      5.00        0.41   373,552.00
2405  2008-12-10  NAS100  1,217.75  1,240.25  1,203.25  1,217.00      0.00        0.00   339,136.00
2406  2008-12-11  NAS100  1,217.75  1,229.50  1,175.50  1,188.50    -28.50       -2.34   182,020.00
2407  2008-12-12  NAS100  1,185.25  1,215.00  1,134.00  1,213.50     25.00        2.10   135,271.00
2408  2008-12-15  NAS100  1,213.50  1,222.75  1,166.75  1,193.50    -20.00       -1.65    95,901.00
2409  2008-12-16  NAS100  1,193.50  1,248.75  1,189.25  1,241.00     47.50        3.98   342,050.00
2410  2008-12-17  NAS100  1,241.50  1,244.75  1,205.25  1,228.50    -12.50       -1.01   294,861.00
2411  2008-12-18  NAS100  1,227.50  1,237.25  1,193.50  1,225.50     -3.00       -0.24   285,614.00
2412  2008-12-19  NAS100  1,221.50  1,237.75  1,209.00  1,211.00    -14.50       -1.18   231,281.00
2413  2008-12-22  NAS100  1,211.50  1,223.50  1,169.50  1,197.00    -14.00       -1.16   186,232.00
2414  2008-12-23  NAS100  1,199.25  1,206.50  1,176.25  1,184.50    -12.50       -1.04   134,786.00
2415  2008-12-24  NAS100  1,185.75  1,189.50  1,178.75  1,180.00     -4.50       -0.38    39,768.00
2416  2008-12-26  NAS100  1,184.75  1,191.00  1,178.75  1,188.50      8.50        0.72    39,812.00
2417  2008-12-29  NAS100  1,188.00  1,198.00  1,156.25  1,175.50    -13.00       -1.09   120,963.00
2418  2008-12-30  NAS100  1,176.25  1,208.00  1,175.25  1,206.00     30.50        2.59   151,277.00
2419  2008-12-31  NAS100  1,206.25  1,224.75  1,196.75  1,212.50      6.50        0.54   125,382.00
2420  2009-01-02  NAS100  1,211.00  1,268.25  1,201.00  1,253.00     40.50        3.34   190,785.00
2421  2009-01-05  NAS100  1,251.75  1,275.00  1,244.25  1,265.00     12.00        0.96   206,046.00
2422  2009-01-06  NAS100  1,263.75  1,287.00  1,259.50  1,271.00      6.00        0.47   264,042.00
2423  2009-01-07  NAS100  1,270.00  1,273.25  1,227.50  1,239.50    -31.50       -2.48   277,243.00
2424  2009-01-08  NAS100  1,240.50  1,252.75  1,222.75  1,249.50     10.00        0.81   256,807.00
2425  2009-01-09  NAS100  1,250.25  1,256.25  1,216.00  1,221.50    -28.00       -2.24   245,200.00
2426  2009-01-12  NAS100  1,221.00  1,226.00  1,186.25  1,206.00    -15.50       -1.27   224,799.00
2427  2009-01-13  NAS100  1,206.25  1,218.50  1,185.00  1,204.00     -2.00       -0.17   285,219.00
2428  2009-01-14  NAS100  1,204.00  1,210.75  1,155.25  1,165.50    -38.50       -3.20   289,537.00
2429  2009-01-15  NAS100  1,165.25  1,191.00  1,138.50  1,177.25     11.75        1.01   384,576.00
2430  2009-01-16  NAS100  1,181.00  1,201.00  1,164.50  1,197.00     19.75        1.68   310,413.00
2431  2009-01-19  NAS100  1,199.00  1,222.25  1,132.00  1,147.50    -49.50       -4.14   326,088.00
2432  2009-01-21  NAS100  1,148.25  1,185.00  1,140.00  1,181.50     34.00        2.96   299,364.00
2433  2009-01-22  NAS100  1,181.75  1,202.25  1,146.00  1,172.25     -9.25       -0.78   356,738.00
2434  2009-01-23  NAS100  1,169.50  1,191.00  1,141.50  1,164.25     -8.00       -0.68   347,363.00
2435  2009-01-26  NAS100  1,165.00  1,201.25  1,146.75  1,179.50     15.25        1.31   300,366.00
2436  2009-01-27  NAS100  1,181.00  1,200.25  1,176.25  1,185.75      6.25        0.53   248,890.00
2437  2009-01-28  NAS100  1,187.75  1,244.75  1,185.00  1,231.25     45.50        3.84   320,654.00
2438  2009-01-29  NAS100  1,230.00  1,231.25  1,196.00  1,206.00    -25.25       -2.05   268,951.00
2439  2009-01-30  NAS100  1,207.50  1,214.25  1,173.75  1,179.25    -26.75       -2.22   298,960.00
2440  2009-02-02  NAS100  1,181.00  1,202.00  1,153.50  1,188.75      9.50        0.81   289,561.00
2441  2009-02-03  NAS100  1,189.75  1,217.75  1,177.50  1,207.75     19.00        1.60   305,832.00
2442  2009-02-04  NAS100  1,208.50  1,242.75  1,203.75  1,214.00      6.25        0.52   310,950.00
2443  2009-02-05  NAS100  1,214.75  1,249.25  1,185.00  1,234.50     20.50        1.69   428,893.00
2444  2009-02-06  NAS100  1,236.50  1,279.50  1,230.25  1,275.75     41.25        3.34   337,645.00
2445  2009-02-09  NAS100  1,273.00  1,285.50  1,258.00  1,275.75      0.00        0.00   218,398.00
2446  2009-02-10  NAS100  1,274.25  1,286.00  1,221.50  1,232.50    -43.25       -3.39   423,413.00
2447  2009-02-11  NAS100  1,227.00  1,239.75  1,206.50  1,224.50     -8.00       -0.65   295,597.00
2448  2009-02-12  NAS100  1,224.75  1,247.00  1,202.50  1,245.25     20.75        1.69   412,705.00
2449  2009-02-13  NAS100  1,245.25  1,255.00  1,226.00  1,229.25    -16.00       -1.28   286,592.00
2450  2009-02-16  NAS100  1,224.25  1,227.00  1,179.00  1,182.50    -46.75       -3.80   383,318.00
2451  2009-02-18  NAS100  1,185.25  1,204.00  1,171.50  1,180.00     -2.50       -0.21   355,522.00
2452  2009-02-19  NAS100  1,178.50  1,201.50  1,165.25  1,170.50     -9.50       -0.81   339,233.00
2453  2009-02-20  NAS100  1,170.50  1,183.50  1,150.00  1,171.75      1.25        0.11   442,366.00
2454  2009-02-23  NAS100  1,174.50  1,196.00  1,125.50  1,135.75    -36.00       -3.07   377,881.00
2455  2009-02-24  NAS100  1,136.00  1,176.75  1,133.00  1,163.50     27.75        2.44   390,287.00
2456  2009-02-25  NAS100  1,163.00  1,184.25  1,142.00  1,154.00     -9.50       -0.82   419,637.00
2457  2009-02-26  NAS100  1,155.50  1,175.00  1,126.75  1,132.25    -21.75       -1.88   364,112.00
2458  2009-02-27  NAS100  1,131.00  1,138.75  1,107.25  1,117.00    -15.25       -1.35   401,798.00
2459  2009-03-02  NAS100  1,114.25  1,116.00  1,074.25  1,086.00    -31.00       -2.78   398,697.00
2460  2009-03-03  NAS100  1,086.00  1,102.25  1,068.00  1,072.00    -14.00       -1.29   367,263.00
2461  2009-03-04  NAS100  1,073.00  1,125.00  1,062.00  1,101.00     29.00        2.71   426,573.00
2462  2009-03-05  NAS100  1,122.25  1,122.25  1,072.00  1,083.00    -18.00       -1.63   426,158.00
2463  2009-03-06  NAS100  1,084.00  1,089.50  1,043.00  1,076.50     -6.50       -0.60   455,925.00
2464  2009-03-09  NAS100  1,076.75  1,087.75  1,040.25  1,047.00    -29.50       -2.74   421,893.00
2465  2009-03-10  NAS100  1,045.25  1,112.50  1,041.75  1,106.00     59.00        5.64   418,341.00
2466  2009-03-11  NAS100  1,105.00  1,135.75  1,105.00  1,125.00     19.00        1.72   420,617.00
2467  2009-03-12  NAS100  1,125.50  1,167.75  1,111.75  1,164.50     39.50        3.51   224,268.00
2468  2009-03-13  NAS100  1,159.00  1,176.00  1,149.25  1,169.50      5.00        0.43   109,382.00
2469  2009-03-16  NAS100  1,169.00  1,182.00  1,144.00  1,153.75    -15.75       -1.35   114,924.00
2470  2009-03-17  NAS100  1,151.25  1,191.50  1,146.75  1,190.25     36.50        3.16   387,148.00
2471  2009-03-18  NAS100  1,190.00  1,224.75  1,179.00  1,212.75     22.50        1.89   405,034.00
2472  2009-03-19  NAS100  1,211.75  1,222.75  1,194.50  1,203.50     -9.25       -0.76   327,571.00
2473  2009-03-20  NAS100  1,204.75  1,220.00  1,177.25  1,188.00    -15.50       -1.29   331,995.00
2474  2009-03-23  NAS100  1,186.50  1,258.00  1,186.50  1,252.00     64.00        5.39   371,424.00
2475  2009-03-24  NAS100  1,253.50  1,255.00  1,231.50  1,236.25    -15.75       -1.26   272,775.00
2476  2009-03-25  NAS100  1,235.50  1,261.50  1,205.25  1,233.50     -2.75       -0.22   402,757.00
2477  2009-03-26  NAS100  1,231.00  1,281.75  1,231.00  1,273.00     39.50        3.20   386,569.00
2478  2009-03-27  NAS100  1,273.50  1,277.00  1,248.00  1,256.00    -17.00       -1.34   274,212.00
2479  2009-03-30  NAS100  1,250.00  1,254.50  1,203.50  1,222.75    -33.25       -2.65   307,717.00
2480  2009-03-31  NAS100  1,222.75  1,257.75  1,222.00  1,237.50     14.75        1.21   311,992.00
2481  2009-04-01  NAS100  1,228.00  1,254.75  1,210.00  1,251.00     13.50        1.09   330,213.00
2482  2009-04-02  NAS100  1,251.00  1,310.75  1,248.75  1,301.50     50.50        4.04   429,146.00
2483  2009-04-03  NAS100  1,303.75  1,318.00  1,293.25  1,316.25     14.75        1.13   275,816.00
2484  2009-04-06  NAS100  1,315.50  1,327.50  1,285.50  1,312.00     -4.25       -0.32   253,879.00
2485  2009-04-07  NAS100  1,312.00  1,317.25  1,266.75  1,280.75    -31.25       -2.38   308,263.00
2486  2009-04-08  NAS100  1,282.00  1,305.75  1,267.00  1,298.50     17.75        1.39   273,572.00
2487  2009-04-09  NAS100  1,298.75  1,341.25  1,297.25  1,336.00     37.50        2.89   268,598.00
2488  2009-04-13  NAS100  1,332.00  1,343.50  1,321.50  1,332.00     -4.00       -0.30   193,379.00
2489  2009-04-14  NAS100  1,334.00  1,341.00  1,310.50  1,324.00     -8.00       -0.60   282,602.00
2490  2009-04-15  NAS100  1,312.75  1,320.00  1,293.50  1,317.00     -7.00       -0.53   315,134.00
2491  2009-04-16  NAS100  1,316.75  1,358.25  1,307.25  1,352.00     35.00        2.66   357,821.00
2492  2009-04-17  NAS100  1,350.75  1,360.75  1,336.75  1,352.00      0.00        0.00   247,517.00
2493  2009-04-20  NAS100  1,349.50  1,349.50  1,301.50  1,313.50    -38.50       -2.85   280,756.00
2494  2009-04-21  NAS100  1,313.00  1,330.00  1,299.75  1,328.00     14.50        1.10   321,736.00
2495  2009-04-22  NAS100  1,327.75  1,362.00  1,314.75  1,323.50     -4.50       -0.34   376,040.00
2496  2009-04-23  NAS100  1,328.25  1,347.25  1,319.00  1,342.00     18.50        1.40   363,322.00
2497  2009-04-24  NAS100  1,343.00  1,378.50  1,335.50  1,375.00     33.00        2.46   318,441.00
2498  2009-04-27  NAS100  1,368.00  1,383.50  1,350.25  1,373.25     -1.75       -0.13   283,010.00
2499  2009-04-28  NAS100  1,371.50  1,377.50  1,351.00  1,360.50    -12.75       -0.93   263,519.00
2500  2009-04-29  NAS100  1,359.25  1,397.25  1,355.00  1,377.75     17.25        1.27   289,106.00
2501  2009-04-30  NAS100  1,377.25  1,417.25  1,376.25  1,393.50     15.75        1.14   349,743.00
2502  2009-05-01  NAS100  1,388.75  1,402.75  1,381.00  1,398.50      5.00        0.36   231,095.00
2503  2009-05-04  NAS100  1,397.50  1,425.75  1,397.50  1,422.50     24.00        1.72   271,837.00
2504  2009-05-05  NAS100  1,424.00  1,428.25  1,406.25  1,427.25      4.75        0.33   252,848.00
2505  2009-05-06  NAS100  1,426.25  1,435.50  1,399.00  1,429.75      2.50        0.18   396,535.00
2506  2009-05-07  NAS100  1,427.75  1,437.75  1,375.25  1,394.50    -35.25       -2.47   392,552.00
2507  2009-05-08  NAS100  1,394.00  1,410.25  1,375.75  1,389.50     -5.00       -0.36   377,894.00
2508  2009-05-11  NAS100  1,387.00  1,409.75  1,366.00  1,396.75      7.25        0.52   331,434.00
2509  2009-05-12  NAS100  1,397.00  1,406.50  1,360.75  1,385.00    -11.75       -0.84   366,820.00
2510  2009-05-13  NAS100  1,386.00  1,389.50  1,338.25  1,344.25    -40.75       -2.94   365,972.00
2511  2009-05-14  NAS100  1,344.50  1,368.75  1,336.50  1,353.75      9.50        0.71   306,161.00
2512  2009-05-15  NAS100  1,354.25  1,373.00  1,341.25  1,354.25      0.50        0.04   265,844.00
2513  2009-05-18  NAS100  1,352.25  1,392.50  1,342.50  1,388.50     34.25        2.53   271,860.00
2514  2009-05-19  NAS100  1,389.00  1,410.50  1,379.00  1,394.00      5.50        0.40   266,271.00
2515  2009-05-20  NAS100  1,393.00  1,423.00  1,386.50  1,392.50     -1.50       -0.11   332,484.00
2516  2009-05-21  NAS100  1,392.00  1,393.50  1,352.00  1,367.50    -25.00       -1.80   334,972.00
2517  2009-05-22  NAS100  1,368.25  1,379.25  1,352.25  1,360.75     -6.75       -0.49   211,742.00
2518  2009-05-25  NAS100  1,359.75  1,414.50  1,342.75  1,410.75     50.00        3.67   374,372.00
2519  2009-05-27  NAS100  1,410.25  1,428.75  1,397.75  1,404.00     -6.75       -0.48   301,025.00
2520  2009-05-28  NAS100  1,402.50  1,424.25  1,389.25  1,418.25     14.25        1.01   313,662.00
2521  2009-05-29  NAS100  1,417.75  1,442.75  1,411.00  1,435.50     17.25        1.22   271,583.00
2522  2009-06-01  NAS100  1,434.00  1,482.25  1,430.00  1,470.00     34.50        2.40   318,103.00
2523  2009-06-02  NAS100  1,470.00  1,494.50  1,464.50  1,478.50      8.50        0.58   294,033.00
2524  2009-06-03  NAS100  1,479.00  1,484.50  1,458.75  1,477.50     -1.00       -0.07   242,330.00
2525  2009-06-04  NAS100  1,475.75  1,493.75  1,473.75  1,493.00     15.50        1.05   204,494.00
2526  2009-06-05  NAS100  1,492.75  1,513.00  1,478.50  1,495.00      2.00        0.13   289,129.00
2527  2009-06-08  NAS100  1,491.75  1,500.25  1,466.75  1,490.50     -4.50       -0.30   260,179.00
2528  2009-06-09  NAS100  1,490.25  1,509.50  1,486.50  1,500.75     10.25        0.69   241,128.00
2529  2009-06-10  NAS100  1,500.25  1,517.75  1,473.25  1,495.75     -5.00       -0.33   326,638.00
2530  2009-06-11  NAS100  1,494.50  1,512.00  1,488.25  1,492.00     -3.75       -0.25   191,213.00
2531  2009-06-12  NAS100  1,489.25  1,497.50  1,469.75  1,486.50     -5.50       -0.37    94,492.00
2532  2009-06-15  NAS100  1,482.75  1,483.00  1,444.75  1,458.50    -28.00       -1.88    86,420.00
2533  2009-06-16  NAS100  1,456.75  1,468.25  1,441.25  1,444.25    -14.25       -0.98   316,703.00
2534  2009-06-17  NAS100  1,443.75  1,469.50  1,437.75  1,453.50      9.25        0.64   401,376.00
2535  2009-06-18  NAS100  1,453.00  1,462.75  1,443.00  1,449.50     -4.00       -0.28   316,590.00
2536  2009-06-19  NAS100  1,446.75  1,476.75  1,445.75  1,464.00     14.50        1.00   280,991.00
2537  2009-06-22  NAS100  1,463.75  1,470.50  1,421.25  1,428.00    -36.00       -2.46   312,002.00
2538  2009-06-23  NAS100  1,427.75  1,434.25  1,412.00  1,424.00     -4.00       -0.28   259,634.00
2539  2009-06-24  NAS100  1,424.25  1,457.00  1,420.00  1,447.25     23.25        1.63   261,782.00
2540  2009-06-25  NAS100  1,446.25  1,476.75  1,432.75  1,473.00     25.75        1.78   313,194.00
2541  2009-06-26  NAS100  1,473.50  1,482.00  1,463.75  1,476.75      3.75        0.25   209,361.00
2542  2009-06-29  NAS100  1,476.00  1,492.50  1,466.75  1,481.50      4.75        0.32   210,022.00
2543  2009-06-30  NAS100  1,481.00  1,491.75  1,465.75  1,476.25     -5.25       -0.35   242,467.00
2544  2009-07-01  NAS100  1,476.50  1,496.25  1,474.25  1,478.75      2.50        0.17   224,432.00
2545  2009-07-02  NAS100  1,478.50  1,479.25  1,441.25  1,445.25    -33.50       -2.27   263,370.00
2546  2009-07-03  NAS100  1,442.75  1,444.25  1,422.25  1,441.00     -4.25       -0.29   251,049.00
2547  2009-07-07  NAS100  1,441.00  1,446.75  1,401.25  1,408.00    -33.00       -2.29   286,819.00
2548  2009-07-08  NAS100  1,408.25  1,415.50  1,392.50  1,407.00     -1.00       -0.07   326,368.00
2549  2009-07-09  NAS100  1,407.00  1,421.25  1,406.50  1,413.50      6.50        0.46   223,831.00
2550  2009-07-10  NAS100  1,413.75  1,426.50  1,402.75  1,416.00      2.50        0.18   250,572.00
2551  2009-07-13  NAS100  1,418.50  1,446.75  1,399.50  1,442.50     26.50        1.87   324,779.00
2552  2009-07-14  NAS100  1,441.75  1,453.25  1,437.25  1,446.75      4.25        0.29   257,499.00
2553  2009-07-15  NAS100  1,462.50  1,499.50  1,462.25  1,497.25     50.50        3.49   355,255.00
2554  2009-07-16  NAS100  1,495.75  1,520.25  1,489.00  1,512.75     15.50        1.04   296,176.00
2555  2009-07-17  NAS100  1,512.25  1,529.00  1,504.75  1,528.00     15.25        1.01   229,769.00
2556  2009-07-20  NAS100  1,527.75  1,544.00  1,523.50  1,540.50     12.50        0.82   259,734.00
2557  2009-07-21  NAS100  1,539.75  1,555.00  1,528.25  1,554.00     13.50        0.88   293,030.00
2558  2009-07-22  NAS100  1,552.25  1,571.25  1,544.75  1,556.50      2.50        0.16   327,293.00
2559  2009-07-23  NAS100  1,557.75  1,603.75  1,555.00  1,584.00     27.50        1.77   354,201.00
2560  2009-07-24  NAS100  1,579.75  1,600.25  1,572.00  1,597.25     13.25        0.84   267,261.00
2561  2009-07-27  NAS100  1,597.25  1,609.00  1,578.50  1,599.50      2.25        0.14   258,387.00
2562  2009-07-28  NAS100  1,598.25  1,608.00  1,581.50  1,601.50      2.00        0.13   307,330.00
2563  2009-07-29  NAS100  1,601.25  1,603.75  1,583.75  1,600.75     -0.75       -0.05   297,487.00
2564  2009-07-30  NAS100  1,600.25  1,632.00  1,599.00  1,606.75      6.00        0.37   324,926.00
2565  2009-07-31  NAS100  1,605.50  1,618.75  1,598.50  1,602.00     -4.75       -0.30   258,709.00
2566  2009-08-03  NAS100  1,601.25  1,628.25  1,600.50  1,626.75     24.75        1.54   277,745.00
2567  2009-08-04  NAS100  1,625.50  1,632.50  1,612.75  1,630.25      3.50        0.22   267,943.00
2568  2009-08-05  NAS100  1,630.00  1,631.50  1,602.50  1,614.50    -15.75       -0.97   299,454.00
2569  2009-08-06  NAS100  1,615.25  1,624.50  1,593.50  1,601.25    -13.25       -0.82   271,304.00
2570  2009-08-07  NAS100  1,600.25  1,627.75  1,595.25  1,619.75     18.50        1.16   280,789.00
2571  2009-08-10  NAS100  1,619.00  1,619.75  1,597.75  1,612.50     -7.25       -0.45   216,984.00
2572  2009-08-11  NAS100  1,611.75  1,617.75  1,585.75  1,596.50    -16.00       -0.99   267,557.00
2573  2009-08-12  NAS100  1,596.25  1,633.75  1,587.25  1,618.75     22.25        1.39   348,712.00
2574  2009-08-13  NAS100  1,619.00  1,638.50  1,610.00  1,631.75     13.00        0.80   272,005.00
2575  2009-08-14  NAS100  1,630.50  1,634.00  1,595.00  1,615.00    -16.75       -1.03   300,515.00
2576  2009-08-17  NAS100  1,612.25  1,612.50  1,561.25  1,566.25    -48.75       -3.02   366,441.00
2577  2009-08-18  NAS100  1,566.50  1,588.25  1,563.75  1,587.00     20.75        1.32   271,573.00
2578  2009-08-19  NAS100  1,586.00  1,600.50  1,564.50  1,598.75     11.75        0.74   292,131.00
2579  2009-08-20  NAS100  1,598.00  1,620.25  1,591.00  1,614.00     15.25        0.95   258,289.00
2580  2009-08-21  NAS100  1,613.25  1,639.75  1,600.00  1,635.50     21.50        1.33   291,155.00
2581  2009-08-24  NAS100  1,635.00  1,648.25  1,628.75  1,634.00     -1.50       -0.09   249,412.00
2582  2009-08-25  NAS100  1,634.00  1,655.50  1,625.25  1,636.50      2.50        0.15   290,751.00
2583  2009-08-26  NAS100  1,636.50  1,649.25  1,627.50  1,636.50      0.00        0.00   262,334.00
2584  2009-08-27  NAS100  1,637.25  1,643.50  1,610.50  1,639.00      2.50        0.15   315,245.00
2585  2009-08-28  NAS100  1,639.00  1,668.50  1,630.50  1,642.50      3.50        0.21   304,044.00
2586  2009-08-31  NAS100  1,641.25  1,645.00  1,615.75  1,625.00    -17.50       -1.07   239,131.00
2587  2009-09-01  NAS100  1,625.00  1,649.00  1,590.25  1,595.50    -29.50       -1.82   458,728.00
2588  2009-09-02  NAS100  1,595.25  1,603.00  1,585.25  1,593.00     -2.50       -0.16   279,445.00
2589  2009-09-03  NAS100  1,592.75  1,608.50  1,584.50  1,604.00     11.00        0.69   210,225.00
2590  2009-09-04  NAS100  1,604.50  1,640.50  1,600.50  1,635.75     31.75        1.98   210,225.00
2591  2009-09-07  NAS100  1,635.50  1,656.75  1,633.75  1,655.25     19.50        1.19   223,373.00
2592  2009-09-09  NAS100  1,653.75  1,677.00  1,645.00  1,666.00     10.75        0.65   317,742.00
2593  2009-09-10  NAS100  1,666.50  1,686.50  1,661.75  1,685.00     19.00        1.14   186,098.00
2594  2009-09-11  NAS100  1,683.25  1,691.00  1,674.00  1,685.50      0.50        0.03   128,182.00
2595  2009-09-14  NAS100  1,685.00  1,693.50  1,670.00  1,689.75      4.25        0.25    75,360.00
2596  2009-09-15  NAS100  1,688.50  1,702.00  1,679.75  1,695.00      5.25        0.31   328,788.00
2597  2009-09-16  NAS100  1,694.50  1,723.50  1,693.00  1,717.75     22.75        1.34   326,862.00
2598  2009-09-17  NAS100  1,717.50  1,730.50  1,712.25  1,720.00      2.25        0.13   338,889.00
2599  2009-09-18  NAS100  1,720.25  1,730.50  1,712.75  1,721.25      1.25        0.07   237,788.00
2600  2009-09-21  NAS100  1,717.25  1,733.75  1,706.75  1,727.75      6.50        0.38   262,505.00
2601  2009-09-22  NAS100  1,727.50  1,741.25  1,725.50  1,734.25      6.50        0.38   226,574.00
2602  2009-09-23  NAS100  1,733.50  1,753.25  1,720.75  1,725.50     -8.75       -0.50   311,914.00
2603  2009-09-24  NAS100  1,724.25  1,736.75  1,696.00  1,699.50    -26.00       -1.51   351,064.00
2604  2009-09-25  NAS100  1,699.00  1,709.00  1,688.75  1,697.00     -2.50       -0.15   310,136.00
2605  2009-09-28  NAS100  1,697.00  1,732.50  1,688.00  1,722.75     25.75        1.52   251,261.00
2606  2009-09-29  NAS100  1,722.50  1,730.75  1,706.75  1,715.50     -7.25       -0.42   276,654.00
2607  2009-09-30  NAS100  1,715.00  1,730.00  1,688.75  1,717.50      2.00        0.12   427,976.00
2608  2009-10-01  NAS100  1,716.00  1,726.75  1,663.75  1,670.50    -47.00       -2.74   405,570.00
2609  2009-10-02  NAS100  1,669.75  1,674.75  1,649.75  1,662.25     -8.25       -0.49   367,020.00
2610  2009-10-05  NAS100  1,662.50  1,681.25  1,658.00  1,674.00     11.75        0.71   261,834.00
2611  2009-10-06  NAS100  1,674.00  1,711.25  1,674.00  1,700.75     26.75        1.60   348,109.00
2612  2009-10-07  NAS100  1,700.75  1,710.00  1,696.00  1,708.00      7.25        0.43   235,732.00
2613  2009-10-08  NAS100  1,707.50  1,730.75  1,707.50  1,716.50      8.50        0.50   298,222.00
2614  2009-10-09  NAS100  1,716.00  1,727.75  1,706.50  1,725.50      9.00        0.52   207,432.00
2615  2009-10-12  NAS100  1,725.00  1,740.50  1,716.50  1,727.75      2.25        0.13   178,737.00
2616  2009-10-13  NAS100  1,728.00  1,735.75  1,720.25  1,726.75     -1.00       -0.06   218,745.00
2617  2009-10-14  NAS100  1,740.00  1,754.50  1,737.75  1,747.75     21.00        1.22   279,426.00
2618  2009-10-15  NAS100  1,747.50  1,754.25  1,737.00  1,748.50      0.75        0.04   260,884.00
2619  2009-10-16  NAS100  1,749.50  1,758.00  1,724.75  1,731.50    -17.00       -0.97   333,540.00
2620  2009-10-19  NAS100  1,730.00  1,756.50  1,723.25  1,750.25     18.75        1.08   270,731.00
2621  2009-10-20  NAS100  1,749.50  1,773.50  1,743.50  1,758.25      8.00        0.46   325,391.00
2622  2009-10-21  NAS100  1,757.25  1,779.25  1,746.00  1,753.25     -5.00       -0.28   321,499.00
2623  2009-10-22  NAS100  1,749.50  1,766.25  1,737.50  1,762.50      9.25        0.53   344,422.00
2624  2009-10-23  NAS100  1,762.25  1,778.25  1,746.75  1,752.00    -10.50       -0.60   358,585.00
2625  2009-10-26  NAS100  1,751.00  1,777.25  1,737.50  1,748.00     -4.00       -0.23   393,166.00
2626  2009-10-27  NAS100  1,747.50  1,751.75  1,713.00  1,719.75    -28.25       -1.62   442,445.00
2627  2009-10-28  NAS100  1,719.50  1,723.00  1,677.25  1,680.00    -39.75       -2.31   441,310.00
2628  2009-10-29  NAS100  1,680.75  1,713.00  1,677.25  1,707.50     27.50        1.64   297,972.00
2629  2009-10-30  NAS100  1,707.00  1,711.75  1,660.00  1,665.50    -42.00       -2.46   452,709.00
2630  2009-11-02  NAS100  1,661.00  1,687.75  1,650.25  1,669.00      3.50        0.21   456,628.00
2631  2009-11-03  NAS100  1,670.75  1,677.50  1,651.00  1,675.50      6.50        0.39   323,654.00
2632  2009-11-04  NAS100  1,675.00  1,700.00  1,673.50  1,686.75     11.25        0.67   350,126.00
2633  2009-11-05  NAS100  1,686.75  1,722.00  1,671.50  1,719.25     32.50        1.93   334,091.00
2634  2009-11-06  NAS100  1,719.00  1,737.50  1,705.00  1,729.75     10.50        0.61   293,095.00
2635  2009-11-09  NAS100  1,728.00  1,767.50  1,727.50  1,766.50     36.75        2.12   276,685.00
2636  2009-11-10  NAS100  1,766.00  1,776.50  1,759.00  1,772.50      6.00        0.34   255,967.00
2637  2009-11-11  NAS100  1,772.25  1,792.50  1,770.75  1,783.75     11.25        0.63   288,232.00
2638  2009-11-12  NAS100  1,784.00  1,793.50  1,768.50  1,773.75    -10.00       -0.56   279,329.00
2639  2009-11-13  NAS100  1,772.75  1,792.50  1,770.25  1,788.25     14.50        0.82   253,483.00
2640  2009-11-16  NAS100  1,789.50  1,813.75  1,787.25  1,803.50     15.25        0.85   294,545.00
2641  2009-11-17  NAS100  1,802.75  1,811.75  1,795.25  1,808.75      5.25        0.29   214,345.00
2642  2009-11-18  NAS100  1,808.75  1,813.25  1,788.75  1,800.50     -8.25       -0.46   256,352.00
2643  2009-11-19  NAS100  1,800.50  1,802.00  1,759.75  1,770.25    -30.25       -1.68   356,418.00
2644  2009-11-20  NAS100  1,770.50  1,774.00  1,755.00  1,763.50     -6.75       -0.38   225,734.00
2645  2009-11-23  NAS100  1,763.00  1,801.75  1,762.25  1,791.25     27.75        1.57   261,423.00
2646  2009-11-24  NAS100  1,790.25  1,793.75  1,775.75  1,786.50     -4.75       -0.27   220,400.00
2647  2009-11-25  NAS100  1,786.25  1,799.75  1,785.50  1,794.25      7.75        0.43   170,098.00
2648  2009-11-26  NAS100  1,794.25  1,797.25  1,722.25  1,759.25    -35.00       -1.95   256,664.00
2649  2009-11-30  NAS100  1,763.00  1,775.00  1,750.25  1,767.50      8.25        0.47   309,164.00
2650  2009-12-01  NAS100  1,766.50  1,799.00  1,765.00  1,792.00     24.50        1.39   268,854.00
2651  2009-12-02  NAS100  1,791.25  1,806.50  1,786.00  1,791.50     -0.50       -0.03   246,295.00
2652  2009-12-03  NAS100  1,791.50  1,806.75  1,777.75  1,780.25    -11.25       -0.63   282,247.00
2653  2009-12-04  NAS100  1,779.50  1,816.25  1,772.75  1,795.00     14.75        0.83   409,656.00
2654  2009-12-07  NAS100  1,795.00  1,799.00  1,779.00  1,784.00    -11.00       -0.61   239,154.00
2655  2009-12-08  NAS100  1,785.25  1,789.75  1,760.00  1,768.50    -15.50       -0.87   350,189.00
2656  2009-12-09  NAS100  1,768.75  1,792.75  1,758.75  1,792.50     24.00        1.36   364,559.00
2657  2009-12-10  NAS100  1,791.50  1,808.50  1,786.25  1,800.00      7.50        0.42   183,615.00
2658  2009-12-11  NAS100  1,799.50  1,812.75  1,784.50  1,794.00     -6.00       -0.33    86,820.00
2659  2009-12-14  NAS100  1,794.25  1,811.00  1,788.25  1,809.75     15.75        0.88    72,978.00
2660  2009-12-15  NAS100  1,807.50  1,812.00  1,791.50  1,795.00    -14.75       -0.82   282,377.00
2661  2009-12-16  NAS100  1,795.25  1,813.25  1,794.75  1,800.00      5.00        0.28   234,924.00
2662  2009-12-17  NAS100  1,800.50  1,802.75  1,774.00  1,785.50    -14.50       -0.81   317,003.00
2663  2009-12-18  NAS100  1,785.00  1,807.50  1,784.00  1,807.00     21.50        1.20   287,861.00
2664  2009-12-21  NAS100  1,806.00  1,833.75  1,803.00  1,825.50     18.50        1.02   220,689.00
2665  2009-12-22  NAS100  1,825.50  1,841.00  1,825.25  1,841.00     15.50        0.85   165,980.00
2666  2009-12-23  NAS100  1,841.00  1,853.00  1,837.00  1,852.25     11.25        0.61   135,399.00
2667  2009-12-24  NAS100  1,851.75  1,869.50  1,850.75  1,868.00     15.75        0.85    66,098.00
2668  2009-12-28  NAS100  1,867.50  1,881.50  1,862.75  1,874.50      6.50        0.35   120,920.00
2669  2009-12-29  NAS100  1,873.75  1,881.25  1,869.25  1,872.50     -2.00       -0.11   103,211.00
2670  2009-12-30  NAS100  1,871.00  1,880.25  1,862.25  1,876.75      4.25        0.23   128,388.00
2671  2009-12-31  NAS100  1,876.00  1,882.00  1,858.75  1,858.75    -18.00       -0.96   112,919.00
2672  2010-01-04  NAS100  1,865.50  1,889.00  1,865.50  1,886.75     28.00        1.51   205,157.00
2673  2010-01-05  NAS100  1,886.50  1,890.25  1,876.00  1,885.25     -1.50       -0.08   208,698.00
2674  2010-01-06  NAS100  1,885.25  1,891.75  1,872.25  1,878.50     -6.75       -0.36   261,274.00
2675  2010-01-07  NAS100  1,877.75  1,880.50  1,865.75  1,877.50     -1.00       -0.05   241,321.00
2676  2010-01-08  NAS100  1,877.50  1,892.50  1,865.00  1,890.00     12.50        0.67   268,934.00
2677  2010-01-11  NAS100  1,892.25  1,900.00  1,874.25  1,883.50     -6.50       -0.34   244,841.00
2678  2010-01-12  NAS100  1,882.00  1,883.75  1,850.00  1,865.50    -18.00       -0.96   328,565.00
2679  2010-01-13  NAS100  1,866.00  1,889.50  1,853.25  1,882.50     17.00        0.91   315,109.00
2680  2010-01-14  NAS100  1,882.25  1,890.25  1,876.00  1,888.25      5.75        0.31   206,040.00
2681  2010-01-15  NAS100  1,893.00  1,894.00  1,854.75  1,862.25    -26.00       -1.38   345,081.00
2682  2010-01-18  NAS100  1,861.75  1,895.75  1,857.50  1,889.75     27.50        1.48   333,010.00
2683  2010-01-20  NAS100  1,889.25  1,892.25  1,845.50  1,867.00    -22.75       -1.20   403,528.00
2684  2010-01-21  NAS100  1,867.75  1,883.50  1,838.75  1,841.00    -26.00       -1.39   501,308.00
2685  2010-01-22  NAS100  1,841.25  1,849.25  1,789.50  1,797.75    -43.25       -2.35   527,630.00
2686  2010-01-25  NAS100  1,794.75  1,811.75  1,792.50  1,798.50      0.75        0.04   340,316.00
2687  2010-01-26  NAS100  1,809.75  1,823.75  1,783.75  1,796.50     -2.00       -0.11   419,117.00
2688  2010-01-27  NAS100  1,798.75  1,821.50  1,787.75  1,809.00     12.50        0.70   443,906.00
2689  2010-01-28  NAS100  1,807.50  1,820.00  1,759.25  1,770.50    -38.50       -2.13   570,517.00
2690  2010-01-29  NAS100  1,777.75  1,789.25  1,731.75  1,739.25    -31.25       -1.77   538,161.00
2691  2010-02-01  NAS100  1,740.00  1,758.25  1,737.00  1,755.75     16.50        0.95   344,059.00
2692  2010-02-02  NAS100  1,756.25  1,778.00  1,747.75  1,769.00     13.25        0.75   331,528.00
2693  2010-02-03  NAS100  1,769.00  1,786.50  1,763.50  1,785.50     16.50        0.93   315,040.00
2694  2010-02-04  NAS100  1,784.50  1,792.00  1,731.50  1,734.75    -50.75       -2.84   483,901.00
2695  2010-02-05  NAS100  1,734.00  1,747.75  1,710.75  1,745.00     10.25        0.59   556,768.00
2696  2010-02-08  NAS100  1,747.25  1,753.75  1,730.50  1,734.50    -10.50       -0.60   295,062.00
2697  2010-02-09  NAS100  1,734.00  1,767.25  1,732.00  1,752.00     17.50        1.01   380,797.00
2698  2010-02-10  NAS100  1,752.50  1,762.75  1,736.00  1,744.75     -7.25       -0.41   296,949.00
2699  2010-02-11  NAS100  1,744.50  1,778.75  1,736.75  1,775.50     30.75        1.76   339,083.00
2700  2010-02-12  NAS100  1,773.25  1,783.50  1,754.00  1,783.25      7.75        0.44   328,637.00
2701  2010-02-15  NAS100  1,781.50  1,801.50  1,775.25  1,799.25     16.00        0.90   259,717.00
2702  2010-02-17  NAS100  1,799.25  1,812.50  1,797.50  1,811.75     12.50        0.69   238,098.00
2703  2010-02-18  NAS100  1,812.00  1,824.75  1,804.75  1,820.75      9.00        0.50   268,313.00
2704  2010-02-19  NAS100  1,819.25  1,830.00  1,801.00  1,819.25     -1.50       -0.08   281,740.00
2705  2010-02-22  NAS100  1,818.75  1,833.00  1,810.25  1,821.00      1.75        0.10   226,172.00
2706  2010-02-23  NAS100  1,819.75  1,829.00  1,785.25  1,801.00    -20.00       -1.10   348,962.00
2707  2010-02-24  NAS100  1,799.50  1,819.75  1,796.50  1,814.00     13.00        0.72   299,224.00
2708  2010-02-25  NAS100  1,813.00  1,816.00  1,780.50  1,813.50     -0.50       -0.03   353,568.00
2709  2010-02-26  NAS100  1,813.00  1,822.25  1,803.50  1,818.50      5.00        0.28   223,029.00
2710  2010-03-01  NAS100  1,821.25  1,848.50  1,821.25  1,842.75     24.25        1.33   257,074.00
2711  2010-03-02  NAS100  1,842.75  1,862.25  1,842.50  1,852.25      9.50        0.52   248,834.00
2712  2010-03-03  NAS100  1,851.00  1,861.25  1,845.75  1,852.00     -0.25       -0.01   216,095.00
2713  2010-03-04  NAS100  1,851.25  1,860.75  1,844.25  1,859.75      7.75        0.42   197,677.00
2714  2010-03-05  NAS100  1,858.75  1,889.50  1,857.00  1,885.50     25.75        1.38   287,880.00
2715  2010-03-08  NAS100  1,884.00  1,894.75  1,883.25  1,888.25      2.75        0.15   198,595.00
2716  2010-03-09  NAS100  1,888.00  1,912.00  1,881.00  1,901.25     13.00        0.69   332,075.00
2717  2010-03-10  NAS100  1,901.50  1,921.25  1,900.00  1,918.75     17.50        0.92   321,409.00
2718  2010-03-11  NAS100  1,917.50  1,926.75  1,909.25  1,925.25      6.50        0.34   217,905.00
2719  2010-03-12  NAS100  1,926.00  1,935.25  1,916.50  1,926.75      1.50        0.08    75,098.00
2720  2010-03-15  NAS100  1,924.50  1,927.75  1,906.50  1,919.50     -7.25       -0.38    95,292.00
2721  2010-03-16  NAS100  1,917.00  1,932.25  1,916.50  1,928.50      9.00        0.47   270,071.00
2722  2010-03-17  NAS100  1,928.50  1,943.75  1,927.25  1,934.00      5.50        0.29   280,816.00
2723  2010-03-18  NAS100  1,933.50  1,942.75  1,928.75  1,941.75      7.75        0.40   245,304.00
2724  2010-03-19  NAS100  1,941.75  1,948.25  1,922.25  1,932.25     -9.50       -0.49   295,754.00
2725  2010-03-22  NAS100  1,924.25  1,954.25  1,919.00  1,948.50     16.25        0.84   282,045.00
2726  2010-03-23  NAS100  1,948.00  1,962.25  1,940.50  1,962.25     13.75        0.71   218,369.00
2727  2010-03-24  NAS100  1,961.00  1,962.00  1,946.00  1,951.50    -10.75       -0.55   232,925.00
2728  2010-03-25  NAS100  1,951.00  1,974.25  1,945.75  1,949.50     -2.00       -0.10   301,151.00
2729  2010-03-26  NAS100  1,949.00  1,963.00  1,939.25  1,951.75      2.25        0.12   287,784.00
2730  2010-03-29  NAS100  1,952.00  1,966.25  1,951.75  1,960.25      8.50        0.44   220,198.00
2731  2010-03-30  NAS100  1,959.50  1,972.00  1,952.25  1,965.50      5.25        0.27   230,740.00
2732  2010-03-31  NAS100  1,964.50  1,967.50  1,952.50  1,955.75     -9.75       -0.50   232,540.00
2733  2010-04-01  NAS100  1,955.75  1,977.25  1,940.75  1,952.00     -3.75       -0.19   309,482.00
2734  2010-04-02  NAS100  1,953.50  1,962.50  1,948.75  1,952.00      0.00        0.00     7,939.00
2735  2010-04-05  NAS100  1,964.00  1,978.75  1,955.25  1,973.50     21.50        1.10   200,178.00
2736  2010-04-06  NAS100  1,973.00  1,985.75  1,965.25  1,978.75      5.25        0.27   190,613.00
2737  2010-04-07  NAS100  1,979.00  1,984.50  1,964.25  1,975.00     -3.75       -0.19   259,268.00
2738  2010-04-08  NAS100  1,974.00  1,982.50  1,959.25  1,980.00      5.00        0.25   231,684.00
2739  2010-04-09  NAS100  1,979.50  1,992.75  1,975.00  1,992.00     12.00        0.61   190,400.00
2740  2010-04-12  NAS100  1,995.00  2,001.75  1,987.75  1,992.50      0.50        0.03   183,339.00
2741  2010-04-13  NAS100  1,991.25  2,004.00  1,984.25  2,001.25      8.75        0.44   228,319.00
2742  2010-04-14  NAS100  2,009.75  2,026.75  2,006.75  2,026.50     25.25        1.26   249,031.00
2743  2010-04-15  NAS100  2,026.00  2,037.75  2,017.75  2,034.75      8.25        0.41   251,312.00
2744  2010-04-16  NAS100  2,033.00  2,035.25  1,997.75  2,009.75    -25.00       -1.23   451,415.00
2745  2010-04-19  NAS100  2,004.50  2,016.50  1,985.75  2,013.00      3.25        0.16   338,183.00
2746  2010-04-20  NAS100  2,011.75  2,025.25  2,007.00  2,024.25     11.25        0.56   228,510.00
2747  2010-04-21  NAS100  2,024.25  2,040.50  2,018.50  2,025.50      1.25        0.06   308,038.00
2748  2010-04-22  NAS100  2,021.00  2,045.00  2,000.50  2,036.25     10.75        0.53   374,013.00
2749  2010-04-23  NAS100  2,033.00  2,053.50  2,029.25  2,053.00     16.75        0.82   289,715.00
2750  2010-04-26  NAS100  2,050.00  2,058.75  2,043.00  2,047.25     -5.75       -0.28   210,352.00
2751  2010-04-27  NAS100  2,045.75  2,050.50  1,998.50  2,008.75    -38.50       -1.88   436,324.00
2752  2010-04-28  NAS100  2,008.75  2,022.75  1,989.50  2,006.75     -2.00       -0.10   359,035.00
2753  2010-04-29  NAS100  2,005.50  2,044.00  2,004.75  2,041.00     34.25        1.71   294,958.00
2754  2010-04-30  NAS100  2,041.00  2,047.00  1,998.00  1,998.50    -42.50       -2.08   341,920.00
2755  2010-05-03  NAS100  2,002.25  2,038.00  1,999.25  2,027.00     28.50        1.43   256,440.00
2756  2010-05-04  NAS100  2,026.00  2,028.50  1,952.25  1,969.50    -57.50       -2.84   515,322.00
2757  2010-05-05  NAS100  1,969.25  1,972.00  1,934.50  1,958.50    -11.00       -0.56   401,892.00
2758  2010-05-06  NAS100  1,958.00  1,963.00  1,730.25  1,886.00    -72.50       -3.70   736,165.00
2759  2010-05-07  NAS100  1,884.00  1,909.25  1,805.75  1,848.50    -37.50       -1.99   710,793.00
2760  2010-05-10  NAS100  1,873.75  1,942.00  1,872.25  1,939.50     91.00        4.92   489,875.00
2761  2010-05-11  NAS100  1,939.75  1,965.00  1,915.00  1,935.25     -4.25       -0.22   373,205.00
2762  2010-05-12  NAS100  1,934.75  1,976.25  1,917.00  1,972.75     37.50        1.94   323,983.00
2763  2010-05-13  NAS100  1,970.00  1,981.50  1,938.50  1,947.25    -25.50       -1.29   329,770.00
2764  2010-05-14  NAS100  1,945.00  1,950.50  1,883.00  1,909.75    -37.50       -1.93   449,745.00
2765  2010-05-17  NAS100  1,907.75  1,919.50  1,870.50  1,913.50      3.75        0.20   363,023.00
2766  2010-05-18  NAS100  1,912.25  1,932.00  1,876.75  1,888.00    -25.50       -1.33   405,003.00
2767  2010-05-19  NAS100  1,886.25  1,893.75  1,849.50  1,868.25    -19.75       -1.05   435,357.00
2768  2010-05-20  NAS100  1,867.75  1,875.00  1,794.00  1,800.50    -67.75       -3.63   575,943.00
2769  2010-05-21  NAS100  1,800.00  1,834.00  1,765.50  1,819.25     18.75        1.04   514,060.00
2770  2010-05-24  NAS100  1,821.25  1,840.00  1,796.00  1,812.50     -6.75       -0.37   319,255.00
2771  2010-05-25  NAS100  1,809.75  1,819.50  1,754.25  1,815.50      3.00        0.17   425,513.00
2772  2010-05-26  NAS100  1,814.50  1,849.75  1,788.75  1,791.50    -24.00       -1.32   391,061.00
2773  2010-05-27  NAS100  1,788.25  1,864.50  1,781.75  1,863.75     72.25        4.03   326,868.00
2774  2010-05-28  NAS100  1,862.25  1,874.25  1,835.50  1,852.00    -11.75       -0.63   315,745.00
2775  2010-05-31  NAS100  1,852.00  1,878.00  1,824.25  1,831.00    -21.00       -1.13   368,555.00
2776  2010-06-02  NAS100  1,832.00  1,879.25  1,828.50  1,879.00     48.00        2.62   307,154.00
2777  2010-06-03  NAS100  1,877.00  1,899.25  1,871.00  1,897.75     18.75        1.00   285,099.00
2778  2010-06-04  NAS100  1,897.50  1,904.50  1,824.25  1,834.25    -63.50       -3.35   426,018.00
2779  2010-06-07  NAS100  1,831.75  1,845.50  1,793.75  1,795.75    -38.50       -2.10   334,305.00
2780  2010-06-08  NAS100  1,795.00  1,817.75  1,770.00  1,791.50     -4.25       -0.24   409,445.00
2781  2010-06-09  NAS100  1,791.75  1,823.50  1,773.75  1,782.25     -9.25       -0.52   361,910.00
2782  2010-06-10  NAS100  1,780.50  1,831.75  1,775.25  1,822.50     40.25        2.26   231,353.00
2783  2010-06-11  NAS100  1,821.25  1,848.75  1,807.75  1,844.00     21.50        1.18   101,875.00
2784  2010-06-14  NAS100  1,848.00  1,877.75  1,844.00  1,847.75      3.75        0.20    97,309.00
2785  2010-06-15  NAS100  1,845.50  1,898.25  1,844.75  1,893.25     45.50        2.46   349,007.00
2786  2010-06-16  NAS100  1,893.50  1,912.75  1,879.00  1,906.00     12.75        0.67   357,551.00
2787  2010-06-17  NAS100  1,905.50  1,918.25  1,892.75  1,909.50      3.50        0.18   345,053.00
2788  2010-06-18  NAS100  1,910.00  1,924.75  1,905.00  1,909.50      0.00        0.00   246,943.00
2789  2010-06-21  NAS100  1,923.00  1,941.00  1,883.75  1,899.50    -10.00       -0.52   328,037.00
2790  2010-06-22  NAS100  1,899.00  1,916.75  1,876.50  1,878.25    -21.25       -1.12   335,379.00
2791  2010-06-23  NAS100  1,878.75  1,890.00  1,857.75  1,873.75     -4.50       -0.24   321,722.00
2792  2010-06-24  NAS100  1,870.00  1,875.25  1,837.25  1,849.50    -24.25       -1.29   339,934.00
2793  2010-06-25  NAS100  1,846.00  1,856.50  1,827.25  1,839.25    -10.25       -0.55   323,580.00
2794  2010-06-28  NAS100  1,839.00  1,851.50  1,821.25  1,836.00     -3.25       -0.18   280,729.00
2795  2010-06-29  NAS100  1,835.50  1,839.50  1,748.00  1,763.50    -72.50       -3.95   477,966.00
2796  2010-06-30  NAS100  1,764.00  1,777.50  1,733.00  1,738.00    -25.50       -1.45   370,543.00
2797  2010-07-01  NAS100  1,736.25  1,745.75  1,698.00  1,728.00    -10.00       -0.58   505,855.00
2798  2010-07-02  NAS100  1,728.75  1,745.75  1,710.25  1,721.25     -6.75       -0.39   317,947.00
2799  2010-07-05  NAS100  1,722.00  1,762.50  1,705.75  1,734.50     13.25        0.77   359,579.00
2800  2010-07-07  NAS100  1,734.75  1,789.50  1,721.75  1,789.50     55.00        3.17   304,126.00
2801  2010-07-08  NAS100  1,788.50  1,803.25  1,774.50  1,798.00      8.50        0.47   310,109.00
2802  2010-07-09  NAS100  1,796.75  1,815.25  1,789.25  1,811.50     13.50        0.75   207,835.00
2803  2010-07-12  NAS100  1,810.00  1,829.75  1,801.25  1,820.25      8.75        0.48   238,450.00
2804  2010-07-13  NAS100  1,819.00  1,849.50  1,818.00  1,842.50     22.25        1.22   310,229.00
2805  2010-07-14  NAS100  1,860.00  1,866.25  1,838.00  1,851.25      8.75        0.47   336,833.00
2806  2010-07-15  NAS100  1,850.25  1,864.50  1,828.50  1,849.25     -2.00       -0.11   366,657.00
2807  2010-07-16  NAS100  1,849.50  1,856.00  1,800.00  1,802.00    -47.25       -2.56   397,734.00
2808  2010-07-19  NAS100  1,800.50  1,821.25  1,782.50  1,805.50      3.50        0.19   301,727.00
2809  2010-07-20  NAS100  1,805.25  1,841.25  1,781.75  1,839.75     34.25        1.90   350,306.00
2810  2010-07-21  NAS100  1,839.75  1,860.00  1,811.00  1,815.50    -24.25       -1.32   401,877.00
2811  2010-07-22  NAS100  1,815.50  1,869.25  1,812.50  1,852.75     37.25        2.05   349,001.00
2812  2010-07-23  NAS100  1,850.50  1,876.25  1,844.25  1,873.75     21.00        1.13   326,684.00
2813  2010-07-26  NAS100  1,874.25  1,888.25  1,866.00  1,887.50     13.75        0.73   254,147.00
2814  2010-07-27  NAS100  1,887.50  1,900.75  1,878.25  1,886.50     -1.00       -0.05   270,426.00
2815  2010-07-28  NAS100  1,885.75  1,894.75  1,864.75  1,869.75    -16.75       -0.89   253,384.00
2816  2010-07-29  NAS100  1,870.25  1,886.50  1,838.50  1,857.25    -12.50       -0.67   384,506.00
2817  2010-07-30  NAS100  1,857.00  1,873.50  1,831.50  1,862.25      5.00        0.27   355,325.00
2818  2010-08-02  NAS100  1,868.75  1,901.75  1,864.50  1,894.25     32.00        1.72   244,657.00
2819  2010-08-03  NAS100  1,893.75  1,898.25  1,879.75  1,893.00     -1.25       -0.07   215,692.00
2820  2010-08-04  NAS100  1,892.50  1,910.00  1,883.25  1,905.25     12.25        0.65   276,207.00
2821  2010-08-05  NAS100  1,906.25  1,912.75  1,891.00  1,901.00     -4.25       -0.22   224,033.00
2822  2010-08-06  NAS100  1,902.50  1,907.75  1,871.25  1,902.50      1.50        0.08   373,034.00
2823  2010-08-09  NAS100  1,903.00  1,918.00  1,898.50  1,913.75     11.25        0.59   184,344.00
2824  2010-08-10  NAS100  1,914.00  1,914.00  1,880.75  1,896.50    -17.25       -0.90   344,656.00
2825  2010-08-11  NAS100  1,897.00  1,898.00  1,837.00  1,837.75    -58.75       -3.10   407,601.00
2826  2010-08-12  NAS100  1,837.25  1,838.25  1,806.25  1,827.25    -10.50       -0.57   349,332.00
2827  2010-08-13  NAS100  1,830.00  1,842.75  1,815.25  1,815.25    -12.00       -0.66   239,248.00
2828  2010-08-16  NAS100  1,817.75  1,833.25  1,800.00  1,820.00      4.75        0.26   286,982.00
2829  2010-08-17  NAS100  1,819.25  1,860.50  1,817.00  1,839.50     19.50        1.07   271,497.00
2830  2010-08-18  NAS100  1,840.00  1,862.25  1,831.00  1,836.75     -2.75       -0.15   298,743.00
2831  2010-08-19  NAS100  1,838.75  1,850.50  1,810.25  1,820.00    -16.75       -0.91   346,596.00
2832  2010-08-20  NAS100  1,820.00  1,829.75  1,808.50  1,825.50      5.50        0.30   264,182.00
2833  2010-08-23  NAS100  1,824.75  1,842.75  1,804.75  1,809.50    -16.00       -0.88   275,129.00
2834  2010-08-24  NAS100  1,809.25  1,810.25  1,766.00  1,773.75    -35.75       -1.98   317,739.00
2835  2010-08-25  NAS100  1,773.75  1,798.50  1,756.75  1,789.75     16.00        0.90   354,186.00
2836  2010-08-26  NAS100  1,790.00  1,802.75  1,765.00  1,767.50    -22.25       -1.24   325,465.00
2837  2010-08-27  NAS100  1,766.00  1,794.50  1,744.00  1,789.25     21.75        1.23   391,994.00
2838  2010-08-30  NAS100  1,790.75  1,805.50  1,768.25  1,768.75    -20.50       -1.15   255,852.00
2839  2010-08-31  NAS100  1,768.50  1,781.75  1,754.50  1,766.50     -2.25       -0.13   360,795.00
2840  2010-09-01  NAS100  1,773.25  1,825.00  1,770.50  1,820.00     53.50        3.03   389,294.00
2841  2010-09-02  NAS100  1,820.50  1,841.25  1,813.00  1,837.25     17.25        0.95   250,865.00
2842  2010-09-03  NAS100  1,838.75  1,871.25  1,834.50  1,867.00     29.75        1.62   306,188.00
2843  2010-09-06  NAS100  1,867.50  1,878.00  1,853.75  1,857.50     -9.50       -0.51   271,396.00
2844  2010-09-08  NAS100  1,857.25  1,888.00  1,852.25  1,877.50     20.00        1.08   308,420.00
2845  2010-09-09  NAS100  1,878.25  1,897.75  1,874.75  1,885.75      8.25        0.44   235,345.00
2846  2010-09-10  NAS100  1,886.75  1,896.75  1,880.00  1,892.25      6.50        0.34   125,668.00
2847  2010-09-13  NAS100  1,896.50  1,925.25  1,896.50  1,919.25     27.00        1.43   107,079.00
2848  2010-09-14  NAS100  1,915.75  1,936.00  1,909.75  1,922.50      3.25        0.17   372,238.00
2849  2010-09-15  NAS100  1,923.75  1,940.25  1,914.25  1,939.50     17.00        0.88   325,442.00
2850  2010-09-16  NAS100  1,939.50  1,953.25  1,929.50  1,949.75     10.25        0.53   328,922.00
2851  2010-09-17  NAS100  1,952.00  1,970.00  1,942.50  1,952.75      3.00        0.15   305,013.00
2852  2010-09-20  NAS100  1,950.50  1,990.75  1,947.25  1,981.75     29.00        1.49   284,093.00
2853  2010-09-21  NAS100  1,982.00  2,000.25  1,977.00  1,985.50      3.75        0.19   319,921.00
2854  2010-09-22  NAS100  1,985.50  1,994.75  1,970.50  1,979.50     -6.00       -0.30   336,151.00
2855  2010-09-23  NAS100  1,979.50  2,000.25  1,962.50  1,981.50      2.00        0.10   378,087.00
2856  2010-09-24  NAS100  1,982.75  2,022.00  1,978.75  2,018.25     36.75        1.85   304,445.00
2857  2010-09-27  NAS100  2,018.75  2,032.00  2,007.25  2,007.25    -11.00       -0.55   233,636.00
2858  2010-09-28  NAS100  2,008.00  2,024.50  1,977.25  2,008.50      1.25        0.06   440,359.00
2859  2010-09-29  NAS100  2,009.75  2,018.50  1,998.50  2,009.00      0.50        0.02   274,660.00
2860  2010-09-30  NAS100  2,009.50  2,028.25  1,983.25  1,995.50    -13.50       -0.67   444,527.00
2861  2010-10-01  NAS100  1,995.75  2,015.50  1,985.00  1,994.50     -1.00       -0.05   321,294.00
2862  2010-10-04  NAS100  1,997.75  1,997.75  1,961.00  1,977.00    -17.50       -0.88   298,949.00
2863  2010-10-05  NAS100  1,977.25  2,025.00  1,975.50  2,018.50     41.50        2.10   352,212.00
2864  2010-10-06  NAS100  2,018.75  2,024.50  1,990.25  2,004.25    -14.25       -0.71   334,881.00
2865  2010-10-07  NAS100  2,004.25  2,019.75  1,993.75  2,014.00      9.75        0.49   285,357.00
2866  2010-10-08  NAS100  2,014.00  2,029.25  1,982.00  2,020.75      6.75        0.34   313,502.00
2867  2010-10-11  NAS100  2,023.00  2,035.00  2,018.75  2,025.50      4.75        0.24   175,827.00
2868  2010-10-12  NAS100  2,025.25  2,043.50  2,004.25  2,037.00     11.50        0.57   319,824.00
2869  2010-10-13  NAS100  2,042.00  2,065.25  2,035.75  2,056.00     19.00        0.93   296,220.00
2870  2010-10-14  NAS100  2,056.50  2,067.50  2,041.25  2,062.00      6.00        0.29   316,761.00
2871  2010-10-15  NAS100  2,065.00  2,097.75  2,060.25  2,095.00     33.00        1.60   374,142.00
2872  2010-10-18  NAS100  2,095.00  2,104.75  2,082.75  2,094.50     -0.50       -0.02   254,281.00
2873  2010-10-19  NAS100  2,092.00  2,103.00  2,051.50  2,067.50    -27.00       -1.29   474,153.00
2874  2010-10-20  NAS100  2,068.00  2,098.50  2,062.50  2,083.75     16.25        0.79   288,963.00
2875  2010-10-21  NAS100  2,085.00  2,104.50  2,066.75  2,080.00     -3.75       -0.18   327,967.00
2876  2010-10-22  NAS100  2,080.50  2,104.50  2,077.00  2,104.00     24.00        1.15   206,996.00
2877  2010-10-25  NAS100  2,104.00  2,125.50  2,102.00  2,108.50      4.50        0.21   241,766.00
2878  2010-10-26  NAS100  2,109.25  2,122.00  2,092.50  2,116.00      7.50        0.36   255,462.00
2879  2010-10-27  NAS100  2,117.25  2,125.00  2,102.25  2,123.75      7.75        0.37   267,310.00
2880  2010-10-28  NAS100  2,123.50  2,136.75  2,109.25  2,125.75      2.00        0.09   306,514.00
2881  2010-10-29  NAS100  2,126.75  2,135.50  2,116.75  2,122.00     -3.75       -0.18   232,478.00
2882  2010-11-01  NAS100  2,125.00  2,146.50  2,115.00  2,129.00      7.00        0.33   286,483.00
2883  2010-11-02  NAS100  2,128.25  2,153.75  2,126.25  2,150.25     21.25        1.00   227,217.00
2884  2010-11-03  NAS100  2,151.25  2,165.50  2,130.00  2,164.25     14.00        0.65   348,195.00
2885  2010-11-04  NAS100  2,164.50  2,191.00  2,162.25  2,184.50     20.25        0.94   324,318.00
2886  2010-11-05  NAS100  2,184.00  2,191.00  2,176.50  2,184.75      0.25        0.01   324,318.00
2887  2010-11-08  NAS100  2,180.50  2,189.25  2,173.50  2,184.00     -0.75       -0.03   200,812.00
2888  2010-11-09  NAS100  2,183.00  2,198.00  2,164.25  2,176.25     -7.75       -0.35   269,273.00
2889  2010-11-10  NAS100  2,175.25  2,187.25  2,160.00  2,174.50     -1.75       -0.08   297,588.00
2890  2010-11-11  NAS100  2,175.25  2,175.50  2,142.25  2,172.50     -2.00       -0.09   316,764.00
2891  2010-11-12  NAS100  2,171.75  2,174.25  2,119.25  2,133.75    -38.75       -1.78   393,579.00
2892  2010-11-15  NAS100  2,134.00  2,151.00  2,126.50  2,128.00     -5.75       -0.27   259,982.00
2893  2010-11-16  NAS100  2,126.75  2,127.25  2,083.50  2,090.75    -37.25       -1.75   408,237.00
2894  2010-11-17  NAS100  2,093.00  2,109.25  2,088.00  2,097.00      6.25        0.30   260,007.00
2895  2010-11-18  NAS100  2,097.50  2,146.75  2,095.75  2,134.25     37.25        1.78   299,550.00
2896  2010-11-19  NAS100  2,135.25  2,138.75  2,119.75  2,133.50     -0.75       -0.04   216,792.00
2897  2010-11-22  NAS100  2,139.00  2,155.50  2,120.75  2,154.50     21.00        0.98   284,564.00
2898  2010-11-23  NAS100  2,152.75  2,154.25  2,104.75  2,119.00    -35.50       -1.65   342,591.00
2899  2010-11-24  NAS100  2,117.25  2,165.50  2,113.00  2,158.00     39.00        1.84   267,835.00
2900  2010-11-25  NAS100  2,156.50  2,163.25  2,134.75  2,146.00    -12.00       -0.56   112,446.00
2901  2010-11-29  NAS100  2,150.00  2,160.25  2,117.75  2,145.50     -0.50       -0.02   294,225.00
2902  2010-11-30  NAS100  2,144.75  2,147.50  2,109.25  2,117.00    -28.50       -1.33   320,212.00
2903  2010-12-01  NAS100  2,115.00  2,174.00  2,110.75  2,158.50     41.50        1.96   307,681.00
2904  2010-12-02  NAS100  2,159.00  2,188.75  2,156.75  2,187.00     28.50        1.32   235,665.00
2905  2010-12-03  NAS100  2,188.00  2,195.00  2,167.75  2,187.25      0.25        0.01   182,022.00
2906  2010-12-06  NAS100  2,188.00  2,193.75  2,177.00  2,190.50      3.25        0.15   173,121.00
2907  2010-12-07  NAS100  2,191.25  2,217.00  2,185.50  2,190.00     -0.50       -0.02   235,786.00
2908  2010-12-08  NAS100  2,190.25  2,202.00  2,180.00  2,200.50     10.50        0.48   206,132.00
2909  2010-12-09  NAS100  2,199.50  2,214.75  2,193.75  2,201.25      0.75        0.03   161,286.00
2910  2010-12-10  NAS100  2,200.25  2,218.25  2,197.25  2,216.50     15.25        0.69    98,939.00
2911  2010-12-13  NAS100  2,217.75  2,231.75  2,206.75  2,211.75     -4.75       -0.21   110,952.00
2912  2010-12-14  NAS100  2,209.00  2,219.75  2,204.25  2,214.00      2.25        0.10   255,796.00
2913  2010-12-15  NAS100  2,214.75  2,223.50  2,196.00  2,201.25    -12.75       -0.58   320,618.00
2914  2010-12-16  NAS100  2,201.75  2,224.75  2,197.25  2,219.25     18.00        0.82   243,753.00
2915  2010-12-17  NAS100  2,222.00  2,226.50  2,212.25  2,213.25     -6.00       -0.27   158,393.00
2916  2010-12-20  NAS100  2,216.00  2,230.00  2,205.50  2,220.25      7.00        0.32   172,358.00
2917  2010-12-21  NAS100  2,220.00  2,237.00  2,219.25  2,235.25     15.00        0.68   103,147.00
2918  2010-12-22  NAS100  2,233.75  2,238.25  2,230.25  2,236.00      0.75        0.03    89,776.00
2919  2010-12-23  NAS100  2,236.75  2,239.00  2,223.75  2,230.50     -5.50       -0.25    87,905.00
2920  2010-12-27  NAS100  2,227.25  2,234.00  2,207.25  2,230.00     -0.50       -0.02   139,752.00
2921  2010-12-28  NAS100  2,229.25  2,237.00  2,221.25  2,225.50     -4.50       -0.20    80,279.00
2922  2010-12-29  NAS100  2,227.25  2,235.75  2,224.25  2,228.50      3.00        0.13    64,609.00
2923  2010-12-30  NAS100  2,228.50  2,232.75  2,221.50  2,224.50     -4.00       -0.18    85,956.00
2924  2010-12-31  NAS100  2,225.25  2,229.00  2,207.50  2,216.00     -8.50       -0.38   100,071.00
2925  2011-01-03  NAS100  2,220.00  2,267.75  2,219.25  2,250.50     34.50        1.56   276,753.00
2926  2011-01-04  NAS100  2,249.75  2,262.50  2,236.50  2,245.50     -5.00       -0.22   216,365.00
2927  2011-01-05  NAS100  2,246.75  2,271.75  2,229.50  2,269.75     24.25        1.08   213,120.00
2928  2011-01-06  NAS100  2,270.75  2,279.25  2,267.25  2,276.25      6.50        0.29   177,334.00
2929  2011-01-07  NAS100  2,277.00  2,282.25  2,252.00  2,273.00     -3.25       -0.14   279,363.00
2930  2011-01-10  NAS100  2,272.25  2,287.00  2,260.75  2,282.50      9.50        0.42   197,994.00
2931  2011-01-11  NAS100  2,282.00  2,295.25  2,278.00  2,285.50      3.00        0.13   208,383.00
2932  2011-01-12  NAS100  2,286.00  2,306.75  2,284.00  2,304.50     19.00        0.83   176,801.00
2933  2011-01-13  NAS100  2,304.75  2,309.50  2,296.75  2,302.75     -1.75       -0.08   185,940.00
2934  2011-01-14  NAS100  2,303.75  2,323.00  2,297.50  2,320.00     17.25        0.75   177,966.00
2935  2011-01-17  NAS100  2,321.25  2,332.50  2,285.25  2,330.75     10.75        0.46   289,649.00
2936  2011-01-19  NAS100  2,331.50  2,346.50  2,293.00  2,294.50    -36.25       -1.56   293,316.00
2937  2011-01-20  NAS100  2,297.75  2,299.50  2,267.00  2,281.50    -13.00       -0.57   351,068.00
2938  2011-01-21  NAS100  2,281.75  2,300.25  2,265.75  2,269.00    -12.50       -0.55   252,574.00
2939  2011-01-24  NAS100  2,268.75  2,300.75  2,264.50  2,298.00     29.00        1.28   222,971.00
2940  2011-01-25  NAS100  2,298.00  2,303.25  2,281.25  2,301.25      3.25        0.14   250,703.00
2941  2011-01-26  NAS100  2,300.25  2,320.00  2,298.00  2,318.50     17.25        0.75   218,232.00
2942  2011-01-27  NAS100  2,318.00  2,334.50  2,313.25  2,323.00      4.50        0.19   242,547.00
2943  2011-01-28  NAS100  2,322.00  2,331.00  2,258.00  2,268.00    -55.00       -2.37   434,902.00
2944  2011-01-31  NAS100  2,265.50  2,286.00  2,248.50  2,280.00     12.00        0.53   316,720.00
2945  2011-02-01  NAS100  2,284.00  2,328.25  2,281.25  2,322.50     42.50        1.86   300,511.00
2946  2011-02-02  NAS100  2,320.75  2,327.75  2,312.00  2,319.75     -2.75       -0.12   193,313.00
2947  2011-02-03  NAS100  2,319.00  2,326.25  2,295.75  2,321.75      2.00        0.09   258,037.00
2948  2011-02-04  NAS100  2,322.25  2,339.50  2,316.50  2,337.50     15.75        0.68   224,139.00
2949  2011-02-07  NAS100  2,337.75  2,359.75  2,334.50  2,345.00      7.50        0.32   240,695.00
2950  2011-02-08  NAS100  2,343.75  2,364.00  2,341.25  2,362.75     17.75        0.76   187,536.00
2951  2011-02-09  NAS100  2,362.50  2,365.50  2,350.50  2,362.25     -0.50       -0.02   198,569.00
2952  2011-02-10  NAS100  2,357.00  2,365.00  2,338.25  2,361.75     -0.50       -0.02   334,186.00
2953  2011-02-11  NAS100  2,360.00  2,380.50  2,347.75  2,378.25     16.50        0.70   191,884.00
2954  2011-02-14  NAS100  2,376.25  2,387.50  2,375.50  2,381.75      3.50        0.15   153,281.00
2955  2011-02-15  NAS100  2,381.75  2,385.50  2,370.75  2,381.50     -0.25       -0.01   166,706.00
2956  2011-02-16  NAS100  2,381.25  2,403.00  2,379.75  2,392.00     10.50        0.44   230,670.00
2957  2011-02-17  NAS100  2,392.00  2,400.75  2,383.50  2,393.50      1.50        0.06   197,725.00
2958  2011-02-18  NAS100  2,393.75  2,400.50  2,382.00  2,395.00      1.50        0.06   183,849.00
2959  2011-02-21  NAS100  2,393.50  2,394.00  2,315.50  2,321.75    -73.25       -3.06   450,245.00
2960  2011-02-23  NAS100  2,322.00  2,334.75  2,285.00  2,303.50    -18.25       -0.79   407,845.00
2961  2011-02-24  NAS100  2,302.75  2,321.00  2,280.25  2,308.25      4.75        0.21   362,545.00
2962  2011-02-25  NAS100  2,310.00  2,350.25  2,305.50  2,345.75     37.50        1.62   244,697.00
2963  2011-02-28  NAS100  2,345.25  2,363.00  2,334.75  2,350.75      5.00        0.21   232,535.00
2964  2011-03-01  NAS100  2,351.00  2,371.75  2,307.50  2,311.50    -39.25       -1.67   349,697.00
2965  2011-03-02  NAS100  2,311.25  2,341.00  2,301.75  2,323.25     11.75        0.51   335,530.00
2966  2011-03-03  NAS100  2,322.00  2,376.00  2,321.25  2,371.75     48.50        2.09   288,788.00
2967  2011-03-04  NAS100  2,371.25  2,378.75  2,344.25  2,359.75    -12.00       -0.51   299,221.00
2968  2011-03-07  NAS100  2,360.25  2,374.25  2,306.25  2,324.50    -35.25       -1.49   402,341.00
2969  2011-03-08  NAS100  2,324.00  2,348.00  2,310.50  2,333.75      9.25        0.40   363,782.00
2970  2011-03-09  NAS100  2,332.75  2,340.50  2,308.25  2,310.50    -23.25       -1.00   374,399.00
2971  2011-03-10  NAS100  2,312.25  2,315.50  2,275.25  2,283.00    -27.50       -1.19   346,788.00
2972  2011-03-11  NAS100  2,282.50  2,306.25  2,265.00  2,305.25     22.25        0.97   140,465.00
2973  2011-03-14  NAS100  2,296.50  2,304.75  2,273.50  2,292.00    -13.25       -0.57   108,276.00
2974  2011-03-15  NAS100  2,289.25  2,293.00  2,213.75  2,245.00    -47.00       -2.05   430,853.00
2975  2011-03-16  NAS100  2,245.75  2,261.75  2,186.50  2,208.50    -36.50       -1.63   628,574.00
2976  2011-03-17  NAS100  2,209.00  2,245.75  2,185.75  2,226.00     17.50        0.79   373,620.00
2977  2011-03-18  NAS100  2,225.50  2,253.75  2,215.00  2,221.50     -4.50       -0.20   356,862.00
2978  2011-03-21  NAS100  2,223.00  2,271.50  2,219.00  2,254.50     33.00        1.49   250,481.00
2979  2011-03-22  NAS100  2,256.25  2,264.25  2,249.25  2,257.25      2.75        0.12   214,276.00
2980  2011-03-23  NAS100  2,256.00  2,274.75  2,232.00  2,265.00      7.75        0.34   277,187.00
2981  2011-03-24  NAS100  2,265.00  2,313.50  2,262.25  2,308.50     43.50        1.92   289,374.00
2982  2011-03-25  NAS100  2,305.50  2,335.00  2,304.00  2,317.00      8.50        0.37   256,984.00
2983  2011-03-28  NAS100  2,316.25  2,328.50  2,294.75  2,295.75    -21.25       -0.92   205,806.00
2984  2011-03-29  NAS100  2,296.75  2,324.75  2,289.50  2,322.50     26.75        1.17   221,150.00
2985  2011-03-30  NAS100  2,322.25  2,343.25  2,320.25  2,334.50     12.00        0.52   181,624.00
2986  2011-03-31  NAS100  2,334.25  2,341.50  2,327.50  2,336.25      1.75        0.07   177,992.00
2987  2011-04-01  NAS100  2,339.00  2,358.00  2,333.25  2,338.50      2.25        0.10   227,985.00
2988  2011-04-04  NAS100  2,337.25  2,349.75  2,322.00  2,340.50      2.00        0.09   213,559.00
2989  2011-04-05  NAS100  2,341.00  2,343.00  2,318.25  2,323.25    -17.25       -0.74   246,330.00
2990  2011-04-06  NAS100  2,324.00  2,350.00  2,316.75  2,325.50      2.25        0.10   260,050.00
2991  2011-04-07  NAS100  2,325.50  2,344.25  2,311.75  2,329.25      3.75        0.16   299,965.00
2992  2011-04-08  NAS100  2,329.00  2,342.75  2,304.75  2,318.00    -11.25       -0.48   231,045.00
2993  2011-04-11  NAS100  2,322.75  2,334.00  2,302.00  2,308.00    -10.00       -0.43   224,000.00
2994  2011-04-12  NAS100  2,309.50  2,310.00  2,285.00  2,293.00    -15.00       -0.65   288,991.00
2995  2011-04-13  NAS100  2,292.25  2,319.50  2,291.50  2,308.50     15.50        0.68   287,483.00
2996  2011-04-14  NAS100  2,309.00  2,312.00  2,287.50  2,300.75     -7.75       -0.34   291,384.00
2997  2011-04-15  NAS100  2,301.75  2,313.75  2,289.25  2,309.75      9.00        0.39   236,995.00
2998  2011-04-18  NAS100  2,308.00  2,310.00  2,250.25  2,290.00    -19.75       -0.86   376,034.00
2999  2011-04-19  NAS100  2,289.00  2,317.50  2,277.75  2,311.00     21.00        0.92   226,895.00
3000  2011-04-20  NAS100  2,313.75  2,363.75  2,313.00  2,355.00     44.00        1.90   307,353.00
3001  2011-04-21  NAS100  2,356.00  2,382.75  2,356.00  2,375.50     20.50        0.87   242,215.00
3002  2011-04-25  NAS100  2,373.00  2,382.25  2,371.75  2,377.50      2.00        0.08   115,169.00
3003  2011-04-26  NAS100  2,377.25  2,402.00  2,372.75  2,384.75      7.25        0.30   226,453.00
3004  2011-04-27  NAS100  2,388.00  2,412.75  2,387.25  2,409.00     24.25        1.02   213,497.00
3005  2011-04-28  NAS100  2,409.25  2,415.75  2,396.25  2,401.75     -7.25       -0.30   229,280.00
3006  2011-04-29  NAS100  2,401.00  2,412.50  2,397.25  2,400.75     -1.00       -0.04   164,125.00
3007  2011-05-02  NAS100  2,408.00  2,428.00  2,393.50  2,401.50      0.75        0.03   286,554.00
3008  2011-05-03  NAS100  2,402.75  2,403.00  2,374.00  2,389.75    -11.75       -0.49   287,245.00
3009  2011-05-04  NAS100  2,389.75  2,396.00  2,364.75  2,384.00     -5.75       -0.24   300,764.00
3010  2011-05-05  NAS100  2,385.00  2,399.75  2,363.50  2,379.00     -5.00       -0.21   393,338.00
3011  2011-05-06  NAS100  2,378.50  2,409.75  2,372.75  2,373.50     -5.50       -0.23   358,939.00
3012  2011-05-09  NAS100  2,378.00  2,398.00  2,374.00  2,386.50     13.00        0.55   265,715.00
3013  2011-05-10  NAS100  2,386.25  2,412.00  2,382.75  2,409.25     22.75        0.95   291,892.00
3014  2011-05-11  NAS100  2,407.50  2,415.25  2,374.00  2,393.50    -15.75       -0.65   297,723.00
3015  2011-05-12  NAS100  2,393.75  2,409.25  2,369.00  2,407.00     13.50        0.56   288,507.00
3016  2011-05-13  NAS100  2,408.00  2,414.25  2,369.00  2,370.00    -37.00       -1.54   300,837.00
3017  2011-05-16  NAS100  2,366.00  2,372.75  2,329.25  2,334.50    -35.50       -1.50   405,609.00
3018  2011-05-17  NAS100  2,333.75  2,346.00  2,318.25  2,337.25      2.75        0.12   338,037.00
3019  2011-05-18  NAS100  2,341.25  2,365.00  2,333.50  2,361.50     24.25        1.04   232,300.00
3020  2011-05-19  NAS100  2,362.00  2,373.25  2,353.50  2,369.00      7.50        0.32   228,801.00
3021  2011-05-20  NAS100  2,368.50  2,372.75  2,342.25  2,343.50    -25.50       -1.08   257,419.00
3022  2011-05-23  NAS100  2,341.50  2,342.75  2,304.25  2,315.50    -28.00       -1.19   247,592.00
3023  2011-05-24  NAS100  2,315.50  2,324.25  2,298.75  2,301.75    -13.75       -0.59   244,139.00
3024  2011-05-25  NAS100  2,300.75  2,320.75  2,281.00  2,309.50      7.75        0.34   261,109.00
3025  2011-05-26  NAS100  2,309.75  2,331.00  2,302.00  2,325.25     15.75        0.68   246,269.00
3026  2011-05-27  NAS100  2,326.50  2,338.50  2,322.25  2,332.50      7.25        0.31   154,910.00
3027  2011-05-30  NAS100  2,331.25  2,377.75  2,330.75  2,371.75     39.25        1.68   251,027.00
3028  2011-06-01  NAS100  2,375.50  2,380.75  2,318.00  2,319.50    -52.25       -2.20   325,409.00
3029  2011-06-02  NAS100  2,320.50  2,335.50  2,313.75  2,326.00      6.50        0.28   278,595.00
3030  2011-06-03  NAS100  2,325.75  2,328.00  2,284.75  2,287.50    -38.50       -1.66   288,850.00
3031  2011-06-06  NAS100  2,288.50  2,299.25  2,271.25  2,274.00    -13.50       -0.59   222,242.00
3032  2011-06-07  NAS100  2,274.00  2,288.25  2,268.00  2,273.75     -0.25       -0.01   226,064.00
3033  2011-06-08  NAS100  2,273.50  2,278.00  2,246.75  2,248.00    -25.75       -1.13   274,206.00
3034  2011-06-09  NAS100  2,250.75  2,267.50  2,245.50  2,252.50      4.50        0.20   186,589.00
3035  2011-06-10  NAS100  2,252.50  2,255.75  2,218.50  2,221.25    -31.25       -1.39   136,078.00
3036  2011-06-13  NAS100  2,217.00  2,234.00  2,214.50  2,223.25      2.00        0.09    91,589.00
3037  2011-06-14  NAS100  2,223.50  2,252.75  2,216.75  2,247.00     23.75        1.07   324,061.00
3038  2011-06-15  NAS100  2,245.50  2,246.75  2,199.75  2,205.00    -42.00       -1.87   408,611.00
3039  2011-06-16  NAS100  2,206.50  2,214.00  2,176.50  2,195.50     -9.50       -0.43   360,888.00
3040  2011-06-17  NAS100  2,195.50  2,218.75  2,182.50  2,190.25     -5.25       -0.24   308,529.00
3041  2011-06-20  NAS100  2,189.50  2,207.00  2,174.00  2,200.00      9.75        0.45   215,125.00
3042  2011-06-21  NAS100  2,199.50  2,249.75  2,198.00  2,244.00     44.00        2.00   339,993.00
3043  2011-06-22  NAS100  2,243.25  2,250.75  2,228.75  2,229.50    -14.50       -0.65   223,745.00
3044  2011-06-23  NAS100  2,229.00  2,253.50  2,199.50  2,237.50      8.00        0.36   415,542.00
3045  2011-06-24  NAS100  2,237.50  2,258.50  2,206.75  2,207.75    -29.75       -1.33   316,081.00
3046  2011-06-27  NAS100  2,208.75  2,260.00  2,191.50  2,249.00     41.25        1.87   287,433.00
3047  2011-06-28  NAS100  2,250.50  2,285.00  2,241.50  2,284.00     35.00        1.56   237,750.00
3048  2011-06-29  NAS100  2,283.00  2,300.50  2,274.75  2,294.00     10.00        0.44   252,700.00
3049  2011-06-30  NAS100  2,293.25  2,323.50  2,287.50  2,321.00     27.00        1.18   201,935.00
3050  2011-07-01  NAS100  2,318.75  2,360.75  2,316.75  2,355.25     34.25        1.48   238,609.00
3051  2011-07-04  NAS100  2,355.00  2,372.00  2,351.50  2,372.00     16.75        0.71   249,553.00
3052  2011-07-06  NAS100  2,370.00  2,380.75  2,358.50  2,375.25      3.25        0.14   257,899.00
3053  2011-07-07  NAS100  2,376.00  2,416.00  2,375.75  2,415.50     40.25        1.69   214,745.00
3054  2011-07-08  NAS100  2,415.25  2,421.75  2,375.75  2,408.50     -7.00       -0.29   283,491.00
3055  2011-07-11  NAS100  2,404.25  2,404.25  2,351.25  2,367.00    -41.50       -1.72   280,079.00
3056  2011-07-12  NAS100  2,365.75  2,366.50  2,330.50  2,344.50    -22.50       -0.95   304,899.00
3057  2011-07-13  NAS100  2,344.50  2,375.00  2,337.75  2,344.50      0.00        0.00   267,288.00
3058  2011-07-14  NAS100  2,345.75  2,368.25  2,314.50  2,334.00    -10.50       -0.45   344,083.00
3059  2011-07-15  NAS100  2,338.00  2,358.75  2,331.50  2,355.50     21.50        0.92   254,820.00
3060  2011-07-18  NAS100  2,354.50  2,355.25  2,318.75  2,340.00    -15.50       -0.66   249,078.00
3061  2011-07-19  NAS100  2,341.75  2,399.75  2,339.00  2,389.00     49.00        2.09   275,586.00
3062  2011-07-20  NAS100  2,389.75  2,413.50  2,381.00  2,381.75     -7.25       -0.30   253,753.00
3063  2011-07-21  NAS100  2,381.75  2,414.50  2,365.00  2,410.00     28.25        1.19   278,950.00
3064  2011-07-22  NAS100  2,402.50  2,429.75  2,396.25  2,428.00     18.00        0.75   184,217.00
3065  2011-07-25  NAS100  2,417.75  2,434.50  2,380.00  2,423.50     -4.50       -0.19   195,167.00
3066  2011-07-26  NAS100  2,423.00  2,435.50  2,412.75  2,423.50      0.00        0.00   185,139.00
3067  2011-07-27  NAS100  2,424.50  2,425.75  2,357.75  2,357.75    -65.75       -2.71   328,563.00
3068  2011-07-28  NAS100  2,360.00  2,398.75  2,355.75  2,370.00     12.25        0.52   287,066.00
3069  2011-07-29  NAS100  2,370.75  2,385.25  2,338.00  2,359.25    -10.75       -0.45   335,802.00
3070  2011-08-01  NAS100  2,386.00  2,395.00  2,320.75  2,346.00    -13.25       -0.56   356,651.00
3071  2011-08-02  NAS100  2,347.25  2,355.25  2,285.75  2,288.25    -57.75       -2.46   340,611.00
3072  2011-08-03  NAS100  2,290.00  2,314.50  2,253.00  2,302.50     14.25        0.62   448,373.00
3073  2011-08-04  NAS100  2,303.75  2,319.50  2,195.00  2,209.50    -93.00       -4.04   536,231.00
3074  2011-08-05  NAS100  2,213.75  2,239.25  2,128.75  2,187.00    -22.50       -1.02   683,266.00
3075  2011-08-08  NAS100  2,145.00  2,170.75  2,031.50  2,038.00   -149.00       -6.81   731,047.00
3076  2011-08-09  NAS100  2,043.00  2,161.25  1,972.25  2,155.00    117.00        5.74   715,540.00
3077  2011-08-10  NAS100  2,154.00  2,168.25  2,065.75  2,085.00    -70.00       -3.25   543,270.00
3078  2011-08-11  NAS100  2,082.75  2,184.50  2,057.50  2,158.00     73.00        3.50   421,381.00
3079  2011-08-12  NAS100  2,158.00  2,192.50  2,114.00  2,177.50     19.50        0.90   292,340.00
3080  2011-08-15  NAS100  2,183.75  2,211.50  2,176.50  2,206.50     29.00        1.33   224,281.00
3081  2011-08-16  NAS100  2,204.50  2,211.25  2,163.50  2,199.00     -7.50       -0.34   294,934.00
3082  2011-08-17  NAS100  2,198.00  2,214.00  2,157.25  2,175.25    -23.75       -1.08   273,534.00
3083  2011-08-18  NAS100  2,175.75  2,175.75  2,053.00  2,082.00    -93.25       -4.29   444,399.00
3084  2011-08-19  NAS100  2,084.75  2,102.00  2,033.75  2,041.00    -41.00       -1.97   374,568.00
3085  2011-08-22  NAS100  2,041.00  2,085.50  2,022.25  2,044.00      3.00        0.15   254,177.00
3086  2011-08-23  NAS100  2,046.75  2,129.25  2,037.00  2,124.00     80.00        3.91   273,713.00
3087  2011-08-24  NAS100  2,124.00  2,147.50  2,096.25  2,139.00     15.00        0.71   270,378.00
3088  2011-08-25  NAS100  2,138.75  2,152.00  2,101.00  2,111.00    -28.00       -1.31   308,466.00
3089  2011-08-26  NAS100  2,111.00  2,169.00  2,080.75  2,164.00     53.00        2.51   344,089.00
3090  2011-08-29  NAS100  2,164.00  2,225.00  2,158.00  2,220.00     56.00        2.59   198,317.00
3091  2011-08-30  NAS100  2,219.50  2,249.50  2,201.25  2,227.00      7.00        0.32   254,838.00
3092  2011-08-31  NAS100  2,226.00  2,268.50  2,221.25  2,240.75     13.75        0.62   285,780.00
3093  2011-09-01  NAS100  2,243.50  2,263.75  2,215.50  2,217.25    -23.50       -1.05   262,316.00
3094  2011-09-02  NAS100  2,217.00  2,221.75  2,155.75  2,164.75    -52.50       -2.37   271,645.00
3095  2011-09-05  NAS100  2,159.50  2,171.25  2,108.25  2,165.25      0.50        0.02   341,285.00
3096  2011-09-07  NAS100  2,165.50  2,224.50  2,164.75  2,222.00     56.75        2.62   252,548.00
3097  2011-09-08  NAS100  2,223.00  2,244.00  2,205.25  2,216.75     -5.25       -0.24   254,052.00
3098  2011-09-09  NAS100  2,216.00  2,227.75  2,149.75  2,169.00    -47.75       -2.15   143,421.00
3099  2011-09-12  NAS100  2,159.75  2,198.75  2,122.00  2,195.00     26.00        1.20   125,382.00
3100  2011-09-13  NAS100  2,189.75  2,220.00  2,161.50  2,215.00     20.00        0.91   374,107.00
3101  2011-09-14  NAS100  2,215.50  2,272.75  2,186.00  2,246.25     31.25        1.41   401,860.00
3102  2011-09-15  NAS100  2,246.50  2,286.50  2,239.25  2,284.00     37.75        1.68   400,800.00
3103  2011-09-16  NAS100  2,281.25  2,308.25  2,269.25  2,307.25     23.25        1.02   313,377.00
3104  2011-09-19  NAS100  2,288.00  2,314.50  2,254.25  2,301.00     -6.25       -0.27   317,744.00
3105  2011-09-20  NAS100  2,298.75  2,332.50  2,283.75  2,296.50     -4.50       -0.20   325,787.00
3106  2011-09-21  NAS100  2,297.00  2,318.00  2,244.25  2,245.50    -51.00       -2.22   353,504.00
3107  2011-09-22  NAS100  2,245.75  2,249.50  2,144.50  2,174.50    -71.00       -3.16   581,136.00
3108  2011-09-23  NAS100  2,177.75  2,210.25  2,134.00  2,202.00     27.50        1.26   398,446.00
3109  2011-09-26  NAS100  2,190.50  2,232.50  2,162.25  2,226.00     24.00        1.09   390,098.00
3110  2011-09-27  NAS100  2,226.50  2,285.25  2,221.25  2,254.00     28.00        1.26   351,571.00
3111  2011-09-28  NAS100  2,252.25  2,275.75  2,212.00  2,218.50    -35.50       -1.57   325,688.00
3112  2011-09-29  NAS100  2,217.25  2,259.75  2,152.50  2,189.50    -29.00       -1.31   405,111.00
3113  2011-09-30  NAS100  2,193.00  2,198.50  2,122.25  2,134.50    -55.00       -2.51   386,656.00
3114  2011-10-03  NAS100  2,126.50  2,148.00  2,062.75  2,065.25    -69.25       -3.24   453,776.00
3115  2011-10-04  NAS100  2,067.25  2,126.75  2,035.75  2,113.50     48.25        2.34   537,716.00
3116  2011-10-05  NAS100  2,112.75  2,182.00  2,099.25  2,167.50     54.00        2.56   402,321.00
3117  2011-10-06  NAS100  2,167.25  2,213.75  2,148.50  2,204.75     37.25        1.72   386,531.00
3118  2011-10-07  NAS100  2,204.50  2,227.00  2,183.75  2,201.75     -3.00       -0.14   354,155.00
3119  2011-10-10  NAS100  2,206.00  2,277.25  2,203.00  2,276.75     75.00        3.41   223,258.00
3120  2011-10-11  NAS100  2,275.25  2,296.25  2,262.25  2,288.50     11.75        0.52   243,144.00
3121  2011-10-12  NAS100  2,287.00  2,329.00  2,274.50  2,296.50      8.00        0.35   304,865.00
3122  2011-10-13  NAS100  2,299.75  2,336.25  2,289.00  2,326.00     29.50        1.28   315,723.00
3123  2011-10-14  NAS100  2,326.25  2,369.00  2,320.25  2,367.25     41.25        1.77   274,440.00
3124  2011-10-17  NAS100  2,367.25  2,388.50  2,317.00  2,321.00    -46.25       -1.95   314,777.00
3125  2011-10-18  NAS100  2,321.00  2,371.50  2,304.75  2,363.75     42.75        1.84   381,902.00
3126  2011-10-19  NAS100  2,365.25  2,368.25  2,305.75  2,318.00    -45.75       -1.94   332,866.00
3127  2011-10-20  NAS100  2,316.25  2,332.75  2,268.50  2,301.00    -17.00       -0.73   351,193.00
3128  2011-10-21  NAS100  2,297.00  2,345.50  2,296.00  2,334.25     33.25        1.45   259,719.00
3129  2011-10-24  NAS100  2,326.75  2,385.75  2,320.25  2,374.75     40.50        1.74   241,760.00
3130  2011-10-25  NAS100  2,375.00  2,386.75  2,316.00  2,321.75    -53.00       -2.23   325,017.00
3131  2011-10-26  NAS100  2,323.25  2,350.25  2,286.75  2,326.50      4.75        0.20   322,352.00
3132  2011-10-27  NAS100  2,329.75  2,408.75  2,329.00  2,393.75     67.25        2.89   329,377.00
3133  2011-10-28  NAS100  2,393.75  2,401.75  2,378.50  2,396.50      2.75        0.11   213,787.00
3134  2011-10-31  NAS100  2,397.75  2,398.00  2,350.50  2,356.00    -40.50       -1.69   243,862.00
3135  2011-11-01  NAS100  2,353.25  2,355.75  2,282.75  2,303.50    -52.50       -2.23   445,641.00
3136  2011-11-02  NAS100  2,303.00  2,329.75  2,293.25  2,314.50     11.00        0.48   285,448.00
3137  2011-11-03  NAS100  2,317.00  2,366.50  2,279.00  2,361.00     46.50        2.01   322,415.00
3138  2011-11-04  NAS100  2,362.00  2,364.50  2,327.00  2,351.00    -10.00       -0.42   235,043.00
3139  2011-11-07  NAS100  2,351.00  2,371.50  2,319.50  2,369.75     18.75        0.80   245,858.00
3140  2011-11-08  NAS100  2,369.00  2,399.50  2,355.25  2,394.50     24.75        1.04   251,312.00
3141  2011-11-09  NAS100  2,394.75  2,397.50  2,302.50  2,311.00    -83.50       -3.49   337,138.00
3142  2011-11-10  NAS100  2,312.25  2,344.00  2,286.50  2,303.50     -7.50       -0.32   301,449.00
3143  2011-11-11  NAS100  2,308.50  2,360.25  2,301.50  2,350.25     46.75        2.03   187,760.00
3144  2011-11-14  NAS100  2,355.00  2,366.50  2,329.75  2,343.00     -7.25       -0.31   184,831.00
3145  2011-11-15  NAS100  2,343.25  2,374.25  2,310.00  2,359.75     16.75        0.71   257,276.00
3146  2011-11-16  NAS100  2,361.50  2,371.50  2,312.25  2,313.75    -46.00       -1.95   285,487.00
3147  2011-11-17  NAS100  2,314.25  2,332.75  2,256.00  2,268.25    -45.50       -1.97   369,831.00
3148  2011-11-18  NAS100  2,270.00  2,290.00  2,249.00  2,249.75    -18.50       -0.82   257,930.00
3149  2011-11-21  NAS100  2,244.00  2,244.00  2,187.00  2,213.50    -36.25       -1.61   300,992.00
3150  2011-11-22  NAS100  2,215.25  2,226.75  2,190.75  2,214.25      0.75        0.03   264,163.00
3151  2011-11-23  NAS100  2,214.00  2,216.75  2,161.00  2,161.00    -53.25       -2.40   252,323.00
3152  2011-11-24  NAS100  2,164.50  2,184.50  2,135.75  2,147.50    -13.50       -0.62   162,261.00
3153  2011-11-28  NAS100  2,183.00  2,228.00  2,178.25  2,221.00     73.50        3.42   288,245.00
3154  2011-11-29  NAS100  2,221.00  2,245.00  2,205.25  2,212.50     -8.50       -0.38   272,608.00
3155  2011-11-30  NAS100  2,212.00  2,296.50  2,196.25  2,295.00     82.50        3.73   296,698.00
3156  2011-12-01  NAS100  2,293.25  2,315.50  2,284.00  2,309.25     14.25        0.62   226,157.00
3157  2011-12-02  NAS100  2,309.25  2,344.75  2,300.75  2,303.25     -6.00       -0.26   201,365.00
3158  2011-12-05  NAS100  2,309.00  2,343.75  2,309.00  2,325.00     21.75        0.94   228,283.00
3159  2011-12-06  NAS100  2,320.00  2,341.50  2,312.75  2,321.50     -3.50       -0.15   212,669.00
3160  2011-12-07  NAS100  2,322.00  2,343.75  2,291.50  2,321.50      0.00        0.00   265,639.00
3161  2011-12-08  NAS100  2,322.75  2,341.00  2,277.75  2,285.25    -36.25       -1.56   215,994.00
3162  2011-12-09  NAS100  2,284.25  2,327.00  2,269.00  2,322.00     36.75        1.61   124,579.00
3163  2011-12-12  NAS100  2,321.50  2,325.50  2,273.25  2,294.00    -28.00       -1.21    95,705.00
3164  2011-12-13  NAS100  2,291.50  2,314.75  2,255.00  2,267.50    -26.50       -1.16   353,267.00
3165  2011-12-14  NAS100  2,266.75  2,276.50  2,216.00  2,228.50    -39.00       -1.72   341,733.00
3166  2011-12-15  NAS100  2,229.25  2,252.00  2,215.00  2,223.25     -5.25       -0.24   243,508.00
3167  2011-12-16  NAS100  2,223.25  2,264.25  2,221.75  2,232.75      9.50        0.43   214,925.00
3168  2011-12-19  NAS100  2,235.00  2,251.00  2,204.25  2,212.50    -20.25       -0.91   183,913.00
3169  2011-12-20  NAS100  2,214.00  2,283.25  2,212.25  2,266.75     54.25        2.45   227,829.00
3170  2011-12-21  NAS100  2,269.50  2,291.25  2,217.75  2,239.00    -27.75       -1.22   248,778.00
3171  2011-12-22  NAS100  2,241.00  2,264.25  2,234.50  2,260.75     21.75        0.97   128,977.00
3172  2011-12-23  NAS100  2,262.00  2,283.25  2,260.25  2,278.50     17.75        0.79    72,450.00
3173  2011-12-26  NAS100  2,280.00  2,296.50  2,275.00  2,284.50      6.00        0.26    73,764.00
3174  2011-12-28  NAS100  2,284.50  2,292.25  2,253.75  2,259.50    -25.00       -1.09   128,306.00
3175  2011-12-29  NAS100  2,262.25  2,282.00  2,258.25  2,277.25     17.75        0.79   100,733.00
3176  2011-12-30  NAS100  2,278.25  2,284.50  2,270.25  2,274.50     -2.75       -0.12    69,032.00
3177  2012-01-02  NAS100  2,312.50  2,328.25  2,308.00  2,316.00     41.50        1.82   177,461.00
3178  2012-01-04  NAS100  2,316.25  2,329.50  2,302.50  2,328.75     12.75        0.55   142,882.00
3179  2012-01-05  NAS100  2,329.00  2,347.50  2,309.25  2,339.50     10.75        0.46   195,109.00
3180  2012-01-06  NAS100  2,340.25  2,358.75  2,332.50  2,352.25     12.75        0.54   158,875.00
3181  2012-01-09  NAS100  2,353.25  2,363.50  2,338.50  2,346.75     -5.50       -0.23   152,188.00
3182  2012-01-10  NAS100  2,346.50  2,378.25  2,346.25  2,363.50     16.75        0.71   147,334.00
3183  2012-01-11  NAS100  2,363.25  2,373.25  2,352.50  2,367.00      3.50        0.15   173,538.00
3184  2012-01-12  NAS100  2,367.00  2,383.00  2,355.75  2,378.50     11.50        0.49   160,555.00
3185  2012-01-13  NAS100  2,378.00  2,386.75  2,348.50  2,373.50     -5.00       -0.21   199,235.00
3186  2012-01-16  NAS100  2,367.25  2,401.00  2,361.50  2,389.75     16.25        0.68   190,236.00
3187  2012-01-18  NAS100  2,390.25  2,423.00  2,387.75  2,420.50     30.75        1.29   214,767.00
3188  2012-01-19  NAS100  2,420.25  2,442.50  2,418.50  2,425.25      4.75        0.20   185,083.00
3189  2012-01-20  NAS100  2,428.00  2,437.00  2,422.75  2,434.75      9.50        0.39   153,095.00
3190  2012-01-23  NAS100  2,430.00  2,452.25  2,420.75  2,435.00      0.25        0.01   165,315.00
3191  2012-01-24  NAS100  2,435.50  2,439.75  2,419.50  2,437.50      2.50        0.10   146,667.00
3192  2012-01-25  NAS100  2,438.00  2,469.00  2,436.75  2,460.50     23.00        0.94   249,740.00
3193  2012-01-26  NAS100  2,460.25  2,476.00  2,440.75  2,453.25     -7.25       -0.29   186,795.00
3194  2012-01-27  NAS100  2,453.00  2,464.50  2,444.75  2,456.25      3.00        0.12   169,927.00
3195  2012-01-30  NAS100  2,460.00  2,465.50  2,429.25  2,462.00      5.75        0.23   182,360.00
3196  2012-01-31  NAS100  2,462.25  2,478.50  2,448.75  2,464.25      2.25        0.09   271,817.00
3197  2012-02-01  NAS100  2,455.00  2,494.25  2,453.50  2,487.50     23.25        0.94   206,687.00
3198  2012-02-02  NAS100  2,488.50  2,500.75  2,479.50  2,491.50      4.00        0.16   191,477.00
3199  2012-02-03  NAS100  2,492.00  2,530.00  2,489.75  2,523.00     31.50        1.26   168,427.00
3200  2012-02-06  NAS100  2,519.75  2,526.25  2,510.50  2,525.75      2.75        0.11   156,417.00
3201  2012-02-07  NAS100  2,524.75  2,534.75  2,511.75  2,529.25      3.50        0.14   176,247.00
3202  2012-02-08  NAS100  2,528.75  2,547.50  2,521.00  2,544.75     15.50        0.61   198,952.00
3203  2012-02-09  NAS100  2,545.00  2,565.00  2,535.25  2,561.00     16.25        0.64   244,811.00
3204  2012-02-10  NAS100  2,561.25  2,561.25  2,535.25  2,548.50    -12.50       -0.49   228,662.00
3205  2012-02-13  NAS100  2,556.75  2,571.25  2,551.75  2,567.75     19.25        0.76   165,757.00
3206  2012-02-14  NAS100  2,569.50  2,577.50  2,553.25  2,576.00      8.25        0.32   193,336.00
3207  2012-02-15  NAS100  2,576.50  2,600.50  2,552.50  2,557.50    -18.50       -0.72   393,394.00
3208  2012-02-16  NAS100  2,556.50  2,594.25  2,542.75  2,593.50     36.00        1.41   313,173.00
3209  2012-02-17  NAS100  2,593.75  2,597.50  2,572.00  2,582.00    -11.50       -0.44   216,108.00
3210  2012-02-20  NAS100  2,593.75  2,601.75  2,574.25  2,591.00      9.00        0.35   187,245.00
3211  2012-02-22  NAS100  2,590.25  2,600.50  2,575.25  2,578.75    -12.25       -0.47   186,677.00
3212  2012-02-23  NAS100  2,579.00  2,602.00  2,569.25  2,600.75     22.00        0.85   229,551.00
3213  2012-02-24  NAS100  2,600.25  2,609.50  2,598.00  2,601.50      0.75        0.03   147,647.00
3214  2012-02-27  NAS100  2,602.50  2,616.75  2,578.75  2,608.00      6.50        0.25   209,203.00
3215  2012-02-28  NAS100  2,609.50  2,635.00  2,607.50  2,632.00     24.00        0.92   199,721.00
3216  2012-02-29  NAS100  2,632.25  2,645.25  2,614.25  2,623.00     -9.00       -0.34   258,510.00
3217  2012-03-01  NAS100  2,623.75  2,646.25  2,616.50  2,643.25     20.25        0.77   257,365.00
3218  2012-03-02  NAS100  2,644.50  2,650.00  2,632.75  2,643.50      0.25        0.01   179,764.00
3219  2012-03-05  NAS100  2,639.75  2,645.00  2,605.50  2,616.00    -27.50       -1.04   223,081.00
3220  2012-03-06  NAS100  2,615.75  2,617.50  2,575.00  2,589.50    -26.50       -1.01   285,518.00
3221  2012-03-07  NAS100  2,589.75  2,614.50  2,588.25  2,608.75     19.25        0.74   260,566.00
3222  2012-03-08  NAS100  2,608.00  2,644.25  2,604.50  2,637.75     29.00        1.11   286,625.00
3223  2012-03-09  NAS100  2,637.50  2,652.50  2,631.50  2,648.50     10.75        0.41   126,691.00
3224  2012-03-12  NAS100  2,649.25  2,652.50  2,635.25  2,651.50      3.00        0.11   122,352.00
3225  2012-03-13  NAS100  2,646.25  2,696.50  2,645.25  2,694.00     42.50        1.60   357,188.00
3226  2012-03-14  NAS100  2,692.75  2,713.75  2,686.00  2,702.75      8.75        0.32   341,477.00
3227  2012-03-15  NAS100  2,702.25  2,717.25  2,697.00  2,711.75      9.00        0.33   304,394.00
3228  2012-03-16  NAS100  2,711.25  2,720.00  2,702.75  2,709.00     -2.75       -0.10   196,864.00
3229  2012-03-19  NAS100  2,708.50  2,735.00  2,700.25  2,727.75     18.75        0.69   229,820.00
3230  2012-03-20  NAS100  2,729.25  2,738.00  2,707.25  2,735.50      7.75        0.28   212,356.00
3231  2012-03-21  NAS100  2,736.25  2,748.50  2,730.00  2,735.25     -0.25       -0.01   210,535.00
3232  2012-03-22  NAS100  2,734.75  2,740.75  2,715.50  2,731.25     -4.00       -0.15   233,139.00
3233  2012-03-23  NAS100  2,732.50  2,746.50  2,710.75  2,728.75     -2.50       -0.09   198,235.00
3234  2012-03-26  NAS100  2,729.75  2,778.00  2,729.00  2,777.00     48.25        1.77   202,381.00
3235  2012-03-27  NAS100  2,775.75  2,789.50  2,772.00  2,775.75     -1.25       -0.05   179,109.00
3236  2012-03-28  NAS100  2,776.25  2,790.25  2,750.25  2,768.00     -7.75       -0.28   238,252.00
3237  2012-03-29  NAS100  2,765.25  2,773.25  2,737.00  2,758.25     -9.75       -0.35   246,572.00
3238  2012-03-30  NAS100  2,759.00  2,773.25  2,740.25  2,750.75     -7.50       -0.27   209,242.00
3239  2012-04-02  NAS100  2,758.00  2,783.75  2,743.50  2,777.00     26.25        0.95   210,984.00
3240  2012-04-03  NAS100  2,777.00  2,791.50  2,763.00  2,779.00      2.00        0.07   252,462.00
3241  2012-04-04  NAS100  2,780.50  2,781.00  2,724.75  2,736.50    -42.50       -1.53   273,624.00
3242  2012-04-05  NAS100  2,738.50  2,760.75  2,722.50  2,753.75     17.25        0.63   225,937.00
3243  2012-04-06  NAS100  2,755.00  2,761.25  2,719.00  2,753.75      0.00        0.00    14,688.00
3244  2012-04-09  NAS100  2,725.75  2,748.00  2,718.75  2,728.50    -25.25       -0.92   192,709.00
3245  2012-04-10  NAS100  2,728.75  2,746.00  2,684.25  2,697.00    -31.50       -1.15   383,510.00
3246  2012-04-11  NAS100  2,698.50  2,723.75  2,697.50  2,704.25      7.25        0.27   270,038.00
3247  2012-04-12  NAS100  2,706.25  2,740.25  2,704.75  2,738.75     34.50        1.28   283,699.00
3248  2012-04-13  NAS100  2,738.50  2,742.75  2,691.00  2,693.50    -45.25       -1.65   293,032.00
3249  2012-04-16  NAS100  2,694.75  2,710.00  2,656.50  2,663.75    -29.75       -1.10   396,998.00
3250  2012-04-17  NAS100  2,665.00  2,728.25  2,654.25  2,712.75     49.00        1.84   300,859.00
3251  2012-04-18  NAS100  2,713.50  2,728.25  2,694.50  2,694.50    -18.25       -0.67   285,992.00
3252  2012-04-19  NAS100  2,698.25  2,735.00  2,671.50  2,683.50    -11.00       -0.41   435,456.00
3253  2012-04-20  NAS100  2,685.75  2,708.00  2,669.75  2,674.25     -9.25       -0.34   292,572.00
3254  2012-04-23  NAS100  2,671.00  2,675.00  2,625.00  2,650.25    -24.00       -0.90   318,640.00
3255  2012-04-24  NAS100  2,651.25  2,666.00  2,624.75  2,632.50    -17.75       -0.67   265,558.00
3256  2012-04-25  NAS100  2,632.50  2,706.75  2,632.00  2,704.50     72.00        2.74   339,631.00
3257  2012-04-26  NAS100  2,704.50  2,727.00  2,695.00  2,720.25     15.75        0.58   206,885.00
3258  2012-04-27  NAS100  2,719.50  2,746.00  2,708.75  2,736.75     16.50        0.61   211,998.00
3259  2012-04-30  NAS100  2,741.00  2,744.25  2,715.50  2,719.25    -17.50       -0.64   198,658.00
3260  2012-05-01  NAS100  2,719.50  2,753.00  2,710.50  2,718.50     -0.75       -0.03   180,909.00
3261  2012-05-02  NAS100  2,718.00  2,732.00  2,702.50  2,727.50      9.00        0.33   221,305.00
3262  2012-05-03  NAS100  2,728.00  2,738.25  2,692.00  2,692.00    -35.50       -1.30   274,369.00
3263  2012-05-04  NAS100  2,695.25  2,700.50  2,625.25  2,625.50    -66.50       -2.47   320,105.00
3264  2012-05-07  NAS100  2,610.25  2,648.25  2,586.50  2,636.50     11.00        0.42   238,011.00
3265  2012-05-08  NAS100  2,636.75  2,641.75  2,583.25  2,622.75    -13.75       -0.52   328,108.00
3266  2012-05-09  NAS100  2,624.25  2,632.25  2,584.25  2,619.25     -3.50       -0.13   373,576.00
3267  2012-05-10  NAS100  2,619.25  2,636.50  2,601.00  2,618.75     -0.50       -0.02   312,502.00
3268  2012-05-11  NAS100  2,619.25  2,640.25  2,597.50  2,610.75     -8.00       -0.31   266,269.00
3269  2012-05-14  NAS100  2,602.00  2,613.00  2,583.50  2,585.00    -25.75       -0.99   245,850.00
3270  2012-05-15  NAS100  2,587.00  2,616.25  2,574.50  2,578.25     -6.75       -0.26   324,953.00
3271  2012-05-16  NAS100  2,579.00  2,596.00  2,556.25  2,557.50    -20.75       -0.80   283,940.00
3272  2012-05-17  NAS100  2,559.75  2,571.00  2,504.75  2,504.75    -52.75       -2.06   348,697.00
3273  2012-05-18  NAS100  2,507.00  2,521.75  2,468.00  2,468.25    -36.50       -1.46   421,401.00
3274  2012-05-21  NAS100  2,472.50  2,546.50  2,465.00  2,543.50     75.25        3.05   299,364.00
3275  2012-05-22  NAS100  2,544.75  2,561.50  2,522.25  2,535.25     -8.25       -0.32   293,161.00
3276  2012-05-23  NAS100  2,536.75  2,552.25  2,497.50  2,540.50      5.25        0.21   313,137.00
3277  2012-05-24  NAS100  2,540.75  2,556.25  2,510.25  2,536.25     -4.25       -0.17   287,392.00
3278  2012-05-25  NAS100  2,536.25  2,551.50  2,518.25  2,524.00    -12.25       -0.48   186,910.00
3279  2012-05-28  NAS100  2,533.25  2,570.00  2,531.50  2,559.50     35.50        1.41   289,944.00
3280  2012-05-30  NAS100  2,560.00  2,561.00  2,520.25  2,530.75    -28.75       -1.12   307,814.00
3281  2012-05-31  NAS100  2,531.75  2,542.50  2,506.00  2,524.00     -6.75       -0.27   307,420.00
3282  2012-06-01  NAS100  2,520.00  2,522.00  2,454.00  2,455.00    -69.00       -2.73   362,792.00
3283  2012-06-04  NAS100  2,460.00  2,480.25  2,433.75  2,469.00     14.00        0.57   283,657.00
3284  2012-06-05  NAS100  2,471.75  2,492.00  2,459.50  2,488.75     19.75        0.80   209,961.00
3285  2012-06-06  NAS100  2,490.25  2,551.75  2,487.00  2,550.00     61.25        2.46   279,489.00
3286  2012-06-07  NAS100  2,551.00  2,570.50  2,532.00  2,536.25    -13.75       -0.54   274,330.00
3287  2012-06-08  NAS100  2,536.75  2,564.25  2,517.75  2,562.50     26.25        1.03   131,002.00
3288  2012-06-11  NAS100  2,587.00  2,604.00  2,513.50  2,515.25    -47.25       -1.84   152,735.00
3289  2012-06-12  NAS100  2,512.00  2,546.75  2,505.00  2,545.00     29.75        1.18   354,366.00
3290  2012-06-13  NAS100  2,543.75  2,552.75  2,514.00  2,522.50    -22.50       -0.88   293,707.00
3291  2012-06-14  NAS100  2,523.50  2,542.75  2,509.00  2,535.00     12.50        0.50   338,260.00
3292  2012-06-15  NAS100  2,535.75  2,567.75  2,533.50  2,564.00     29.00        1.14   223,665.00
3293  2012-06-18  NAS100  2,580.25  2,594.50  2,549.25  2,587.50     23.50        0.92   215,740.00
3294  2012-06-19  NAS100  2,589.25  2,626.00  2,585.00  2,612.50     25.00        0.97   218,312.00
3295  2012-06-20  NAS100  2,612.00  2,628.25  2,597.50  2,617.25      4.75        0.18   257,546.00
3296  2012-06-21  NAS100  2,618.25  2,620.50  2,548.50  2,551.75    -65.50       -2.50   289,047.00
3297  2012-06-22  NAS100  2,552.25  2,581.75  2,548.50  2,573.50     21.75        0.85   253,677.00
3298  2012-06-25  NAS100  2,573.75  2,577.25  2,521.00  2,526.50    -47.00       -1.83   186,964.00
3299  2012-06-26  NAS100  2,528.25  2,551.75  2,525.25  2,548.25     21.75        0.86   194,181.00
3300  2012-06-27  NAS100  2,548.25  2,571.50  2,542.50  2,557.75      9.50        0.37   184,611.00
3301  2012-06-28  NAS100  2,559.00  2,564.75  2,503.50  2,527.75    -30.00       -1.17   264,989.00
3302  2012-06-29  NAS100  2,528.25  2,616.25  2,518.75  2,609.75     82.00        3.24   252,211.00
3303  2012-07-02  NAS100  2,612.00  2,620.25  2,599.50  2,614.25      4.50        0.17   187,657.00
3304  2012-07-03  NAS100  2,615.00  2,642.50  2,613.50  2,641.50     27.25        1.04   105,725.00
3305  2012-07-04  NAS100  2,641.00  2,655.75  2,621.00  2,642.50      1.00        0.04   219,466.00
3306  2012-07-06  NAS100  2,642.50  2,644.75  2,590.50  2,609.00    -33.50       -1.27   253,562.00
3307  2012-07-09  NAS100  2,602.50  2,615.50  2,591.50  2,606.00     -3.00       -0.11   163,428.00
3308  2012-07-10  NAS100  2,606.00  2,625.50  2,568.50  2,578.00    -28.00       -1.07   250,297.00
3309  2012-07-11  NAS100  2,577.50  2,589.25  2,543.00  2,561.50    -16.50       -0.64   228,325.00
3310  2012-07-12  NAS100  2,563.50  2,569.75  2,516.50  2,537.75    -23.75       -0.93   235,274.00
3311  2012-07-13  NAS100  2,537.50  2,584.75  2,537.50  2,577.00     39.25        1.55   187,072.00
3312  2012-07-16  NAS100  2,577.25  2,584.50  2,561.25  2,571.50     -5.50       -0.21   158,595.00
3313  2012-07-17  NAS100  2,571.75  2,594.00  2,548.00  2,587.00     15.50        0.60   269,331.00
3314  2012-07-18  NAS100  2,587.75  2,628.50  2,576.75  2,620.00     33.00        1.28   244,551.00
3315  2012-07-19  NAS100  2,623.00  2,658.00  2,623.00  2,652.25     32.25        1.23   254,512.00
3316  2012-07-20  NAS100  2,653.50  2,657.50  2,612.75  2,613.25    -39.00       -1.47   237,989.00
3317  2012-07-23  NAS100  2,609.00  2,613.00  2,543.25  2,579.25    -34.00       -1.30   276,430.00
3318  2012-07-24  NAS100  2,579.25  2,590.00  2,545.00  2,548.50    -30.75       -1.19   282,945.00
3319  2012-07-25  NAS100  2,555.00  2,560.75  2,516.75  2,543.50     -5.00       -0.20   270,731.00
3320  2012-07-26  NAS100  2,543.00  2,593.50  2,529.75  2,572.50     29.00        1.14   290,555.00
3321  2012-07-27  NAS100  2,572.75  2,646.00  2,572.50  2,642.00     69.50        2.70   284,847.00
3322  2012-07-30  NAS100  2,640.00  2,657.75  2,628.25  2,635.75     -6.25       -0.24   235,413.00
3323  2012-07-31  NAS100  2,637.00  2,652.50  2,631.00  2,636.50      0.75        0.03   215,377.00
3324  2012-08-01  NAS100  2,634.75  2,656.25  2,618.50  2,625.00    -11.50       -0.44   252,194.00
3325  2012-08-02  NAS100  2,625.25  2,648.75  2,600.00  2,618.50     -6.50       -0.25   303,243.00
3326  2012-08-03  NAS100  2,619.75  2,681.25  2,616.00  2,671.00     52.50        2.00   225,449.00
3327  2012-08-06  NAS100  2,675.00  2,701.75  2,671.75  2,686.50     15.50        0.58   160,449.00
3328  2012-08-07  NAS100  2,687.75  2,723.00  2,686.25  2,710.00     23.50        0.87   187,004.00
3329  2012-08-08  NAS100  2,707.75  2,717.00  2,700.75  2,706.75     -3.25       -0.12   176,853.00
3330  2012-08-09  NAS100  2,707.25  2,723.25  2,703.50  2,717.75     11.00        0.41   151,552.00
3331  2012-08-10  NAS100  2,718.00  2,723.00  2,702.25  2,721.00      3.25        0.12   145,597.00
3332  2012-08-13  NAS100  2,720.00  2,729.75  2,705.75  2,728.00      7.00        0.26   148,106.00
3333  2012-08-14  NAS100  2,728.00  2,743.00  2,720.75  2,726.75     -1.25       -0.05   188,377.00
3334  2012-08-15  NAS100  2,725.75  2,740.75  2,718.50  2,738.50     11.75        0.43   162,515.00
3335  2012-08-16  NAS100  2,740.00  2,774.00  2,738.25  2,763.50     25.00        0.91   208,209.00
3336  2012-08-17  NAS100  2,765.75  2,780.50  2,763.25  2,776.00     12.50        0.45   151,382.00
3337  2012-08-20  NAS100  2,774.75  2,784.25  2,767.00  2,780.00      4.00        0.14   187,197.00
3338  2012-08-21  NAS100  2,781.00  2,802.50  2,761.50  2,774.00     -6.00       -0.22   242,251.00
3339  2012-08-22  NAS100  2,775.50  2,789.75  2,759.00  2,781.25      7.25        0.26   247,130.00
3340  2012-08-23  NAS100  2,782.00  2,792.50  2,754.00  2,761.00    -20.25       -0.73   213,607.00
3341  2012-08-24  NAS100  2,762.25  2,785.25  2,750.50  2,775.00     14.00        0.51   188,828.00
3342  2012-08-27  NAS100  2,784.00  2,795.75  2,776.50  2,782.75      7.75        0.28   140,197.00
3343  2012-08-28  NAS100  2,783.25  2,790.50  2,771.00  2,780.75     -2.00       -0.07   173,035.00
3344  2012-08-29  NAS100  2,782.00  2,790.50  2,771.25  2,781.25      0.50        0.02   134,170.00
3345  2012-08-30  NAS100  2,781.25  2,782.50  2,750.25  2,753.75    -27.50       -0.99   165,170.00
3346  2012-08-31  NAS100  2,755.00  2,785.25  2,745.25  2,771.00     17.25        0.63   293,090.00
3347  2012-09-03  NAS100  2,773.00  2,782.75  2,742.75  2,774.50      3.50        0.13   239,905.00
3348  2012-09-05  NAS100  2,775.25  2,780.75  2,757.00  2,767.50     -7.00       -0.25   216,605.00
3349  2012-09-06  NAS100  2,767.50  2,829.50  2,766.50  2,825.50     58.00        2.10   270,232.00
3350  2012-09-07  NAS100  2,826.50  2,836.25  2,817.00  2,823.00     -2.50       -0.09   194,752.00
3351  2012-09-10  NAS100  2,822.25  2,823.75  2,784.50  2,784.50    -38.50       -1.36   188,797.00
3352  2012-09-11  NAS100  2,784.50  2,799.75  2,777.75  2,779.25     -5.25       -0.19   181,217.00
3353  2012-09-12  NAS100  2,781.25  2,800.25  2,775.25  2,796.25     17.00        0.61   255,194.00
3354  2012-09-13  NAS100  2,796.00  2,842.00  2,785.25  2,827.50     31.25        1.12   389,648.00
3355  2012-09-14  NAS100  2,827.50  2,865.25  2,826.75  2,856.50     29.00        1.03   179,812.00
3356  2012-09-17  NAS100  2,858.00  2,858.50  2,845.75  2,852.00     -4.50       -0.16   111,463.00
3357  2012-09-18  NAS100  2,846.75  2,854.25  2,838.25  2,850.00     -2.00       -0.07   195,602.00
3358  2012-09-19  NAS100  2,852.25  2,866.25  2,844.75  2,853.50      3.50        0.12   219,652.00
3359  2012-09-20  NAS100  2,854.75  2,858.00  2,837.25  2,853.25     -0.25       -0.01   230,586.00
3360  2012-09-21  NAS100  2,854.25  2,871.75  2,852.25  2,852.50     -0.75       -0.03   170,166.00
3361  2012-09-24  NAS100  2,852.00  2,857.25  2,826.25  2,838.25    -14.25       -0.50   204,718.00
3362  2012-09-25  NAS100  2,840.50  2,853.00  2,798.25  2,803.25    -35.00       -1.23   235,185.00
3363  2012-09-26  NAS100  2,804.25  2,807.25  2,762.25  2,774.25    -29.00       -1.03   253,321.00
3364  2012-09-27  NAS100  2,774.75  2,821.25  2,774.75  2,814.50     40.25        1.45   219,259.00
3365  2012-09-28  NAS100  2,814.50  2,819.25  2,788.75  2,792.00    -22.50       -0.80   242,772.00
3366  2012-10-01  NAS100  2,789.00  2,822.50  2,777.75  2,788.25     -3.75       -0.13   261,991.00
3367  2012-10-02  NAS100  2,787.00  2,807.75  2,772.50  2,795.25      7.00        0.25   222,226.00
3368  2012-10-03  NAS100  2,795.25  2,817.25  2,788.00  2,808.00     12.75        0.46   203,387.00
3369  2012-10-04  NAS100  2,809.00  2,830.00  2,807.75  2,821.50     13.50        0.48   194,754.00
3370  2012-10-05  NAS100  2,822.00  2,840.75  2,799.75  2,804.25    -17.25       -0.61   209,852.00
3371  2012-10-08  NAS100  2,806.25  2,808.00  2,774.50  2,777.50    -26.75       -0.95   191,473.00
3372  2012-10-09  NAS100  2,778.75  2,786.75  2,730.00  2,734.00    -43.50       -1.57   333,498.00
3373  2012-10-10  NAS100  2,735.00  2,743.75  2,717.25  2,722.75    -11.25       -0.41   258,892.00
3374  2012-10-11  NAS100  2,722.50  2,745.50  2,712.00  2,713.25     -9.50       -0.35   248,073.00
3375  2012-10-12  NAS100  2,713.75  2,728.25  2,707.25  2,710.00     -3.25       -0.12   208,152.00
3376  2012-10-15  NAS100  2,713.00  2,736.25  2,705.00  2,731.25     21.25        0.78   217,875.00
3377  2012-10-16  NAS100  2,732.50  2,777.25  2,729.75  2,765.25     34.00        1.24   235,193.00
3378  2012-10-17  NAS100  2,765.75  2,778.75  2,753.50  2,770.50      5.25        0.19   228,333.00
3379  2012-10-18  NAS100  2,771.00  2,774.00  2,727.50  2,732.75    -37.75       -1.36   332,954.00
3380  2012-10-19  NAS100  2,731.00  2,737.50  2,664.00  2,664.00    -68.75       -2.52   338,284.00
3381  2012-10-22  NAS100  2,664.50  2,693.00  2,657.50  2,687.75     23.75        0.89   278,347.00
3382  2012-10-23  NAS100  2,691.00  2,695.25  2,651.50  2,660.50    -27.25       -1.01   356,710.00
3383  2012-10-24  NAS100  2,660.00  2,680.50  2,646.25  2,650.50    -10.00       -0.38   261,593.00
3384  2012-10-25  NAS100  2,652.50  2,673.50  2,640.25  2,648.00     -2.50       -0.09   252,966.00
3385  2012-10-26  NAS100  2,651.50  2,669.25  2,604.50  2,659.00     11.00        0.42   378,539.00
3386  2012-10-29  NAS100  2,654.50  2,659.00  2,634.25  2,659.00      0.00        0.00    19,101.00
3387  2012-10-30  NAS100  2,637.25  2,659.00  2,626.00  2,659.00      0.00        0.00    18,475.00
3388  2012-10-31  NAS100  2,662.25  2,676.75  2,631.75  2,640.50    -18.50       -0.70   326,935.00
3389  2012-11-01  NAS100  2,634.25  2,688.75  2,627.25  2,684.75     44.25        1.68   285,578.00
3390  2012-11-02  NAS100  2,686.00  2,694.00  2,641.00  2,641.00    -43.75       -1.63   287,864.00
3391  2012-11-05  NAS100  2,640.50  2,673.50  2,634.75  2,662.25     21.25        0.80   251,300.00
3392  2012-11-06  NAS100  2,661.25  2,691.75  2,653.25  2,675.75     13.50        0.51   248,029.00
3393  2012-11-07  NAS100  2,676.75  2,688.00  2,599.00  2,610.00    -65.75       -2.46   401,571.00
3394  2012-11-08  NAS100  2,612.75  2,623.25  2,568.50  2,572.00    -38.00       -1.46   384,377.00
3395  2012-11-09  NAS100  2,573.50  2,607.25  2,556.25  2,580.50      8.50        0.33   366,575.00
3396  2012-11-12  NAS100  2,581.50  2,597.25  2,572.00  2,581.00      0.50        0.02   193,646.00
3397  2012-11-13  NAS100  2,581.75  2,585.75  2,553.00  2,560.50    -20.50       -0.79   315,321.00
3398  2012-11-14  NAS100  2,567.50  2,585.75  2,526.50  2,529.50    -31.00       -1.21   365,096.00
3399  2012-11-15  NAS100  2,531.25  2,541.00  2,512.75  2,522.00     -7.50       -0.30   337,005.00
3400  2012-11-16  NAS100  2,522.75  2,539.25  2,492.00  2,533.00     11.00        0.44   342,959.00
3401  2012-11-19  NAS100  2,535.00  2,594.25  2,534.50  2,585.50     52.50        2.07   271,966.00
3402  2012-11-20  NAS100  2,584.75  2,596.75  2,568.00  2,593.50      8.00        0.31   227,460.00
3403  2012-11-21  NAS100  2,592.00  2,602.00  2,577.00  2,596.00      2.50        0.10   164,688.00
3404  2012-11-22  NAS100  2,598.25  2,638.75  2,596.25  2,634.25     38.25        1.47   132,805.00
3405  2012-11-26  NAS100  2,633.00  2,650.75  2,623.00  2,645.75     11.50        0.44   203,339.00
3406  2012-11-27  NAS100  2,648.50  2,658.75  2,636.50  2,641.25     -4.50       -0.17   266,935.00
3407  2012-11-28  NAS100  2,640.00  2,665.50  2,611.50  2,660.50     19.25        0.73   308,712.00
3408  2012-11-29  NAS100  2,663.50  2,688.50  2,659.75  2,680.00     19.50        0.73   273,982.00
3409  2012-11-30  NAS100  2,672.00  2,689.75  2,667.25  2,675.75     -4.25       -0.16   213,421.00
3410  2012-12-03  NAS100  2,676.00  2,698.50  2,666.25  2,670.00     -5.75       -0.21   219,674.00
3411  2012-12-04  NAS100  2,667.75  2,675.75  2,650.25  2,664.50     -5.50       -0.21   259,040.00
3412  2012-12-05  NAS100  2,661.00  2,679.25  2,623.00  2,637.50    -27.00       -1.01   361,358.00
3413  2012-12-06  NAS100  2,636.00  2,662.00  2,622.50  2,654.00     16.50        0.63   298,028.00
3414  2012-12-07  NAS100  2,655.00  2,673.25  2,629.50  2,636.00    -18.00       -0.68   276,669.00
3415  2012-12-10  NAS100  2,637.00  2,660.75  2,625.75  2,650.50     14.50        0.55   211,325.00
3416  2012-12-11  NAS100  2,647.50  2,696.50  2,644.25  2,685.75     35.25        1.33   266,219.00
3417  2012-12-12  NAS100  2,686.25  2,696.00  2,668.00  2,670.25    -15.50       -0.58   272,392.00
3418  2012-12-13  NAS100  2,670.25  2,689.25  2,642.50  2,651.75    -18.50       -0.69   299,474.00
3419  2012-12-14  NAS100  2,650.25  2,662.75  2,620.00  2,627.75    -24.00       -0.91   132,184.00
3420  2012-12-17  NAS100  2,635.25  2,669.75  2,614.00  2,666.50     38.75        1.47   113,569.00
3421  2012-12-18  NAS100  2,664.50  2,707.00  2,662.25  2,701.50     35.00        1.31   397,730.00
3422  2012-12-19  NAS100  2,702.00  2,713.75  2,687.50  2,693.00     -8.50       -0.31   278,685.00
3423  2012-12-20  NAS100  2,688.00  2,702.25  2,678.25  2,690.00     -3.00       -0.11   243,345.00
3424  2012-12-21  NAS100  2,692.50  2,695.25  2,636.25  2,660.50    -29.50       -1.10   241,714.00
3425  2012-12-24  NAS100  2,660.00  2,662.75  2,646.50  2,648.75    -11.75       -0.44    40,306.00
3426  2012-12-25  NAS100  2,653.50  2,658.75  2,622.00  2,628.50    -20.25       -0.76    82,841.00
3427  2012-12-27  NAS100  2,631.75  2,637.75  2,593.50  2,622.50     -6.00       -0.23   211,526.00
3428  2012-12-28  NAS100  2,625.00  2,630.50  2,582.50  2,586.00    -36.50       -1.39   149,073.00
3429  2012-12-31  NAS100  2,590.25  2,665.00  2,580.00  2,655.25     69.25        2.68   198,763.00
3430  2013-01-01  NAS100  2,686.25  2,742.75  2,686.25  2,738.75     83.50        3.14   285,939.00
3431  2013-01-03  NAS100  2,739.00  2,747.00  2,719.00  2,725.50    -13.25       -0.48   216,626.00
3432  2013-01-04  NAS100  2,726.50  2,736.00  2,711.25  2,713.00    -12.50       -0.46   212,859.00
3433  2013-01-07  NAS100  2,716.25  2,722.75  2,702.50  2,717.75      4.75        0.18   174,832.00
3434  2013-01-08  NAS100  2,718.75  2,724.75  2,698.50  2,714.00     -3.75       -0.14   200,787.00
3435  2013-01-09  NAS100  2,715.00  2,730.25  2,711.25  2,722.00      8.00        0.29   159,091.00
3436  2013-01-10  NAS100  2,722.50  2,743.50  2,713.75  2,737.00     15.00        0.55   244,792.00
3437  2013-01-11  NAS100  2,742.50  2,744.50  2,732.25  2,743.75      6.75        0.25   140,405.00
3438  2013-01-14  NAS100  2,744.00  2,750.25  2,719.25  2,728.75    -15.00       -0.55   207,499.00
3439  2013-01-15  NAS100  2,731.00  2,732.25  2,705.25  2,714.25    -14.50       -0.53   210,640.00
3440  2013-01-16  NAS100  2,720.75  2,737.50  2,710.50  2,726.00     11.75        0.43   181,659.00
3441  2013-01-17  NAS100  2,726.25  2,752.00  2,716.50  2,740.50     14.50        0.53   211,220.00
3442  2013-01-18  NAS100  2,735.50  2,741.75  2,722.50  2,733.75     -6.75       -0.25   171,009.00
3443  2013-01-21  NAS100  2,734.25  2,758.00  2,720.75  2,751.00     17.25        0.63   195,839.00
3444  2013-01-23  NAS100  2,756.50  2,768.75  2,728.50  2,759.00      8.00        0.29   189,334.00
3445  2013-01-24  NAS100  2,716.25  2,743.00  2,707.75  2,718.25    -40.75       -1.48   289,636.00
3446  2013-01-25  NAS100  2,714.25  2,739.50  2,711.75  2,728.00      9.75        0.36   234,408.00
3447  2013-01-28  NAS100  2,729.50  2,747.50  2,726.25  2,737.50      9.50        0.35   202,433.00
3448  2013-01-29  NAS100  2,734.75  2,747.00  2,716.25  2,742.75      5.25        0.19   221,674.00
3449  2013-01-30  NAS100  2,745.50  2,751.75  2,726.25  2,735.75     -7.00       -0.26   252,062.00
3450  2013-01-31  NAS100  2,734.00  2,746.25  2,723.75  2,725.00    -10.75       -0.39   216,929.00
3451  2013-02-01  NAS100  2,733.00  2,764.00  2,730.50  2,756.50     31.50        1.16   222,751.00
3452  2013-02-04  NAS100  2,759.25  2,759.25  2,709.00  2,711.50    -45.00       -1.63   275,933.00
3453  2013-02-05  NAS100  2,710.00  2,759.25  2,709.25  2,749.25     37.75        1.39   243,055.00
3454  2013-02-06  NAS100  2,753.50  2,757.00  2,733.00  2,737.25    -12.00       -0.44   217,756.00
3455  2013-02-07  NAS100  2,739.50  2,748.75  2,712.75  2,742.00      4.75        0.17   273,081.00
3456  2013-02-08  NAS100  2,742.00  2,778.50  2,741.00  2,772.00     30.00        1.09   211,104.00
3457  2013-02-11  NAS100  2,771.25  2,780.75  2,763.50  2,770.50     -1.50       -0.05   146,485.00
3458  2013-02-12  NAS100  2,770.75  2,774.50  2,758.75  2,760.75     -9.75       -0.35   171,647.00
3459  2013-02-13  NAS100  2,765.25  2,781.75  2,762.75  2,770.25      9.50        0.34   164,467.00
3460  2013-02-14  NAS100  2,766.75  2,775.00  2,756.00  2,767.25     -3.00       -0.11   154,958.00
3461  2013-02-15  NAS100  2,769.25  2,776.75  2,754.25  2,761.25     -6.00       -0.22   169,760.00
3462  2013-02-18  NAS100  2,759.75  2,786.00  2,758.25  2,780.75     19.50        0.71   163,031.00
3463  2013-02-20  NAS100  2,784.50  2,786.50  2,725.00  2,737.50    -43.25       -1.56   230,436.00
3464  2013-02-21  NAS100  2,736.00  2,741.00  2,699.50  2,714.00    -23.50       -0.86   283,845.00
3465  2013-02-22  NAS100  2,716.00  2,739.00  2,714.25  2,735.75     21.75        0.80   187,525.00
3466  2013-02-25  NAS100  2,736.75  2,764.50  2,691.75  2,702.25    -33.50       -1.22   383,420.00
3467  2013-02-26  NAS100  2,702.25  2,718.25  2,689.00  2,707.75      5.50        0.20   321,127.00
3468  2013-02-27  NAS100  2,711.00  2,757.75  2,703.25  2,740.50     32.75        1.21   281,226.00
3469  2013-02-28  NAS100  2,741.00  2,761.50  2,732.50  2,738.00     -2.50       -0.09   248,960.00
3470  2013-03-01  NAS100  2,738.00  2,751.50  2,711.75  2,748.75     10.75        0.39   278,656.00
3471  2013-03-04  NAS100  2,745.50  2,763.75  2,732.75  2,760.00     11.25        0.41   243,022.00
3472  2013-03-05  NAS100  2,762.50  2,803.75  2,761.00  2,798.25     38.25        1.39   249,527.00
3473  2013-03-06  NAS100  2,800.75  2,809.25  2,788.25  2,788.25    -10.00       -0.36   224,481.00
3474  2013-03-07  NAS100  2,790.50  2,804.50  2,788.50  2,799.25     11.00        0.39   194,930.00
3475  2013-03-08  NAS100  2,798.50  2,827.75  2,792.50  2,801.50      2.25        0.08   147,817.00
3476  2013-03-11  NAS100  2,801.50  2,812.25  2,791.25  2,809.75      8.25        0.29   120,851.00
3477  2013-03-12  NAS100  2,808.00  2,808.00  2,782.75  2,798.00    -11.75       -0.42   236,565.00
3478  2013-03-13  NAS100  2,798.75  2,803.50  2,782.50  2,793.50     -4.50       -0.16   212,171.00
3479  2013-03-14  NAS100  2,795.00  2,807.50  2,792.00  2,800.00      6.50        0.23   163,965.00
3480  2013-03-15  NAS100  2,799.25  2,805.25  2,784.75  2,790.50     -9.50       -0.34   151,634.00
3481  2013-03-18  NAS100  2,774.00  2,797.25  2,748.25  2,787.00     -3.50       -0.13   261,520.00
3482  2013-03-19  NAS100  2,787.25  2,800.00  2,755.25  2,779.50     -7.50       -0.27   280,858.00
3483  2013-03-20  NAS100  2,776.75  2,806.50  2,771.75  2,785.25      5.75        0.21   213,748.00
3484  2013-03-21  NAS100  2,788.25  2,788.25  2,761.25  2,769.75    -15.50       -0.56   221,279.00
3485  2013-03-22  NAS100  2,769.25  2,799.50  2,763.25  2,793.50     23.75        0.86   180,406.00
3486  2013-03-25  NAS100  2,793.50  2,811.50  2,771.00  2,784.25     -9.25       -0.33   249,371.00
3487  2013-03-26  NAS100  2,788.25  2,803.75  2,784.50  2,799.75     15.50        0.56   168,868.00
3488  2013-03-27  NAS100  2,802.25  2,806.00  2,776.50  2,801.00      1.25        0.04   185,710.00
3489  2013-03-28  NAS100  2,801.25  2,814.75  2,791.50  2,811.00     10.00        0.36   145,542.00
3490  2013-04-01  NAS100  2,811.00  2,815.75  2,784.25  2,788.00    -23.00       -0.82   145,803.00
3491  2013-04-02  NAS100  2,789.75  2,823.00  2,786.25  2,812.75     24.75        0.89   214,259.00
3492  2013-04-03  NAS100  2,814.25  2,819.25  2,780.25  2,787.00    -25.75       -0.92   256,746.00
3493  2013-04-04  NAS100  2,788.00  2,801.50  2,772.50  2,785.00     -2.00       -0.07   226,614.00
3494  2013-04-05  NAS100  2,785.00  2,785.50  2,737.50  2,763.00    -22.00       -0.79   265,278.00
3495  2013-04-08  NAS100  2,763.25  2,788.25  2,757.00  2,781.00     18.00        0.65   176,139.00
3496  2013-04-09  NAS100  2,784.75  2,809.75  2,773.00  2,797.50     16.50        0.59   237,574.00
3497  2013-04-10  NAS100  2,799.00  2,857.50  2,794.75  2,853.25     55.75        1.99   259,070.00
3498  2013-04-11  NAS100  2,852.00  2,858.50  2,843.25  2,853.25      0.00        0.00   199,356.00
3499  2013-04-12  NAS100  2,853.75  2,856.25  2,828.25  2,846.25     -7.00       -0.25   198,997.00
3500  2013-04-15  NAS100  2,846.50  2,851.00  2,771.25  2,783.50    -62.75       -2.20   326,433.00
3501  2013-04-16  NAS100  2,786.00  2,834.25  2,785.25  2,828.00     44.50        1.60   236,656.00
3502  2013-04-17  NAS100  2,830.50  2,830.50  2,758.25  2,774.50    -53.50       -1.89   378,577.00
3503  2013-04-18  NAS100  2,770.50  2,788.00  2,724.00  2,739.50    -35.00       -1.26   345,298.00
3504  2013-04-19  NAS100  2,746.25  2,779.50  2,736.75  2,768.25     28.75        1.05   273,830.00
3505  2013-04-22  NAS100  2,772.50  2,812.50  2,770.75  2,797.25     29.00        1.05   230,393.00
3506  2013-04-23  NAS100  2,800.75  2,843.50  2,785.00  2,823.00     25.75        0.92   269,327.00
3507  2013-04-24  NAS100  2,829.50  2,838.25  2,816.00  2,824.00      1.00        0.04   257,076.00
3508  2013-04-25  NAS100  2,821.75  2,854.50  2,814.00  2,844.00     20.00        0.71   196,635.00
3509  2013-04-26  NAS100  2,841.00  2,844.75  2,822.25  2,830.50    -13.50       -0.47   165,108.00
3510  2013-04-29  NAS100  2,833.75  2,871.75  2,827.50  2,858.75     28.25        1.00   175,223.00
3511  2013-04-30  NAS100  2,859.75  2,884.25  2,853.25  2,880.00     21.25        0.74   190,418.00
3512  2013-05-01  NAS100  2,884.00  2,887.00  2,862.25  2,863.50    -16.50       -0.57   154,074.00
3513  2013-05-02  NAS100  2,868.00  2,910.50  2,867.25  2,902.00     38.50        1.34   199,370.00
3514  2013-05-03  NAS100  2,902.00  2,947.75  2,900.25  2,935.00     33.00        1.14   193,083.00
3515  2013-05-06  NAS100  2,936.75  2,954.00  2,936.50  2,947.50     12.50        0.43   134,824.00
3516  2013-05-07  NAS100  2,947.50  2,956.75  2,937.25  2,946.50     -1.00       -0.03   176,584.00
3517  2013-05-08  NAS100  2,946.75  2,965.00  2,941.75  2,961.75     15.25        0.52   144,664.00
3518  2013-05-09  NAS100  2,961.00  2,978.25  2,950.00  2,958.00     -3.75       -0.13   185,018.00
3519  2013-05-10  NAS100  2,961.25  2,978.75  2,958.75  2,975.50     17.50        0.59   169,255.00
3520  2013-05-13  NAS100  2,972.25  2,987.50  2,960.50  2,981.00      5.50        0.18   162,112.00
3521  2013-05-14  NAS100  2,981.25  3,005.00  2,971.25  2,995.25     14.25        0.48   192,387.00
3522  2013-05-15  NAS100  2,995.75  3,007.50  2,982.50  3,001.00      5.75        0.19   206,061.00
3523  2013-05-16  NAS100  3,004.25  3,019.00  2,996.00  2,998.25     -2.75       -0.09   203,738.00
3524  2013-05-17  NAS100  3,001.00  3,028.25  2,998.00  3,022.75     24.50        0.82   188,115.00
3525  2013-05-20  NAS100  3,021.25  3,032.00  3,010.00  3,021.00     -1.75       -0.06   193,256.00
3526  2013-05-21  NAS100  3,019.50  3,036.75  3,010.00  3,021.50      0.50        0.02   185,202.00
3527  2013-05-22  NAS100  3,021.75  3,053.50  2,983.75  3,001.00    -20.50       -0.68   363,785.00
3528  2013-05-23  NAS100  3,006.25  3,008.50  2,961.25  2,992.25     -8.75       -0.29   313,279.00
3529  2013-05-24  NAS100  2,995.75  3,003.00  2,963.50  2,992.25      0.00        0.00   203,972.00
3530  2013-05-27  NAS100  2,991.25  3,036.75  2,985.00  3,003.50     11.25        0.38   238,818.00
3531  2013-05-29  NAS100  3,004.75  3,008.75  2,978.25  2,995.50     -8.00       -0.27   242,455.00
3532  2013-05-30  NAS100  2,995.00  3,025.50  2,981.75  3,010.00     14.50        0.48   215,945.00
3533  2013-05-31  NAS100  3,011.00  3,022.75  2,976.25  2,980.25    -29.75       -0.99   273,254.00
3534  2013-06-03  NAS100  2,981.00  2,995.00  2,950.00  2,985.50      5.25        0.18   322,752.00
3535  2013-06-04  NAS100  2,986.50  3,007.00  2,961.00  2,974.75    -10.75       -0.36   283,605.00
3536  2013-06-05  NAS100  2,970.75  2,977.75  2,932.00  2,938.50    -36.25       -1.22   302,592.00
3537  2013-06-06  NAS100  2,939.25  2,954.00  2,910.50  2,949.50     11.00        0.37   280,562.00
3538  2013-06-07  NAS100  2,948.25  2,992.00  2,940.00  2,980.50     31.00        1.05   266,604.00
3539  2013-06-10  NAS100  2,981.00  3,004.00  2,976.25  2,987.00      6.50        0.22   242,507.00
3540  2013-06-11  NAS100  2,987.75  2,989.00  2,949.50  2,963.50    -23.50       -0.79   312,061.00
3541  2013-06-12  NAS100  2,965.50  2,979.50  2,919.50  2,920.25    -43.25       -1.46   328,526.00
3542  2013-06-13  NAS100  2,922.75  2,969.50  2,897.75  2,962.25     42.00        1.44   284,586.00
3543  2013-06-14  NAS100  2,966.25  2,968.50  2,938.75  2,942.00    -20.25       -0.68   119,403.00
3544  2013-06-17  NAS100  2,936.50  2,989.75  2,936.50  2,970.00     28.00        0.95   113,841.00
3545  2013-06-18  NAS100  2,969.25  2,997.75  2,965.75  2,988.50     18.50        0.62   237,841.00
3546  2013-06-19  NAS100  2,993.25  2,999.00  2,952.75  2,956.25    -32.25       -1.08   298,769.00
3547  2013-06-20  NAS100  2,954.75  2,956.50  2,875.75  2,880.00    -76.25       -2.58   468,435.00
3548  2013-06-21  NAS100  2,880.25  2,899.25  2,846.00  2,865.00    -15.00       -0.52   399,203.00
3549  2013-06-24  NAS100  2,866.50  2,870.75  2,817.75  2,844.00    -21.00       -0.73   358,805.00
3550  2013-06-25  NAS100  2,846.25  2,873.75  2,830.75  2,858.25     14.25        0.50   257,859.00
3551  2013-06-26  NAS100  2,857.00  2,892.75  2,845.75  2,883.00     24.75        0.87   196,345.00
3552  2013-06-27  NAS100  2,885.75  2,918.25  2,882.25  2,899.50     16.50        0.57   173,476.00
3553  2013-06-28  NAS100  2,899.00  2,922.00  2,884.25  2,901.25      1.75        0.06   239,222.00
3554  2013-07-01  NAS100  2,902.75  2,946.75  2,894.25  2,917.00     15.75        0.54   200,624.00
3555  2013-07-02  NAS100  2,919.25  2,941.25  2,907.25  2,923.25      6.25        0.21   202,883.00
3556  2013-07-03  NAS100  2,923.25  2,949.00  2,897.00  2,936.50     13.25        0.45   152,053.00
3557  2013-07-04  NAS100  2,937.75  2,971.25  2,927.75  2,956.50     20.00        0.68   228,913.00
3558  2013-07-08  NAS100  2,961.50  2,978.25  2,948.75  2,958.75      2.25        0.08   200,400.00
3559  2013-07-09  NAS100  2,961.00  2,985.00  2,959.00  2,974.25     15.50        0.52   162,518.00
3560  2013-07-10  NAS100  2,977.25  3,014.00  2,969.00  2,996.25     22.00        0.74   198,676.00
3561  2013-07-11  NAS100  3,011.50  3,058.00  3,011.50  3,055.00     58.75        1.96   200,923.00
3562  2013-07-12  NAS100  3,053.00  3,070.50  3,049.25  3,062.00      7.00        0.23   148,453.00
3563  2013-07-15  NAS100  3,062.75  3,076.50  3,062.75  3,073.00     11.00        0.36   112,409.00
3564  2013-07-16  NAS100  3,074.00  3,080.25  3,063.75  3,070.75     -2.25       -0.07   147,259.00
3565  2013-07-17  NAS100  3,073.25  3,086.50  3,065.50  3,079.25      8.50        0.28   186,222.00
3566  2013-07-18  NAS100  3,075.25  3,087.00  3,046.00  3,047.50    -31.75       -1.03   179,562.00
3567  2013-07-19  NAS100  3,049.00  3,049.00  3,030.50  3,040.75     -6.75       -0.22   203,203.00
3568  2013-07-22  NAS100  3,043.75  3,055.25  3,038.50  3,047.50      6.75        0.22   140,933.00
3569  2013-07-23  NAS100  3,049.25  3,060.00  3,023.50  3,026.00    -21.50       -0.71   161,677.00
3570  2013-07-24  NAS100  3,038.00  3,057.25  3,028.75  3,048.00     22.00        0.73   314,733.00
3571  2013-07-25  NAS100  3,052.50  3,058.25  3,027.50  3,050.00      2.00        0.07   214,945.00
3572  2013-07-26  NAS100  3,053.00  3,073.50  3,037.50  3,070.50     20.50        0.67   183,575.00
3573  2013-07-29  NAS100  3,070.00  3,078.50  3,056.75  3,065.50     -5.00       -0.16   189,954.00
3574  2013-07-30  NAS100  3,066.00  3,094.75  3,065.50  3,085.50     20.00        0.65   237,285.00
3575  2013-07-31  NAS100  3,082.50  3,105.00  3,079.25  3,083.00     -2.50       -0.08   254,202.00
3576  2013-08-01  NAS100  3,088.75  3,123.50  3,088.75  3,112.75     29.75        0.96   153,830.00
3577  2013-08-02  NAS100  3,118.25  3,138.00  3,112.25  3,136.00     23.25        0.75   162,654.00
3578  2013-08-05  NAS100  3,136.25  3,140.25  3,128.00  3,136.00      0.00        0.00   114,587.00
3579  2013-08-06  NAS100  3,136.00  3,139.50  3,106.25  3,118.00    -18.00       -0.57   170,125.00
3580  2013-08-07  NAS100  3,117.75  3,119.50  3,090.75  3,116.00     -2.00       -0.06   228,788.00
3581  2013-08-08  NAS100  3,117.25  3,136.50  3,108.50  3,127.00     11.00        0.35   215,700.00
3582  2013-08-09  NAS100  3,129.25  3,134.75  3,107.00  3,113.25    -13.75       -0.44   199,820.00
3583  2013-08-12  NAS100  3,113.50  3,129.50  3,094.25  3,124.00     10.75        0.35   171,281.00
3584  2013-08-13  NAS100  3,126.00  3,148.00  3,104.75  3,137.00     13.00        0.42   239,126.00
3585  2013-08-14  NAS100  3,138.75  3,143.75  3,114.25  3,123.25    -13.75       -0.44   234,087.00
3586  2013-08-15  NAS100  3,113.00  3,114.75  3,066.50  3,071.00    -52.25       -1.67   307,034.00
3587  2013-08-16  NAS100  3,071.75  3,090.00  3,068.25  3,069.75     -1.25       -0.04   189,035.00
3588  2013-08-19  NAS100  3,068.50  3,100.50  3,060.25  3,070.50      0.75        0.02   210,781.00
3589  2013-08-20  NAS100  3,071.25  3,097.00  3,063.50  3,081.00     10.50        0.34   164,001.00
3590  2013-08-21  NAS100  3,081.75  3,098.75  3,059.25  3,062.50    -18.50       -0.60   295,659.00
3591  2013-08-22  NAS100  3,060.75  3,107.00  3,055.50  3,101.75     39.25        1.28   190,514.00
3592  2013-08-23  NAS100  3,103.50  3,127.00  3,096.50  3,121.25     19.50        0.63   194,415.00
3593  2013-08-26  NAS100  3,120.25  3,147.25  3,117.25  3,121.00     -0.25       -0.01   189,292.00
3594  2013-08-27  NAS100  3,123.50  3,124.75  3,052.50  3,059.50    -61.50       -1.97   360,118.00
3595  2013-08-28  NAS100  3,061.50  3,084.75  3,056.00  3,068.25      8.75        0.29   188,487.00
3596  2013-08-29  NAS100  3,068.25  3,109.00  3,064.00  3,089.50     21.25        0.69   246,337.00
3597  2013-08-30  NAS100  3,093.50  3,103.50  3,062.00  3,073.50    -16.00       -0.52   253,781.00
3598  2013-09-02  NAS100  3,088.75  3,113.25  3,076.00  3,086.50     13.00        0.42   314,381.00
3599  2013-09-04  NAS100  3,087.75  3,132.00  3,083.25  3,128.25     41.75        1.35   216,735.00
3600  2013-09-05  NAS100  3,131.50  3,137.75  3,124.00  3,128.00     -0.25       -0.01   152,933.00
3601  2013-09-06  NAS100  3,128.50  3,150.25  3,096.50  3,129.50      1.50        0.05   281,130.00
3602  2013-09-09  NAS100  3,132.75  3,175.25  3,130.50  3,165.00     35.50        1.13   196,240.00
3603  2013-09-10  NAS100  3,171.50  3,189.25  3,167.25  3,182.75     17.75        0.56   230,771.00
3604  2013-09-11  NAS100  3,184.25  3,188.75  3,160.00  3,178.50     -4.25       -0.13   220,768.00
3605  2013-09-12  NAS100  3,184.25  3,186.75  3,170.25  3,176.00     -2.50       -0.08   227,594.00
3606  2013-09-13  NAS100  3,177.25  3,182.50  3,161.75  3,177.75      1.75        0.06   122,090.00
3607  2013-09-16  NAS100  3,196.25  3,219.25  3,163.00  3,167.75    -10.00       -0.31   128,600.00
3608  2013-09-17  NAS100  3,158.50  3,189.00  3,156.25  3,184.00     16.25        0.51   225,570.00
3609  2013-09-18  NAS100  3,186.50  3,229.75  3,183.25  3,221.75     37.75        1.19   254,999.00
3610  2013-09-19  NAS100  3,224.50  3,237.75  3,224.50  3,232.25     10.50        0.33   212,425.00
3611  2013-09-20  NAS100  3,234.00  3,241.50  3,216.50  3,216.50    -15.75       -0.49   208,460.00
3612  2013-09-23  NAS100  3,222.75  3,237.00  3,198.00  3,209.00     -7.50       -0.23   237,538.00
3613  2013-09-24  NAS100  3,211.00  3,230.75  3,202.75  3,213.25      4.25        0.13   178,347.00
3614  2013-09-25  NAS100  3,215.25  3,220.50  3,195.75  3,200.00    -13.25       -0.41   250,162.00
3615  2013-09-26  NAS100  3,202.50  3,235.25  3,202.25  3,226.00     26.00        0.81   208,824.00
3616  2013-09-27  NAS100  3,229.75  3,233.50  3,203.00  3,223.00     -3.00       -0.09   193,112.00
3617  2013-09-30  NAS100  3,211.50  3,223.25  3,178.25  3,209.00    -14.00       -0.43   281,669.00
3618  2013-10-01  NAS100  3,221.25  3,251.25  3,213.00  3,245.50     36.50        1.14   250,343.00
3619  2013-10-02  NAS100  3,251.00  3,251.00  3,221.00  3,237.50     -8.00       -0.25   241,342.00
3620  2013-10-03  NAS100  3,239.75  3,248.00  3,189.25  3,202.25    -35.25       -1.09   361,785.00
3621  2013-10-04  NAS100  3,201.25  3,239.50  3,199.50  3,234.50     32.25        1.01   201,543.00
3622  2013-10-07  NAS100  3,224.00  3,232.75  3,201.75  3,205.00    -29.50       -0.91   239,190.00
3623  2013-10-08  NAS100  3,206.50  3,214.50  3,144.25  3,150.75    -54.25       -1.69   418,005.00
3624  2013-10-09  NAS100  3,146.25  3,164.00  3,110.75  3,132.50    -18.25       -0.58   441,570.00
3625  2013-10-10  NAS100  3,132.75  3,209.50  3,132.75  3,193.50     61.00        1.95   342,187.00
3626  2013-10-11  NAS100  3,193.50  3,230.50  3,175.75  3,225.50     32.00        1.00   230,009.00
3627  2013-10-14  NAS100  3,205.00  3,255.00  3,195.00  3,248.25     22.75        0.71   233,830.00
3628  2013-10-15  NAS100  3,253.50  3,263.50  3,234.00  3,240.75     -7.50       -0.23   329,005.00
3629  2013-10-16  NAS100  3,240.50  3,276.50  3,234.75  3,264.00     23.25        0.72   228,467.00
3630  2013-10-17  NAS100  3,260.25  3,310.50  3,255.25  3,301.00     37.00        1.13   209,745.00
3631  2013-10-18  NAS100  3,307.50  3,348.00  3,306.75  3,342.00     41.00        1.24   235,866.00
3632  2013-10-21  NAS100  3,344.75  3,362.25  3,342.50  3,354.00     12.00        0.36   175,096.00
3633  2013-10-22  NAS100  3,353.00  3,377.25  3,338.00  3,356.50      2.50        0.07   330,951.00
3634  2013-10-23  NAS100  3,356.00  3,357.25  3,322.25  3,340.00    -16.50       -0.49   244,371.00
3635  2013-10-24  NAS100  3,342.25  3,379.75  3,335.50  3,371.00     31.00        0.93   191,455.00
3636  2013-10-25  NAS100  3,376.75  3,392.75  3,361.25  3,373.75      2.75        0.08   223,017.00
3637  2013-10-28  NAS100  3,374.25  3,391.00  3,360.75  3,383.25      9.50        0.28   196,908.00
3638  2013-10-29  NAS100  3,377.75  3,392.25  3,368.50  3,384.00      0.75        0.02   208,676.00
3639  2013-10-30  NAS100  3,390.25  3,401.75  3,364.25  3,392.25      8.25        0.24   287,566.00
3640  2013-10-31  NAS100  3,380.00  3,394.00  3,360.75  3,369.00    -23.25       -0.69   252,511.00
3641  2013-11-01  NAS100  3,377.25  3,388.50  3,357.50  3,368.00     -1.00       -0.03   230,311.00
3642  2013-11-04  NAS100  3,368.00  3,387.25  3,366.75  3,377.50      9.50        0.28   142,512.00
3643  2013-11-05  NAS100  3,378.00  3,390.50  3,355.75  3,379.75      2.25        0.07   224,570.00
3644  2013-11-06  NAS100  3,380.00  3,398.00  3,370.25  3,376.00     -3.75       -0.11   218,082.00
3645  2013-11-07  NAS100  3,374.00  3,387.00  3,314.25  3,319.50    -56.50       -1.67   404,482.00
3646  2013-11-08  NAS100  3,321.75  3,363.00  3,310.00  3,360.50     41.00        1.24   289,374.00
3647  2013-11-11  NAS100  3,361.50  3,365.50  3,345.50  3,354.25     -6.25       -0.19   164,939.00
3648  2013-11-12  NAS100  3,354.75  3,366.75  3,343.75  3,364.50     10.25        0.31   196,199.00
3649  2013-11-13  NAS100  3,363.50  3,406.75  3,338.25  3,402.00     37.50        1.11   269,387.00
3650  2013-11-14  NAS100  3,392.50  3,415.75  3,386.75  3,410.50      8.50        0.25   225,748.00
3651  2013-11-15  NAS100  3,412.25  3,421.25  3,405.25  3,416.50      6.00        0.18   156,493.00
3652  2013-11-18  NAS100  3,416.50  3,425.75  3,380.25  3,384.00    -32.50       -0.95   223,476.00
3653  2013-11-19  NAS100  3,387.75  3,400.50  3,370.75  3,375.50     -8.50       -0.25   258,679.00
3654  2013-11-20  NAS100  3,375.75  3,398.50  3,358.50  3,366.50     -9.00       -0.27   290,183.00
3655  2013-11-21  NAS100  3,367.75  3,406.00  3,360.25  3,400.50     34.00        1.01   204,624.00
3656  2013-11-22  NAS100  3,400.75  3,422.50  3,400.00  3,420.00     19.50        0.57   163,835.00
3657  2013-11-25  NAS100  3,422.50  3,437.25  3,420.25  3,429.00      9.00        0.26   177,967.00
3658  2013-11-26  NAS100  3,426.75  3,456.00  3,422.75  3,447.25     18.25        0.53   188,922.00
3659  2013-11-27  NAS100  3,447.00  3,472.25  3,445.75  3,468.50     21.25        0.62   146,375.00
3660  2013-11-28  NAS100  3,469.00  3,496.50  3,468.75  3,487.50     19.00        0.55    97,742.00
3661  2013-12-02  NAS100  3,493.00  3,501.25  3,476.75  3,483.00     -4.50       -0.13   231,123.00
3662  2013-12-03  NAS100  3,483.75  3,488.75  3,466.25  3,475.75     -7.25       -0.21   224,700.00
3663  2013-12-04  NAS100  3,476.25  3,494.00  3,453.25  3,482.50      6.75        0.19   281,577.00
3664  2013-12-05  NAS100  3,482.50  3,492.00  3,468.75  3,478.75     -3.75       -0.11   250,042.00
3665  2013-12-06  NAS100  3,478.00  3,511.00  3,477.00  3,504.00     25.25        0.73   254,913.00
3666  2013-12-09  NAS100  3,505.00  3,524.75  3,505.00  3,518.50     14.50        0.41   190,605.00
3667  2013-12-10  NAS100  3,519.25  3,524.25  3,507.75  3,516.00     -2.50       -0.07   181,862.00
3668  2013-12-11  NAS100  3,517.50  3,522.25  3,464.50  3,470.50    -45.50       -1.29   302,895.00
3669  2013-12-12  NAS100  3,471.25  3,479.50  3,455.50  3,459.50    -11.00       -0.32   300,255.00
3670  2013-12-13  NAS100  3,457.00  3,478.25  3,449.75  3,457.50     -2.00       -0.06   152,854.00
3671  2013-12-16  NAS100  3,457.00  3,495.25  3,434.50  3,474.50     17.00        0.49   130,785.00
3672  2013-12-17  NAS100  3,467.00  3,479.00  3,456.25  3,460.75    -13.75       -0.40   241,089.00
3673  2013-12-18  NAS100  3,459.75  3,509.75  3,415.25  3,508.50     47.75        1.38   397,935.00
3674  2013-12-19  NAS100  3,508.75  3,512.75  3,478.00  3,492.75    -15.75       -0.45   252,985.00
3675  2013-12-20  NAS100  3,493.50  3,537.25  3,493.25  3,532.25     39.50        1.13   173,625.00
3676  2013-12-23  NAS100  3,541.00  3,567.50  3,541.00  3,564.75     32.50        0.92   131,151.00
3677  2013-12-24  NAS100  3,565.25  3,572.75  3,561.00  3,569.75      5.00        0.14    47,467.00
3678  2013-12-25  NAS100  3,572.75  3,583.75  3,568.25  3,581.75     12.00        0.34    54,009.00
3679  2013-12-27  NAS100  3,582.75  3,587.50  3,567.00  3,570.25    -11.50       -0.32    94,798.00
3680  2013-12-30  NAS100  3,569.75  3,573.50  3,556.00  3,565.75     -4.50       -0.13    90,196.00
3681  2013-12-31  NAS100  3,566.50  3,594.75  3,565.00  3,583.75     18.00        0.50    71,635.00
3682  2014-01-01  NAS100  3,575.75  3,579.00  3,549.00  3,559.25    -24.50       -0.68   196,559.00
3683  2014-01-03  NAS100  3,560.25  3,566.50  3,527.25  3,531.50    -27.75       -0.78   195,452.00
3684  2014-01-06  NAS100  3,530.50  3,540.25  3,505.75  3,517.75    -13.75       -0.39   246,009.00
3685  2014-01-07  NAS100  3,516.25  3,557.25  3,516.00  3,548.75     31.00        0.88   191,716.00
3686  2014-01-08  NAS100  3,548.25  3,569.50  3,544.00  3,564.75     16.00        0.45   208,163.00
3687  2014-01-09  NAS100  3,562.75  3,577.00  3,535.50  3,547.75    -17.00       -0.48   214,724.00
3688  2014-01-10  NAS100  3,549.75  3,572.00  3,529.50  3,561.50     13.75        0.39   263,424.00
3689  2014-01-13  NAS100  3,563.25  3,566.50  3,492.50  3,509.50    -52.00       -1.46   333,010.00
3690  2014-01-14  NAS100  3,510.25  3,576.50  3,503.25  3,573.75     64.25        1.83   293,427.00
3691  2014-01-15  NAS100  3,573.75  3,610.25  3,570.75  3,598.25     24.50        0.69   234,221.00
3692  2014-01-16  NAS100  3,598.50  3,608.25  3,594.00  3,595.25     -3.00       -0.08   162,062.00
3693  2014-01-17  NAS100  3,597.25  3,609.00  3,574.25  3,584.75    -10.50       -0.29   256,190.00
3694  2014-01-20  NAS100  3,584.50  3,612.00  3,577.50  3,609.50     24.75        0.69   210,486.00
3695  2014-01-22  NAS100  3,607.25  3,629.50  3,605.00  3,620.50     11.00        0.30   184,592.00
3696  2014-01-23  NAS100  3,625.50  3,635.25  3,581.50  3,613.75     -6.75       -0.19   286,469.00
3697  2014-01-24  NAS100  3,613.25  3,621.25  3,527.75  3,532.25    -81.50       -2.26   379,834.00
3698  2014-01-27  NAS100  3,531.75  3,545.00  3,468.00  3,503.00    -29.25       -0.83   444,255.00
3699  2014-01-28  NAS100  3,469.00  3,516.25  3,465.75  3,501.00     -2.00       -0.06   298,021.00
3700  2014-01-29  NAS100  3,513.50  3,529.00  3,454.25  3,473.00    -28.00       -0.80   396,701.00
3701  2014-01-30  NAS100  3,480.00  3,537.25  3,471.00  3,502.00     29.00        0.84   315,346.00
3702  2014-01-31  NAS100  3,520.00  3,532.75  3,479.25  3,514.00     12.00        0.34   326,853.00
3703  2014-02-03  NAS100  3,514.00  3,529.75  3,425.25  3,430.00    -84.00       -2.39   438,269.00
3704  2014-02-04  NAS100  3,439.50  3,473.75  3,431.50  3,452.00     22.00        0.64   324,399.00
3705  2014-02-05  NAS100  3,452.00  3,463.25  3,412.00  3,445.50     -6.50       -0.19   356,874.00
3706  2014-02-06  NAS100  3,450.25  3,499.25  3,447.75  3,487.25     41.75        1.21   267,809.00
3707  2014-02-07  NAS100  3,490.75  3,561.75  3,479.50  3,558.00     70.75        2.03   367,851.00
3708  2014-02-10  NAS100  3,560.25  3,581.75  3,550.50  3,577.50     19.50        0.55   205,066.00
3709  2014-02-11  NAS100  3,579.25  3,626.00  3,578.50  3,612.75     35.25        0.99   249,858.00
3710  2014-02-12  NAS100  3,612.00  3,633.50  3,610.25  3,624.50     11.75        0.33   252,230.00
3711  2014-02-13  NAS100  3,623.25  3,656.00  3,596.75  3,651.00     26.50        0.73   287,786.00
3712  2014-02-14  NAS100  3,650.50  3,668.00  3,638.00  3,661.00     10.00        0.27   212,826.00
3713  2014-02-17  NAS100  3,660.00  3,684.75  3,654.00  3,675.00     14.00        0.38   220,169.00
3714  2014-02-19  NAS100  3,676.00  3,679.50  3,645.25  3,654.50    -20.50       -0.56   277,354.00
3715  2014-02-20  NAS100  3,654.50  3,677.00  3,638.25  3,671.50     17.00        0.47   269,725.00
3716  2014-02-21  NAS100  3,671.50  3,686.75  3,660.75  3,664.50     -7.00       -0.19   186,798.00
3717  2014-02-24  NAS100  3,665.75  3,701.50  3,655.00  3,688.00     23.50        0.64   206,372.00
3718  2014-02-25  NAS100  3,685.75  3,697.25  3,668.50  3,688.50      0.50        0.01   236,400.00
3719  2014-02-26  NAS100  3,691.25  3,702.25  3,662.50  3,673.75    -14.75       -0.40   271,366.00
3720  2014-02-27  NAS100  3,680.25  3,706.75  3,661.25  3,701.50     27.75        0.76   264,249.00
3721  2014-02-28  NAS100  3,703.75  3,722.50  3,665.00  3,695.25     -6.25       -0.17   325,511.00
3722  2014-03-03  NAS100  3,678.00  3,679.75  3,637.00  3,668.75    -26.50       -0.72   376,912.00
3723  2014-03-04  NAS100  3,671.00  3,723.25  3,669.75  3,716.75     48.00        1.31   263,175.00
3724  2014-03-05  NAS100  3,718.50  3,732.50  3,712.50  3,728.25     11.50        0.31   205,524.00
3725  2014-03-06  NAS100  3,731.50  3,737.25  3,709.25  3,722.00     -6.25       -0.17   217,906.00
3726  2014-03-07  NAS100  3,724.00  3,740.50  3,685.75  3,704.25    -17.75       -0.48   303,234.00
3727  2014-03-10  NAS100  3,701.50  3,712.00  3,684.00  3,707.50      3.25        0.09   192,161.00
3728  2014-03-11  NAS100  3,707.50  3,726.00  3,681.00  3,688.50    -19.00       -0.51   259,716.00
3729  2014-03-12  NAS100  3,689.25  3,710.00  3,661.50  3,706.75     18.25        0.49   319,464.00
3730  2014-03-13  NAS100  3,708.00  3,722.25  3,636.25  3,651.25    -55.50       -1.50   450,566.00
3731  2014-03-14  NAS100  3,655.75  3,661.00  3,625.75  3,627.75    -23.50       -0.64   168,047.00
3732  2014-03-17  NAS100  3,629.25  3,679.50  3,608.50  3,658.25     30.50        0.84    82,750.00
3733  2014-03-18  NAS100  3,653.75  3,702.25  3,640.00  3,695.00     36.75        1.00   364,866.00
3734  2014-03-19  NAS100  3,695.75  3,705.25  3,652.50  3,674.25    -20.75       -0.56   350,571.00
3735  2014-03-20  NAS100  3,673.75  3,698.00  3,657.25  3,691.50     17.25        0.47   263,321.00
3736  2014-03-21  NAS100  3,690.25  3,712.75  3,633.75  3,639.00    -52.50       -1.42   379,137.00
3737  2014-03-24  NAS100  3,640.25  3,657.00  3,575.50  3,611.00    -28.00       -0.77   400,180.00
3738  2014-03-25  NAS100  3,613.50  3,652.00  3,591.00  3,623.75     12.75        0.35   364,849.00
3739  2014-03-26  NAS100  3,622.50  3,647.50  3,570.75  3,572.75    -51.00       -1.41   352,854.00
3740  2014-03-27  NAS100  3,577.75  3,585.25  3,535.25  3,554.25    -18.50       -0.52   443,690.00
3741  2014-03-28  NAS100  3,560.00  3,601.25  3,551.50  3,563.00      8.75        0.25   313,345.00
3742  2014-03-31  NAS100  3,572.50  3,611.25  3,572.50  3,586.25     23.25        0.65   297,696.00
3743  2014-04-01  NAS100  3,583.25  3,652.75  3,578.50  3,650.25     64.00        1.78   265,363.00
3744  2014-04-02  NAS100  3,650.50  3,668.50  3,642.50  3,658.25      8.00        0.22   239,816.00
3745  2014-04-03  NAS100  3,658.25  3,669.00  3,609.00  3,630.75    -27.50       -0.75   272,222.00
3746  2014-04-04  NAS100  3,636.00  3,657.75  3,522.75  3,537.50    -93.25       -2.57   613,419.00
3747  2014-04-07  NAS100  3,539.50  3,542.75  3,474.50  3,499.25    -38.25       -1.08   511,929.00
3748  2014-04-08  NAS100  3,501.75  3,536.00  3,490.50  3,528.50     29.25        0.84   400,196.00
3749  2014-04-09  NAS100  3,528.75  3,594.25  3,526.25  3,591.00     62.50        1.77   332,705.00
3750  2014-04-10  NAS100  3,593.25  3,599.50  3,470.25  3,480.00   -111.00       -3.09   528,139.00
3751  2014-04-11  NAS100  3,485.00  3,493.75  3,431.50  3,444.00    -36.00       -1.03   533,678.00
3752  2014-04-14  NAS100  3,435.75  3,485.00  3,425.25  3,470.25     26.25        0.76   383,258.00
3753  2014-04-15  NAS100  3,471.00  3,501.00  3,404.75  3,491.25     21.00        0.61   597,761.00
3754  2014-04-16  NAS100  3,497.75  3,524.50  3,479.50  3,501.50     10.25        0.29   400,462.00
3755  2014-04-17  NAS100  3,505.50  3,542.50  3,492.50  3,523.25     21.75        0.62   269,150.00
3756  2014-04-21  NAS100  3,525.00  3,554.25  3,516.75  3,551.25     28.00        0.79   152,229.00
3757  2014-04-22  NAS100  3,553.75  3,588.50  3,545.75  3,585.00     33.75        0.95   214,083.00
3758  2014-04-23  NAS100  3,584.50  3,599.50  3,546.00  3,554.50    -30.50       -0.85   249,723.00
3759  2014-04-24  NAS100  3,595.75  3,618.25  3,544.00  3,584.75     30.25        0.85   393,068.00
3760  2014-04-25  NAS100  3,588.00  3,589.75  3,516.50  3,530.50    -54.25       -1.51   330,378.00
3761  2014-04-28  NAS100  3,536.00  3,562.50  3,480.50  3,540.75     10.25        0.29   481,343.00
3762  2014-04-29  NAS100  3,541.50  3,571.25  3,530.00  3,563.75     23.00        0.65   306,700.00
3763  2014-04-30  NAS100  3,557.25  3,578.00  3,539.00  3,573.25      9.50        0.27   288,746.00
3764  2014-05-01  NAS100  3,577.00  3,605.50  3,570.50  3,586.75     13.50        0.38   195,192.00
3765  2014-05-02  NAS100  3,589.50  3,604.50  3,569.50  3,579.25     -7.50       -0.21   297,575.00
3766  2014-05-05  NAS100  3,583.25  3,598.00  3,548.00  3,590.75     11.50        0.32   235,364.00
3767  2014-05-06  NAS100  3,595.00  3,603.75  3,546.75  3,551.00    -39.75       -1.11   260,995.00
3768  2014-05-07  NAS100  3,551.00  3,566.50  3,497.50  3,540.50    -10.50       -0.30   447,227.00
3769  2014-05-08  NAS100  3,539.25  3,579.75  3,518.50  3,537.50     -3.00       -0.08   388,610.00
3770  2014-05-09  NAS100  3,533.50  3,552.25  3,510.50  3,548.00     10.50        0.30   319,908.00
3771  2014-05-12  NAS100  3,549.25  3,613.50  3,548.25  3,607.75     59.75        1.68   246,729.00
3772  2014-05-13  NAS100  3,611.50  3,624.25  3,603.50  3,608.75      1.00        0.03   221,779.00
3773  2014-05-14  NAS100  3,610.50  3,615.00  3,583.25  3,596.25    -12.50       -0.35   234,686.00
3774  2014-05-15  NAS100  3,599.25  3,606.75  3,540.25  3,563.25    -33.00       -0.92   398,709.00
3775  2014-05-16  NAS100  3,563.50  3,589.50  3,543.00  3,582.75     19.50        0.55   294,611.00
3776  2014-05-19  NAS100  3,586.75  3,617.50  3,565.50  3,613.25     30.50        0.85   221,042.00
3777  2014-05-20  NAS100  3,611.25  3,623.75  3,584.50  3,596.50    -16.75       -0.46   297,810.00
3778  2014-05-21  NAS100  3,599.00  3,635.75  3,593.25  3,633.50     37.00        1.03   257,181.00
3779  2014-05-22  NAS100  3,631.50  3,659.75  3,631.25  3,648.00     14.50        0.40   217,632.00
3780  2014-05-23  NAS100  3,648.25  3,677.00  3,645.25  3,675.00     27.00        0.74   167,143.00
3781  2014-05-26  NAS100  3,679.00  3,723.00  3,677.50  3,721.25     46.25        1.26   203,564.00
3782  2014-05-28  NAS100  3,720.50  3,730.25  3,707.50  3,716.00     -5.25       -0.14   218,210.00
3783  2014-05-29  NAS100  3,716.25  3,737.25  3,713.25  3,735.50     19.50        0.52   184,922.00
3784  2014-05-30  NAS100  3,735.25  3,740.50  3,715.25  3,735.50      0.00        0.00   214,382.00
3785  2014-06-02  NAS100  3,735.00  3,741.50  3,707.25  3,727.50     -8.00       -0.21   225,591.00
3786  2014-06-03  NAS100  3,728.00  3,735.75  3,714.00  3,730.75      3.25        0.09   183,988.00
3787  2014-06-04  NAS100  3,732.75  3,749.25  3,714.00  3,743.25     12.50        0.34   188,803.00
3788  2014-06-05  NAS100  3,743.50  3,782.00  3,734.00  3,776.25     33.00        0.88   283,290.00
3789  2014-06-06  NAS100  3,777.50  3,800.25  3,775.75  3,798.00     21.75        0.58   200,419.00
3790  2014-06-09  NAS100  3,800.00  3,803.00  3,783.00  3,793.75     -4.25       -0.11   148,831.00
3791  2014-06-10  NAS100  3,792.50  3,803.00  3,784.75  3,800.50      6.75        0.18   154,780.00
3792  2014-06-11  NAS100  3,802.00  3,804.75  3,779.50  3,798.25     -2.25       -0.06   203,579.00
3793  2014-06-12  NAS100  3,797.50  3,806.50  3,751.50  3,771.25    -27.00       -0.71   295,542.00
3794  2014-06-13  NAS100  3,773.00  3,785.75  3,760.00  3,775.75      4.50        0.12   158,900.00
3795  2014-06-16  NAS100  3,774.75  3,790.50  3,757.00  3,779.25      3.50        0.09   119,711.00
3796  2014-06-17  NAS100  3,772.75  3,786.00  3,763.00  3,772.25     -7.00       -0.19   263,920.00
3797  2014-06-18  NAS100  3,773.25  3,800.25  3,755.00  3,795.75     23.50        0.62   277,906.00
3798  2014-06-19  NAS100  3,794.75  3,803.25  3,774.25  3,789.00     -6.75       -0.18   218,554.00
3799  2014-06-20  NAS100  3,786.00  3,799.50  3,784.75  3,793.25      4.25        0.11   158,922.00
3800  2014-06-23  NAS100  3,792.25  3,807.25  3,785.25  3,794.50      1.25        0.03   161,444.00
3801  2014-06-24  NAS100  3,792.00  3,828.00  3,781.25  3,794.50      0.00        0.00   281,591.00
3802  2014-06-25  NAS100  3,792.25  3,823.50  3,783.00  3,814.75     20.25        0.53   249,821.00
3803  2014-06-26  NAS100  3,812.75  3,822.00  3,789.00  3,817.50      2.75        0.07   239,390.00
3804  2014-06-27  NAS100  3,817.00  3,837.75  3,808.00  3,831.50     14.00        0.37   182,900.00
3805  2014-06-30  NAS100  3,831.50  3,851.25  3,827.75  3,840.50      9.00        0.23   154,827.00
3806  2014-07-01  NAS100  3,847.00  3,894.50  3,844.75  3,884.75     44.25        1.15   195,635.00
3807  2014-07-02  NAS100  3,885.50  3,896.50  3,883.00  3,889.75      5.00        0.13   150,116.00
3808  2014-07-03  NAS100  3,890.50  3,918.00  3,888.25  3,915.75     26.00        0.67   121,416.00
3809  2014-07-04  NAS100  3,912.75  3,915.75  3,896.00  3,904.25    -11.50       -0.29   175,431.00
3810  2014-07-08  NAS100  3,905.00  3,906.75  3,841.25  3,863.25    -41.00       -1.05   331,375.00
3811  2014-07-09  NAS100  3,863.50  3,890.75  3,856.50  3,885.50     22.25        0.58   244,551.00
3812  2014-07-10  NAS100  3,886.50  3,889.50  3,831.50  3,873.75    -11.75       -0.30   317,254.00
3813  2014-07-11  NAS100  3,874.25  3,899.00  3,871.75  3,897.50     23.75        0.61   200,877.00
3814  2014-07-14  NAS100  3,898.00  3,930.75  3,897.75  3,919.25     21.75        0.56   163,878.00
3815  2014-07-15  NAS100  3,922.50  3,933.50  3,880.00  3,912.50     -6.75       -0.17   332,223.00
3816  2014-07-16  NAS100  3,916.50  3,941.00  3,913.00  3,922.50     10.00        0.26   215,286.00
3817  2014-07-17  NAS100  3,919.00  3,927.50  3,859.25  3,876.00    -46.50       -1.19   380,375.00
3818  2014-07-18  NAS100  3,870.50  3,935.75  3,854.00  3,930.25     54.25        1.40   291,934.00
3819  2014-07-21  NAS100  3,929.50  3,934.25  3,909.75  3,925.75     -4.50       -0.11   219,804.00
3820  2014-07-22  NAS100  3,924.50  3,959.50  3,923.75  3,950.50     24.75        0.63   198,837.00
3821  2014-07-23  NAS100  3,944.75  3,983.25  3,944.25  3,975.50     25.00        0.63   209,511.00
3822  2014-07-24  NAS100  3,978.00  3,991.25  3,963.50  3,971.75     -3.75       -0.09   209,687.00
3823  2014-07-25  NAS100  3,962.75  3,965.50  3,937.50  3,955.50    -16.25       -0.41   210,231.00
3824  2014-07-28  NAS100  3,954.00  3,970.25  3,929.00  3,960.00      4.50        0.11   210,316.00
3825  2014-07-29  NAS100  3,958.50  3,977.50  3,948.50  3,952.25     -7.75       -0.20   219,908.00
3826  2014-07-30  NAS100  3,957.25  3,983.00  3,953.25  3,968.50     16.25        0.41   275,028.00
3827  2014-07-31  NAS100  3,968.75  3,970.25  3,881.75  3,884.75    -83.75       -2.11   423,444.00
3828  2014-08-01  NAS100  3,890.50  3,901.25  3,847.50  3,873.25    -11.50       -0.30   462,507.00
3829  2014-08-04  NAS100  3,873.00  3,915.75  3,867.25  3,896.75     23.50        0.61   250,762.00
3830  2014-08-05  NAS100  3,894.75  3,900.25  3,851.75  3,871.75    -25.00       -0.64   356,543.00
3831  2014-08-06  NAS100  3,874.50  3,891.25  3,842.00  3,868.75     -3.00       -0.08   292,468.00
3832  2014-08-07  NAS100  3,869.25  3,892.50  3,840.75  3,856.75    -12.00       -0.31   329,596.00
3833  2014-08-08  NAS100  3,855.50  3,886.75  3,826.50  3,873.50     16.75        0.43   315,422.00
3834  2014-08-11  NAS100  3,874.00  3,917.75  3,873.75  3,905.00     31.50        0.81   178,453.00
3835  2014-08-12  NAS100  3,907.50  3,917.25  3,883.25  3,903.50     -1.50       -0.04   220,589.00
3836  2014-08-13  NAS100  3,906.00  3,949.50  3,902.25  3,945.75     42.25        1.08   201,984.00
3837  2014-08-14  NAS100  3,946.50  3,974.75  3,939.50  3,968.00     22.25        0.56   176,296.00
3838  2014-08-15  NAS100  3,973.00  3,994.50  3,947.25  3,985.00     17.00        0.43   362,617.00
3839  2014-08-18  NAS100  3,991.00  4,019.50  3,991.00  4,013.25     28.25        0.71   159,348.00
3840  2014-08-19  NAS100  4,017.00  4,040.50  4,015.75  4,034.25     21.00        0.52   151,276.00
3841  2014-08-20  NAS100  4,036.50  4,046.50  4,028.75  4,039.50      5.25        0.13   163,157.00
3842  2014-08-21  NAS100  4,039.75  4,049.00  4,032.75  4,047.50      8.00        0.20   145,148.00
3843  2014-08-22  NAS100  4,047.75  4,061.00  4,036.50  4,054.75      7.25        0.18   211,674.00
3844  2014-08-25  NAS100  4,057.50  4,078.50  4,056.75  4,063.50      8.75        0.22   168,702.00
3845  2014-08-26  NAS100  4,064.25  4,075.75  4,061.75  4,072.25      8.75        0.22   147,208.00
3846  2014-08-27  NAS100  4,073.50  4,077.00  4,063.50  4,072.75      0.50        0.01   128,378.00
3847  2014-08-28  NAS100  4,071.50  4,076.25  4,054.50  4,069.75     -3.00       -0.07   166,452.00
3848  2014-08-29  NAS100  4,075.50  4,086.00  4,062.00  4,082.00     12.25        0.30   167,836.00
3849  2014-09-01  NAS100  4,078.75  4,096.00  4,076.00  4,092.00     10.00        0.24   195,212.00
3850  2014-09-03  NAS100  4,092.75  4,113.75  4,062.50  4,071.75    -20.25       -0.49   265,476.00
3851  2014-09-04  NAS100  4,071.75  4,101.00  4,056.25  4,069.25     -2.50       -0.06   276,115.00
3852  2014-09-05  NAS100  4,072.25  4,091.50  4,052.00  4,086.50     17.25        0.42   283,624.00
3853  2014-09-08  NAS100  4,086.50  4,105.00  4,075.50  4,093.00      6.50        0.16   207,652.00
3854  2014-09-09  NAS100  4,092.50  4,110.50  4,053.25  4,066.00    -27.00       -0.66   386,107.00
3855  2014-09-10  NAS100  4,065.50  4,096.25  4,054.75  4,093.00     27.00        0.66   257,236.00
3856  2014-09-11  NAS100  4,093.00  4,097.00  4,060.00  4,091.00     -2.00       -0.05   307,246.00
3857  2014-09-12  NAS100  4,096.50  4,096.50  4,056.75  4,069.75    -21.25       -0.52   184,358.00
3858  2014-09-15  NAS100  4,057.50  4,076.25  4,018.25  4,033.50    -36.25       -0.89   150,018.00
3859  2014-09-16  NAS100  4,026.50  4,066.50  4,004.25  4,058.25     24.75        0.61   377,333.00
3860  2014-09-17  NAS100  4,056.00  4,084.00  4,039.25  4,065.25      7.00        0.17   320,715.00
3861  2014-09-18  NAS100  4,071.00  4,099.75  4,061.00  4,096.50     31.25        0.77   225,943.00
3862  2014-09-19  NAS100  4,098.75  4,118.75  4,076.00  4,093.00     -3.50       -0.09   279,619.00
3863  2014-09-22  NAS100  4,091.75  4,092.00  4,035.75  4,052.75    -40.25       -0.98   295,630.00
3864  2014-09-23  NAS100  4,044.50  4,061.00  4,027.50  4,037.00    -15.75       -0.39   276,929.00
3865  2014-09-24  NAS100  4,031.75  4,090.00  4,031.00  4,087.75     50.75        1.26   278,357.00
3866  2014-09-25  NAS100  4,085.25  4,088.50  3,998.25  4,007.50    -80.25       -1.96   442,898.00
3867  2014-09-26  NAS100  4,005.00  4,050.50  4,001.75  4,045.75     38.25        0.95   309,995.00
3868  2014-09-29  NAS100  4,045.75  4,051.25  3,998.00  4,035.50    -10.25       -0.25   350,305.00
3869  2014-09-30  NAS100  4,033.75  4,064.75  4,024.25  4,044.75      9.25        0.23   334,467.00
3870  2014-10-01  NAS100  4,036.25  4,046.00  3,965.50  3,982.50    -62.25       -1.54   435,753.00
3871  2014-10-02  NAS100  3,981.50  3,995.00  3,927.75  3,978.00     -4.50       -0.11   439,789.00
3872  2014-10-03  NAS100  3,974.50  4,034.75  3,970.50  4,016.00     38.00        0.96   286,084.00
3873  2014-10-06  NAS100  4,017.75  4,040.50  3,996.25  4,007.00     -9.00       -0.22   338,251.00
3874  2014-10-07  NAS100  4,001.50  4,010.25  3,948.00  3,956.25    -50.75       -1.27   383,802.00
3875  2014-10-08  NAS100  3,953.50  4,041.75  3,930.75  4,030.50     74.25        1.88   466,944.00
3876  2014-10-09  NAS100  4,029.00  4,047.75  3,947.00  3,970.25    -60.25       -1.49   595,699.00
3877  2014-10-10  NAS100  3,948.00  3,967.00  3,851.00  3,853.00   -117.25       -2.95   675,542.00
3878  2014-10-13  NAS100  3,848.50  3,885.75  3,792.50  3,798.50    -54.50       -1.41   636,045.00
3879  2014-10-14  NAS100  3,798.00  3,852.75  3,793.00  3,811.75     13.25        0.35   602,322.00
3880  2014-10-15  NAS100  3,823.75  3,831.50  3,691.25  3,752.00    -59.75       -1.57   831,107.00
3881  2014-10-16  NAS100  3,751.00  3,786.50  3,684.00  3,741.50    -10.50       -0.28   695,840.00
3882  2014-10-17  NAS100  3,748.00  3,840.50  3,742.00  3,804.00     62.50        1.67   477,901.00
3883  2014-10-20  NAS100  3,811.75  3,883.00  3,793.25  3,866.00     62.00        1.63   315,481.00
3884  2014-10-21  NAS100  3,880.25  3,976.00  3,846.00  3,971.50    105.50        2.73   382,276.00
3885  2014-10-22  NAS100  3,970.50  3,983.00  3,939.50  3,949.25    -22.25       -0.56   343,470.00
3886  2014-10-23  NAS100  3,947.00  4,024.75  3,939.50  4,005.25     56.00        1.42   348,130.00
3887  2014-10-24  NAS100  3,995.75  4,038.50  3,970.50  4,034.75     29.50        0.74   288,628.00
3888  2014-10-27  NAS100  4,035.75  4,049.75  4,009.50  4,038.25      3.50        0.09   275,993.00
3889  2014-10-28  NAS100  4,041.00  4,099.75  4,037.75  4,094.00     55.75        1.38   258,879.00
3890  2014-10-29  NAS100  4,080.75  4,096.25  4,054.75  4,072.25    -21.75       -0.53   340,712.00
3891  2014-10-30  NAS100  4,072.25  4,102.50  4,043.00  4,089.50     17.25        0.42   366,986.00
3892  2014-10-31  NAS100  4,091.50  4,163.50  4,089.75  4,150.50     61.00        1.49   313,263.00
3893  2014-11-03  NAS100  4,150.25  4,173.75  4,142.00  4,157.25      6.75        0.16   215,040.00
3894  2014-11-04  NAS100  4,157.50  4,164.25  4,119.75  4,143.50    -13.75       -0.33   259,945.00
3895  2014-11-05  NAS100  4,144.75  4,176.25  4,133.75  4,142.50     -1.00       -0.02   270,149.00
3896  2014-11-06  NAS100  4,144.25  4,167.00  4,130.25  4,162.75     20.25        0.49   233,284.00
3897  2014-11-07  NAS100  4,164.50  4,179.75  4,136.00  4,150.75    -12.00       -0.29   229,702.00
3898  2014-11-10  NAS100  4,152.75  4,178.50  4,144.00  4,170.25     19.50        0.47   164,939.00
3899  2014-11-11  NAS100  4,170.50  4,186.25  4,162.00  4,183.25     13.00        0.31   134,501.00
3900  2014-11-12  NAS100  4,183.25  4,198.75  4,166.50  4,196.00     12.75        0.30   202,720.00
3901  2014-11-13  NAS100  4,193.50  4,227.00  4,191.50  4,205.00      9.00        0.21   295,015.00
3902  2014-11-14  NAS100  4,203.25  4,225.75  4,195.75  4,222.00     17.00        0.40   218,493.00
3903  2014-11-17  NAS100  4,223.25  4,224.50  4,191.50  4,212.25     -9.75       -0.23   230,967.00
3904  2014-11-18  NAS100  4,213.25  4,248.75  4,203.00  4,238.00     25.75        0.61   213,476.00
3905  2014-11-19  NAS100  4,238.25  4,242.50  4,204.25  4,223.75    -14.25       -0.34   235,757.00
3906  2014-11-20  NAS100  4,223.75  4,248.25  4,201.75  4,245.00     21.25        0.50   214,465.00
3907  2014-11-21  NAS100  4,245.50  4,284.50  4,237.50  4,249.25      4.25        0.10   285,753.00
3908  2014-11-24  NAS100  4,249.75  4,286.75  4,248.00  4,282.00     32.75        0.77   158,380.00
3909  2014-11-25  NAS100  4,282.00  4,303.25  4,276.75  4,292.50     10.50        0.25   169,153.00
3910  2014-11-26  NAS100  4,294.00  4,323.75  4,290.50  4,317.75     25.25        0.59   135,750.00
3911  2014-11-27  NAS100  4,323.50  4,348.00  4,312.50  4,338.25     20.50        0.47   134,101.00
3912  2014-12-01  NAS100  4,330.75  4,335.50  4,273.50  4,286.50    -51.75       -1.19   324,373.00
3913  2014-12-02  NAS100  4,287.00  4,314.75  4,285.00  4,305.50     19.00        0.44   226,496.00
3914  2014-12-03  NAS100  4,308.00  4,320.00  4,287.50  4,310.50      5.00        0.12   190,809.00
3915  2014-12-04  NAS100  4,312.00  4,328.50  4,293.25  4,313.50      3.00        0.07   248,733.00
3916  2014-12-05  NAS100  4,313.00  4,326.75  4,302.75  4,313.25     -0.25       -0.01   199,234.00
3917  2014-12-08  NAS100  4,314.25  4,320.25  4,259.00  4,279.00    -34.25       -0.79   320,418.00
3918  2014-12-09  NAS100  4,282.75  4,298.50  4,216.75  4,290.75     11.75        0.27   339,492.00
3919  2014-12-10  NAS100  4,290.75  4,298.25  4,219.00  4,227.00    -63.75       -1.49   382,192.00
3920  2014-12-11  NAS100  4,228.25  4,298.00  4,220.25  4,236.50      9.50        0.22   422,615.00
3921  2014-12-12  NAS100  4,233.00  4,254.75  4,188.00  4,189.50    -47.00       -1.11   245,579.00
3922  2014-12-15  NAS100  4,189.50  4,237.75  4,144.75  4,163.75    -25.75       -0.61   225,299.00
3923  2014-12-16  NAS100  4,162.25  4,189.75  4,080.75  4,083.25    -80.50       -1.93   639,787.00
3924  2014-12-17  NAS100  4,088.25  4,173.00  4,081.50  4,159.50     76.25        1.87   509,046.00
3925  2014-12-18  NAS100  4,159.50  4,272.50  4,150.25  4,263.00    103.50        2.49   386,503.00
3926  2014-12-19  NAS100  4,268.50  4,304.50  4,255.50  4,282.75     19.75        0.46   290,155.00
3927  2014-12-22  NAS100  4,282.00  4,301.25  4,276.00  4,291.75      9.00        0.21   164,830.00
3928  2014-12-23  NAS100  4,292.75  4,312.00  4,274.75  4,278.00    -13.75       -0.32   148,403.00
3929  2014-12-24  NAS100  4,278.00  4,298.50  4,276.50  4,282.50      4.50        0.11    46,180.00
3930  2014-12-25  NAS100  4,282.00  4,322.00  4,282.00  4,310.25     27.75        0.65    61,111.00
3931  2014-12-29  NAS100  4,315.00  4,320.75  4,298.25  4,311.00      0.75        0.02   102,425.00
3932  2014-12-30  NAS100  4,316.25  4,318.00  4,273.75  4,282.75    -28.25       -0.66   110,089.00
3933  2014-12-31  NAS100  4,283.00  4,305.00  4,228.00  4,232.75    -50.00       -1.17   146,914.00
3934  2015-01-01  NAS100  4,240.25  4,272.75  4,201.00  4,214.25    -18.50       -0.44   229,555.00
3935  2015-01-05  NAS100  4,216.00  4,220.75  4,145.00  4,161.75    -52.50       -1.25   313,771.00
3936  2015-01-06  NAS100  4,166.50  4,172.50  4,082.00  4,102.25    -59.50       -1.43   426,154.00
3937  2015-01-07  NAS100  4,105.50  4,163.25  4,102.75  4,151.50     49.25        1.20   328,184.00
3938  2015-01-08  NAS100  4,152.25  4,242.75  4,152.25  4,232.25     80.75        1.95   272,056.00
3939  2015-01-09  NAS100  4,232.25  4,252.50  4,181.00  4,200.75    -31.50       -0.74   341,966.00
3940  2015-01-12  NAS100  4,201.25  4,227.50  4,151.00  4,166.50    -34.25       -0.82   319,438.00
3941  2015-01-13  NAS100  4,169.50  4,247.75  4,126.75  4,158.50     -8.00       -0.19   476,645.00
3942  2015-01-14  NAS100  4,158.00  4,169.25  4,100.50  4,145.50    -13.00       -0.31   450,812.00
3943  2015-01-15  NAS100  4,147.50  4,190.00  4,066.00  4,089.00    -56.50       -1.36   456,035.00
3944  2015-01-16  NAS100  4,072.50  4,138.50  4,041.50  4,134.00     45.00        1.10   359,021.00
3945  2015-01-19  NAS100  4,138.75  4,175.25  4,109.00  4,167.00     33.00        0.80   347,445.00
3946  2015-01-21  NAS100  4,166.00  4,205.25  4,137.00  4,182.75     15.75        0.38   327,200.00
3947  2015-01-22  NAS100  4,183.75  4,269.00  4,164.50  4,264.75     82.00        1.96   338,354.00
3948  2015-01-23  NAS100  4,265.50  4,286.25  4,250.25  4,267.00      2.25        0.05   227,200.00
3949  2015-01-26  NAS100  4,249.50  4,278.25  4,231.50  4,269.25      2.25        0.05   187,612.00
3950  2015-01-27  NAS100  4,266.75  4,271.00  4,142.75  4,177.50    -91.75       -2.15   363,818.00
3951  2015-01-28  NAS100  4,206.00  4,234.50  4,119.50  4,124.25    -53.25       -1.27   363,115.00
3952  2015-01-29  NAS100  4,125.00  4,199.75  4,095.75  4,185.75     61.50        1.49   358,572.00
3953  2015-01-30  NAS100  4,203.50  4,208.00  4,136.00  4,141.25    -44.50       -1.06   345,604.00
3954  2015-02-02  NAS100  4,143.50  4,188.00  4,085.50  4,185.50     44.25        1.07   353,848.00
3955  2015-02-03  NAS100  4,180.75  4,222.75  4,165.75  4,216.25     30.75        0.73   283,374.00
3956  2015-02-04  NAS100  4,207.75  4,243.00  4,187.50  4,204.00    -12.25       -0.29   269,497.00
3957  2015-02-05  NAS100  4,191.00  4,254.75  4,181.50  4,247.50     43.50        1.03   200,569.00
3958  2015-02-06  NAS100  4,251.00  4,268.25  4,209.75  4,227.50    -20.00       -0.47   253,335.00
3959  2015-02-09  NAS100  4,226.50  4,232.00  4,201.50  4,214.25    -13.25       -0.31   198,223.00
3960  2015-02-10  NAS100  4,219.00  4,284.00  4,211.00  4,276.00     61.75        1.47   225,792.00
3961  2015-02-11  NAS100  4,278.25  4,322.00  4,271.00  4,296.50     20.50        0.48   207,031.00
3962  2015-02-12  NAS100  4,308.50  4,346.50  4,285.75  4,344.75     48.25        1.12   219,353.00
3963  2015-02-13  NAS100  4,342.75  4,382.00  4,340.75  4,377.00     32.25        0.74   190,386.00
3964  2015-02-16  NAS100  4,373.50  4,388.50  4,364.50  4,381.75      4.75        0.11   194,620.00
3965  2015-02-18  NAS100  4,384.50  4,393.50  4,373.75  4,386.00      4.25        0.10   146,465.00
3966  2015-02-19  NAS100  4,390.25  4,417.25  4,376.00  4,413.25     27.25        0.62   168,236.00
3967  2015-02-20  NAS100  4,416.25  4,445.00  4,396.00  4,438.00     24.75        0.56   235,154.00
3968  2015-02-23  NAS100  4,439.75  4,449.25  4,429.75  4,444.50      6.50        0.15   133,132.00
3969  2015-02-24  NAS100  4,445.25  4,455.75  4,427.00  4,450.25      5.75        0.13   163,047.00
3970  2015-02-25  NAS100  4,449.25  4,461.00  4,429.25  4,436.75    -13.50       -0.30   173,941.00
3971  2015-02-26  NAS100  4,438.50  4,464.75  4,431.00  4,461.75     25.00        0.56   193,611.00
3972  2015-02-27  NAS100  4,460.50  4,462.75  4,435.00  4,442.50    -19.25       -0.43   173,304.00
3973  2015-03-02  NAS100  4,447.00  4,483.25  4,446.25  4,477.00     34.50        0.78   185,330.00
3974  2015-03-03  NAS100  4,479.00  4,479.00  4,432.50  4,456.50    -20.50       -0.46   198,589.00
3975  2015-03-04  NAS100  4,458.25  4,458.25  4,419.25  4,444.25    -12.25       -0.27   210,995.00
3976  2015-03-05  NAS100  4,444.25  4,464.75  4,432.75  4,449.50      5.25        0.12   185,176.00
3977  2015-03-06  NAS100  4,451.50  4,460.50  4,389.25  4,405.00    -44.50       -1.00   296,605.00
3978  2015-03-09  NAS100  4,411.75  4,424.75  4,391.75  4,413.50      8.50        0.19   217,756.00
3979  2015-03-10  NAS100  4,415.25  4,415.75  4,328.50  4,331.25    -82.25       -1.86   313,249.00
3980  2015-03-11  NAS100  4,334.25  4,347.50  4,304.25  4,307.50    -23.75       -0.55   260,964.00
3981  2015-03-12  NAS100  4,312.50  4,339.50  4,298.75  4,330.75     23.25        0.54   269,241.00
3982  2015-03-13  NAS100  4,331.75  4,347.50  4,288.25  4,308.75    -22.00       -0.51   218,259.00
3983  2015-03-16  NAS100  4,313.50  4,372.75  4,299.50  4,359.50     50.75        1.18   119,758.00
3984  2015-03-17  NAS100  4,348.00  4,377.75  4,341.75  4,370.50     11.00        0.25   260,406.00
3985  2015-03-18  NAS100  4,370.50  4,434.25  4,335.75  4,420.25     49.75        1.14   316,293.00
3986  2015-03-19  NAS100  4,423.75  4,435.00  4,411.50  4,422.00      1.75        0.04   228,573.00
3987  2015-03-20  NAS100  4,418.75  4,472.25  4,415.75  4,447.25     25.25        0.57   210,568.00
3988  2015-03-23  NAS100  4,448.50  4,461.25  4,436.00  4,436.75    -10.50       -0.24   149,739.00
3989  2015-03-24  NAS100  4,436.50  4,461.00  4,424.25  4,429.00     -7.75       -0.17   184,226.00
3990  2015-03-25  NAS100  4,429.25  4,438.50  4,320.00  4,323.50   -105.50       -2.38   320,355.00
3991  2015-03-26  NAS100  4,327.00  4,331.00  4,270.00  4,310.75    -12.75       -0.29   356,229.00
3992  2015-03-27  NAS100  4,313.00  4,333.50  4,297.25  4,325.75     15.00        0.35   209,529.00
3993  2015-03-30  NAS100  4,327.50  4,381.75  4,315.75  4,372.50     46.75        1.08   202,012.00
3994  2015-03-31  NAS100  4,370.00  4,375.75  4,320.75  4,329.50    -43.00       -0.98   224,928.00
3995  2015-04-01  NAS100  4,321.75  4,334.25  4,259.00  4,313.00    -16.50       -0.38   311,506.00
3996  2015-04-02  NAS100  4,316.75  4,321.00  4,288.50  4,307.25     -5.75       -0.13   168,845.00
3997  2015-04-03  NAS100  4,306.75  4,313.75  4,262.00  4,307.25      0.00        0.00    11,754.00
3998  2015-04-06  NAS100  4,265.00  4,354.75  4,264.50  4,342.25     35.00        0.81   154,026.00
3999  2015-04-07  NAS100  4,339.75  4,372.25  4,330.25  4,334.00     -8.25       -0.19   171,692.00
4000  2015-04-08  NAS100  4,335.25  4,379.25  4,327.50  4,374.75     40.75        0.94   225,547.00
4001  2015-04-09  NAS100  4,378.00  4,401.25  4,352.75  4,399.25     24.50        0.56   201,439.00
4002  2015-04-10  NAS100  4,399.00  4,416.00  4,385.75  4,414.75     15.50        0.35   126,565.00
4003  2015-04-13  NAS100  4,415.00  4,441.50  4,399.50  4,403.25    -11.50       -0.26   171,930.00
4004  2015-04-14  NAS100  4,405.50  4,414.50  4,366.75  4,397.75     -5.50       -0.12   220,750.00
4005  2015-04-15  NAS100  4,400.25  4,429.00  4,388.75  4,421.75     24.00        0.55   170,496.00
4006  2015-04-16  NAS100  4,426.25  4,429.50  4,398.00  4,415.25     -6.50       -0.15   162,971.00
4007  2015-04-17  NAS100  4,416.25  4,417.50  4,324.00  4,349.00    -66.25       -1.50   302,065.00
4008  2015-04-20  NAS100  4,356.75  4,417.00  4,352.25  4,407.50     58.50        1.35   218,236.00
4009  2015-04-21  NAS100  4,402.75  4,442.75  4,402.75  4,428.50     21.00        0.48   190,749.00
4010  2015-04-22  NAS100  4,433.00  4,459.50  4,398.50  4,445.25     16.75        0.38   196,846.00
4011  2015-04-23  NAS100  4,438.50  4,497.25  4,418.00  4,481.50     36.25        0.82   252,582.00
4012  2015-04-24  NAS100  4,492.50  4,536.25  4,489.50  4,529.25     47.75        1.07   204,737.00
4013  2015-04-27  NAS100  4,533.00  4,555.50  4,509.25  4,524.75     -4.50       -0.10   224,600.00
4014  2015-04-28  NAS100  4,524.25  4,531.25  4,471.75  4,516.00     -8.75       -0.19   283,966.00
4015  2015-04-29  NAS100  4,512.25  4,514.00  4,456.25  4,479.75    -36.25       -0.80   290,967.00
4016  2015-04-30  NAS100  4,474.00  4,478.25  4,386.50  4,408.25    -71.50       -1.60   353,283.00
4017  2015-05-01  NAS100  4,414.00  4,470.75  4,409.75  4,467.75     59.50        1.35   197,160.00
4018  2015-05-04  NAS100  4,471.75  4,503.50  4,457.00  4,476.50      8.75        0.20   191,856.00
4019  2015-05-05  NAS100  4,474.00  4,480.25  4,399.50  4,407.50    -69.00       -1.54   306,244.00
4020  2015-05-06  NAS100  4,409.00  4,423.50  4,341.50  4,373.00    -34.50       -0.78   335,134.00
4021  2015-05-07  NAS100  4,371.50  4,409.25  4,332.50  4,402.50     29.50        0.67   249,245.00
4022  2015-05-08  NAS100  4,404.00  4,462.75  4,401.00  4,448.75     46.25        1.05   216,447.00
4023  2015-05-11  NAS100  4,452.50  4,464.50  4,426.75  4,431.25    -17.50       -0.39   170,514.00
4024  2015-05-12  NAS100  4,431.50  4,438.00  4,374.50  4,420.75    -10.50       -0.24   257,296.00
4025  2015-05-13  NAS100  4,423.00  4,457.75  4,417.50  4,423.75      3.00        0.07   200,865.00
4026  2015-05-14  NAS100  4,425.75  4,493.00  4,412.75  4,490.25     66.50        1.50   184,396.00
4027  2015-05-15  NAS100  4,489.00  4,507.50  4,477.75  4,488.75     -1.50       -0.03   140,746.00
4028  2015-05-18  NAS100  4,491.25  4,517.75  4,470.50  4,507.25     18.50        0.41   128,602.00
4029  2015-05-19  NAS100  4,509.75  4,526.50  4,496.50  4,501.25     -6.00       -0.13   127,690.00
4030  2015-05-20  NAS100  4,501.75  4,534.00  4,482.25  4,505.50      4.25        0.09   170,963.00
4031  2015-05-21  NAS100  4,500.00  4,536.50  4,486.50  4,528.75     23.25        0.52   123,530.00
4032  2015-05-22  NAS100  4,530.50  4,542.00  4,522.00  4,528.75      0.00        0.00   100,980.00
4033  2015-05-25  NAS100  4,527.50  4,538.50  4,455.00  4,479.75    -49.00       -1.08   228,084.00
4034  2015-05-27  NAS100  4,481.50  4,551.00  4,473.00  4,542.25     62.50        1.40   198,538.00
4035  2015-05-28  NAS100  4,540.50  4,547.50  4,521.75  4,542.75      0.50        0.01   152,018.00
4036  2015-05-29  NAS100  4,542.00  4,545.25  4,497.25  4,511.00    -31.75       -0.70   197,740.00
4037  2015-06-01  NAS100  4,514.00  4,538.25  4,486.00  4,521.50     10.50        0.23   216,323.00
4038  2015-06-02  NAS100  4,525.75  4,531.75  4,480.75  4,503.00    -18.50       -0.41   222,449.00
4039  2015-06-03  NAS100  4,503.25  4,540.75  4,501.25  4,527.50     24.50        0.54   190,316.00
4040  2015-06-04  NAS100  4,526.75  4,527.25  4,473.25  4,496.50    -31.00       -0.68   285,057.00
4041  2015-06-05  NAS100  4,494.75  4,506.50  4,449.25  4,481.50    -15.00       -0.33   232,923.00
4042  2015-06-08  NAS100  4,479.50  4,483.25  4,422.00  4,432.25    -49.25       -1.10   237,404.00
4043  2015-06-09  NAS100  4,435.75  4,441.25  4,390.25  4,431.50     -0.75       -0.02   226,086.00
4044  2015-06-10  NAS100  4,431.50  4,498.25  4,430.50  4,488.75     57.25        1.29   238,886.00
4045  2015-06-11  NAS100  4,486.25  4,512.25  4,479.25  4,490.50      1.75        0.04   186,848.00
4046  2015-06-12  NAS100  4,489.25  4,491.25  4,447.75  4,454.75    -35.75       -0.80   153,829.00
4047  2015-06-15  NAS100  4,443.50  4,444.75  4,394.25  4,435.50    -19.25       -0.43   145,112.00
4048  2015-06-16  NAS100  4,427.75  4,456.50  4,395.75  4,451.75     16.25        0.37   219,413.00
4049  2015-06-17  NAS100  4,452.25  4,476.00  4,431.25  4,454.25      2.50        0.06   225,073.00
4050  2015-06-18  NAS100  4,454.25  4,535.00  4,440.00  4,530.75     76.50        1.72   275,557.00
4051  2015-06-19  NAS100  4,530.00  4,539.75  4,496.25  4,499.75    -31.00       -0.68   162,664.00
4052  2015-06-22  NAS100  4,512.50  4,552.25  4,512.25  4,532.75     33.00        0.73   157,035.00
4053  2015-06-23  NAS100  4,538.75  4,548.75  4,522.75  4,541.25      8.50        0.19   116,969.00
4054  2015-06-24  NAS100  4,543.50  4,555.25  4,514.50  4,515.75    -25.50       -0.56   165,445.00
4055  2015-06-25  NAS100  4,520.25  4,547.50  4,500.00  4,509.25     -6.50       -0.14   175,329.00
4056  2015-06-26  NAS100  4,506.50  4,517.00  4,459.75  4,480.50    -28.75       -0.64   226,373.00
4057  2015-06-29  NAS100  4,429.75  4,451.50  4,368.25  4,378.00   -102.50       -2.29   334,972.00
4058  2015-06-30  NAS100  4,386.25  4,412.25  4,372.00  4,390.25     12.25        0.28   304,509.00
4059  2015-07-01  NAS100  4,392.75  4,441.75  4,392.00  4,422.00     31.75        0.72   191,161.00
4060  2015-07-02  NAS100  4,423.75  4,441.50  4,408.25  4,428.75      6.75        0.15   155,244.00
4061  2015-07-03  NAS100  4,427.75  4,437.25  4,344.00  4,422.75     -6.00       -0.14   285,735.00
4062  2015-07-07  NAS100  4,429.50  4,448.00  4,334.50  4,422.25     -0.50       -0.01   384,237.00
4063  2015-07-08  NAS100  4,422.50  4,422.50  4,336.50  4,346.50    -75.75       -1.71   335,132.00
4064  2015-07-09  NAS100  4,347.75  4,408.00  4,331.75  4,339.50     -7.00       -0.16   260,171.00
4065  2015-07-10  NAS100  4,345.75  4,426.50  4,345.75  4,408.25     68.75        1.58   236,765.00
4066  2015-07-13  NAS100  4,384.00  4,491.75  4,372.50  4,488.00     79.75        1.81   209,774.00
4067  2015-07-14  NAS100  4,487.25  4,529.75  4,484.50  4,517.50     29.50        0.66   156,246.00
4068  2015-07-15  NAS100  4,519.25  4,539.50  4,509.25  4,536.50     19.00        0.42   187,307.00
4069  2015-07-16  NAS100  4,534.50  4,612.50  4,531.00  4,597.75     61.25        1.35   192,220.00
4070  2015-07-17  NAS100  4,609.75  4,654.00  4,607.25  4,650.00     52.25        1.14   187,930.00
4071  2015-07-20  NAS100  4,649.00  4,686.00  4,646.50  4,671.25     21.25        0.46   169,781.00
4072  2015-07-21  NAS100  4,671.25  4,683.00  4,611.50  4,666.50     -4.75       -0.10   226,216.00
4073  2015-07-22  NAS100  4,618.00  4,636.50  4,588.75  4,617.00    -49.50       -1.06   235,343.00
4074  2015-07-23  NAS100  4,621.75  4,634.75  4,584.25  4,620.00      3.00        0.06   211,215.00
4075  2015-07-24  NAS100  4,633.50  4,638.75  4,544.50  4,561.75    -58.25       -1.26   236,180.00
4076  2015-07-27  NAS100  4,562.25  4,568.25  4,503.50  4,522.50    -39.25       -0.86   293,740.00
4077  2015-07-28  NAS100  4,521.25  4,561.25  4,497.00  4,556.00     33.50        0.74   280,667.00
4078  2015-07-29  NAS100  4,558.00  4,579.50  4,544.00  4,565.00      9.00        0.20   222,563.00
4079  2015-07-30  NAS100  4,562.75  4,598.75  4,530.75  4,595.25     30.25        0.66   226,285.00
4080  2015-07-31  NAS100  4,589.25  4,608.75  4,576.25  4,585.00    -10.25       -0.22   214,679.00
4081  2015-08-03  NAS100  4,583.25  4,599.25  4,540.50  4,573.00    -12.00       -0.26   251,564.00
4082  2015-08-04  NAS100  4,570.50  4,581.25  4,543.50  4,551.75    -21.25       -0.46   253,010.00
4083  2015-08-05  NAS100  4,551.50  4,629.00  4,551.00  4,593.50     41.75        0.92   247,802.00
4084  2015-08-06  NAS100  4,591.75  4,608.75  4,502.75  4,524.75    -68.75       -1.50   272,055.00
4085  2015-08-07  NAS100  4,527.25  4,533.75  4,480.50  4,519.00     -5.75       -0.13   249,232.00
4086  2015-08-10  NAS100  4,514.00  4,580.00  4,512.75  4,566.00     47.00        1.04   199,353.00
4087  2015-08-11  NAS100  4,582.50  4,584.75  4,485.50  4,510.75    -55.25       -1.21   301,820.00
4088  2015-08-12  NAS100  4,512.75  4,535.50  4,431.25  4,533.50     22.75        0.50   358,454.00
4089  2015-08-13  NAS100  4,529.75  4,557.00  4,508.75  4,517.25    -16.25       -0.36   234,832.00
4090  2015-08-14  NAS100  4,514.50  4,534.00  4,499.00  4,531.75     14.50        0.32   167,712.00
4091  2015-08-17  NAS100  4,532.50  4,567.75  4,503.25  4,564.75     33.00        0.73   191,979.00
4092  2015-08-18  NAS100  4,562.50  4,573.50  4,533.75  4,544.00    -20.75       -0.45   164,755.00
4093  2015-08-19  NAS100  4,543.00  4,552.25  4,483.25  4,503.75    -40.25       -0.89   331,472.00
4094  2015-08-20  NAS100  4,502.25  4,513.00  4,360.00  4,366.25   -137.50       -3.05   449,728.00
4095  2015-08-21  NAS100  4,367.75  4,368.25  4,189.00  4,200.75   -165.50       -3.79   614,566.00
4096  2015-08-24  NAS100  4,183.75  4,196.25  3,908.25  4,003.25   -197.50       -4.70   746,533.00
4097  2015-08-25  NAS100  3,998.00  4,204.25  3,997.75  4,028.50     25.25        0.63   630,057.00
4098  2015-08-26  NAS100  4,036.75  4,229.50  3,958.75  4,214.50    186.00        4.62   637,925.00
4099  2015-08-27  NAS100  4,222.75  4,332.75  4,205.25  4,328.00    113.50        2.69   475,384.00
4100  2015-08-28  NAS100  4,327.00  4,340.75  4,281.75  4,333.00      5.00        0.12   322,070.00
4101  2015-08-31  NAS100  4,324.00  4,330.25  4,258.50  4,271.75    -61.25       -1.41   303,204.00
4102  2015-09-01  NAS100  4,266.00  4,268.00  4,118.25  4,158.25   -113.50       -2.66   481,009.00
4103  2015-09-02  NAS100  4,150.75  4,263.75  4,136.00  4,260.00    101.75        2.45   340,627.00
4104  2015-09-03  NAS100  4,260.25  4,304.25  4,219.75  4,229.50    -30.50       -0.72   332,566.00
4105  2015-09-04  NAS100  4,231.75  4,237.50  4,155.00  4,194.00    -35.50       -0.84   354,122.00
4106  2015-09-07  NAS100  4,181.75  4,305.50  4,180.00  4,298.50    104.50        2.49   293,906.00
4107  2015-09-09  NAS100  4,300.50  4,369.50  4,240.25  4,255.00    -43.50       -1.01   354,129.00
4108  2015-09-10  NAS100  4,259.00  4,327.25  4,226.50  4,295.00     40.00        0.94   410,492.00
4109  2015-09-11  NAS100  4,294.75  4,330.00  4,259.50  4,325.25     30.25        0.70   127,471.00
4110  2015-09-14  NAS100  4,325.25  4,357.00  4,292.25  4,310.00    -15.25       -0.35    87,550.00
4111  2015-09-15  NAS100  4,297.75  4,364.00  4,280.00  4,351.00     41.00        0.95         0.00
4112  2015-09-16  NAS100  4,351.75  4,382.25  4,335.00  4,381.00     30.00        0.69         0.00
4113  2015-09-17  NAS100  4,377.25  4,441.75  4,357.00  4,369.75    -11.25       -0.26         0.00
4114  2015-09-18  NAS100  4,371.00  4,382.50  4,299.50  4,326.75    -43.00       -0.98   333,044.00
4115  2015-09-21  NAS100  4,324.75  4,361.50  4,286.50  4,341.25     14.50        0.34   254,496.00
4116  2015-09-22  NAS100  4,342.00  4,345.00  4,220.50  4,267.25    -74.00       -1.70   320,027.00
4117  2015-09-23  NAS100  4,264.25  4,292.75  4,221.50  4,262.75     -4.50       -0.11   238,547.00
4118  2015-09-24  NAS100  4,268.50  4,278.75  4,185.25  4,246.00    -16.75       -0.39   355,070.00
4119  2015-09-25  NAS100  4,232.00  4,315.75  4,185.50  4,213.50    -32.50       -0.77   344,913.00
4120  2015-09-28  NAS100  4,202.50  4,239.00  4,079.50  4,094.75   -118.75       -2.82   360,675.00
4121  2015-09-29  NAS100  4,106.25  4,144.25  4,040.75  4,074.75    -20.00       -0.49   427,261.00
4122  2015-09-30  NAS100  4,078.75  4,169.00  4,066.00  4,163.00     88.25        2.17   347,070.00
4123  2015-10-01  NAS100  4,154.00  4,225.75  4,116.25  4,187.50     24.50        0.59   367,790.00
4124  2015-10-02  NAS100  4,188.25  4,263.75  4,111.50  4,261.25     73.75        1.76   404,892.00
4125  2015-10-05  NAS100  4,257.75  4,329.75  4,250.50  4,311.25     50.00        1.17   242,309.00
4126  2015-10-06  NAS100  4,307.75  4,322.00  4,263.50  4,290.25    -21.00       -0.49   264,372.00
4127  2015-10-07  NAS100  4,275.00  4,333.75  4,268.00  4,323.75     33.50        0.78   329,985.00
4128  2015-10-08  NAS100  4,324.00  4,348.25  4,265.00  4,344.75     21.00        0.49   317,019.00
4129  2015-10-09  NAS100  4,338.00  4,369.25  4,324.50  4,359.50     14.75        0.34   208,829.00
4130  2015-10-12  NAS100  4,355.00  4,381.50  4,346.25  4,375.00     15.50        0.36   132,675.00
4131  2015-10-13  NAS100  4,377.00  4,390.75  4,338.50  4,341.25    -33.75       -0.77   232,729.00
4132  2015-10-14  NAS100  4,334.25  4,365.25  4,317.50  4,326.50    -14.75       -0.34   284,807.00
4133  2015-10-15  NAS100  4,335.25  4,412.00  4,332.50  4,411.75     85.25        1.97   275,986.00
4134  2015-10-16  NAS100  4,409.75  4,439.00  4,396.00  4,434.75     23.00        0.52   207,248.00
4135  2015-10-19  NAS100  4,434.50  4,455.50  4,411.00  4,454.50     19.75        0.45   202,407.00
4136  2015-10-20  NAS100  4,451.50  4,456.00  4,414.00  4,424.75    -29.75       -0.67   200,211.00
4137  2015-10-21  NAS100  4,422.75  4,456.25  4,394.75  4,399.25    -25.50       -0.58   289,766.00
4138  2015-10-22  NAS100  4,406.75  4,565.50  4,402.00  4,552.75    153.50        3.49   348,494.00
4139  2015-10-23  NAS100  4,562.25  4,637.50  4,562.00  4,611.50     58.75        1.29   361,589.00
4140  2015-10-26  NAS100  4,614.00  4,630.00  4,592.75  4,616.25      4.75        0.10   184,127.00
4141  2015-10-27  NAS100  4,619.75  4,651.75  4,601.25  4,632.25     16.00        0.35   217,939.00
4142  2015-10-28  NAS100  4,635.25  4,678.25  4,600.50  4,673.75     41.50        0.90   306,875.00
4143  2015-10-29  NAS100  4,664.25  4,670.25  4,642.75  4,661.75    -12.00       -0.26   184,529.00
4144  2015-10-30  NAS100  4,666.00  4,690.25  4,636.00  4,643.25    -18.50       -0.40   211,241.00
4145  2015-11-02  NAS100  4,644.50  4,699.50  4,625.00  4,694.00     50.75        1.09   162,655.00
4146  2015-11-03  NAS100  4,688.25  4,727.50  4,677.00  4,712.00     18.00        0.38   186,758.00
4147  2015-11-04  NAS100  4,711.75  4,729.75  4,691.25  4,709.50     -2.50       -0.05   231,004.00
4148  2015-11-05  NAS100  4,708.25  4,727.50  4,673.75  4,695.25    -14.25       -0.30   246,167.00
4149  2015-11-06  NAS100  4,700.75  4,708.75  4,658.75  4,703.00      7.75        0.17   276,682.00
4150  2015-11-09  NAS100  4,701.25  4,712.75  4,622.00  4,652.75    -50.25       -1.07   256,938.00
4151  2015-11-10  NAS100  4,650.00  4,662.25  4,612.50  4,643.00     -9.75       -0.21   241,859.00
4152  2015-11-11  NAS100  4,640.25  4,674.75  4,625.25  4,631.75    -11.25       -0.24   221,698.00
4153  2015-11-12  NAS100  4,631.25  4,653.25  4,581.25  4,585.25    -46.50       -1.00   268,158.00
4154  2015-11-13  NAS100  4,583.75  4,590.50  4,485.75  4,502.00    -83.25       -1.82   344,229.00
4155  2015-11-16  NAS100  4,478.25  4,565.50  4,455.00  4,559.75     57.75        1.28   282,188.00
4156  2015-11-17  NAS100  4,560.75  4,597.75  4,552.00  4,569.50      9.75        0.21   269,684.00
4157  2015-11-18  NAS100  4,570.25  4,656.75  4,556.25  4,652.50     83.00        1.82   242,823.00
4158  2015-11-19  NAS100  4,649.75  4,677.00  4,646.75  4,660.00      7.50        0.16   217,266.00
4159  2015-11-20  NAS100  4,656.75  4,691.50  4,652.25  4,689.50     29.50        0.63   177,125.00
4160  2015-11-23  NAS100  4,689.50  4,706.75  4,653.75  4,675.75    -13.75       -0.29   163,322.00
4161  2015-11-24  NAS100  4,673.75  4,684.50  4,620.00  4,666.00     -9.75       -0.21   230,131.00
4162  2015-11-25  NAS100  4,665.00  4,684.50  4,659.50  4,677.25     11.25        0.24   119,712.00
4163  2015-11-26  NAS100  4,679.75  4,703.25  4,664.75  4,682.50      5.25        0.11   105,382.00
4164  2015-11-30  NAS100  4,685.50  4,700.50  4,653.50  4,668.75    -13.75       -0.29   179,766.00
4165  2015-12-01  NAS100  4,678.75  4,716.75  4,676.50  4,716.25     47.50        1.02   228,425.00
4166  2015-12-02  NAS100  4,715.00  4,739.50  4,678.50  4,694.50    -21.75       -0.46   231,812.00
4167  2015-12-03  NAS100  4,698.75  4,730.25  4,579.00  4,611.00    -83.50       -1.78   379,530.00
4168  2015-12-04  NAS100  4,616.00  4,723.25  4,603.00  4,713.25    102.25        2.22   305,073.00
4169  2015-12-07  NAS100  4,721.25  4,730.00  4,670.50  4,701.00    -12.25       -0.26   224,657.00
4170  2015-12-08  NAS100  4,699.75  4,709.00  4,641.25  4,687.25    -13.75       -0.29   299,288.00
4171  2015-12-09  NAS100  4,690.50  4,707.50  4,593.25  4,616.00    -71.25       -1.52   388,709.00
4172  2015-12-10  NAS100  4,624.00  4,674.50  4,618.25  4,644.00     28.00        0.61   302,768.00
4173  2015-12-11  NAS100  4,646.25  4,659.00  4,527.50  4,539.25   -104.75       -2.26   226,524.00
4174  2015-12-14  NAS100  4,534.50  4,579.50  4,477.25  4,566.50     27.25        0.60   156,220.00
4175  2015-12-15  NAS100  4,565.75  4,633.00  4,560.50  4,601.00     34.50        0.76   329,055.00
4176  2015-12-16  NAS100  4,603.50  4,669.75  4,575.00  4,657.75     56.75        1.23   287,576.00
4177  2015-12-17  NAS100  4,650.25  4,683.75  4,564.75  4,569.50    -88.25       -1.89   320,692.00
4178  2015-12-18  NAS100  4,569.50  4,588.25  4,502.25  4,504.50    -65.00       -1.42   340,479.00
4179  2015-12-21  NAS100  4,513.75  4,571.75  4,511.75  4,563.00     58.50        1.30   176,610.00
4180  2015-12-22  NAS100  4,569.00  4,594.50  4,541.25  4,591.00     28.00        0.61   166,650.00
4181  2015-12-23  NAS100  4,590.50  4,620.25  4,583.00  4,606.75     15.75        0.34   147,737.00
4182  2015-12-24  NAS100  4,607.75  4,630.00  4,600.75  4,611.00      4.25        0.09    62,054.00
4183  2015-12-28  NAS100  4,611.00  4,619.50  4,571.50  4,613.75      2.75        0.06   113,567.00
4184  2015-12-29  NAS100  4,617.75  4,697.75  4,610.50  4,690.50     76.75        1.66   158,098.00
4185  2015-12-30  NAS100  4,687.25  4,695.00  4,643.50  4,646.00    -44.50       -0.95   117,427.00
4186  2015-12-31  NAS100  4,648.00  4,655.00  4,579.50  4,587.75    -58.25       -1.25   160,705.00
4187  2016-01-04  NAS100  4,592.50  4,606.75  4,429.75  4,504.50    -83.25       -1.81   368,671.00
4188  2016-01-05  NAS100  4,505.50  4,523.00  4,457.25  4,483.75    -20.75       -0.46   301,175.00
4189  2016-01-06  NAS100  4,482.00  4,487.50  4,386.00  4,446.75    -37.00       -0.83   346,779.00
4190  2016-01-07  NAS100  4,450.25  4,458.50  4,283.00  4,289.25   -157.50       -3.54   501,315.00
4191  2016-01-08  NAS100  4,298.00  4,370.00  4,255.75  4,261.50    -27.75       -0.65   480,513.00
4192  2016-01-11  NAS100  4,264.25  4,304.50  4,208.75  4,273.00     11.50        0.27   435,576.00
4193  2016-01-12  NAS100  4,272.25  4,345.75  4,236.50  4,312.75     39.75        0.93   417,581.00
4194  2016-01-13  NAS100  4,308.75  4,365.00  4,167.25  4,175.75   -137.00       -3.18   521,065.00
4195  2016-01-14  NAS100  4,181.50  4,300.50  4,124.00  4,257.50     81.75        1.96   526,505.00
4196  2016-01-15  NAS100  4,255.00  4,268.75  4,075.75  4,140.75   -116.75       -2.74   567,530.00
4197  2016-01-18  NAS100  4,126.75  4,215.75  4,091.25  4,144.50      3.75        0.09   475,760.00
4198  2016-01-20  NAS100  4,141.00  4,171.50  3,983.50  4,133.00    -11.50       -0.28   628,240.00
4199  2016-01-21  NAS100  4,130.75  4,192.25  4,085.75  4,130.25     -2.75       -0.07   554,096.00
4200  2016-01-22  NAS100  4,126.25  4,253.00  4,119.00  4,247.50    117.25        2.84   328,593.00
4201  2016-01-25  NAS100  4,247.50  4,260.00  4,179.25  4,186.75    -60.75       -1.43   287,599.00
4202  2016-01-26  NAS100  4,190.00  4,243.75  4,133.00  4,226.75     40.00        0.96   327,223.00
4203  2016-01-27  NAS100  4,195.25  4,218.75  4,102.00  4,127.00    -99.75       -2.36   408,523.00
4204  2016-01-28  NAS100  4,150.25  4,199.00  4,106.75  4,153.75     26.75        0.65   414,082.00
4205  2016-01-29  NAS100  4,135.00  4,271.25  4,129.00  4,263.00    109.25        2.63   328,862.00
4206  2016-02-01  NAS100  4,263.25  4,309.25  4,228.50  4,291.50     28.50        0.67   263,363.00
4207  2016-02-02  NAS100  4,286.50  4,287.00  4,170.75  4,192.00    -99.50       -2.32   314,726.00
4208  2016-02-03  NAS100  4,186.00  4,215.00  4,090.50  4,171.50    -20.50       -0.49   484,500.00
4209  2016-02-04  NAS100  4,169.75  4,206.50  4,113.50  4,155.75    -15.75       -0.38   383,175.00
4210  2016-02-05  NAS100  4,146.50  4,173.50  4,001.00  4,022.00   -133.75       -3.22   443,077.00
4211  2016-02-08  NAS100  4,027.25  4,046.00  3,883.00  3,964.25    -57.75       -1.44   542,371.00
4212  2016-02-09  NAS100  3,958.50  4,004.00  3,897.50  3,944.25    -20.00       -0.50   499,993.00
4213  2016-02-10  NAS100  3,954.50  4,041.00  3,922.25  3,967.25     23.00        0.58   426,911.00
4214  2016-02-11  NAS100  3,963.00  3,985.50  3,862.50  3,961.25     -6.00       -0.15   504,866.00
4215  2016-02-12  NAS100  3,963.25  4,017.50  3,953.00  4,006.25     45.00        1.14   307,347.00
4216  2016-02-15  NAS100  4,021.50  4,104.75  4,021.50  4,092.75     86.50        2.16   320,588.00
4217  2016-02-17  NAS100  4,089.75  4,211.50  4,068.25  4,196.75    104.00        2.54   291,649.00
4218  2016-02-18  NAS100  4,208.25  4,227.50  4,144.00  4,155.00    -41.75       -0.99   254,579.00
4219  2016-02-19  NAS100  4,156.25  4,175.00  4,120.25  4,161.00      6.00        0.14   229,019.00
4220  2016-02-22  NAS100  4,155.25  4,234.00  4,146.50  4,214.75     53.75        1.29   189,979.00
4221  2016-02-23  NAS100  4,207.25  4,216.50  4,154.50  4,159.25    -55.50       -1.32   227,805.00
4222  2016-02-24  NAS100  4,156.50  4,218.50  4,084.75  4,208.50     49.25        1.18   336,253.00
4223  2016-02-25  NAS100  4,214.50  4,247.75  4,170.25  4,244.25     35.75        0.85   265,546.00
4224  2016-02-26  NAS100  4,243.00  4,293.25  4,225.00  4,230.00    -14.25       -0.34   272,803.00
4225  2016-02-29  NAS100  4,225.25  4,263.25  4,184.50  4,201.25    -28.75       -0.68   250,315.00
4226  2016-03-01  NAS100  4,199.25  4,338.75  4,180.25  4,337.75    136.50        3.25   295,763.00
4227  2016-03-02  NAS100  4,334.50  4,357.75  4,299.25  4,329.25     -8.50       -0.20   265,748.00
4228  2016-03-03  NAS100  4,326.75  4,344.50  4,293.50  4,320.25     -9.00       -0.21   202,256.00
4229  2016-03-04  NAS100  4,323.00  4,355.00  4,298.00  4,322.50      2.25        0.05   289,076.00
4230  2016-03-07  NAS100  4,321.00  4,330.00  4,268.75  4,300.00    -22.50       -0.52   246,815.00
4231  2016-03-08  NAS100  4,301.00  4,308.75  4,251.50  4,270.50    -29.50       -0.69   293,547.00
4232  2016-03-09  NAS100  4,271.00  4,299.00  4,256.75  4,294.50     24.00        0.56   238,221.00
4233  2016-03-10  NAS100  4,295.25  4,347.50  4,229.75  4,285.00     -9.50       -0.22   392,234.00
4234  2016-03-11  NAS100  4,287.25  4,361.25  4,282.50  4,352.75     67.75        1.58   156,647.00
4235  2016-03-14  NAS100  4,352.75  4,378.25  4,340.50  4,366.00     13.25        0.30   106,669.00
4236  2016-03-15  NAS100  4,355.75  4,364.75  4,329.50  4,356.25     -9.75       -0.22   226,022.00
4237  2016-03-16  NAS100  4,359.25  4,407.75  4,340.50  4,388.25     32.00        0.73   283,358.00
4238  2016-03-17  NAS100  4,387.75  4,412.75  4,359.75  4,393.00      4.75        0.11   269,816.00
4239  2016-03-18  NAS100  4,395.50  4,410.75  4,375.75  4,394.75      1.75        0.04   240,454.00
4240  2016-03-21  NAS100  4,394.75  4,421.25  4,376.75  4,416.25     21.50        0.49   169,724.00
4241  2016-03-22  NAS100  4,416.00  4,440.50  4,383.75  4,434.50     18.25        0.41   190,219.00
4242  2016-03-23  NAS100  4,434.75  4,441.25  4,383.25  4,395.50    -39.00       -0.88   212,040.00
4243  2016-03-24  NAS100  4,395.00  4,401.00  4,365.00  4,397.25      1.75        0.04   196,013.00
4244  2016-03-28  NAS100  4,401.50  4,425.75  4,381.50  4,389.50     -7.75       -0.18   133,720.00
4245  2016-03-29  NAS100  4,389.75  4,463.50  4,374.00  4,458.25     68.75        1.57   229,527.00
4246  2016-03-30  NAS100  4,460.75  4,510.25  4,456.50  4,482.00     23.75        0.53   222,490.00
4247  2016-03-31  NAS100  4,480.25  4,495.50  4,462.25  4,476.25     -5.75       -0.13   190,526.00
4248  2016-04-01  NAS100  4,477.75  4,529.50  4,441.50  4,528.50     52.25        1.17   245,916.00
4249  2016-04-04  NAS100  4,526.75  4,543.75  4,495.25  4,500.25    -28.25       -0.62   189,635.00
4250  2016-04-05  NAS100  4,499.75  4,501.50  4,456.50  4,469.50    -30.75       -0.68   218,944.00
4251  2016-04-06  NAS100  4,476.00  4,537.75  4,467.25  4,535.00     65.50        1.47   241,958.00
4252  2016-04-07  NAS100  4,533.50  4,539.50  4,450.75  4,470.25    -64.75       -1.43   260,817.00
4253  2016-04-08  NAS100  4,467.50  4,509.75  4,451.50  4,467.25     -3.00       -0.07   232,565.00
4254  2016-04-11  NAS100  4,470.00  4,509.75  4,446.00  4,451.50    -15.75       -0.35   243,297.00
4255  2016-04-12  NAS100  4,447.00  4,497.50  4,426.50  4,490.00     38.50        0.86   252,487.00
4256  2016-04-13  NAS100  4,489.00  4,553.75  4,486.75  4,547.75     57.75        1.29   228,380.00
4257  2016-04-14  NAS100  4,546.50  4,563.25  4,530.50  4,546.25     -1.50       -0.03   163,850.00
4258  2016-04-15  NAS100  4,548.75  4,554.50  4,523.00  4,538.50     -7.75       -0.17   171,811.00
4259  2016-04-18  NAS100  4,518.75  4,561.25  4,501.00  4,546.50      8.00        0.18   179,869.00
4260  2016-04-19  NAS100  4,545.50  4,584.50  4,506.75  4,526.75    -19.75       -0.43   256,892.00
4261  2016-04-20  NAS100  4,528.25  4,556.00  4,509.00  4,535.75      9.00        0.20   193,071.00
4262  2016-04-21  NAS100  4,533.25  4,551.75  4,488.00  4,497.75    -38.00       -0.84   239,652.00
4263  2016-04-22  NAS100  4,488.25  4,501.75  4,431.00  4,465.75    -32.00       -0.71   285,544.00
4264  2016-04-25  NAS100  4,477.00  4,479.75  4,436.00  4,472.25      6.50        0.15   172,474.00
4265  2016-04-26  NAS100  4,472.25  4,489.75  4,407.00  4,452.50    -19.75       -0.44   212,776.00
4266  2016-04-27  NAS100  4,405.00  4,433.75  4,372.25  4,423.75    -28.75       -0.65   306,378.00
4267  2016-04-28  NAS100  4,432.00  4,442.25  4,346.25  4,382.00    -41.75       -0.94   306,766.00
4268  2016-04-29  NAS100  4,383.50  4,391.25  4,296.75  4,331.50    -50.50       -1.15   402,426.00
4269  2016-05-02  NAS100  4,337.00  4,378.50  4,318.00  4,369.00     37.50        0.87   221,470.00
4270  2016-05-03  NAS100  4,372.00  4,374.50  4,319.50  4,334.50    -34.50       -0.79   270,601.00
4271  2016-05-04  NAS100  4,335.50  4,342.00  4,292.25  4,309.75    -24.75       -0.57   235,256.00
4272  2016-05-05  NAS100  4,308.25  4,342.50  4,292.50  4,300.25     -9.50       -0.22   221,674.00
4273  2016-05-06  NAS100  4,299.25  4,333.75  4,271.00  4,328.25     28.00        0.65   262,686.00
4274  2016-05-09  NAS100  4,329.75  4,356.50  4,318.00  4,335.75      7.50        0.17   206,931.00
4275  2016-05-10  NAS100  4,334.75  4,398.75  4,323.75  4,392.00     56.25        1.30   204,247.00
4276  2016-05-11  NAS100  4,394.25  4,403.00  4,350.75  4,351.50    -40.50       -0.92   208,025.00
4277  2016-05-12  NAS100  4,352.50  4,381.75  4,305.75  4,334.75    -16.75       -0.38   262,049.00
4278  2016-05-13  NAS100  4,337.25  4,360.50  4,303.75  4,324.00    -10.75       -0.25   249,877.00
4279  2016-05-16  NAS100  4,316.00  4,392.00  4,305.50  4,375.25     51.25        1.19   197,887.00
4280  2016-05-17  NAS100  4,372.75  4,393.75  4,308.00  4,319.50    -55.75       -1.27   256,918.00
4281  2016-05-18  NAS100  4,321.00  4,359.00  4,301.00  4,332.25     12.75        0.30   305,289.00
4282  2016-05-19  NAS100  4,337.75  4,340.75  4,280.75  4,317.25    -15.00       -0.35   272,694.00
4283  2016-05-20  NAS100  4,317.00  4,379.00  4,314.50  4,362.25     45.00        1.04   244,244.00
4284  2016-05-23  NAS100  4,367.75  4,381.50  4,348.25  4,352.50     -9.75       -0.22   167,178.00
4285  2016-05-24  NAS100  4,351.50  4,448.75  4,341.75  4,445.25     92.75        2.13   239,635.00
4286  2016-05-25  NAS100  4,445.50  4,489.50  4,443.00  4,474.75     29.50        0.66   253,726.00
4287  2016-05-26  NAS100  4,473.50  4,495.50  4,463.50  4,492.25     17.50        0.39   163,693.00
4288  2016-05-27  NAS100  4,494.00  4,513.50  4,490.25  4,510.00     17.75        0.40   153,739.00
4289  2016-05-30  NAS100  4,518.25  4,528.25  4,497.50  4,524.25     14.25        0.32   209,605.00
4290  2016-06-01  NAS100  4,522.00  4,537.50  4,502.75  4,521.50     -2.75       -0.06   194,470.00
4291  2016-06-02  NAS100  4,520.50  4,533.00  4,486.25  4,532.25     10.75        0.24   179,288.00
4292  2016-06-03  NAS100  4,530.25  4,538.75  4,478.75  4,509.00    -23.25       -0.51   225,458.00
4293  2016-06-06  NAS100  4,511.00  4,536.50  4,504.00  4,525.50     16.50        0.37   164,530.00
4294  2016-06-07  NAS100  4,524.50  4,545.50  4,511.25  4,514.25    -11.25       -0.25   155,623.00
4295  2016-06-08  NAS100  4,512.50  4,530.25  4,504.00  4,519.00      4.75        0.11   172,285.00
4296  2016-06-09  NAS100  4,518.25  4,522.50  4,493.50  4,512.00     -7.00       -0.15   236,706.00
4297  2016-06-10  NAS100  4,513.00  4,514.25  4,446.25  4,465.75    -46.25       -1.03   141,333.00
4298  2016-06-13  NAS100  4,458.75  4,461.75  4,419.25  4,426.25    -39.50       -0.88   115,256.00
4299  2016-06-14  NAS100  4,412.25  4,432.75  4,384.00  4,418.00     -8.25       -0.19   323,188.00
4300  2016-06-15  NAS100  4,417.50  4,435.75  4,396.50  4,405.50    -12.50       -0.28   245,562.00
4301  2016-06-16  NAS100  4,403.00  4,421.00  4,352.50  4,416.75     11.25        0.26   316,194.00
4302  2016-06-17  NAS100  4,415.25  4,432.50  4,353.50  4,359.50    -57.25       -1.30   250,757.00
4303  2016-06-20  NAS100  4,383.00  4,436.75  4,383.00  4,390.00     30.50        0.70   195,423.00
4304  2016-06-21  NAS100  4,398.50  4,415.75  4,388.25  4,400.25     10.25        0.23   194,521.00
4305  2016-06-22  NAS100  4,397.25  4,434.00  4,391.00  4,394.50     -5.75       -0.13   190,665.00
4306  2016-06-23  NAS100  4,409.75  4,479.25  4,408.00  4,462.50     68.00        1.55   194,791.00
4307  2016-06-24  NAS100  4,482.75  4,494.00  4,234.50  4,262.25   -200.25       -4.49   497,350.00
4308  2016-06-27  NAS100  4,250.00  4,267.75  4,167.75  4,178.00    -84.25       -1.98   413,249.00
4309  2016-06-28  NAS100  4,176.25  4,284.50  4,176.00  4,281.00    103.00        2.47   258,268.00
4310  2016-06-29  NAS100  4,281.25  4,380.00  4,268.25  4,362.75     81.75        1.91   260,013.00
4311  2016-06-30  NAS100  4,375.00  4,410.50  4,338.50  4,407.00     44.25        1.01   242,965.00
4312  2016-07-01  NAS100  4,397.00  4,446.25  4,386.25  4,433.25     26.25        0.60   176,656.00
4313  2016-07-04  NAS100  4,438.75  4,451.50  4,377.50  4,404.00    -29.25       -0.66   200,656.00
4314  2016-07-06  NAS100  4,406.00  4,440.50  4,365.75  4,439.50     35.50        0.81   253,791.00
4315  2016-07-07  NAS100  4,434.75  4,461.25  4,427.50  4,452.25     12.75        0.29   184,871.00
4316  2016-07-08  NAS100  4,451.75  4,523.25  4,439.75  4,517.25     65.00        1.46   234,625.00
4317  2016-07-11  NAS100  4,519.50  4,563.50  4,515.75  4,549.50     32.25        0.71   182,422.00
4318  2016-07-12  NAS100  4,552.75  4,582.00  4,546.75  4,569.75     20.25        0.45   190,097.00
4319  2016-07-13  NAS100  4,571.75  4,584.50  4,558.50  4,561.25     -8.50       -0.19   190,027.00
4320  2016-07-14  NAS100  4,561.00  4,608.25  4,553.50  4,590.00     28.75        0.63   191,874.00
4321  2016-07-15  NAS100  4,585.00  4,603.50  4,550.25  4,579.25    -10.75       -0.23   171,716.00
4322  2016-07-18  NAS100  4,580.00  4,621.75  4,577.00  4,608.25     29.00        0.63   183,261.00
4323  2016-07-19  NAS100  4,609.50  4,611.25  4,588.25  4,606.50     -1.75       -0.04   165,175.00
4324  2016-07-20  NAS100  4,609.00  4,659.00  4,597.75  4,650.50     44.00        0.96   182,311.00
4325  2016-07-21  NAS100  4,654.00  4,662.25  4,626.75  4,638.25    -12.25       -0.26   181,960.00
4326  2016-07-22  NAS100  4,638.50  4,664.50  4,628.50  4,657.25     19.00        0.41   152,974.00
4327  2016-07-25  NAS100  4,659.25  4,669.50  4,643.50  4,653.75     -3.50       -0.08   146,154.00
4328  2016-07-26  NAS100  4,658.50  4,688.25  4,641.00  4,663.75     10.00        0.21   209,762.00
4329  2016-07-27  NAS100  4,691.25  4,714.00  4,676.75  4,707.75     44.00        0.94   230,410.00
4330  2016-07-28  NAS100  4,710.25  4,732.00  4,689.50  4,719.75     12.00        0.25   220,001.00
4331  2016-07-29  NAS100  4,731.75  4,736.50  4,709.00  4,726.75      7.00        0.15   207,360.00
4332  2016-08-01  NAS100  4,737.50  4,760.25  4,721.00  4,744.50     17.75        0.38   199,516.00
4333  2016-08-02  NAS100  4,749.25  4,759.50  4,681.75  4,714.25    -30.25       -0.64   261,263.00
4334  2016-08-03  NAS100  4,713.25  4,729.25  4,698.00  4,728.25     14.00        0.30   170,596.00
4335  2016-08-04  NAS100  4,726.50  4,747.00  4,715.00  4,743.75     15.50        0.33   167,881.00
4336  2016-08-05  NAS100  4,745.00  4,797.75  4,742.50  4,783.00     39.25        0.83   180,947.00
4337  2016-08-08  NAS100  4,784.75  4,800.75  4,766.25  4,779.25     -3.75       -0.08   132,186.00
4338  2016-08-09  NAS100  4,780.50  4,807.75  4,777.50  4,791.75     12.50        0.26   134,336.00
4339  2016-08-10  NAS100  4,793.50  4,800.25  4,767.25  4,781.50    -10.25       -0.21   141,495.00
4340  2016-08-11  NAS100  4,782.25  4,811.00  4,775.75  4,800.00     18.50        0.39   147,601.00
4341  2016-08-12  NAS100  4,800.00  4,806.75  4,787.00  4,804.25      4.25        0.09   131,960.00
4342  2016-08-15  NAS100  4,806.75  4,835.25  4,805.00  4,822.75     18.50        0.39   130,170.00
4343  2016-08-16  NAS100  4,822.75  4,824.50  4,796.50  4,798.50    -24.25       -0.50   156,061.00
4344  2016-08-17  NAS100  4,800.75  4,809.75  4,772.00  4,804.00      5.50        0.11   197,778.00
4345  2016-08-18  NAS100  4,808.25  4,814.00  4,792.75  4,808.50      4.50        0.09   149,002.00
4346  2016-08-19  NAS100  4,808.00  4,816.75  4,785.00  4,807.00     -1.50       -0.03   194,623.00
4347  2016-08-22  NAS100  4,809.25  4,818.00  4,789.50  4,811.75      4.75        0.10   196,397.00
4348  2016-08-23  NAS100  4,809.25  4,836.75  4,807.75  4,817.00      5.25        0.11   160,448.00
4349  2016-08-24  NAS100  4,818.50  4,823.50  4,770.75  4,786.25    -30.75       -0.64   190,472.00
4350  2016-08-25  NAS100  4,786.50  4,794.00  4,768.25  4,782.25     -4.00       -0.08   194,394.00
4351  2016-08-26  NAS100  4,783.50  4,817.50  4,757.25  4,785.75      3.50        0.07   281,261.00
4352  2016-08-29  NAS100  4,786.00  4,805.75  4,774.00  4,793.25      7.50        0.16   146,925.00
4353  2016-08-30  NAS100  4,795.00  4,798.50  4,759.75  4,776.00    -17.25       -0.36   186,259.00
4354  2016-08-31  NAS100  4,778.25  4,779.25  4,751.50  4,773.75     -2.25       -0.05   198,477.00
4355  2016-09-01  NAS100  4,774.00  4,795.25  4,749.50  4,777.50      3.75        0.08   248,348.00
4356  2016-09-02  NAS100  4,777.50  4,817.75  4,774.25  4,795.25     17.75        0.37   227,919.00
4357  2016-09-05  NAS100  4,801.25  4,831.50  4,782.25  4,827.50     32.25        0.67   208,188.00
4358  2016-09-07  NAS100  4,830.25  4,839.50  4,812.50  4,828.75      1.25        0.03   193,455.00
4359  2016-09-08  NAS100  4,827.75  4,837.00  4,789.50  4,796.00    -32.75       -0.68   251,333.00
4360  2016-09-09  NAS100  4,796.00  4,798.00  4,665.00  4,671.00   -125.00       -2.61   265,154.00
4361  2016-09-12  NAS100  4,671.00  4,772.00  4,629.00  4,766.75     95.75        2.05   178,342.00
4362  2016-09-13  NAS100  4,758.25  4,761.25  4,695.75  4,724.00    -42.75       -0.90   460,083.00
4363  2016-09-14  NAS100  4,728.50  4,767.75  4,720.25  4,728.50      4.50        0.10   358,383.00
4364  2016-09-15  NAS100  4,729.00  4,823.50  4,716.25  4,813.75     85.25        1.80   343,596.00
4365  2016-09-16  NAS100  4,809.50  4,819.50  4,788.75  4,814.25      0.50        0.01   285,889.00
4366  2016-09-19  NAS100  4,814.75  4,841.75  4,782.50  4,794.25    -20.00       -0.42   235,031.00
4367  2016-09-20  NAS100  4,796.75  4,820.50  4,790.00  4,798.50      4.25        0.09   195,027.00
4368  2016-09-21  NAS100  4,800.00  4,854.50  4,788.50  4,850.00     51.50        1.07   291,231.00
4369  2016-09-22  NAS100  4,849.00  4,892.25  4,842.75  4,886.25     36.25        0.75   196,512.00
4370  2016-09-23  NAS100  4,887.25  4,889.75  4,848.25  4,856.50    -29.75       -0.61   197,323.00
4371  2016-09-26  NAS100  4,852.00  4,859.50  4,807.50  4,815.00    -41.50       -0.85   209,587.00
4372  2016-09-27  NAS100  4,813.75  4,864.50  4,800.75  4,860.75     45.75        0.95   227,156.00
4373  2016-09-28  NAS100  4,857.50  4,873.25  4,844.75  4,868.25      7.50        0.15   208,679.00
4374  2016-09-29  NAS100  4,866.75  4,876.50  4,812.50  4,844.25    -24.00       -0.49   306,337.00
4375  2016-09-30  NAS100  4,839.25  4,885.50  4,811.75  4,870.25     26.00        0.54   248,154.00
4376  2016-10-03  NAS100  4,867.25  4,879.50  4,842.75  4,865.75     -4.50       -0.09   177,125.00
4377  2016-10-04  NAS100  4,866.75  4,888.00  4,836.25  4,857.50     -8.25       -0.17   276,978.00
4378  2016-10-05  NAS100  4,856.50  4,888.50  4,849.25  4,873.50     16.00        0.33   182,962.00
4379  2016-10-06  NAS100  4,874.00  4,881.00  4,845.50  4,872.00     -1.50       -0.03   187,196.00
4380  2016-10-07  NAS100  4,870.25  4,883.75  4,834.75  4,859.00    -13.00       -0.27   281,205.00
4381  2016-10-10  NAS100  4,868.00  4,901.50  4,862.25  4,893.25     34.25        0.70   159,238.00
4382  2016-10-11  NAS100  4,892.00  4,897.25  4,798.00  4,827.00    -66.25       -1.35   316,603.00
4383  2016-10-12  NAS100  4,822.25  4,842.00  4,800.25  4,813.50    -13.50       -0.28   234,222.00
4384  2016-10-13  NAS100  4,804.75  4,813.00  4,754.50  4,796.00    -17.50       -0.36   297,938.00
4385  2016-10-14  NAS100  4,796.00  4,841.00  4,786.25  4,804.25      8.25        0.17   237,878.00
4386  2016-10-17  NAS100  4,803.50  4,810.50  4,781.00  4,803.25     -1.00       -0.02   179,668.00
4387  2016-10-18  NAS100  4,802.25  4,856.75  4,799.75  4,827.00     23.75        0.49   205,551.00
4388  2016-10-19  NAS100  4,823.75  4,840.25  4,811.00  4,830.25      3.25        0.07   148,339.00
4389  2016-10-20  NAS100  4,828.25  4,847.25  4,798.75  4,843.75     13.50        0.28   248,117.00
4390  2016-10-21  NAS100  4,844.25  4,849.00  4,814.75  4,843.25     -0.50       -0.01   188,661.00
4391  2016-10-24  NAS100  4,847.25  4,908.75  4,842.75  4,902.75     59.50        1.23   182,257.00
4392  2016-10-25  NAS100  4,906.25  4,919.50  4,873.50  4,886.00    -16.75       -0.34   184,984.00
4393  2016-10-26  NAS100  4,874.00  4,881.75  4,839.50  4,853.75    -32.25       -0.66   234,117.00
4394  2016-10-27  NAS100  4,852.00  4,880.25  4,804.25  4,807.00    -46.75       -0.96   261,342.00
4395  2016-10-28  NAS100  4,818.25  4,843.25  4,786.50  4,806.00     -1.00       -0.02   325,145.00
4396  2016-10-31  NAS100  4,795.25  4,830.00  4,788.25  4,796.75     -9.25       -0.19   199,169.00
4397  2016-11-01  NAS100  4,802.75  4,817.00  4,718.75  4,757.25    -39.50       -0.82   307,806.00
4398  2016-11-02  NAS100  4,754.50  4,768.50  4,708.25  4,716.75    -40.50       -0.85   300,313.00
4399  2016-11-03  NAS100  4,700.00  4,729.50  4,668.25  4,674.50    -42.25       -0.90   280,599.00
4400  2016-11-04  NAS100  4,671.25  4,695.50  4,651.25  4,657.75    -16.75       -0.36   264,048.00
4401  2016-11-07  NAS100  4,709.75  4,781.75  4,709.75  4,775.75    118.00        2.53   223,773.00
4402  2016-11-08  NAS100  4,777.50  4,822.50  4,752.75  4,802.25     26.50        0.55   219,987.00
4403  2016-11-09  NAS100  4,807.25  4,837.50  4,558.50  4,820.50     18.25        0.38   719,499.00
4404  2016-11-10  NAS100  4,817.50  4,879.75  4,679.25  4,743.75    -76.75       -1.59   555,100.00
4405  2016-11-11  NAS100  4,741.75  4,758.00  4,681.75  4,748.00      4.25        0.09   324,940.00
4406  2016-11-14  NAS100  4,753.00  4,784.50  4,672.75  4,694.50    -53.50       -1.13   285,041.00
4407  2016-11-15  NAS100  4,692.75  4,779.25  4,688.00  4,766.00     71.50        1.52   238,486.00
4408  2016-11-16  NAS100  4,765.00  4,794.75  4,736.25  4,783.25     17.25        0.36   195,711.00
4409  2016-11-17  NAS100  4,781.50  4,831.50  4,778.00  4,828.50     45.25        0.95   190,166.00
4410  2016-11-18  NAS100  4,828.75  4,840.50  4,803.00  4,808.50    -20.00       -0.41   168,797.00
4411  2016-11-21  NAS100  4,813.50  4,862.00  4,803.25  4,854.00     45.50        0.95   167,542.00
4412  2016-11-22  NAS100  4,858.00  4,884.75  4,857.00  4,874.75     20.75        0.43   157,465.00
4413  2016-11-23  NAS100  4,877.25  4,882.50  4,830.25  4,849.50    -25.25       -0.52   159,650.00
4414  2016-11-24  NAS100  4,850.50  4,870.00  4,839.50  4,868.50     19.00        0.39    75,485.00
4415  2016-11-28  NAS100  4,864.25  4,879.75  4,842.75  4,861.00     -7.50       -0.15   143,185.00
4416  2016-11-29  NAS100  4,861.00  4,897.75  4,847.50  4,875.00     14.00        0.29   175,916.00
4417  2016-11-30  NAS100  4,872.50  4,885.50  4,812.50  4,816.00    -59.00       -1.21   231,494.00
4418  2016-12-01  NAS100  4,819.00  4,827.50  4,722.75  4,736.50    -79.50       -1.65   291,375.00
4419  2016-12-02  NAS100  4,735.50  4,759.00  4,707.25  4,738.50      2.00        0.04   235,325.00
4420  2016-12-05  NAS100  4,719.00  4,795.75  4,701.50  4,780.50     42.00        0.89   207,428.00
4421  2016-12-06  NAS100  4,780.75  4,796.50  4,767.75  4,786.75      6.25        0.13   185,123.00
4422  2016-12-07  NAS100  4,788.75  4,854.75  4,763.50  4,841.75     55.00        1.15   232,690.00
4423  2016-12-08  NAS100  4,844.50  4,869.50  4,836.00  4,863.00     21.25        0.44   225,777.00
4424  2016-12-09  NAS100  4,861.25  4,897.50  4,852.50  4,893.75     30.75        0.63   133,170.00
4425  2016-12-12  NAS100  4,899.00  4,917.00  4,852.50  4,867.75    -26.00       -0.53   124,198.00
4426  2016-12-13  NAS100  4,865.50  4,961.50  4,859.50  4,937.50     69.75        1.43   296,399.00
4427  2016-12-14  NAS100  4,937.50  4,957.50  4,910.50  4,932.50     -5.00       -0.10   290,773.00
4428  2016-12-15  NAS100  4,930.75  4,961.75  4,918.25  4,934.75      2.25        0.05   249,163.00
4429  2016-12-16  NAS100  4,940.00  4,951.75  4,904.25  4,915.75    -19.00       -0.39   185,358.00
4430  2016-12-19  NAS100  4,915.75  4,966.25  4,912.50  4,938.75     23.00        0.47   146,138.00
4431  2016-12-20  NAS100  4,939.50  4,963.25  4,938.50  4,956.00     17.25        0.35   109,979.00
4432  2016-12-21  NAS100  4,956.00  4,960.00  4,939.25  4,949.50     -6.50       -0.13    90,653.00
4433  2016-12-22  NAS100  4,948.00  4,953.00  4,917.00  4,936.50    -13.00       -0.26   110,522.00
4434  2016-12-23  NAS100  4,933.75  4,943.75  4,922.75  4,942.25      5.75        0.12    69,061.00
4435  2016-12-26  NAS100  4,942.00  4,994.50  4,940.00  4,961.25     19.00        0.38   100,365.00
4436  2016-12-28  NAS100  4,961.25  4,979.25  4,920.25  4,923.75    -37.50       -0.76   136,664.00
4437  2016-12-29  NAS100  4,923.75  4,933.50  4,901.25  4,918.50     -5.25       -0.11   121,556.00
4438  2016-12-30  NAS100  4,920.50  4,940.00  4,850.00  4,864.00    -54.50       -1.11   197,659.00
4439  2017-01-02  NAS100  4,876.75  4,927.50  4,876.75  4,906.25     42.25        0.87   215,983.00
4440  2017-01-04  NAS100  4,906.50  4,942.50  4,903.00  4,933.50     27.25        0.56   171,952.00
4441  2017-01-05  NAS100  4,934.75  4,964.25  4,920.50  4,962.00     28.50        0.58   169,565.00
4442  2017-01-06  NAS100  4,962.50  5,017.50  4,952.50  5,004.00     42.00        0.85   183,315.00
4443  2017-01-09  NAS100  5,004.50  5,029.50  5,002.50  5,022.00     18.00        0.36   148,112.00
4444  2017-01-10  NAS100  5,022.00  5,047.00  5,007.25  5,031.25      9.25        0.18   153,774.00
4445  2017-01-11  NAS100  5,032.75  5,048.25  5,007.50  5,046.50     15.25        0.30   218,752.00
4446  2017-01-12  NAS100  5,044.50  5,044.75  4,990.25  5,034.75    -11.75       -0.23   212,324.00
4447  2017-01-13  NAS100  5,035.25  5,063.25  5,035.25  5,061.25     26.50        0.53   136,613.00
4448  2017-01-16  NAS100  5,056.25  5,059.00  5,025.00  5,040.25    -21.00       -0.41   198,098.00
4449  2017-01-18  NAS100  5,040.50  5,057.25  5,034.00  5,054.50     14.25        0.28   159,690.00
4450  2017-01-19  NAS100  5,053.25  5,074.75  5,036.50  5,053.50     -1.00       -0.02   185,603.00
4451  2017-01-20  NAS100  5,055.50  5,083.00  5,044.75  5,058.25      4.75        0.09   216,184.00
4452  2017-01-23  NAS100  5,059.00  5,069.75  5,030.25  5,063.50      5.25        0.10   181,150.00
4453  2017-01-24  NAS100  5,063.75  5,104.00  5,060.00  5,096.25     32.75        0.65   141,578.00
4454  2017-01-25  NAS100  5,100.00  5,150.00  5,099.75  5,146.50     50.25        0.99   153,214.00
4455  2017-01-26  NAS100  5,148.25  5,168.50  5,141.75  5,147.75      1.25        0.02   173,375.00
4456  2017-01-27  NAS100  5,144.25  5,167.50  5,139.25  5,162.50     14.75        0.29   138,335.00
4457  2017-01-30  NAS100  5,146.25  5,154.50  5,094.50  5,124.50    -38.00       -0.74   249,340.00
4458  2017-01-31  NAS100  5,123.50  5,135.00  5,083.25  5,112.75    -11.75       -0.23   214,696.00
4459  2017-02-01  NAS100  5,132.00  5,158.25  5,123.00  5,148.50     35.75        0.70   237,364.00
4460  2017-02-02  NAS100  5,147.75  5,157.50  5,119.50  5,131.00    -17.50       -0.34   209,875.00
4461  2017-02-03  NAS100  5,129.50  5,162.25  5,119.75  5,155.00     24.00        0.47   181,444.00
4462  2017-02-06  NAS100  5,157.25  5,163.50  5,140.25  5,157.75      2.75        0.05   145,402.00
4463  2017-02-07  NAS100  5,157.00  5,192.00  5,154.25  5,176.75     19.00        0.37   164,423.00
4464  2017-02-08  NAS100  5,175.00  5,197.00  5,163.50  5,191.25     14.50        0.28   166,260.00
4465  2017-02-09  NAS100  5,189.75  5,219.25  5,186.25  5,212.25     21.00        0.40   157,897.00
4466  2017-02-10  NAS100  5,211.25  5,232.50  5,209.75  5,226.75     14.50        0.28   147,032.00
4467  2017-02-13  NAS100  5,229.25  5,261.50  5,226.75  5,259.25     32.50        0.62   144,520.00
4468  2017-02-14  NAS100  5,259.25  5,278.00  5,239.75  5,276.00     16.75        0.32   166,904.00
4469  2017-02-15  NAS100  5,274.50  5,313.50  5,265.25  5,310.00     34.00        0.64   168,262.00
4470  2017-02-16  NAS100  5,313.00  5,317.00  5,288.50  5,300.50     -9.50       -0.18   209,931.00
4471  2017-02-17  NAS100  5,300.25  5,328.75  5,286.75  5,325.75     25.25        0.48   170,805.00
4472  2017-02-20  NAS100  5,323.50  5,353.75  5,320.50  5,343.75     18.00        0.34   192,758.00
4473  2017-02-22  NAS100  5,345.50  5,355.50  5,336.25  5,351.00      7.25        0.14   156,582.00
4474  2017-02-23  NAS100  5,352.50  5,361.25  5,310.75  5,332.00    -19.00       -0.36   240,394.00
4475  2017-02-24  NAS100  5,329.25  5,344.50  5,299.00  5,343.25     11.25        0.21   211,944.00
4476  2017-02-27  NAS100  5,340.00  5,352.50  5,323.25  5,347.50      4.25        0.08   153,779.00
4477  2017-02-28  NAS100  5,345.00  5,350.00  5,317.00  5,332.25    -15.25       -0.29   168,037.00
4478  2017-03-01  NAS100  5,334.50  5,400.00  5,332.00  5,386.00     53.75        1.01   241,769.00
4479  2017-03-02  NAS100  5,382.75  5,393.75  5,356.25  5,364.75    -21.25       -0.39   206,020.00
4480  2017-03-03  NAS100  5,358.75  5,373.50  5,344.25  5,372.00      7.25        0.14   176,727.00
4481  2017-03-06  NAS100  5,369.00  5,374.50  5,339.00  5,361.00    -11.00       -0.20   166,727.00
4482  2017-03-07  NAS100  5,354.75  5,374.25  5,341.50  5,349.75    -11.25       -0.21   180,791.00
4483  2017-03-08  NAS100  5,350.00  5,377.25  5,333.75  5,363.00     13.25        0.25   221,615.00
4484  2017-03-09  NAS100  5,362.25  5,372.00  5,335.50  5,366.75      3.75        0.07   249,227.00
4485  2017-03-10  NAS100  5,370.00  5,395.25  5,363.00  5,382.00     15.25        0.28   159,754.00
4486  2017-03-13  NAS100  5,381.00  5,396.50  5,371.75  5,395.50     13.50        0.25    85,360.00
4487  2017-03-14  NAS100  5,399.25  5,400.50  5,363.50  5,385.50    -10.00       -0.19   235,023.00
4488  2017-03-15  NAS100  5,386.50  5,431.50  5,380.00  5,419.25     33.75        0.63   248,409.00
4489  2017-03-16  NAS100  5,417.00  5,440.00  5,402.25  5,415.00     -4.25       -0.08   187,337.00
4490  2017-03-17  NAS100  5,415.75  5,425.25  5,406.50  5,408.50     -6.50       -0.12   143,955.00
4491  2017-03-20  NAS100  5,407.25  5,428.00  5,396.00  5,418.50     10.00        0.18   144,687.00
4492  2017-03-21  NAS100  5,415.75  5,441.00  5,330.00  5,338.25    -80.25       -1.48   414,738.00
4493  2017-03-22  NAS100  5,334.25  5,376.25  5,315.00  5,365.75     27.50        0.52   335,865.00
4494  2017-03-23  NAS100  5,365.50  5,378.50  5,347.25  5,354.50    -11.25       -0.21   269,772.00
4495  2017-03-24  NAS100  5,357.00  5,395.00  5,347.50  5,378.75     24.25        0.45   294,980.00
4496  2017-03-27  NAS100  5,360.00  5,385.75  5,317.25  5,379.00      0.25        0.00   276,499.00
4497  2017-03-28  NAS100  5,382.50  5,424.75  5,363.50  5,405.00     26.00        0.48   245,032.00
4498  2017-03-29  NAS100  5,409.00  5,437.50  5,404.75  5,436.00     31.00        0.57   173,940.00
4499  2017-03-30  NAS100  5,436.00  5,451.00  5,426.50  5,437.50      1.50        0.03   163,121.00
4500  2017-03-31  NAS100  5,440.75  5,452.75  5,421.00  5,438.50      1.00        0.02   166,661.00
4501  2017-04-03  NAS100  5,436.75  5,455.00  5,403.25  5,434.50     -4.00       -0.07   264,740.00
4502  2017-04-04  NAS100  5,432.75  5,448.00  5,406.75  5,444.00      9.50        0.17   195,119.00
4503  2017-04-05  NAS100  5,447.00  5,481.25  5,409.00  5,416.25    -27.75       -0.51   301,129.00
4504  2017-04-06  NAS100  5,414.00  5,437.25  5,390.00  5,422.75      6.50        0.12   287,867.00
4505  2017-04-07  NAS100  5,426.75  5,436.00  5,382.75  5,421.25     -1.50       -0.03   243,807.00
4506  2017-04-10  NAS100  5,420.75  5,443.75  5,405.75  5,422.25      1.00        0.02   197,534.00
4507  2017-04-11  NAS100  5,426.75  5,429.25  5,358.00  5,401.75    -20.50       -0.38   332,142.00
4508  2017-04-12  NAS100  5,402.75  5,412.75  5,369.00  5,372.75    -29.00       -0.54   251,108.00
4509  2017-04-13  NAS100  5,369.00  5,399.50  5,347.50  5,359.00    -13.75       -0.26   278,784.00
4510  2017-04-17  NAS100  5,352.75  5,399.50  5,347.75  5,395.25     36.25        0.68   148,626.00
4511  2017-04-18  NAS100  5,397.50  5,405.25  5,375.50  5,389.25     -6.00       -0.11   246,219.00
4512  2017-04-19  NAS100  5,389.75  5,430.75  5,388.75  5,397.75      8.50        0.16   213,579.00
4513  2017-04-20  NAS100  5,398.00  5,454.75  5,394.50  5,442.75     45.00        0.83   231,392.00
4514  2017-04-21  NAS100  5,445.00  5,454.75  5,427.50  5,442.00     -0.75       -0.01   193,756.00
4515  2017-04-24  NAS100  5,471.00  5,512.75  5,471.00  5,504.00     62.00        1.14   212,519.00
4516  2017-04-25  NAS100  5,502.00  5,557.25  5,499.00  5,548.25     44.25        0.80   172,850.00
4517  2017-04-26  NAS100  5,546.75  5,562.50  5,535.00  5,536.25    -12.00       -0.22   221,754.00
4518  2017-04-27  NAS100  5,535.25  5,599.00  5,534.25  5,591.00     54.75        0.99   194,734.00
4519  2017-04-28  NAS100  5,584.50  5,597.75  5,571.75  5,580.50    -10.50       -0.19   185,941.00
4520  2017-05-01  NAS100  5,581.00  5,637.25  5,573.50  5,630.75     50.25        0.90   166,028.00
4521  2017-05-02  NAS100  5,629.00  5,641.75  5,622.50  5,639.75      9.00        0.16   169,050.00
4522  2017-05-03  NAS100  5,621.00  5,631.00  5,606.00  5,613.25    -26.50       -0.47   206,431.00
4523  2017-05-04  NAS100  5,609.00  5,634.00  5,603.75  5,625.75     12.50        0.22   223,464.00
4524  2017-05-05  NAS100  5,627.00  5,649.50  5,612.50  5,648.25     22.50        0.40   166,263.00
4525  2017-05-08  NAS100  5,658.25  5,660.50  5,634.50  5,655.50      7.25        0.13   164,353.00
4526  2017-05-09  NAS100  5,654.25  5,687.75  5,650.75  5,676.25     20.75        0.37   194,000.00
4527  2017-05-10  NAS100  5,678.50  5,679.75  5,658.25  5,675.50     -0.75       -0.01   174,081.00
4528  2017-05-11  NAS100  5,674.75  5,676.25  5,636.25  5,670.75     -4.75       -0.08   238,806.00
4529  2017-05-12  NAS100  5,670.00  5,689.75  5,656.50  5,689.00     18.25        0.32   186,832.00
4530  2017-05-15  NAS100  5,689.50  5,706.50  5,682.50  5,701.25     12.25        0.22   180,918.00
4531  2017-05-16  NAS100  5,705.00  5,727.25  5,696.25  5,724.25     23.00        0.40   183,423.00
4532  2017-05-17  NAS100  5,723.50  5,724.00  5,574.75  5,578.75   -145.50       -2.54   506,880.00
4533  2017-05-18  NAS100  5,575.50  5,648.50  5,550.50  5,630.50     51.75        0.93   522,258.00
4534  2017-05-19  NAS100  5,631.50  5,676.50  5,622.00  5,653.25     22.75        0.40   292,202.00
4535  2017-05-22  NAS100  5,652.75  5,704.25  5,648.75  5,702.00     48.75        0.86   198,203.00
4536  2017-05-23  NAS100  5,701.50  5,718.50  5,688.50  5,711.50      9.50        0.17   219,010.00
4537  2017-05-24  NAS100  5,709.50  5,734.50  5,705.25  5,731.25     19.75        0.35   191,514.00
4538  2017-05-25  NAS100  5,731.50  5,795.50  5,731.25  5,782.00     50.75        0.89   239,940.00
4539  2017-05-26  NAS100  5,781.25  5,796.50  5,772.75  5,792.25     10.25        0.18   163,404.00
4540  2017-05-29  NAS100  5,793.00  5,803.50  5,778.25  5,792.00     -0.25       -0.00   197,717.00
4541  2017-05-31  NAS100  5,792.50  5,819.25  5,763.75  5,793.25      1.25        0.02   332,645.00
4542  2017-06-01  NAS100  5,804.75  5,824.00  5,780.50  5,822.00     28.75        0.50   266,069.00
4543  2017-06-02  NAS100  5,823.75  5,886.75  5,822.00  5,886.00     64.00        1.10   298,205.00
4544  2017-06-05  NAS100  5,878.25  5,891.25  5,872.75  5,880.75     -5.25       -0.09   177,414.00
4545  2017-06-06  NAS100  5,880.25  5,893.25  5,848.50  5,863.25    -17.50       -0.30   257,087.00
4546  2017-06-07  NAS100  5,862.25  5,884.75  5,845.75  5,879.75     16.50        0.28   274,935.00
4547  2017-06-08  NAS100  5,877.75  5,897.75  5,853.50  5,885.00      5.25        0.09   266,471.00
4548  2017-06-09  NAS100  5,872.50  5,898.75  5,660.25  5,740.50   -144.50       -2.46   425,289.00
4549  2017-06-12  NAS100  5,740.50  5,746.50  5,634.50  5,711.00    -29.50       -0.51   260,181.00
4550  2017-06-13  NAS100  5,721.00  5,768.50  5,715.00  5,759.25     48.25        0.84   379,343.00
4551  2017-06-14  NAS100  5,762.25  5,789.00  5,687.00  5,732.75    -26.50       -0.46   429,542.00
4552  2017-06-15  NAS100  5,730.00  5,732.50  5,641.25  5,709.25    -23.50       -0.41   435,110.00
4553  2017-06-16  NAS100  5,709.00  5,727.50  5,661.00  5,684.00    -25.25       -0.44   356,290.00
4554  2017-06-19  NAS100  5,694.25  5,782.50  5,683.25  5,766.00     82.00        1.44   271,968.00
4555  2017-06-20  NAS100  5,766.75  5,784.00  5,729.00  5,732.75    -33.25       -0.58   301,241.00
4556  2017-06-21  NAS100  5,728.25  5,796.50  5,699.00  5,796.00     63.25        1.10   319,202.00
4557  2017-06-22  NAS100  5,793.25  5,814.50  5,770.75  5,785.75    -10.25       -0.18   233,021.00
4558  2017-06-23  NAS100  5,785.50  5,815.50  5,763.00  5,812.25     26.50        0.46   213,552.00
4559  2017-06-26  NAS100  5,803.00  5,852.00  5,768.00  5,778.25    -34.00       -0.58   311,741.00
4560  2017-06-27  NAS100  5,780.75  5,784.00  5,669.00  5,676.50   -101.75       -1.76   418,001.00
4561  2017-06-28  NAS100  5,673.75  5,768.75  5,632.00  5,763.50     87.00        1.53   396,603.00
4562  2017-06-29  NAS100  5,766.25  5,776.00  5,601.00  5,653.00   -110.50       -1.92   604,720.00
4563  2017-06-30  NAS100  5,648.25  5,686.50  5,623.50  5,652.75     -0.25       -0.00   336,513.00
4564  2017-07-03  NAS100  5,658.00  5,690.75  5,581.25  5,589.25    -63.50       -1.12   232,656.00
4565  2017-07-04  NAS100  5,591.25  5,667.75  5,560.25  5,651.50     62.25        1.11   392,297.00
4566  2017-07-06  NAS100  5,650.50  5,652.75  5,580.00  5,596.75    -54.75       -0.97   370,735.00
4567  2017-07-07  NAS100  5,598.50  5,676.50  5,591.50  5,655.75     59.00        1.05   266,767.00
4568  2017-07-10  NAS100  5,663.00  5,711.50  5,650.00  5,694.00     38.25        0.68   241,360.00
4569  2017-07-11  NAS100  5,692.00  5,722.50  5,667.50  5,720.00     26.00        0.46   283,454.00
4570  2017-07-12  NAS100  5,719.50  5,790.00  5,712.75  5,785.75     65.75        1.15   262,329.00
4571  2017-07-13  NAS100  5,786.75  5,812.00  5,777.25  5,797.50     11.75        0.20   240,958.00
4572  2017-07-14  NAS100  5,799.50  5,847.75  5,787.75  5,843.25     45.75        0.79   230,871.00
4573  2017-07-17  NAS100  5,843.50  5,863.75  5,831.25  5,855.00     11.75        0.20   217,890.00
4574  2017-07-18  NAS100  5,858.25  5,898.50  5,820.25  5,882.75     27.75        0.47   246,038.00
4575  2017-07-19  NAS100  5,895.50  5,925.00  5,889.00  5,918.25     35.50        0.60   233,290.00
4576  2017-07-20  NAS100  5,919.50  5,938.50  5,897.00  5,925.25      7.00        0.12   265,354.00
4577  2017-07-21  NAS100  5,930.75  5,931.25  5,890.50  5,918.75     -6.50       -0.11   254,484.00
4578  2017-07-24  NAS100  5,919.25  5,954.75  5,905.00  5,934.00     15.25        0.26   195,018.00
4579  2017-07-25  NAS100  5,925.25  5,946.25  5,915.75  5,933.75     -0.25       -0.00   237,095.00
4580  2017-07-26  NAS100  5,933.75  5,958.00  5,927.00  5,948.00     14.25        0.24   190,190.00
4581  2017-07-27  NAS100  5,961.00  5,995.75  5,844.75  5,909.50    -38.50       -0.65   539,445.00
4582  2017-07-28  NAS100  5,909.00  5,918.25  5,850.00  5,910.25      0.75        0.01   338,476.00
4583  2017-07-31  NAS100  5,910.00  5,933.50  5,870.25  5,882.50    -27.75       -0.47   280,483.00
4584  2017-08-01  NAS100  5,884.50  5,931.25  5,875.50  5,889.25      6.75        0.11   229,005.00
4585  2017-08-02  NAS100  5,933.00  5,947.50  5,856.25  5,910.75     21.50        0.37   389,618.00
4586  2017-08-03  NAS100  5,911.25  5,924.50  5,877.25  5,890.00    -20.75       -0.35   289,423.00
4587  2017-08-04  NAS100  5,889.00  5,912.00  5,874.25  5,898.00      8.00        0.14   256,730.00
4588  2017-08-07  NAS100  5,900.00  5,937.75  5,898.00  5,934.00     36.00        0.61   165,201.00
4589  2017-08-08  NAS100  5,935.00  5,972.75  5,907.50  5,918.00    -16.00       -0.27   305,079.00
4590  2017-08-09  NAS100  5,913.25  5,924.50  5,861.75  5,922.50      4.50        0.08   377,648.00
4591  2017-08-10  NAS100  5,922.50  5,923.00  5,767.25  5,789.75   -132.75       -2.24   548,167.00
4592  2017-08-11  NAS100  5,769.00  5,845.75  5,761.00  5,838.25     48.50        0.84   394,754.00
4593  2017-08-14  NAS100  5,837.25  5,916.75  5,837.25  5,910.00     71.75        1.23   261,541.00
4594  2017-08-15  NAS100  5,913.50  5,945.00  5,895.50  5,912.00      2.00        0.03   249,827.00
4595  2017-08-16  NAS100  5,915.25  5,949.50  5,902.00  5,923.50     11.50        0.19   293,910.00
4596  2017-08-17  NAS100  5,920.00  5,923.75  5,786.50  5,800.25   -123.25       -2.08   511,900.00
4597  2017-08-18  NAS100  5,792.25  5,835.00  5,772.50  5,801.25      1.00        0.02   443,313.00
4598  2017-08-21  NAS100  5,805.00  5,816.75  5,752.25  5,794.00     -7.25       -0.12   360,383.00
4599  2017-08-22  NAS100  5,795.25  5,882.25  5,794.25  5,878.50     84.50        1.46   307,895.00
4600  2017-08-23  NAS100  5,878.25  5,884.00  5,841.50  5,848.00    -30.50       -0.52   301,682.00
4601  2017-08-24  NAS100  5,845.75  5,874.25  5,803.25  5,840.50     -7.50       -0.13   372,774.00
4602  2017-08-25  NAS100  5,845.25  5,874.00  5,816.50  5,825.00    -15.50       -0.27   300,167.00
4603  2017-08-28  NAS100  5,819.75  5,856.00  5,801.25  5,844.75     19.75        0.34   216,424.00
4604  2017-08-29  NAS100  5,820.00  5,875.50  5,777.25  5,869.75     25.00        0.43   334,338.00
4605  2017-08-30  NAS100  5,869.75  5,944.00  5,862.50  5,935.00     65.25        1.11   273,971.00
4606  2017-08-31  NAS100  5,936.25  5,998.00  5,932.50  5,990.75     55.75        0.94   273,833.00
4607  2017-09-01  NAS100  5,994.00  6,019.75  5,973.25  5,988.25     -2.50       -0.04   229,855.00
4608  2017-09-04  NAS100  5,956.50  5,984.75  5,889.50  5,939.25    -49.00       -0.82   485,650.00
4609  2017-09-06  NAS100  5,943.50  5,965.75  5,909.25  5,955.00     15.75        0.27   335,781.00
4610  2017-09-07  NAS100  5,952.00  5,981.50  5,932.25  5,970.00     15.00        0.25   301,526.00
4611  2017-09-08  NAS100  5,969.25  5,972.00  5,907.50  5,916.25    -53.75       -0.90   190,958.00
4612  2017-09-11  NAS100  5,928.75  5,991.75  5,928.75  5,982.50     66.25        1.12   160,000.00
4613  2017-09-12  NAS100  5,990.00  6,012.25  5,975.25  6,004.50     22.00        0.37   296,518.00
4614  2017-09-13  NAS100  6,006.75  6,012.00  5,983.50  6,009.00      4.50        0.07   229,042.00
4615  2017-09-14  NAS100  6,006.75  6,009.25  5,968.75  5,970.75    -38.25       -0.64   283,913.00
4616  2017-09-15  NAS100  5,971.75  6,015.75  5,948.00  5,995.25     24.50        0.41   268,013.00
4617  2017-09-18  NAS100  5,999.25  6,018.25  5,967.25  5,986.75     -8.50       -0.14   235,721.00
4618  2017-09-19  NAS100  5,989.75  6,004.75  5,975.00  5,997.00     10.25        0.17   212,483.00
4619  2017-09-20  NAS100  5,997.00  6,000.50  5,930.50  5,978.50    -18.50       -0.31   347,504.00
4620  2017-09-21  NAS100  5,976.00  5,980.25  5,919.25  5,945.25    -33.25       -0.56   343,404.00
4621  2017-09-22  NAS100  5,944.25  5,945.50  5,911.00  5,935.75     -9.50       -0.16   272,649.00
4622  2017-09-25  NAS100  5,930.75  5,954.25  5,842.00  5,876.50    -59.25       -1.00   447,828.00
4623  2017-09-26  NAS100  5,878.75  5,912.50  5,862.75  5,892.50     16.00        0.27   343,472.00
4624  2017-09-27  NAS100  5,889.75  5,963.00  5,886.50  5,941.00     48.50        0.82   349,282.00
4625  2017-09-28  NAS100  5,936.00  5,948.25  5,911.25  5,938.50     -2.50       -0.04   268,097.00
4626  2017-09-29  NAS100  5,939.25  5,985.50  5,933.00  5,982.50     44.00        0.74   275,661.00
4627  2017-10-02  NAS100  5,984.00  6,009.75  5,958.50  5,980.50     -2.00       -0.03   269,518.00
4628  2017-10-03  NAS100  5,985.50  6,004.75  5,978.75  5,998.00     17.50        0.29   207,901.00
4629  2017-10-04  NAS100  5,999.00  6,015.50  5,979.50  6,004.00      6.00        0.10   236,714.00
4630  2017-10-05  NAS100  6,005.00  6,068.00  6,001.00  6,065.75     61.75        1.03   254,723.00
4631  2017-10-06  NAS100  6,062.25  6,071.50  6,037.50  6,064.25     -1.50       -0.02   232,608.00
4632  2017-10-09  NAS100  6,062.50  6,084.00  6,054.75  6,064.50      0.25        0.00   155,751.00
4633  2017-10-10  NAS100  6,062.25  6,088.50  6,039.00  6,065.25      0.75        0.01   238,961.00
4634  2017-10-11  NAS100  6,064.50  6,086.00  6,053.25  6,082.50     17.25        0.28   180,901.00
4635  2017-10-12  NAS100  6,083.50  6,097.00  6,066.50  6,074.75     -7.75       -0.13   200,082.00
4636  2017-10-13  NAS100  6,073.00  6,104.00  6,068.50  6,099.75     25.00        0.41   178,530.00
4637  2017-10-16  NAS100  6,101.50  6,121.50  6,098.00  6,120.25     20.50        0.34   167,591.00
4638  2017-10-17  NAS100  6,119.75  6,125.50  6,105.00  6,123.75      3.50        0.06   154,430.00
4639  2017-10-18  NAS100  6,122.25  6,132.75  6,108.00  6,119.25     -4.50       -0.07   180,414.00
4640  2017-10-19  NAS100  6,121.25  6,121.75  6,051.25  6,097.75    -21.50       -0.35   332,212.00
4641  2017-10-20  NAS100  6,097.75  6,129.50  6,090.50  6,111.00     13.25        0.22   222,217.00
4642  2017-10-23  NAS100  6,109.50  6,128.00  6,060.50  6,064.75    -46.25       -0.76   247,882.00
4643  2017-10-24  NAS100  6,064.75  6,092.50  6,057.00  6,079.50     14.75        0.24   235,526.00
4644  2017-10-25  NAS100  6,073.50  6,087.50  6,011.00  6,064.50    -15.00       -0.25   436,671.00
4645  2017-10-26  NAS100  6,065.00  6,096.25  6,035.00  6,084.75     20.25        0.33   320,283.00
4646  2017-10-27  NAS100  6,092.00  6,225.75  6,078.75  6,215.25    130.50        2.14   435,844.00
4647  2017-10-30  NAS100  6,209.50  6,251.50  6,202.25  6,224.25      9.00        0.14   360,344.00
4648  2017-10-31  NAS100  6,221.75  6,258.75  6,219.25  6,249.75     25.50        0.41   239,132.00
4649  2017-11-01  NAS100  6,249.75  6,284.50  6,223.50  6,240.75     -9.00       -0.14   346,061.00
4650  2017-11-02  NAS100  6,230.00  6,263.00  6,192.50  6,235.75     -5.00       -0.08   356,528.00
4651  2017-11-03  NAS100  6,252.50  6,296.75  6,236.00  6,290.50     54.75        0.88   301,691.00
4652  2017-11-06  NAS100  6,285.25  6,317.50  6,268.00  6,313.50     23.00        0.37   218,392.00
4653  2017-11-07  NAS100  6,311.50  6,331.50  6,296.25  6,316.00      2.50        0.04   284,157.00
4654  2017-11-08  NAS100  6,310.50  6,345.50  6,301.50  6,341.50     25.50        0.40   218,248.00
4655  2017-11-09  NAS100  6,342.25  6,351.50  6,244.75  6,314.50    -27.00       -0.43   550,267.00
4656  2017-11-10  NAS100  6,312.75  6,321.00  6,281.00  6,309.25     -5.25       -0.08   266,728.00
4657  2017-11-13  NAS100  6,312.50  6,325.00  6,281.00  6,312.00      2.75        0.04   229,366.00
4658  2017-11-14  NAS100  6,310.75  6,318.25  6,262.75  6,293.50    -18.50       -0.29   342,800.00
4659  2017-11-15  NAS100  6,293.50  6,294.75  6,230.75  6,266.25    -27.25       -0.43   399,624.00
4660  2017-11-16  NAS100  6,264.50  6,358.50  6,260.75  6,341.00     74.75        1.19   339,694.00
4661  2017-11-17  NAS100  6,342.75  6,351.75  6,308.50  6,313.25    -27.75       -0.44   275,846.00
4662  2017-11-20  NAS100  6,312.00  6,329.25  6,291.25  6,316.00      2.75        0.04   203,721.00
4663  2017-11-21  NAS100  6,315.75  6,385.25  6,311.25  6,379.50     63.50        1.01   216,030.00
4664  2017-11-22  NAS100  6,381.25  6,395.25  6,375.25  6,389.50     10.00        0.16   116,314.00
4665  2017-11-23  NAS100  6,388.25  6,416.00  6,375.75  6,413.50     24.00        0.38   118,443.00
4666  2017-11-27  NAS100  6,414.25  6,424.50  6,394.75  6,413.25     -0.25       -0.00   204,123.00
4667  2017-11-28  NAS100  6,413.25  6,429.50  6,388.75  6,420.25      7.00        0.11   307,329.00
4668  2017-11-29  NAS100  6,423.50  6,428.50  6,283.00  6,305.50   -114.75       -1.79   625,761.00
4669  2017-11-30  NAS100  6,306.50  6,377.50  6,289.00  6,369.00     63.50        1.01   457,769.00
4670  2017-12-01  NAS100  6,353.75  6,369.00  6,246.00  6,346.25    -22.75       -0.36   608,005.00
4671  2017-12-04  NAS100  6,371.00  6,391.75  6,250.75  6,265.25    -81.00       -1.28   520,744.00
4672  2017-12-05  NAS100  6,255.50  6,339.75  6,231.75  6,271.75      6.50        0.10   443,788.00
4673  2017-12-06  NAS100  6,269.00  6,307.00  6,232.50  6,293.00     21.25        0.34   363,675.00
4674  2017-12-07  NAS100  6,298.00  6,335.50  6,288.75  6,323.00     30.00        0.48   325,352.00
4675  2017-12-08  NAS100  6,322.25  6,379.00  6,320.50  6,340.00     17.00        0.27   180,084.00
4676  2017-12-11  NAS100  6,343.00  6,409.75  6,339.75  6,397.50     57.50        0.91   148,290.00
4677  2017-12-12  NAS100  6,422.50  6,426.25  6,390.00  6,403.00      5.50        0.09   296,047.00
4678  2017-12-13  NAS100  6,404.25  6,437.75  6,383.00  6,417.25     14.25        0.22   324,688.00
4679  2017-12-14  NAS100  6,417.25  6,443.75  6,402.50  6,409.00     -8.25       -0.13   292,712.00
4680  2017-12-15  NAS100  6,403.75  6,502.75  6,400.75  6,498.50     89.50        1.40   288,903.00
4681  2017-12-18  NAS100  6,498.00  6,542.00  6,497.50  6,535.25     36.75        0.57   220,351.00
4682  2017-12-19  NAS100  6,535.00  6,545.75  6,479.75  6,500.75    -34.50       -0.53   272,966.00
4683  2017-12-20  NAS100  6,504.00  6,529.00  6,463.25  6,489.00    -11.75       -0.18   276,115.00
4684  2017-12-21  NAS100  6,486.75  6,520.75  6,476.00  6,492.25      3.25        0.05   211,561.00
4685  2017-12-22  NAS100  6,489.75  6,501.75  6,467.50  6,483.75     -8.50       -0.13   130,810.00
4686  2017-12-25  NAS100  6,482.50  6,492.00  6,432.25  6,460.00    -23.75       -0.37   135,130.00
4687  2017-12-27  NAS100  6,461.25  6,475.50  6,442.00  6,454.00     -6.00       -0.09   158,481.00
4688  2017-12-28  NAS100  6,452.25  6,477.50  6,442.25  6,446.25     -7.75       -0.12   138,254.00
4689  2017-12-29  NAS100  6,444.50  6,467.75  6,383.25  6,408.75    -37.50       -0.58   210,114.00
4690  2018-01-01  NAS100  6,405.00  6,523.25  6,397.75  6,514.75    106.00        1.65   259,593.00
4691  2018-01-03  NAS100  6,513.25  6,591.25  6,511.25  6,584.50     69.75        1.07   223,243.00
4692  2018-01-04  NAS100  6,583.75  6,617.50  6,580.00  6,603.50     19.00        0.29   254,577.00
4693  2018-01-05  NAS100  6,608.00  6,671.00  6,599.75  6,667.75     64.25        0.97   214,944.00
4694  2018-01-08  NAS100  6,667.75  6,690.75  6,653.25  6,688.00     20.25        0.30   198,494.00
4695  2018-01-09  NAS100  6,687.25  6,707.25  6,667.25  6,687.00     -1.00       -0.01   272,445.00
4696  2018-01-10  NAS100  6,679.75  6,686.75  6,628.25  6,677.25     -9.75       -0.15   320,261.00
4697  2018-01-11  NAS100  6,676.50  6,728.75  6,664.25  6,726.50     49.25        0.74   228,872.00
4698  2018-01-12  NAS100  6,725.50  6,777.75  6,703.25  6,775.25     48.75        0.72   288,871.00
4699  2018-01-15  NAS100  6,781.50  6,845.75  6,729.25  6,762.25    -13.00       -0.19   516,270.00
4700  2018-01-17  NAS100  6,762.75  6,834.25  6,744.75  6,823.75     61.50        0.91   357,653.00
4701  2018-01-18  NAS100  6,818.00  6,838.00  6,796.00  6,813.00    -10.75       -0.16   314,511.00
4702  2018-01-19  NAS100  6,816.50  6,857.00  6,801.50  6,845.75     32.75        0.48   324,203.00
4703  2018-01-22  NAS100  6,830.75  6,941.25  6,824.25  6,931.00     85.25        1.25   262,762.00
4704  2018-01-23  NAS100  6,929.75  6,981.25  6,919.75  6,965.75     34.75        0.50   336,204.00
4705  2018-01-24  NAS100  6,956.50  7,004.25  6,888.25  6,931.25    -34.50       -0.50   526,387.00
4706  2018-01-25  NAS100  6,933.50  6,987.25  6,902.00  6,931.50      0.25        0.00   415,464.00
4707  2018-01-26  NAS100  6,938.00  7,034.50  6,934.25  7,030.25     98.75        1.42   326,274.00
4708  2018-01-29  NAS100  7,030.00  7,047.25  6,980.00  6,992.50    -37.75       -0.54   407,157.00
4709  2018-01-30  NAS100  6,991.50  7,006.50  6,902.75  6,941.50    -51.00       -0.73   524,079.00
4710  2018-01-31  NAS100  6,938.25  6,991.00  6,921.50  6,962.50     21.00        0.30   413,798.00
4711  2018-02-01  NAS100  6,973.00  6,987.75  6,884.75  6,898.50    -64.00       -0.92   492,861.00
4712  2018-02-02  NAS100  6,954.00  6,963.50  6,752.25  6,755.75   -142.75       -2.07   642,482.00
4713  2018-02-05  NAS100  6,752.25  6,813.50  6,387.75  6,429.25   -326.50       -4.83   931,677.00
4714  2018-02-06  NAS100  6,473.00  6,677.50  6,260.25  6,653.75    224.50        3.49   813,419.00
4715  2018-02-07  NAS100  6,638.00  6,717.75  6,532.00  6,555.75    -98.00       -1.47   593,446.00
4716  2018-02-08  NAS100  6,542.00  6,618.50  6,301.00  6,317.25   -238.50       -3.64   640,585.00
4717  2018-02-09  NAS100  6,328.00  6,455.50  6,164.00  6,417.75    100.50        1.59   787,495.00
4718  2018-02-12  NAS100  6,434.50  6,567.50  6,414.25  6,531.75    114.00        1.78   406,083.00
4719  2018-02-13  NAS100  6,529.75  6,571.00  6,470.75  6,560.50     28.75        0.44   382,334.00
4720  2018-02-14  NAS100  6,559.50  6,692.75  6,456.25  6,687.00    126.50        1.93   482,298.00
4721  2018-02-15  NAS100  6,681.00  6,827.50  6,669.75  6,816.00    129.00        1.93   458,423.00
4722  2018-02-16  NAS100  6,816.25  6,859.75  6,762.00  6,786.75    -29.25       -0.43   445,962.00
4723  2018-02-19  NAS100  6,783.25  6,843.75  6,723.25  6,790.50      3.75        0.06   461,892.00
4724  2018-02-21  NAS100  6,788.25  6,885.50  6,741.25  6,760.50    -30.00       -0.44   440,206.00
4725  2018-02-22  NAS100  6,756.50  6,831.50  6,694.75  6,788.75     28.25        0.42   439,678.00
4726  2018-02-23  NAS100  6,792.50  6,913.75  6,782.75  6,909.75    121.00        1.78         0.00
4727  2018-02-26  NAS100  6,918.25  7,007.50  6,890.00  7,000.00     90.25        1.31   297,831.00
4728  2018-02-27  NAS100  7,003.50  7,009.00  6,904.00  6,915.75    -84.25       -1.20   498,392.00
4729  2018-02-28  NAS100  6,913.75  6,970.50  6,857.75  6,865.00    -50.75       -0.73   461,819.00
4730  2018-03-01  NAS100  6,879.50  6,898.75  6,689.00  6,760.75   -104.25       -1.52   793,737.00
4731  2018-03-02  NAS100  6,763.75  6,823.25  6,646.00  6,804.75     44.00        0.65   636,240.00
4732  2018-03-05  NAS100  6,795.75  6,904.50  6,742.50  6,877.50     72.75        1.07   467,865.00
4733  2018-03-06  NAS100  6,880.50  6,939.25  6,871.75  6,907.75     30.25        0.44   415,228.00
4734  2018-03-07  NAS100  6,858.00  6,937.00  6,798.25  6,924.50     16.75        0.24   498,163.00
4735  2018-03-08  NAS100  6,922.75  6,977.25  6,913.50  6,974.25     49.75        0.72   388,688.00
4736  2018-03-09  NAS100  6,972.00  7,103.75  6,963.00  7,098.25    124.00        1.78   225,672.00
4737  2018-03-12  NAS100  7,099.25  7,158.75  7,090.00  7,139.50     41.25        0.58   185,865.00
4738  2018-03-13  NAS100  7,160.75  7,214.50  7,050.50  7,083.25    -56.25       -0.79   556,239.00
4739  2018-03-14  NAS100  7,062.75  7,121.50  7,036.50  7,058.00    -25.25       -0.36   470,283.00
4740  2018-03-15  NAS100  7,060.75  7,100.00  7,027.25  7,070.50     12.50        0.18   349,315.00
4741  2018-03-16  NAS100  7,072.75  7,084.75  7,033.00  7,044.00    -26.50       -0.37   287,434.00
4742  2018-03-19  NAS100  7,043.00  7,043.00  6,821.25  6,914.25   -129.75       -1.84   571,979.00
4743  2018-03-20  NAS100  6,911.75  6,927.75  6,863.00  6,917.50      3.25        0.05   401,041.00
4744  2018-03-21  NAS100  6,912.50  6,951.00  6,842.25  6,884.00    -33.50       -0.48   454,570.00
4745  2018-03-22  NAS100  6,883.25  6,915.00  6,686.00  6,692.00   -192.00       -2.79   685,491.00
4746  2018-03-23  NAS100  6,692.25  6,721.25  6,519.00  6,554.25   -137.75       -2.06   748,098.00
4747  2018-03-26  NAS100  6,549.75  6,779.00  6,525.00  6,773.50    219.25        3.35   637,180.00
4748  2018-03-27  NAS100  6,775.75  6,849.25  6,490.00  6,561.25   -212.25       -3.13   731,553.00
4749  2018-03-28  NAS100  6,550.25  6,582.25  6,421.00  6,477.25    -84.00       -1.28   948,120.00
4750  2018-03-29  NAS100  6,490.75  6,653.75  6,443.75  6,594.00    116.75        1.80   647,977.00
4751  2018-04-02  NAS100  6,557.00  6,588.50  6,326.50  6,393.25   -200.75       -3.04   670,690.00
4752  2018-04-03  NAS100  6,405.75  6,496.75  6,351.25  6,469.25     76.00        1.19   681,282.00
4753  2018-04-04  NAS100  6,466.00  6,591.75  6,306.75  6,582.50    113.25        1.75   635,562.00
4754  2018-04-05  NAS100  6,582.00  6,654.50  6,559.00  6,600.25     17.75        0.27   495,024.00
4755  2018-04-06  NAS100  6,608.00  6,611.25  6,408.50  6,454.75   -145.50       -2.20   631,810.00
4756  2018-04-09  NAS100  6,463.00  6,618.00  6,460.00  6,497.00     42.25        0.65   482,071.00
4757  2018-04-10  NAS100  6,490.50  6,651.75  6,471.75  6,624.25    127.25        1.96   542,219.00
4758  2018-04-11  NAS100  6,625.25  6,663.25  6,550.75  6,592.75    -31.50       -0.48   443,623.00
4759  2018-04-12  NAS100  6,596.25  6,693.75  6,589.75  6,670.75     78.00        1.18   357,175.00
4760  2018-04-13  NAS100  6,668.75  6,713.00  6,606.25  6,640.75    -30.00       -0.45   465,366.00
4761  2018-04-16  NAS100  6,674.25  6,722.00  6,639.25  6,712.00     71.25        1.07   324,486.00
4762  2018-04-17  NAS100  6,704.25  6,844.75  6,698.50  6,828.75    116.75        1.74   325,724.00
4763  2018-04-18  NAS100  6,819.50  6,867.00  6,796.75  6,843.50     14.75        0.22   298,181.00
4764  2018-04-19  NAS100  6,855.25  6,866.25  6,755.25  6,780.00    -63.50       -0.93   376,428.00
4765  2018-04-20  NAS100  6,777.75  6,790.25  6,646.00  6,676.25   -103.75       -1.53   422,339.00
4766  2018-04-23  NAS100  6,705.50  6,728.00  6,616.75  6,667.00     -9.25       -0.14   384,306.00
4767  2018-04-24  NAS100  6,660.75  6,717.75  6,467.25  6,526.75   -140.25       -2.10   626,789.00
4768  2018-04-25  NAS100  6,525.75  6,576.25  6,429.25  6,555.75     29.00        0.44   544,882.00
4769  2018-04-26  NAS100  6,583.25  6,749.00  6,559.25  6,734.75    179.00        2.73   424,984.00
4770  2018-04-27  NAS100  6,744.75  6,772.00  6,623.00  6,669.75    -65.00       -0.97   481,734.00
4771  2018-04-30  NAS100  6,668.00  6,718.00  6,595.50  6,613.00    -56.75       -0.85   389,473.00
4772  2018-05-01  NAS100  6,606.00  6,740.00  6,578.75  6,692.00     79.00        1.19   360,806.00
4773  2018-05-02  NAS100  6,715.50  6,729.50  6,625.25  6,633.50    -58.50       -0.87   382,532.00
4774  2018-05-03  NAS100  6,630.75  6,671.50  6,538.00  6,664.50     31.00        0.47   518,811.00
4775  2018-05-04  NAS100  6,666.50  6,788.50  6,610.50  6,774.75    110.25        1.65   408,713.00
4776  2018-05-07  NAS100  6,779.00  6,851.25  6,772.25  6,826.00     51.25        0.76   323,768.00
4777  2018-05-08  NAS100  6,817.00  6,837.50  6,771.00  6,820.50     -5.50       -0.08   370,356.00
4778  2018-05-09  NAS100  6,822.00  6,901.25  6,808.25  6,896.00     75.50        1.11   316,609.00
4779  2018-05-10  NAS100  6,896.00  6,971.25  6,888.75  6,965.00     69.00        1.00   292,974.00
4780  2018-05-11  NAS100  6,949.50  6,979.50  6,928.25  6,960.00     -5.00       -0.07   263,016.00
4781  2018-05-14  NAS100  6,958.25  7,013.50  6,955.50  6,974.00     14.00        0.20   255,900.00
4782  2018-05-15  NAS100  6,969.00  6,976.75  6,854.25  6,890.50    -83.50       -1.20   432,917.00
4783  2018-05-16  NAS100  6,895.50  6,953.50  6,875.50  6,937.25     46.75        0.68   274,261.00
4784  2018-05-17  NAS100  6,935.25  6,962.00  6,875.00  6,905.75    -31.50       -0.45   325,159.00
4785  2018-05-18  NAS100  6,908.50  6,936.25  6,862.25  6,874.00    -31.75       -0.46   314,569.00
4786  2018-05-21  NAS100  6,919.00  6,957.00  6,881.50  6,915.75     41.75        0.61   293,370.00
4787  2018-05-22  NAS100  6,914.00  6,954.75  6,890.00  6,909.25     -6.50       -0.09   269,992.00
4788  2018-05-23  NAS100  6,905.50  6,961.50  6,829.75  6,957.00     47.75        0.69   390,903.00
4789  2018-05-24  NAS100  6,956.75  6,975.00  6,885.25  6,957.25      0.25        0.00   379,490.00
4790  2018-05-25  NAS100  6,955.00  7,003.75  6,942.50  6,960.25      3.00        0.04   317,340.00
4791  2018-05-28  NAS100  6,989.50  6,995.00  6,890.50  6,944.50    -15.75       -0.23   487,638.00
4792  2018-05-30  NAS100  6,948.00  6,994.75  6,918.50  6,987.25     42.75        0.62   303,797.00
4793  2018-05-31  NAS100  6,978.50  7,023.50  6,958.25  6,977.00    -10.25       -0.15   389,141.00
4794  2018-06-01  NAS100  6,982.50  7,090.50  6,977.25  7,083.00    106.00        1.52   335,020.00
4795  2018-06-04  NAS100  7,079.75  7,151.50  7,071.75  7,148.25     65.25        0.92   247,834.00
4796  2018-06-05  NAS100  7,147.50  7,187.50  7,137.50  7,179.25     31.00        0.43   256,212.00
4797  2018-06-06  NAS100  7,181.75  7,222.25  7,142.25  7,215.00     35.75        0.50   300,300.00
4798  2018-06-07  NAS100  7,217.50  7,234.25  7,116.75  7,161.00    -54.00       -0.75   410,243.00
4799  2018-06-08  NAS100  7,160.00  7,163.00  7,077.75  7,151.50     -9.50       -0.13   215,656.00
4800  2018-06-11  NAS100  7,135.00  7,189.00  7,125.00  7,170.25     18.75        0.26   173,772.00
4801  2018-06-12  NAS100  7,192.50  7,244.75  7,181.00  7,226.25     56.00        0.78   276,477.00
4802  2018-06-13  NAS100  7,241.75  7,290.00  7,219.25  7,231.00      4.75        0.07   354,039.00
4803  2018-06-14  NAS100  7,232.25  7,321.00  7,205.25  7,311.25     80.25        1.11   335,148.00
4804  2018-06-15  NAS100  7,310.25  7,318.75  7,245.00  7,281.50    -29.75       -0.41   364,647.00
4805  2018-06-18  NAS100  7,276.00  7,289.25  7,208.75  7,276.00     -5.50       -0.08   291,954.00
4806  2018-06-19  NAS100  7,275.00  7,279.00  7,157.50  7,252.25    -23.75       -0.33   450,281.00
4807  2018-06-20  NAS100  7,253.75  7,336.50  7,226.75  7,313.25     61.00        0.84   320,649.00
4808  2018-06-21  NAS100  7,315.25  7,358.50  7,226.25  7,237.75    -75.50       -1.03   424,012.00
4809  2018-06-22  NAS100  7,228.00  7,274.00  7,198.25  7,222.75    -15.00       -0.21   322,915.00
4810  2018-06-25  NAS100  7,222.75  7,222.75  6,995.50  7,073.50   -149.25       -2.07   598,963.00
4811  2018-06-26  NAS100  7,064.25  7,130.00  7,040.50  7,104.00     30.50        0.43   399,009.00
4812  2018-06-27  NAS100  7,098.25  7,151.50  6,988.00  6,998.25   -105.75       -1.49   546,252.00
4813  2018-06-28  NAS100  6,998.75  7,076.50  6,956.00  7,060.50     62.25        0.89   483,220.00
4814  2018-06-29  NAS100  7,055.25  7,123.75  7,045.00  7,066.75      6.25        0.09   396,079.00
4815  2018-07-02  NAS100  7,068.25  7,119.75  6,987.50  7,116.50     49.75        0.70   379,570.00
4816  2018-07-03  NAS100  7,113.75  7,165.00  7,022.25  7,023.75    -92.75       -1.30   300,232.00
4817  2018-07-04  NAS100  7,023.00  7,128.00  7,015.00  7,125.75    102.00        1.45   378,283.00
4818  2018-07-06  NAS100  7,118.75  7,237.75  7,101.25  7,233.50    107.75        1.51   320,304.00
4819  2018-07-09  NAS100  7,232.50  7,303.50  7,232.25  7,300.25     66.75        0.92   269,931.00
4820  2018-07-10  NAS100  7,300.75  7,335.50  7,259.50  7,301.50      1.25        0.02   286,748.00
4821  2018-07-11  NAS100  7,263.50  7,290.00  7,204.50  7,253.75    -47.75       -0.65   373,366.00
4822  2018-07-12  NAS100  7,259.75  7,387.00  7,249.50  7,382.75    129.00        1.78   304,341.00
4823  2018-07-13  NAS100  7,382.00  7,414.25  7,367.00  7,393.00     10.25        0.14   279,818.00
4824  2018-07-16  NAS100  7,399.50  7,413.75  7,316.00  7,325.00    -68.00       -0.92   246,001.00
4825  2018-07-17  NAS100  7,320.00  7,436.00  7,292.50  7,421.75     96.75        1.32   343,273.00
4826  2018-07-18  NAS100  7,424.25  7,437.75  7,381.50  7,404.50    -17.25       -0.23   267,804.00
4827  2018-07-19  NAS100  7,400.00  7,416.00  7,354.75  7,367.75    -36.75       -0.50   321,505.00
4828  2018-07-20  NAS100  7,380.25  7,413.75  7,350.75  7,360.00     -7.75       -0.11   302,839.00
4829  2018-07-23  NAS100  7,368.00  7,432.75  7,311.50  7,430.50     70.50        0.96   287,213.00
4830  2018-07-24  NAS100  7,420.25  7,489.75  7,386.75  7,416.25    -14.25       -0.19   406,774.00
4831  2018-07-25  NAS100  7,410.50  7,530.00  7,397.00  7,469.50     53.25        0.72   351,372.00
4832  2018-07-26  NAS100  7,412.25  7,450.00  7,362.00  7,430.75    -38.75       -0.52   392,494.00
4833  2018-07-27  NAS100  7,429.50  7,467.00  7,263.50  7,301.25   -129.50       -1.74   534,684.00
4834  2018-07-30  NAS100  7,293.00  7,309.25  7,166.75  7,200.50   -100.75       -1.38   497,537.00
4835  2018-07-31  NAS100  7,210.00  7,298.00  7,189.25  7,244.75     44.25        0.61   430,194.00
4836  2018-08-01  NAS100  7,293.00  7,303.75  7,241.00  7,277.00     32.25        0.45   370,601.00
4837  2018-08-02  NAS100  7,284.25  7,395.25  7,214.25  7,385.75    108.75        1.49   441,069.00
4838  2018-08-03  NAS100  7,392.00  7,415.00  7,362.25  7,402.00     16.25        0.22   298,355.00
4839  2018-08-06  NAS100  7,404.25  7,449.75  7,387.50  7,444.00     42.00        0.57   250,166.00
4840  2018-08-07  NAS100  7,442.50  7,486.75  7,440.25  7,477.25     33.25        0.45   260,630.00
4841  2018-08-08  NAS100  7,478.25  7,496.00  7,442.50  7,471.50     -5.75       -0.08   250,480.00
4842  2018-08-09  NAS100  7,463.50  7,505.50  7,458.75  7,475.50      4.00        0.05   236,834.00
4843  2018-08-10  NAS100  7,472.25  7,472.75  7,390.75  7,427.00    -48.50       -0.65   389,778.00
4844  2018-08-13  NAS100  7,425.50  7,479.00  7,378.25  7,417.00    -10.00       -0.13   377,939.00
4845  2018-08-14  NAS100  7,420.50  7,465.00  7,397.00  7,457.75     40.75        0.55   305,390.00
4846  2018-08-15  NAS100  7,460.50  7,464.75  7,316.50  7,374.00    -83.75       -1.12   521,164.00
4847  2018-08-16  NAS100  7,380.00  7,434.50  7,363.25  7,389.00     15.00        0.20   348,395.00
4848  2018-08-17  NAS100  7,382.50  7,407.00  7,321.75  7,387.75     -1.25       -0.02   366,862.00
4849  2018-08-20  NAS100  7,390.50  7,420.75  7,351.50  7,387.00     -0.75       -0.01   286,070.00
4850  2018-08-21  NAS100  7,381.25  7,452.25  7,369.00  7,397.50     10.50        0.14   320,662.00
4851  2018-08-22  NAS100  7,374.25  7,444.75  7,352.00  7,433.25     35.75        0.48   309,493.00
4852  2018-08-23  NAS100  7,433.50  7,475.00  7,411.25  7,424.50     -8.75       -0.12   356,371.00
4853  2018-08-24  NAS100  7,427.00  7,499.50  7,422.75  7,495.75     71.25        0.96   278,682.00
4854  2018-08-27  NAS100  7,499.00  7,569.00  7,498.75  7,568.00     72.25        0.96   280,533.00
4855  2018-08-28  NAS100  7,568.25  7,597.25  7,564.25  7,578.00     10.00        0.13   273,330.00
4856  2018-08-29  NAS100  7,581.00  7,674.50  7,581.00  7,668.75     90.75        1.20   311,623.00
4857  2018-08-30  NAS100  7,672.75  7,697.00  7,626.25  7,649.00    -19.75       -0.26   390,929.00
4858  2018-08-31  NAS100  7,641.75  7,682.25  7,633.25  7,661.25     12.25        0.16   346,901.00
4859  2018-09-03  NAS100  7,670.00  7,693.75  7,586.75  7,638.75    -22.50       -0.29   470,667.00
4860  2018-09-05  NAS100  7,642.25  7,643.25  7,503.25  7,531.75   -107.00       -1.40   522,313.00
4861  2018-09-06  NAS100  7,530.00  7,544.50  7,407.75  7,457.50    -74.25       -0.99   650,890.00
4862  2018-09-07  NAS100  7,454.75  7,494.75  7,393.00  7,438.50    -19.00       -0.25   606,515.00
4863  2018-09-10  NAS100  7,433.00  7,483.50  7,414.00  7,460.25     21.75        0.29   418,797.00
4864  2018-09-11  NAS100  7,460.50  7,524.75  7,404.50  7,512.00     51.75        0.69   467,702.00
4865  2018-09-12  NAS100  7,515.25  7,541.00  7,425.00  7,485.75    -26.25       -0.35   586,137.00
4866  2018-09-13  NAS100  7,483.25  7,583.25  7,470.00  7,564.50     78.75        1.05   459,821.00
4867  2018-09-14  NAS100  7,563.50  7,598.75  7,515.25  7,544.75    -19.75       -0.26   237,770.00
4868  2018-09-17  NAS100  7,534.00  7,547.25  7,429.50  7,436.25   -108.50       -1.44   197,770.00
4869  2018-09-18  NAS100  7,463.50  7,564.25  7,422.25  7,524.50     88.25        1.19   472,740.00
4870  2018-09-19  NAS100  7,529.25  7,546.00  7,470.75  7,526.50      2.00        0.03   407,425.00
4871  2018-09-20  NAS100  7,529.75  7,616.75  7,514.00  7,608.75     82.25        1.09   403,730.00
4872  2018-09-21  NAS100  7,609.00  7,637.50  7,547.50  7,550.50    -58.25       -0.77   371,830.00
4873  2018-09-24  NAS100  7,539.75  7,594.00  7,473.75  7,586.00     35.50        0.47   390,762.00
4874  2018-09-25  NAS100  7,591.00  7,603.25  7,550.50  7,595.25      9.25        0.12   318,332.00
4875  2018-09-26  NAS100  7,598.00  7,668.00  7,577.50  7,590.25     -5.00       -0.07   405,833.00
4876  2018-09-27  NAS100  7,590.25  7,686.25  7,586.00  7,657.25     67.00        0.88   377,694.00
4877  2018-09-28  NAS100  7,663.50  7,677.00  7,617.00  7,655.25     -2.00       -0.03   381,496.00
4878  2018-10-01  NAS100  7,672.00  7,728.75  7,652.00  7,675.50     20.25        0.26   358,159.00
4879  2018-10-02  NAS100  7,675.00  7,712.75  7,630.25  7,652.75    -22.75       -0.30   392,577.00
4880  2018-10-03  NAS100  7,656.25  7,703.75  7,641.50  7,664.75     12.00        0.16   394,538.00
4881  2018-10-04  NAS100  7,651.00  7,651.00  7,456.50  7,514.25   -150.50       -1.96   704,908.00
4882  2018-10-05  NAS100  7,521.00  7,540.00  7,347.00  7,436.00    -78.25       -1.04   735,015.00
4883  2018-10-08  NAS100  7,443.25  7,453.25  7,286.50  7,391.75    -44.25       -0.60   615,687.00
4884  2018-10-09  NAS100  7,391.00  7,455.75  7,337.00  7,399.00      7.25        0.10   583,403.00
4885  2018-10-10  NAS100  7,394.75  7,412.00  7,000.00  7,032.00   -367.00       -4.96   924,204.00
4886  2018-10-11  NAS100  7,010.25  7,138.00  6,907.75  7,031.00     -1.00       -0.01 1,146,270.00
4887  2018-10-12  NAS100  7,040.75  7,197.75  7,034.25  7,172.25    141.25        2.01   772,623.00
4888  2018-10-15  NAS100  7,176.75  7,179.00  7,060.75  7,076.50    -95.75       -1.34   641,765.00
4889  2018-10-16  NAS100  7,068.25  7,357.50  7,063.50  7,353.75    277.25        3.92   614,355.00
4890  2018-10-17  NAS100  7,339.75  7,368.50  7,221.50  7,313.25    -40.50       -0.55   663,303.00
4891  2018-10-18  NAS100  7,307.75  7,309.50  7,094.50  7,137.75   -175.50       -2.40   705,908.00
4892  2018-10-19  NAS100  7,154.00  7,244.25  7,092.75  7,106.50    -31.25       -0.44   661,050.00
4893  2018-10-22  NAS100  7,085.75  7,210.50  7,057.00  7,155.25     48.75        0.69   650,331.00
4894  2018-10-23  NAS100  7,155.00  7,164.00  6,944.00  7,140.25    -15.00       -0.21   825,811.00
4895  2018-10-24  NAS100  7,136.25  7,175.00  6,785.75  6,836.25   -304.00       -4.26   895,420.00
4896  2018-10-25  NAS100  6,878.50  7,075.75  6,816.75  6,926.50     90.25        1.32   793,502.00
4897  2018-10-26  NAS100  6,882.00  6,986.50  6,734.25  6,893.25    -33.25       -0.48 1,069,548.00
4898  2018-10-29  NAS100  6,898.00  6,991.50  6,580.50  6,736.25   -157.00       -2.28   905,327.00
4899  2018-10-30  NAS100  6,719.25  6,849.25  6,661.00  6,815.25     79.00        1.17   832,546.00
4900  2018-10-31  NAS100  6,857.00  7,039.25  6,816.75  6,975.50    160.25        2.35   755,201.00
4901  2018-11-01  NAS100  6,960.00  7,079.75  6,936.75  7,077.75    102.25        1.47   589,071.00
4902  2018-11-02  NAS100  6,987.25  7,143.25  6,911.25  6,980.25    -97.50       -1.38   793,339.00
4903  2018-11-05  NAS100  6,972.75  6,998.50  6,865.00  6,949.50    -30.75       -0.44   506,045.00
4904  2018-11-06  NAS100  6,947.25  7,034.75  6,906.75  7,016.50     67.00        0.96   514,296.00
4905  2018-11-07  NAS100  7,011.50  7,225.00  6,971.50  7,218.50    202.00        2.88   621,601.00
4906  2018-11-08  NAS100  7,212.75  7,231.00  7,132.00  7,166.00    -52.50       -0.73   477,828.00
4907  2018-11-09  NAS100  7,145.75  7,166.25  6,989.00  7,031.25   -134.75       -1.88   596,695.00
4908  2018-11-12  NAS100  7,026.25  7,103.75  6,825.75  6,835.00   -196.25       -2.79   702,949.00
4909  2018-11-13  NAS100  6,847.00  6,962.00  6,801.25  6,853.00     18.00        0.26   711,516.00
4910  2018-11-14  NAS100  6,861.75  6,929.50  6,746.00  6,768.25    -84.75       -1.24   731,312.00
4911  2018-11-15  NAS100  6,780.00  6,920.50  6,712.25  6,915.50    147.25        2.18   793,461.00
4912  2018-11-16  NAS100  6,874.50  6,915.00  6,806.25  6,895.25    -20.25       -0.29   691,502.00
4913  2018-11-19  NAS100  6,875.00  6,934.50  6,632.25  6,672.00   -223.25       -3.24   743,936.00
4914  2018-11-20  NAS100  6,668.50  6,670.00  6,449.50  6,532.50   -139.50       -2.09   910,469.00
4915  2018-11-21  NAS100  6,527.75  6,647.75  6,509.00  6,576.25     43.75        0.67   569,302.00
4916  2018-11-22  NAS100  6,525.00  6,601.50  6,495.00  6,531.00    -45.25       -0.69   362,540.00
4917  2018-11-26  NAS100  6,537.50  6,696.50  6,530.50  6,673.25    142.25        2.18   503,369.00
4918  2018-11-27  NAS100  6,639.50  6,723.00  6,613.25  6,712.50     39.25        0.59   577,173.00
4919  2018-11-28  NAS100  6,722.25  6,923.50  6,709.25  6,918.25    205.75        3.07   639,404.00
4920  2018-11-29  NAS100  6,907.00  6,943.75  6,843.00  6,913.25     -5.00       -0.07   530,605.00
4921  2018-11-30  NAS100  6,902.25  6,967.25  6,871.50  6,949.50     36.25        0.52   485,575.00
4922  2018-12-03  NAS100  7,041.00  7,139.00  7,015.25  7,058.25    108.75        1.56   575,964.00
4923  2018-12-04  NAS100  7,055.25  7,055.25  6,783.00  6,803.25   -255.00       -3.61   811,925.00
4924  2018-12-05  NAS100  6,796.00  6,861.75  6,792.50  6,803.25      0.00        0.00    70,696.00
4925  2018-12-06  NAS100  6,834.50  6,854.25  6,630.25  6,824.50     21.25        0.31   986,103.00
4926  2018-12-07  NAS100  6,835.50  6,856.50  6,594.75  6,623.50   -201.00       -2.95   854,199.00
4927  2018-12-10  NAS100  6,596.25  6,714.50  6,535.25  6,699.25     75.75        1.14   778,327.00
4928  2018-12-11  NAS100  6,695.00  6,808.75  6,651.25  6,717.00     17.75        0.26   734,366.00
4929  2018-12-12  NAS100  6,686.50  6,872.00  6,683.50  6,769.00     52.00        0.77   663,375.00
4930  2018-12-13  NAS100  6,769.00  6,838.50  6,723.00  6,752.00    -17.00       -0.25   626,806.00
4931  2018-12-14  NAS100  6,752.00  6,760.75  6,583.25  6,599.50   -152.50       -2.26   351,779.00
4932  2018-12-17  NAS100  6,580.00  6,635.25  6,401.25  6,466.25   -133.25       -2.02   323,403.00
4933  2018-12-18  NAS100  6,496.50  6,577.50  6,457.00  6,483.75     17.50        0.27   646,315.00
4934  2018-12-19  NAS100  6,464.75  6,610.00  6,301.25  6,352.25   -131.50       -2.03   714,462.00
4935  2018-12-20  NAS100  6,350.00  6,404.50  6,180.00  6,325.25    -27.00       -0.43 1,011,493.00
4936  2018-12-21  NAS100  6,325.00  6,338.00  6,030.00  6,059.00   -266.25       -4.21   862,689.00
4937  2018-12-24  NAS100  6,049.75  6,123.00  5,888.75  5,892.00   -167.00       -2.76   449,594.00
4938  2018-12-26  NAS100  5,902.00  6,310.00  5,820.50  6,285.50    393.50        6.68   642,440.00
4939  2018-12-27  NAS100  6,283.00  6,333.00  6,053.25  6,323.50     38.00        0.60   740,129.00
4940  2018-12-28  NAS100  6,309.00  6,402.50  6,243.75  6,293.25    -30.25       -0.48   644,735.00
4941  2018-12-31  NAS100  6,312.25  6,376.75  6,283.00  6,333.25     40.00        0.64   386,061.00
4942  2019-01-02  NAS100  6,349.50  6,409.25  6,154.00  6,371.00     37.75        0.60   659,316.00
4943  2019-01-03  NAS100  6,242.75  6,304.25  6,148.50  6,162.00   -209.00       -3.28   714,536.00
4944  2019-01-04  NAS100  6,168.75  6,462.00  6,136.50  6,434.00    272.00        4.41   696,539.00
4945  2019-01-07  NAS100  6,451.25  6,535.75  6,402.50  6,496.50     62.50        0.97   516,597.00
4946  2019-01-08  NAS100  6,506.00  6,586.25  6,467.25  6,557.25     60.75        0.94   539,049.00
4947  2019-01-09  NAS100  6,546.75  6,645.00  6,546.75  6,604.75     47.50        0.72   496,789.00
4948  2019-01-10  NAS100  6,597.25  6,641.75  6,527.50  6,625.25     20.50        0.31   496,364.00
4949  2019-01-11  NAS100  6,622.50  6,632.50  6,572.00  6,612.75    -12.50       -0.19   364,787.00
4950  2019-01-14  NAS100  6,599.00  6,602.50  6,521.50  6,545.00    -67.75       -1.02   364,990.00
4951  2019-01-15  NAS100  6,543.00  6,689.00  6,542.25  6,676.75    131.75        2.01   492,324.00
4952  2019-01-16  NAS100  6,674.50  6,737.25  6,664.00  6,666.25    -10.50       -0.16   443,742.00
4953  2019-01-17  NAS100  6,670.00  6,760.00  6,612.25  6,720.00     53.75        0.81   472,761.00
4954  2019-01-18  NAS100  6,722.75  6,828.25  6,712.00  6,792.75     72.75        1.08   499,881.00
4955  2019-01-21  NAS100  6,794.50  6,794.50  6,611.50  6,653.00   -139.75       -2.06   651,258.00
4956  2019-01-23  NAS100  6,652.00  6,724.25  6,592.25  6,665.25     12.25        0.18   515,044.00
4957  2019-01-24  NAS100  6,663.00  6,718.50  6,653.00  6,675.00      9.75        0.15   449,017.00
4958  2019-01-25  NAS100  6,684.50  6,810.50  6,676.75  6,791.25    116.25        1.74   446,822.00
4959  2019-01-28  NAS100  6,784.25  6,791.00  6,648.25  6,701.75    -89.50       -1.32   490,045.00
4960  2019-01-29  NAS100  6,695.25  6,721.00  6,616.75  6,638.75    -63.00       -0.94   441,622.00
4961  2019-01-30  NAS100  6,690.25  6,845.25  6,657.75  6,837.25    198.50        2.99   526,133.00
4962  2019-01-31  NAS100  6,844.25  6,943.00  6,839.25  6,914.75     77.50        1.13   557,023.00
4963  2019-02-01  NAS100  6,911.00  6,927.50  6,860.50  6,877.75    -37.00       -0.54   461,403.00
4964  2019-02-04  NAS100  6,863.75  6,983.00  6,858.25  6,937.50     59.75        0.87   353,660.00
4965  2019-02-05  NAS100  6,937.50  7,033.75  6,928.25  7,008.00     70.50        1.02   369,764.00
4966  2019-02-06  NAS100  7,009.25  7,038.75  6,972.25  6,995.75    -12.25       -0.17   376,560.00
4967  2019-02-07  NAS100  6,988.00  6,994.75  6,856.25  6,905.50    -90.25       -1.29   595,400.00
4968  2019-02-08  NAS100  6,902.00  6,926.25  6,841.00  6,916.75     11.25        0.16   464,342.00
4969  2019-02-11  NAS100  6,921.75  6,969.50  6,896.25  6,914.25     -2.50       -0.04   384,589.00
4970  2019-02-12  NAS100  6,908.50  7,028.50  6,903.00  7,018.50    104.25        1.51   363,950.00
4971  2019-02-13  NAS100  7,017.25  7,069.75  7,012.00  7,016.25     -2.25       -0.03   359,971.00
4972  2019-02-14  NAS100  7,017.25  7,057.50  6,972.00  7,019.75      3.50        0.05   490,159.00
4973  2019-02-15  NAS100  7,017.50  7,095.25  6,975.25  7,063.75     44.00        0.63   430,944.00
4974  2019-02-18  NAS100  7,063.75  7,094.75  7,035.25  7,068.25      4.50        0.06   386,613.00
4975  2019-02-20  NAS100  7,068.75  7,105.00  7,032.25  7,073.25      5.00        0.07   418,267.00
4976  2019-02-21  NAS100  7,070.75  7,113.75  7,005.00  7,034.50    -38.75       -0.55   432,866.00
4977  2019-02-22  NAS100  7,031.25  7,101.25  7,019.25  7,088.25     53.75        0.76   367,501.00
4978  2019-02-25  NAS100  7,108.50  7,168.50  7,102.00  7,125.75     37.50        0.53   346,624.00
4979  2019-02-26  NAS100  7,122.00  7,151.00  7,073.25  7,117.75     -8.00       -0.11   362,741.00
4980  2019-02-27  NAS100  7,109.25  7,131.75  7,048.00  7,121.75      4.00        0.06   367,938.00
4981  2019-02-28  NAS100  7,121.25  7,130.75  7,072.50  7,102.50    -19.25       -0.27   360,883.00
4982  2019-03-01  NAS100  7,106.50  7,164.50  7,098.25  7,156.00     53.50        0.75   383,198.00
4983  2019-03-04  NAS100  7,177.00  7,211.50  7,074.50  7,145.75    -10.25       -0.14   556,660.00
4984  2019-03-05  NAS100  7,144.50  7,182.00  7,124.25  7,165.50     19.75        0.28   364,928.00
4985  2019-03-06  NAS100  7,156.00  7,171.25  7,107.00  7,111.25    -54.25       -0.76   444,302.00
4986  2019-03-07  NAS100  7,109.00  7,123.25  7,003.25  7,027.50    -83.75       -1.18   556,540.00
4987  2019-03-08  NAS100  7,025.50  7,034.00  6,939.00  7,026.75     -0.75       -0.01   312,130.00
4988  2019-03-11  NAS100  7,022.25  7,176.75  6,997.50  7,164.75    138.00        1.96   203,726.00
4989  2019-03-12  NAS100  7,200.00  7,250.50  7,188.00  7,234.25     69.50        0.97   419,767.00
4990  2019-03-13  NAS100  7,237.75  7,324.25  7,211.00  7,296.50     62.25        0.86   405,395.00
4991  2019-03-14  NAS100  7,302.75  7,318.50  7,265.75  7,267.25    -29.25       -0.40   361,924.00
4992  2019-03-15  NAS100  7,272.50  7,361.00  7,269.75  7,343.25     76.00        1.05   412,124.00
4993  2019-03-18  NAS100  7,338.00  7,379.50  7,321.75  7,360.75     17.50        0.24   366,874.00
4994  2019-03-19  NAS100  7,362.25  7,421.25  7,351.25  7,376.50     15.75        0.21   427,134.00
4995  2019-03-20  NAS100  7,378.00  7,458.00  7,349.50  7,409.50     33.00        0.45   550,615.00
4996  2019-03-21  NAS100  7,400.50  7,541.00  7,367.75  7,534.50    125.00        1.69   523,249.00
4997  2019-03-22  NAS100  7,526.75  7,544.75  7,353.00  7,368.75   -165.75       -2.20   694,561.00
4998  2019-03-25  NAS100  7,372.25  7,390.50  7,290.00  7,355.25    -13.50       -0.18   596,897.00
4999  2019-03-26  NAS100  7,363.00  7,447.50  7,340.50  7,376.75     21.50        0.29   557,412.00
5000  2019-03-27  NAS100  7,383.50  7,404.75  7,276.00  7,334.50    -42.25       -0.57   592,979.00
5001  2019-03-28  NAS100  7,323.50  7,372.50  7,289.50  7,352.00     17.50        0.24   446,378.00
5002  2019-03-29  NAS100  7,350.25  7,414.50  7,350.25  7,400.50     48.50        0.66   395,579.00
5003  2019-04-01  NAS100  7,430.00  7,506.50  7,428.50  7,498.50     98.00        1.32   412,914.00
5004  2019-04-02  NAS100  7,495.25  7,532.50  7,483.75  7,519.25     20.75        0.28   359,192.00
5005  2019-04-03  NAS100  7,517.00  7,616.25  7,513.25  7,582.25     63.00        0.84   483,546.00
5006  2019-04-04  NAS100  7,581.25  7,598.00  7,522.00  7,561.50    -20.75       -0.27   432,440.00
5007  2019-04-05  NAS100  7,565.00  7,612.75  7,556.00  7,604.25     42.75        0.57   358,710.00
5008  2019-04-08  NAS100  7,607.75  7,629.25  7,561.25  7,623.50     19.25        0.25   333,328.00
5009  2019-04-09  NAS100  7,625.75  7,633.75  7,578.75  7,593.25    -30.25       -0.40   389,517.00
5010  2019-04-10  NAS100  7,590.50  7,646.00  7,575.75  7,641.25     48.00        0.63   332,696.00
5011  2019-04-11  NAS100  7,644.00  7,661.00  7,601.50  7,617.25    -24.00       -0.31   340,950.00
5012  2019-04-12  NAS100  7,617.00  7,665.00  7,611.00  7,652.25     35.00        0.46   346,210.00
5013  2019-04-15  NAS100  7,654.00  7,659.00  7,598.75  7,647.75     -4.50       -0.06   322,483.00
5014  2019-04-16  NAS100  7,650.75  7,695.00  7,648.75  7,679.50     31.75        0.42   373,199.00
5015  2019-04-17  NAS100  7,676.50  7,733.50  7,668.50  7,689.75     10.25        0.13   463,944.00
5016  2019-04-18  NAS100  7,691.50  7,723.00  7,660.25  7,712.50     22.75        0.30   393,586.00
5017  2019-04-22  NAS100  7,715.25  7,746.75  7,669.75  7,734.75     22.25        0.29   253,668.00
5018  2019-04-23  NAS100  7,738.00  7,843.75  7,724.50  7,838.00    103.25        1.33   427,149.00
5019  2019-04-24  NAS100  7,833.50  7,852.75  7,802.25  7,847.75      9.75        0.12   387,633.00
5020  2019-04-25  NAS100  7,855.25  7,879.50  7,792.00  7,798.50    -49.25       -0.63   488,329.00
5021  2019-04-26  NAS100  7,799.25  7,845.50  7,755.50  7,840.25     41.75        0.54   467,051.00
5022  2019-04-29  NAS100  7,837.25  7,867.75  7,805.50  7,813.75    -26.50       -0.34   320,324.00
5023  2019-04-30  NAS100  7,805.25  7,857.00  7,740.00  7,800.00    -13.75       -0.18   463,833.00
5024  2019-05-01  NAS100  7,848.75  7,867.25  7,736.00  7,756.50    -43.50       -0.56   484,406.00
5025  2019-05-02  NAS100  7,737.75  7,805.00  7,682.25  7,734.25    -22.25       -0.29   592,822.00
5026  2019-05-03  NAS100  7,739.00  7,872.50  7,734.75  7,865.00    130.75        1.69   454,088.00
5027  2019-05-06  NAS100  7,810.00  7,817.50  7,667.50  7,803.50    -61.50       -0.78   630,196.00
5028  2019-05-07  NAS100  7,744.75  7,804.00  7,581.25  7,674.00   -129.50       -1.66   838,952.00
5029  2019-05-08  NAS100  7,663.75  7,698.00  7,600.00  7,647.50    -26.50       -0.35   621,509.00
5030  2019-05-09  NAS100  7,639.75  7,644.50  7,481.00  7,595.25    -52.25       -0.68   741,216.00
5031  2019-05-10  NAS100  7,591.00  7,654.50  7,435.75  7,610.25     15.00        0.20   802,652.00
5032  2019-05-13  NAS100  7,534.25  7,551.50  7,305.00  7,314.75   -295.50       -3.88   773,473.00
5033  2019-05-14  NAS100  7,315.25  7,459.50  7,290.00  7,421.00    106.25        1.45   547,769.00
5034  2019-05-15  NAS100  7,429.25  7,538.50  7,353.75  7,529.25    108.25        1.46   535,915.00
5035  2019-05-16  NAS100  7,524.25  7,641.00  7,473.50  7,600.25     71.00        0.94   525,588.00
5036  2019-05-17  NAS100  7,600.75  7,620.00  7,506.50  7,511.50    -88.75       -1.17   626,777.00
5037  2019-05-20  NAS100  7,514.75  7,559.25  7,361.50  7,391.75   -119.75       -1.59   634,294.00
5038  2019-05-21  NAS100  7,408.25  7,485.25  7,400.75  7,464.00     72.25        0.98   436,744.00
5039  2019-05-22  NAS100  7,462.75  7,475.00  7,391.25  7,430.00    -34.00       -0.46   455,678.00
5040  2019-05-23  NAS100  7,430.75  7,434.75  7,268.00  7,311.00   -119.00       -1.60   640,165.00
5041  2019-05-24  NAS100  7,316.75  7,379.75  7,300.50  7,315.50      4.50        0.06   407,810.00
5042  2019-05-27  NAS100  7,315.50  7,371.75  7,280.25  7,295.25    -20.25       -0.28   528,983.00
5043  2019-05-29  NAS100  7,291.50  7,296.00  7,183.25  7,216.00    -79.25       -1.09   568,052.00
5044  2019-05-30  NAS100  7,214.75  7,271.25  7,208.50  7,255.25     39.25        0.54   403,475.00
5045  2019-05-31  NAS100  7,251.75  7,256.00  7,129.25  7,133.50   -121.75       -1.68   540,433.00
5046  2019-06-03  NAS100  7,110.00  7,132.50  6,941.25  6,993.75   -139.75       -1.96   771,723.00
5047  2019-06-04  NAS100  7,008.75  7,186.50  6,981.75  7,179.25    185.50        2.65   565,396.00
5048  2019-06-05  NAS100  7,189.00  7,245.25  7,150.25  7,228.50     49.25        0.69   534,798.00
5049  2019-06-06  NAS100  7,213.75  7,299.25  7,181.00  7,282.25     53.75        0.74   433,916.00
5050  2019-06-07  NAS100  7,266.50  7,453.00  7,257.75  7,419.50    137.25        1.88   484,835.00
5051  2019-06-10  NAS100  7,469.00  7,578.50  7,431.25  7,515.50     96.00        1.29   463,884.00
5052  2019-06-11  NAS100  7,519.50  7,600.75  7,492.75  7,518.25      2.75        0.04   461,725.00
5053  2019-06-12  NAS100  7,517.75  7,531.00  7,461.00  7,473.25    -45.00       -0.60   388,858.00
5054  2019-06-13  NAS100  7,476.00  7,536.00  7,421.00  7,522.75     49.50        0.66   396,174.00
5055  2019-06-14  NAS100  7,503.25  7,520.75  7,451.50  7,478.25    -44.50       -0.59   254,822.00
5056  2019-06-17  NAS100  7,481.00  7,550.75  7,476.00  7,534.25     56.00        0.75   184,038.00
5057  2019-06-18  NAS100  7,570.50  7,721.75  7,541.75  7,673.50    139.25        1.85   490,205.00
5058  2019-06-19  NAS100  7,668.00  7,713.50  7,630.00  7,702.00     28.50        0.37   409,721.00
5059  2019-06-20  NAS100  7,696.25  7,821.00  7,692.75  7,772.75     70.75        0.92   500,886.00
5060  2019-06-21  NAS100  7,762.75  7,803.50  7,726.00  7,751.50    -21.25       -0.27   379,078.00
5061  2019-06-24  NAS100  7,744.50  7,794.25  7,731.75  7,758.75      7.25        0.09   260,978.00
5062  2019-06-25  NAS100  7,753.00  7,779.50  7,609.50  7,628.75   -130.00       -1.68   424,811.00
5063  2019-06-26  NAS100  7,633.00  7,719.00  7,616.25  7,650.00     21.25        0.28   376,979.00
5064  2019-06-27  NAS100  7,641.00  7,716.50  7,640.75  7,690.50     40.50        0.53   300,152.00
5065  2019-06-28  NAS100  7,685.25  7,726.00  7,664.00  7,693.75      3.25        0.04   310,126.00
5066  2019-07-01  NAS100  7,781.50  7,849.75  7,759.00  7,790.00     96.25        1.25   406,594.00
5067  2019-07-02  NAS100  7,792.50  7,843.25  7,763.00  7,838.25     48.25        0.62   297,574.00
5068  2019-07-03  NAS100  7,840.25  7,892.75  7,824.50  7,887.50     49.25        0.63   209,604.00
5069  2019-07-04  NAS100  7,887.75  7,909.75  7,797.25  7,851.50    -36.00       -0.46   375,287.00
5070  2019-07-08  NAS100  7,855.00  7,863.50  7,777.50  7,801.00    -50.50       -0.64   342,228.00
5071  2019-07-09  NAS100  7,802.25  7,858.75  7,743.00  7,845.25     44.25        0.57   346,314.00
5072  2019-07-10  NAS100  7,848.00  7,949.50  7,811.25  7,928.75     83.50        1.06   442,842.00
5073  2019-07-11  NAS100  7,924.25  7,963.25  7,894.25  7,918.75    -10.00       -0.13   407,894.00
5074  2019-07-12  NAS100  7,917.25  7,967.50  7,911.75  7,960.00     41.25        0.52   299,817.00
5075  2019-07-15  NAS100  7,958.25  7,992.00  7,941.25  7,986.75     26.75        0.34   247,176.00
5076  2019-07-16  NAS100  7,982.75  8,001.50  7,924.00  7,942.75    -44.00       -0.55   303,702.00
5077  2019-07-17  NAS100  7,939.75  7,966.25  7,868.00  7,885.50    -57.25       -0.72   303,890.00
5078  2019-07-18  NAS100  7,868.00  7,954.75  7,833.00  7,933.50     48.00        0.61   413,722.00
5079  2019-07-19  NAS100  7,950.50  7,980.75  7,815.25  7,842.75    -90.75       -1.14   438,469.00
5080  2019-07-22  NAS100  7,830.00  7,936.50  7,826.25  7,924.75     82.00        1.05   355,209.00
5081  2019-07-23  NAS100  7,926.50  7,985.75  7,908.00  7,983.75     59.00        0.74   357,765.00
5082  2019-07-24  NAS100  7,944.00  8,051.75  7,925.25  8,038.00     54.25        0.68   356,159.00
5083  2019-07-25  NAS100  8,004.50  8,034.50  7,917.25  7,981.75    -56.25       -0.70   433,945.00
5084  2019-07-26  NAS100  7,992.00  8,040.75  7,987.50  8,019.75     38.00        0.48   322,305.00
5085  2019-07-29  NAS100  8,017.50  8,031.75  7,951.75  8,001.25    -18.50       -0.23   301,214.00
5086  2019-07-30  NAS100  8,004.25  8,020.00  7,928.25  7,963.25    -38.00       -0.47   394,698.00
5087  2019-07-31  NAS100  7,992.50  8,001.25  7,782.25  7,866.75    -96.50       -1.21   556,437.00
5088  2019-08-01  NAS100  7,834.00  8,014.50  7,776.75  7,808.25    -58.50       -0.74   772,956.00
5089  2019-08-02  NAS100  7,797.00  7,806.00  7,650.25  7,702.25   -106.00       -1.36   736,453.00
5090  2019-08-05  NAS100  7,701.75  7,705.50  7,359.75  7,385.25   -317.00       -4.12   848,399.00
5091  2019-08-06  NAS100  7,349.00  7,549.00  7,224.50  7,515.50    130.25        1.76   845,239.00
5092  2019-08-07  NAS100  7,512.75  7,577.50  7,387.50  7,553.25     37.75        0.50   851,275.00
5093  2019-08-08  NAS100  7,553.50  7,738.50  7,526.00  7,735.75    182.50        2.42   553,666.00
5094  2019-08-09  NAS100  7,699.50  7,724.00  7,596.75  7,660.25    -75.50       -0.98   619,044.00
5095  2019-08-12  NAS100  7,654.50  7,710.00  7,534.75  7,566.75    -93.50       -1.22   552,715.00
5096  2019-08-13  NAS100  7,570.25  7,789.50  7,514.00  7,748.00    181.25        2.40   674,983.00
5097  2019-08-14  NAS100  7,746.50  7,767.50  7,477.00  7,488.75   -259.25       -3.35   825,231.00
5098  2019-08-15  NAS100  7,469.00  7,572.75  7,388.25  7,496.25      7.50        0.10   705,042.00
5099  2019-08-16  NAS100  7,509.25  7,632.50  7,502.50  7,611.75    115.50        1.54   449,473.00
5100  2019-08-19  NAS100  7,617.25  7,750.00  7,616.00  7,727.50    115.75        1.52   401,476.00
5101  2019-08-20  NAS100  7,717.25  7,752.00  7,655.50  7,668.00    -59.50       -0.77   414,176.00
5102  2019-08-21  NAS100  7,655.00  7,765.75  7,652.25  7,750.25     82.25        1.07   344,352.00
5103  2019-08-22  NAS100  7,756.00  7,782.25  7,654.00  7,711.25    -39.00       -0.50   487,622.00
5104  2019-08-23  NAS100  7,705.75  7,762.00  7,447.75  7,504.50   -206.75       -2.68   763,864.00
5105  2019-08-26  NAS100  7,435.00  7,626.00  7,353.25  7,590.50     86.00        1.15   617,907.00
5106  2019-08-27  NAS100  7,591.50  7,648.50  7,537.00  7,562.75    -27.75       -0.37   520,966.00
5107  2019-08-28  NAS100  7,564.00  7,605.75  7,504.25  7,599.25     36.50        0.48   480,975.00
5108  2019-08-29  NAS100  7,582.25  7,730.25  7,548.50  7,712.00    112.75        1.48   447,668.00
5109  2019-08-30  NAS100  7,704.25  7,770.50  7,646.00  7,690.75    -21.25       -0.28   450,746.00
5110  2019-09-02  NAS100  7,628.25  7,695.50  7,580.75  7,617.50    -73.25       -0.95   643,037.00
5111  2019-09-04  NAS100  7,614.25  7,730.00  7,608.50  7,722.75    105.25        1.38   399,672.00
5112  2019-09-05  NAS100  7,722.00  7,886.75  7,717.25  7,855.50    132.75        1.72   478,413.00
5113  2019-09-06  NAS100  7,853.50  7,895.00  7,838.25  7,857.75      2.25        0.03   356,484.00
5114  2019-09-09  NAS100  7,857.00  7,887.00  7,798.50  7,830.75    -27.00       -0.34   372,953.00
5115  2019-09-10  NAS100  7,834.00  7,857.75  7,744.25  7,815.00    -15.75       -0.20   446,533.00
5116  2019-09-11  NAS100  7,818.50  7,905.00  7,786.50  7,889.75     74.75        0.96   383,871.00
5117  2019-09-12  NAS100  7,893.25  7,982.75  7,886.75  7,921.50     31.75        0.40   448,979.00
5118  2019-09-13  NAS100  7,916.25  7,958.50  7,881.75  7,886.00    -35.50       -0.45   243,852.00
5119  2019-09-16  NAS100  7,856.75  7,873.25  7,776.25  7,856.50    -29.50       -0.37   199,321.00
5120  2019-09-17  NAS100  7,887.00  7,921.50  7,850.75  7,914.50     58.00        0.74   331,358.00
5121  2019-09-18  NAS100  7,916.25  7,929.50  7,813.50  7,918.00      3.50        0.04   402,501.00
5122  2019-09-19  NAS100  7,925.00  7,973.75  7,852.50  7,918.00      0.00        0.00   400,780.00
5123  2019-09-20  NAS100  7,921.00  7,952.25  7,810.75  7,830.50    -87.50       -1.11   425,158.00
5124  2019-09-23  NAS100  7,839.25  7,897.50  7,807.75  7,850.50     20.00        0.26   348,180.00
5125  2019-09-24  NAS100  7,869.00  7,904.75  7,701.75  7,735.25   -115.25       -1.47   609,261.00
5126  2019-09-25  NAS100  7,738.25  7,844.25  7,663.00  7,820.25     85.00        1.10   540,081.00
5127  2019-09-26  NAS100  7,822.50  7,842.75  7,734.75  7,787.25    -33.00       -0.42   489,320.00
5128  2019-09-27  NAS100  7,787.00  7,822.00  7,641.00  7,701.25    -86.00       -1.10   598,171.00
5129  2019-09-30  NAS100  7,735.50  7,788.75  7,705.75  7,770.50     69.25        0.90   337,872.00
5130  2019-10-01  NAS100  7,784.00  7,841.50  7,691.00  7,695.50    -75.00       -0.97   478,759.00
5131  2019-10-02  NAS100  7,711.00  7,730.50  7,525.50  7,546.25   -149.25       -1.94   586,568.00
5132  2019-10-03  NAS100  7,551.50  7,661.50  7,474.25  7,658.50    112.25        1.49   582,820.00
5133  2019-10-04  NAS100  7,656.75  7,773.75  7,624.00  7,767.25    108.75        1.42   420,539.00
5134  2019-10-07  NAS100  7,712.50  7,799.75  7,682.50  7,740.00    -27.25       -0.35   381,262.00
5135  2019-10-08  NAS100  7,736.00  7,784.50  7,613.50  7,622.00   -118.00       -1.52   552,145.00
5136  2019-10-09  NAS100  7,621.00  7,732.00  7,604.50  7,699.75     77.75        1.02   404,170.00
5137  2019-10-10  NAS100  7,702.25  7,798.75  7,583.25  7,760.25     60.50        0.79   535,042.00
5138  2019-10-11  NAS100  7,783.25  7,918.50  7,767.00  7,859.00     98.75        1.27   490,521.00
5139  2019-10-14  NAS100  7,850.25  7,894.75  7,807.00  7,857.50     -1.50       -0.02   311,101.00
5140  2019-10-15  NAS100  7,862.25  7,971.75  7,859.75  7,959.75    102.25        1.30   347,657.00
5141  2019-10-16  NAS100  7,960.00  7,960.25  7,907.50  7,948.50    -11.25       -0.14   347,550.00
5142  2019-10-17  NAS100  7,954.25  7,994.75  7,922.00  7,952.75      4.25        0.05   368,623.00
5143  2019-10-18  NAS100  7,953.75  7,958.50  7,835.75  7,880.75    -72.00       -0.91   437,753.00
5144  2019-10-21  NAS100  7,874.25  7,951.75  7,865.75  7,948.25     67.50        0.86   275,031.00
5145  2019-10-22  NAS100  7,949.25  7,988.75  7,837.25  7,858.75    -89.50       -1.13   377,545.00
5146  2019-10-23  NAS100  7,846.25  7,918.25  7,810.25  7,901.50     42.75        0.54   348,671.00
5147  2019-10-24  NAS100  7,922.75  7,984.00  7,913.25  7,928.25     26.75        0.34   380,967.00
5148  2019-10-25  NAS100  7,928.50  8,041.50  7,918.50  8,035.75    107.50        1.36   348,318.00
5149  2019-10-28  NAS100  8,048.00  8,127.50  8,048.00  8,094.75     59.00        0.73   309,114.00
5150  2019-10-29  NAS100  8,109.25  8,118.75  8,050.75  8,055.25    -39.50       -0.49   351,246.00
5151  2019-10-30  NAS100  8,057.25  8,141.00  8,020.50  8,111.25     56.00        0.70   381,307.00
5152  2019-10-31  NAS100  8,128.50  8,139.00  8,046.00  8,090.25    -21.00       -0.26   448,458.00
5153  2019-11-01  NAS100  8,094.25  8,168.00  8,084.50  8,160.25     70.00        0.87   348,326.00
5154  2019-11-04  NAS100  8,165.00  8,233.75  8,164.00  8,215.75     55.50        0.68   325,479.00
5155  2019-11-05  NAS100  8,221.50  8,248.00  8,193.25  8,210.75     -5.00       -0.06   305,795.00
5156  2019-11-06  NAS100  8,208.00  8,228.25  8,161.00  8,207.25     -3.50       -0.04   314,414.00
5157  2019-11-07  NAS100  8,213.75  8,282.25  8,190.00  8,230.50     23.25        0.28   366,403.00
5158  2019-11-08  NAS100  8,230.00  8,264.25  8,190.00  8,257.25     26.75        0.33   326,871.00
5159  2019-11-11  NAS100  8,257.25  8,261.75  8,206.50  8,249.75     -7.50       -0.09   229,844.00
5160  2019-11-12  NAS100  8,253.25  8,300.25  8,228.50  8,275.00     25.25        0.31   316,729.00
5161  2019-11-13  NAS100  8,273.00  8,281.50  8,220.00  8,265.75     -9.25       -0.11   382,042.00
5162  2019-11-14  NAS100  8,269.00  8,285.50  8,216.25  8,265.50     -0.25       -0.00   381,593.00
5163  2019-11-15  NAS100  8,267.50  8,324.00  8,261.25  8,318.75     53.25        0.64   367,145.00
5164  2019-11-18  NAS100  8,318.75  8,367.00  8,279.25  8,333.50     14.75        0.18   370,609.00
5165  2019-11-19  NAS100  8,335.00  8,379.00  8,312.50  8,341.50      8.00        0.10   373,942.00
5166  2019-11-20  NAS100  8,333.00  8,348.00  8,231.00  8,291.75    -49.75       -0.60   526,978.00
5167  2019-11-21  NAS100  8,261.50  8,308.00  8,240.00  8,274.50    -17.25       -0.21   411,833.00
5168  2019-11-22  NAS100  8,280.25  8,313.50  8,233.25  8,280.50      6.00        0.07   344,497.00
5169  2019-11-25  NAS100  8,303.25  8,379.25  8,296.50  8,376.50     96.00        1.16   259,485.00
5170  2019-11-26  NAS100  8,374.25  8,422.00  8,366.25  8,400.75     24.25        0.29   285,726.00
5171  2019-11-27  NAS100  8,402.75  8,458.75  8,397.00  8,454.75     54.00        0.64   240,866.00
5172  2019-11-28  NAS100  8,456.75  8,458.25  8,406.50  8,417.50    -37.25       -0.44   242,603.00
5173  2019-12-02  NAS100  8,424.50  8,457.25  8,276.50  8,316.00   -101.50       -1.21   559,474.00
5174  2019-12-03  NAS100  8,313.75  8,337.50  8,168.25  8,251.25    -64.75       -0.78   614,317.00
5175  2019-12-04  NAS100  8,258.75  8,319.25  8,220.50  8,295.25     44.00        0.53   413,647.00
5176  2019-12-05  NAS100  8,296.25  8,340.00  8,273.25  8,309.25     14.00        0.17   370,987.00
5177  2019-12-06  NAS100  8,311.00  8,409.50  8,307.75  8,400.25     91.00        1.10   302,782.00
5178  2019-12-09  NAS100  8,401.50  8,427.25  8,347.00  8,356.00    -44.25       -0.53   292,419.00
5179  2019-12-10  NAS100  8,354.50  8,398.00  8,297.00  8,363.75      7.75        0.09   403,364.00
5180  2019-12-11  NAS100  8,366.25  8,411.00  8,345.00  8,405.50     41.75        0.50   304,183.00
5181  2019-12-12  NAS100  8,407.50  8,497.00  8,381.00  8,465.25     59.75        0.71   554,338.00
5182  2019-12-13  NAS100  8,485.00  8,523.75  8,435.50  8,494.00     28.75        0.34   335,038.00
5183  2019-12-16  NAS100  8,507.00  8,587.75  8,503.25  8,576.00     82.00        0.97   192,050.00
5184  2019-12-17  NAS100  8,604.50  8,626.50  8,592.75  8,605.25     29.25        0.34   311,604.00
5185  2019-12-18  NAS100  8,597.75  8,641.25  8,595.25  8,620.75     15.50        0.18   292,213.00
5186  2019-12-19  NAS100  8,624.75  8,682.50  8,608.75  8,673.50     52.75        0.61   283,145.00
5187  2019-12-20  NAS100  8,679.50  8,724.75  8,665.25  8,710.75     37.25        0.43   307,870.00
5188  2019-12-23  NAS100  8,710.75  8,743.25  8,707.50  8,726.50     15.75        0.18   194,915.00
5189  2019-12-24  NAS100  8,728.25  8,736.00  8,707.00  8,729.50      3.00        0.03   106,029.00
5190  2019-12-26  NAS100  8,730.25  8,805.00  8,729.00  8,804.25     74.75        0.86   170,684.00
5191  2019-12-27  NAS100  8,801.00  8,843.50  8,769.00  8,783.25    -21.00       -0.24   322,888.00
5192  2019-12-30  NAS100  8,783.50  8,809.75  8,691.25  8,733.75    -49.50       -0.56   404,047.00
5193  2019-12-31  NAS100  8,731.75  8,772.25  8,692.25  8,752.25     18.50        0.21   284,519.00
5194  2020-01-02  NAS100  8,776.75  8,901.50  8,769.50  8,891.75    139.50        1.59   416,637.00
5195  2020-01-03  NAS100  8,895.50  8,907.25  8,735.25  8,810.00    -81.75       -0.92   599,887.00
5196  2020-01-06  NAS100  8,772.25  8,873.00  8,723.00  8,847.50     37.50        0.43   469,514.00
5197  2020-01-07  NAS100  8,853.25  8,894.75  8,825.75  8,853.00      5.50        0.06   510,004.00
5198  2020-01-08  NAS100  8,841.50  8,972.25  8,678.00  8,944.50     91.50        1.03   723,085.00
5199  2020-01-09  NAS100  8,948.75  9,022.25  8,932.50  9,009.00     64.50        0.72   457,262.00
5200  2020-01-10  NAS100  9,010.00  9,055.50  8,966.25  8,978.25    -30.75       -0.34   472,166.00
5201  2020-01-13  NAS100  8,979.00  9,095.50  8,979.00  9,088.25    110.00        1.23   380,440.00
5202  2020-01-14  NAS100  9,087.75  9,114.75  9,035.00  9,062.50    -25.75       -0.28   553,343.00
5203  2020-01-15  NAS100  9,062.00  9,096.00  9,023.00  9,060.00     -2.50       -0.03   497,100.00
5204  2020-01-16  NAS100  9,061.75  9,140.25  9,061.50  9,133.50     73.50        0.81   397,881.00
5205  2020-01-17  NAS100  9,137.00  9,189.25  9,130.00  9,174.50     41.00        0.45   438,669.00
5206  2020-01-20  NAS100  9,174.00  9,199.75  9,114.75  9,169.75     -4.75       -0.05   532,160.00
5207  2020-01-22  NAS100  9,179.50  9,254.00  9,174.25  9,195.75     26.00        0.28   519,015.00
5208  2020-01-23  NAS100  9,190.00  9,253.50  9,151.75  9,248.25     52.50        0.57   616,950.00
5209  2020-01-24  NAS100  9,252.00  9,287.25  9,109.50  9,144.50   -103.75       -1.12   758,796.00
5210  2020-01-27  NAS100  9,077.00  9,077.00  8,925.50  8,954.50   -190.00       -2.08   792,705.00
5211  2020-01-28  NAS100  8,952.50  9,136.25  8,952.50  9,105.25    150.75        1.68   632,550.00
5212  2020-01-29  NAS100  9,119.50  9,158.75  9,072.25  9,098.50     -6.75       -0.07   578,408.00
5213  2020-01-30  NAS100  9,111.25  9,240.00  9,003.50  9,216.25    117.75        1.29   846,585.00
5214  2020-01-31  NAS100  9,226.50  9,248.75  8,966.00  8,997.75   -218.50       -2.37   898,384.00
5215  2020-02-03  NAS100  8,982.75  9,155.75  8,975.00  9,114.25    116.50        1.29   680,726.00
5216  2020-02-04  NAS100  9,099.00  9,369.25  9,073.00  9,355.00    240.75        2.64   563,913.00
5217  2020-02-05  NAS100  9,357.00  9,462.75  9,317.75  9,381.50     26.50        0.28   729,548.00
5218  2020-02-06  NAS100  9,390.00  9,464.00  9,362.50  9,455.50     74.00        0.79   545,054.00
5219  2020-02-07  NAS100  9,467.00  9,471.00  9,385.00  9,409.50    -46.00       -0.49   592,695.00
5220  2020-02-10  NAS100  9,401.50  9,531.50  9,330.75  9,527.50    118.00        1.25   500,147.00
5221  2020-02-11  NAS100  9,525.00  9,609.50  9,501.25  9,527.25     -0.25       -0.00   589,570.00
5222  2020-02-12  NAS100  9,536.25  9,628.25  9,523.75  9,625.75     98.50        1.03   454,472.00
5223  2020-02-13  NAS100  9,621.50  9,644.75  9,511.25  9,613.00    -12.75       -0.13   613,580.00
5224  2020-02-14  NAS100  9,626.25  9,659.25  9,588.00  9,632.25     19.25        0.20   489,387.00
5225  2020-02-17  NAS100  9,635.00  9,687.50  9,534.25  9,636.00      3.75        0.04   668,505.00
5226  2020-02-19  NAS100  9,643.25  9,748.75  9,641.25  9,733.50     97.50        1.01   419,130.00
5227  2020-02-20  NAS100  9,744.75  9,763.00  9,517.00  9,624.25   -109.25       -1.12   802,424.00
5228  2020-02-21  NAS100  9,617.25  9,623.75  9,411.50  9,458.00   -166.25       -1.73   911,839.00
5229  2020-02-24  NAS100  9,355.25  9,365.00  9,041.25  9,091.00   -367.00       -3.88 1,171,879.00
5230  2020-02-25  NAS100  9,091.00  9,224.25  8,810.00  8,854.25   -236.75       -2.60 1,344,897.00
5231  2020-02-26  NAS100  8,868.25  9,037.50  8,709.50  8,850.25     -4.00       -0.05 1,251,412.00
5232  2020-02-27  NAS100  8,811.50  8,878.50  8,334.25  8,382.75   -467.50       -5.28 1,580,041.00
5233  2020-02-28  NAS100  8,347.00  8,574.75  8,126.25  8,454.00     71.25        0.85 1,527,204.00
5234  2020-03-02  NAS100  8,349.25  8,883.25  8,224.25  8,791.25    337.25        3.99 1,373,357.00
5235  2020-03-03  NAS100  8,830.50  9,002.50  8,511.00  8,582.50   -208.75       -2.37 1,295,648.00
5236  2020-03-04  NAS100  8,557.50  8,950.00  8,508.25  8,896.50    314.00        3.66   939,032.00
5237  2020-03-05  NAS100  8,889.00  8,899.75  8,610.75  8,648.75   -247.75       -2.78   954,104.00
5238  2020-03-06  NAS100  8,677.00  8,726.50  8,310.50  8,503.25   -145.50       -1.68 1,097,279.00
5239  2020-03-09  NAS100  8,369.00  8,375.00  7,820.00  7,951.50   -551.75       -6.49   560,913.00
5240  2020-03-10  NAS100  7,893.75  8,378.75  7,814.25  8,331.50    380.00        4.78   982,070.00
5241  2020-03-11  NAS100  8,317.00  8,334.25  7,892.75  8,003.50   -328.00       -3.94   990,236.00
5242  2020-03-12  NAS100  7,998.75  8,108.00  7,128.50  7,215.25   -788.25       -9.85   876,291.00
5243  2020-03-13  NAS100  7,100.00  7,978.00  6,942.50  7,915.75    700.50        9.71   584,274.00
5244  2020-03-16  NAS100  7,903.00  7,905.25  6,927.00  7,057.50   -858.25      -10.84   307,368.00
5245  2020-03-17  NAS100  7,036.25  7,537.00  6,931.25  7,392.25    334.75        4.74   563,210.00
5246  2020-03-18  NAS100  7,343.25  7,380.00  6,810.00  7,205.50   -186.75       -2.53   512,012.00
5247  2020-03-19  NAS100  7,234.25  7,502.50  6,874.25  7,273.50     68.00        0.94   516,046.00
5248  2020-03-20  NAS100  7,177.00  7,629.00  6,891.00  6,969.00   -304.50       -4.19   562,616.00
5249  2020-03-23  NAS100  6,798.00  7,316.25  6,628.75  6,984.50     15.50        0.22   633,237.00
5250  2020-03-24  NAS100  7,005.75  7,572.25  7,005.75  7,554.75    570.25        8.16   556,553.00
5251  2020-03-25  NAS100  7,544.75  7,761.00  7,371.50  7,467.75    -87.00       -1.15   656,698.00
5252  2020-03-26  NAS100  7,483.50  7,893.50  7,310.25  7,844.00    376.25        5.04   567,711.00
5253  2020-03-27  NAS100  7,882.75  7,893.25  7,551.25  7,568.50   -275.50       -3.51   443,315.00
5254  2020-03-30  NAS100  7,395.75  7,884.00  7,365.00  7,854.75    286.25        3.78   419,576.00
5255  2020-03-31  NAS100  7,856.75  7,995.00  7,747.50  7,786.25    -68.50       -0.87   424,386.00
5256  2020-04-01  NAS100  7,772.50  7,773.50  7,404.25  7,438.75   -347.50       -4.46   411,364.00
5257  2020-04-02  NAS100  7,473.50  7,656.25  7,376.00  7,627.25    188.50        2.53   436,829.00
5258  2020-04-03  NAS100  7,623.00  7,660.25  7,423.50  7,522.75   -104.50       -1.37   351,874.00
5259  2020-04-06  NAS100  7,535.75  8,099.00  7,535.50  8,029.75    507.00        6.74   396,874.00
5260  2020-04-07  NAS100  8,034.25  8,303.25  7,948.00  8,012.00    -17.75       -0.22   531,043.00
5261  2020-04-08  NAS100  8,015.00  8,242.00  7,953.25  8,189.75    177.75        2.22   424,380.00
5262  2020-04-09  NAS100  8,195.25  8,326.25  8,101.75  8,227.50     37.75        0.46   522,648.00
5263  2020-04-13  NAS100  8,296.00  8,338.75  8,073.25  8,327.25     99.75        1.21   385,072.00
5264  2020-04-14  NAS100  8,337.00  8,710.00  8,319.00  8,692.50    365.25        4.39   431,916.00
5265  2020-04-15  NAS100  8,706.25  8,707.50  8,486.50  8,594.00    -98.50       -1.13   407,752.00
5266  2020-04-16  NAS100  8,576.00  8,842.50  8,500.50  8,734.25    140.25        1.63   539,163.00
5267  2020-04-17  NAS100  8,909.75  8,966.75  8,689.50  8,809.00     74.75        0.86   509,555.00
5268  2020-04-20  NAS100  8,799.50  8,846.00  8,687.00  8,692.00   -117.00       -1.33   427,981.00
5269  2020-04-21  NAS100  8,695.00  8,763.00  8,342.00  8,431.75   -260.25       -2.99   582,449.00
5270  2020-04-22  NAS100  8,447.00  8,700.00  8,400.00  8,638.00    206.25        2.45   373,067.00
5271  2020-04-23  NAS100  8,636.25  8,786.50  8,580.50  8,598.75    -39.25       -0.45   435,112.00
5272  2020-04-24  NAS100  8,588.25  8,780.25  8,498.25  8,769.00    170.25        1.98   380,231.00
5273  2020-04-27  NAS100  8,766.00  8,898.00  8,730.00  8,824.25     55.25        0.63   355,545.00
5274  2020-04-28  NAS100  8,819.00  8,945.75  8,654.50  8,719.75   -104.50       -1.18   440,939.00
5275  2020-04-29  NAS100  8,759.25  9,118.75  8,733.75  9,036.50    316.75        3.63   432,414.00
5276  2020-04-30  NAS100  9,109.50  9,144.75  8,856.50  8,988.50    -48.00       -0.53   462,961.00
5277  2020-05-01  NAS100  8,847.00  8,879.00  8,672.00  8,718.00   -270.50       -3.01   414,560.00
5278  2020-05-04  NAS100  8,624.00  8,828.00  8,556.25  8,795.50     77.50        0.89   381,914.00
5279  2020-05-05  NAS100  8,806.25  9,020.00  8,798.50  8,924.25    128.75        1.46   367,233.00
5280  2020-05-06  NAS100  8,928.50  9,056.50  8,877.75  8,952.00     27.75        0.31   414,045.00
5281  2020-05-07  NAS100  8,947.50  9,126.00  8,930.25  9,107.75    155.75        1.74   383,884.00
5282  2020-05-08  NAS100  9,115.00  9,238.00  9,103.25  9,218.25    110.50        1.21   362,315.00
5283  2020-05-11  NAS100  9,194.75  9,339.00  9,118.50  9,279.00     60.75        0.66   398,142.00
5284  2020-05-12  NAS100  9,282.00  9,345.50  9,040.50  9,078.25   -200.75       -2.16   500,539.00
5285  2020-05-13  NAS100  9,045.75  9,202.75  8,878.25  8,992.25    -86.00       -0.95   703,290.00
5286  2020-05-14  NAS100  9,012.75  9,104.00  8,847.00  9,079.50     87.25        0.97   639,071.00
5287  2020-05-15  NAS100  9,085.50  9,148.50  8,925.50  9,096.50     17.00        0.19   537,250.00
5288  2020-05-18  NAS100  9,135.00  9,361.50  9,110.25  9,325.50    229.00        2.52   398,562.00
5289  2020-05-19  NAS100  9,316.25  9,417.25  9,283.75  9,300.75    -24.75       -0.27   392,499.00
5290  2020-05-20  NAS100  9,289.75  9,498.00  9,273.00  9,485.50    184.75        1.99   369,922.00
5291  2020-05-21  NAS100  9,494.75  9,510.75  9,352.00  9,355.75   -129.75       -1.37   429,220.00
5292  2020-05-22  NAS100  9,360.50  9,422.50  9,241.50  9,406.25     50.50        0.54   365,377.00
5293  2020-05-25  NAS100  9,396.25  9,604.00  9,373.00  9,406.50      0.25        0.00   486,546.00
5294  2020-05-27  NAS100  9,409.00  9,508.00  9,172.50  9,432.50     26.00        0.28   560,524.00
5295  2020-05-28  NAS100  9,436.50  9,565.50  9,320.50  9,460.25     27.75        0.29   510,617.00
5296  2020-05-29  NAS100  9,453.50  9,590.50  9,372.00  9,560.25    100.00        1.06   529,700.00
5297  2020-06-01  NAS100  9,513.00  9,605.75  9,450.25  9,595.00     34.75        0.36   345,593.00
5298  2020-06-02  NAS100  9,590.00  9,670.00  9,504.75  9,647.75     52.75        0.55   389,908.00
5299  2020-06-03  NAS100  9,657.50  9,728.25  9,635.50  9,684.75     37.00        0.38   376,694.00
5300  2020-06-04  NAS100  9,685.50  9,742.50  9,572.25  9,626.25    -58.50       -0.60   462,358.00
5301  2020-06-05  NAS100  9,643.50  9,846.25  9,601.75  9,808.50    182.25        1.89   513,656.00
5302  2020-06-08  NAS100  9,819.00  9,901.00  9,747.00  9,884.75     76.25        0.78   391,647.00
5303  2020-06-09  NAS100  9,887.25 10,005.25  9,811.50  9,951.00     66.25        0.67   437,442.00
5304  2020-06-10  NAS100  9,960.00 10,155.50  9,958.50 10,087.25    136.25        1.37   557,713.00
5305  2020-06-11  NAS100 10,086.25 10,107.00  9,584.50  9,616.75   -470.50       -4.66   828,944.00
5306  2020-06-12  NAS100  9,616.00  9,849.25  9,494.75  9,645.00     28.25        0.29   508,840.00
5307  2020-06-15  NAS100  9,536.75  9,815.50  9,381.75  9,800.50    155.50        1.61   319,211.00
5308  2020-06-16  NAS100  9,799.75 10,001.75  9,786.50  9,961.50    161.00        1.64   596,508.00
5309  2020-06-17  NAS100  9,951.50 10,047.50  9,915.25  9,983.00     21.50        0.22   404,568.00
5310  2020-06-18  NAS100  9,982.25 10,029.00  9,866.50  9,983.00      0.00        0.00   431,111.00
5311  2020-06-19  NAS100  9,985.00 10,112.50  9,916.00  9,923.50    -59.50       -0.60   518,436.00
5312  2020-06-22  NAS100  9,868.00 10,134.50  9,843.50 10,124.75    201.25        2.03   354,768.00
5313  2020-06-23  NAS100 10,121.50 10,296.25  9,972.25 10,196.00     71.25        0.70   406,477.00
5314  2020-06-24  NAS100 10,183.00 10,242.00  9,927.25 10,010.75   -185.25       -1.82   661,645.00
5315  2020-06-25  NAS100 10,005.25 10,107.00  9,885.50 10,088.25     77.50        0.77   514,249.00
5316  2020-06-26  NAS100 10,087.00 10,120.50  9,824.25  9,865.50   -222.75       -2.21   576,150.00
5317  2020-06-29  NAS100  9,785.50  9,997.00  9,728.75  9,973.75    108.25        1.10   479,544.00
5318  2020-06-30  NAS100  9,983.00 10,171.50  9,940.25 10,147.25    173.50        1.74   422,348.00
5319  2020-07-01  NAS100 10,141.00 10,310.00 10,076.00 10,268.75    121.50        1.20   402,791.00
5320  2020-07-02  NAS100 10,258.50 10,422.25 10,246.50 10,355.75     87.00        0.85   404,764.00
5321  2020-07-03  NAS100 10,352.00 10,614.50 10,308.75 10,598.50    242.75        2.34   486,369.00
5322  2020-07-07  NAS100 10,600.00 10,694.50 10,505.75 10,532.25    -66.25       -0.63   465,212.00
5323  2020-07-08  NAS100 10,526.00 10,673.00 10,505.25 10,662.25    130.00        1.23   481,023.00
5324  2020-07-09  NAS100 10,674.25 10,774.25 10,560.00 10,727.50     65.25        0.61   607,385.00
5325  2020-07-10  NAS100 10,727.00 10,847.50 10,625.50 10,837.25    109.75        1.02   527,570.00
5326  2020-07-13  NAS100 10,848.25 11,058.50 10,561.50 10,600.00   -237.25       -2.19   736,178.00
5327  2020-07-14  NAS100 10,602.00 10,693.00 10,358.75 10,646.25     46.25        0.44   915,009.00
5328  2020-07-15  NAS100 10,706.00 10,766.50 10,551.25 10,683.25     37.00        0.35   719,947.00
5329  2020-07-16  NAS100 10,693.00 10,698.25 10,475.50 10,511.75   -171.50       -1.61   628,898.00
5330  2020-07-17  NAS100 10,532.25 10,669.75 10,523.75 10,622.50    110.75        1.05   443,143.00
5331  2020-07-20  NAS100 10,621.25 10,964.50 10,546.25 10,951.00    328.50        3.09   496,402.00
5332  2020-07-21  NAS100 10,952.25 11,058.00 10,784.75 10,851.00   -100.00       -0.91   587,994.00
5333  2020-07-22  NAS100 10,850.75 10,916.25 10,761.25 10,804.25    -46.75       -0.43   483,851.00
5334  2020-07-23  NAS100 10,850.00 10,938.50 10,514.50 10,548.25   -256.00       -2.37   644,189.00
5335  2020-07-24  NAS100 10,565.50 10,597.00 10,301.00 10,459.00    -89.25       -0.85   652,482.00
5336  2020-07-27  NAS100 10,490.00 10,684.00 10,401.00 10,675.25    216.25        2.07   444,802.00
5337  2020-07-28  NAS100 10,682.50 10,758.50 10,514.00 10,540.00   -135.25       -1.27   445,252.00
5338  2020-07-29  NAS100 10,558.00 10,699.75 10,512.25 10,674.25    134.25        1.27   368,010.00
5339  2020-07-30  NAS100 10,700.00 10,897.25 10,502.75 10,794.00    119.75        1.12   521,157.00
5340  2020-07-31  NAS100 10,906.50 10,939.00 10,691.00 10,890.50     96.50        0.89   631,553.00
5341  2020-08-03  NAS100 10,933.25 11,073.00 10,876.25 11,044.25    153.75        1.41   389,622.00
5342  2020-08-04  NAS100 11,054.00 11,094.75 10,983.00 11,086.00     41.75        0.38   395,698.00
5343  2020-08-05  NAS100 11,080.50 11,144.00 11,055.75 11,091.75      5.75        0.05   348,822.00
5344  2020-08-06  NAS100 11,094.00 11,271.75 11,051.25 11,261.25    169.50        1.53   420,437.00
5345  2020-08-07  NAS100 11,260.50 11,283.25 11,035.25 11,122.75   -138.50       -1.23   532,554.00
5346  2020-08-10  NAS100 11,140.25 11,156.50 10,928.25 11,072.00    -50.75       -0.46   485,730.00
5347  2020-08-11  NAS100 11,072.25 11,157.75 10,845.50 10,878.50   -193.50       -1.75   561,748.00
5348  2020-08-12  NAS100 10,928.50 11,185.75 10,878.50 11,126.00    247.50        2.28   434,240.00
5349  2020-08-13  NAS100 11,115.50 11,266.00 11,094.25 11,175.25     49.25        0.44   413,661.00
5350  2020-08-14  NAS100 11,180.50 11,237.75 11,096.00 11,133.75    -41.50       -0.37   398,616.00
5351  2020-08-17  NAS100 11,145.00 11,300.50 11,142.25 11,286.75    153.00        1.37   246,403.00
5352  2020-08-18  NAS100 11,285.50 11,415.25 11,268.00 11,409.25    122.50        1.09   326,816.00
5353  2020-08-19  NAS100 11,414.25 11,438.00 11,299.00 11,332.00    -77.25       -0.68   410,893.00
5354  2020-08-20  NAS100 11,327.00 11,496.50 11,221.50 11,477.25    145.25        1.28   401,137.00
5355  2020-08-21  NAS100 11,480.00 11,573.50 11,407.00 11,562.00     84.75        0.74   414,226.00
5356  2020-08-24  NAS100 11,581.00 11,722.50 11,528.25 11,636.25     74.25        0.64   617,004.00
5357  2020-08-25  NAS100 11,636.00 11,742.25 11,574.75 11,726.25     90.00        0.77   495,891.00
5358  2020-08-26  NAS100 11,739.50 12,001.50 11,726.75 11,991.25    265.00        2.26   578,801.00
5359  2020-08-27  NAS100 11,984.50 12,046.00 11,834.75 11,952.75    -38.50       -0.32   709,346.00
5360  2020-08-28  NAS100 11,953.25 12,018.25 11,920.50 11,991.75     39.00        0.33   489,066.00
5361  2020-08-31  NAS100 12,002.75 12,165.00 11,988.25 12,114.00    122.25        1.02   480,979.00
5362  2020-09-01  NAS100 12,109.75 12,328.75 12,093.00 12,312.50    198.50        1.64   518,997.00
5363  2020-09-02  NAS100 12,325.50 12,465.25 12,172.25 12,411.50     99.00        0.80   725,395.00
5364  2020-09-03  NAS100 12,408.50 12,438.75 11,658.50 11,800.50   -611.00       -4.92   931,583.00
5365  2020-09-04  NAS100 11,745.00 11,843.00 11,142.00 11,548.75   -251.75       -2.13 1,202,274.00
5366  2020-09-07  NAS100 11,531.00 11,585.00 11,040.50 11,060.50   -488.25       -4.23 1,012,392.00
5367  2020-09-09  NAS100 11,006.00 11,478.75 10,935.25 11,392.75    332.25        3.00   720,954.00
5368  2020-09-10  NAS100 11,377.75 11,566.75 11,088.00 11,178.25   -214.50       -1.88   885,270.00
5369  2020-09-11  NAS100 11,187.00 11,356.25 10,937.50 11,061.50   -116.75       -1.04   495,802.00
5370  2020-09-14  NAS100 11,104.00 11,362.75 11,104.00 11,280.50    219.00        1.98   322,360.00
5371  2020-09-15  NAS100 11,264.50 11,481.75 11,233.00 11,450.25    169.75        1.50   518,258.00
5372  2020-09-16  NAS100 11,450.25 11,539.00 11,223.75 11,255.00   -195.25       -1.71   613,797.00
5373  2020-09-17  NAS100 11,257.00 11,288.50 10,904.25 11,075.25   -179.75       -1.60   818,376.00
5374  2020-09-18  NAS100 11,066.50 11,163.00 10,742.00 10,927.00   -148.25       -1.34   800,279.00
5375  2020-09-21  NAS100 10,920.00 11,009.75 10,656.50 10,989.00     62.00        0.57   727,984.00
5376  2020-09-22  NAS100 10,966.25 11,191.00 10,897.50 11,149.50    160.50        1.46   573,572.00
5377  2020-09-23  NAS100 11,160.50 11,222.00 10,786.00 10,829.00   -320.50       -2.87   656,111.00
5378  2020-09-24  NAS100 10,803.50 11,011.75 10,660.25 10,891.75     62.75        0.58   791,934.00
5379  2020-09-25  NAS100 10,914.25 11,166.25 10,813.75 11,136.50    244.75        2.25   600,725.00
5380  2020-09-28  NAS100 11,145.00 11,404.00 11,140.25 11,394.75    258.25        2.32   568,217.00
5381  2020-09-29  NAS100 11,388.00 11,448.75 11,289.50 11,337.75    -57.00       -0.50   444,170.00
5382  2020-09-30  NAS100 11,321.00 11,526.00 11,167.00 11,407.25     69.50        0.61   647,968.00
5383  2020-10-01  NAS100 11,375.00 11,599.25 11,375.00 11,574.75    167.50        1.47   580,589.00
5384  2020-10-02  NAS100 11,566.75 11,604.75 11,204.50 11,233.25   -341.50       -2.95   806,629.00
5385  2020-10-05  NAS100 11,308.50 11,497.50 11,267.50 11,469.25    236.00        2.10   398,444.00
5386  2020-10-06  NAS100 11,473.00 11,524.50 11,197.50 11,273.75   -195.50       -1.70   612,278.00
5387  2020-10-07  NAS100 11,220.50 11,506.50 11,208.00 11,470.00    196.25        1.74   443,046.00
5388  2020-10-08  NAS100 11,473.25 11,578.75 11,469.75 11,539.00     69.00        0.60   403,379.00
5389  2020-10-09  NAS100 11,562.00 11,739.00 11,552.50 11,724.75    185.75        1.61   408,445.00
5390  2020-10-12  NAS100 11,722.75 12,197.00 11,687.75 12,098.25    373.50        3.19   756,438.00
5391  2020-10-13  NAS100 12,100.00 12,249.00 12,019.00 12,094.00     -4.25       -0.04   754,735.00
5392  2020-10-14  NAS100 12,079.75 12,178.00 11,901.75 11,974.25   -119.75       -0.99   597,198.00
5393  2020-10-15  NAS100 11,950.00 11,983.25 11,736.50 11,874.00   -100.25       -0.84   595,926.00
5394  2020-10-16  NAS100 11,891.00 12,022.00 11,792.00 11,798.00    -76.00       -0.64   527,026.00
5395  2020-10-19  NAS100 11,816.75 11,950.50 11,591.25 11,650.25   -147.75       -1.25   623,203.00
5396  2020-10-20  NAS100 11,697.50 11,792.00 11,598.50 11,660.75     10.50        0.09   622,702.00
5397  2020-10-21  NAS100 11,675.25 11,779.25 11,585.00 11,691.25     30.50        0.26   599,851.00
5398  2020-10-22  NAS100 11,683.50 11,724.00 11,511.00 11,649.75    -41.50       -0.35   583,669.00
5399  2020-10-23  NAS100 11,669.25 11,691.75 11,551.00 11,663.50     13.75        0.12   501,243.00
5400  2020-10-26  NAS100 11,634.00 11,695.50 11,343.25 11,492.25   -171.25       -1.47   674,142.00
5401  2020-10-27  NAS100 11,499.50 11,623.00 11,478.25 11,588.00     95.75        0.83   551,642.00
5402  2020-10-28  NAS100 11,558.50 11,566.75 11,123.75 11,132.75   -455.25       -3.93   749,420.00
5403  2020-10-29  NAS100 11,180.50 11,457.75 11,145.00 11,342.75    210.00        1.89   606,325.00
5404  2020-10-30  NAS100 11,213.25 11,281.25 10,944.50 11,046.25   -296.50       -2.61   801,978.00
5405  2020-11-02  NAS100 11,034.50 11,212.00 10,942.25 11,063.25     17.00        0.15   602,651.00
5406  2020-11-03  NAS100 11,074.75 11,347.00 11,064.50 11,265.75    202.50        1.83   509,496.00
5407  2020-11-04  NAS100 11,264.00 11,843.75 11,230.25 11,763.00    497.25        4.41   842,617.00
5408  2020-11-05  NAS100 11,830.00 12,119.50 11,771.25 12,076.50    313.50        2.67   578,443.00
5409  2020-11-06  NAS100 12,088.50 12,109.00 11,868.25 12,075.00     -1.50       -0.01   552,483.00
5410  2020-11-09  NAS100 12,139.25 12,408.75 11,812.25 11,820.50   -254.50       -2.11   731,881.00
5411  2020-11-10  NAS100 11,863.50 11,901.50 11,503.25 11,618.25   -202.25       -1.71   834,533.00
5412  2020-11-11  NAS100 11,632.25 11,917.75 11,575.25 11,886.00    267.75        2.30   546,218.00
5413  2020-11-12  NAS100 11,898.50 11,975.75 11,775.75 11,820.00    -66.00       -0.56   554,930.00
5414  2020-11-13  NAS100 11,857.00 11,952.75 11,801.75 11,933.50    113.50        0.96   445,512.00
5415  2020-11-16  NAS100 11,957.25 12,065.00 11,851.75 12,005.00     71.50        0.60   471,101.00
5416  2020-11-17  NAS100 12,061.25 12,096.25 11,953.75 11,975.00    -30.00       -0.25   401,505.00
5417  2020-11-18  NAS100 11,972.00 12,027.50 11,861.50 11,897.00    -78.00       -0.65   475,826.00
5418  2020-11-19  NAS100 11,876.00 12,000.00 11,804.50 11,987.25     90.25        0.76   421,691.00
5419  2020-11-20  NAS100 11,960.00 12,021.00 11,873.50 11,905.75    -81.50       -0.68   358,180.00
5420  2020-11-23  NAS100 11,894.00 12,001.75 11,808.25 11,905.25     -0.50       -0.00   425,777.00
5421  2020-11-24  NAS100 11,909.75 12,104.50 11,872.75 12,076.00    170.75        1.43   401,635.00
5422  2020-11-25  NAS100 12,098.50 12,177.75 12,077.50 12,152.25     76.25        0.63   386,232.00
5423  2020-11-26  NAS100 12,168.25 12,307.50 12,127.00 12,257.50    105.25        0.87   296,828.00
5424  2020-11-30  NAS100 12,286.50 12,337.25 12,086.00 12,277.00     19.50        0.16   493,064.00
5425  2020-12-01  NAS100 12,336.00 12,512.25 12,312.00 12,452.25    175.25        1.43   464,023.00
5426  2020-12-02  NAS100 12,456.25 12,473.50 12,312.50 12,454.25      2.00        0.02   400,405.00
5427  2020-12-03  NAS100 12,472.00 12,540.25 12,444.00 12,462.25      8.00        0.06   376,884.00
5428  2020-12-04  NAS100 12,487.00 12,535.75 12,448.50 12,526.00     63.75        0.51   321,796.00
5429  2020-12-07  NAS100 12,525.00 12,612.25 12,474.75 12,596.00     70.00        0.56   323,774.00
5430  2020-12-08  NAS100 12,574.00 12,652.50 12,502.00 12,637.50     41.50        0.33   365,422.00
5431  2020-12-09  NAS100 12,657.25 12,675.00 12,306.75 12,367.00   -270.50       -2.14   635,769.00
5432  2020-12-10  NAS100 12,342.75 12,449.00 12,218.25 12,402.00     35.00        0.28   529,843.00
5433  2020-12-11  NAS100 12,391.00 12,414.25 12,234.25 12,368.00    -34.00       -0.27   361,860.00
5434  2020-12-14  NAS100 12,405.50 12,545.00 12,386.50 12,456.50     88.50        0.72   296,143.00
5435  2020-12-15  NAS100 12,472.50 12,608.75 12,423.00 12,596.00    139.50        1.12   401,624.00
5436  2020-12-16  NAS100 12,604.00 12,704.75 12,572.00 12,670.75     74.75        0.59   407,269.00
5437  2020-12-17  NAS100 12,681.25 12,766.75 12,672.00 12,751.00     80.25        0.63   388,925.00
5438  2020-12-18  NAS100 12,747.50 12,789.75 12,610.00 12,712.50    -38.50       -0.30   460,979.00
5439  2020-12-21  NAS100 12,760.00 12,782.50 12,461.00 12,683.50    -29.00       -0.23   606,583.00
5440  2020-12-22  NAS100 12,698.25 12,760.00 12,593.50 12,710.00     26.50        0.21   457,270.00
5441  2020-12-23  NAS100 12,704.75 12,738.75 12,623.50 12,651.25    -58.75       -0.46   358,011.00
5442  2020-12-24  NAS100 12,660.75 12,724.00 12,631.50 12,704.50     53.25        0.42   173,464.00
5443  2020-12-28  NAS100 12,676.25 12,855.50 12,655.25 12,832.75    128.25        1.01   346,691.00
5444  2020-12-29  NAS100 12,845.25 12,918.25 12,808.25 12,841.00      8.25        0.06   393,995.00
5445  2020-12-30  NAS100 12,860.75 12,909.75 12,820.50 12,841.50      0.50        0.00   334,304.00
5446  2020-12-31  NAS100 12,840.00 12,896.00 12,796.50 12,885.50     44.00        0.34   280,573.00
5447  2021-01-04  NAS100 12,889.00 12,959.75 12,522.50 12,685.50   -200.00       -1.55   650,472.00
5448  2021-01-05  NAS100 12,682.75 12,809.00 12,612.00 12,793.50    108.00        0.85   483,173.00
5449  2021-01-06  NAS100 12,800.25 12,844.25 12,491.25 12,616.75   -176.75       -1.38   755,618.00
5450  2021-01-07  NAS100 12,658.50 12,959.00 12,646.50 12,928.00    311.25        2.47   435,939.00
5451  2021-01-08  NAS100 12,927.00 13,125.00 12,919.00 13,097.25    169.25        1.31   508,107.00
5452  2021-01-11  NAS100 13,093.25 13,105.25 12,871.75 12,897.00   -200.25       -1.53   454,751.00
5453  2021-01-12  NAS100 12,910.75 12,959.00 12,767.25 12,890.25     -6.75       -0.05   461,733.00
5454  2021-01-13  NAS100 12,882.50 13,003.00 12,820.75 12,972.25     82.00        0.64   416,295.00
5455  2021-01-14  NAS100 12,975.50 13,028.75 12,881.00 12,901.00    -71.25       -0.55   417,583.00
5456  2021-01-15  NAS100 12,909.00 12,931.25 12,743.50 12,802.25    -98.75       -0.77   539,769.00
5457  2021-01-18  NAS100 12,774.25 13,032.75 12,727.00 12,985.50    183.25        1.43   481,603.00
5458  2021-01-20  NAS100 13,030.00 13,327.00 13,017.00 13,294.25    308.75        2.38   438,765.00
5459  2021-01-21  NAS100 13,288.50 13,423.50 13,283.25 13,395.50    101.25        0.76   421,922.00
5460  2021-01-22  NAS100 13,394.00 13,402.25 13,300.25 13,361.50    -34.00       -0.25   407,706.00
5461  2021-01-25  NAS100 13,370.00 13,554.50 13,189.00 13,475.50    114.00        0.85   663,844.00
5462  2021-01-26  NAS100 13,459.75 13,599.75 13,380.25 13,485.50     10.00        0.07   502,390.00
5463  2021-01-27  NAS100 13,551.00 13,586.50 12,884.75 13,105.50   -380.00       -2.82   786,471.00
5464  2021-01-28  NAS100 13,052.50 13,394.00 12,906.25 13,186.00     80.50        0.61   623,570.00
5465  2021-01-29  NAS100 13,156.00 13,188.00 12,829.00 12,911.25   -274.75       -2.08   738,848.00
5466  2021-02-01  NAS100 12,849.00 13,271.50 12,727.25 13,236.50    325.25        2.52   549,549.00
5467  2021-02-02  NAS100 13,232.50 13,509.75 13,230.50 13,449.00    212.50        1.61   491,671.00
5468  2021-02-03  NAS100 13,506.00 13,584.50 13,386.75 13,394.25    -54.75       -0.41   499,098.00
5469  2021-02-04  NAS100 13,429.50 13,568.75 13,345.25 13,547.50    153.25        1.14   408,023.00
5470  2021-02-05  NAS100 13,560.00 13,638.50 13,519.50 13,598.00     50.50        0.37   431,935.00
5471  2021-02-08  NAS100 13,623.75 13,693.00 13,596.00 13,683.00     85.00        0.63   393,927.00
5472  2021-02-09  NAS100 13,683.50 13,735.25 13,634.00 13,680.25     -2.75       -0.02   367,116.00
5473  2021-02-10  NAS100 13,698.00 13,769.25 13,516.75 13,643.50    -36.75       -0.27   552,643.00
5474  2021-02-11  NAS100 13,662.00 13,743.75 13,612.50 13,729.00     85.50        0.63   495,131.00
5475  2021-02-12  NAS100 13,711.25 13,820.75 13,646.00 13,804.75     75.75        0.55   392,927.00
5476  2021-02-15  NAS100 13,829.50 13,900.50 13,716.00 13,767.75    -37.00       -0.27   604,657.00
5477  2021-02-17  NAS100 13,758.25 13,785.00 13,543.00 13,699.75    -68.00       -0.49   583,565.00
5478  2021-02-18  NAS100 13,699.50 13,723.25 13,468.00 13,633.00    -66.75       -0.49   574,576.00
5479  2021-02-19  NAS100 13,638.25 13,729.00 13,534.75 13,576.00    -57.00       -0.42   535,194.00
5480  2021-02-22  NAS100 13,585.00 13,629.00 13,215.00 13,224.25   -351.75       -2.59   648,527.00
5481  2021-02-23  NAS100 13,227.00 13,335.75 12,757.25 13,192.00    -32.25       -0.24   873,273.00
5482  2021-02-24  NAS100 13,170.75 13,334.00 12,958.00 13,302.00    110.00        0.83   673,353.00
5483  2021-02-25  NAS100 13,304.75 13,353.75 12,764.00 12,831.75   -470.25       -3.54   894,521.00
5484  2021-02-26  NAS100 12,802.50 13,089.50 12,662.25 12,911.00     79.25        0.62   841,911.00
5485  2021-03-01  NAS100 12,957.50 13,318.00 12,946.25 13,279.75    368.75        2.86   513,852.00
5486  2021-03-02  NAS100 13,312.25 13,328.25 13,048.25 13,055.25   -224.50       -1.69   563,138.00
5487  2021-03-03  NAS100 13,061.25 13,192.00 12,663.25 12,681.75   -373.50       -2.86   756,448.00
5488  2021-03-04  NAS100 12,682.00 12,797.00 12,306.50 12,455.00   -226.75       -1.79 1,049,493.00
5489  2021-03-05  NAS100 12,435.00 12,697.75 12,207.25 12,663.75    208.75        1.68 1,016,317.00
5490  2021-03-08  NAS100 12,715.00 12,761.25 12,281.75 12,297.25   -366.50       -2.89   749,028.00
5491  2021-03-09  NAS100 12,345.75 12,867.50 12,326.00 12,788.75    491.50        4.00   644,022.00
5492  2021-03-10  NAS100 12,812.00 12,993.25 12,703.00 12,749.25    -39.50       -0.31   715,961.00
5493  2021-03-11  NAS100 12,795.25 13,119.25 12,724.25 13,048.25    299.00        2.35   526,139.00
5494  2021-03-12  NAS100 13,055.00 13,095.00 12,768.25 12,933.50   -114.75       -0.88   476,352.00
5495  2021-03-15  NAS100 12,950.00 13,099.00 12,872.00 13,078.50    145.00        1.12   297,629.00
5496  2021-03-16  NAS100 13,073.00 13,287.25 13,048.25 13,141.25     62.75        0.48   524,804.00
5497  2021-03-17  NAS100 13,159.50 13,271.00 12,934.25 13,189.00     47.75        0.36   652,764.00
5498  2021-03-18  NAS100 13,187.00 13,267.00 12,762.00 12,779.75   -409.25       -3.10   708,016.00
5499  2021-03-19  NAS100 12,793.50 12,898.25 12,681.75 12,844.50     64.75        0.51   641,117.00
5500  2021-03-22  NAS100 12,807.00 13,157.00 12,788.50 13,071.75    227.25        1.77   478,667.00
5501  2021-03-23  NAS100 13,069.00 13,172.00 12,979.00 13,006.25    -65.50       -0.50   604,250.00
5502  2021-03-24  NAS100 13,050.25 13,145.25 12,784.00 12,794.00   -212.25       -1.63   626,538.00
5503  2021-03-25  NAS100 12,803.00 12,859.50 12,609.75 12,770.50    -23.50       -0.18   745,797.00
5504  2021-03-26  NAS100 12,799.75 12,988.50 12,676.25 12,966.75    196.25        1.54   622,214.00
5505  2021-03-29  NAS100 12,975.75 13,003.00 12,807.50 12,944.50    -22.25       -0.17   574,193.00
5506  2021-03-30  NAS100 12,975.00 12,984.00 12,776.50 12,878.25    -66.25       -0.51   516,408.00
5507  2021-03-31  NAS100 12,894.75 13,158.00 12,858.25 13,089.75    211.50        1.64   478,398.00
5508  2021-04-01  NAS100 13,094.50 13,332.50 13,090.25 13,316.00    226.25        1.73    41,618.00
5509  2021-04-05  NAS100 13,339.00 13,615.00 13,304.25 13,585.50    269.50        2.02   356,725.00
5510  2021-04-06  NAS100 13,603.75 13,655.00 13,524.25 13,570.00    -15.50       -0.11   457,218.00
5511  2021-04-07  NAS100 13,580.50 13,641.00 13,512.50 13,604.75     34.75        0.26   434,828.00
5512  2021-04-08  NAS100 13,620.75 13,789.75 13,615.50 13,747.75    143.00        1.05   435,060.00
5513  2021-04-09  NAS100 13,786.50 13,841.75 13,648.25 13,829.50     81.75        0.59   494,768.00
5514  2021-04-12  NAS100 13,817.75 13,832.25 13,732.00 13,808.75    -20.75       -0.15   453,968.00
5515  2021-04-13  NAS100 13,825.00 13,994.00 13,772.75 13,975.75    167.00        1.21   485,938.00
5516  2021-04-14  NAS100 13,977.75 14,029.00 13,772.75 13,798.75   -177.00       -1.27   662,204.00
5517  2021-04-15  NAS100 13,827.00 14,034.25 13,789.25 14,014.00    215.25        1.56   524,814.00
5518  2021-04-16  NAS100 14,002.00 14,059.50 13,952.75 14,029.50     15.50        0.11   500,612.00
5519  2021-04-19  NAS100 13,989.00 14,052.25 13,821.00 13,897.25   -132.25       -0.94   613,719.00
5520  2021-04-20  NAS100 13,900.00 13,933.75 13,719.25 13,794.25   -103.00       -0.74   606,019.00
5521  2021-04-21  NAS100 13,740.00 13,926.50 13,700.50 13,919.25    125.00        0.91   510,093.00
5522  2021-04-22  NAS100 13,896.50 13,944.75 13,701.75 13,750.25   -169.00       -1.21   623,942.00
5523  2021-04-23  NAS100 13,757.00 13,981.00 13,737.00 13,927.00    176.75        1.29   450,885.00
5524  2021-04-26  NAS100 13,919.75 14,039.25 13,865.50 14,011.50     84.50        0.61   403,664.00
5525  2021-04-27  NAS100 14,024.75 14,050.00 13,912.50 13,953.00    -58.50       -0.42   412,801.00
5526  2021-04-28  NAS100 13,955.50 13,993.50 13,878.00 13,892.25    -60.75       -0.44   501,596.00
5527  2021-04-29  NAS100 13,973.50 14,064.00 13,818.50 13,953.50     61.25        0.44   595,555.00
5528  2021-04-30  NAS100 13,948.25 13,956.75 13,819.75 13,850.00   -103.50       -0.74   555,237.00
5529  2021-05-03  NAS100 13,880.25 13,947.50 13,772.00 13,790.00    -60.00       -0.43   473,913.00
5530  2021-05-04  NAS100 13,785.00 13,792.50 13,380.75 13,536.00   -254.00       -1.84   667,316.00
5531  2021-05-05  NAS100 13,525.75 13,665.50 13,462.75 13,491.00    -45.00       -0.33   520,694.00
5532  2021-05-06  NAS100 13,484.00 13,611.50 13,388.75 13,597.75    106.75        0.79   567,452.00
5533  2021-05-07  NAS100 13,614.50 13,818.00 13,588.25 13,709.75    112.00        0.82   550,632.00
5534  2021-05-10  NAS100 13,718.00 13,752.00 13,305.50 13,356.75   -353.00       -2.57   603,725.00
5535  2021-05-11  NAS100 13,316.50 13,375.75 13,065.25 13,346.00    -10.75       -0.08   787,639.00
5536  2021-05-12  NAS100 13,321.25 13,351.75 12,959.75 12,998.50   -347.50       -2.60   760,916.00
5537  2021-05-13  NAS100 12,968.75 13,223.75 12,915.00 13,100.25    101.75        0.78   727,348.00
5538  2021-05-14  NAS100 13,095.00 13,426.25 13,071.00 13,387.00    286.75        2.19   468,758.00
5539  2021-05-17  NAS100 13,380.25 13,448.50 13,182.75 13,303.50    -83.50       -0.62   488,299.00
5540  2021-05-18  NAS100 13,308.50 13,432.25 13,178.50 13,212.00    -91.50       -0.69   442,088.00
5541  2021-05-19  NAS100 13,182.00 13,243.00 12,954.25 13,233.50     21.50        0.16   669,351.00
5542  2021-05-20  NAS100 13,220.50 13,522.75 13,150.75 13,486.50    253.00        1.91   465,782.00
5543  2021-05-21  NAS100 13,492.50 13,570.00 13,395.75 13,405.00    -81.50       -0.60   457,735.00
5544  2021-05-24  NAS100 13,383.25 13,686.00 13,356.50 13,635.25    230.25        1.72   368,611.00
5545  2021-05-25  NAS100 13,656.50 13,738.75 13,606.75 13,656.25     21.00        0.15   436,157.00
5546  2021-05-26  NAS100 13,670.25 13,728.50 13,656.00 13,700.25     44.00        0.32   343,069.00
5547  2021-05-27  NAS100 13,702.50 13,720.75 13,620.25 13,665.50    -34.75       -0.25   388,603.00
5548  2021-05-28  NAS100 13,694.75 13,763.50 13,662.75 13,686.50     21.00        0.15   366,218.00
5549  2021-05-31  NAS100 13,699.00 13,773.00 13,592.25 13,648.75    -37.75       -0.28   448,000.00
5550  2021-06-02  NAS100 13,653.25 13,712.75 13,603.25 13,673.75     25.00        0.18   371,449.00
5551  2021-06-03  NAS100 13,679.50 13,707.75 13,462.25 13,529.25   -144.50       -1.06   552,987.00
5552  2021-06-04  NAS100 13,531.75 13,783.75 13,467.75 13,766.75    237.50        1.76   446,994.00
5553  2021-06-07  NAS100 13,773.25 13,824.00 13,691.50 13,804.25     37.50        0.27   397,545.00
5554  2021-06-08  NAS100 13,823.00 13,917.25 13,741.75 13,811.50      7.25        0.05   482,546.00
5555  2021-06-09  NAS100 13,813.00 13,904.25 13,803.50 13,814.25      2.75        0.02   376,893.00
5556  2021-06-10  NAS100 13,817.00 13,976.50 13,726.00 13,959.75    145.50        1.05   492,336.00
5557  2021-06-11  NAS100 13,975.50 13,997.75 13,932.25 13,994.25     34.50        0.25   257,733.00
5558  2021-06-14  NAS100 13,999.00 14,133.50 13,965.25 14,124.75    130.50        0.93   229,733.00
5559  2021-06-15  NAS100 14,111.00 14,155.25 14,000.75 14,021.75   -103.00       -0.73   449,355.00
5560  2021-06-16  NAS100 14,039.00 14,095.75 13,830.25 13,972.75    -49.00       -0.35   566,333.00
5561  2021-06-17  NAS100 13,941.00 14,199.00 13,841.75 14,156.25    183.50        1.31   657,540.00
5562  2021-06-18  NAS100 14,180.00 14,204.75 14,010.00 14,035.00   -121.25       -0.86   575,363.00
5563  2021-06-21  NAS100 14,022.75 14,144.00 13,958.50 14,130.00     95.00        0.68   503,663.00
5564  2021-06-22  NAS100 14,136.75 14,279.25 14,066.50 14,258.25    128.25        0.91   420,968.00
5565  2021-06-23  NAS100 14,274.00 14,315.75 14,231.75 14,263.00      4.75        0.03   366,489.00
5566  2021-06-24  NAS100 14,275.25 14,422.00 14,270.00 14,354.25     91.25        0.64   409,864.00
5567  2021-06-25  NAS100 14,365.75 14,394.25 14,313.25 14,339.00    -15.25       -0.11   379,758.00
5568  2021-06-28  NAS100 14,350.00 14,519.75 14,333.25 14,512.50    173.50        1.21   376,860.00
5569  2021-06-29  NAS100 14,504.50 14,584.75 14,468.75 14,563.00     50.50        0.35   360,169.00
5570  2021-06-30  NAS100 14,584.75 14,598.50 14,518.25 14,549.00    -14.00       -0.10   384,458.00
5571  2021-07-01  NAS100 14,558.50 14,606.25 14,471.00 14,548.50     -0.50       -0.00   436,419.00
5572  2021-07-02  NAS100 14,543.75 14,729.00 14,513.25 14,713.75    165.25        1.14   392,168.00
5573  2021-07-05  NAS100 14,704.25 14,790.00 14,625.25 14,775.50     61.75        0.42   557,682.00
5574  2021-07-07  NAS100 14,764.50 14,883.75 14,726.25 14,802.25     26.75        0.18   471,450.00
5575  2021-07-08  NAS100 14,812.00 14,822.00 14,540.50 14,712.25    -90.00       -0.61   631,207.00
5576  2021-07-09  NAS100 14,710.25 14,832.00 14,640.75 14,810.50     98.25        0.67   424,770.00
5577  2021-07-12  NAS100 14,824.00 14,888.50 14,785.00 14,869.25     58.75        0.40   362,608.00
5578  2021-07-13  NAS100 14,880.00 14,994.75 14,794.50 14,865.00     -4.25       -0.03   506,392.00
5579  2021-07-14  NAS100 14,869.75 14,996.00 14,841.25 14,891.75     26.75        0.18   499,191.00
5580  2021-07-15  NAS100 14,895.00 14,962.75 14,708.25 14,787.50   -104.25       -0.70   634,785.00
5581  2021-07-16  NAS100 14,778.50 14,869.50 14,656.00 14,670.50   -117.00       -0.79   539,012.00
5582  2021-07-19  NAS100 14,675.00 14,682.50 14,445.00 14,540.75   -129.75       -0.88   720,291.00
5583  2021-07-20  NAS100 14,593.75 14,782.50 14,516.75 14,722.75    182.00        1.25   529,359.00
5584  2021-07-21  NAS100 14,729.75 14,839.50 14,668.25 14,827.75    105.00        0.71   404,345.00
5585  2021-07-22  NAS100 14,836.75 14,982.75 14,826.75 14,928.50    100.75        0.68   425,426.00
5586  2021-07-23  NAS100 14,979.50 15,117.25 14,934.25 15,098.00    169.50        1.14   449,261.00
5587  2021-07-26  NAS100 15,098.00 15,134.00 15,038.75 15,117.75     19.75        0.13   391,517.00
5588  2021-07-27  NAS100 15,125.25 15,131.50 14,774.25 14,947.75   -170.00       -1.12   671,793.00
5589  2021-07-28  NAS100 14,875.75 15,074.50 14,866.00 15,011.50     63.75        0.43   577,186.00
5590  2021-07-29  NAS100 14,984.75 15,084.00 14,905.00 15,037.75     26.25        0.17   412,593.00
5591  2021-07-30  NAS100 14,905.25 14,980.00 14,811.25 14,955.75    -82.00       -0.55   505,630.00
5592  2021-08-02  NAS100 14,972.75 15,056.25 14,932.25 14,952.75     -3.00       -0.02   446,142.00
5593  2021-08-03  NAS100 14,962.25 15,050.00 14,849.00 15,046.25     93.50        0.63   520,377.00
5594  2021-08-04  NAS100 15,038.00 15,108.00 14,997.00 15,073.50     27.25        0.18   445,703.00
5595  2021-08-05  NAS100 15,081.75 15,172.50 15,069.25 15,167.75     94.25        0.63   341,554.00
5596  2021-08-06  NAS100 15,167.75 15,169.75 15,047.25 15,095.50    -72.25       -0.48   425,074.00
5597  2021-08-09  NAS100 15,090.25 15,145.50 15,003.25 15,125.25     29.75        0.20   361,388.00
5598  2021-08-10  NAS100 15,128.75 15,157.25 14,994.50 15,044.50    -80.75       -0.53   475,298.00
5599  2021-08-11  NAS100 15,045.00 15,119.00 14,963.00 15,019.50    -25.00       -0.17   479,700.00
5600  2021-08-12  NAS100 15,008.50 15,090.50 14,941.25 15,078.50     59.00        0.39   384,239.00
5601  2021-08-13  NAS100 15,079.75 15,141.75 15,055.25 15,125.75     47.25        0.31   364,520.00
5602  2021-08-16  NAS100 15,119.25 15,139.00 14,917.25 15,134.00      8.25        0.05   590,789.00
5603  2021-08-17  NAS100 15,131.50 15,133.75 14,897.00 14,997.50   -136.50       -0.90   687,897.00
5604  2021-08-18  NAS100 14,970.25 15,037.25 14,806.50 14,849.25   -148.25       -0.99   568,846.00
5605  2021-08-19  NAS100 14,840.00 14,999.00 14,710.50 14,928.00     78.75        0.53   734,184.00
5606  2021-08-20  NAS100 14,943.25 15,100.00 14,851.00 15,086.75    158.75        1.06   504,460.00
5607  2021-08-23  NAS100 15,090.00 15,337.50 15,086.50 15,304.50    217.75        1.44   412,591.00
5608  2021-08-24  NAS100 15,327.00 15,384.00 15,309.50 15,355.50     51.00        0.33   365,577.00
5609  2021-08-25  NAS100 15,362.25 15,397.00 15,333.00 15,364.25      8.75        0.06   405,227.00
5610  2021-08-26  NAS100 15,367.25 15,368.25 15,255.25 15,274.75    -89.50       -0.58   564,382.00
5611  2021-08-27  NAS100 15,286.00 15,443.75 15,265.50 15,426.50    151.75        0.99   441,045.00
5612  2021-08-30  NAS100 15,432.75 15,617.75 15,420.00 15,597.50    171.00        1.11   417,563.00
5613  2021-08-31  NAS100 15,605.50 15,677.25 15,517.75 15,582.50    -15.00       -0.10   521,129.00
5614  2021-09-01  NAS100 15,599.50 15,699.00 15,578.50 15,609.25     26.75        0.17   465,488.00
5615  2021-09-02  NAS100 15,610.00 15,682.00 15,551.75 15,601.00     -8.25       -0.05   463,636.00
5616  2021-09-03  NAS100 15,601.00 15,677.50 15,552.25 15,651.50     50.50        0.32   462,870.00
5617  2021-09-06  NAS100 15,656.00 15,708.75 15,606.75 15,674.75     23.25        0.15   542,055.00
5618  2021-09-08  NAS100 15,671.00 15,691.00 15,523.75 15,620.00    -54.75       -0.35   559,402.00
5619  2021-09-09  NAS100 15,610.00 15,675.75 15,545.75 15,558.75    -61.25       -0.39   531,288.00
5620  2021-09-10  NAS100 15,561.00 15,668.00 15,433.50 15,441.50   -117.25       -0.75   402,816.00
5621  2021-09-13  NAS100 15,452.50 15,565.00 15,350.25 15,436.75     -4.75       -0.03   363,283.00
5622  2021-09-14  NAS100 15,444.00 15,524.25 15,344.50 15,379.75    -57.00       -0.37   536,799.00
5623  2021-09-15  NAS100 15,390.00 15,514.50 15,307.75 15,496.50    116.75        0.76   511,438.00
5624  2021-09-16  NAS100 15,509.75 15,532.50 15,358.75 15,509.50     13.00        0.08   476,956.00
5625  2021-09-17  NAS100 15,497.75 15,528.25 15,276.25 15,326.00   -183.50       -1.18   641,864.00
5626  2021-09-20  NAS100 15,284.00 15,338.25 14,807.50 15,009.50   -316.50       -2.07   845,911.00
5627  2021-09-21  NAS100 14,992.00 15,163.25 14,963.25 15,024.00     14.50        0.10   659,780.00
5628  2021-09-22  NAS100 14,992.75 15,227.00 14,930.50 15,163.50    139.50        0.93   601,005.00
5629  2021-09-23  NAS100 15,178.25 15,347.00 15,175.25 15,303.50    140.00        0.92   514,535.00
5630  2021-09-24  NAS100 15,300.25 15,334.25 15,176.75 15,318.75     15.25        0.10   470,511.00
5631  2021-09-27  NAS100 15,319.00 15,399.25 15,084.00 15,194.75   -124.00       -0.81   543,381.00
5632  2021-09-28  NAS100 15,172.25 15,192.25 14,740.75 14,764.75   -430.00       -2.83   836,785.00
5633  2021-09-29  NAS100 14,769.25 14,926.00 14,711.00 14,739.75    -25.00       -0.17   649,554.00
5634  2021-09-30  NAS100 14,769.75 14,883.50 14,670.25 14,682.50    -57.25       -0.39   699,372.00
5635  2021-10-01  NAS100 14,702.25 14,818.00 14,537.00 14,761.75     79.25        0.54   663,413.00
5636  2021-10-04  NAS100 14,785.00 14,835.00 14,367.75 14,462.25   -299.50       -2.03   802,849.00
5637  2021-10-05  NAS100 14,493.75 14,754.75 14,410.50 14,655.25    193.00        1.33   574,640.00
5638  2021-10-06  NAS100 14,662.00 14,770.00 14,422.50 14,759.00    103.75        0.71   756,883.00
5639  2021-10-07  NAS100 14,768.00 15,001.25 14,767.00 14,881.25    122.25        0.83   492,756.00
5640  2021-10-08  NAS100 14,891.25 14,996.00 14,790.75 14,808.25    -73.00       -0.49   550,607.00
5641  2021-10-11  NAS100 14,810.25 14,897.25 14,677.00 14,700.50   -107.75       -0.73   510,490.00
5642  2021-10-12  NAS100 14,688.50 14,783.25 14,585.50 14,653.25    -47.25       -0.32   599,367.00
5643  2021-10-13  NAS100 14,594.00 14,795.75 14,591.00 14,764.25    111.00        0.76   556,059.00
5644  2021-10-14  NAS100 14,770.25 15,071.50 14,767.50 15,037.25    273.00        1.85   425,055.00
5645  2021-10-15  NAS100 15,063.75 15,145.00 15,020.75 15,134.50     97.25        0.65   442,893.00
5646  2021-10-18  NAS100 15,145.00 15,297.25 15,038.75 15,290.50    156.00        1.03   423,424.00
5647  2021-10-19  NAS100 15,289.75 15,428.25 15,269.00 15,398.50    108.00        0.71   384,792.00
5648  2021-10-20  NAS100 15,411.00 15,446.50 15,319.00 15,377.50    -21.00       -0.14   451,735.00
5649  2021-10-21  NAS100 15,357.50 15,483.75 15,301.00 15,478.75    101.25        0.66   436,644.00
5650  2021-10-22  NAS100 15,383.00 15,463.50 15,273.75 15,341.00   -137.75       -0.89   545,390.00
5651  2021-10-25  NAS100 15,324.25 15,546.00 15,295.75 15,495.75    154.75        1.01   456,009.00
5652  2021-10-26  NAS100 15,543.00 15,701.00 15,503.00 15,545.00     49.25        0.32   586,099.00
5653  2021-10-27  NAS100 15,532.25 15,717.50 15,507.25 15,587.25     42.25        0.27   534,474.00
5654  2021-10-28  NAS100 15,595.00 15,777.00 15,591.75 15,764.75    177.50        1.14   498,210.00
5655  2021-10-29  NAS100 15,679.75 15,864.75 15,595.50 15,838.50     73.75        0.47   484,693.00
5656  2021-11-01  NAS100 15,885.25 15,914.75 15,768.50 15,894.25     55.75        0.35   411,507.00
5657  2021-11-02  NAS100 15,891.00 15,980.25 15,849.50 15,961.25     67.00        0.42   418,550.00
5658  2021-11-03  NAS100 15,957.75 16,145.75 15,935.25 16,129.75    168.50        1.06   448,135.00
5659  2021-11-04  NAS100 16,129.50 16,376.00 16,129.50 16,330.75    201.00        1.25   524,361.00
5660  2021-11-05  NAS100 16,335.00 16,448.50 16,292.00 16,351.75     21.00        0.13   525,824.00
5661  2021-11-08  NAS100 16,293.00 16,394.00 16,256.00 16,327.75    -24.00       -0.15   414,326.00
5662  2021-11-09  NAS100 16,315.50 16,391.75 16,160.00 16,212.75   -115.00       -0.70   560,749.00
5663  2021-11-10  NAS100 16,201.25 16,243.00 15,896.50 15,980.50   -232.25       -1.43   658,266.00
5664  2021-11-11  NAS100 15,989.00 16,114.00 15,976.00 16,022.75     42.25        0.26   434,778.00
5665  2021-11-12  NAS100 16,043.75 16,213.25 16,001.75 16,192.75    170.00        1.06   422,493.00
5666  2021-11-15  NAS100 16,212.25 16,276.50 16,082.25 16,187.75     -5.00       -0.03   483,873.00
5667  2021-11-16  NAS100 16,198.50 16,323.75 16,142.00 16,300.75    113.00        0.70   424,380.00
5668  2021-11-17  NAS100 16,297.75 16,396.50 16,270.00 16,311.50     10.75        0.07   455,992.00
5669  2021-11-18  NAS100 16,322.50 16,508.00 16,303.50 16,481.25    169.75        1.04   602,241.00
5670  2021-11-19  NAS100 16,503.25 16,628.50 16,490.25 16,575.00     93.75        0.57   549,031.00
5671  2021-11-22  NAS100 16,600.25 16,767.50 16,364.50 16,382.00   -193.00       -1.16   770,668.00
5672  2021-11-23  NAS100 16,399.00 16,418.75 16,118.50 16,312.00    -70.00       -0.43   901,449.00
5673  2021-11-24  NAS100 16,300.25 16,368.50 16,102.00 16,366.00     54.00        0.33   656,267.00
5674  2021-11-25  NAS100 16,360.00 16,436.00 15,988.00 16,051.00   -315.00       -1.92   680,753.00
5675  2021-11-29  NAS100 16,046.50 16,437.75 16,038.00 16,390.75    339.75        2.12   597,936.00
5676  2021-11-30  NAS100 16,419.00 16,456.25 16,068.75 16,150.50   -240.25       -1.47   854,651.00
5677  2021-12-01  NAS100 16,238.75 16,427.50 15,825.25 15,869.75   -280.75       -1.74   861,888.00
5678  2021-12-02  NAS100 15,891.75 16,066.25 15,762.75 15,988.50    118.75        0.75   853,707.00
5679  2021-12-03  NAS100 16,020.00 16,121.75 15,538.00 15,717.75   -270.75       -1.69   898,849.00
5680  2021-12-06  NAS100 15,716.25 15,897.25 15,559.25 15,842.75    125.00        0.80   695,515.00
5681  2021-12-07  NAS100 15,848.75 16,374.50 15,824.50 16,318.00    475.25        3.00   594,627.00
5682  2021-12-08  NAS100 16,360.50 16,436.75 16,251.50 16,392.25     74.25        0.46   494,849.00
5683  2021-12-09  NAS100 16,380.50 16,420.00 16,120.25 16,148.75   -243.50       -1.49   612,576.00
5684  2021-12-10  NAS100 16,158.50 16,335.75 16,133.75 16,329.75    181.00        1.12   395,288.00
5685  2021-12-13  NAS100 16,321.75 16,411.25 16,064.25 16,082.00   -247.75       -1.52   286,177.00
5686  2021-12-14  NAS100 16,088.00 16,132.75 15,734.00 15,922.25   -159.75       -0.99   689,272.00
5687  2021-12-15  NAS100 15,929.00 16,300.00 15,740.25 16,286.25    364.00        2.29   735,796.00
5688  2021-12-16  NAS100 16,288.00 16,457.00 15,793.00 15,866.75   -419.50       -2.58   789,654.00
5689  2021-12-17  NAS100 15,878.00 15,956.50 15,651.75 15,788.00    -78.75       -0.50   800,579.00
5690  2021-12-20  NAS100 15,809.50 15,851.75 15,492.00 15,621.25   -166.75       -1.06   676,197.00
5691  2021-12-21  NAS100 15,674.25 15,987.25 15,605.00 15,980.00    358.75        2.30   530,228.00
5692  2021-12-22  NAS100 15,979.00 16,183.00 15,881.50 16,169.75    189.75        1.19   476,670.00
5693  2021-12-23  NAS100 16,180.00 16,356.00 16,145.25 16,299.00    129.25        0.80   349,182.00
5694  2021-12-27  NAS100 16,304.25 16,580.75 16,304.25 16,560.00    261.00        1.60   351,308.00
5695  2021-12-28  NAS100 16,565.75 16,659.50 16,452.25 16,488.00    -72.00       -0.43   454,633.00
5696  2021-12-29  NAS100 16,513.50 16,564.25 16,387.50 16,490.50      2.50        0.02   354,985.00
5697  2021-12-30  NAS100 16,484.50 16,567.50 16,411.25 16,430.25    -60.25       -0.37   304,259.00
5698  2021-12-31  NAS100 16,431.00 16,464.00 16,313.75 16,320.75   -109.50       -0.67   363,720.00
5699  2022-01-03  NAS100 16,356.00 16,508.00 16,292.00 16,485.50    164.75        1.01   513,549.00
5700  2022-01-04  NAS100 16,497.75 16,564.00 16,139.50 16,275.75   -209.75       -1.27   669,527.00
5701  2022-01-05  NAS100 16,265.00 16,269.00 15,752.75 15,766.50   -509.25       -3.13   769,790.00
5702  2022-01-06  NAS100 15,763.75 15,895.75 15,598.50 15,759.00     -7.50       -0.05   802,950.00
5703  2022-01-07  NAS100 15,801.75 15,852.75 15,510.00 15,581.00   -178.00       -1.13   704,406.00
5704  2022-01-10  NAS100 15,590.00 15,669.00 15,152.50 15,608.00     27.00        0.17   888,780.00
5705  2022-01-11  NAS100 15,622.25 15,839.50 15,475.00 15,831.00    223.00        1.43   709,363.00
5706  2022-01-12  NAS100 15,826.00 16,009.25 15,762.50 15,887.25     56.25        0.36   671,265.00
5707  2022-01-13  NAS100 15,901.00 15,979.75 15,458.25 15,490.25   -397.00       -2.50   763,018.00
5708  2022-01-14  NAS100 15,505.00 15,621.00 15,312.50 15,595.75    105.50        0.68   795,897.00
5709  2022-01-17  NAS100 15,616.75 15,653.25 15,170.75 15,206.00   -389.75       -2.50   868,066.00
5710  2022-01-19  NAS100 15,238.75 15,372.00 15,011.25 15,033.50   -172.50       -1.13   776,612.00
5711  2022-01-20  NAS100 15,042.25 15,340.25 14,646.75 14,841.00   -192.50       -1.28   771,410.00
5712  2022-01-21  NAS100 14,722.00 14,858.50 14,408.50 14,426.50   -414.50       -2.79 1,041,723.00
5713  2022-01-24  NAS100 14,410.00 14,582.00 13,706.00 14,501.00     74.50        0.52 1,323,080.00
5714  2022-01-25  NAS100 14,495.00 14,499.00 13,890.00 14,140.75   -360.25       -2.48   957,800.00
5715  2022-01-26  NAS100 13,945.50 14,639.75 13,945.50 14,158.50     17.75        0.13   908,549.00
5716  2022-01-27  NAS100 14,194.00 14,409.25 13,844.50 13,986.75   -171.75       -1.21   866,647.00
5717  2022-01-28  NAS100 14,167.75 14,442.00 13,831.00 14,433.00    446.25        3.19   878,243.00
5718  2022-01-31  NAS100 14,454.00 14,914.75 14,353.25 14,905.00    472.00        3.27   654,278.00
5719  2022-02-01  NAS100 14,868.75 15,137.00 14,729.25 14,994.75     89.75        0.60   597,305.00
5720  2022-02-02  NAS100 15,129.00 15,260.00 14,825.00 15,114.50    119.75        0.80   645,396.00
5721  2022-02-03  NAS100 14,852.50 14,870.00 14,456.25 14,492.25   -622.25       -4.12   731,581.00
5722  2022-02-04  NAS100 14,770.00 14,825.75 14,362.75 14,685.50    193.25        1.33   763,735.00
5723  2022-02-07  NAS100 14,682.50 14,806.25 14,511.50 14,559.75   -125.75       -0.86   562,312.00
5724  2022-02-08  NAS100 14,600.00 14,776.00 14,467.50 14,734.50    174.75        1.20   611,858.00
5725  2022-02-09  NAS100 14,746.25 15,068.00 14,741.00 15,038.25    303.75        2.06   529,886.00
5726  2022-02-10  NAS100 15,062.25 15,062.25 14,622.00 14,701.00   -337.25       -2.24   834,478.00
5727  2022-02-11  NAS100 14,698.25 14,766.75 14,181.00 14,240.50   -460.50       -3.13   835,981.00
5728  2022-02-14  NAS100 14,250.00 14,394.00 14,031.00 14,253.00     12.50        0.09   734,224.00
5729  2022-02-15  NAS100 14,257.00 14,614.75 14,223.25 14,609.50    356.50        2.50   558,472.00
5730  2022-02-16  NAS100 14,588.00 14,668.50 14,381.00 14,600.00     -9.50       -0.07   594,304.00
5731  2022-02-17  NAS100 14,592.25 14,619.50 14,131.50 14,164.75   -435.25       -2.98   631,084.00
5732  2022-02-18  NAS100 14,156.25 14,299.00 13,906.25 13,996.00   -168.75       -1.19   760,914.00
5733  2022-02-21  NAS100 13,952.75 14,157.50 13,580.25 13,862.75   -133.25       -0.95 1,114,720.00
5734  2022-02-23  NAS100 13,928.25 14,068.75 13,471.25 13,507.50   -355.25       -2.56   713,187.00
5735  2022-02-24  NAS100 13,484.25 13,983.25 13,025.75 13,966.50    459.00        3.40 1,122,732.00
5736  2022-02-25  NAS100 13,909.50 14,196.25 13,760.25 14,180.50    214.00        1.53   784,997.00
5737  2022-02-28  NAS100 13,900.25 14,292.25 13,683.00 14,228.00     47.50        0.33   753,711.00
5738  2022-03-01  NAS100 14,219.25 14,327.75 13,900.00 14,005.50   -222.50       -1.56   645,171.00
5739  2022-03-02  NAS100 14,026.25 14,290.00 13,911.50 14,239.25    233.75        1.67   629,022.00
5740  2022-03-03  NAS100 14,196.50 14,391.00 13,955.00 14,030.50   -208.75       -1.47   596,925.00
5741  2022-03-04  NAS100 14,069.25 14,086.50 13,733.75 13,839.75   -190.75       -1.36   725,774.00
5742  2022-03-07  NAS100 13,763.50 13,879.75 13,265.00 13,320.75   -519.00       -3.75   717,846.00
5743  2022-03-08  NAS100 13,283.00 13,666.00 13,103.25 13,267.00    -53.75       -0.40   841,407.00
5744  2022-03-09  NAS100 13,192.25 13,821.75 13,189.75 13,734.75    467.75        3.53   650,826.00
5745  2022-03-10  NAS100 13,778.00 13,778.00 13,396.25 13,586.00   -148.75       -1.08   611,077.00
5746  2022-03-11  NAS100 13,577.25 13,860.75 13,281.75 13,292.00   -294.00       -2.16   439,890.00
5747  2022-03-14  NAS100 13,362.00 13,447.50 13,015.50 13,045.50   -246.50       -1.85   402,608.00
5748  2022-03-15  NAS100 13,079.50 13,486.50 12,942.50 13,449.50    404.00        3.10   552,399.00
5749  2022-03-16  NAS100 13,445.25 14,025.75 13,417.25 13,949.75    500.25        3.72   651,016.00
5750  2022-03-17  NAS100 13,991.00 14,132.50 13,819.00 14,107.75    158.00        1.13   527,113.00
5751  2022-03-18  NAS100 14,056.75 14,442.75 13,966.50 14,413.50    305.75        2.17   558,776.00
5752  2022-03-21  NAS100 14,404.00 14,466.75 14,183.75 14,370.50    -43.00       -0.30   589,629.00
5753  2022-03-22  NAS100 14,390.00 14,690.75 14,293.50 14,654.00    283.50        1.97   509,918.00
5754  2022-03-23  NAS100 14,654.00 14,682.25 14,441.00 14,447.00   -207.00       -1.41   555,130.00
5755  2022-03-24  NAS100 14,462.75 14,769.75 14,433.50 14,763.75    316.75        2.19   512,267.00
5756  2022-03-25  NAS100 14,765.00 14,840.50 14,572.50 14,755.75     -8.00       -0.05   553,931.00
5757  2022-03-28  NAS100 14,756.00 14,997.00 14,658.75 14,985.25    229.50        1.56   532,125.00
5758  2022-03-29  NAS100 14,981.00 15,268.75 14,956.50 15,237.75    252.50        1.68   552,951.00
5759  2022-03-30  NAS100 15,222.00 15,262.25 15,012.25 15,071.50   -166.25       -1.09   513,516.00
5760  2022-03-31  NAS100 15,100.50 15,180.75 14,855.50 14,868.75   -202.75       -1.35   560,785.00
5761  2022-04-01  NAS100 14,918.75 14,960.00 14,725.00 14,863.75     -5.00       -0.03   539,029.00
5762  2022-04-04  NAS100 14,846.00 15,174.50 14,801.00 15,164.25    300.50        2.02   460,171.00
5763  2022-04-05  NAS100 15,155.50 15,198.00 14,780.25 14,828.00   -336.25       -2.22   563,198.00
5764  2022-04-06  NAS100 14,861.00 14,861.25 14,394.75 14,505.25   -322.75       -2.18   783,213.00
5765  2022-04-07  NAS100 14,496.25 14,633.75 14,317.00 14,536.00     30.75        0.21   645,737.00
5766  2022-04-08  NAS100 14,536.25 14,642.25 14,310.50 14,327.00   -209.00       -1.44   640,156.00
5767  2022-04-11  NAS100 14,345.00 14,382.00 13,984.75 14,000.00   -327.00       -2.28   577,477.00
5768  2022-04-12  NAS100 14,006.25 14,284.25 13,881.25 13,945.00    -55.00       -0.39   704,351.00
5769  2022-04-13  NAS100 13,952.75 14,266.50 13,921.00 14,221.50    276.50        1.98   530,164.00
5770  2022-04-14  NAS100 14,211.50 14,296.25 13,876.50 13,893.75   -327.75       -2.30   548,400.00
5771  2022-04-18  NAS100 13,892.00 14,002.50 13,729.50 13,907.75     14.00        0.10   492,103.00
5772  2022-04-19  NAS100 13,962.75 14,242.00 13,828.00 14,217.25    309.50        2.23   556,357.00
5773  2022-04-20  NAS100 14,104.75 14,298.00 13,956.50 14,004.75   -212.50       -1.49   604,344.00
5774  2022-04-21  NAS100 14,070.00 14,283.00 13,667.50 13,728.25   -276.50       -1.97   685,788.00
5775  2022-04-22  NAS100 13,720.00 13,781.00 13,297.00 13,353.50   -374.75       -2.73   732,255.00
5776  2022-04-25  NAS100 13,334.25 13,549.75 13,184.00 13,535.75    182.25        1.36   749,649.00
5777  2022-04-26  NAS100 13,523.50 13,583.75 12,801.50 13,016.00   -519.75       -3.84   755,330.00
5778  2022-04-27  NAS100 12,881.00 13,255.25 12,878.25 13,009.00     -7.00       -0.05   817,196.00
5779  2022-04-28  NAS100 13,191.00 13,542.00 13,033.00 13,454.75    445.75        3.43   756,360.00
5780  2022-04-29  NAS100 13,219.50 13,433.00 12,831.75 12,852.00   -602.75       -4.48   723,386.00
5781  2022-05-02  NAS100 12,892.25 13,084.50 12,709.75 13,073.00    221.00        1.72   763,818.00
5782  2022-05-03  NAS100 13,051.75 13,183.75 12,968.50 13,087.50     14.50        0.11   662,216.00
5783  2022-05-04  NAS100 13,121.00 13,555.25 12,883.00 13,531.25    443.75        3.39   703,191.00
5784  2022-05-05  NAS100 13,500.25 13,548.00 12,705.25 12,858.00   -673.25       -4.98   877,795.00
5785  2022-05-06  NAS100 12,883.25 12,928.75 12,519.00 12,695.75   -162.25       -1.26   852,234.00
5786  2022-05-09  NAS100 12,605.00 12,637.25 12,135.25 12,193.75   -502.00       -3.95   816,033.00
5787  2022-05-10  NAS100 12,206.00 12,547.00 12,102.25 12,349.00    155.25        1.27   853,859.00
5788  2022-05-11  NAS100 12,328.75 12,553.25 11,938.50 11,969.75   -379.25       -3.07   865,890.00
5789  2022-05-12  NAS100 12,004.50 12,132.75 11,689.00 11,947.25    -22.50       -0.19   878,238.00
5790  2022-05-13  NAS100 11,891.50 12,432.00 11,891.50 12,382.75    435.50        3.65   663,517.00
5791  2022-05-16  NAS100 12,409.00 12,498.75 12,190.25 12,244.75   -138.00       -1.11   623,715.00
5792  2022-05-17  NAS100 12,235.50 12,578.00 12,234.00 12,560.25    315.50        2.58   653,222.00
5793  2022-05-18  NAS100 12,572.00 12,594.00 11,862.75 11,935.50   -624.75       -4.97   735,386.00
5794  2022-05-19  NAS100 11,907.00 12,076.75 11,704.00 11,878.25    -57.25       -0.48   827,741.00
5795  2022-05-20  NAS100 11,898.00 12,096.75 11,491.25 11,840.75    -37.50       -0.32   806,781.00
5796  2022-05-23  NAS100 11,866.00 12,075.50 11,783.75 12,035.25    194.50        1.64   660,213.00
5797  2022-05-24  NAS100 11,915.00 11,918.00 11,576.25 11,771.00   -264.25       -2.20   717,429.00
5798  2022-05-25  NAS100 11,808.00 12,036.00 11,672.00 11,942.25    171.25        1.45   671,096.00
5799  2022-05-26  NAS100 11,887.50 12,343.00 11,848.25 12,279.25    337.00        2.82   611,884.00
5800  2022-05-27  NAS100 12,250.00 12,720.25 12,222.00 12,677.75    398.50        3.25   615,992.00
5801  2022-05-30  NAS100 12,705.25 12,883.00 12,480.00 12,646.50    -31.25       -0.25   832,388.00
5802  2022-06-01  NAS100 12,662.50 12,823.50 12,454.75 12,551.00    -95.50       -0.76   682,211.00
5803  2022-06-02  NAS100 12,549.75 12,903.75 12,442.50 12,893.75    342.75        2.73   620,008.00
5804  2022-06-03  NAS100 12,896.00 12,945.25 12,503.00 12,551.00   -342.75       -2.66   652,955.00
5805  2022-06-06  NAS100 12,549.75 12,810.00 12,527.00 12,605.00     54.00        0.43   536,936.00
5806  2022-06-07  NAS100 12,605.25 12,740.25 12,412.50 12,711.50    106.50        0.84   577,970.00
5807  2022-06-08  NAS100 12,680.50 12,783.00 12,579.25 12,615.75    -95.75       -0.75   583,652.00
5808  2022-06-09  NAS100 12,625.00 12,726.00 12,255.25 12,275.00   -340.75       -2.70   690,155.00
5809  2022-06-10  NAS100 12,301.50 12,338.75 11,823.00 11,840.00   -435.00       -3.54   617,395.00
5810  2022-06-13  NAS100 11,768.00 11,772.50 11,254.50 11,296.50   -543.50       -4.59   530,220.00
5811  2022-06-14  NAS100 11,367.50 11,534.50 11,236.00 11,346.50     50.00        0.44   690,212.00
5812  2022-06-15  NAS100 11,364.75 11,794.25 11,358.50 11,629.00    282.50        2.49   745,920.00
5813  2022-06-16  NAS100 11,646.25 11,774.25 11,068.50 11,157.25   -471.75       -4.06   831,750.00
5814  2022-06-17  NAS100 11,206.75 11,396.00 11,119.00 11,296.75    139.50        1.25   731,831.00
5815  2022-06-20  NAS100 11,332.50 11,678.25 11,273.75 11,577.25    280.50        2.48   657,209.00
5816  2022-06-22  NAS100 11,579.75 11,745.75 11,320.50 11,565.75    -11.50       -0.10   638,960.00
5817  2022-06-23  NAS100 11,542.75 11,766.75 11,460.50 11,737.50    171.75        1.48   630,125.00
5818  2022-06-24  NAS100 11,687.75 12,148.50 11,684.75 12,140.50    403.00        3.43   563,303.00
5819  2022-06-27  NAS100 12,137.50 12,262.00 11,994.25 12,040.50   -100.00       -0.82   565,803.00
5820  2022-06-28  NAS100 12,076.25 12,174.25 11,661.50 11,674.25   -366.25       -3.04   634,694.00
5821  2022-06-29  NAS100 11,680.50 11,749.00 11,564.50 11,691.00     16.75        0.14   590,173.00
5822  2022-06-30  NAS100 11,691.50 11,696.75 11,351.00 11,529.50   -161.50       -1.38   738,071.00
5823  2022-07-01  NAS100 11,507.50 11,629.75 11,381.75 11,611.25     81.75        0.71   605,401.00
5824  2022-07-04  NAS100 11,606.00 11,815.75 11,389.25 11,808.50    197.25        1.70   790,937.00
5825  2022-07-06  NAS100 11,820.25 11,974.25 11,727.75 11,880.25     71.75        0.61   649,912.00
5826  2022-07-07  NAS100 11,901.25 12,168.50 11,836.50 12,138.50    258.25        2.17   550,463.00
5827  2022-07-08  NAS100 12,115.00 12,211.00 11,952.50 12,152.00     13.50        0.11   640,445.00
5828  2022-07-11  NAS100 12,149.75 12,149.75 11,853.00 11,884.25   -267.75       -2.20   578,336.00
5829  2022-07-12  NAS100 11,900.50 12,025.50 11,712.00 11,779.00   -105.25       -0.89   607,949.00
5830  2022-07-13  NAS100 11,780.00 11,970.00 11,479.25 11,762.25    -16.75       -0.14   732,270.00
5831  2022-07-14  NAS100 11,729.50 11,835.00 11,511.25 11,797.50     35.25        0.30   654,560.00
5832  2022-07-15  NAS100 11,810.50 12,021.50 11,740.25 12,007.50    210.00        1.78   560,980.00
5833  2022-07-18  NAS100 12,043.50 12,186.50 11,857.00 11,907.00   -100.50       -0.84   553,676.00
5834  2022-07-19  NAS100 11,909.50 12,328.50 11,889.50 12,274.00    367.00        3.08   585,591.00
5835  2022-07-20  NAS100 12,330.50 12,517.50 12,235.75 12,465.25    191.25        1.56   643,607.00
5836  2022-07-21  NAS100 12,440.00 12,655.25 12,373.50 12,640.00    174.75        1.40   605,066.00
5837  2022-07-22  NAS100 12,559.25 12,698.50 12,343.75 12,423.50   -216.50       -1.71   634,548.00
5838  2022-07-25  NAS100 12,444.50 12,498.50 12,266.50 12,354.50    -69.00       -0.56   491,612.00
5839  2022-07-26  NAS100 12,311.25 12,334.00 12,072.00 12,112.50   -242.00       -1.96   536,287.00
5840  2022-07-27  NAS100 12,192.00 12,690.00 12,191.75 12,619.00    506.50        4.18   634,889.00
5841  2022-07-28  NAS100 12,580.00 12,948.00 12,449.00 12,737.50    118.50        0.94   645,261.00
5842  2022-07-29  NAS100 12,920.25 13,012.00 12,744.25 12,971.50    234.00        1.84   592,416.00
5843  2022-08-01  NAS100 12,981.00 13,108.75 12,851.75 12,962.50     -9.00       -0.07   622,511.00
5844  2022-08-02  NAS100 12,974.25 13,097.00 12,814.75 12,924.50    -38.00       -0.29   674,564.00
5845  2022-08-03  NAS100 12,921.00 13,310.25 12,867.25 13,271.50    347.00        2.68   690,056.00
5846  2022-08-04  NAS100 13,247.00 13,356.00 13,184.75 13,327.00     55.50        0.42   542,680.00
5847  2022-08-05  NAS100 13,327.25 13,384.50 13,085.00 13,228.75    -98.25       -0.74   687,792.00
5848  2022-08-08  NAS100 13,227.75 13,419.25 13,120.50 13,183.25    -45.50       -0.34   597,182.00
5849  2022-08-09  NAS100 13,206.25 13,233.75 12,963.25 13,031.50   -151.75       -1.15   553,704.00
5850  2022-08-10  NAS100 13,050.00 13,408.00 12,982.00 13,392.00    360.50        2.77   602,069.00
5851  2022-08-11  NAS100 13,380.50 13,575.00 13,285.00 13,311.25    -80.75       -0.60   614,816.00
5852  2022-08-12  NAS100 13,344.25 13,583.25 13,312.00 13,577.75    266.50        2.00   500,647.00
5853  2022-08-15  NAS100 13,571.50 13,706.00 13,495.25 13,681.25    103.50        0.76   463,768.00
5854  2022-08-16  NAS100 13,674.75 13,740.75 13,522.75 13,658.25    -23.00       -0.17   555,979.00
5855  2022-08-17  NAS100 13,658.00 13,672.00 13,406.25 13,493.25   -165.00       -1.21   610,667.00
5856  2022-08-18  NAS100 13,503.00 13,575.50 13,410.75 13,523.25     30.00        0.22   530,513.00
5857  2022-08-19  NAS100 13,534.25 13,534.50 13,228.75 13,268.50   -254.75       -1.88   618,758.00
5858  2022-08-22  NAS100 13,226.50 13,226.50 12,874.50 12,909.75   -358.75       -2.70   599,946.00
5859  2022-08-23  NAS100 12,933.75 13,018.50 12,823.50 12,896.50    -13.25       -0.10   570,278.00
5860  2022-08-24  NAS100 12,892.00 13,011.25 12,825.75 12,929.75     33.25        0.26   503,227.00
5861  2022-08-25  NAS100 12,944.00 13,161.50 12,925.00 13,156.00    226.25        1.75   543,666.00
5862  2022-08-26  NAS100 13,153.75 13,220.00 12,557.50 12,620.50   -535.50       -4.07   753,862.00
5863  2022-08-29  NAS100 12,485.00 12,610.25 12,401.50 12,492.75   -127.75       -1.01   693,093.00
5864  2022-08-30  NAS100 12,503.50 12,658.25 12,247.50 12,358.75   -134.00       -1.07   797,462.00
5865  2022-08-31  NAS100 12,366.00 12,513.00 12,276.25 12,285.25    -73.50       -0.59   672,068.00
5866  2022-09-01  NAS100 12,284.75 12,299.50 12,017.75 12,292.25      7.00        0.06   820,606.00
5867  2022-09-02  NAS100 12,297.75 12,461.50 12,040.25 12,104.25   -188.00       -1.53   835,870.00
5868  2022-09-05  NAS100 12,110.50 12,244.50 11,930.00 12,019.00    -85.25       -0.70   895,450.00
5869  2022-09-07  NAS100 12,019.75 12,306.25 11,921.50 12,263.25    244.25        2.03   677,159.00
5870  2022-09-08  NAS100 12,267.75 12,379.50 12,115.75 12,321.75     58.50        0.48   737,024.00
5871  2022-09-09  NAS100 12,345.25 12,613.75 12,329.50 12,592.50    270.75        2.20   535,984.00
5872  2022-09-12  NAS100 12,626.00 12,773.75 12,573.25 12,740.75    148.25        1.18   444,255.00
5873  2022-09-13  NAS100 12,854.00 12,987.00 12,082.25 12,115.75   -625.00       -4.91   718,899.00
5874  2022-09-14  NAS100 12,128.00 12,253.00 12,080.25 12,222.25    106.50        0.88   677,897.00
5875  2022-09-15  NAS100 12,234.00 12,268.75 11,937.50 12,007.50   -214.75       -1.76   750,084.00
5876  2022-09-16  NAS100 11,951.50 11,961.25 11,778.50 11,933.50    -74.00       -0.62   754,923.00
5877  2022-09-19  NAS100 11,920.00 12,066.25 11,792.25 12,024.00     90.50        0.76   632,663.00
5878  2022-09-20  NAS100 12,045.75 12,092.50 11,828.25 11,922.25   -101.75       -0.85   704,882.00
5879  2022-09-21  NAS100 11,946.00 12,140.50 11,647.50 11,710.00   -212.25       -1.78   822,965.00
5880  2022-09-22  NAS100 11,661.25 11,796.00 11,510.00 11,565.50   -144.50       -1.23   786,180.00
5881  2022-09-23  NAS100 11,583.75 11,600.25 11,229.00 11,376.75   -188.75       -1.63   799,378.00
5882  2022-09-26  NAS100 11,362.50 11,537.75 11,256.50 11,316.25    -60.50       -0.53   809,853.00
5883  2022-09-27  NAS100 11,315.50 11,568.25 11,233.50 11,333.75     17.50        0.15   841,073.00
5884  2022-09-28  NAS100 11,361.00 11,613.50 11,141.50 11,555.75    222.00        1.96   897,742.00
5885  2022-09-29  NAS100 11,544.00 11,567.25 11,091.50 11,228.25   -327.50       -2.83   891,823.00
5886  2022-09-30  NAS100 11,220.00 11,357.25 11,024.25 11,035.50   -192.75       -1.72   878,168.00
5887  2022-10-03  NAS100 11,030.00 11,358.25 10,890.75 11,285.75    250.25        2.27   757,581.00
5888  2022-10-04  NAS100 11,314.50 11,675.00 11,281.50 11,640.75    355.00        3.15   772,885.00
5889  2022-10-05  NAS100 11,630.25 11,711.00 11,366.50 11,623.75    -17.00       -0.15   700,889.00
5890  2022-10-06  NAS100 11,628.00 11,729.75 11,505.25 11,541.75    -82.00       -0.71   773,914.00
5891  2022-10-07  NAS100 11,494.50 11,564.50 11,043.25 11,101.50   -440.25       -3.81   759,141.00
5892  2022-10-10  NAS100 11,067.75 11,136.50 10,876.75 10,984.50   -117.00       -1.05   757,732.00
5893  2022-10-11  NAS100 10,987.00 11,039.50 10,767.25 10,845.00   -139.50       -1.27   833,906.00
5894  2022-10-12  NAS100 10,875.00 10,976.75 10,805.50 10,840.50     -4.50       -0.04   731,214.00
5895  2022-10-13  NAS100 10,859.00 11,142.75 10,484.75 11,083.75    243.25        2.24 1,050,244.00
5896  2022-10-14  NAS100 11,064.75 11,253.50 10,726.75 10,744.00   -339.75       -3.07   843,525.00
5897  2022-10-17  NAS100 10,720.00 11,146.25 10,713.00 11,110.25    366.25        3.41   638,720.00
5898  2022-10-18  NAS100 11,161.25 11,431.75 11,081.50 11,198.75     88.50        0.80   832,215.00
5899  2022-10-19  NAS100 11,320.25 11,382.75 11,049.00 11,153.25    -45.50       -0.41   733,776.00
5900  2022-10-20  NAS100 11,134.00 11,328.75 11,008.00 11,090.75    -62.50       -0.56   739,672.00
5901  2022-10-21  NAS100 11,061.25 11,386.25 10,935.50 11,358.50    267.75        2.41   840,952.00
5902  2022-10-24  NAS100 11,393.75 11,530.25 11,207.75 11,478.75    120.25        1.06   715,016.00
5903  2022-10-25  NAS100 11,453.75 11,734.00 11,430.25 11,713.50    234.75        2.05   660,210.00
5904  2022-10-26  NAS100 11,510.00 11,703.50 11,415.00 11,446.00   -267.50       -2.28   784,638.00
5905  2022-10-27  NAS100 11,417.75 11,537.50 10,921.50 11,235.25   -210.75       -1.84   769,071.00
5906  2022-10-28  NAS100 11,122.75 11,626.00 11,062.00 11,587.00    351.75        3.13   728,261.00
5907  2022-10-31  NAS100 11,592.50 11,595.00 11,367.25 11,447.25   -139.75       -1.21   607,680.00
5908  2022-11-01  NAS100 11,455.00 11,619.00 11,288.75 11,332.00   -115.25       -1.01   605,362.00
5909  2022-11-02  NAS100 11,320.25 11,460.00 10,909.00 10,944.50   -387.50       -3.42   770,983.00
5910  2022-11-03  NAS100 10,938.00 10,996.00 10,708.00 10,728.00   -216.50       -1.98   705,050.00
5911  2022-11-04  NAS100 10,712.00 10,974.25 10,636.00 10,890.25    162.25        1.51   881,129.00
5912  2022-11-07  NAS100 10,786.50 11,038.50 10,751.00 11,014.25    124.00        1.14   554,692.00
5913  2022-11-08  NAS100 11,016.00 11,231.25 10,928.75 11,094.25     80.00        0.73   728,868.00
5914  2022-11-09  NAS100 11,089.25 11,164.25 10,822.25 10,830.75   -263.50       -2.38   669,071.00
5915  2022-11-10  NAS100 10,841.00 11,677.00 10,808.00 11,632.25    801.50        7.40   862,147.00
5916  2022-11-11  NAS100 11,669.75 11,876.75 11,569.25 11,848.00    215.75        1.85   682,257.00
5917  2022-11-14  NAS100 11,791.00 11,898.50 11,702.00 11,734.75   -113.25       -0.96   576,678.00
5918  2022-11-15  NAS100 11,768.50 12,118.75 11,761.75 11,904.25    169.50        1.44   771,822.00
5919  2022-11-16  NAS100 11,882.00 11,963.00 11,706.50 11,739.50   -164.75       -1.38   577,864.00
5920  2022-11-17  NAS100 11,777.75 11,827.50 11,528.25 11,710.50    -29.00       -0.25   658,469.00
5921  2022-11-18  NAS100 11,747.75 11,843.00 11,607.00 11,708.00     -2.50       -0.02   585,873.00
5922  2022-11-21  NAS100 11,723.00 11,756.00 11,553.00 11,588.00   -120.00       -1.02   477,970.00
5923  2022-11-22  NAS100 11,588.00 11,759.25 11,526.50 11,754.50    166.50        1.44   531,087.00
5924  2022-11-23  NAS100 11,741.50 11,892.75 11,720.00 11,862.75    108.25        0.92   474,645.00
5925  2022-11-24  NAS100 11,878.00 11,933.00 11,766.25 11,782.75    -80.00       -0.67   252,366.00
5926  2022-11-28  NAS100 11,731.25 11,788.50 11,575.25 11,616.25   -166.50       -1.41   506,250.00
5927  2022-11-29  NAS100 11,625.00 11,704.50 11,465.00 11,524.75    -91.50       -0.79   555,859.00
5928  2022-11-30  NAS100 11,520.00 12,078.50 11,497.75 12,042.25    517.50        4.49   769,082.00
5929  2022-12-01  NAS100 12,079.25 12,145.00 11,943.25 12,062.75     20.50        0.17   629,297.00
5930  2022-12-02  NAS100 12,039.75 12,067.75 11,740.50 12,010.25    -52.50       -0.44   588,295.00
5931  2022-12-05  NAS100 12,000.50 12,015.75 11,745.50 11,805.75   -204.50       -1.70   537,924.00
5932  2022-12-06  NAS100 11,812.00 11,846.25 11,502.00 11,566.00   -239.75       -2.03   657,271.00
5933  2022-12-07  NAS100 11,566.00 11,596.25 11,422.50 11,509.50    -56.50       -0.49   634,691.00
5934  2022-12-08  NAS100 11,500.00 11,685.75 11,433.00 11,645.50    136.00        1.18   600,826.00
5935  2022-12-09  NAS100 11,641.50 11,748.00 11,517.00 11,569.75    -75.75       -0.65   504,052.00
5936  2022-12-12  NAS100 11,553.00 11,716.00 11,522.75 11,711.75    142.00        1.23   354,886.00
5937  2022-12-13  NAS100 11,816.75 12,339.00 11,797.25 11,958.75    247.00        2.11   759,557.00
5938  2022-12-14  NAS100 11,955.00 12,069.50 11,729.00 11,869.00    -89.75       -0.75   613,152.00
5939  2022-12-15  NAS100 11,884.25 11,898.00 11,404.00 11,457.00   -412.00       -3.47   670,390.00
5940  2022-12-16  NAS100 11,446.50 11,491.50 11,275.50 11,344.75   -112.25       -0.98   665,526.00
5941  2022-12-19  NAS100 11,328.75 11,411.00 11,131.75 11,193.25   -151.50       -1.34   562,529.00
5942  2022-12-20  NAS100 11,182.50 11,247.00 11,043.50 11,175.75    -17.50       -0.16   625,090.00
5943  2022-12-21  NAS100 11,206.50 11,389.75 11,181.00 11,334.50    158.75        1.42   631,322.00
5944  2022-12-22  NAS100 11,357.00 11,384.75 10,870.50 11,054.25   -280.25       -2.47   714,500.00
5945  2022-12-23  NAS100 11,061.00 11,143.00 10,916.25 11,075.25     21.00        0.19   534,525.00
5946  2022-12-27  NAS100 11,104.00 11,183.75 10,896.00 10,915.50   -159.75       -1.44   499,799.00
5947  2022-12-28  NAS100 10,915.75 10,996.50 10,758.75 10,772.75   -142.75       -1.31   635,572.00
5948  2022-12-29  NAS100 10,785.75 11,071.50 10,777.50 11,032.75    260.00        2.41   470,004.00
5949  2022-12-30  NAS100 11,033.50 11,051.50 10,855.50 11,022.25    -10.50       -0.10   462,484.00
5950  2023-01-03  NAS100 11,122.50 11,182.00 10,844.75 10,945.50    -76.75       -0.70   657,681.00
5951  2023-01-04  NAS100 10,941.25 11,068.50 10,863.50 10,999.25     53.75        0.49   758,003.00
5952  2023-01-05  NAS100 10,988.50 11,046.75 10,805.00 10,820.25   -179.00       -1.63   694,452.00
5953  2023-01-06  NAS100 10,838.75 11,165.75 10,751.00 11,113.50    293.25        2.71   736,332.00
5954  2023-01-09  NAS100 11,126.50 11,385.50 11,120.25 11,185.50     72.00        0.65   646,318.00
5955  2023-01-10  NAS100 11,184.75 11,288.75 11,094.00 11,282.00     96.50        0.86   559,281.00
5956  2023-01-11  NAS100 11,282.50 11,479.50 11,239.75 11,476.50    194.50        1.72   500,153.00
5957  2023-01-12  NAS100 11,474.50 11,579.75 11,291.00 11,534.25     57.75        0.50   754,571.00
5958  2023-01-13  NAS100 11,528.50 11,619.50 11,389.00 11,608.00     73.75        0.64   482,002.00
5959  2023-01-16  NAS100 11,613.50 11,685.00 11,510.25 11,624.50     16.50        0.14   576,141.00
5960  2023-01-18  NAS100 11,619.75 11,759.50 11,468.00 11,475.75   -148.75       -1.28   619,614.00
5961  2023-01-19  NAS100 11,470.50 11,487.00 11,308.50 11,356.50   -119.25       -1.04   594,769.00
5962  2023-01-20  NAS100 11,401.00 11,686.75 11,365.25 11,677.00    320.50        2.82   577,769.00
5963  2023-01-23  NAS100 11,676.75 11,983.00 11,650.50 11,934.00    257.00        2.20   593,978.00
5964  2023-01-24  NAS100 11,933.00 12,010.50 11,835.75 11,909.50    -24.50       -0.21   511,370.00
5965  2023-01-25  NAS100 11,970.50 11,976.50 11,604.50 11,873.25    -36.25       -0.30   633,473.00
5966  2023-01-26  NAS100 11,874.75 12,113.00 11,867.25 12,106.75    233.50        1.97   621,434.00
5967  2023-01-27  NAS100 12,049.00 12,308.50 12,016.00 12,222.25    115.50        0.95   588,072.00
5968  2023-01-30  NAS100 12,212.50 12,252.00 11,960.00 11,968.00   -254.25       -2.08   634,667.00
5969  2023-01-31  NAS100 11,984.00 12,156.00 11,871.00 12,152.00    184.00        1.54   585,202.00
5970  2023-02-01  NAS100 12,116.00 12,524.50 12,055.25 12,414.25    262.25        2.16   668,515.00
5971  2023-02-02  NAS100 12,520.00 12,949.75 12,501.75 12,846.75    432.50        3.48   817,822.00
5972  2023-02-03  NAS100 12,748.25 12,878.00 12,551.25 12,624.00   -222.75       -1.73   824,209.00
5973  2023-02-06  NAS100 12,572.00 12,608.50 12,455.75 12,515.50   -108.50       -0.86   535,147.00
5974  2023-02-07  NAS100 12,513.00 12,818.50 12,459.25 12,776.75    261.25        2.09   744,996.00
5975  2023-02-08  NAS100 12,747.00 12,808.50 12,512.75 12,545.25   -231.50       -1.81   590,355.00
5976  2023-02-09  NAS100 12,555.00 12,728.50 12,366.50 12,425.50   -119.75       -0.95   612,404.00
5977  2023-02-10  NAS100 12,448.75 12,451.50 12,243.25 12,346.25    -79.25       -0.64   600,244.00
5978  2023-02-13  NAS100 12,357.50 12,567.00 12,265.25 12,540.50    194.25        1.57   467,840.00
5979  2023-02-14  NAS100 12,547.25 12,687.00 12,390.50 12,631.00     90.50        0.72   719,204.00
5980  2023-02-15  NAS100 12,620.75 12,756.50 12,524.25 12,730.00     99.00        0.78   568,579.00
5981  2023-02-16  NAS100 12,740.00 12,792.75 12,455.25 12,482.50   -247.50       -1.94   682,325.00
5982  2023-02-17  NAS100 12,462.50 12,466.25 12,265.75 12,390.00    -92.50       -0.74   629,355.00
5983  2023-02-20  NAS100 12,380.00 12,417.75 12,090.25 12,096.75   -293.25       -2.37   609,494.00
5984  2023-02-22  NAS100 12,108.00 12,190.50 12,034.00 12,097.50      0.75        0.01   640,711.00
5985  2023-02-23  NAS100 12,176.25 12,261.00 12,028.50 12,207.50    110.00        0.91   640,962.00
5986  2023-02-24  NAS100 12,190.00 12,214.50 11,923.00 11,997.00   -210.50       -1.72   643,618.00
5987  2023-02-27  NAS100 12,003.00 12,189.50 11,990.00 12,083.25     86.25        0.72   578,952.00
5988  2023-02-28  NAS100 12,093.50 12,172.75 12,025.75 12,072.25    -11.00       -0.09   646,026.00
5989  2023-03-01  NAS100 12,041.25 12,141.75 11,924.75 11,961.75   -110.50       -0.92   759,645.00
5990  2023-03-02  NAS100 11,967.00 12,096.25 11,832.50 12,062.00    100.25        0.84   752,009.00
5991  2023-03-03  NAS100 12,049.00 12,329.00 12,012.00 12,311.25    249.25        2.07   675,472.00
5992  2023-03-06  NAS100 12,306.25 12,486.25 12,276.25 12,323.50     12.25        0.10   612,506.00
5993  2023-03-07  NAS100 12,320.25 12,381.25 12,142.25 12,169.00   -154.50       -1.25   685,006.00
5994  2023-03-08  NAS100 12,170.00 12,254.50 12,108.25 12,228.25     59.25        0.49   633,419.00
5995  2023-03-09  NAS100 12,231.00 12,353.50 11,977.50 12,007.25   -221.00       -1.81   816,838.00
5996  2023-03-10  NAS100 12,005.00 12,109.00 11,795.00 11,840.25   -167.00       -1.39   871,209.00
5997  2023-03-13  NAS100 11,894.75 12,095.75 11,674.25 11,931.75     91.50        0.77   694,438.00
5998  2023-03-14  NAS100 12,080.00 12,356.50 12,032.25 12,337.00    405.25        3.40   747,697.00
5999  2023-03-15  NAS100 12,329.75 12,407.50 12,096.75 12,377.75     40.75        0.33   833,272.00
6000  2023-03-16  NAS100 12,398.75 12,735.75 12,314.00 12,715.50    337.75        2.73   736,519.00
6001  2023-03-17  NAS100 12,708.00 12,811.25 12,569.50 12,644.75    -70.75       -0.56   734,052.00
6002  2023-03-20  NAS100 12,690.00 12,750.00 12,525.25 12,688.50     43.75        0.35   694,471.00
6003  2023-03-21  NAS100 12,699.75 12,898.25 12,676.50 12,867.25    178.75        1.41   565,860.00
6004  2023-03-22  NAS100 12,873.25 13,082.00 12,678.00 12,707.00   -160.25       -1.25   713,083.00
6005  2023-03-23  NAS100 12,695.00 13,031.00 12,694.25 12,854.00    147.00        1.16   838,385.00
6006  2023-03-24  NAS100 12,871.50 12,924.75 12,728.00 12,890.25     36.25        0.28   676,547.00
6007  2023-03-27  NAS100 12,916.00 12,984.50 12,765.50 12,788.50   -101.75       -0.79   562,634.00
6008  2023-03-28  NAS100 12,810.50 12,833.50 12,634.25 12,732.50    -56.00       -0.44   537,965.00
6009  2023-03-29  NAS100 12,745.50 12,994.00 12,742.00 12,965.00    232.50        1.83   566,316.00
6010  2023-03-30  NAS100 12,962.50 13,111.75 12,931.50 13,082.00    117.00        0.90   583,151.00
6011  2023-03-31  NAS100 13,084.25 13,311.50 13,057.50 13,301.75    219.75        1.68   624,955.00
6012  2023-04-03  NAS100 13,262.00 13,278.75 13,154.00 13,270.00    -31.75       -0.24   542,896.00
6013  2023-04-04  NAS100 13,259.00 13,348.75 13,168.25 13,219.00    -51.00       -0.38   577,032.00
6014  2023-04-05  NAS100 13,230.00 13,247.25 13,006.00 13,079.75   -139.25       -1.05   594,608.00
6015  2023-04-06  NAS100 13,072.75 13,191.00 12,953.25 13,170.75     91.00        0.70   598,222.00
6016  2023-04-07  NAS100 13,162.75 13,192.25 13,122.00 13,170.75      0.00        0.00    41,224.00
6017  2023-04-10  NAS100 13,179.75 13,203.25 12,967.50 13,158.00    -12.75       -0.10   553,003.00
6018  2023-04-11  NAS100 13,163.25 13,208.75 13,053.50 13,074.75    -83.25       -0.63   549,047.00
6019  2023-04-12  NAS100 13,073.75 13,241.75 12,937.75 12,952.25   -122.50       -0.94   684,779.00
6020  2023-04-13  NAS100 12,957.00 13,228.00 12,925.50 13,209.75    257.50        1.99   558,233.00
6021  2023-04-14  NAS100 13,183.00 13,255.00 13,058.00 13,181.25    -28.50       -0.22   627,824.00
6022  2023-04-17  NAS100 13,212.50 13,218.00 13,076.75 13,186.50      5.25        0.04   540,742.00
6023  2023-04-18  NAS100 13,184.00 13,298.75 13,138.00 13,193.00      6.50        0.05   576,668.00
6024  2023-04-19  NAS100 13,170.50 13,226.75 13,065.00 13,183.00    -10.00       -0.08   529,506.00
6025  2023-04-20  NAS100 13,162.00 13,200.00 13,021.75 13,074.25   -108.75       -0.82   680,299.00
6026  2023-04-21  NAS100 13,089.00 13,122.00 12,982.50 13,090.50     16.25        0.12   593,982.00
6027  2023-04-24  NAS100 13,070.00 13,134.00 12,967.25 13,056.50    -34.00       -0.26   582,286.00
6028  2023-04-25  NAS100 13,050.25 13,059.50 12,800.00 12,809.50   -247.00       -1.89   694,266.00
6029  2023-04-26  NAS100 12,940.00 13,012.25 12,863.75 12,887.75     78.25        0.61   755,124.00
6030  2023-04-27  NAS100 12,965.00 13,333.00 12,936.00 13,231.25    343.50        2.67   728,241.00
6031  2023-04-28  NAS100 13,215.00 13,336.00 13,169.00 13,320.25     89.00        0.67   671,058.00
6032  2023-05-01  NAS100 13,317.00 13,370.25 13,258.75 13,306.75    -13.50       -0.10   487,908.00
6033  2023-05-02  NAS100 13,290.00 13,334.75 13,110.25 13,184.50   -122.25       -0.92   664,855.00
6034  2023-05-03  NAS100 13,162.00 13,314.00 13,080.00 13,100.75    -83.75       -0.64   648,753.00
6035  2023-05-04  NAS100 13,064.00 13,173.00 13,001.75 13,043.75    -57.00       -0.44   656,440.00
6036  2023-05-05  NAS100 13,060.00 13,359.00 13,055.75 13,317.75    274.00        2.10   573,291.00
6037  2023-05-08  NAS100 13,316.00 13,368.00 13,254.50 13,352.25     34.50        0.26   506,054.00
6038  2023-05-09  NAS100 13,338.50 13,347.00 13,250.50 13,264.75    -87.50       -0.66   552,248.00
6039  2023-05-10  NAS100 13,258.75 13,446.75 13,202.75 13,409.50    144.75        1.09   839,699.00
6040  2023-05-11  NAS100 13,410.00 13,470.25 13,361.50 13,446.50     37.00        0.28   653,399.00
6041  2023-05-12  NAS100 13,446.00 13,494.25 13,310.50 13,396.25    -50.25       -0.37   628,035.00
6042  2023-05-15  NAS100 13,378.75 13,480.00 13,350.00 13,468.00     71.75        0.54   495,940.00
6043  2023-05-16  NAS100 13,461.00 13,554.50 13,426.25 13,483.25     15.25        0.11   561,834.00
6044  2023-05-17  NAS100 13,498.50 13,669.00 13,474.25 13,643.50    160.25        1.19   621,137.00
6045  2023-05-18  NAS100 13,640.50 13,913.00 13,628.25 13,894.00    250.50        1.84   749,496.00
6046  2023-05-19  NAS100 13,908.50 13,960.25 13,814.25 13,858.00    -36.00       -0.26   659,819.00
6047  2023-05-22  NAS100 13,805.50 13,946.75 13,794.25 13,902.50     44.50        0.32   538,203.00
6048  2023-05-23  NAS100 13,913.25 13,979.25 13,710.00 13,728.75   -173.75       -1.25   658,680.00
6049  2023-05-24  NAS100 13,729.00 13,845.75 13,566.50 13,650.25    -78.50       -0.57   704,804.00
6050  2023-05-25  NAS100 13,877.00 14,031.25 13,803.00 13,976.50    326.25        2.39   819,148.00
6051  2023-05-26  NAS100 13,977.75 14,369.00 13,924.50 14,332.50    356.00        2.55   729,047.00
6052  2023-05-29  NAS100 14,437.50 14,570.00 14,336.75 14,396.75     64.25        0.45   882,198.00
6053  2023-05-31  NAS100 14,397.25 14,429.00 14,251.25 14,300.50    -96.25       -0.67   680,429.00
6054  2023-06-01  NAS100 14,289.50 14,528.25 14,248.25 14,472.25    171.75        1.20   622,329.00
6055  2023-06-02  NAS100 14,494.00 14,627.75 14,468.25 14,575.25    103.00        0.71   623,290.00
6056  2023-06-05  NAS100 14,577.00 14,694.75 14,512.75 14,588.75     13.50        0.09   619,089.00
6057  2023-06-06  NAS100 14,582.00 14,623.75 14,504.50 14,586.50     -2.25       -0.02   572,806.00
6058  2023-06-07  NAS100 14,594.50 14,675.00 14,305.50 14,331.50   -255.00       -1.75   770,555.00
6059  2023-06-08  NAS100 14,316.00 14,526.75 14,256.75 14,503.00    171.50        1.20   631,769.00
6060  2023-06-09  NAS100 14,517.00 14,687.50 14,460.25 14,556.25     53.25        0.37   581,386.00
6061  2023-06-12  NAS100 14,560.25 14,827.00 14,554.25 14,800.50    244.25        1.68   397,388.00
6062  2023-06-13  NAS100 15,006.50 15,151.25 14,963.00 15,099.00    298.50        2.02   723,269.00
6063  2023-06-14  NAS100 15,110.25 15,243.50 14,976.00 15,199.25    100.25        0.66   732,553.00
6064  2023-06-15  NAS100 15,222.00 15,441.00 15,066.00 15,374.00    174.75        1.15   734,111.00
6065  2023-06-16  NAS100 15,368.00 15,475.50 15,258.50 15,268.00   -106.00       -0.69   636,907.00
6066  2023-06-19  NAS100 15,303.25 15,322.50 15,126.50 15,256.50    -11.50       -0.08   652,883.00
6067  2023-06-21  NAS100 15,247.50 15,273.25 15,002.25 15,044.00   -212.50       -1.39   640,702.00
6068  2023-06-22  NAS100 15,038.75 15,238.00 14,964.00 15,214.75    170.75        1.14   611,017.00
6069  2023-06-23  NAS100 15,236.00 15,236.00 14,985.25 15,058.25   -156.50       -1.03   620,593.00
6070  2023-06-26  NAS100 15,057.75 15,152.50 14,853.50 14,856.50   -201.75       -1.34   649,993.00
6071  2023-06-27  NAS100 14,875.00 15,139.25 14,862.25 15,111.50    255.00        1.72   569,198.00
6072  2023-06-28  NAS100 15,088.25 15,219.00 15,021.25 15,130.00     18.50        0.12   662,146.00
6073  2023-06-29  NAS100 15,161.00 15,202.75 15,028.50 15,100.25    -29.75       -0.20   594,134.00
6074  2023-06-30  NAS100 15,106.00 15,376.75 15,099.00 15,337.00    236.75        1.57   529,455.00
6075  2023-07-03  NAS100 15,331.00 15,392.00 15,308.00 15,364.75     27.75        0.18   265,064.00
6076  2023-07-04  NAS100 15,357.00 15,432.00 15,255.25 15,360.75     -4.00       -0.03   519,857.00
6077  2023-07-06  NAS100 15,353.75 15,366.00 15,111.50 15,238.00   -122.75       -0.80   574,681.00
6078  2023-07-07  NAS100 15,211.75 15,359.75 15,172.25 15,181.75    -56.25       -0.37   555,119.00
6079  2023-07-10  NAS100 15,198.50 15,218.25 15,063.25 15,187.00      5.25        0.03   609,953.00
6080  2023-07-11  NAS100 15,195.75 15,278.75 15,109.50 15,260.00     73.00        0.48   552,637.00
6081  2023-07-12  NAS100 15,258.00 15,507.75 15,254.50 15,444.75    184.75        1.21   649,433.00
6082  2023-07-13  NAS100 15,457.75 15,741.25 15,456.50 15,711.50    266.75        1.73   563,935.00
6083  2023-07-14  NAS100 15,699.00 15,857.25 15,663.00 15,694.25    -17.25       -0.11   629,943.00
6084  2023-07-17  NAS100 15,690.00 15,882.75 15,661.50 15,840.75    146.50        0.93   522,129.00
6085  2023-07-18  NAS100 15,832.00 16,029.75 15,733.00 15,974.75    134.00        0.85   633,272.00
6086  2023-07-19  NAS100 15,949.25 16,062.75 15,911.25 15,959.25    -15.50       -0.10   682,279.00
6087  2023-07-20  NAS100 15,922.75 15,925.75 15,547.00 15,592.25   -367.00       -2.30   810,475.00
6088  2023-07-21  NAS100 15,590.75 15,719.25 15,522.25 15,540.00    -52.25       -0.34   704,413.00
6089  2023-07-24  NAS100 15,556.00 15,618.75 15,483.75 15,561.25     21.25        0.14   561,877.00
6090  2023-07-25  NAS100 15,570.00 15,736.25 15,549.25 15,673.00    111.75        0.72   554,880.00
6091  2023-07-26  NAS100 15,730.25 15,739.25 15,515.00 15,610.75    -62.25       -0.40   683,826.00
6092  2023-07-27  NAS100 15,638.75 15,904.00 15,511.25 15,571.00    -39.75       -0.25   846,437.00
6093  2023-07-28  NAS100 15,580.00 15,896.00 15,546.25 15,847.50    276.50        1.78   689,386.00
6094  2023-07-31  NAS100 15,850.00 15,917.00 15,791.25 15,857.50     10.00        0.06   523,896.00
6095  2023-08-01  NAS100 15,869.25 15,889.25 15,728.25 15,817.25    -40.25       -0.25   529,660.00
6096  2023-08-02  NAS100 15,757.00 15,789.75 15,414.00 15,473.00   -344.25       -2.18   773,499.00
6097  2023-08-03  NAS100 15,455.75 15,551.75 15,339.50 15,438.75    -34.25       -0.22   658,841.00
6098  2023-08-04  NAS100 15,441.00 15,610.25 15,336.50 15,354.00    -84.75       -0.55   773,229.00
6099  2023-08-07  NAS100 15,370.50 15,495.50 15,334.25 15,485.50    131.50        0.86   578,299.00
6100  2023-08-08  NAS100 15,495.00 15,497.75 15,218.00 15,354.25   -131.25       -0.85   638,813.00
6101  2023-08-09  NAS100 15,351.75 15,432.50 15,146.50 15,178.25   -176.00       -1.15   652,732.00
6102  2023-08-10  NAS100 15,202.50 15,442.25 15,136.00 15,201.25     23.00        0.15   807,104.00
6103  2023-08-11  NAS100 15,219.00 15,266.75 15,037.25 15,095.75   -105.50       -0.69   613,959.00
6104  2023-08-14  NAS100 15,104.00 15,282.00 15,020.75 15,270.25    174.50        1.16   554,628.00
6105  2023-08-15  NAS100 15,279.00 15,335.00 15,074.75 15,106.50   -163.75       -1.07   593,602.00
6106  2023-08-16  NAS100 15,110.75 15,166.00 14,921.50 14,942.25   -164.25       -1.09   641,607.00
6107  2023-08-17  NAS100 14,940.25 15,018.25 14,738.25 14,778.00   -164.25       -1.10   681,399.00
6108  2023-08-18  NAS100 14,748.00 14,802.75 14,609.25 14,744.00    -34.00       -0.23   731,241.00
6109  2023-08-21  NAS100 14,762.50 15,013.75 14,720.50 14,985.75    241.75        1.64   641,685.00
6110  2023-08-22  NAS100 14,974.50 15,118.25 14,932.00 14,958.50    -27.25       -0.18   623,728.00
6111  2023-08-23  NAS100 14,959.75 15,356.75 14,957.25 15,195.50    237.00        1.58   606,168.00
6112  2023-08-24  NAS100 15,333.00 15,418.00 14,817.00 14,862.00   -333.50       -2.19   847,308.00
6113  2023-08-25  NAS100 14,833.00 15,048.75 14,751.75 14,979.25    117.25        0.79   823,889.00
6114  2023-08-28  NAS100 14,991.00 15,126.50 14,973.50 15,092.50    113.25        0.76   586,342.00
6115  2023-08-29  NAS100 15,098.75 15,430.50 15,049.75 15,415.75    323.25        2.14   616,223.00
6116  2023-08-30  NAS100 15,427.50 15,522.75 15,361.50 15,501.25     85.50        0.55   590,194.00
6117  2023-08-31  NAS100 15,513.75 15,606.75 15,460.00 15,538.50     37.25        0.24   584,743.00
6118  2023-09-01  NAS100 15,534.00 15,661.25 15,454.00 15,516.25    -22.25       -0.14   572,689.00
6119  2023-09-04  NAS100 15,517.00 15,586.75 15,418.25 15,534.50     18.25        0.12   604,891.00
6120  2023-09-06  NAS100 15,511.25 15,533.00 15,310.50 15,399.50   -135.00       -0.87   596,503.00
6121  2023-09-07  NAS100 15,385.00 15,395.75 15,157.50 15,282.25   -117.25       -0.76   644,887.00
6122  2023-09-08  NAS100 15,286.25 15,390.75 15,223.00 15,297.50     15.25        0.10   598,477.00
6123  2023-09-11  NAS100 15,308.00 15,497.50 15,298.00 15,475.75    178.25        1.17   411,385.00
6124  2023-09-12  NAS100 15,662.25 15,680.00 15,483.75 15,500.00     24.25        0.16   643,521.00
6125  2023-09-13  NAS100 15,500.75 15,619.75 15,406.00 15,552.25     52.25        0.34   752,742.00
6126  2023-09-14  NAS100 15,569.00 15,714.50 15,531.00 15,673.50    121.25        0.78   648,254.00
6127  2023-09-15  NAS100 15,677.00 15,719.75 15,356.75 15,392.25   -281.25       -1.79   708,762.00
6128  2023-09-18  NAS100 15,382.25 15,461.00 15,330.50 15,414.50     22.25        0.14   509,746.00
6129  2023-09-19  NAS100 15,424.25 15,442.25 15,248.50 15,375.25    -39.25       -0.25   552,065.00
6130  2023-09-20  NAS100 15,375.25 15,436.25 15,127.00 15,152.00   -223.25       -1.45   605,256.00
6131  2023-09-21  NAS100 15,133.25 15,149.00 14,841.00 14,862.75   -289.25       -1.91   702,742.00
6132  2023-09-22  NAS100 14,854.50 15,027.50 14,836.25 14,869.50      6.75        0.05   624,056.00
6133  2023-09-25  NAS100 14,880.25 14,955.75 14,782.25 14,935.25     65.75        0.44   568,859.00
6134  2023-09-26  NAS100 14,949.00 14,949.00 14,666.25 14,715.00   -220.25       -1.47   667,617.00
6135  2023-09-27  NAS100 14,725.25 14,821.50 14,586.00 14,739.00     24.00        0.16   716,200.00
6136  2023-09-28  NAS100 14,772.50 14,947.50 14,658.00 14,859.75    120.75        0.82   734,472.00
6137  2023-09-29  NAS100 14,876.50 15,060.75 14,811.00 14,866.50      6.75        0.05   745,541.00
6138  2023-10-02  NAS100 14,965.00 15,046.00 14,826.00 14,984.75    118.25        0.80   762,896.00
6139  2023-10-03  NAS100 14,989.50 15,031.00 14,651.50 14,714.50   -270.25       -1.80   762,964.00
6140  2023-10-04  NAS100 14,713.75 14,956.00 14,589.00 14,923.75    209.25        1.42   803,257.00
6141  2023-10-05  NAS100 14,903.00 14,958.75 14,716.25 14,861.75    -62.00       -0.42   676,461.00
6142  2023-10-06  NAS100 14,853.75 15,160.25 14,660.00 15,112.00    250.25        1.68   840,602.00
6143  2023-10-09  NAS100 15,040.25 15,212.75 14,949.50 15,187.00     75.00        0.50   617,072.00
6144  2023-10-10  NAS100 15,196.50 15,383.50 15,171.75 15,270.75     83.75        0.55   648,613.00
6145  2023-10-11  NAS100 15,282.25 15,416.75 15,253.00 15,380.00    109.25        0.72   614,965.00
6146  2023-10-12  NAS100 15,407.50 15,468.75 15,216.25 15,315.00    -65.00       -0.42   747,494.00
6147  2023-10-13  NAS100 15,324.00 15,366.75 15,062.25 15,120.25   -194.75       -1.27   777,005.00
6148  2023-10-16  NAS100 15,120.00 15,336.75 15,083.00 15,289.50    169.25        1.12   641,294.00
6149  2023-10-17  NAS100 15,305.75 15,309.25 15,050.25 15,240.75    -48.75       -0.32   781,599.00
6150  2023-10-18  NAS100 15,236.50 15,238.25 14,979.25 15,025.25   -215.50       -1.41   853,599.00
6151  2023-10-19  NAS100 15,045.00 15,138.25 14,839.50 14,890.00   -135.25       -0.90 1,019,700.00
6152  2023-10-20  NAS100 14,850.00 14,887.50 14,645.00 14,664.00   -226.00       -1.52   846,675.00
6153  2023-10-23  NAS100 14,680.00 14,853.75 14,514.25 14,712.00     48.00        0.33   765,733.00
6154  2023-10-24  NAS100 14,744.00 14,948.75 14,706.00 14,846.50    134.50        0.91   703,058.00
6155  2023-10-25  NAS100 14,828.00 14,855.00 14,444.00 14,478.25   -368.25       -2.48   820,677.00
6156  2023-10-26  NAS100 14,425.00 14,459.00 14,140.25 14,194.00   -284.25       -1.96   987,597.00
6157  2023-10-27  NAS100 14,248.25 14,407.75 14,209.75 14,265.25     71.25        0.50   782,097.00
6158  2023-10-30  NAS100 14,336.00 14,476.50 14,303.00 14,416.50    151.25        1.06   704,860.00
6159  2023-10-31  NAS100 14,410.50 14,503.75 14,311.25 14,490.25     73.75        0.51   712,605.00
6160  2023-11-01  NAS100 14,460.00 14,762.00 14,410.75 14,744.50    254.25        1.75   741,817.00
6161  2023-11-02  NAS100 14,761.25 15,017.25 14,760.00 14,998.00    253.50        1.72   652,481.00
6162  2023-11-03  NAS100 14,928.00 15,228.50 14,925.50 15,178.75    180.75        1.21   633,835.00
6163  2023-11-06  NAS100 15,187.00 15,257.50 15,138.00 15,232.50     53.75        0.35   496,129.00
6164  2023-11-07  NAS100 15,215.00 15,412.25 15,176.00 15,374.25    141.75        0.93   585,124.00
6165  2023-11-08  NAS100 15,373.00 15,417.50 15,286.75 15,386.50     12.25        0.08   547,842.00
6166  2023-11-09  NAS100 15,356.25 15,453.75 15,236.75 15,256.00   -130.50       -0.85   710,427.00
6167  2023-11-10  NAS100 15,254.75 15,612.75 15,207.25 15,596.25    340.25        2.23   679,633.00
6168  2023-11-13  NAS100 15,586.25 15,601.25 15,465.25 15,547.00    -49.25       -0.32   532,937.00
6169  2023-11-14  NAS100 15,558.00 15,918.75 15,552.00 15,879.75    332.75        2.14   656,099.00
6170  2023-11-15  NAS100 15,895.00 16,049.50 15,832.25 15,889.25      9.50        0.06   685,072.00
6171  2023-11-16  NAS100 15,846.75 15,906.75 15,796.75 15,897.50      8.25        0.05   634,456.00
6172  2023-11-17  NAS100 15,897.75 15,940.00 15,825.00 15,895.75     -1.75       -0.01   562,424.00
6173  2023-11-20  NAS100 15,895.00 16,116.75 15,837.25 16,086.50    190.75        1.20   559,493.00
6174  2023-11-21  NAS100 16,087.50 16,122.50 15,912.00 15,990.25    -96.25       -0.60   575,452.00
6175  2023-11-22  NAS100 15,967.25 16,173.50 15,942.75 16,049.25     59.00        0.37   624,552.00
6176  2023-11-23  NAS100 16,036.75 16,086.50 15,981.75 16,021.00    -28.25       -0.18   296,604.00
6177  2023-11-27  NAS100 16,008.00 16,089.25 15,938.75 16,008.75    -12.25       -0.08   502,555.00
6178  2023-11-28  NAS100 16,005.25 16,071.50 15,945.25 16,048.00     39.25        0.25   598,224.00
6179  2023-11-29  NAS100 16,055.50 16,208.50 16,013.50 16,023.75    -24.25       -0.15   634,326.00
6180  2023-11-30  NAS100 16,040.25 16,098.50 15,856.00 15,985.50    -38.25       -0.24   694,118.00
6181  2023-12-01  NAS100 15,955.00 16,050.00 15,864.00 16,023.75     38.25        0.24   621,710.00
6182  2023-12-04  NAS100 16,022.00 16,026.00 15,721.25 15,869.00   -154.75       -0.97   721,019.00
6183  2023-12-05  NAS100 15,863.25 15,961.00 15,761.25 15,908.75     39.75        0.25   683,586.00
6184  2023-12-06  NAS100 15,897.00 16,037.75 15,802.00 15,815.25    -93.50       -0.59   675,482.00
6185  2023-12-07  NAS100 15,814.50 16,066.00 15,791.00 16,038.75    223.50        1.41   632,326.00
6186  2023-12-08  NAS100 16,017.50 16,118.75 15,888.25 16,098.25     59.50        0.37   588,926.00
6187  2023-12-11  NAS100 16,093.00 16,248.00 16,045.50 16,237.00    138.75        0.86   394,184.00
6188  2023-12-12  NAS100 16,453.00 16,600.00 16,396.50 16,575.50    338.50        2.08   614,476.00
6189  2023-12-13  NAS100 16,596.00 16,806.50 16,576.00 16,777.25    201.75        1.22   672,137.00
6190  2023-12-14  NAS100 16,777.50 16,885.00 16,628.00 16,753.00    -24.25       -0.14   786,948.00
6191  2023-12-15  NAS100 16,739.25 16,887.25 16,732.25 16,820.25     67.25        0.40   668,578.00
6192  2023-12-18  NAS100 16,820.25 16,974.00 16,802.25 16,939.75    119.50        0.71   463,438.00
6193  2023-12-19  NAS100 16,917.00 17,029.50 16,910.75 17,023.00     83.25        0.49   496,518.00
6194  2023-12-20  NAS100 17,024.00 17,073.50 16,758.50 16,766.25   -256.75       -1.51   654,329.00
6195  2023-12-21  NAS100 16,790.25 16,970.25 16,790.25 16,956.50    190.25        1.13   639,818.00
6196  2023-12-22  NAS100 16,956.00 17,041.50 16,891.50 16,980.00     23.50        0.14   486,853.00
6197  2023-12-26  NAS100 16,964.50 17,111.25 16,964.50 17,083.50    103.50        0.61   292,090.00
6198  2023-12-27  NAS100 17,090.25 17,133.00 17,055.50 17,113.25     29.75        0.17   424,302.00
6199  2023-12-28  NAS100 17,127.00 17,165.25 17,077.75 17,090.50    -22.75       -0.13   357,702.00
6200  2023-12-29  NAS100 17,090.25 17,131.00 16,938.25 17,023.50    -67.00       -0.39   470,864.00
6201  2024-01-02  NAS100 17,019.00 17,038.50 16,622.50 16,720.00   -303.50       -1.78   652,714.00
6202  2024-01-03  NAS100 16,736.75 16,737.25 16,522.00 16,538.00   -182.00       -1.09   677,219.00
6203  2024-01-04  NAS100 16,545.25 16,587.25 16,436.00 16,445.00    -93.00       -0.56   559,464.00
6204  2024-01-05  NAS100 16,455.00 16,577.25 16,334.25 16,460.25     15.25        0.09   627,475.00
6205  2024-01-08  NAS100 16,470.00 16,811.25 16,378.25 16,803.75    343.50        2.09   549,900.00
6206  2024-01-09  NAS100 16,788.00 16,868.50 16,657.75 16,830.25     26.50        0.16   605,921.00
6207  2024-01-10  NAS100 16,829.50 16,983.00 16,801.50 16,945.25    115.00        0.68   550,703.00
6208  2024-01-11  NAS100 16,955.00 17,057.00 16,753.00 16,966.25     21.00        0.12   756,441.00
6209  2024-01-12  NAS100 16,957.75 17,042.50 16,866.50 16,969.25      3.00        0.02   593,445.00
6210  2024-01-15  NAS100 16,961.75 17,033.75 16,811.75 16,966.50     -2.75       -0.02   816,021.00
6211  2024-01-17  NAS100 16,978.00 16,982.00 16,689.25 16,869.75    -96.75       -0.57   722,784.00
6212  2024-01-18  NAS100 16,854.50 17,125.75 16,834.25 17,110.00    240.25        1.42   852,229.00
6213  2024-01-19  NAS100 17,116.00 17,471.25 17,107.25 17,438.50    328.50        1.92   758,132.00
6214  2024-01-22  NAS100 17,466.00 17,585.00 17,434.00 17,458.50     20.00        0.11   637,245.00
6215  2024-01-23  NAS100 17,461.00 17,558.25 17,409.50 17,531.25     72.75        0.42   508,078.00
6216  2024-01-24  NAS100 17,554.00 17,793.50 17,552.25 17,621.00     89.75        0.51   721,605.00
6217  2024-01-25  NAS100 17,614.75 17,752.00 17,542.00 17,634.50     13.50        0.08   710,822.00
6218  2024-01-26  NAS100 17,571.25 17,632.00 17,466.00 17,527.00   -107.50       -0.61   631,481.00
6219  2024-01-29  NAS100 17,502.00 17,716.25 17,457.50 17,706.00    179.00        1.02   568,739.00
6220  2024-01-30  NAS100 17,711.75 17,735.75 17,467.00 17,588.50   -117.50       -0.66   554,146.00
6221  2024-01-31  NAS100 17,415.50 17,484.00 17,221.50 17,242.25   -346.25       -1.97   816,119.00
6222  2024-02-01  NAS100 17,273.25 17,646.75 17,262.75 17,436.75    194.50        1.13   705,238.00
6223  2024-02-02  NAS100 17,588.00 17,775.50 17,465.50 17,732.75    296.00        1.70   761,167.00
6224  2024-02-05  NAS100 17,696.00 17,745.50 17,554.25 17,700.00    -32.75       -0.18   621,645.00
6225  2024-02-06  NAS100 17,698.50 17,769.00 17,560.75 17,660.00    -40.00       -0.23   623,168.00
6226  2024-02-07  NAS100 17,645.75 17,875.50 17,629.75 17,841.75    181.75        1.03   613,340.00
6227  2024-02-08  NAS100 17,856.25 17,896.50 17,792.25 17,868.25     26.50        0.15   471,370.00
6228  2024-02-09  NAS100 17,854.25 18,071.00 17,852.25 18,039.25    171.00        0.96   499,282.00
6229  2024-02-12  NAS100 18,040.00 18,121.50 17,911.25 17,965.00    -74.25       -0.41   538,132.00
6230  2024-02-13  NAS100 17,928.50 17,963.25 17,542.00 17,676.75   -288.25       -1.60   858,230.00
6231  2024-02-14  NAS100 17,703.00 17,887.00 17,669.25 17,881.00    204.25        1.16   688,088.00
6232  2024-02-15  NAS100 17,870.00 17,968.25 17,780.50 17,912.75     31.75        0.18   657,768.00
6233  2024-02-16  NAS100 17,952.00 18,026.00 17,715.00 17,744.00   -168.75       -0.94   744,628.00
6234  2024-02-19  NAS100 17,729.25 17,807.50 17,452.50 17,607.25   -136.75       -0.77   889,292.00
6235  2024-02-21  NAS100 17,573.00 17,723.00 17,372.75 17,536.75    -70.50       -0.40   731,450.00
6236  2024-02-22  NAS100 17,702.50 18,087.00 17,676.00 18,047.50    510.75        2.91   759,232.00
6237  2024-02-23  NAS100 18,023.25 18,144.75 17,946.00 17,991.00    -56.50       -0.31   659,725.00
6238  2024-02-26  NAS100 17,961.50 18,059.50 17,922.00 17,977.00    -14.00       -0.08   526,169.00
6239  2024-02-27  NAS100 17,951.00 18,040.25 17,908.75 18,021.00     44.00        0.24   567,818.00
6240  2024-02-28  NAS100 18,017.50 18,019.75 17,846.25 17,915.25   -105.75       -0.59   553,731.00
6241  2024-02-29  NAS100 17,870.00 18,109.50 17,826.00 18,082.75    167.50        0.93   680,147.00
6242  2024-03-01  NAS100 18,075.00 18,372.75 18,029.50 18,338.25    255.50        1.41   639,153.00
6243  2024-03-04  NAS100 18,336.00 18,377.75 18,234.25 18,262.00    -76.25       -0.42   569,342.00
6244  2024-03-05  NAS100 18,246.00 18,252.00 17,832.50 17,930.25   -331.75       -1.82   803,857.00
6245  2024-03-06  NAS100 17,981.00 18,174.25 17,942.50 18,044.25    114.00        0.64   806,131.00
6246  2024-03-07  NAS100 18,041.00 18,360.00 17,915.75 18,316.25    272.00        1.51   758,499.00
6247  2024-03-08  NAS100 18,279.00 18,436.50 18,012.50 18,046.75   -269.50       -1.47 1,048,847.00
6248  2024-03-11  NAS100 18,056.00 18,068.25 17,890.50 17,971.00    -75.75       -0.42   472,517.00
6249  2024-03-12  NAS100 18,253.00 18,491.00 18,174.00 18,477.25    506.25        2.82   763,543.00
6250  2024-03-13  NAS100 18,469.50 18,506.75 18,281.75 18,328.50   -148.75       -0.81   754,400.00
6251  2024-03-14  NAS100 18,342.00 18,428.25 18,161.25 18,271.75    -56.75       -0.31   818,470.00
6252  2024-03-15  NAS100 18,251.00 18,322.75 18,006.25 18,058.75   -213.00       -1.17   705,711.00
6253  2024-03-18  NAS100 18,073.50 18,381.00 18,062.25 18,231.50    172.75        0.96   656,629.00
6254  2024-03-19  NAS100 18,222.00 18,289.25 18,053.25 18,270.00     38.50        0.21   660,394.00
6255  2024-03-20  NAS100 18,274.00 18,545.00 18,227.50 18,479.75    209.75        1.15   618,809.00
6256  2024-03-21  NAS100 18,539.75 18,709.00 18,526.75 18,561.75     82.00        0.44   606,959.00
6257  2024-03-22  NAS100 18,580.50 18,626.00 18,492.00 18,574.75     13.00        0.07   511,962.00
6258  2024-03-25  NAS100 18,567.00 18,601.25 18,414.75 18,513.50    -61.25       -0.33   456,250.00
6259  2024-03-26  NAS100 18,531.25 18,619.00 18,439.25 18,449.00    -64.50       -0.35   516,507.00
6260  2024-03-27  NAS100 18,477.50 18,571.75 18,378.50 18,503.75     54.75        0.30   605,634.00
6261  2024-03-28  NAS100 18,505.00 18,538.75 18,447.50 18,475.00    -28.75       -0.16   515,193.00
6262  2024-04-01  NAS100 18,503.00 18,612.00 18,414.50 18,497.25     22.25        0.12   572,133.00
6263  2024-04-02  NAS100 18,497.25 18,511.00 18,201.50 18,330.00   -167.25       -0.90   618,982.00
6264  2024-04-03  NAS100 18,345.00 18,451.75 18,232.50 18,373.25     43.25        0.24   597,987.00
6265  2024-04-04  NAS100 18,388.50 18,568.00 18,055.25 18,076.75   -296.50       -1.61   777,140.00
6266  2024-04-05  NAS100 18,086.25 18,408.25 18,051.50 18,300.75    224.00        1.24   809,193.00
6267  2024-04-08  NAS100 18,348.25 18,376.00 18,237.50 18,295.00     -5.75       -0.03   524,203.00
6268  2024-04-09  NAS100 18,314.75 18,407.25 18,160.75 18,359.75     64.75        0.35   696,069.00
6269  2024-04-10  NAS100 18,381.00 18,474.25 18,053.50 18,196.75   -163.00       -0.89   880,504.00
6270  2024-04-11  NAS100 18,184.00 18,518.75 18,088.00 18,485.00    288.25        1.58   728,802.00
6271  2024-04-12  NAS100 18,486.25 18,507.75 18,120.25 18,179.25   -305.75       -1.65   787,334.00
6272  2024-04-15  NAS100 18,151.00 18,350.75 17,841.50 17,876.25   -303.00       -1.67   797,316.00
6273  2024-04-16  NAS100 17,879.00 17,988.00 17,792.00 17,881.25      5.00        0.03   766,364.00
6274  2024-04-17  NAS100 17,897.00 17,968.50 17,615.25 17,658.50   -222.75       -1.25   844,749.00
6275  2024-04-18  NAS100 17,669.75 17,770.75 17,506.25 17,547.25   -111.25       -0.63   756,158.00
6276  2024-04-19  NAS100 17,530.75 17,553.25 17,113.25 17,180.75   -366.50       -2.09 1,023,135.00
6277  2024-04-22  NAS100 17,228.25 17,448.00 17,148.50 17,350.00    169.25        0.99   646,130.00
6278  2024-04-23  NAS100 17,352.25 17,666.00 17,286.25 17,606.75    256.75        1.48   601,826.00
6279  2024-04-24  NAS100 17,682.00 17,795.50 17,481.75 17,664.50     57.75        0.33   667,402.00
6280  2024-04-25  NAS100 17,450.00 17,827.50 17,308.25 17,567.50    -97.00       -0.55   820,011.00
6281  2024-04-26  NAS100 17,808.25 17,901.50 17,668.25 17,845.75    278.25        1.58   628,227.00
6282  2024-04-29  NAS100 17,864.75 17,949.00 17,791.25 17,904.25     58.50        0.33   528,891.00
6283  2024-04-30  NAS100 17,918.50 17,920.25 17,473.50 17,571.25   -333.00       -1.86   677,704.00
6284  2024-05-01  NAS100 17,462.50 17,793.25 17,399.25 17,438.25   -133.00       -0.76   791,170.00
6285  2024-05-02  NAS100 17,487.00 17,755.25 17,386.25 17,649.75    211.50        1.21   635,300.00
6286  2024-05-03  NAS100 17,744.25 18,050.25 17,719.50 18,000.75    351.00        1.99   556,949.00
6287  2024-05-06  NAS100 18,047.50 18,201.25 17,983.75 18,195.50    194.75        1.08   395,489.00
6288  2024-05-07  NAS100 18,189.50 18,266.25 18,151.00 18,199.50      4.00        0.02   469,722.00
6289  2024-05-08  NAS100 18,194.00 18,242.25 18,072.50 18,186.50    -13.00       -0.07   453,714.00
6290  2024-05-09  NAS100 18,160.75 18,240.25 18,103.75 18,214.50     28.00        0.15   471,196.00
6291  2024-05-10  NAS100 18,226.00 18,348.00 18,188.50 18,255.00     40.50        0.22   473,881.00
6292  2024-05-13  NAS100 18,238.00 18,336.25 18,228.75 18,295.50     40.50        0.22   411,036.00
6293  2024-05-14  NAS100 18,282.00 18,433.00 18,165.50 18,415.00    119.50        0.65   555,369.00
6294  2024-05-15  NAS100 18,409.75 18,707.00 18,393.00 18,691.75    276.75        1.50   605,869.00
6295  2024-05-16  NAS100 18,693.25 18,760.75 18,633.25 18,650.00    -41.75       -0.22   548,582.00
6296  2024-05-17  NAS100 18,642.00 18,686.75 18,545.00 18,635.25    -14.75       -0.08   489,227.00
6297  2024-05-20  NAS100 18,633.50 18,794.50 18,633.00 18,763.00    127.75        0.69   470,381.00
6298  2024-05-21  NAS100 18,746.00 18,808.75 18,678.00 18,799.25     36.25        0.19   426,117.00
6299  2024-05-22  NAS100 18,798.25 18,891.00 18,684.25 18,786.75    -12.50       -0.07   578,439.00
6300  2024-05-23  NAS100 18,860.50 19,023.25 18,621.50 18,696.25    -90.50       -0.48   851,576.00
6301  2024-05-24  NAS100 18,684.00 18,926.00 18,680.00 18,876.00    179.75        0.96   552,083.00
6302  2024-05-27  NAS100 18,874.75 18,980.50 18,819.50 18,940.50     64.50        0.34   642,954.00
6303  2024-05-29  NAS100 18,949.50 18,949.75 18,740.00 18,802.75   -137.75       -0.73   573,938.00
6304  2024-05-30  NAS100 18,753.00 18,787.00 18,546.25 18,606.50   -196.25       -1.04   619,548.00
6305  2024-05-31  NAS100 18,590.75 18,668.25 18,241.25 18,591.00    -15.50       -0.08   834,003.00
6306  2024-06-03  NAS100 18,590.25 18,755.50 18,435.75 18,646.25     55.25        0.30   669,104.00
6307  2024-06-04  NAS100 18,662.50 18,753.25 18,511.25 18,701.00     54.75        0.29   616,703.00
6308  2024-06-05  NAS100 18,711.00 19,090.50 18,696.25 19,074.25    373.25        2.00   575,227.00
6309  2024-06-06  NAS100 19,089.50 19,124.50 19,017.25 19,060.25    -14.00       -0.07   524,900.00
6310  2024-06-07  NAS100 19,064.00 19,155.00 18,940.00 19,037.75    -22.50       -0.12   612,033.00
6311  2024-06-10  NAS100 19,025.00 19,129.75 18,974.25 19,109.75     72.00        0.38   571,666.00
6312  2024-06-11  NAS100 19,107.25 19,257.50 18,994.50 19,242.25    132.50        0.69   564,706.00
6313  2024-06-12  NAS100 19,248.00 19,612.25 19,233.50 19,496.50    254.25        1.32   691,079.00
6314  2024-06-13  NAS100 19,602.00 19,691.00 19,500.00 19,602.50    106.00        0.54   584,725.00
6315  2024-06-14  NAS100 19,602.75 19,699.50 19,501.50 19,685.50     83.00        0.42   584,288.00
6316  2024-06-17  NAS100 19,954.75 20,271.25 19,904.00 20,192.75    507.25        2.58   648,046.00
6317  2024-06-18  NAS100 20,193.00 20,270.50 20,127.00 20,196.25      3.50        0.02   578,901.00
6318  2024-06-19  NAS100 20,204.50 20,371.00 19,958.25 20,031.50   -164.75       -0.82   897,181.00
6319  2024-06-21  NAS100 20,043.25 20,086.00 19,914.25 19,982.75    -48.75       -0.24   590,839.00
6320  2024-06-24  NAS100 20,014.75 20,030.25 19,728.00 19,750.75   -232.00       -1.16   683,900.00
6321  2024-06-25  NAS100 19,756.00 19,981.25 19,726.00 19,972.25    221.50        1.12   574,518.00
6322  2024-06-26  NAS100 19,973.00 20,070.50 19,901.00 20,012.50     40.25        0.20   590,175.00
6323  2024-06-27  NAS100 19,946.00 20,116.75 19,874.25 20,039.50     27.00        0.13   589,649.00
6324  2024-06-28  NAS100 20,063.25 20,273.25 19,906.25 19,927.25   -112.25       -0.56   750,324.00
6325  2024-07-01  NAS100 19,970.00 20,074.00 19,811.75 20,052.00    124.75        0.63   639,341.00
6326  2024-07-02  NAS100 20,045.75 20,259.25 19,910.00 20,255.25    203.25        1.01   621,477.00
6327  2024-07-03  NAS100 20,241.00 20,435.25 20,205.00 20,411.50    156.25        0.77   395,129.00
6328  2024-07-04  NAS100 20,419.25 20,639.50 20,361.00 20,620.75    209.25        1.03   600,207.00
6329  2024-07-08  NAS100 20,591.50 20,688.00 20,579.25 20,659.75     39.00        0.19   497,107.00
6330  2024-07-09  NAS100 20,681.00 20,771.75 20,615.75 20,678.50     18.75        0.09   569,689.00
6331  2024-07-10  NAS100 20,686.00 20,916.75 20,684.50 20,899.75    221.25        1.07   576,694.00
6332  2024-07-11  NAS100 20,895.50 20,983.75 20,377.25 20,441.75   -458.00       -2.19   906,128.00
6333  2024-07-12  NAS100 20,432.75 20,741.00 20,335.00 20,524.00     82.25        0.40   724,343.00
6334  2024-07-15  NAS100 20,580.00 20,797.00 20,506.25 20,583.75     59.75        0.29   703,410.00
6335  2024-07-16  NAS100 20,628.00 20,684.50 20,464.50 20,598.00     14.25        0.07   629,745.00
6336  2024-07-17  NAS100 20,591.00 20,597.75 19,965.75 19,997.50   -600.50       -2.92   854,323.00
6337  2024-07-18  NAS100 20,024.25 20,162.50 19,758.75 19,899.25    -98.25       -0.49   964,287.00
6338  2024-07-19  NAS100 19,955.00 19,979.75 19,654.00 19,713.00   -186.25       -0.94   774,109.00
6339  2024-07-22  NAS100 19,749.00 20,044.75 19,718.75 20,001.00    288.00        1.46   657,854.00
6340  2024-07-23  NAS100 19,982.00 20,084.75 19,868.25 19,925.00    -76.00       -0.38   601,990.00
6341  2024-07-24  NAS100 19,883.00 19,883.00 19,168.75 19,203.25   -721.75       -3.62   846,812.00
6342  2024-07-25  NAS100 19,260.00 19,390.50 18,883.25 18,992.25   -211.00       -1.10   992,015.00
6343  2024-07-26  NAS100 19,003.00 19,297.75 18,995.00 19,174.50    182.25        0.96   694,702.00
6344  2024-07-29  NAS100 19,171.75 19,377.25 19,113.25 19,209.25     34.75        0.18   600,017.00
6345  2024-07-30  NAS100 19,217.00 19,319.75 18,725.00 18,936.25   -273.00       -1.42   745,002.00
6346  2024-07-31  NAS100 18,865.75 19,648.00 18,861.75 19,505.25    569.00        3.00   762,246.00
6347  2024-08-01  NAS100 19,593.25 19,717.00 18,854.00 19,023.25   -482.00       -2.47   920,616.00
6348  2024-08-02  NAS100 18,956.50 18,979.75 18,385.75 18,556.25   -467.00       -2.45   842,228.00
6349  2024-08-05  NAS100 18,390.00 18,390.00 17,351.00 18,013.25   -543.00       -2.93   937,137.00
6350  2024-08-06  NAS100 18,165.75 18,483.25 17,966.00 18,179.00    165.75        0.92   697,089.00
6351  2024-08-07  NAS100 18,033.00 18,558.50 17,836.25 17,966.50   -212.50       -1.17   725,244.00
6352  2024-08-08  NAS100 17,873.00 18,593.50 17,741.75 18,525.25    558.75        3.11   663,957.00
6353  2024-08-09  NAS100 18,550.25 18,674.50 18,383.00 18,616.00     90.75        0.49   501,761.00
6354  2024-08-12  NAS100 18,590.00 18,765.25 18,515.00 18,639.50     23.50        0.13   469,892.00
6355  2024-08-13  NAS100 18,648.25 19,122.50 18,628.50 19,104.25    464.75        2.49   497,670.00
6356  2024-08-14  NAS100 19,099.25 19,203.50 18,925.50 19,115.00     10.75        0.06   553,997.00
6357  2024-08-15  NAS100 19,142.50 19,603.25 19,100.50 19,581.25    466.25        2.44   522,322.00
6358  2024-08-16  NAS100 19,570.25 19,683.00 19,447.50 19,605.75     24.50        0.13   458,933.00
6359  2024-08-19  NAS100 19,629.00 19,871.75 19,525.25 19,857.75    252.00        1.29   429,305.00
6360  2024-08-20  NAS100 19,857.75 19,931.00 19,743.00 19,809.50    -48.25       -0.24   485,435.00
6361  2024-08-21  NAS100 19,803.00 19,981.75 19,771.50 19,909.50    100.00        0.50   479,077.00
6362  2024-08-22  NAS100 19,921.25 20,025.25 19,542.00 19,578.25   -331.25       -1.66   630,179.00
6363  2024-08-23  NAS100 19,621.50 19,904.25 19,591.75 19,790.75    212.50        1.09   581,201.00
6364  2024-08-26  NAS100 19,787.75 19,846.25 19,505.50 19,591.25   -199.50       -1.01   473,540.00
6365  2024-08-27  NAS100 19,558.75 19,694.25 19,441.50 19,653.75     62.50        0.32   441,146.00
6366  2024-08-28  NAS100 19,635.50 19,691.00 19,227.25 19,415.75   -238.00       -1.21   537,278.00
6367  2024-08-29  NAS100 19,217.00 19,693.50 19,140.25 19,393.25    -22.50       -0.12   669,705.00
6368  2024-08-30  NAS100 19,445.75 19,632.75 19,370.50 19,623.00    229.75        1.18   495,609.00
6369  2024-09-02  NAS100 19,599.00 19,683.00 18,911.00 19,006.50   -616.50       -3.14   698,442.00
6370  2024-09-04  NAS100 18,993.75 19,114.75 18,825.75 18,962.50    -44.00       -0.23   582,116.00
6371  2024-09-05  NAS100 18,965.75 19,150.50 18,827.25 18,963.50      1.00        0.01   585,125.00
6372  2024-09-06  NAS100 18,921.00 18,972.25 18,339.75 18,458.25   -505.25       -2.66   726,350.00
6373  2024-09-09  NAS100 18,400.00 18,734.50 18,386.00 18,692.25    234.00        1.27   536,240.00
6374  2024-09-10  NAS100 18,727.00 18,878.50 18,582.25 18,864.00    171.75        0.92   536,220.00
6375  2024-09-11  NAS100 18,837.75 19,293.50 18,547.00 19,271.00    407.00        2.16   729,344.00
6376  2024-09-12  NAS100 19,241.50 19,483.50 19,185.00 19,447.25    176.25        0.91   581,032.00
6377  2024-09-13  NAS100 19,419.50 19,577.25 19,398.25 19,530.25     83.00        0.43   467,948.00
6378  2024-09-16  NAS100 19,498.00 19,546.50 19,299.25 19,433.00    -97.25       -0.50   339,781.00
6379  2024-09-17  NAS100 19,655.00 19,850.25 19,574.50 19,675.75    242.75        1.25   509,253.00
6380  2024-09-18  NAS100 19,686.75 19,900.00 19,558.00 19,580.50    -95.25       -0.48   559,587.00
6381  2024-09-19  NAS100 19,648.75 20,203.00 19,636.75 20,088.00    507.50        2.59   615,561.00
6382  2024-09-20  NAS100 20,066.00 20,084.00 19,860.00 20,028.25    -59.75       -0.30   479,646.00
6383  2024-09-23  NAS100 20,040.00 20,164.00 19,955.25 20,080.00     51.75        0.26   394,947.00
6384  2024-09-24  NAS100 20,063.25 20,214.75 19,953.00 20,167.75     87.75        0.44   457,126.00
6385  2024-09-25  NAS100 20,183.75 20,271.00 20,064.25 20,192.00     24.25        0.12   405,050.00
6386  2024-09-26  NAS100 20,242.00 20,538.00 20,188.00 20,346.25    154.25        0.76   509,755.00
6387  2024-09-27  NAS100 20,345.00 20,395.75 20,173.00 20,221.50   -124.75       -0.61   435,634.00
6388  2024-09-30  NAS100 20,198.50 20,287.00 20,056.00 20,261.25     39.75        0.20   510,434.00
6389  2024-10-01  NAS100 20,234.25 20,331.75 19,818.00 19,975.00   -286.25       -1.41   662,776.00
6390  2024-10-02  NAS100 19,975.25 20,090.25 19,833.50 20,009.75     34.75        0.17   475,599.00
6391  2024-10-03  NAS100 20,055.50 20,113.75 19,852.00 19,990.25    -19.50       -0.10   526,765.00
6392  2024-10-04  NAS100 19,965.50 20,263.75 19,941.50 20,227.25    237.00        1.19   560,070.00
6393  2024-10-07  NAS100 20,220.00 20,267.25 19,948.00 19,992.75   -234.50       -1.16   450,371.00
6394  2024-10-08  NAS100 20,025.75 20,329.50 19,902.50 20,298.50    305.75        1.53   444,750.00
6395  2024-10-09  NAS100 20,294.25 20,482.75 20,196.00 20,463.50    165.00        0.81   421,249.00
6396  2024-10-10  NAS100 20,445.25 20,508.25 20,301.50 20,429.75    -33.75       -0.16   450,569.00
6397  2024-10-11  NAS100 20,435.00 20,494.25 20,314.75 20,450.00     20.25        0.10   385,312.00
6398  2024-10-14  NAS100 20,432.50 20,680.00 20,383.25 20,619.25    169.25        0.83   395,756.00
6399  2024-10-15  NAS100 20,638.75 20,659.25 20,254.00 20,342.00   -277.25       -1.34   522,391.00
6400  2024-10-16  NAS100 20,334.50 20,398.50 20,206.25 20,349.50      7.50        0.04   417,571.00
6401  2024-10-17  NAS100 20,328.00 20,594.75 20,276.75 20,368.00     18.50        0.09   535,486.00
6402  2024-10-18  NAS100 20,384.00 20,529.75 20,320.75 20,483.50    115.50        0.57   385,566.00
6403  2024-10-21  NAS100 20,496.25 20,554.50 20,343.75 20,519.50     36.00        0.18   456,078.00
6404  2024-10-22  NAS100 20,536.50 20,602.25 20,360.25 20,542.00     22.50        0.11   476,324.00
6405  2024-10-23  NAS100 20,521.00 20,542.50 20,079.00 20,220.50   -321.50       -1.57   619,162.00
6406  2024-10-24  NAS100 20,294.25 20,428.50 20,261.75 20,380.25    159.75        0.79   462,552.00
6407  2024-10-25  NAS100 20,388.50 20,707.25 20,364.00 20,498.75    118.50        0.58   585,929.00
6408  2024-10-28  NAS100 20,525.50 20,676.50 20,486.00 20,497.00     -1.75       -0.01   430,120.00
6409  2024-10-29  NAS100 20,513.00 20,760.25 20,432.25 20,696.50    199.50        0.97   498,020.00
6410  2024-10-30  NAS100 20,734.00 20,788.50 20,472.50 20,534.75   -161.75       -0.78   519,409.00
6411  2024-10-31  NAS100 20,482.00 20,495.75 20,008.50 20,021.75   -513.00       -2.50   686,677.00
6412  2024-11-01  NAS100 20,071.00 20,288.00 20,017.00 20,153.25    131.50        0.66   554,025.00
6413  2024-11-04  NAS100 20,138.00 20,248.50 20,013.00 20,086.00    -67.25       -0.33   520,521.00
6414  2024-11-05  NAS100 20,130.75 20,385.50 20,041.75 20,341.75    255.75        1.27   450,115.00
6415  2024-11-06  NAS100 20,360.50 20,935.25 20,323.50 20,894.00    552.25        2.71   632,408.00
6416  2024-11-07  NAS100 20,923.50 21,253.00 20,861.50 21,224.75    330.75        1.58   462,805.00
6417  2024-11-08  NAS100 21,224.25 21,265.00 21,121.75 21,231.25      6.50        0.03   401,943.00
6418  2024-11-11  NAS100 21,249.75 21,340.75 21,098.25 21,217.75    -13.50       -0.06   456,006.00
6419  2024-11-12  NAS100 21,221.00 21,251.75 21,054.75 21,189.50    -28.25       -0.13   511,372.00
6420  2024-11-13  NAS100 21,178.00 21,268.50 21,056.50 21,159.50    -30.00       -0.14   533,739.00
6421  2024-11-14  NAS100 21,167.00 21,190.25 20,950.50 21,011.75   -147.75       -0.70   561,950.00
6422  2024-11-15  NAS100 20,977.50 20,981.50 20,405.25 20,493.75   -518.00       -2.47   691,851.00
6423  2024-11-18  NAS100 20,504.00 20,724.25 20,476.00 20,633.50    139.75        0.68   525,474.00
6424  2024-11-19  NAS100 20,633.25 20,792.50 20,382.50 20,767.75    134.25        0.65   553,617.00
6425  2024-11-20  NAS100 20,762.25 20,843.25 20,477.00 20,749.00    -18.75       -0.09   619,493.00
6426  2024-11-21  NAS100 20,738.00 20,905.75 20,514.25 20,829.50     80.50        0.39   698,342.00
6427  2024-11-22  NAS100 20,794.00 20,880.00 20,693.25 20,849.75     20.25        0.10   541,554.00
6428  2024-11-25  NAS100 20,935.00 21,081.00 20,780.25 20,880.25     30.50        0.15   544,568.00
6429  2024-11-26  NAS100 20,906.25 21,024.75 20,755.00 20,993.50    113.25        0.54   505,254.00
6430  2024-11-27  NAS100 20,990.75 21,019.00 20,675.00 20,813.00   -180.50       -0.86   520,026.00
6431  2024-11-28  NAS100 20,813.00 21,017.50 20,805.50 20,993.50    180.50        0.87   339,955.00
6432  2024-12-02  NAS100 20,995.25 21,259.75 20,940.00 21,218.00    224.50        1.07   475,464.00
6433  2024-12-03  NAS100 21,220.00 21,329.00 21,134.25 21,281.50     63.50        0.30   444,143.00
6434  2024-12-04  NAS100 21,323.00 21,548.50 21,305.75 21,536.50    255.00        1.20   461,922.00
6435  2024-12-05  NAS100 21,513.25 21,567.25 21,437.50 21,473.25    -63.25       -0.29   421,035.00
6436  2024-12-06  NAS100 21,450.00 21,669.25 21,424.75 21,656.75    183.50        0.85   459,878.00
6437  2024-12-09  NAS100 21,649.00 21,706.25 21,436.00 21,483.75   -173.00       -0.80   517,123.00
6438  2024-12-10  NAS100 21,479.25 21,606.75 21,352.75 21,405.25    -78.50       -0.37   544,406.00
6439  2024-12-11  NAS100 21,436.00 21,820.00 21,405.75 21,793.50    388.25        1.81   547,213.00
6440  2024-12-12  NAS100 21,756.75 21,772.50 21,604.25 21,651.25   -142.25       -0.65   510,307.00
6441  2024-12-13  NAS100 21,720.75 21,908.00 21,666.50 21,795.75    144.50        0.67   639,403.00
6442  2024-12-16  NAS100 21,780.25 22,152.50 21,762.00 22,110.25    314.50        1.44   482,433.00
6443  2024-12-17  NAS100 22,412.25 22,425.75 22,244.25 22,314.50    204.25        0.92   568,539.00
6444  2024-12-18  NAS100 22,309.25 22,387.75 21,311.00 21,501.75   -812.75       -3.64   733,606.00
6445  2024-12-19  NAS100 21,499.75 21,697.75 21,345.75 21,379.00   -122.75       -0.57   743,114.00
6446  2024-12-20  NAS100 21,429.25 21,812.25 21,006.50 21,566.50    187.50        0.88   864,714.00
6447  2024-12-23  NAS100 21,566.00 21,776.75 21,476.75 21,753.25    186.75        0.87   508,598.00
6448  2024-12-24  NAS100 21,743.25 22,049.75 21,709.00 22,028.50    275.25        1.27   261,201.00
6449  2024-12-26  NAS100 22,049.50 22,111.25 21,870.25 22,008.00    -20.50       -0.09   407,116.00
6450  2024-12-27  NAS100 21,990.75 22,008.00 21,498.75 21,698.50   -309.50       -1.41   572,604.00
6451  2024-12-30  NAS100 21,711.00 21,742.75 21,253.00 21,416.25   -282.25       -1.30   530,975.00
6452  2024-12-31  NAS100 21,390.25 21,524.75 21,182.00 21,226.50   -189.75       -0.89   477,280.00
6453  2025-01-02  NAS100 21,269.00 21,490.50 20,983.75 21,167.50    -59.00       -0.28   664,742.00
6454  2025-01-03  NAS100 21,186.75 21,559.25 21,144.00 21,516.50    349.00        1.65   488,243.00
6455  2025-01-06  NAS100 21,532.25 21,896.75 21,478.25 21,744.50    228.00        1.06   574,300.00
6456  2025-01-07  NAS100 21,781.25 21,806.00 21,279.50 21,359.75   -384.75       -1.77   645,144.00
6457  2025-01-08  NAS100 21,380.75 21,448.25 21,166.25 21,360.75      1.00        0.00   637,114.00
6458  2025-01-09  NAS100 21,334.75 21,347.25 21,218.00 21,301.50    -59.25       -0.28    77,170.00
6459  2025-01-10  NAS100 21,302.75 21,372.50 20,874.75 21,016.00   -285.50       -1.34   703,964.00
6460  2025-01-13  NAS100 21,027.50 21,037.00 20,694.00 20,947.25    -68.75       -0.33   617,059.00
6461  2025-01-14  NAS100 21,020.00 21,143.75 20,773.50 20,919.50    -27.75       -0.13   676,188.00
6462  2025-01-15  NAS100 20,977.00 21,452.75 20,909.00 21,400.25    480.75        2.30   551,806.00
6463  2025-01-16  NAS100 21,389.00 21,567.25 21,172.25 21,249.75   -150.50       -0.70   598,631.00
6464  2025-01-17  NAS100 21,227.50 21,682.50 21,209.25 21,594.75    345.00        1.62   594,110.00
6465  2025-01-20  NAS100 21,600.00 21,783.50 21,377.75 21,709.50    114.75        0.53   662,316.00
6466  2025-01-22  NAS100 21,809.25 22,093.50 21,768.25 22,000.50    291.00        1.34   508,606.00
6467  2025-01-23  NAS100 21,981.75 22,050.50 21,855.50 22,038.25     37.75        0.17   476,286.00
6468  2025-01-24  NAS100 22,018.50 22,078.25 21,844.00 21,911.25   -127.00       -0.58   522,901.00
6469  2025-01-27  NAS100 21,771.00 21,771.00 20,763.75 21,258.50   -652.75       -2.98 1,056,136.00
6470  2025-01-28  NAS100 21,343.25 21,626.00 21,159.50 21,581.75    323.25        1.52   663,336.00
6471  2025-01-29  NAS100 21,559.00 21,697.00 21,367.00 21,523.25    -58.50       -0.27   629,631.00
6472  2025-01-30  NAS100 21,547.75 21,748.75 21,419.50 21,624.75    101.50        0.47   618,073.00
6473  2025-01-31  NAS100 21,680.00 21,966.00 21,533.75 21,589.25    -35.50       -0.16   655,811.00
6474  2025-02-03  NAS100 21,200.00 21,579.75 20,943.00 21,405.00   -184.25       -0.85   728,140.00
6475  2025-02-04  NAS100 21,592.00 21,694.00 21,242.50 21,670.25    265.25        1.24   497,143.00
6476  2025-02-05  NAS100 21,562.00 21,795.00 21,429.75 21,763.00     92.75        0.43   497,655.00
6477  2025-02-06  NAS100 21,764.50 21,882.25 21,705.75 21,871.75    108.75        0.50   438,729.00
6478  2025-02-07  NAS100 21,817.75 21,968.00 21,552.75 21,590.75   -281.00       -1.28   598,869.00
6479  2025-02-10  NAS100 21,463.25 21,894.00 21,418.00 21,846.50    255.75        1.18   391,625.00
6480  2025-02-11  NAS100 21,832.00 21,871.50 21,669.50 21,786.75    -59.75       -0.27   423,200.00
6481  2025-02-12  NAS100 21,794.25 21,862.50 21,510.75 21,804.75     18.00        0.08   545,408.00
6482  2025-02-13  NAS100 21,861.25 22,124.00 21,753.00 22,113.25    308.50        1.41   536,739.00
6483  2025-02-14  NAS100 22,071.00 22,225.00 22,042.50 22,196.25     83.00        0.38   433,212.00
6484  2025-02-17  NAS100 22,235.75 22,319.75 22,102.75 22,232.25     36.00        0.16   567,203.00
6485  2025-02-19  NAS100 22,224.50 22,299.75 22,118.00 22,250.50     18.25        0.08   496,442.00
6486  2025-02-20  NAS100 22,213.00 22,235.50 21,951.00 22,141.75   -108.75       -0.49   563,585.00
6487  2025-02-21  NAS100 22,136.00 22,245.50 21,652.75 21,679.25   -462.50       -2.09   708,349.00
6488  2025-02-24  NAS100 21,700.75 21,813.00 21,407.50 21,420.25   -259.00       -1.19   670,634.00
6489  2025-02-25  NAS100 21,442.50 21,453.75 20,990.00 21,149.00   -271.25       -1.27   805,678.00
6490  2025-02-26  NAS100 21,230.50 21,409.25 21,055.00 21,187.00     38.00        0.18   646,236.00
6491  2025-02-27  NAS100 21,249.00 21,386.50 20,583.25 20,605.75   -581.25       -2.74   854,180.00
6492  2025-02-28  NAS100 20,649.50 20,944.25 20,460.50 20,919.50    313.75        1.52   845,890.00
6493  2025-03-03  NAS100 21,005.25 21,121.00 20,316.75 20,468.25   -451.25       -2.16   833,041.00
6494  2025-03-04  NAS100 20,527.00 20,732.50 20,075.25 20,399.00    -69.25       -0.34   958,071.00
6495  2025-03-05  NAS100 20,555.00 20,725.00 20,215.00 20,665.00    266.00        1.30   783,638.00
6496  2025-03-06  NAS100 20,605.25 20,647.50 20,003.00 20,089.25   -575.75       -2.79   763,150.00
6497  2025-03-07  NAS100 20,214.50 20,286.25 19,765.50 20,229.75    140.50        0.70   763,257.00
6498  2025-03-10  NAS100 20,147.00 20,156.50 19,272.25 19,452.75   -777.00       -3.84   798,366.00
6499  2025-03-11  NAS100 19,440.00 19,686.75 19,139.25 19,399.00    -53.75       -0.28   857,876.00
6500  2025-03-12  NAS100 19,412.75 19,788.75 19,387.00 19,618.50    219.50        1.13   702,688.00
6501  2025-03-13  NAS100 19,572.00 19,694.00 19,170.00 19,249.00   -369.50       -1.88   761,160.00
6502  2025-03-14  NAS100 19,312.75 19,742.50 19,296.75 19,712.00    463.00        2.41   742,663.00
6503  2025-03-17  NAS100 19,668.25 19,959.25 19,550.50 19,831.75    119.75        0.61   584,953.00
6504  2025-03-18  NAS100 20,041.00 20,066.50 19,604.25 19,701.75   -130.00       -0.66   569,610.00
6505  2025-03-19  NAS100 19,704.75 20,143.00 19,660.00 19,951.00    249.25        1.27   574,698.00
6506  2025-03-20  NAS100 19,949.75 20,105.00 19,735.25 19,879.25    -71.75       -0.36   607,253.00
6507  2025-03-21  NAS100 19,898.50 19,977.50 19,602.25 19,961.00     81.75        0.41   605,235.00
6508  2025-03-24  NAS100 20,050.50 20,409.50 20,050.50 20,374.25    413.25        2.07   555,043.00
6509  2025-03-25  NAS100 20,353.00 20,524.75 20,293.00 20,488.50    114.25        0.56   470,886.00
6510  2025-03-26  NAS100 20,511.50 20,536.75 20,045.00 20,116.50   -372.00       -1.82   620,685.00
6511  2025-03-27  NAS100 20,046.00 20,199.50 19,937.25 19,990.25   -126.25       -0.63   634,738.00
6512  2025-03-28  NAS100 19,995.25 20,011.75 19,357.50 19,457.00   -533.25       -2.67   696,397.00
6513  2025-03-31  NAS100 19,319.75 19,489.75 18,976.75 19,439.50    -17.50       -0.09   842,547.00
6514  2025-04-01  NAS100 19,411.25 19,644.00 19,261.25 19,604.50    165.00        0.85   790,964.00
6515  2025-04-02  NAS100 19,600.50 20,044.25 19,076.75 19,758.00    153.50        0.78   835,319.00
6516  2025-04-03  NAS100 19,020.00 19,177.00 18,614.00 18,675.50 -1,082.50       -5.48   893,793.00
6517  2025-04-04  NAS100 18,660.00 18,713.00 17,387.50 17,539.00 -1,136.50       -6.09 1,199,851.00
6518  2025-04-07  NAS100 17,100.00 18,361.50 16,460.00 17,563.25     24.25        0.14 1,140,389.00
6519  2025-04-08  NAS100 17,665.00 18,357.25 16,973.50 17,243.75   -319.50       -1.82   956,641.00
6520  2025-04-09  NAS100 17,220.25 19,386.75 16,735.00 19,288.75  2,045.00       11.86 1,086,917.00
6521  2025-04-10  NAS100 19,266.75 19,383.50 17,919.00 18,484.50   -804.25       -4.17   975,104.00
6522  2025-04-11  NAS100 18,464.75 18,873.50 18,067.00 18,807.50    323.00        1.75   667,630.00
6523  2025-04-14  NAS100 19,225.00 19,256.00 18,737.50 18,934.75    127.25        0.68   570,510.00
6524  2025-04-15  NAS100 18,902.50 19,144.75 18,809.00 18,960.25     25.50        0.13   525,790.00
6525  2025-04-16  NAS100 18,790.00 18,861.25 18,116.25 18,385.25   -575.00       -3.03   683,175.00
6526  2025-04-17  NAS100 18,391.25 18,652.75 18,261.50 18,380.75     -4.50       -0.02   629,368.00
6527  2025-04-21  NAS100 18,306.25 18,383.50 17,700.00 17,922.25   -458.50       -2.49   484,750.00
6528  2025-04-22  NAS100 17,914.00 18,514.00 17,863.75 18,385.00    462.75        2.58   619,146.00
6529  2025-04-23  NAS100 18,646.00 19,165.50 18,623.75 18,804.00    419.00        2.28   733,977.00
6530  2025-04-24  NAS100 18,826.50 19,418.00 18,594.75 19,322.00    518.00        2.75   599,457.00
6531  2025-04-25  NAS100 19,405.00 19,589.00 19,216.25 19,535.25    213.25        1.10   587,589.00
6532  2025-04-28  NAS100 19,524.50 19,623.00 19,257.25 19,528.00     -7.25       -0.04   514,474.00
6533  2025-04-29  NAS100 19,478.25 19,688.50 19,378.00 19,642.00    114.00        0.58   565,539.00
6534  2025-04-30  NAS100 19,599.75 19,880.00 19,103.75 19,658.50     16.50        0.08   713,642.00
6535  2025-05-01  NAS100 19,834.00 20,125.75 19,757.25 19,870.75    212.25        1.08   588,901.00
6536  2025-05-02  NAS100 19,782.50 20,276.75 19,749.50 20,195.25    324.50        1.63   517,806.00
6537  2025-05-05  NAS100 20,181.50 20,201.75 19,966.00 20,055.50   -139.75       -0.69   418,875.00
6538  2025-05-06  NAS100 20,014.25 20,036.75 19,739.00 19,876.50   -179.00       -0.89   514,526.00
6539  2025-05-07  NAS100 19,809.00 20,133.75 19,678.75 19,961.00     84.50        0.43   597,360.00
6540  2025-05-08  NAS100 19,934.50 20,337.25 19,910.75 20,148.00    187.00        0.94   567,597.00
6541  2025-05-09  NAS100 20,157.00 20,288.75 20,058.00 20,136.75    -11.25       -0.06   453,686.00
6542  2025-05-12  NAS100 20,398.50 20,996.00 20,376.75 20,948.75    812.00        4.03   638,564.00
6543  2025-05-13  NAS100 20,954.75 21,346.50 20,818.00 21,278.00    329.25        1.57   526,706.00
6544  2025-05-14  NAS100 21,250.00 21,419.50 21,238.25 21,392.50    114.50        0.54   513,593.00
6545  2025-05-15  NAS100 21,379.75 21,529.75 21,192.00 21,400.25      7.75        0.04   542,990.00
6546  2025-05-16  NAS100 21,396.00 21,512.00 21,320.25 21,506.00    105.75        0.49   419,242.00
6547  2025-05-19  NAS100 21,310.75 21,544.50 21,112.50 21,527.00     21.00        0.10   520,282.00
6548  2025-05-20  NAS100 21,513.00 21,562.25 21,298.00 21,447.25    -79.75       -0.37   437,865.00
6549  2025-05-21  NAS100 21,414.75 21,558.50 21,072.75 21,156.75   -290.50       -1.35   605,668.00
6550  2025-05-22  NAS100 21,145.00 21,337.50 21,040.00 21,178.25     21.50        0.10   512,634.00
6551  2025-05-23  NAS100 21,223.75 21,236.00 20,727.00 20,975.00   -203.25       -0.96   528,055.00
6552  2025-05-26  NAS100 20,978.00 21,488.50 20,954.25 21,460.50    485.50        2.31   531,358.00
6553  2025-05-28  NAS100 21,480.00 21,567.50 21,321.25 21,379.75    -80.75       -0.38   421,653.00
6554  2025-05-29  NAS100 21,513.00 21,858.75 21,301.00 21,408.50     28.75        0.13   563,888.00
6555  2025-05-30  NAS100 21,371.25 21,433.50 21,071.50 21,376.75    -31.75       -0.15   551,092.00
6556  2025-06-02  NAS100 21,303.75 21,576.25 21,163.00 21,534.50    157.75        0.74   434,593.00
6557  2025-06-03  NAS100 21,555.00 21,759.75 21,399.25 21,706.00    171.50        0.80   427,859.00
6558  2025-06-04  NAS100 21,688.25 21,803.00 21,641.00 21,766.50     60.50        0.28   403,012.00
6559  2025-06-05  NAS100 21,744.75 21,935.00 21,503.50 21,582.25   -184.25       -0.85   466,591.00
6560  2025-06-06  NAS100 21,471.00 21,873.50 21,471.00 21,789.50    207.25        0.96   466,591.00
6561  2025-06-09  NAS100 21,799.25 21,890.75 21,716.00 21,821.50     32.00        0.15   354,827.00
6562  2025-06-10  NAS100 21,824.00 21,992.25 21,732.00 21,962.50    141.00        0.65   439,539.00
6563  2025-06-11  NAS100 21,945.75 22,106.00 21,790.75 21,887.50    -75.00       -0.34   523,556.00
6564  2025-06-12  NAS100 21,871.00 21,977.25 21,713.25 21,932.50     45.00        0.21   397,839.00
6565  2025-06-13  NAS100 21,909.00 21,915.75 21,471.00 21,644.25   -288.25       -1.31   556,189.00
6566  2025-06-16  NAS100 21,772.50 22,222.00 21,726.00 22,168.25    524.00        2.42   420,107.00
6567  2025-06-17  NAS100 22,176.00 22,177.25 21,909.50 21,956.00   -212.25       -0.96   476,443.00
6568  2025-06-18  NAS100 21,927.50 22,097.75 21,862.25 21,945.25    -10.75       -0.05   481,857.00
6569  2025-06-19  NAS100 21,956.75 22,130.50 21,650.25 21,844.75   -100.50       -0.46   649,884.00
6570  2025-06-23  NAS100 21,648.25 22,093.00 21,566.75 22,073.50    228.75        1.05   549,766.00
6571  2025-06-24  NAS100 22,079.00 22,448.25 22,065.75 22,412.75    339.25        1.54   447,975.00
6572  2025-06-25  NAS100 22,412.00 22,548.25 22,384.50 22,461.00     48.25        0.22   397,611.00
6573  2025-06-26  NAS100 22,461.25 22,694.00 22,437.75 22,669.25    208.25        0.93   422,397.00
6574  2025-06-27  NAS100 22,676.25 22,825.50 22,600.00 22,751.50     82.25        0.36   487,835.00
6575  2025-06-30  NAS100 22,751.50 22,934.75 22,751.50 22,893.25    141.75        0.62   434,250.00
6576  2025-07-01  NAS100 22,867.50 22,914.75 22,594.50 22,692.75   -200.50       -0.88   495,079.00
6577  2025-07-02  NAS100 22,694.50 22,858.75 22,582.00 22,843.00    150.25        0.66   408,882.00
6578  2025-07-03  NAS100 22,845.00 23,102.50 22,827.00 23,062.50    219.50        0.96   269,075.00
6579  2025-07-04  NAS100 22,970.00 23,028.50 22,779.75 22,884.75   -177.75       -0.77   537,930.00
6580  2025-07-08  NAS100 22,837.75 22,972.75 22,808.50 22,896.75     12.00        0.05   420,913.00
6581  2025-07-09  NAS100 22,906.50 23,112.00 22,843.50 23,052.75    156.00        0.68   450,523.00
6582  2025-07-10  NAS100 23,041.00 23,090.00 22,901.25 23,013.25    -39.50       -0.17   391,782.00
6583  2025-07-11  NAS100 23,011.75 23,048.75 22,831.50 22,959.00    -54.25       -0.24   461,057.00
6584  2025-07-14  NAS100 22,860.75 23,066.50 22,803.00 23,035.50     76.50        0.33   414,465.00
6585  2025-07-15  NAS100 23,034.25 23,222.75 22,996.00 23,056.75     21.25        0.09   524,056.00
6586  2025-07-16  NAS100 23,018.75 23,100.00 22,835.50 23,076.50     19.75        0.09   548,602.00
6587  2025-07-17  NAS100 23,065.50 23,279.75 23,017.00 23,251.00    174.50        0.76   445,290.00
6588  2025-07-18  NAS100 23,261.25 23,320.75 23,169.50 23,224.25    -26.75       -0.12   450,704.00
6589  2025-07-21  NAS100 23,232.50 23,424.75 23,203.75 23,342.00    117.75        0.51   398,833.00
6590  2025-07-22  NAS100 23,339.50 23,367.00 23,108.00 23,226.25   -115.75       -0.50   537,829.00
6591  2025-07-23  NAS100 23,191.25 23,418.00 23,146.75 23,310.75     84.50        0.36   512,963.00
6592  2025-07-24  NAS100 23,402.25 23,424.50 23,298.25 23,377.50     66.75        0.29   435,559.00
6593  2025-07-25  NAS100 23,391.50 23,476.00 23,330.75 23,421.25     43.75        0.19   395,469.00
6594  2025-07-28  NAS100 23,520.00 23,585.25 23,436.75 23,491.25     70.00        0.30   424,393.00
6595  2025-07-29  NAS100 23,504.25 23,652.50 23,421.25 23,452.00    -39.25       -0.17   538,169.00
6596  2025-07-30  NAS100 23,452.00 23,689.00 23,356.50 23,480.50     28.50        0.12   538,732.00
6597  2025-07-31  NAS100 23,705.00 23,845.00 23,290.50 23,365.00   -115.50       -0.49   739,642.00
6598  2025-08-01  NAS100 23,308.50 23,347.50 22,775.00 22,883.75   -481.25       -2.06   803,558.00
6599  2025-08-04  NAS100 22,850.00 23,352.50 22,821.75 23,296.50    412.75        1.80   472,671.00
6600  2025-08-05  NAS100 23,354.00 23,404.25 23,084.50 23,132.00   -164.50       -0.71   542,676.00
6601  2025-08-06  NAS100 23,091.75 23,445.25 23,045.50 23,422.75    290.75        1.26   527,514.00
6602  2025-08-07  NAS100 23,418.50 23,671.00 23,329.00 23,496.25     73.50        0.31   561,716.00
6603  2025-08-08  NAS100 23,518.25 23,767.75 23,503.00 23,713.75    217.50        0.93   454,190.00
6604  2025-08-11  NAS100 23,764.00 23,804.50 23,587.50 23,637.50    -76.25       -0.32   443,981.00
6605  2025-08-12  NAS100 23,635.00 23,953.50 23,596.00 23,938.00    300.50        1.27   488,577.00
6606  2025-08-13  NAS100 23,945.00 24,068.50 23,886.00 23,946.50      8.50        0.04   453,506.00
6607  2025-08-14  NAS100 23,927.75 24,007.75 23,793.25 23,930.50    -16.00       -0.07   492,051.00
6608  2025-08-15  NAS100 23,888.75 23,963.00 23,734.50 23,804.00   -126.50       -0.53   441,888.00
6609  2025-08-18  NAS100 23,795.00 23,881.75 23,719.00 23,797.75     -6.25       -0.03   399,622.00
6610  2025-08-19  NAS100 23,800.75 23,838.00 23,426.00 23,469.50   -328.25       -1.38   557,582.00
6611  2025-08-20  NAS100 23,461.00 23,485.50 23,035.00 23,324.00   -145.50       -0.62   713,574.00
6612  2025-08-21  NAS100 23,323.00 23,369.25 23,119.00 23,219.75   -104.25       -0.45   525,924.00
6613  2025-08-22  NAS100 23,225.25 23,650.00 23,076.75 23,569.75    350.00        1.51   490,867.00
6614  2025-08-25  NAS100 23,602.00 23,616.25 23,443.25 23,498.25    -71.50       -0.30   399,485.00
6615  2025-08-26  NAS100 23,505.75 23,611.00 23,371.50 23,591.50     93.25        0.40   443,746.00
6616  2025-08-27  NAS100 23,604.00 23,689.00 23,434.75 23,628.75     37.25        0.16   436,560.00
6617  2025-08-28  NAS100 23,542.25 23,803.75 23,487.50 23,769.00    140.25        0.59   486,265.00
6618  2025-08-29  NAS100 23,760.50 23,762.00 23,397.50 23,461.75   -307.25       -1.29   539,161.00
6619  2025-09-01  NAS100 23,479.00 23,552.50 23,025.25 23,275.00   -186.75       -0.80   744,115.00
6620  2025-09-03  NAS100 23,382.00 23,525.25 23,298.25 23,448.75    173.75        0.75   563,651.00
6621  2025-09-04  NAS100 23,456.75 23,708.75 23,410.00 23,668.00    219.25        0.94   484,986.00
6622  2025-09-05  NAS100 23,700.00 23,902.00 23,505.00 23,684.00     16.00        0.07   674,088.00
6623  2025-09-08  NAS100 23,673.50 23,888.00 23,650.25 23,799.75    115.75        0.49   457,632.00
6624  2025-09-09  NAS100 23,799.00 23,921.25 23,726.00 23,874.00     74.25        0.31   473,187.00
6625  2025-09-10  NAS100 23,898.50 24,044.25 23,785.00 23,877.75      3.75        0.02   521,709.00
6626  2025-09-11  NAS100 23,853.75 24,046.00 23,838.00 24,017.75    140.00        0.59   445,071.00
6627  2025-09-12  NAS100 24,028.25 24,159.00 23,969.00 24,113.25     95.50        0.40   425,565.00
6628  2025-09-15  NAS100 24,115.25 24,315.50 24,076.00 24,309.25    196.00        0.81   366,064.00
6629  2025-09-16  NAS100 24,533.75 24,647.25 24,499.25 24,522.25    213.00        0.88   431,717.00
6630  2025-09-17  NAS100 24,526.75 24,553.00 24,242.00 24,465.25    -57.00       -0.23   610,140.00
6631  2025-09-18  NAS100 24,498.50 24,816.00 24,495.25 24,705.50    240.25        0.98   557,622.00
6632  2025-09-19  NAS100 24,717.75 24,888.00 24,655.00 24,866.25    160.75        0.65   505,600.00
6633  2025-09-22  NAS100 24,850.00 25,027.25 24,748.75 25,003.00    136.75        0.55   481,197.00
6634  2025-09-23  NAS100 24,995.00 25,026.00 24,780.50 24,827.25   -175.75       -0.70   564,182.00
6635  2025-09-24  NAS100 24,839.50 24,913.50 24,627.00 24,739.25    -88.00       -0.35   530,441.00
6636  2025-09-25  NAS100 24,746.00 24,793.50 24,422.50 24,629.25   -110.00       -0.44   710,112.00
6637  2025-09-26  NAS100 24,642.50 24,747.50 24,520.00 24,726.75     97.50        0.40   548,790.00
6638  2025-09-29  NAS100 24,726.50 24,975.50 24,721.75 24,837.75    111.00        0.45   508,361.00
6639  2025-09-30  NAS100 24,817.75 24,913.75 24,722.25 24,901.75     64.00        0.26   513,254.00
6640  2025-10-01  NAS100 24,843.00 25,036.75 24,633.25 25,017.50    115.75        0.46   474,674.00
6641  2025-10-02  NAS100 25,009.25 25,180.00 24,993.75 25,110.00     92.50        0.37   460,294.00
6642  2025-10-03  NAS100 25,101.50 25,196.50 24,923.25 24,992.00   -118.00       -0.47   490,721.00
6643  2025-10-06  NAS100 25,000.00 25,252.75 24,995.00 25,184.75    192.75        0.77   414,908.00
6644  2025-10-07  NAS100 25,184.50 25,275.00 24,984.75 25,039.25   -145.50       -0.58   539,431.00
6645  2025-10-08  NAS100 25,059.75 25,364.75 25,026.25 25,331.00    291.75        1.17   451,309.00
6646  2025-10-09  NAS100 25,351.50 25,394.00 25,160.75 25,289.25    -41.75       -0.16   500,933.00
6647  2025-10-10  NAS100 25,287.75 25,388.00 24,158.50 24,397.00   -892.25       -3.53   934,374.00
6648  2025-10-13  NAS100 24,542.00 24,965.00 24,542.00 24,922.25    525.25        2.15   934,374.00
6649  2025-10-14  NAS100 24,913.75 25,044.25 24,421.00 24,762.50   -159.75       -0.64   729,059.00
6650  2025-10-15  NAS100 24,754.00 25,115.00 24,663.25 24,924.50    162.00        0.65   637,036.00
6651  2025-10-16  NAS100 24,937.00 25,179.50 24,643.50 24,831.25    -93.25       -0.37   738,759.00
6652  2025-10-17  NAS100 24,793.75 25,055.75 24,410.00 24,986.50    155.25        0.63   743,681.00
6653  2025-10-20  NAS100 25,065.75 25,354.50 24,955.75 25,305.25    318.75        1.28   437,206.00
6654  2025-10-21  NAS100 25,326.75 25,368.00 25,203.25 25,294.75    -10.50       -0.04   441,490.00
6655  2025-10-22  NAS100 25,283.75 25,338.25 24,804.75 25,039.25   -255.50       -1.01   695,128.00
6656  2025-10-23  NAS100 25,012.25 25,296.00 24,937.00 25,254.00    214.75        0.86   527,352.00
6657  2025-10-24  NAS100 25,283.25 25,570.75 25,276.00 25,509.25    255.25        1.01   467,727.00
6658  2025-10-27  NAS100 25,723.50 26,013.50 25,700.00 25,963.75    454.50        1.78   435,230.00
6659  2025-10-28  NAS100 26,002.50 26,231.50 25,943.00 26,163.50    199.75        0.77   452,121.00
6660  2025-10-29  NAS100 26,179.75 26,379.75 26,049.25 26,262.50     99.00        0.38   557,797.00
6661  2025-10-30  NAS100 26,154.50 26,399.00 25,853.00 25,882.75   -379.75       -1.45   665,782.00
6662  2025-10-31  NAS100 26,150.50 26,274.00 25,888.75 26,004.00    121.25        0.47   597,984.00
6663  2025-11-03  NAS100 26,028.25 26,266.00 26,012.75 26,103.25     99.25        0.38   473,749.00
6664  2025-11-04  NAS100 26,104.50 26,104.50 25,522.75 25,575.25   -528.00       -2.02   669,483.00
6665  2025-11-05  NAS100 25,545.00 25,880.00 25,282.00 25,746.25    171.00        0.67   618,171.00
6666  2025-11-06  NAS100 25,738.50 25,822.25 25,197.75 25,244.25   -502.00       -1.95   754,444.00
6667  2025-11-07  NAS100 25,314.75 25,354.75 24,709.25 25,166.25    -78.00       -0.31   765,092.00
6668  2025-11-10  NAS100 25,320.75 25,760.50 25,269.00 25,714.50    548.25        2.18   626,203.00
6669  2025-11-11  NAS100 25,722.25 25,768.75 25,478.50 25,640.75    -73.75       -0.29   537,967.00
6670  2025-11-12  NAS100 25,668.00 25,830.00 25,488.75 25,623.75    -17.00       -0.07   606,259.00
6671  2025-11-13  NAS100 25,624.00 25,721.50 25,002.50 25,094.75   -529.00       -2.06   775,125.00
6672  2025-11-14  NAS100 25,095.25 25,293.25 24,626.00 25,094.00     -0.75       -0.00   862,322.00
6673  2025-11-17  NAS100 25,142.25 25,361.25 24,731.75 24,879.00   -215.00       -0.86   738,978.00
6674  2025-11-18  NAS100 24,905.50 24,959.50 24,376.25 24,595.75   -283.25       -1.14   871,074.00
6675  2025-11-19  NAS100 24,551.00 24,988.00 24,445.00 24,721.75    126.00        0.51   770,449.00
6676  2025-11-20  NAS100 24,966.75 25,310.00 24,073.25 24,131.50   -590.25       -2.39   995,836.00
6677  2025-11-21  NAS100 24,110.00 24,596.25 23,904.50 24,305.50    174.00        0.72   918,728.00
6678  2025-11-24  NAS100 24,455.75 24,993.50 24,361.75 24,948.25    642.75        2.64   604,148.00
6679  2025-11-25  NAS100 24,966.25 25,135.25 24,602.00 25,085.50    137.25        0.55   629,575.00
6680  2025-11-26  NAS100 25,071.25 25,376.00 25,061.25 25,302.25    216.75        0.86   522,196.00
6681  2025-11-27  NAS100 25,313.00 25,499.75 25,285.75 25,482.00    179.75        0.71   199,445.00
6682  2025-12-01  NAS100 25,482.50 25,546.00 25,193.25 25,391.25    -90.75       -0.36   574,734.00
6683  2025-12-02  NAS100 25,411.50 25,670.00 25,324.75 25,606.00    214.75        0.85   561,951.00
6684  2025-12-03  NAS100 25,611.00 25,685.25 25,421.50 25,657.50     51.50        0.20   494,194.00
6685  2025-12-04  NAS100 25,650.25 25,732.50 25,488.75 25,622.75    -34.75       -0.14   509,526.00
6686  2025-12-05  NAS100 25,629.75 25,868.00 25,579.75 25,732.00    109.25        0.43   498,264.00
6687  2025-12-08  NAS100 25,750.00 25,860.75 25,564.75 25,664.00    -68.00       -0.26   473,150.00
6688  2025-12-09  NAS100 25,713.00 25,735.75 25,560.00 25,699.75     35.75        0.14   407,387.00
6689  2025-12-10  NAS100 25,680.00 25,870.75 25,528.75 25,798.00     98.25        0.38   556,710.00
6690  2025-12-11  NAS100 25,769.50 25,861.50 25,383.00 25,713.50    -84.50       -0.33   637,723.00
6691  2025-12-12  NAS100 25,701.00 25,733.25 25,118.00 25,213.50   -500.00       -1.94   760,749.00
6692  2025-12-15  NAS100 25,223.50 25,410.00 25,033.25 25,093.25   -120.25       -0.48   448,073.00
6693  2025-12-16  NAS100 25,345.75 25,444.00 25,073.25 25,380.25    287.00        1.14   671,994.00
6694  2025-12-17  NAS100 25,332.00 25,508.50 24,887.75 24,898.75   -481.50       -1.90   693,927.00
6695  2025-12-18  NAS100 24,983.50 25,412.50 24,901.25 25,261.75    363.00        1.46   711,273.00
6696  2025-12-19  NAS100 25,240.00 25,600.25 25,209.75 25,574.75    313.00        1.24   502,611.00
6697  2025-12-22  NAS100 25,635.25 25,794.75 25,628.00 25,692.25    117.50        0.46   367,322.00
6698  2025-12-23  NAS100 25,701.00 25,822.50 25,608.25 25,812.25    120.00        0.47   336,346.00
6699  2025-12-24  NAS100 25,815.75 25,892.00 25,777.50 25,880.50     68.25        0.26   163,037.00
6700  2025-12-26  NAS100 25,868.00 25,935.25 25,834.25 25,863.25    -17.25       -0.07   240,485.00
6701  2025-12-29  NAS100 25,863.25 25,893.75 25,648.00 25,739.75   -123.50       -0.48   347,055.00
6702  2025-12-30  NAS100 25,740.00 25,793.75 25,668.25 25,675.25    -64.50       -0.25   300,558.00
6703  2025-12-31  NAS100 25,683.25 25,716.75 25,429.00 25,456.75   -218.50       -0.85   329,352.00
6704  2026-01-02  NAS100 25,478.50 25,803.75 25,265.25 25,385.25    -71.50       -0.28   554,838.00
6705  2026-01-05  NAS100 25,431.75 25,708.00 25,406.50 25,577.75    192.50        0.76   461,305.00
6706  2026-01-06  NAS100 25,583.00 25,837.75 25,527.50 25,822.00    244.25        0.95   445,573.00
6707  2026-01-07  NAS100 25,831.25 25,996.25 25,727.00 25,838.75     16.75        0.06   477,861.00
6708  2026-01-08  NAS100 25,838.75 25,849.75 25,569.00 25,687.50   -151.25       -0.59   510,805.00
6709  2026-01-09  NAS100 25,725.00 25,985.50 25,615.50 25,938.25    250.75        0.98   509,669.00
6710  2026-01-12  NAS100 25,949.00 26,020.50 25,632.75 25,956.75     18.50        0.07   452,996.00
6711  2026-01-13  NAS100 25,953.50 26,045.50 25,803.25 25,906.00    -50.75       -0.20   560,438.00
6712  2026-01-14  NAS100 25,900.75 25,925.75 25,420.75 25,631.00   -275.00       -1.06   647,871.00
6713  2026-01-15  NAS100 25,593.00 25,952.75 25,562.50 25,705.75     74.75        0.29   591,058.00
6714  2026-01-16  NAS100 25,720.50 25,891.00 25,591.50 25,689.00    -16.75       -0.07   490,573.00
6715  2026-01-19  NAS100 25,471.00 25,472.00 25,095.25 25,129.25   -559.75       -2.18   864,568.00
6716  2026-01-21  NAS100 25,149.50 25,653.50 25,025.00 25,471.00    341.75        1.36   810,753.00
6717  2026-01-22  NAS100 25,529.50 25,739.75 25,483.75 25,658.25    187.25        0.74   533,607.00
6718  2026-01-23  NAS100 25,605.00 25,845.75 25,540.25 25,738.25     80.00        0.31   504,901.00
6719  2026-01-26  NAS100 25,585.50 25,936.50 25,365.25 25,848.50    110.25        0.43   450,290.00
6720  2026-01-27  NAS100 25,861.25 26,118.00 25,838.50 26,073.00    224.50        0.87   429,460.00
6721  2026-01-28  NAS100 26,111.25 26,349.00 25,993.25 26,156.25     83.25        0.32   511,937.00
6722  2026-01-29  NAS100 26,282.50 26,296.00 25,536.00 25,999.25   -157.00       -0.60   699,097.00
6723  2026-01-30  NAS100 25,998.50 26,020.00 25,568.75 25,670.00   -329.25       -1.27   712,197.00
6724  2026-02-02  NAS100 25,530.00 25,949.50 25,180.25 25,850.00    180.00        0.70   578,865.00
6725  2026-02-03  NAS100 25,876.50 26,027.75 25,219.00 25,452.00   -398.00       -1.54   696,150.00
6726  2026-02-04  NAS100 25,387.50 25,514.25 24,783.50 24,999.25   -452.75       -1.78   742,646.00
6727  2026-02-05  NAS100 25,061.75 25,169.00 24,407.25 24,651.00   -348.25       -1.39   774,469.00
6728  2026-02-06  NAS100 24,416.00 25,222.00 24,239.75 25,163.25    512.25        2.08   653,956.00
6729  2026-02-09  NAS100 25,153.75 25,428.75 24,955.50 25,354.00    190.75        0.76   492,306.00
6730  2026-02-10  NAS100 25,363.00 25,447.25 25,198.25 25,218.25   -135.75       -0.54   477,554.00
6731  2026-02-11  NAS100 25,259.00 25,465.25 25,058.25 25,288.50     70.25        0.28   531,730.00
6732  2026-02-12  NAS100 25,289.00 25,419.75 24,721.50 24,768.00   -520.50       -2.06   668,338.00
6733  2026-02-13  NAS100 24,842.25 24,995.50 24,578.75 24,803.25     35.25        0.14   688,226.00
6734  2026-02-16  NAS100 24,789.75 24,922.25 24,449.25 24,767.75    -35.50       -0.14   752,646.00
6735  2026-02-18  NAS100 24,773.75 25,128.25 24,700.75 24,956.00    188.25        0.76   540,796.00
6736  2026-02-19  NAS100 24,943.50 25,054.00 24,749.00 24,858.75    -97.25       -0.39   515,038.00
6737  2026-02-20  NAS100 24,837.75 25,139.50 24,678.50 25,067.50    208.75        0.84   615,358.00
6738  2026-02-23  NAS100 25,033.75 25,059.75 24,668.00 24,762.75   -304.75       -1.22   594,568.00
6739  2026-02-24  NAS100 24,788.00 25,078.75 24,694.50 25,028.75    266.00        1.07   520,239.00
6740  2026-02-25  NAS100 25,016.25 25,494.75 24,992.00 25,382.00    353.25        1.41   417,621.00
6741  2026-02-26  NAS100 25,388.25 25,418.25 24,861.75 25,081.00   -301.00       -1.19   605,581.00
6742  2026-02-27  NAS100 25,024.25 25,098.75 24,782.00 25,004.75    -76.25       -0.30   561,211.00
6743  2026-03-02  NAS100 24,682.50 25,101.00 24,477.00 25,025.25     20.50        0.08   627,650.00
6744  2026-03-03  NAS100 25,002.75 25,011.00 24,352.00 24,755.75   -269.50       -1.08   719,421.00
6745  2026-03-04  NAS100 24,710.75 25,217.75 24,499.00 25,128.25    372.50        1.50   603,596.00
6746  2026-03-05  NAS100 25,156.50 25,250.00 24,772.50 25,049.50    -78.75       -0.31   683,962.00
6747  2026-03-06  NAS100 25,019.75 25,141.50 24,601.00 24,670.25   -379.25       -1.51   645,082.00
6748  2026-03-09  NAS100 24,435.25 25,058.00 24,000.00 24,991.00    320.75        1.30   708,630.00
6749  2026-03-10  NAS100 24,981.50 25,217.50 24,830.00 24,982.50     -8.50       -0.03   564,644.00
6750  2026-03-11  NAS100 25,010.25 25,180.00 24,873.50 24,983.50      1.00        0.00   476,593.00
6751  2026-03-12  NAS100 24,934.50 24,949.25 24,517.75 24,560.00   -423.50       -1.70   565,145.00
6752  2026-03-13  NAS100 24,567.00 24,805.25 24,333.75 24,394.25   -165.75       -0.67   609,146.00
6753  2026-03-16  NAS100 24,285.00 24,816.25 24,278.00 24,675.75    281.50        1.15   413,547.00
6754  2026-03-17  NAS100 24,870.00 25,117.00 24,728.25 25,015.50    339.75        1.38   482,054.00
6755  2026-03-18  NAS100 25,019.75 25,210.50 24,565.50 24,651.25   -364.25       -1.46   501,039.00
6756  2026-03-19  NAS100 24,622.00 24,725.25 24,326.75 24,580.00    -71.25       -0.29   628,561.00
6757  2026-03-20  NAS100 24,632.75 24,660.50 23,971.25 24,101.50   -478.50       -1.95   611,673.00
6758  2026-03-23  NAS100 23,902.00 24,763.00 23,772.50 24,408.25    306.75        1.27   683,625.00
6759  2026-03-24  NAS100 24,417.25 24,550.00 24,134.00 24,213.75   -194.50       -0.80   544,209.00
6760  2026-03-25  NAS100 24,420.00 24,539.75 24,286.50 24,367.75    154.00        0.64   525,449.00
6761  2026-03-26  NAS100 24,373.50 24,421.25 23,763.25 23,794.25   -573.50       -2.35   557,306.00
6762  2026-03-27  NAS100 23,824.00 23,976.00 23,232.50 23,328.50   -465.75       -1.96   559,271.00
6763  2026-03-30  NAS100 23,189.50 23,574.00 23,024.50 23,139.75   -188.75       -0.81   559,453.00
6764  2026-03-31  NAS100 23,119.50 23,975.25 22,961.50 23,915.00    775.25        3.35   755,160.00
6765  2026-04-01  NAS100 23,889.00 24,348.25 23,880.00 24,194.75    279.75        1.17   579,693.00
6766  2026-04-02  NAS100 24,180.00 24,266.75 23,666.00 24,218.00     23.25        0.10   576,893.00
6767  2026-04-03  NAS100 24,219.50 24,255.00 24,106.00 24,129.75    -88.25       -0.36    42,436.00
6768  2026-04-06  NAS100 24,093.50 24,452.25 23,981.50 24,358.50    228.75        0.95   444,473.00
6769  2026-04-07  NAS100 24,348.75 24,451.50 23,941.50 24,371.00     12.50        0.05   575,961.00
6770  2026-04-08  NAS100 24,514.00 25,257.00 24,355.00 25,074.25    703.25        2.89   644,388.00
6771  2026-04-09  NAS100 25,037.75 25,269.75 24,953.00 25,251.50    177.25        0.71   514,186.00
6772  2026-04-10  NAS100 25,237.00 25,393.00 25,193.00 25,281.25     29.75        0.12   430,719.00
6773  2026-04-13  NAS100 24,980.00 25,599.25 24,904.50 25,543.50    262.25        1.04   507,117.00
6774  2026-04-14  NAS100 25,575.25 26,003.25 25,560.00 25,996.75    453.25        1.77   477,724.00
6775  2026-04-15  NAS100 25,985.75 26,377.50 25,933.75 26,365.50    368.75        1.42   521,771.00
6776  2026-04-16  NAS100 26,350.00 26,564.00 26,275.50 26,487.25    121.75        0.46   590,117.00
6777  2026-04-17  NAS100 26,460.00 26,884.75 26,440.00 26,825.50    338.25        1.28   599,136.00
6778  2026-04-20  NAS100 26,599.75 26,827.75 26,535.00 26,748.75    -76.75       -0.29   502,901.00
6779  2026-04-21  NAS100 26,776.75 26,901.75 26,551.75 26,634.75   -114.00       -0.43   610,696.00
6780  2026-04-22  NAS100 26,729.50 27,136.00 26,727.75 27,083.00    448.25        1.68   512,026.00
6781  2026-04-23  NAS100 27,075.00 27,155.75 26,681.75 26,934.00   -149.00       -0.55   644,095.00
6782  2026-04-24  NAS100 26,992.00 27,462.50 26,992.00 27,435.00    501.00        1.86   545,525.00
6783  2026-04-27  NAS100 27,403.25 27,542.50 27,298.50 27,440.50      5.50        0.02   444,514.00
6784  2026-04-28  NAS100 27,423.00 27,512.00 27,009.50 27,168.75   -271.75       -0.99   603,738.00
6785  2026-04-29  NAS100 27,197.25 27,414.00 27,094.00 27,325.25    156.50        0.58   516,846.00
6786  2026-04-30  NAS100 27,207.00 27,622.75 27,163.25 27,596.00    270.75        0.99   701,348.00
6787  2026-05-01  NAS100 27,631.75 27,917.00 27,536.25 27,835.75    239.75        0.87   509,821.00
6788  2026-05-04  NAS100 27,890.00 27,965.75 27,613.00 27,776.00    -59.75       -0.21   576,727.00
6789  2026-05-05  NAS100 27,760.00 28,247.00 27,731.75 28,136.00    360.00        1.30   458,058.00
6790  2026-05-06  NAS100 28,250.00 28,800.00 28,243.00 28,716.75    580.75        2.06   637,911.00
6791  2026-05-07  NAS100 28,662.75 28,944.75 28,552.00 28,682.25    -34.50       -0.12   657,049.00
6792  2026-05-08  NAS100 28,582.00 29,386.75 28,541.00 29,332.50    650.25        2.27   543,817.00
6793  2026-05-11  NAS100 29,294.00 29,480.00 29,225.75 29,424.00     91.50        0.31   558,723.00
6794  2026-05-12  NAS100 29,399.00 29,455.75 28,742.00 29,170.00   -254.00       -0.86   719,824.00
6795  2026-05-13  NAS100 29,143.75 29,565.50 29,055.50 29,479.25    309.25        1.06   570,739.00
6796  2026-05-14  NAS100 29,537.00 29,782.00 29,448.25 29,687.75    208.50        0.71   611,771.00
6797  2026-05-15  NAS100 29,690.00 29,734.00 29,089.75 29,231.75   -456.00       -1.54   750,779.00
6798  2026-05-18  NAS100 29,135.00 29,419.75 28,814.75 29,096.00   -135.75       -0.46   854,443.00
6799  2026-05-19  NAS100 29,100.00 29,188.50 28,663.00 28,924.25   -171.75       -0.59   717,466.00
6800  2026-05-20  NAS100 28,929.75 29,397.50 28,797.25 29,390.50    466.25        1.61   606,377.00
6801  2026-05-21  NAS100 29,253.00 29,554.00 29,113.00 29,447.25     56.75        0.19   612,220.00
6802  2026-05-22  NAS100 29,444.00 29,749.00 29,436.00 29,558.75    111.50        0.38   495,134.00
6803  2026-05-25  NAS100 29,676.25 30,118.75 29,676.25 30,073.50    514.75        1.74   668,516.00
6804  2026-05-27  NAS100 30,050.00 30,379.00 29,877.50 30,047.25    -26.25       -0.09   637,375.00
6805  2026-05-28  NAS100 30,120.00 30,344.50 29,763.00 30,307.00    259.75        0.86   564,551.00
6806  2026-05-29  NAS100 30,328.00 30,536.00 30,216.50 30,405.25     98.25        0.32   578,992.00
6807  2026-06-01  NAS100 30,415.50 30,693.00 30,291.50 30,566.25    161.00        0.53   568,793.00
6808  2026-06-02  NAS100 30,544.75 30,763.25 30,317.75 30,712.75    146.50        0.48   525,212.00
6809  2026-06-03  NAS100 30,741.75 30,807.75 30,478.25 30,633.25    -79.50       -0.26   638,765.00
6810  2026-06-04  NAS100 30,453.00 30,603.25 30,151.00 30,488.25   -145.00       -0.47   671,599.00
6811  2026-06-05  NAS100 30,414.00 30,422.00 28,781.25 29,026.50 -1,461.75       -4.79 1,007,300.00

==================================================
      HOÀN THÀNH PHÂN TÍCH TẤT CẢ CÁC MÃ          
==================================================
