==================================================
      VNSTOCK 3.x MULTI-STOCK DEMO               
      Danh sách: NAS100
      Khung: 4H, Số lượng: 10000
==================================================

==================================================
      PHÂN TÍCH MÃ: NAS100 (Nasdaq 100 Futures) 
      Khung thời gian: 4H
==================================================

--- [ LỊCH SỬ GIÁ NAS100  ] ---
                     time  symbol      open      high       low     close   change  pct_change     volume
0     2023-01-03 06:00:00  NAS100 11,122.50 11,150.00 10,952.00 11,009.50     0.00        0.00  31,156.00
1     2023-01-03 10:00:00  NAS100 11,009.50 11,065.00 11,005.25 11,051.00    41.50        0.38  16,135.00
2     2023-01-03 14:00:00  NAS100 11,051.00 11,171.00 11,034.00 11,143.00    92.00        0.83  49,152.00
3     2023-01-03 18:00:00  NAS100 11,143.50 11,182.00 10,991.25 10,993.75  -149.25       -1.34 151,373.00
4     2023-01-03 22:00:00  NAS100 10,994.25 11,017.00 10,844.75 10,914.75   -79.00       -0.72 255,671.00
5     2023-01-04 02:00:00  NAS100 10,915.00 10,973.00 10,870.75 10,941.00    26.25        0.24 146,685.00
6     2023-01-04 06:00:00  NAS100 10,941.25 10,985.25 10,920.25 10,957.75    16.75        0.15  14,029.00
7     2023-01-04 10:00:00  NAS100 10,958.50 10,988.75 10,953.00 10,982.50    24.75        0.23  10,840.00
8     2023-01-04 14:00:00  NAS100 10,982.25 11,051.25 10,972.75 10,995.25    12.75        0.12  37,694.00
9     2023-01-04 18:00:00  NAS100 10,995.00 11,048.00 10,954.50 10,980.50   -14.75       -0.13 141,561.00
10    2023-01-04 22:00:00  NAS100 10,981.50 11,068.50 10,863.50 11,013.00    32.50        0.30 311,584.00
11    2023-01-05 02:00:00  NAS100 11,016.25 11,064.00 10,901.50 10,983.75   -29.25       -0.27 235,413.00
12    2023-01-05 06:00:00  NAS100 10,988.50 11,006.50 10,934.00 10,953.00   -30.75       -0.28  16,174.00
13    2023-01-05 10:00:00  NAS100 10,952.75 10,993.00 10,940.25 10,951.75    -1.25       -0.01  11,955.00
14    2023-01-05 14:00:00  NAS100 10,954.00 11,016.50 10,931.25 11,003.00    51.25        0.47  31,178.00
15    2023-01-05 18:00:00  NAS100 11,003.75 11,046.75 10,814.75 10,867.75  -135.25       -1.23 157,551.00
16    2023-01-05 22:00:00  NAS100 10,868.50 10,927.25 10,820.75 10,873.00     5.25        0.05 320,199.00
17    2023-01-06 02:00:00  NAS100 10,873.75 10,912.50 10,805.00 10,837.25   -35.75       -0.33 152,177.00
18    2023-01-06 06:00:00  NAS100 10,838.75 10,868.50 10,829.50 10,865.50    28.25        0.26  10,591.00
19    2023-01-06 10:00:00  NAS100 10,865.75 10,885.75 10,843.25 10,849.25   -16.25       -0.15  10,325.00
20    2023-01-06 14:00:00  NAS100 10,849.50 10,864.25 10,778.00 10,791.00   -58.25       -0.54  32,019.00
21    2023-01-06 18:00:00  NAS100 10,790.50 10,969.50 10,751.00 10,814.50    23.50        0.22 215,230.00
22    2023-01-06 22:00:00  NAS100 10,815.00 11,076.25 10,815.00 11,072.50   258.00        2.39 306,364.00
23    2023-01-07 02:00:00  NAS100 11,072.75 11,165.75 11,070.00 11,108.75    36.25        0.33 152,323.00
24    2023-01-09 06:00:00  NAS100 11,126.50 11,160.75 11,123.25 11,146.00    37.25        0.34  18,402.00
25    2023-01-09 10:00:00  NAS100 11,146.00 11,178.00 11,137.75 11,159.25    13.25        0.12  10,881.00
26    2023-01-09 14:00:00  NAS100 11,159.75 11,187.25 11,120.25 11,160.50     1.25        0.01  36,450.00
27    2023-01-09 18:00:00  NAS100 11,161.50 11,311.75 11,141.00 11,310.75   150.25        1.35 132,612.00
28    2023-01-09 22:00:00  NAS100 11,310.75 11,385.50 11,264.00 11,282.50   -28.25       -0.25 274,488.00
29    2023-01-10 02:00:00  NAS100 11,282.75 11,308.75 11,159.75 11,184.75   -97.75       -0.87 167,255.00
30    2023-01-10 06:00:00  NAS100 11,184.75 11,187.00 11,125.00 11,142.25   -42.50       -0.38  17,170.00
31    2023-01-10 10:00:00  NAS100 11,142.25 11,173.00 11,130.00 11,169.50    27.25        0.24  11,715.00
32    2023-01-10 14:00:00  NAS100 11,169.50 11,205.75 11,151.25 11,196.50    27.00        0.24  28,642.00
33    2023-01-10 18:00:00  NAS100 11,197.00 11,246.00 11,094.00 11,210.25    13.75        0.12 161,618.00
34    2023-01-10 22:00:00  NAS100 11,211.00 11,283.25 11,120.75 11,245.25    35.00        0.31 247,357.00
35    2023-01-11 02:00:00  NAS100 11,245.00 11,288.75 11,217.25 11,281.25    36.00        0.32  89,483.00
36    2023-01-11 06:00:00  NAS100 11,282.50 11,301.50 11,269.50 11,276.00    -5.25       -0.05  11,650.00
37    2023-01-11 10:00:00  NAS100 11,276.50 11,291.50 11,266.25 11,267.00    -9.00       -0.08   7,808.00
38    2023-01-11 14:00:00  NAS100 11,266.50 11,324.25 11,239.75 11,292.50    25.50        0.23  31,948.00
39    2023-01-11 18:00:00  NAS100 11,292.50 11,363.25 11,275.50 11,336.75    44.25        0.39 111,284.00
40    2023-01-11 22:00:00  NAS100 11,337.25 11,442.00 11,313.25 11,409.50    72.75        0.64 219,356.00
41    2023-01-12 02:00:00  NAS100 11,409.50 11,479.50 11,394.75 11,475.00    65.50        0.57 112,023.00
42    2023-01-12 06:00:00  NAS100 11,474.50 11,479.00 11,461.75 11,464.75   -10.25       -0.09  13,354.00
43    2023-01-12 10:00:00  NAS100 11,464.75 11,492.75 11,463.75 11,468.75     4.00        0.03   9,621.00
44    2023-01-12 14:00:00  NAS100 11,469.00 11,489.75 11,449.25 11,463.50    -5.25       -0.05  28,457.00
45    2023-01-12 18:00:00  NAS100 11,463.25 11,579.75 11,291.00 11,357.50  -106.00       -0.92 248,565.00
46    2023-01-12 22:00:00  NAS100 11,357.75 11,571.50 11,355.00 11,565.00   207.50        1.83 323,628.00
47    2023-01-13 02:00:00  NAS100 11,565.50 11,574.75 11,484.00 11,521.50   -43.50       -0.38 121,736.00
48    2023-01-13 06:00:00  NAS100 11,528.50 11,536.25 11,471.50 11,488.00   -33.50       -0.29  16,257.00
49    2023-01-13 10:00:00  NAS100 11,488.50 11,510.25 11,478.00 11,506.75    18.75        0.16  10,247.00
50    2023-01-13 14:00:00  NAS100 11,507.50 11,534.50 11,493.50 11,513.50     6.75        0.06  25,857.00
51    2023-01-13 18:00:00  NAS100 11,513.00 11,514.00 11,389.00 11,458.00   -55.50       -0.48 127,835.00
52    2023-01-13 22:00:00  NAS100 11,457.50 11,568.25 11,440.50 11,561.00   103.00        0.90 196,656.00
53    2023-01-14 02:00:00  NAS100 11,560.75 11,619.50 11,548.50 11,601.50    40.50        0.35  99,362.00
54    2023-01-16 06:00:00  NAS100 11,613.50 11,638.75 11,582.50 11,627.50    26.00        0.22  13,765.00
55    2023-01-16 10:00:00  NAS100 11,627.75 11,629.00 11,583.50 11,591.00   -36.50       -0.31   6,881.00
56    2023-01-16 14:00:00  NAS100 11,591.00 11,591.50 11,510.25 11,553.00   -38.00       -0.33  23,662.00
57    2023-01-16 18:00:00  NAS100 11,553.25 11,611.25 11,551.00 11,599.50    46.50        0.40  25,241.00
58    2023-01-16 22:00:00  NAS100 11,599.50 11,608.25 11,560.50 11,564.00   -35.50       -0.31  16,896.00
59    2023-01-17 06:00:00  NAS100 11,570.00 11,602.00 11,542.00 11,552.00   -12.00       -0.10  16,173.00
60    2023-01-17 10:00:00  NAS100 11,552.00 11,557.50 11,534.25 11,538.00   -14.00       -0.12  10,053.00
61    2023-01-17 14:00:00  NAS100 11,537.75 11,579.00 11,530.50 11,570.00    32.00        0.28  23,916.00
62    2023-01-17 18:00:00  NAS100 11,571.00 11,627.25 11,542.25 11,614.75    44.75        0.39 118,705.00
63    2023-01-17 22:00:00  NAS100 11,614.25 11,685.00 11,554.75 11,645.00    30.25        0.26 217,351.00
64    2023-01-18 02:00:00  NAS100 11,645.25 11,650.00 11,602.75 11,623.25   -21.75       -0.19  96,693.00
65    2023-01-18 06:00:00  NAS100 11,619.75 11,692.50 11,581.75 11,649.00    25.75        0.22  23,414.00
66    2023-01-18 10:00:00  NAS100 11,648.50 11,662.75 11,615.75 11,654.75     5.75        0.05  15,760.00
67    2023-01-18 14:00:00  NAS100 11,654.75 11,662.50 11,614.00 11,638.00   -16.75       -0.14  24,170.00
68    2023-01-18 18:00:00  NAS100 11,638.50 11,726.75 11,633.00 11,719.25    81.25        0.70 137,157.00
69    2023-01-18 22:00:00  NAS100 11,719.50 11,759.50 11,482.75 11,524.75  -194.50       -1.66 295,042.00
70    2023-01-19 02:00:00  NAS100 11,525.00 11,545.25 11,468.00 11,482.00   -42.75       -0.37 113,310.00
71    2023-01-19 06:00:00  NAS100 11,470.50 11,487.00 11,446.50 11,460.75   -21.25       -0.19  14,140.00
72    2023-01-19 10:00:00  NAS100 11,460.50 11,476.25 11,448.75 11,449.75   -11.00       -0.10  11,693.00
73    2023-01-19 14:00:00  NAS100 11,450.00 11,486.75 11,400.25 11,412.25   -37.50       -0.33  35,508.00
74    2023-01-19 18:00:00  NAS100 11,413.00 11,446.50 11,344.75 11,396.25   -16.00       -0.14 148,498.00
75    2023-01-19 22:00:00  NAS100 11,396.25 11,426.00 11,308.50 11,396.50     0.25        0.00 248,423.00
76    2023-01-20 02:00:00  NAS100 11,396.75 11,454.25 11,351.75 11,393.50    -3.00       -0.03 131,010.00
77    2023-01-20 06:00:00  NAS100 11,401.00 11,407.75 11,381.50 11,391.50    -2.00       -0.02  12,805.00
78    2023-01-20 10:00:00  NAS100 11,391.50 11,409.50 11,389.25 11,404.25    12.75        0.11   6,045.00
79    2023-01-20 14:00:00  NAS100 11,404.00 11,433.00 11,365.25 11,407.25     3.00        0.03  30,414.00
80    2023-01-20 18:00:00  NAS100 11,407.50 11,473.00 11,383.50 11,449.25    42.00        0.37 115,145.00
81    2023-01-20 22:00:00  NAS100 11,449.00 11,604.50 11,424.00 11,599.75   150.50        1.31 249,832.00
82    2023-01-21 02:00:00  NAS100 11,600.25 11,686.75 11,594.50 11,677.75    78.00        0.67 154,423.00
83    2023-01-23 06:00:00  NAS100 11,676.75 11,685.25 11,650.50 11,664.50   -13.25       -0.11  11,497.00
84    2023-01-23 10:00:00  NAS100 11,664.50 11,682.75 11,658.75 11,679.25    14.75        0.13   7,395.00
85    2023-01-23 14:00:00  NAS100 11,679.50 11,706.25 11,653.25 11,668.25   -11.00       -0.09  26,639.00
86    2023-01-23 18:00:00  NAS100 11,668.75 11,821.50 11,652.00 11,801.00   132.75        1.14 114,724.00
87    2023-01-23 22:00:00  NAS100 11,801.00 11,983.00 11,791.75 11,958.25   157.25        1.33 268,848.00
88    2023-01-24 02:00:00  NAS100 11,958.50 11,960.00 11,861.25 11,935.50   -22.75       -0.19 157,224.00
89    2023-01-24 06:00:00  NAS100 11,933.00 11,937.50 11,912.25 11,929.25    -6.25       -0.05  10,234.00
90    2023-01-24 10:00:00  NAS100 11,928.75 11,944.75 11,920.00 11,930.75     1.50        0.01   7,685.00
91    2023-01-24 14:00:00  NAS100 11,930.25 11,936.50 11,884.25 11,900.25   -30.50       -0.26  25,058.00
92    2023-01-24 18:00:00  NAS100 11,900.25 11,951.50 11,835.75 11,884.25   -16.00       -0.13 123,419.00
93    2023-01-24 22:00:00  NAS100 11,884.00 11,942.75 11,838.25 11,922.25    38.00        0.32 215,238.00
94    2023-01-25 02:00:00  NAS100 11,922.25 12,010.50 11,859.50 11,970.25    48.00        0.40 122,880.00
95    2023-01-25 06:00:00  NAS100 11,970.50 11,976.50 11,798.25 11,818.25  -152.00       -1.27  37,751.00
96    2023-01-25 10:00:00  NAS100 11,818.50 11,838.75 11,810.75 11,833.00    14.75        0.12  10,689.00
97    2023-01-25 14:00:00  NAS100 11,833.50 11,858.00 11,752.75 11,767.25   -65.75       -0.56  32,355.00
98    2023-01-25 18:00:00  NAS100 11,767.50 11,778.75 11,622.00 11,624.25  -143.00       -1.22 127,944.00
99    2023-01-25 22:00:00  NAS100 11,624.50 11,836.25 11,604.50 11,817.75   193.50        1.66 277,827.00
100   2023-01-26 02:00:00  NAS100 11,817.75 11,917.00 11,806.75 11,873.50    55.75        0.47 141,306.00
101   2023-01-26 06:00:00  NAS100 11,874.75 11,922.75 11,867.25 11,908.00    34.50        0.29  20,014.00
102   2023-01-26 10:00:00  NAS100 11,908.50 11,956.75 11,902.25 11,940.25    32.25        0.27  14,727.00
103   2023-01-26 14:00:00  NAS100 11,940.75 11,963.00 11,915.50 11,942.00     1.75        0.01  29,221.00
104   2023-01-26 18:00:00  NAS100 11,942.25 12,075.00 11,930.00 11,975.25    33.25        0.28 165,354.00
105   2023-01-26 22:00:00  NAS100 11,976.00 12,048.50 11,904.25 12,027.50    52.25        0.44 253,399.00
106   2023-01-27 02:00:00  NAS100 12,027.75 12,113.00 12,013.00 12,060.50    33.00        0.27 130,225.00
107   2023-01-27 06:00:00  NAS100 12,049.00 12,059.25 12,034.00 12,044.00   -16.50       -0.14  12,486.00
108   2023-01-27 10:00:00  NAS100 12,044.50 12,047.75 12,016.00 12,030.00   -14.00       -0.12   8,758.00
109   2023-01-27 14:00:00  NAS100 12,030.25 12,052.75 12,019.00 12,048.25    18.25        0.15  22,509.00
110   2023-01-27 18:00:00  NAS100 12,048.50 12,147.00 12,022.75 12,123.00    74.75        0.62 115,879.00
111   2023-01-27 22:00:00  NAS100 12,127.00 12,265.00 12,092.25 12,255.75   132.75        1.10 272,553.00
112   2023-01-28 02:00:00  NAS100 12,255.75 12,308.50 12,212.25 12,221.00   -34.75       -0.28 149,943.00
113   2023-01-30 06:00:00  NAS100 12,212.50 12,252.00 12,171.50 12,183.50   -37.50       -0.31  24,526.00
114   2023-01-30 10:00:00  NAS100 12,183.75 12,192.50 12,153.25 12,165.00   -18.50       -0.15  13,985.00
115   2023-01-30 14:00:00  NAS100 12,165.50 12,169.00 12,055.50 12,078.25   -86.75       -0.71  46,808.00
116   2023-01-30 18:00:00  NAS100 12,078.25 12,131.50 12,039.00 12,119.75    41.50        0.34 119,131.00
117   2023-01-30 22:00:00  NAS100 12,119.50 12,143.25 11,982.50 12,021.25   -98.50       -0.81 266,892.00
118   2023-01-31 02:00:00  NAS100 12,021.50 12,033.75 11,960.00 11,988.75   -32.50       -0.27 154,382.00
119   2023-01-31 06:00:00  NAS100 11,984.00 12,004.50 11,977.25 11,980.75    -8.00       -0.07  14,560.00
120   2023-01-31 10:00:00  NAS100 11,981.00 11,983.75 11,921.75 11,941.75   -39.00       -0.33  19,850.00
121   2023-01-31 14:00:00  NAS100 11,941.25 11,982.25 11,884.00 11,886.25   -55.50       -0.46  39,083.00
122   2023-01-31 18:00:00  NAS100 11,885.50 12,055.25 11,871.00 11,995.00   108.75        0.91 141,800.00
123   2023-01-31 22:00:00  NAS100 11,996.50 12,101.25 11,977.00 12,095.25   100.25        0.84 210,467.00
124   2023-02-01 02:00:00  NAS100 12,095.25 12,156.00 12,072.25 12,119.25    24.00        0.20 153,368.00
125   2023-02-01 06:00:00  NAS100 12,116.00 12,122.75 12,084.75 12,087.75   -31.50       -0.26  13,850.00
126   2023-02-01 10:00:00  NAS100 12,088.00 12,119.00 12,087.00 12,113.00    25.25        0.21   9,691.00
127   2023-02-01 14:00:00  NAS100 12,112.75 12,148.00 12,104.00 12,110.75    -2.25       -0.02  24,495.00
128   2023-02-01 18:00:00  NAS100 12,111.50 12,168.75 12,101.25 12,149.50    38.75        0.32 100,430.00
129   2023-02-01 22:00:00  NAS100 12,149.75 12,161.50 12,076.75 12,139.25   -10.25       -0.08 154,102.00
130   2023-02-02 02:00:00  NAS100 12,133.50 12,524.50 12,055.25 12,505.25   366.00        3.02 353,458.00
131   2023-02-02 06:00:00  NAS100 12,520.00 12,559.75 12,501.75 12,509.75     4.50        0.04  29,773.00
132   2023-02-02 10:00:00  NAS100 12,509.50 12,545.00 12,505.25 12,536.00    26.25        0.21  11,865.00
133   2023-02-02 14:00:00  NAS100 12,536.00 12,606.50 12,508.00 12,573.25    37.25        0.30  45,660.00
134   2023-02-02 18:00:00  NAS100 12,574.00 12,748.25 12,552.75 12,673.00    99.75        0.79 168,781.00
135   2023-02-02 22:00:00  NAS100 12,672.25 12,927.75 12,647.25 12,927.00   254.00        2.00 273,817.00
136   2023-02-03 02:00:00  NAS100 12,927.25 12,949.75 12,618.25 12,670.25  -256.75       -1.99 271,160.00
137   2023-02-03 06:00:00  NAS100 12,748.25 12,760.00 12,618.75 12,637.25   -33.00       -0.26  28,270.00
138   2023-02-03 10:00:00  NAS100 12,637.50 12,676.75 12,635.75 12,654.00    16.75        0.13  12,670.00
139   2023-02-03 14:00:00  NAS100 12,654.50 12,669.25 12,581.50 12,653.25    -0.75       -0.01  42,676.00
140   2023-02-03 18:00:00  NAS100 12,653.00 12,761.00 12,551.25 12,721.25    68.00        0.54 232,087.00
141   2023-02-03 22:00:00  NAS100 12,722.50 12,878.00 12,617.25 12,674.75   -46.50       -0.37 344,764.00
142   2023-02-04 02:00:00  NAS100 12,675.50 12,681.25 12,578.50 12,616.50   -58.25       -0.46 151,259.00
143   2023-02-06 06:00:00  NAS100 12,572.00 12,605.50 12,550.00 12,575.00   -41.50       -0.33  25,508.00
144   2023-02-06 10:00:00  NAS100 12,574.75 12,582.25 12,542.00 12,548.50   -26.50       -0.21  19,499.00
145   2023-02-06 14:00:00  NAS100 12,548.25 12,576.25 12,466.25 12,492.25   -56.25       -0.45  47,689.00
146   2023-02-06 18:00:00  NAS100 12,492.25 12,569.00 12,457.25 12,549.25    57.00        0.46 117,631.00
147   2023-02-06 22:00:00  NAS100 12,550.00 12,608.50 12,455.75 12,529.50   -19.75       -0.16 216,429.00
148   2023-02-07 02:00:00  NAS100 12,528.75 12,573.50 12,467.75 12,513.00   -16.50       -0.13 102,948.00
149   2023-02-07 06:00:00  NAS100 12,513.00 12,566.50 12,510.00 12,557.75    44.75        0.36  13,693.00
150   2023-02-07 10:00:00  NAS100 12,557.75 12,558.50 12,529.00 12,536.00   -21.75       -0.17  10,502.00
151   2023-02-07 14:00:00  NAS100 12,536.00 12,573.50 12,475.50 12,531.50    -4.50       -0.04  38,371.00
152   2023-02-07 18:00:00  NAS100 12,531.75 12,566.00 12,488.75 12,497.75   -33.75       -0.27 108,333.00
153   2023-02-07 22:00:00  NAS100 12,497.50 12,778.50 12,459.25 12,514.00    16.25        0.13 367,287.00
154   2023-02-08 02:00:00  NAS100 12,513.75 12,818.50 12,510.25 12,740.00   226.00        1.81 191,425.00
155   2023-02-08 06:00:00  NAS100 12,747.00 12,776.00 12,739.25 12,767.00    27.00        0.21  15,642.00
156   2023-02-08 10:00:00  NAS100 12,767.25 12,808.50 12,764.25 12,776.50     9.50        0.07  13,807.00
157   2023-02-08 14:00:00  NAS100 12,776.50 12,794.00 12,717.00 12,757.50   -19.00       -0.15  36,269.00
158   2023-02-08 18:00:00  NAS100 12,757.00 12,782.75 12,662.50 12,698.75   -58.75       -0.46 115,942.00
159   2023-02-08 22:00:00  NAS100 12,698.75 12,734.00 12,517.25 12,568.00  -130.75       -1.03 275,190.00
160   2023-02-09 02:00:00  NAS100 12,567.75 12,601.75 12,512.75 12,559.00    -9.00       -0.07 115,373.00
161   2023-02-09 06:00:00  NAS100 12,555.00 12,593.50 12,541.25 12,586.50    27.50        0.22  12,172.00
162   2023-02-09 10:00:00  NAS100 12,586.75 12,612.50 12,555.00 12,604.00    17.50        0.14  17,312.00
163   2023-02-09 14:00:00  NAS100 12,604.50 12,720.50 12,594.25 12,718.75   114.75        0.91  40,689.00
164   2023-02-09 18:00:00  NAS100 12,719.25 12,728.50 12,634.25 12,673.50   -45.25       -0.36 119,341.00
165   2023-02-09 22:00:00  NAS100 12,673.75 12,707.75 12,490.75 12,503.50  -170.00       -1.34 260,097.00
166   2023-02-10 02:00:00  NAS100 12,504.00 12,516.75 12,366.50 12,449.75   -53.75       -0.43 158,265.00
167   2023-02-10 06:00:00  NAS100 12,448.75 12,451.50 12,402.50 12,403.50   -46.25       -0.37  17,625.00
168   2023-02-10 10:00:00  NAS100 12,403.75 12,415.25 12,378.25 12,411.00     7.50        0.06  14,791.00
169   2023-02-10 14:00:00  NAS100 12,411.00 12,446.25 12,300.00 12,323.75   -87.25       -0.70  52,215.00
170   2023-02-10 18:00:00  NAS100 12,323.50 12,394.00 12,270.50 12,347.00    23.25        0.19 128,299.00
171   2023-02-10 22:00:00  NAS100 12,347.50 12,422.00 12,243.25 12,305.50   -41.50       -0.34 269,888.00
172   2023-02-11 02:00:00  NAS100 12,305.75 12,363.50 12,280.25 12,342.00    36.50        0.30 111,781.00
173   2023-02-13 06:00:00  NAS100 12,357.50 12,367.00 12,265.25 12,291.50   -50.50       -0.41  18,519.00
174   2023-02-13 10:00:00  NAS100 12,291.00 12,315.50 12,281.50 12,308.00    16.50        0.13  10,784.00
175   2023-02-13 14:00:00  NAS100 12,308.25 12,396.00 12,301.75 12,392.75    84.75        0.69  31,718.00
176   2023-02-13 18:00:00  NAS100 12,393.00 12,465.75 12,352.00 12,461.00    68.25        0.55  94,960.00
177   2023-02-13 22:00:00  NAS100 12,461.00 12,567.00 12,416.00 12,559.75    98.75        0.79 191,967.00
178   2023-02-14 02:00:00  NAS100 12,560.00 12,566.75 12,482.00 12,545.00   -14.75       -0.12 113,951.00
179   2023-02-14 06:00:00  NAS100 12,547.25 12,549.25 12,510.50 12,515.25   -29.75       -0.24  11,290.00
180   2023-02-14 10:00:00  NAS100 12,515.50 12,537.00 12,504.75 12,531.00    15.75        0.13   8,364.00
181   2023-02-14 14:00:00  NAS100 12,531.00 12,593.50 12,523.50 12,583.25    52.25        0.42  28,207.00
182   2023-02-14 18:00:00  NAS100 12,583.00 12,687.00 12,390.50 12,585.50     2.25        0.02 215,658.00
183   2023-02-14 22:00:00  NAS100 12,586.00 12,673.50 12,417.50 12,583.25    -2.25       -0.02 328,692.00
184   2023-02-15 02:00:00  NAS100 12,583.75 12,665.50 12,535.50 12,618.00    34.75        0.28 118,342.00
185   2023-02-15 06:00:00  NAS100 12,620.75 12,623.75 12,546.25 12,548.50   -69.50       -0.55  17,371.00
186   2023-02-15 10:00:00  NAS100 12,549.00 12,572.50 12,531.25 12,541.75    -6.75       -0.05  12,380.00
187   2023-02-15 14:00:00  NAS100 12,542.00 12,592.75 12,532.75 12,579.00    37.25        0.30  30,274.00
188   2023-02-15 18:00:00  NAS100 12,579.50 12,631.50 12,534.25 12,563.75   -15.25       -0.12 142,301.00
189   2023-02-15 22:00:00  NAS100 12,563.75 12,683.25 12,524.25 12,682.25   118.50        0.94 236,698.00
190   2023-02-16 02:00:00  NAS100 12,682.25 12,756.50 12,666.25 12,747.50    65.25        0.51 122,149.00
191   2023-02-16 06:00:00  NAS100 12,740.00 12,790.50 12,731.75 12,787.75    40.25        0.32  18,734.00
192   2023-02-16 10:00:00  NAS100 12,787.75 12,792.75 12,747.50 12,757.00   -30.75       -0.24  10,143.00
193   2023-02-16 14:00:00  NAS100 12,757.00 12,784.00 12,720.25 12,727.00   -30.00       -0.24  28,228.00
194   2023-02-16 18:00:00  NAS100 12,726.25 12,735.00 12,496.50 12,564.25  -162.75       -1.28 167,016.00
195   2023-02-16 22:00:00  NAS100 12,563.75 12,694.25 12,535.50 12,663.00    98.75        0.79 264,195.00
196   2023-02-17 02:00:00  NAS100 12,663.75 12,678.00 12,455.25 12,466.25  -196.75       -1.55 181,469.00
197   2023-02-17 06:00:00  NAS100 12,462.50 12,466.25 12,412.75 12,415.25   -51.00       -0.41  23,030.00
198   2023-02-17 10:00:00  NAS100 12,415.25 12,426.25 12,379.75 12,389.75   -25.50       -0.21  14,552.00
199   2023-02-17 14:00:00  NAS100 12,390.00 12,416.50 12,338.00 12,357.50   -32.25       -0.26  46,714.00
200   2023-02-17 18:00:00  NAS100 12,357.25 12,423.75 12,296.25 12,329.50   -28.00       -0.23 132,932.00
201   2023-02-17 22:00:00  NAS100 12,329.00 12,408.75 12,265.75 12,307.50   -22.00       -0.18 266,659.00
202   2023-02-18 02:00:00  NAS100 12,308.25 12,407.75 12,304.75 12,384.00    76.50        0.62 137,326.00
203   2023-02-20 06:00:00  NAS100 12,380.00 12,392.00 12,346.50 12,388.75     4.75        0.04  12,238.00
204   2023-02-20 10:00:00  NAS100 12,389.50 12,406.50 12,382.25 12,396.25     7.50        0.06   7,922.00
205   2023-02-20 14:00:00  NAS100 12,396.75 12,397.50 12,354.00 12,381.25   -15.00       -0.12  15,313.00
206   2023-02-20 18:00:00  NAS100 12,381.25 12,417.75 12,374.75 12,387.00     5.75        0.05  20,115.00
207   2023-02-20 22:00:00  NAS100 12,386.75 12,388.00 12,366.00 12,366.75   -20.25       -0.16  13,639.00
208   2023-02-21 06:00:00  NAS100 12,369.25 12,379.50 12,333.75 12,348.25   -18.50       -0.15  15,066.00
209   2023-02-21 10:00:00  NAS100 12,348.00 12,360.50 12,339.75 12,354.25     6.00        0.05   8,427.00
210   2023-02-21 14:00:00  NAS100 12,354.50 12,355.00 12,228.00 12,266.75   -87.50       -0.71  50,188.00
211   2023-02-21 18:00:00  NAS100 12,267.25 12,292.00 12,216.50 12,228.25   -38.50       -0.31 112,502.00
212   2023-02-21 22:00:00  NAS100 12,228.25 12,241.50 12,132.50 12,138.00   -90.25       -0.74 218,652.00
213   2023-02-22 02:00:00  NAS100 12,138.25 12,145.25 12,090.25 12,111.50   -26.50       -0.22 127,614.00
214   2023-02-22 06:00:00  NAS100 12,108.00 12,143.25 12,098.25 12,141.75    30.25        0.25  17,095.00
215   2023-02-22 10:00:00  NAS100 12,142.00 12,142.25 12,110.00 12,118.75   -23.00       -0.19   8,150.00
216   2023-02-22 14:00:00  NAS100 12,118.50 12,145.00 12,064.50 12,101.50   -17.25       -0.14  40,755.00
217   2023-02-22 18:00:00  NAS100 12,101.50 12,174.50 12,063.25 12,122.50    21.00        0.17 111,203.00
218   2023-02-22 22:00:00  NAS100 12,122.50 12,169.25 12,034.00 12,150.00    27.50        0.23 240,094.00
219   2023-02-23 02:00:00  NAS100 12,148.25 12,190.50 12,048.25 12,166.50    16.50        0.14 217,505.00
220   2023-02-23 06:00:00  NAS100 12,176.25 12,209.50 12,152.00 12,207.75    41.25        0.34  19,019.00
221   2023-02-23 10:00:00  NAS100 12,207.75 12,212.75 12,187.00 12,189.75   -18.00       -0.15   8,957.00
222   2023-02-23 14:00:00  NAS100 12,189.75 12,226.25 12,150.75 12,188.50    -1.25       -0.01  33,685.00
223   2023-02-23 18:00:00  NAS100 12,188.00 12,261.00 12,178.00 12,232.00    43.50        0.36 132,801.00
224   2023-02-23 22:00:00  NAS100 12,232.25 12,247.25 12,028.50 12,116.25  -115.75       -0.95 284,309.00
225   2023-02-24 02:00:00  NAS100 12,116.25 12,248.75 12,104.50 12,193.00    76.75        0.63 154,084.00
226   2023-02-24 06:00:00  NAS100 12,190.00 12,214.50 12,162.75 12,180.25   -12.75       -0.10  16,592.00
227   2023-02-24 10:00:00  NAS100 12,179.75 12,194.50 12,166.25 12,178.00    -2.25       -0.02   7,808.00
228   2023-02-24 14:00:00  NAS100 12,178.75 12,178.75 12,108.75 12,121.50   -56.50       -0.46  24,277.00
229   2023-02-24 18:00:00  NAS100 12,121.00 12,121.00 11,955.25 11,976.50  -145.00       -1.20 160,139.00
230   2023-02-24 22:00:00  NAS100 11,973.50 12,018.25 11,923.00 11,965.75   -10.75       -0.09 270,370.00
231   2023-02-25 02:00:00  NAS100 11,966.00 12,021.00 11,945.25 11,999.75    34.00        0.28 151,913.00
232   2023-02-27 06:00:00  NAS100 12,003.00 12,047.00 11,990.00 12,039.50    39.75        0.33  17,627.00
233   2023-02-27 10:00:00  NAS100 12,039.75 12,042.00 12,006.50 12,012.00   -27.50       -0.23  11,239.00
234   2023-02-27 14:00:00  NAS100 12,012.25 12,078.00 12,008.00 12,053.00    41.00        0.34  30,226.00
235   2023-02-27 18:00:00  NAS100 12,053.00 12,153.00 12,049.00 12,147.00    94.00        0.78 114,488.00
236   2023-02-27 22:00:00  NAS100 12,147.25 12,189.50 12,065.50 12,128.25   -18.75       -0.15 260,507.00
237   2023-02-28 02:00:00  NAS100 12,128.25 12,144.75 12,058.50 12,095.50   -32.75       -0.27 140,757.00
238   2023-02-28 06:00:00  NAS100 12,093.50 12,128.75 12,087.50 12,121.75    26.25        0.22  14,071.00
239   2023-02-28 10:00:00  NAS100 12,122.00 12,122.75 12,082.75 12,098.50   -23.25       -0.19  10,176.00
240   2023-02-28 14:00:00  NAS100 12,098.50 12,098.75 12,029.50 12,092.50    -6.00       -0.05  32,630.00
241   2023-02-28 18:00:00  NAS100 12,092.75 12,146.25 12,041.50 12,092.50     0.00        0.00 113,057.00
242   2023-02-28 22:00:00  NAS100 12,093.25 12,171.75 12,046.00 12,162.25    69.75        0.58 298,392.00
243   2023-03-01 02:00:00  NAS100 12,162.50 12,172.75 12,025.75 12,041.25  -121.00       -0.99 174,122.00
244   2023-03-01 06:00:00  NAS100 12,041.25 12,056.50 11,989.25 12,055.00    13.75        0.11  27,295.00
245   2023-03-01 10:00:00  NAS100 12,054.75 12,104.00 12,051.75 12,092.75    37.75        0.31  18,555.00
246   2023-03-01 14:00:00  NAS100 12,092.25 12,138.00 12,080.75 12,133.25    40.50        0.33  34,445.00
247   2023-03-01 18:00:00  NAS100 12,133.50 12,141.75 12,004.00 12,051.75   -81.50       -0.67 128,486.00
248   2023-03-01 22:00:00  NAS100 12,052.00 12,069.75 11,924.75 11,977.00   -74.75       -0.62 389,182.00
249   2023-03-02 02:00:00  NAS100 11,977.00 11,993.75 11,935.75 11,985.25     8.25        0.07 152,095.00
250   2023-03-02 06:00:00  NAS100 11,967.00 11,991.75 11,854.25 11,908.75   -76.50       -0.64  36,583.00
251   2023-03-02 10:00:00  NAS100 11,909.50 11,919.00 11,879.25 11,884.00   -24.75       -0.21  15,431.00
252   2023-03-02 14:00:00  NAS100 11,884.00 11,892.50 11,832.50 11,882.00    -2.00       -0.02  43,651.00
253   2023-03-02 18:00:00  NAS100 11,882.00 11,918.50 11,838.00 11,897.00    15.00        0.13 132,930.00
254   2023-03-02 22:00:00  NAS100 11,897.00 12,001.25 11,872.50 11,999.00   102.00        0.86 318,114.00
255   2023-03-03 02:00:00  NAS100 11,999.00 12,096.25 11,999.00 12,052.25    53.25        0.44 198,761.00
256   2023-03-03 06:00:00  NAS100 12,049.00 12,057.50 12,012.00 12,017.50   -34.75       -0.29  19,639.00
257   2023-03-03 10:00:00  NAS100 12,017.50 12,050.75 12,014.25 12,047.25    29.75        0.25  10,258.00
258   2023-03-03 14:00:00  NAS100 12,047.00 12,104.50 12,019.00 12,093.75    46.50        0.39  31,629.00
259   2023-03-03 18:00:00  NAS100 12,093.25 12,199.50 12,078.75 12,189.75    96.00        0.79 130,055.00
260   2023-03-03 22:00:00  NAS100 12,190.25 12,277.50 12,131.00 12,269.00    79.25        0.65 318,856.00
261   2023-03-04 02:00:00  NAS100 12,269.50 12,329.00 12,258.50 12,324.50    55.50        0.45 155,530.00
262   2023-03-06 06:00:00  NAS100 12,306.25 12,378.00 12,276.25 12,355.00    30.50        0.25  28,464.00
263   2023-03-06 10:00:00  NAS100 12,355.75 12,366.25 12,335.50 12,354.75    -0.25       -0.00  10,589.00
264   2023-03-06 14:00:00  NAS100 12,354.50 12,359.00 12,303.75 12,327.50   -27.25       -0.22  31,839.00
265   2023-03-06 18:00:00  NAS100 12,328.25 12,396.50 12,295.50 12,383.00    55.50        0.45 120,008.00
266   2023-03-06 22:00:00  NAS100 12,382.25 12,486.25 12,354.50 12,362.00   -21.00       -0.17 264,392.00
267   2023-03-07 02:00:00  NAS100 12,362.25 12,379.75 12,314.25 12,321.25   -40.75       -0.33 148,064.00
268   2023-03-07 06:00:00  NAS100 12,320.25 12,371.25 12,312.25 12,354.00    32.75        0.27  17,489.00
269   2023-03-07 10:00:00  NAS100 12,354.00 12,373.50 12,338.75 12,339.75   -14.25       -0.12  11,731.00
270   2023-03-07 14:00:00  NAS100 12,340.25 12,381.25 12,331.25 12,362.75    23.00        0.19  22,487.00
271   2023-03-07 18:00:00  NAS100 12,362.00 12,371.25 12,313.00 12,333.75   -29.00       -0.23  90,022.00
272   2023-03-07 22:00:00  NAS100 12,333.50 12,333.50 12,169.25 12,183.50  -150.25       -1.22 399,440.00
273   2023-03-08 02:00:00  NAS100 12,184.25 12,203.75 12,142.25 12,175.50    -8.00       -0.07 134,898.00
274   2023-03-08 06:00:00  NAS100 12,170.00 12,184.50 12,138.75 12,146.50   -29.00       -0.24  20,782.00
275   2023-03-08 10:00:00  NAS100 12,146.50 12,173.25 12,143.50 12,167.50    21.00        0.17  15,258.00
276   2023-03-08 14:00:00  NAS100 12,167.50 12,200.00 12,153.25 12,196.50    29.00        0.24  28,116.00
277   2023-03-08 18:00:00  NAS100 12,196.75 12,217.25 12,145.25 12,178.50   -18.00       -0.15 107,413.00
278   2023-03-08 22:00:00  NAS100 12,178.25 12,254.50 12,108.25 12,155.50   -23.00       -0.19 323,602.00
279   2023-03-09 02:00:00  NAS100 12,156.00 12,245.50 12,151.25 12,238.25    82.75        0.68 128,854.00
280   2023-03-09 06:00:00  NAS100 12,231.00 12,236.75 12,182.25 12,196.25   -42.00       -0.34  19,078.00
281   2023-03-09 10:00:00  NAS100 12,195.75 12,218.50 12,188.50 12,209.25    13.00        0.11   9,390.00
282   2023-03-09 14:00:00  NAS100 12,209.50 12,209.50 12,136.25 12,157.50   -51.75       -0.42  35,497.00
283   2023-03-09 18:00:00  NAS100 12,157.50 12,339.50 12,151.75 12,326.75   169.25        1.39 148,438.00
284   2023-03-09 22:00:00  NAS100 12,326.75 12,353.50 12,101.00 12,115.00  -211.75       -1.72 335,380.00
285   2023-03-10 02:00:00  NAS100 12,115.50 12,123.75 11,977.50 12,009.25  -105.75       -0.87 250,188.00
286   2023-03-10 06:00:00  NAS100 12,005.00 12,005.50 11,926.00 11,959.50   -49.75       -0.41  30,020.00
287   2023-03-10 10:00:00  NAS100 11,959.25 11,967.50 11,921.50 11,941.75   -17.75       -0.15  17,759.00
288   2023-03-10 14:00:00  NAS100 11,942.00 12,024.75 11,937.25 11,994.50    52.75        0.44  46,235.00
289   2023-03-10 18:00:00  NAS100 11,994.00 12,109.00 11,865.00 11,909.00   -85.50       -0.71 199,279.00
290   2023-03-10 22:00:00  NAS100 11,909.75 12,079.50 11,795.00 11,809.25   -99.75       -0.84 324,515.00
291   2023-03-11 02:00:00  NAS100 11,809.25 11,910.00 11,797.25 11,892.50    83.25        0.70 192,519.00
292   2023-03-13 05:00:00  NAS100 11,894.75 12,045.00 11,850.00 11,976.75    84.25        0.71  44,852.00
293   2023-03-13 09:00:00  NAS100 11,977.25 12,075.50 11,970.00 12,067.00    90.25        0.75  20,199.00
294   2023-03-13 13:00:00  NAS100 12,065.75 12,095.75 11,858.00 11,900.00  -167.00       -1.38  53,527.00
295   2023-03-13 17:00:00  NAS100 11,897.25 12,004.25 11,674.25 11,887.75   -12.25       -0.10 122,271.00
296   2023-03-13 21:00:00  NAS100 11,889.00 12,077.00 11,843.75 12,007.50   119.75        1.01 219,459.00
297   2023-03-14 01:00:00  NAS100 12,007.25 12,086.00 11,922.50 11,950.75   -56.75       -0.47  86,480.00
298   2023-03-14 05:00:00  NAS100 12,080.00 12,117.50 12,058.50 12,098.25   147.50        1.23  12,135.00
299   2023-03-14 09:00:00  NAS100 12,097.25 12,137.75 12,079.00 12,091.50    -6.75       -0.06   9,754.00
300   2023-03-14 13:00:00  NAS100 12,093.00 12,127.75 12,054.75 12,091.00    -0.50       -0.00  32,324.00
301   2023-03-14 17:00:00  NAS100 12,090.75 12,291.00 12,032.25 12,260.50   169.50        1.40 140,006.00
302   2023-03-14 21:00:00  NAS100 12,261.00 12,356.50 12,227.75 12,244.00   -16.50       -0.13 258,020.00
303   2023-03-15 01:00:00  NAS100 12,244.50 12,345.00 12,168.50 12,336.00    92.00        0.75 187,335.00
304   2023-03-15 05:00:00  NAS100 12,329.75 12,343.75 12,311.00 12,336.75     0.75        0.01  15,899.00
305   2023-03-15 09:00:00  NAS100 12,337.00 12,374.25 12,320.75 12,331.50    -5.25       -0.04  15,170.00
306   2023-03-15 13:00:00  NAS100 12,331.00 12,368.25 12,242.25 12,249.25   -82.25       -0.67  42,052.00
307   2023-03-15 17:00:00  NAS100 12,250.00 12,276.25 12,096.75 12,209.25   -40.00       -0.33 200,679.00
308   2023-03-15 21:00:00  NAS100 12,209.75 12,312.00 12,152.25 12,287.75    78.50        0.64 291,592.00
309   2023-03-16 01:00:00  NAS100 12,288.25 12,407.50 12,253.75 12,397.25   109.50        0.89 212,557.00
310   2023-03-16 05:00:00  NAS100 12,398.75 12,462.50 12,383.50 12,433.50    36.25        0.29  27,055.00
311   2023-03-16 09:00:00  NAS100 12,433.25 12,452.50 12,414.25 12,431.00    -2.50       -0.02  15,510.00
312   2023-03-16 13:00:00  NAS100 12,431.25 12,456.75 12,376.50 12,402.25   -28.75       -0.23  39,980.00
313   2023-03-16 17:00:00  NAS100 12,402.25 12,429.50 12,314.00 12,417.25    15.00        0.12 116,149.00
314   2023-03-16 21:00:00  NAS100 12,416.75 12,688.50 12,363.00 12,662.50   245.25        1.98 356,678.00
315   2023-03-17 01:00:00  NAS100 12,663.00 12,735.75 12,633.00 12,711.50    49.00        0.39 140,026.00
316   2023-03-17 05:00:00  NAS100 12,708.00 12,730.25 12,692.75 12,710.00    -1.50       -0.01  14,528.00
317   2023-03-17 09:00:00  NAS100 12,710.50 12,746.75 12,706.75 12,740.00    30.00        0.24  11,727.00
318   2023-03-17 13:00:00  NAS100 12,740.75 12,767.75 12,708.00 12,730.75    -9.25       -0.07  43,846.00
319   2023-03-17 17:00:00  NAS100 12,730.75 12,764.00 12,660.25 12,747.75    17.00        0.13 130,650.00
320   2023-03-17 21:00:00  NAS100 12,749.50 12,811.25 12,569.50 12,679.50   -68.25       -0.54 350,978.00
321   2023-03-18 01:00:00  NAS100 12,679.75 12,699.25 12,583.25 12,648.50   -31.00       -0.24 163,227.00
322   2023-03-20 05:00:00  NAS100 12,690.00 12,750.00 12,656.00 12,675.25    26.75        0.21  34,311.00
323   2023-03-20 09:00:00  NAS100 12,674.00 12,693.00 12,635.75 12,653.25   -22.00       -0.17  20,529.00
324   2023-03-20 13:00:00  NAS100 12,652.50 12,663.25 12,525.25 12,654.00     0.75        0.01  77,737.00
325   2023-03-20 17:00:00  NAS100 12,653.00 12,688.50 12,529.50 12,565.00   -89.00       -0.70 139,441.00
326   2023-03-20 21:00:00  NAS100 12,564.50 12,697.50 12,554.75 12,661.25    96.25        0.77 288,980.00
327   2023-03-21 01:00:00  NAS100 12,660.75 12,708.00 12,633.50 12,701.00    39.75        0.31 123,604.00
328   2023-03-21 05:00:00  NAS100 12,699.75 12,737.75 12,676.50 12,696.25    -4.75       -0.04  17,222.00
329   2023-03-21 09:00:00  NAS100 12,695.75 12,710.50 12,686.50 12,698.25     2.00        0.02   8,792.00
330   2023-03-21 13:00:00  NAS100 12,698.75 12,742.25 12,692.75 12,718.00    19.75        0.16  29,051.00
331   2023-03-21 17:00:00  NAS100 12,717.50 12,818.00 12,710.50 12,815.00    97.00        0.76 100,703.00
332   2023-03-21 21:00:00  NAS100 12,815.00 12,837.25 12,712.50 12,783.00   -32.00       -0.25 255,505.00
333   2023-03-22 01:00:00  NAS100 12,783.50 12,898.25 12,781.75 12,876.25    93.25        0.73 145,797.00
334   2023-03-22 05:00:00  NAS100 12,873.25 12,886.50 12,857.00 12,884.50     8.25        0.06  10,132.00
335   2023-03-22 09:00:00  NAS100 12,884.75 12,886.25 12,867.00 12,868.50   -16.00       -0.12   7,721.00
336   2023-03-22 13:00:00  NAS100 12,868.00 12,876.75 12,809.25 12,838.75   -29.75       -0.23  27,664.00
337   2023-03-22 17:00:00  NAS100 12,838.75 12,895.75 12,832.25 12,883.00    44.25        0.34  73,594.00
338   2023-03-22 21:00:00  NAS100 12,883.25 12,945.25 12,864.00 12,922.50    39.50        0.31 187,033.00
339   2023-03-23 01:00:00  NAS100 12,925.00 13,082.00 12,678.00 12,698.75  -223.75       -1.73 395,880.00
340   2023-03-23 05:00:00  NAS100 12,695.00 12,740.75 12,694.25 12,738.50    39.75        0.31  16,178.00
341   2023-03-23 09:00:00  NAS100 12,739.00 12,796.00 12,738.75 12,788.75    50.25        0.39  16,046.00
342   2023-03-23 13:00:00  NAS100 12,788.25 12,855.25 12,777.50 12,834.25    45.50        0.36  38,658.00
343   2023-03-23 17:00:00  NAS100 12,834.25 12,896.50 12,791.50 12,889.75    55.50        0.43 116,983.00
344   2023-03-23 21:00:00  NAS100 12,889.75 13,031.00 12,886.50 12,893.50     3.75        0.03 329,208.00
345   2023-03-24 01:00:00  NAS100 12,893.50 12,913.50 12,733.50 12,872.50   -21.00       -0.16 304,166.00
346   2023-03-24 05:00:00  NAS100 12,871.50 12,881.00 12,822.25 12,848.25   -24.25       -0.19  17,969.00
347   2023-03-24 09:00:00  NAS100 12,848.75 12,887.00 12,846.00 12,869.25    21.00        0.16  12,624.00
348   2023-03-24 13:00:00  NAS100 12,869.50 12,920.25 12,788.00 12,796.75   -72.50       -0.56  47,700.00
349   2023-03-24 17:00:00  NAS100 12,796.75 12,844.75 12,736.25 12,821.25    24.50        0.19 139,883.00
350   2023-03-24 21:00:00  NAS100 12,821.75 12,854.75 12,728.00 12,812.25    -9.00       -0.07 309,967.00
351   2023-03-25 01:00:00  NAS100 12,812.50 12,924.75 12,805.50 12,922.75   110.50        0.86 144,604.00
352   2023-03-27 05:00:00  NAS100 12,916.00 12,960.25 12,902.50 12,912.25   -10.50       -0.08  19,944.00
353   2023-03-27 09:00:00  NAS100 12,912.25 12,984.50 12,910.00 12,961.50    49.25        0.38  14,738.00
354   2023-03-27 13:00:00  NAS100 12,961.50 12,964.50 12,848.75 12,917.75   -43.75       -0.34  37,624.00
355   2023-03-27 17:00:00  NAS100 12,917.75 12,965.25 12,880.75 12,932.25    14.50        0.11 105,214.00
356   2023-03-27 21:00:00  NAS100 12,932.50 12,948.25 12,765.50 12,806.50  -125.75       -0.97 247,548.00
357   2023-03-28 01:00:00  NAS100 12,806.00 12,868.75 12,776.25 12,814.25     7.75        0.06 129,451.00
358   2023-03-28 05:00:00  NAS100 12,810.50 12,826.25 12,798.25 12,798.50   -15.75       -0.12  10,374.00
359   2023-03-28 09:00:00  NAS100 12,799.00 12,815.25 12,791.00 12,806.00     7.50        0.06  10,989.00
360   2023-03-28 13:00:00  NAS100 12,806.25 12,833.50 12,751.25 12,765.00   -41.00       -0.32  32,296.00
361   2023-03-28 17:00:00  NAS100 12,764.25 12,796.50 12,682.75 12,692.00   -73.00       -0.57 100,882.00
362   2023-03-28 21:00:00  NAS100 12,692.25 12,731.25 12,634.25 12,639.75   -52.25       -0.41 243,987.00
363   2023-03-29 01:00:00  NAS100 12,639.75 12,754.50 12,636.25 12,748.00   108.25        0.86 133,156.00
364   2023-03-29 05:00:00  NAS100 12,745.50 12,791.75 12,742.00 12,781.25    33.25        0.26  14,953.00
365   2023-03-29 09:00:00  NAS100 12,781.75 12,816.00 12,762.50 12,816.00    34.75        0.27  16,171.00
366   2023-03-29 13:00:00  NAS100 12,816.00 12,856.50 12,801.75 12,852.00    36.00        0.28  34,857.00
367   2023-03-29 17:00:00  NAS100 12,851.75 12,928.00 12,830.25 12,915.50    63.50        0.49 109,110.00
368   2023-03-29 21:00:00  NAS100 12,914.75 12,937.00 12,854.50 12,908.00    -7.50       -0.06 235,121.00
369   2023-03-30 01:00:00  NAS100 12,908.00 12,994.00 12,894.25 12,960.25    52.25        0.40 145,943.00
370   2023-03-30 05:00:00  NAS100 12,962.50 12,969.00 12,931.50 12,946.50   -13.75       -0.11  12,797.00
371   2023-03-30 09:00:00  NAS100 12,947.00 12,982.00 12,935.00 12,981.75    35.25        0.27  16,108.00
372   2023-03-30 13:00:00  NAS100 12,981.50 13,011.75 12,973.25 13,007.50    25.75        0.20  31,410.00
373   2023-03-30 17:00:00  NAS100 13,008.00 13,081.25 13,005.50 13,079.25    71.75        0.55 114,306.00
374   2023-03-30 21:00:00  NAS100 13,079.75 13,111.75 13,011.25 13,031.25   -48.00       -0.37 271,778.00
375   2023-03-31 01:00:00  NAS100 13,031.50 13,099.00 13,026.75 13,089.75    58.50        0.45 125,321.00
376   2023-03-31 05:00:00  NAS100 13,084.25 13,138.75 13,071.25 13,127.50    37.75        0.29  17,732.00
377   2023-03-31 09:00:00  NAS100 13,127.50 13,138.00 13,105.00 13,111.00   -16.50       -0.13  14,012.00
378   2023-03-31 13:00:00  NAS100 13,110.75 13,117.75 13,075.25 13,081.00   -30.00       -0.23  29,779.00
379   2023-03-31 17:00:00  NAS100 13,080.75 13,154.00 13,057.50 13,140.50    59.50        0.45 109,039.00
380   2023-03-31 21:00:00  NAS100 13,141.25 13,239.50 13,130.25 13,228.50    88.00        0.67 246,285.00
381   2023-04-01 01:00:00  NAS100 13,228.75 13,311.50 13,224.00 13,308.00    79.50        0.60 196,525.00
382   2023-04-03 05:00:00  NAS100 13,262.00 13,275.50 13,200.00 13,213.00   -95.00       -0.71  30,723.00
383   2023-04-03 09:00:00  NAS100 13,212.75 13,229.50 13,205.50 13,219.25     6.25        0.05  12,206.00
384   2023-04-03 13:00:00  NAS100 13,219.00 13,246.75 13,203.00 13,219.25     0.00        0.00  29,068.00
385   2023-04-03 17:00:00  NAS100 13,219.50 13,261.75 13,179.50 13,228.25     9.00        0.07  99,797.00
386   2023-04-03 21:00:00  NAS100 13,228.25 13,268.25 13,154.00 13,175.25   -53.00       -0.40 231,152.00
387   2023-04-04 01:00:00  NAS100 13,175.25 13,278.75 13,160.25 13,261.75    86.50        0.66 133,168.00
388   2023-04-04 05:00:00  NAS100 13,259.00 13,260.50 13,235.75 13,236.50   -25.25       -0.19  11,089.00
389   2023-04-04 09:00:00  NAS100 13,236.50 13,261.75 13,226.50 13,242.00     5.50        0.04  11,894.00
390   2023-04-04 13:00:00  NAS100 13,242.00 13,348.75 13,233.00 13,344.50   102.50        0.77  34,753.00
391   2023-04-04 17:00:00  NAS100 13,344.50 13,347.50 13,230.00 13,280.75   -63.75       -0.48  96,012.00
392   2023-04-04 21:00:00  NAS100 13,280.75 13,326.75 13,184.50 13,229.25   -51.50       -0.39 286,222.00
393   2023-04-05 01:00:00  NAS100 13,229.25 13,237.25 13,168.25 13,231.25     2.00        0.02 131,047.00
394   2023-04-05 05:00:00  NAS100 13,230.00 13,247.25 13,223.25 13,223.25    -8.00       -0.06  11,913.00
395   2023-04-05 09:00:00  NAS100 13,223.00 13,237.75 13,212.25 13,219.00    -4.25       -0.03  11,660.00
396   2023-04-05 13:00:00  NAS100 13,219.25 13,231.25 13,176.50 13,190.25   -28.75       -0.22  29,240.00
397   2023-04-05 17:00:00  NAS100 13,190.00 13,236.00 13,120.00 13,137.50   -52.75       -0.40 111,787.00
398   2023-04-05 21:00:00  NAS100 13,137.50 13,165.00 13,006.00 13,057.50   -80.00       -0.61 294,424.00
399   2023-04-06 01:00:00  NAS100 13,057.50 13,092.75 13,041.75 13,072.50    15.00        0.11 126,130.00
400   2023-04-06 05:00:00  NAS100 13,072.75 13,072.75 13,017.75 13,030.75   -41.75       -0.32  16,305.00
401   2023-04-06 09:00:00  NAS100 13,030.50 13,036.75 13,018.25 13,029.50    -1.25       -0.01  11,774.00
402   2023-04-06 13:00:00  NAS100 13,029.25 13,079.75 13,004.25 13,010.25   -19.25       -0.15  32,898.00
403   2023-04-06 17:00:00  NAS100 13,010.00 13,071.00 12,953.25 12,985.50   -24.75       -0.19 125,578.00
404   2023-04-06 21:00:00  NAS100 12,985.75 13,173.50 12,981.75 13,171.00   185.50        1.43 289,271.00
405   2023-04-07 01:00:00  NAS100 13,171.25 13,191.00 13,153.75 13,163.50    -7.50       -0.06 117,489.00
406   2023-04-07 05:00:00  NAS100 13,162.75 13,169.75 13,140.00 13,153.25   -10.25       -0.08   7,559.00
407   2023-04-07 09:00:00  NAS100 13,153.25 13,164.50 13,152.50 13,161.25     8.00        0.06   3,698.00
408   2023-04-07 13:00:00  NAS100 13,161.25 13,176.00 13,153.75 13,169.75     8.50        0.06   6,573.00
409   2023-04-07 17:00:00  NAS100 13,169.75 13,192.25 13,122.00 13,184.25    14.50        0.11  23,385.00
410   2023-04-10 05:00:00  NAS100 13,179.75 13,203.25 13,136.50 13,142.75   -41.50       -0.31  17,197.00
411   2023-04-10 09:00:00  NAS100 13,142.75 13,148.75 13,124.00 13,127.25   -15.50       -0.12  11,199.00
412   2023-04-10 13:00:00  NAS100 13,127.25 13,164.00 13,107.25 13,154.75    27.50        0.21  18,384.00
413   2023-04-10 17:00:00  NAS100 13,154.50 13,165.75 12,967.50 12,987.00  -167.75       -1.28 119,158.00
414   2023-04-10 21:00:00  NAS100 12,987.00 13,138.00 12,971.00 13,124.50   137.50        1.06 265,284.00
415   2023-04-11 01:00:00  NAS100 13,124.50 13,173.25 13,117.50 13,166.00    41.50        0.32 117,772.00
416   2023-04-11 05:00:00  NAS100 13,163.25 13,186.50 13,150.00 13,160.75    -5.25       -0.04  15,621.00
417   2023-04-11 09:00:00  NAS100 13,160.25 13,173.75 13,144.50 13,161.25     0.50        0.00  12,356.00
418   2023-04-11 13:00:00  NAS100 13,161.50 13,208.50 13,152.25 13,207.50    46.25        0.35  24,601.00
419   2023-04-11 17:00:00  NAS100 13,208.00 13,208.75 13,092.75 13,106.50  -101.00       -0.76 112,570.00
420   2023-04-11 21:00:00  NAS100 13,107.00 13,124.25 13,053.50 13,121.75    15.25        0.12 256,893.00
421   2023-04-12 01:00:00  NAS100 13,122.00 13,133.50 13,061.50 13,081.25   -40.50       -0.31 121,912.00
422   2023-04-12 05:00:00  NAS100 13,073.75 13,096.50 13,066.50 13,077.25    -4.00       -0.03  11,248.00
423   2023-04-12 09:00:00  NAS100 13,077.00 13,085.00 13,070.25 13,076.75    -0.50       -0.00   7,452.00
424   2023-04-12 13:00:00  NAS100 13,076.50 13,095.00 13,038.50 13,089.50    12.75        0.10  25,999.00
425   2023-04-12 17:00:00  NAS100 13,090.25 13,241.75 13,033.50 13,065.25   -24.25       -0.19 173,334.00
426   2023-04-12 21:00:00  NAS100 13,065.00 13,129.00 12,975.75 13,066.75     1.50        0.01 278,836.00
427   2023-04-13 01:00:00  NAS100 13,066.75 13,091.25 12,937.75 12,957.50  -109.25       -0.84 181,877.00
428   2023-04-13 05:00:00  NAS100 12,957.00 12,963.00 12,925.50 12,961.50     4.00        0.03  15,308.00
429   2023-04-13 09:00:00  NAS100 12,961.75 12,981.75 12,959.75 12,969.00     7.50        0.06   9,957.00
430   2023-04-13 13:00:00  NAS100 12,969.25 13,018.25 12,966.50 12,996.25    27.25        0.21  29,787.00
431   2023-04-13 17:00:00  NAS100 12,996.00 13,080.75 12,957.25 13,067.25    71.00        0.55 125,747.00
432   2023-04-13 21:00:00  NAS100 13,067.25 13,195.50 13,054.50 13,192.00   124.75        0.95 237,698.00
433   2023-04-14 01:00:00  NAS100 13,192.25 13,228.00 13,179.50 13,180.50   -11.50       -0.09 127,776.00
434   2023-04-14 05:00:00  NAS100 13,183.00 13,215.25 13,176.75 13,197.00    16.50        0.13  14,858.00
435   2023-04-14 09:00:00  NAS100 13,196.75 13,204.00 13,188.25 13,196.75    -0.25       -0.00   7,408.00
436   2023-04-14 13:00:00  NAS100 13,197.00 13,217.25 13,161.00 13,167.75   -29.00       -0.22  24,079.00
437   2023-04-14 17:00:00  NAS100 13,168.25 13,251.75 13,101.00 13,234.50    66.75        0.51 137,852.00
438   2023-04-14 21:00:00  NAS100 13,234.75 13,255.00 13,058.00 13,107.75  -126.75       -0.96 291,348.00
439   2023-04-15 01:00:00  NAS100 13,108.00 13,212.00 13,093.00 13,199.50    91.75        0.70 141,345.00
440   2023-04-17 05:00:00  NAS100 13,212.50 13,214.75 13,174.00 13,184.00   -15.50       -0.12  13,986.00
441   2023-04-17 09:00:00  NAS100 13,184.00 13,196.50 13,175.25 13,193.50     9.50        0.07   8,254.00
442   2023-04-17 13:00:00  NAS100 13,193.50 13,218.00 13,156.25 13,163.75   -29.75       -0.23  25,094.00
443   2023-04-17 17:00:00  NAS100 13,164.00 13,206.00 13,141.25 13,162.00    -1.75       -0.01 105,065.00
444   2023-04-17 21:00:00  NAS100 13,162.25 13,193.00 13,076.75 13,096.50   -65.50       -0.50 261,431.00
445   2023-04-18 01:00:00  NAS100 13,096.75 13,196.00 13,090.25 13,181.00    84.50        0.65 122,897.00
446   2023-04-18 05:00:00  NAS100 13,184.00 13,185.50 13,166.25 13,174.75    -6.25       -0.05  10,236.00
447   2023-04-18 09:00:00  NAS100 13,175.00 13,182.75 13,160.25 13,181.50     6.75        0.05   9,642.00
448   2023-04-18 13:00:00  NAS100 13,180.75 13,283.25 13,177.50 13,273.25    91.75        0.70  35,187.00
449   2023-04-18 17:00:00  NAS100 13,273.50 13,298.75 13,242.00 13,252.00   -21.25       -0.16 118,867.00
450   2023-04-18 21:00:00  NAS100 13,252.25 13,254.50 13,151.50 13,175.50   -76.50       -0.58 263,137.00
451   2023-04-19 01:00:00  NAS100 13,175.75 13,200.00 13,138.00 13,187.00    11.50        0.09 130,667.00
452   2023-04-19 05:00:00  NAS100 13,170.50 13,186.75 13,166.50 13,168.75   -18.25       -0.14   9,751.00
453   2023-04-19 09:00:00  NAS100 13,168.50 13,174.25 13,155.75 13,156.50   -12.25       -0.09   8,139.00
454   2023-04-19 13:00:00  NAS100 13,156.25 13,158.00 13,065.00 13,076.00   -80.50       -0.61  39,233.00
455   2023-04-19 17:00:00  NAS100 13,076.50 13,132.75 13,068.00 13,094.75    18.75        0.14 114,326.00
456   2023-04-19 21:00:00  NAS100 13,094.75 13,211.75 13,090.75 13,207.75   113.00        0.86 239,621.00
457   2023-04-20 01:00:00  NAS100 13,207.75 13,226.75 13,155.25 13,168.25   -39.50       -0.30 115,294.00
458   2023-04-20 05:00:00  NAS100 13,162.00 13,165.75 13,122.75 13,144.75   -23.50       -0.18  15,782.00
459   2023-04-20 09:00:00  NAS100 13,144.50 13,153.25 13,112.00 13,116.00   -28.75       -0.22  11,933.00
460   2023-04-20 13:00:00  NAS100 13,115.75 13,137.25 13,025.00 13,046.75   -69.25       -0.53  42,403.00
461   2023-04-20 17:00:00  NAS100 13,047.00 13,124.75 13,032.50 13,115.75    69.00        0.53 122,908.00
462   2023-04-20 21:00:00  NAS100 13,115.50 13,200.00 13,091.50 13,170.50    54.75        0.42 272,251.00
463   2023-04-21 01:00:00  NAS100 13,170.00 13,171.25 13,021.75 13,091.00   -79.50       -0.60 207,762.00
464   2023-04-21 05:00:00  NAS100 13,089.00 13,107.75 13,076.50 13,094.00     3.00        0.02  11,453.00
465   2023-04-21 09:00:00  NAS100 13,092.75 13,099.25 13,080.00 13,083.25   -10.75       -0.08   8,532.00
466   2023-04-21 13:00:00  NAS100 13,082.75 13,091.50 13,037.50 13,068.50   -14.75       -0.11  31,071.00
467   2023-04-21 17:00:00  NAS100 13,068.75 13,076.50 12,994.50 12,995.75   -72.75       -0.56 124,636.00
468   2023-04-21 21:00:00  NAS100 12,996.00 13,106.75 12,982.50 13,100.50   104.75        0.81 302,365.00
469   2023-04-22 01:00:00  NAS100 13,100.75 13,122.00 13,057.00 13,076.00   -24.50       -0.19 109,448.00
470   2023-04-24 05:00:00  NAS100 13,070.00 13,074.75 13,046.25 13,055.00   -21.00       -0.16  12,210.00
471   2023-04-24 09:00:00  NAS100 13,054.25 13,065.50 13,027.25 13,028.75   -26.25       -0.20  10,679.00
472   2023-04-24 13:00:00  NAS100 13,028.75 13,082.50 13,014.25 13,070.75    42.00        0.32  25,431.00
473   2023-04-24 17:00:00  NAS100 13,070.50 13,134.00 13,054.00 13,100.25    29.50        0.23 101,359.00
474   2023-04-24 21:00:00  NAS100 13,100.25 13,103.25 12,967.25 13,045.25   -55.00       -0.42 280,352.00
475   2023-04-25 01:00:00  NAS100 13,045.00 13,067.75 13,029.25 13,049.50     4.25        0.03 143,206.00
476   2023-04-25 05:00:00  NAS100 13,050.25 13,059.50 13,029.25 13,031.00   -18.50       -0.14  11,525.00
477   2023-04-25 09:00:00  NAS100 13,031.25 13,032.75 12,999.75 13,016.25   -14.75       -0.11  16,230.00
478   2023-04-25 13:00:00  NAS100 13,016.00 13,027.25 12,966.75 13,003.00   -13.25       -0.10  35,235.00
479   2023-04-25 17:00:00  NAS100 13,002.75 13,018.25 12,966.00 12,979.25   -23.75       -0.18 101,330.00
480   2023-04-25 21:00:00  NAS100 12,979.00 13,001.75 12,854.25 12,860.75  -118.50       -0.91 322,413.00
481   2023-04-26 01:00:00  NAS100 12,861.00 12,942.50 12,800.00 12,918.75    58.00        0.45 199,565.00
482   2023-04-26 05:00:00  NAS100 12,940.00 12,996.50 12,923.00 12,984.75    66.00        0.51  38,326.00
483   2023-04-26 09:00:00  NAS100 12,984.50 12,993.50 12,965.25 12,992.25     7.50        0.06  14,930.00
484   2023-04-26 13:00:00  NAS100 12,992.00 12,994.75 12,941.00 12,970.75   -21.50       -0.17  33,563.00
485   2023-04-26 17:00:00  NAS100 12,971.00 12,976.00 12,885.25 12,960.75   -10.00       -0.08 155,065.00
486   2023-04-26 21:00:00  NAS100 12,960.75 13,012.25 12,896.50 12,921.25   -39.50       -0.30 322,630.00
487   2023-04-27 01:00:00  NAS100 12,921.50 12,972.50 12,863.75 12,960.50    39.25        0.30 180,359.00
488   2023-04-27 05:00:00  NAS100 12,965.00 12,969.50 12,936.00 12,949.00   -11.50       -0.09  12,096.00
489   2023-04-27 09:00:00  NAS100 12,948.25 12,984.25 12,945.25 12,979.00    30.00        0.23  12,122.00
490   2023-04-27 13:00:00  NAS100 12,979.50 13,016.25 12,975.00 12,988.25     9.25        0.07  24,851.00
491   2023-04-27 17:00:00  NAS100 12,987.50 13,062.50 12,971.75 13,023.50    35.25        0.27 163,613.00
492   2023-04-27 21:00:00  NAS100 13,023.50 13,218.25 13,017.50 13,201.50   178.00        1.37 309,919.00
493   2023-04-28 01:00:00  NAS100 13,201.75 13,333.00 13,201.00 13,260.75    59.25        0.45 191,773.00
494   2023-04-28 05:00:00  NAS100 13,215.00 13,230.50 13,189.00 13,219.75   -41.00       -0.31  28,758.00
495   2023-04-28 09:00:00  NAS100 13,219.00 13,236.00 13,197.75 13,223.25     3.50        0.03  13,597.00
496   2023-04-28 13:00:00  NAS100 13,223.75 13,225.00 13,174.75 13,188.25   -35.00       -0.26  31,384.00
497   2023-04-28 17:00:00  NAS100 13,188.25 13,244.00 13,169.00 13,209.00    20.75        0.16 127,700.00
498   2023-04-28 21:00:00  NAS100 13,208.75 13,293.00 13,183.50 13,277.00    68.00        0.51 332,869.00
499   2023-04-29 01:00:00  NAS100 13,277.25 13,336.00 13,261.50 13,325.75    48.75        0.37 131,487.00
500   2023-05-01 05:00:00  NAS100 13,317.00 13,327.00 13,296.25 13,311.00   -14.75       -0.11  13,168.00
501   2023-05-01 09:00:00  NAS100 13,310.75 13,348.00 13,308.25 13,339.50    28.50        0.21  11,108.00
502   2023-05-01 13:00:00  NAS100 13,339.25 13,370.25 13,297.00 13,318.25   -21.25       -0.16  18,619.00
503   2023-05-01 17:00:00  NAS100 13,318.25 13,329.00 13,285.25 13,310.50    -7.75       -0.06  79,605.00
504   2023-05-01 21:00:00  NAS100 13,310.50 13,363.50 13,258.75 13,349.75    39.25        0.29 241,663.00
505   2023-05-02 01:00:00  NAS100 13,350.00 13,353.00 13,284.50 13,289.00   -60.75       -0.46 119,929.00
506   2023-05-02 05:00:00  NAS100 13,290.00 13,306.25 13,267.75 13,288.25    -0.75       -0.01  14,500.00
507   2023-05-02 09:00:00  NAS100 13,289.00 13,315.00 13,280.50 13,305.25    17.00        0.13  10,712.00
508   2023-05-02 13:00:00  NAS100 13,304.75 13,334.75 13,298.25 13,311.75     6.50        0.05  22,136.00
509   2023-05-02 17:00:00  NAS100 13,311.75 13,316.25 13,265.75 13,288.50   -23.25       -0.17  96,926.00
510   2023-05-02 21:00:00  NAS100 13,288.75 13,301.00 13,110.25 13,204.00   -84.50       -0.64 360,990.00
511   2023-05-03 01:00:00  NAS100 13,204.25 13,221.00 13,162.50 13,169.25   -34.75       -0.26 149,946.00
512   2023-05-03 05:00:00  NAS100 13,162.00 13,195.00 13,157.00 13,178.75     9.50        0.07  11,673.00
513   2023-05-03 09:00:00  NAS100 13,178.50 13,196.75 13,178.25 13,187.75     9.00        0.07   9,264.00
514   2023-05-03 13:00:00  NAS100 13,188.00 13,213.25 13,180.25 13,207.75    20.00        0.15  19,766.00
515   2023-05-03 17:00:00  NAS100 13,207.75 13,241.75 13,187.75 13,233.00    25.25        0.19  85,125.00
516   2023-05-03 21:00:00  NAS100 13,232.50 13,242.00 13,177.25 13,221.75   -11.25       -0.09 192,424.00
517   2023-05-04 01:00:00  NAS100 13,223.25 13,314.00 13,080.00 13,089.00  -132.75       -1.00 325,782.00
518   2023-05-04 05:00:00  NAS100 13,064.00 13,130.00 13,044.25 13,127.00    38.00        0.29  23,314.00
519   2023-05-04 09:00:00  NAS100 13,127.25 13,168.00 13,126.25 13,158.50    31.50        0.24  17,563.00
520   2023-05-04 13:00:00  NAS100 13,158.75 13,173.00 13,101.50 13,115.75   -42.75       -0.32  34,989.00
521   2023-05-04 17:00:00  NAS100 13,115.75 13,129.75 13,027.00 13,041.50   -74.25       -0.57 135,360.00
522   2023-05-04 21:00:00  NAS100 13,041.75 13,131.25 13,001.75 13,109.75    68.25        0.52 281,935.00
523   2023-05-05 01:00:00  NAS100 13,109.50 13,111.50 13,026.25 13,046.50   -63.25       -0.48 157,072.00
524   2023-05-05 05:00:00  NAS100 13,060.00 13,114.00 13,055.75 13,108.75    62.25        0.48  15,817.00
525   2023-05-05 09:00:00  NAS100 13,109.50 13,111.50 13,094.00 13,100.00    -8.75       -0.07   7,204.00
526   2023-05-05 13:00:00  NAS100 13,100.00 13,125.25 13,076.25 13,123.00    23.00        0.18  20,704.00
527   2023-05-05 17:00:00  NAS100 13,123.25 13,193.00 13,085.25 13,190.75    67.75        0.52 131,768.00
528   2023-05-05 21:00:00  NAS100 13,190.75 13,305.75 13,190.75 13,305.25   114.50        0.87 238,147.00
529   2023-05-06 01:00:00  NAS100 13,305.25 13,359.00 13,295.75 13,310.50     5.25        0.04 150,045.00
530   2023-05-08 05:00:00  NAS100 13,316.00 13,332.75 13,294.25 13,308.50    -2.00       -0.02  14,723.00
531   2023-05-08 09:00:00  NAS100 13,308.75 13,330.00 13,305.25 13,314.00     5.50        0.04   9,939.00
532   2023-05-08 13:00:00  NAS100 13,313.75 13,335.00 13,297.75 13,314.75     0.75        0.01  17,052.00
533   2023-05-08 17:00:00  NAS100 13,314.75 13,324.75 13,261.25 13,270.25   -44.50       -0.33 102,671.00
534   2023-05-08 21:00:00  NAS100 13,270.50 13,354.50 13,254.50 13,345.50    75.25        0.57 225,000.00
535   2023-05-09 01:00:00  NAS100 13,345.75 13,368.00 13,289.00 13,336.25    -9.25       -0.07 132,865.00
536   2023-05-09 05:00:00  NAS100 13,338.50 13,340.00 13,325.25 13,336.25     0.00        0.00   7,872.00
537   2023-05-09 09:00:00  NAS100 13,336.75 13,347.00 13,333.25 13,338.50     2.25        0.02   6,360.00
538   2023-05-09 13:00:00  NAS100 13,338.25 13,338.75 13,284.00 13,299.75   -38.75       -0.29  22,890.00
539   2023-05-09 17:00:00  NAS100 13,299.75 13,311.50 13,269.00 13,309.50     9.75        0.07 120,073.00
540   2023-05-09 21:00:00  NAS100 13,310.00 13,317.50 13,256.25 13,285.50   -24.00       -0.18 267,403.00
541   2023-05-10 01:00:00  NAS100 13,285.50 13,294.50 13,250.50 13,261.25   -24.25       -0.18 123,782.00
542   2023-05-10 05:00:00  NAS100 13,258.75 13,286.00 13,253.00 13,273.50    12.25        0.09   9,956.00
543   2023-05-10 09:00:00  NAS100 13,274.00 13,277.50 13,258.75 13,265.75    -7.75       -0.06   6,966.00
544   2023-05-10 13:00:00  NAS100 13,266.25 13,285.75 13,202.75 13,236.75   -29.00       -0.22  28,057.00
545   2023-05-10 17:00:00  NAS100 13,236.50 13,417.00 13,227.00 13,376.00   139.25        1.05 197,419.00
546   2023-05-10 21:00:00  NAS100 13,376.25 13,433.75 13,262.25 13,310.00   -66.00       -0.49 378,382.00
547   2023-05-11 01:00:00  NAS100 13,310.00 13,446.75 13,308.50 13,408.75    98.75        0.74 212,241.00
548   2023-05-11 05:00:00  NAS100 13,410.00 13,447.75 13,403.50 13,430.25    21.50        0.16  14,532.00
549   2023-05-11 09:00:00  NAS100 13,430.75 13,439.25 13,426.50 13,434.25     4.00        0.03   8,670.00
550   2023-05-11 13:00:00  NAS100 13,434.25 13,463.75 13,418.75 13,453.75    19.50        0.15  27,524.00
551   2023-05-11 17:00:00  NAS100 13,453.75 13,467.50 13,372.25 13,385.75   -68.00       -0.51 156,906.00
552   2023-05-11 21:00:00  NAS100 13,385.50 13,459.75 13,361.50 13,426.25    40.50        0.30 309,189.00
553   2023-05-12 01:00:00  NAS100 13,426.50 13,470.25 13,417.00 13,447.00    20.75        0.15 132,700.00
554   2023-05-12 05:00:00  NAS100 13,446.00 13,494.25 13,444.75 13,489.50    42.50        0.32  16,520.00
555   2023-05-12 09:00:00  NAS100 13,489.00 13,490.75 13,472.25 13,478.25   -11.25       -0.08  10,491.00
556   2023-05-12 13:00:00  NAS100 13,478.00 13,493.75 13,458.00 13,475.25    -3.00       -0.02  22,912.00
557   2023-05-12 17:00:00  NAS100 13,475.50 13,487.25 13,439.00 13,442.00   -33.25       -0.25  92,339.00
558   2023-05-12 21:00:00  NAS100 13,445.00 13,454.75 13,315.75 13,320.25  -121.75       -0.91 325,042.00
559   2023-05-13 01:00:00  NAS100 13,320.50 13,402.50 13,310.50 13,370.50    50.25        0.38 151,288.00
560   2023-05-15 05:00:00  NAS100 13,378.75 13,388.25 13,350.00 13,383.50    13.00        0.10  14,102.00
561   2023-05-15 09:00:00  NAS100 13,384.00 13,418.50 13,377.75 13,417.25    33.75        0.25  11,825.00
562   2023-05-15 13:00:00  NAS100 13,417.25 13,447.50 13,412.00 13,431.75    14.50        0.11  25,561.00
563   2023-05-15 17:00:00  NAS100 13,431.50 13,443.00 13,374.25 13,377.00   -54.75       -0.41 100,956.00
564   2023-05-15 21:00:00  NAS100 13,376.75 13,480.00 13,351.50 13,450.00    73.00        0.55 245,338.00
565   2023-05-16 01:00:00  NAS100 13,450.25 13,473.25 13,442.75 13,464.00    14.00        0.10  94,723.00
566   2023-05-16 05:00:00  NAS100 13,461.00 13,466.75 13,451.00 13,462.50    -1.50       -0.01  10,665.00
567   2023-05-16 09:00:00  NAS100 13,462.25 13,463.50 13,447.50 13,452.00   -10.50       -0.08   6,837.00
568   2023-05-16 13:00:00  NAS100 13,451.50 13,492.00 13,438.25 13,465.50    13.50        0.10  23,095.00
569   2023-05-16 17:00:00  NAS100 13,465.25 13,515.75 13,426.25 13,485.75    20.25        0.15 129,007.00
570   2023-05-16 21:00:00  NAS100 13,485.75 13,554.50 13,452.00 13,544.50    58.75        0.44 250,754.00
571   2023-05-17 01:00:00  NAS100 13,544.75 13,548.50 13,477.25 13,503.25   -41.25       -0.30 138,357.00
572   2023-05-17 05:00:00  NAS100 13,498.50 13,518.00 13,485.50 13,516.00    12.75        0.09  13,183.00
573   2023-05-17 09:00:00  NAS100 13,516.00 13,523.00 13,501.00 13,511.50    -4.50       -0.03   9,849.00
574   2023-05-17 13:00:00  NAS100 13,511.25 13,514.25 13,474.25 13,510.75    -0.75       -0.01  24,948.00
575   2023-05-17 17:00:00  NAS100 13,511.25 13,540.00 13,475.50 13,479.00   -31.75       -0.23 109,738.00
576   2023-05-17 21:00:00  NAS100 13,479.25 13,669.00 13,477.00 13,667.25   188.25        1.40 307,943.00
577   2023-05-18 01:00:00  NAS100 13,667.25 13,667.75 13,619.00 13,640.75   -26.50       -0.19 147,560.00
578   2023-05-18 05:00:00  NAS100 13,640.50 13,646.75 13,628.25 13,635.25    -5.50       -0.04  11,115.00
579   2023-05-18 09:00:00  NAS100 13,635.00 13,654.50 13,633.50 13,639.00     3.75        0.03   9,650.00
580   2023-05-18 13:00:00  NAS100 13,638.75 13,676.00 13,631.50 13,665.75    26.75        0.20  24,428.00
581   2023-05-18 17:00:00  NAS100 13,665.75 13,718.00 13,631.50 13,713.00    47.25        0.35 129,650.00
582   2023-05-18 21:00:00  NAS100 13,712.50 13,855.25 13,700.50 13,769.50    56.50        0.41 372,999.00
583   2023-05-19 01:00:00  NAS100 13,769.00 13,913.00 13,756.25 13,912.50   143.00        1.04 190,929.00
584   2023-05-19 05:00:00  NAS100 13,908.50 13,960.25 13,899.00 13,926.50    14.00        0.10  26,382.00
585   2023-05-19 09:00:00  NAS100 13,926.25 13,942.75 13,911.00 13,912.50   -14.00       -0.10  12,970.00
586   2023-05-19 13:00:00  NAS100 13,912.75 13,931.75 13,888.00 13,917.50     5.00        0.04  26,941.00
587   2023-05-19 17:00:00  NAS100 13,917.00 13,929.00 13,877.50 13,896.75   -20.75       -0.15 122,868.00
588   2023-05-19 21:00:00  NAS100 13,897.25 13,912.75 13,821.50 13,839.50   -57.25       -0.41 345,174.00
589   2023-05-20 01:00:00  NAS100 13,839.75 13,866.00 13,814.25 13,841.00     1.50        0.01 117,628.00
590   2023-05-22 05:00:00  NAS100 13,805.50 13,867.00 13,794.25 13,858.25    17.25        0.12  17,411.00
591   2023-05-22 09:00:00  NAS100 13,858.75 13,879.25 13,852.50 13,864.50     6.25        0.05  10,529.00
592   2023-05-22 13:00:00  NAS100 13,864.50 13,875.75 13,836.75 13,839.00   -25.50       -0.18  21,210.00
593   2023-05-22 17:00:00  NAS100 13,838.75 13,946.75 13,824.50 13,929.25    90.25        0.65 125,303.00
594   2023-05-22 21:00:00  NAS100 13,929.25 13,938.25 13,862.25 13,903.75   -25.50       -0.18 244,242.00
595   2023-05-23 01:00:00  NAS100 13,904.00 13,942.75 13,884.25 13,915.50    11.75        0.08 113,071.00
596   2023-05-23 05:00:00  NAS100 13,913.25 13,979.25 13,911.50 13,959.25    43.75        0.31  20,017.00
597   2023-05-23 09:00:00  NAS100 13,959.75 13,961.25 13,922.00 13,931.75   -27.50       -0.20  13,057.00
598   2023-05-23 13:00:00  NAS100 13,931.50 13,934.50 13,880.50 13,884.50   -47.25       -0.34  27,551.00
599   2023-05-23 17:00:00  NAS100 13,884.50 13,902.00 13,822.25 13,863.50   -21.00       -0.15 130,096.00
600   2023-05-23 21:00:00  NAS100 13,863.75 13,878.00 13,765.50 13,774.25   -89.25       -0.64 271,787.00
601   2023-05-24 01:00:00  NAS100 13,774.25 13,792.00 13,710.00 13,732.75   -41.50       -0.30 185,737.00
602   2023-05-24 05:00:00  NAS100 13,729.00 13,755.75 13,727.25 13,734.75     2.00        0.01  12,743.00
603   2023-05-24 09:00:00  NAS100 13,735.00 13,752.25 13,728.50 13,733.00    -1.75       -0.01  10,337.00
604   2023-05-24 13:00:00  NAS100 13,733.25 13,733.75 13,689.25 13,710.25   -22.75       -0.17  38,002.00
605   2023-05-24 17:00:00  NAS100 13,710.50 13,720.50 13,620.75 13,643.00   -67.25       -0.49 135,286.00
606   2023-05-24 21:00:00  NAS100 13,643.25 13,650.25 13,566.50 13,635.00    -8.00       -0.06 288,630.00
607   2023-05-25 01:00:00  NAS100 13,636.25 13,845.75 13,601.50 13,842.25   207.25        1.52 209,989.00
608   2023-05-25 05:00:00  NAS100 13,877.00 13,883.75 13,803.00 13,833.50    -8.75       -0.06  41,315.00
609   2023-05-25 09:00:00  NAS100 13,832.75 13,845.50 13,823.50 13,832.00    -1.50       -0.01  12,447.00
610   2023-05-25 13:00:00  NAS100 13,831.50 13,907.50 13,826.50 13,905.75    73.75        0.53  44,189.00
611   2023-05-25 17:00:00  NAS100 13,905.75 13,976.00 13,851.25 13,876.25   -29.50       -0.21 201,902.00
612   2023-05-25 21:00:00  NAS100 13,876.25 14,004.25 13,853.25 13,991.00   114.75        0.83 332,577.00
613   2023-05-26 01:00:00  NAS100 13,991.25 14,031.25 13,941.25 13,981.50    -9.50       -0.07 174,495.00
614   2023-05-26 05:00:00  NAS100 13,977.75 13,988.00 13,924.50 13,958.00   -23.50       -0.17  17,288.00
615   2023-05-26 09:00:00  NAS100 13,957.75 13,967.50 13,942.75 13,961.50     3.50        0.03  10,557.00
616   2023-05-26 13:00:00  NAS100 13,961.75 13,996.00 13,943.75 13,980.00    18.50        0.13  27,620.00
617   2023-05-26 17:00:00  NAS100 13,979.50 14,124.00 13,966.00 14,118.50   138.50        0.99 145,485.00
618   2023-05-26 21:00:00  NAS100 14,118.75 14,336.75 14,111.75 14,318.50   200.00        1.42 351,991.00
619   2023-05-27 01:00:00  NAS100 14,319.00 14,369.00 14,294.25 14,367.25    48.75        0.34 162,356.00
620   2023-05-29 05:00:00  NAS100 14,437.50 14,459.75 14,386.75 14,403.25    36.00        0.25  27,517.00
621   2023-05-29 09:00:00  NAS100 14,403.00 14,410.50 14,383.25 14,408.00     4.75        0.03  12,221.00
622   2023-05-29 13:00:00  NAS100 14,408.00 14,432.25 14,387.25 14,396.75   -11.25       -0.08  17,144.00
623   2023-05-29 17:00:00  NAS100 14,396.50 14,419.50 14,367.50 14,372.75   -24.00       -0.17  20,398.00
624   2023-05-29 21:00:00  NAS100 14,373.00 14,412.25 14,373.00 14,404.75    32.00        0.22  15,994.00
625   2023-05-30 05:00:00  NAS100 14,399.50 14,409.50 14,380.75 14,385.50   -19.25       -0.13  11,407.00
626   2023-05-30 09:00:00  NAS100 14,385.25 14,398.75 14,378.50 14,393.50     8.00        0.06  10,020.00
627   2023-05-30 13:00:00  NAS100 14,394.00 14,508.50 14,393.50 14,496.50   103.00        0.72  41,146.00
628   2023-05-30 17:00:00  NAS100 14,497.00 14,570.00 14,427.75 14,443.00   -53.50       -0.37 204,248.00
629   2023-05-30 21:00:00  NAS100 14,443.50 14,484.50 14,344.25 14,351.50   -91.50       -0.63 344,761.00
630   2023-05-31 01:00:00  NAS100 14,351.75 14,443.75 14,336.75 14,402.75    51.25        0.36 167,831.00
631   2023-05-31 05:00:00  NAS100 14,397.25 14,429.00 14,382.50 14,398.00    -4.75       -0.03  15,829.00
632   2023-05-31 09:00:00  NAS100 14,398.25 14,401.00 14,344.25 14,356.00   -42.00       -0.29  17,786.00
633   2023-05-31 13:00:00  NAS100 14,356.50 14,386.25 14,332.25 14,370.00    14.00        0.10  30,806.00
634   2023-05-31 17:00:00  NAS100 14,370.75 14,412.25 14,315.00 14,375.75     5.75        0.04 130,542.00
635   2023-05-31 21:00:00  NAS100 14,376.00 14,392.50 14,251.25 14,345.75   -30.00       -0.21 301,202.00
636   2023-06-01 01:00:00  NAS100 14,346.00 14,360.25 14,282.25 14,288.75   -57.00       -0.40 170,746.00
637   2023-06-01 05:00:00  NAS100 14,289.50 14,333.75 14,248.25 14,276.50   -12.25       -0.09  24,346.00
638   2023-06-01 09:00:00  NAS100 14,277.25 14,300.50 14,256.00 14,291.75    15.25        0.11  13,215.00
639   2023-06-01 13:00:00  NAS100 14,292.00 14,325.75 14,278.00 14,304.00    12.25        0.09  23,533.00
640   2023-06-01 17:00:00  NAS100 14,305.00 14,336.50 14,252.00 14,307.75     3.75        0.03 136,773.00
641   2023-06-01 21:00:00  NAS100 14,310.25 14,487.00 14,272.75 14,486.25   178.50        1.25 258,457.00
642   2023-06-02 01:00:00  NAS100 14,487.00 14,528.25 14,433.50 14,496.75    10.50        0.07 154,473.00
643   2023-06-02 05:00:00  NAS100 14,494.00 14,496.25 14,473.00 14,488.25    -8.50       -0.06  10,412.00
644   2023-06-02 09:00:00  NAS100 14,489.00 14,518.00 14,486.00 14,505.75    17.50        0.12  11,366.00
645   2023-06-02 13:00:00  NAS100 14,505.75 14,563.50 14,493.25 14,541.25    35.50        0.24  29,916.00
646   2023-06-02 17:00:00  NAS100 14,541.75 14,627.75 14,473.25 14,481.50   -59.75       -0.41 188,378.00
647   2023-06-02 21:00:00  NAS100 14,481.75 14,609.00 14,468.25 14,586.00   104.50        0.72 244,172.00
648   2023-06-03 01:00:00  NAS100 14,586.50 14,600.50 14,552.75 14,587.75     1.75        0.01 130,000.00
649   2023-06-05 05:00:00  NAS100 14,577.00 14,579.50 14,512.75 14,533.25   -54.50       -0.37  21,085.00
650   2023-06-05 09:00:00  NAS100 14,532.75 14,546.75 14,516.25 14,535.00     1.75        0.01  12,863.00
651   2023-06-05 13:00:00  NAS100 14,535.00 14,575.00 14,526.00 14,534.75    -0.25       -0.00  22,132.00
652   2023-06-05 17:00:00  NAS100 14,535.00 14,652.25 14,528.00 14,597.00    62.25        0.43 117,810.00
653   2023-06-05 21:00:00  NAS100 14,597.50 14,694.75 14,590.25 14,632.50    35.50        0.24 269,318.00
654   2023-06-06 01:00:00  NAS100 14,632.50 14,638.75 14,543.50 14,582.25   -50.25       -0.34 164,686.00
655   2023-06-06 05:00:00  NAS100 14,582.00 14,590.25 14,556.50 14,589.75     7.50        0.05  12,257.00
656   2023-06-06 09:00:00  NAS100 14,589.50 14,601.00 14,579.50 14,581.00    -8.75       -0.06  12,054.00
657   2023-06-06 13:00:00  NAS100 14,581.00 14,615.00 14,567.25 14,577.75    -3.25       -0.02  22,393.00
658   2023-06-06 17:00:00  NAS100 14,578.00 14,594.25 14,504.50 14,545.50   -32.25       -0.22 115,681.00
659   2023-06-06 21:00:00  NAS100 14,545.75 14,623.75 14,525.75 14,552.00     6.50        0.04 283,364.00
660   2023-06-07 01:00:00  NAS100 14,552.50 14,603.00 14,544.75 14,594.50    42.50        0.29 120,344.00
661   2023-06-07 05:00:00  NAS100 14,594.50 14,601.50 14,573.25 14,578.75   -15.75       -0.11  14,364.00
662   2023-06-07 09:00:00  NAS100 14,578.75 14,588.00 14,568.50 14,578.50    -0.25       -0.00   8,462.00
663   2023-06-07 13:00:00  NAS100 14,578.75 14,579.75 14,536.75 14,561.75   -16.75       -0.11  17,135.00
664   2023-06-07 17:00:00  NAS100 14,561.50 14,675.00 14,561.00 14,631.25    69.50        0.48 135,932.00
665   2023-06-07 21:00:00  NAS100 14,630.75 14,638.50 14,340.75 14,374.50  -256.75       -1.75 394,984.00
666   2023-06-08 01:00:00  NAS100 14,374.50 14,408.75 14,305.50 14,316.00   -58.50       -0.41 185,676.00
667   2023-06-08 05:00:00  NAS100 14,316.00 14,338.25 14,306.75 14,327.25    11.25        0.08  13,710.00
668   2023-06-08 09:00:00  NAS100 14,327.75 14,328.25 14,259.75 14,282.75   -44.50       -0.31  21,979.00
669   2023-06-08 13:00:00  NAS100 14,281.75 14,347.25 14,256.75 14,344.75    62.00        0.43  33,808.00
670   2023-06-08 17:00:00  NAS100 14,345.50 14,397.00 14,288.00 14,378.50    33.75        0.24 155,668.00
671   2023-06-08 21:00:00  NAS100 14,378.75 14,523.50 14,365.75 14,447.00    68.50        0.48 274,548.00
672   2023-06-09 01:00:00  NAS100 14,447.25 14,526.75 14,435.75 14,521.25    74.25        0.51 110,894.00
673   2023-06-09 05:00:00  NAS100 14,517.00 14,520.50 14,483.00 14,489.50   -31.75       -0.22   9,384.00
674   2023-06-09 09:00:00  NAS100 14,489.25 14,508.00 14,484.00 14,502.00    12.50        0.09   7,892.00
675   2023-06-09 13:00:00  NAS100 14,502.50 14,516.75 14,460.25 14,499.00    -3.00       -0.02  19,515.00
676   2023-06-09 17:00:00  NAS100 14,498.50 14,668.50 14,484.00 14,653.75   154.75        1.07 110,035.00
677   2023-06-09 21:00:00  NAS100 14,654.00 14,687.50 14,496.25 14,608.75   -45.00       -0.31 284,986.00
678   2023-06-10 01:00:00  NAS100 14,608.75 14,614.75 14,538.25 14,566.25   -42.50       -0.29  87,117.00
679   2023-06-12 05:00:00  NAS100 14,560.25 14,608.50 14,554.25 14,594.75    28.50        0.20   8,563.00
680   2023-06-12 09:00:00  NAS100 14,594.00 14,601.75 14,577.75 14,598.75     4.00        0.03   5,339.00
681   2023-06-12 13:00:00  NAS100 14,598.00 14,654.00 14,592.25 14,626.75    28.00        0.19  12,922.00
682   2023-06-12 17:00:00  NAS100 14,626.75 14,642.00 14,600.50 14,614.50   -12.25       -0.08  50,888.00
683   2023-06-12 21:00:00  NAS100 14,614.75 14,713.00 14,583.25 14,711.50    97.00        0.66  96,519.00
684   2023-06-13 01:00:00  NAS100 14,711.50 14,827.00 14,700.50 14,826.00   114.50        0.78  70,509.00
685   2023-06-13 05:00:00  NAS100 15,006.50 15,025.50 14,995.00 15,013.75   187.75        1.27  11,264.00
686   2023-06-13 09:00:00  NAS100 15,014.25 15,052.50 15,005.00 15,045.00    31.25        0.21  11,578.00
687   2023-06-13 13:00:00  NAS100 15,045.25 15,083.50 15,038.50 15,046.75     1.75        0.01  22,229.00
688   2023-06-13 17:00:00  NAS100 15,047.00 15,151.25 14,979.50 15,024.00   -22.75       -0.15 181,061.00
689   2023-06-13 21:00:00  NAS100 15,024.50 15,115.75 14,963.00 15,089.50    65.50        0.44 260,171.00
690   2023-06-14 01:00:00  NAS100 15,089.50 15,111.75 15,012.00 15,107.50    18.00        0.12 127,481.00
691   2023-06-14 05:00:00  NAS100 15,110.25 15,119.75 15,090.50 15,108.00     0.50        0.00  10,472.00
692   2023-06-14 09:00:00  NAS100 15,108.25 15,109.00 15,081.00 15,097.50   -10.50       -0.07   8,072.00
693   2023-06-14 13:00:00  NAS100 15,097.00 15,152.00 15,082.25 15,129.25    31.75        0.21  19,735.00
694   2023-06-14 17:00:00  NAS100 15,128.75 15,146.00 15,052.50 15,120.25    -9.00       -0.06 106,690.00
695   2023-06-14 21:00:00  NAS100 15,120.50 15,216.00 15,106.50 15,134.75    14.50        0.10 209,887.00
696   2023-06-15 01:00:00  NAS100 15,134.75 15,243.50 14,976.00 15,233.50    98.75        0.65 309,803.00
697   2023-06-15 05:00:00  NAS100 15,222.00 15,229.00 15,169.50 15,174.25   -59.25       -0.39  13,536.00
698   2023-06-15 09:00:00  NAS100 15,174.50 15,207.25 15,166.00 15,188.25    14.00        0.09  12,172.00
699   2023-06-15 13:00:00  NAS100 15,188.00 15,194.25 15,094.00 15,107.75   -80.50       -0.53  31,140.00
700   2023-06-15 17:00:00  NAS100 15,108.75 15,222.75 15,066.00 15,201.50    93.75        0.62 153,000.00
701   2023-06-15 21:00:00  NAS100 15,201.25 15,360.00 15,184.50 15,352.00   150.50        0.99 279,133.00
702   2023-06-16 01:00:00  NAS100 15,352.00 15,441.00 15,322.50 15,367.75    15.75        0.10 191,629.00
703   2023-06-16 05:00:00  NAS100 15,368.00 15,375.00 15,320.50 15,322.75   -45.00       -0.29  15,506.00
704   2023-06-16 09:00:00  NAS100 15,322.50 15,368.50 15,315.00 15,366.00    43.25        0.28  12,762.00
705   2023-06-16 13:00:00  NAS100 15,365.00 15,409.75 15,336.00 15,395.75    29.75        0.19  34,435.00
706   2023-06-16 17:00:00  NAS100 15,395.75 15,475.50 15,333.00 15,359.00   -36.75       -0.24 153,079.00
707   2023-06-16 21:00:00  NAS100 15,361.25 15,417.00 15,324.25 15,374.25    15.25        0.10 248,533.00
708   2023-06-17 01:00:00  NAS100 15,373.50 15,378.50 15,258.50 15,300.75   -73.50       -0.48 148,081.00
709   2023-06-19 05:00:00  NAS100 15,303.25 15,322.50 15,269.75 15,273.00   -27.75       -0.18  12,742.00
710   2023-06-19 09:00:00  NAS100 15,274.00 15,297.25 15,262.75 15,283.00    10.00        0.07  10,801.00
711   2023-06-19 13:00:00  NAS100 15,283.00 15,305.75 15,252.25 15,273.75    -9.25       -0.06  20,064.00
712   2023-06-19 17:00:00  NAS100 15,273.75 15,278.25 15,234.00 15,240.50   -33.25       -0.22  20,800.00
713   2023-06-19 21:00:00  NAS100 15,240.25 15,250.50 15,230.50 15,239.25    -1.25       -0.01  20,411.00
714   2023-06-20 05:00:00  NAS100 15,244.50 15,257.75 15,229.25 15,235.25    -4.00       -0.03  12,106.00
715   2023-06-20 09:00:00  NAS100 15,235.25 15,239.25 15,213.25 15,227.00    -8.25       -0.05  12,130.00
716   2023-06-20 13:00:00  NAS100 15,227.50 15,251.25 15,168.75 15,191.00   -36.00       -0.24  31,462.00
717   2023-06-20 17:00:00  NAS100 15,190.25 15,310.75 15,187.75 15,224.50    33.50        0.22 127,527.00
718   2023-06-20 21:00:00  NAS100 15,224.75 15,285.50 15,126.50 15,236.75    12.25        0.08 266,301.00
719   2023-06-21 01:00:00  NAS100 15,237.25 15,287.50 15,229.25 15,244.25     7.50        0.05 106,243.00
720   2023-06-21 05:00:00  NAS100 15,247.50 15,273.25 15,239.00 15,265.50    21.25        0.14  11,354.00
721   2023-06-21 09:00:00  NAS100 15,265.00 15,269.25 15,244.75 15,248.75   -16.75       -0.11  10,186.00
722   2023-06-21 13:00:00  NAS100 15,248.00 15,259.75 15,215.00 15,247.50    -1.25       -0.01  24,825.00
723   2023-06-21 17:00:00  NAS100 15,247.00 15,259.75 15,116.50 15,127.75  -119.75       -0.79 116,895.00
724   2023-06-21 21:00:00  NAS100 15,127.25 15,137.00 15,002.25 15,092.25   -35.50       -0.23 304,978.00
725   2023-06-22 01:00:00  NAS100 15,092.75 15,149.75 15,033.25 15,038.00   -54.25       -0.36 157,528.00
726   2023-06-22 05:00:00  NAS100 15,038.75 15,058.00 15,020.25 15,026.25   -11.75       -0.08  13,522.00
727   2023-06-22 09:00:00  NAS100 15,026.75 15,031.25 14,988.25 15,000.25   -26.00       -0.17  18,420.00
728   2023-06-22 13:00:00  NAS100 15,000.75 15,024.00 14,970.00 15,020.50    20.25        0.13  34,880.00
729   2023-06-22 17:00:00  NAS100 15,020.50 15,096.75 14,964.00 15,083.00    62.50        0.42 129,345.00
730   2023-06-22 21:00:00  NAS100 15,083.50 15,181.00 15,056.00 15,153.50    70.50        0.47 277,872.00
731   2023-06-23 01:00:00  NAS100 15,153.50 15,238.00 15,135.50 15,233.25    79.75        0.53 128,157.00
732   2023-06-23 05:00:00  NAS100 15,236.00 15,236.00 15,165.00 15,171.50   -61.75       -0.41  13,217.00
733   2023-06-23 09:00:00  NAS100 15,171.00 15,176.00 15,124.00 15,150.25   -21.25       -0.14  18,875.00
734   2023-06-23 13:00:00  NAS100 15,150.50 15,176.00 15,090.75 15,119.75   -30.50       -0.20  33,597.00
735   2023-06-23 17:00:00  NAS100 15,119.00 15,145.75 14,985.25 15,020.25   -99.50       -0.66 137,533.00
736   2023-06-23 21:00:00  NAS100 15,020.75 15,155.25 14,999.50 15,126.00   105.75        0.70 250,237.00
737   2023-06-24 01:00:00  NAS100 15,126.25 15,134.00 15,030.25 15,053.25   -72.75       -0.48 157,479.00
738   2023-06-26 05:00:00  NAS100 15,057.75 15,111.25 15,054.25 15,099.25    46.00        0.31  18,695.00
739   2023-06-26 09:00:00  NAS100 15,098.50 15,114.00 15,080.25 15,084.25   -15.00       -0.10  10,493.00
740   2023-06-26 13:00:00  NAS100 15,084.00 15,087.75 14,998.75 15,031.50   -52.75       -0.35  33,805.00
741   2023-06-26 17:00:00  NAS100 15,031.00 15,139.75 15,015.50 15,136.50   105.00        0.70  92,424.00
742   2023-06-26 21:00:00  NAS100 15,137.00 15,152.50 14,878.50 14,901.00  -235.50       -1.56 341,687.00
743   2023-06-27 01:00:00  NAS100 14,901.25 14,949.00 14,853.50 14,872.75   -28.25       -0.19 144,595.00
744   2023-06-27 05:00:00  NAS100 14,875.00 14,895.50 14,862.25 14,885.75    13.00        0.09  14,766.00
745   2023-06-27 09:00:00  NAS100 14,885.75 14,906.75 14,873.00 14,904.75    19.00        0.13  11,181.00
746   2023-06-27 13:00:00  NAS100 14,904.75 14,924.75 14,896.25 14,917.25    12.50        0.08  22,627.00
747   2023-06-27 17:00:00  NAS100 14,917.50 14,970.50 14,890.75 14,958.75    41.50        0.28 110,836.00
748   2023-06-27 21:00:00  NAS100 14,958.50 15,116.25 14,888.00 15,115.00   156.25        1.04 280,809.00
749   2023-06-28 01:00:00  NAS100 15,115.00 15,139.25 15,085.25 15,088.50   -26.50       -0.18 118,014.00
750   2023-06-28 05:00:00  NAS100 15,088.25 15,092.75 15,036.50 15,047.25   -41.25       -0.27  22,229.00
751   2023-06-28 09:00:00  NAS100 15,047.25 15,070.75 15,036.75 15,070.25    23.00        0.15  13,548.00
752   2023-06-28 13:00:00  NAS100 15,070.00 15,077.50 15,021.25 15,042.25   -28.00       -0.19  26,110.00
753   2023-06-28 17:00:00  NAS100 15,043.25 15,108.00 15,025.50 15,091.25    49.00        0.33 128,011.00
754   2023-06-28 21:00:00  NAS100 15,090.75 15,219.00 15,042.75 15,105.00    13.75        0.09 333,368.00
755   2023-06-29 01:00:00  NAS100 15,105.50 15,179.50 15,065.25 15,156.50    51.50        0.34 131,490.00
756   2023-06-29 05:00:00  NAS100 15,161.00 15,184.50 15,155.75 15,165.25     8.75        0.06  10,700.00
757   2023-06-29 09:00:00  NAS100 15,165.25 15,166.50 15,139.00 15,149.00   -16.25       -0.11  12,814.00
758   2023-06-29 13:00:00  NAS100 15,148.25 15,177.50 15,114.75 15,175.00    26.00        0.17  22,536.00
759   2023-06-29 17:00:00  NAS100 15,175.25 15,202.75 15,078.00 15,098.25   -76.75       -0.51 140,894.00
760   2023-06-29 21:00:00  NAS100 15,098.50 15,139.75 15,028.50 15,062.00   -36.25       -0.24 282,652.00
761   2023-06-30 01:00:00  NAS100 15,062.00 15,117.25 15,037.00 15,108.25    46.25        0.31 116,308.00
762   2023-06-30 05:00:00  NAS100 15,106.00 15,136.50 15,099.00 15,128.25    20.00        0.13  12,447.00
763   2023-06-30 09:00:00  NAS100 15,128.00 15,155.25 15,119.00 15,143.00    14.75        0.10  10,583.00
764   2023-06-30 13:00:00  NAS100 15,143.00 15,180.50 15,120.75 15,170.75    27.75        0.18  20,638.00
765   2023-06-30 17:00:00  NAS100 15,169.75 15,330.50 15,163.25 15,314.00   143.25        0.94 127,478.00
766   2023-06-30 21:00:00  NAS100 15,319.25 15,376.75 15,284.00 15,355.50    41.50        0.27 221,393.00
767   2023-07-01 01:00:00  NAS100 15,355.50 15,369.25 15,307.50 15,316.50   -39.00       -0.25 124,593.00
768   2023-07-03 05:00:00  NAS100 15,331.00 15,362.50 15,330.50 15,346.50    30.00        0.20  15,148.00
769   2023-07-03 09:00:00  NAS100 15,346.25 15,364.00 15,339.25 15,353.25     6.75        0.04   9,202.00
770   2023-07-03 13:00:00  NAS100 15,353.25 15,392.00 15,341.00 15,373.50    20.25        0.13  21,460.00
771   2023-07-03 17:00:00  NAS100 15,373.25 15,390.00 15,331.50 15,371.25    -2.25       -0.01  83,971.00
772   2023-07-03 21:00:00  NAS100 15,373.50 15,387.25 15,308.00 15,357.00   -14.25       -0.09 131,365.00
773   2023-07-04 05:00:00  NAS100 15,357.00 15,359.25 15,334.25 15,346.25   -10.75       -0.07   6,823.00
774   2023-07-04 09:00:00  NAS100 15,345.50 15,356.25 15,339.00 15,347.75     1.50        0.01   5,219.00
775   2023-07-04 13:00:00  NAS100 15,347.50 15,361.00 15,337.75 15,351.25     3.50        0.02   9,308.00
776   2023-07-04 17:00:00  NAS100 15,352.00 15,368.50 15,340.75 15,364.75    13.50        0.09  10,849.00
777   2023-07-04 21:00:00  NAS100 15,365.00 15,366.50 15,340.50 15,344.50   -20.25       -0.13  11,952.00
778   2023-07-05 05:00:00  NAS100 15,345.25 15,356.50 15,331.00 15,354.50    10.00        0.07   9,717.00
779   2023-07-05 09:00:00  NAS100 15,354.75 15,355.00 15,339.25 15,341.75   -12.75       -0.08   7,335.00
780   2023-07-05 13:00:00  NAS100 15,341.50 15,343.75 15,255.25 15,267.25   -74.50       -0.49  31,124.00
781   2023-07-05 17:00:00  NAS100 15,267.00 15,395.75 15,261.25 15,373.25   106.00        0.69 110,548.00
782   2023-07-05 21:00:00  NAS100 15,374.75 15,432.00 15,338.25 15,371.00    -2.25       -0.01 205,433.00
783   2023-07-06 01:00:00  NAS100 15,371.25 15,392.00 15,324.25 15,354.50   -16.50       -0.11 107,301.00
784   2023-07-06 05:00:00  NAS100 15,353.75 15,366.00 15,332.25 15,353.00    -1.50       -0.01  11,500.00
785   2023-07-06 09:00:00  NAS100 15,353.00 15,355.50 15,268.25 15,288.50   -64.50       -0.42  21,822.00
786   2023-07-06 13:00:00  NAS100 15,288.25 15,307.00 15,264.50 15,300.00    11.50        0.08  29,891.00
787   2023-07-06 17:00:00  NAS100 15,299.75 15,305.00 15,129.25 15,158.00  -142.00       -0.93 169,021.00
788   2023-07-06 21:00:00  NAS100 15,156.25 15,238.00 15,111.50 15,238.00    80.00        0.53 233,864.00
789   2023-07-07 01:00:00  NAS100 15,238.00 15,252.00 15,211.25 15,222.25   -15.75       -0.10  97,235.00
790   2023-07-07 05:00:00  NAS100 15,211.75 15,243.25 15,211.75 15,221.25    -1.00       -0.01  13,186.00
791   2023-07-07 09:00:00  NAS100 15,221.00 15,238.50 15,216.50 15,219.50    -1.75       -0.01   9,953.00
792   2023-07-07 13:00:00  NAS100 15,219.25 15,228.25 15,176.50 15,215.25    -4.25       -0.03  27,942.00
793   2023-07-07 17:00:00  NAS100 15,215.00 15,314.00 15,183.50 15,273.00    57.75        0.38 144,799.00
794   2023-07-07 21:00:00  NAS100 15,272.75 15,359.75 15,179.50 15,329.50    56.50        0.37 220,617.00
795   2023-07-08 01:00:00  NAS100 15,330.00 15,332.00 15,172.25 15,192.50  -137.00       -0.89 129,168.00
796   2023-07-10 05:00:00  NAS100 15,198.50 15,198.50 15,127.50 15,134.00   -58.50       -0.39  29,315.00
797   2023-07-10 09:00:00  NAS100 15,134.25 15,149.25 15,084.50 15,088.25   -45.75       -0.30  22,227.00
798   2023-07-10 13:00:00  NAS100 15,088.00 15,147.75 15,078.00 15,124.00    35.75        0.24  30,610.00
799   2023-07-10 17:00:00  NAS100 15,124.50 15,214.75 15,085.50 15,115.00    -9.00       -0.06 130,817.00
800   2023-07-10 21:00:00  NAS100 15,114.50 15,204.25 15,063.25 15,152.00    37.00        0.24 278,674.00
801   2023-07-11 01:00:00  NAS100 15,152.50 15,218.25 15,134.00 15,193.00    41.00        0.27 105,010.00
802   2023-07-11 05:00:00  NAS100 15,195.75 15,203.25 15,176.00 15,185.00    -8.00       -0.05  12,621.00
803   2023-07-11 09:00:00  NAS100 15,184.75 15,209.50 15,181.25 15,206.50    21.50        0.14   9,983.00
804   2023-07-11 13:00:00  NAS100 15,206.25 15,238.25 15,179.25 15,221.50    15.00        0.10  27,495.00
805   2023-07-11 17:00:00  NAS100 15,221.50 15,239.75 15,141.50 15,166.25   -55.25       -0.36 117,373.00
806   2023-07-11 21:00:00  NAS100 15,166.00 15,250.00 15,109.50 15,203.50    37.25        0.25 258,007.00
807   2023-07-12 01:00:00  NAS100 15,203.50 15,278.75 15,157.00 15,262.50    59.00        0.39 122,197.00
808   2023-07-12 05:00:00  NAS100 15,258.00 15,280.75 15,254.50 15,260.00    -2.50       -0.02  12,243.00
809   2023-07-12 09:00:00  NAS100 15,259.75 15,290.75 15,259.25 15,275.25    15.25        0.10   9,662.00
810   2023-07-12 13:00:00  NAS100 15,275.50 15,303.75 15,269.00 15,295.75    20.50        0.13  17,088.00
811   2023-07-12 17:00:00  NAS100 15,296.00 15,470.00 15,285.00 15,462.75   167.00        1.09 165,780.00
812   2023-07-12 21:00:00  NAS100 15,463.00 15,507.75 15,344.00 15,454.75    -8.00       -0.05 311,972.00
813   2023-07-13 01:00:00  NAS100 15,454.75 15,478.00 15,421.25 15,458.25     3.50        0.02 123,911.00
814   2023-07-13 05:00:00  NAS100 15,457.75 15,487.75 15,456.50 15,483.00    24.75        0.16  13,437.00
815   2023-07-13 09:00:00  NAS100 15,483.50 15,545.00 15,479.50 15,499.25    16.25        0.10  17,825.00
816   2023-07-13 13:00:00  NAS100 15,499.25 15,559.75 15,489.50 15,543.50    44.25        0.29  25,927.00
817   2023-07-13 17:00:00  NAS100 15,543.50 15,621.50 15,528.00 15,606.00    62.50        0.40 124,378.00
818   2023-07-13 21:00:00  NAS100 15,606.25 15,671.75 15,559.25 15,660.75    54.75        0.35 229,167.00
819   2023-07-14 01:00:00  NAS100 15,660.50 15,741.25 15,656.75 15,699.75    39.00        0.25 142,150.00
820   2023-07-14 05:00:00  NAS100 15,699.00 15,719.00 15,680.00 15,710.25    10.50        0.07  17,407.00
821   2023-07-14 09:00:00  NAS100 15,711.00 15,729.00 15,706.25 15,727.50    17.25        0.11  12,794.00
822   2023-07-14 13:00:00  NAS100 15,727.25 15,738.50 15,687.50 15,690.50   -37.00       -0.24  24,642.00
823   2023-07-14 17:00:00  NAS100 15,691.25 15,811.75 15,685.75 15,806.50   116.00        0.74 113,381.00
824   2023-07-14 21:00:00  NAS100 15,808.00 15,857.25 15,724.75 15,740.25   -66.25       -0.42 305,899.00
825   2023-07-15 01:00:00  NAS100 15,740.25 15,763.50 15,663.00 15,693.75   -46.50       -0.30 146,685.00
826   2023-07-17 05:00:00  NAS100 15,690.00 15,690.25 15,661.50 15,677.75   -16.00       -0.10  14,704.00
827   2023-07-17 09:00:00  NAS100 15,677.25 15,691.50 15,667.25 15,683.00     5.25        0.03   9,041.00
828   2023-07-17 13:00:00  NAS100 15,682.75 15,728.50 15,676.25 15,689.00     6.00        0.04  24,524.00
829   2023-07-17 17:00:00  NAS100 15,689.00 15,781.50 15,678.75 15,740.25    51.25        0.33 108,906.00
830   2023-07-17 21:00:00  NAS100 15,740.00 15,821.25 15,728.75 15,819.25    79.00        0.50 224,983.00
831   2023-07-18 01:00:00  NAS100 15,819.50 15,882.75 15,807.50 15,826.25     7.00        0.04 131,591.00
832   2023-07-18 05:00:00  NAS100 15,832.00 15,834.75 15,799.25 15,809.25   -17.00       -0.11  14,025.00
833   2023-07-18 09:00:00  NAS100 15,809.00 15,832.00 15,805.00 15,823.50    14.25        0.09  10,418.00
834   2023-07-18 13:00:00  NAS100 15,823.50 15,843.75 15,815.50 15,830.50     7.00        0.04  16,482.00
835   2023-07-18 17:00:00  NAS100 15,830.75 15,837.75 15,733.00 15,779.00   -51.50       -0.33 128,014.00
836   2023-07-18 21:00:00  NAS100 15,778.75 15,952.75 15,752.75 15,952.50   173.50        1.10 298,983.00
837   2023-07-19 01:00:00  NAS100 15,952.25 16,029.75 15,947.50 15,948.25    -4.25       -0.03 155,622.00
838   2023-07-19 05:00:00  NAS100 15,949.25 15,967.75 15,945.00 15,962.00    13.75        0.09  11,332.00
839   2023-07-19 09:00:00  NAS100 15,961.75 15,967.25 15,953.00 15,963.25     1.25        0.01   8,837.00
840   2023-07-19 13:00:00  NAS100 15,963.50 16,009.75 15,959.25 16,002.75    39.50        0.25  28,009.00
841   2023-07-19 17:00:00  NAS100 16,002.75 16,037.00 15,977.50 16,002.25    -0.50       -0.00 123,395.00
842   2023-07-19 21:00:00  NAS100 16,002.50 16,062.75 15,927.00 15,948.00   -54.25       -0.34 354,921.00
843   2023-07-20 01:00:00  NAS100 15,948.25 16,000.00 15,911.25 15,939.50    -8.50       -0.05 147,596.00
844   2023-07-20 05:00:00  NAS100 15,922.75 15,925.75 15,842.25 15,888.00   -51.50       -0.32  27,729.00
845   2023-07-20 09:00:00  NAS100 15,888.00 15,898.75 15,870.75 15,897.75     9.75        0.06  13,144.00
846   2023-07-20 13:00:00  NAS100 15,897.50 15,904.25 15,817.25 15,833.50   -64.25       -0.40  35,874.00
847   2023-07-20 17:00:00  NAS100 15,833.25 15,895.00 15,805.25 15,861.00    27.50        0.17 132,648.00
848   2023-07-20 21:00:00  NAS100 15,861.50 15,865.50 15,679.25 15,689.50  -171.50       -1.08 366,912.00
849   2023-07-21 01:00:00  NAS100 15,689.50 15,689.75 15,547.00 15,596.25   -93.25       -0.59 219,460.00
850   2023-07-21 05:00:00  NAS100 15,590.75 15,602.25 15,554.50 15,591.00    -5.25       -0.03  18,803.00
851   2023-07-21 09:00:00  NAS100 15,591.25 15,611.50 15,590.25 15,605.50    14.50        0.09  12,175.00
852   2023-07-21 13:00:00  NAS100 15,605.25 15,665.00 15,593.25 15,646.75    41.25        0.26  28,267.00
853   2023-07-21 17:00:00  NAS100 15,646.75 15,719.25 15,621.25 15,622.25   -24.50       -0.16 137,209.00
854   2023-07-21 21:00:00  NAS100 15,622.00 15,654.50 15,549.00 15,647.75    25.50        0.16 327,217.00
855   2023-07-22 01:00:00  NAS100 15,647.75 15,650.25 15,522.25 15,555.00   -92.75       -0.59 169,981.00
856   2023-07-24 05:00:00  NAS100 15,556.00 15,571.00 15,532.50 15,545.50    -9.50       -0.06  16,359.00
857   2023-07-24 09:00:00  NAS100 15,545.75 15,569.50 15,533.50 15,543.00    -2.50       -0.02  12,266.00
858   2023-07-24 13:00:00  NAS100 15,543.50 15,594.25 15,527.00 15,582.75    39.75        0.26  28,175.00
859   2023-07-24 17:00:00  NAS100 15,582.50 15,618.75 15,483.75 15,506.00   -76.75       -0.49 124,523.00
860   2023-07-24 21:00:00  NAS100 15,505.75 15,593.75 15,497.75 15,584.25    78.25        0.50 260,762.00
861   2023-07-25 01:00:00  NAS100 15,584.75 15,597.75 15,525.25 15,569.00   -15.25       -0.10 110,988.00
862   2023-07-25 05:00:00  NAS100 15,570.00 15,572.75 15,549.25 15,558.00   -11.00       -0.07   9,984.00
863   2023-07-25 09:00:00  NAS100 15,558.25 15,565.00 15,552.75 15,564.25     6.25        0.04   7,714.00
864   2023-07-25 13:00:00  NAS100 15,564.25 15,629.25 15,558.25 15,620.50    56.25        0.36  25,144.00
865   2023-07-25 17:00:00  NAS100 15,620.75 15,669.75 15,581.25 15,663.00    42.50        0.27 106,705.00
866   2023-07-25 21:00:00  NAS100 15,663.00 15,709.25 15,604.00 15,690.50    27.50        0.18 233,436.00
867   2023-07-26 01:00:00  NAS100 15,690.25 15,736.25 15,610.00 15,727.00    36.50        0.23 159,201.00
868   2023-07-26 05:00:00  NAS100 15,730.25 15,739.25 15,620.00 15,641.75   -85.25       -0.54  28,712.00
869   2023-07-26 09:00:00  NAS100 15,641.25 15,661.00 15,635.25 15,644.00     2.25        0.01  12,245.00
870   2023-07-26 13:00:00  NAS100 15,643.75 15,678.00 15,633.00 15,644.75     0.75        0.00  20,689.00
871   2023-07-26 17:00:00  NAS100 15,645.75 15,649.75 15,566.00 15,626.50   -18.25       -0.12 123,531.00
872   2023-07-26 21:00:00  NAS100 15,625.50 15,634.00 15,515.00 15,557.50   -69.00       -0.44 218,000.00
873   2023-07-27 01:00:00  NAS100 15,556.75 15,710.50 15,519.75 15,625.00    67.50        0.43 273,642.00
874   2023-07-27 05:00:00  NAS100 15,638.75 15,693.00 15,631.50 15,690.50    65.50        0.42  15,308.00
875   2023-07-27 09:00:00  NAS100 15,690.75 15,725.25 15,687.75 15,713.00    22.50        0.14  18,923.00
876   2023-07-27 13:00:00  NAS100 15,713.25 15,809.50 15,710.00 15,799.50    86.50        0.55  38,004.00
877   2023-07-27 17:00:00  NAS100 15,799.50 15,904.00 15,790.50 15,871.00    71.50        0.45 144,387.00
878   2023-07-27 21:00:00  NAS100 15,870.50 15,884.50 15,703.75 15,723.50  -147.50       -0.93 374,114.00
879   2023-07-28 01:00:00  NAS100 15,724.25 15,735.75 15,511.25 15,584.25  -139.25       -0.89 238,976.00
880   2023-07-28 05:00:00  NAS100 15,580.00 15,622.25 15,568.25 15,613.50    29.25        0.19  17,029.00
881   2023-07-28 09:00:00  NAS100 15,613.25 15,671.50 15,546.25 15,646.50    33.00        0.21  42,077.00
882   2023-07-28 13:00:00  NAS100 15,645.25 15,701.00 15,615.50 15,696.00    49.50        0.32  33,787.00
883   2023-07-28 17:00:00  NAS100 15,696.25 15,819.75 15,677.75 15,788.50    92.50        0.59 144,878.00
884   2023-07-28 21:00:00  NAS100 15,788.75 15,896.00 15,774.50 15,834.50    46.00        0.29 294,211.00
885   2023-07-29 01:00:00  NAS100 15,834.75 15,881.75 15,820.75 15,846.00    11.50        0.07 141,043.00
886   2023-07-31 05:00:00  NAS100 15,850.00 15,917.00 15,820.50 15,824.75   -21.25       -0.13  32,721.00
887   2023-07-31 09:00:00  NAS100 15,823.75 15,833.00 15,791.25 15,822.00    -2.75       -0.02  20,624.00
888   2023-07-31 13:00:00  NAS100 15,822.00 15,863.25 15,807.00 15,839.00    17.00        0.11  23,566.00
889   2023-07-31 17:00:00  NAS100 15,839.50 15,905.00 15,805.25 15,828.00   -11.00       -0.07 120,988.00
890   2023-07-31 21:00:00  NAS100 15,827.75 15,879.75 15,807.25 15,839.25    11.25        0.07 202,581.00
891   2023-08-01 01:00:00  NAS100 15,838.75 15,876.25 15,800.25 15,869.00    29.75        0.19 116,907.00
892   2023-08-01 05:00:00  NAS100 15,869.25 15,889.25 15,852.00 15,882.00    13.00        0.08  12,479.00
893   2023-08-01 09:00:00  NAS100 15,882.50 15,884.50 15,856.50 15,859.25   -22.75       -0.14   8,556.00
894   2023-08-01 13:00:00  NAS100 15,858.50 15,859.25 15,785.75 15,807.50   -51.75       -0.33  29,973.00
895   2023-08-01 17:00:00  NAS100 15,807.50 15,828.75 15,755.75 15,779.50   -28.00       -0.18 105,619.00
896   2023-08-01 21:00:00  NAS100 15,783.00 15,844.00 15,728.25 15,828.25    48.75        0.31 263,862.00
897   2023-08-02 01:00:00  NAS100 15,828.50 15,849.25 15,800.25 15,808.50   -19.75       -0.12  99,683.00
898   2023-08-02 05:00:00  NAS100 15,757.00 15,789.75 15,684.00 15,774.25   -34.25       -0.22  27,183.00
899   2023-08-02 09:00:00  NAS100 15,774.50 15,776.25 15,703.75 15,713.00   -61.25       -0.39  23,705.00
900   2023-08-02 13:00:00  NAS100 15,713.25 15,718.50 15,590.25 15,641.75   -71.25       -0.45  55,890.00
901   2023-08-02 17:00:00  NAS100 15,641.75 15,719.75 15,581.50 15,601.00   -40.75       -0.26 164,417.00
902   2023-08-02 21:00:00  NAS100 15,601.75 15,609.75 15,414.00 15,469.00  -132.00       -0.85 333,203.00
903   2023-08-03 01:00:00  NAS100 15,469.25 15,514.50 15,432.25 15,451.00   -18.00       -0.12 149,487.00
904   2023-08-03 05:00:00  NAS100 15,455.75 15,507.50 15,451.00 15,490.00    39.00        0.25  19,186.00
905   2023-08-03 09:00:00  NAS100 15,490.00 15,492.75 15,438.50 15,461.25   -28.75       -0.19  19,279.00
906   2023-08-03 13:00:00  NAS100 15,461.00 15,469.00 15,339.50 15,417.25   -44.00       -0.28  57,301.00
907   2023-08-03 17:00:00  NAS100 15,417.25 15,458.00 15,351.00 15,437.00    19.75        0.13 142,600.00
908   2023-08-03 21:00:00  NAS100 15,437.00 15,523.50 15,353.50 15,452.25    15.25        0.10 262,190.00
909   2023-08-04 01:00:00  NAS100 15,452.75 15,551.75 15,410.75 15,447.50    -4.75       -0.03 150,851.00
910   2023-08-04 05:00:00  NAS100 15,441.00 15,535.75 15,431.00 15,517.00    69.50        0.45  25,164.00
911   2023-08-04 09:00:00  NAS100 15,516.25 15,562.50 15,498.25 15,553.25    36.25        0.23  16,578.00
912   2023-08-04 13:00:00  NAS100 15,553.25 15,558.25 15,486.25 15,525.00   -28.25       -0.18  32,280.00
913   2023-08-04 17:00:00  NAS100 15,524.50 15,583.50 15,401.75 15,448.50   -76.50       -0.49 195,618.00
914   2023-08-04 21:00:00  NAS100 15,449.25 15,610.25 15,392.75 15,525.00    76.50        0.50 280,325.00
915   2023-08-05 01:00:00  NAS100 15,525.00 15,525.00 15,336.50 15,362.75  -162.25       -1.05 211,935.00
916   2023-08-07 05:00:00  NAS100 15,370.50 15,438.25 15,357.75 15,434.00    71.25        0.46  24,767.00
917   2023-08-07 09:00:00  NAS100 15,433.50 15,444.75 15,418.00 15,435.50     1.50        0.01  14,877.00
918   2023-08-07 13:00:00  NAS100 15,435.50 15,466.50 15,404.00 15,431.75    -3.75       -0.02  34,438.00
919   2023-08-07 17:00:00  NAS100 15,431.50 15,473.25 15,373.50 15,387.00   -44.75       -0.29 125,385.00
920   2023-08-07 21:00:00  NAS100 15,387.00 15,447.50 15,334.25 15,446.00    59.00        0.38 266,403.00
921   2023-08-08 01:00:00  NAS100 15,446.25 15,495.50 15,421.25 15,490.50    44.50        0.29 106,205.00
922   2023-08-08 05:00:00  NAS100 15,495.00 15,497.75 15,426.50 15,429.00   -61.50       -0.40  18,078.00
923   2023-08-08 09:00:00  NAS100 15,429.00 15,449.50 15,408.50 15,412.50   -16.50       -0.11  15,464.00
924   2023-08-08 13:00:00  NAS100 15,412.75 15,444.75 15,401.00 15,421.50     9.00        0.06  30,573.00
925   2023-08-08 17:00:00  NAS100 15,421.50 15,429.00 15,274.00 15,294.00  -127.50       -0.83 147,931.00
926   2023-08-08 21:00:00  NAS100 15,294.00 15,307.75 15,218.00 15,300.75     6.75        0.04 290,741.00
927   2023-08-09 01:00:00  NAS100 15,300.75 15,370.00 15,285.75 15,351.00    50.25        0.33 128,131.00
928   2023-08-09 05:00:00  NAS100 15,351.75 15,395.00 15,343.50 15,383.00    32.00        0.21  15,871.00
929   2023-08-09 09:00:00  NAS100 15,383.00 15,399.00 15,369.50 15,389.50     6.50        0.04  13,355.00
930   2023-08-09 13:00:00  NAS100 15,389.00 15,432.50 15,378.25 15,401.50    12.00        0.08  32,222.00
931   2023-08-09 17:00:00  NAS100 15,400.50 15,407.75 15,263.75 15,279.25  -122.25       -0.79 118,944.00
932   2023-08-09 21:00:00  NAS100 15,279.50 15,302.25 15,146.50 15,248.50   -30.75       -0.20 295,661.00
933   2023-08-10 01:00:00  NAS100 15,248.50 15,306.50 15,167.25 15,203.75   -44.75       -0.29 168,316.00
934   2023-08-10 05:00:00  NAS100 15,202.50 15,237.00 15,200.75 15,215.25    11.50        0.08  15,068.00
935   2023-08-10 09:00:00  NAS100 15,214.75 15,249.25 15,211.50 15,242.00    26.75        0.18  13,199.00
936   2023-08-10 13:00:00  NAS100 15,242.25 15,294.00 15,236.00 15,281.25    39.25        0.26  29,062.00
937   2023-08-10 17:00:00  NAS100 15,281.75 15,425.50 15,244.00 15,422.25   141.00        0.92 188,149.00
938   2023-08-10 21:00:00  NAS100 15,422.25 15,442.25 15,136.00 15,144.25  -278.00       -1.80 401,604.00
939   2023-08-11 01:00:00  NAS100 15,145.25 15,248.50 15,141.50 15,217.75    73.50        0.49 142,590.00
940   2023-08-11 05:00:00  NAS100 15,219.00 15,266.75 15,215.25 15,247.25    29.50        0.19  13,605.00
941   2023-08-11 09:00:00  NAS100 15,247.50 15,247.50 15,196.50 15,224.00   -23.25       -0.15  16,426.00
942   2023-08-11 13:00:00  NAS100 15,224.00 15,241.75 15,142.50 15,158.75   -65.25       -0.43  35,237.00
943   2023-08-11 17:00:00  NAS100 15,157.75 15,193.00 15,052.00 15,070.00   -88.75       -0.59 127,335.00
944   2023-08-11 21:00:00  NAS100 15,071.25 15,174.25 15,037.25 15,084.75    14.75        0.10 288,044.00
945   2023-08-12 01:00:00  NAS100 15,085.00 15,138.00 15,080.25 15,103.75    19.00        0.13 128,884.00
946   2023-08-14 05:00:00  NAS100 15,104.00 15,149.00 15,069.00 15,093.50   -10.25       -0.07  23,741.00
947   2023-08-14 09:00:00  NAS100 15,093.50 15,095.25 15,020.75 15,074.25   -19.25       -0.13  27,960.00
948   2023-08-14 13:00:00  NAS100 15,075.00 15,225.00 15,062.25 15,143.50    69.25        0.46  42,840.00
949   2023-08-14 17:00:00  NAS100 15,144.25 15,167.50 15,035.00 15,116.50   -27.00       -0.18 113,320.00
950   2023-08-14 21:00:00  NAS100 15,116.75 15,248.00 15,101.00 15,223.00   106.50        0.70 229,137.00
951   2023-08-15 01:00:00  NAS100 15,223.75 15,282.00 15,188.00 15,280.00    57.00        0.37 113,437.00
952   2023-08-15 05:00:00  NAS100 15,279.00 15,335.00 15,274.00 15,317.50    37.50        0.25  24,391.00
953   2023-08-15 09:00:00  NAS100 15,317.75 15,327.50 15,299.75 15,310.25    -7.25       -0.05  14,614.00
954   2023-08-15 13:00:00  NAS100 15,310.00 15,330.50 15,187.75 15,212.00   -98.25       -0.64  47,550.00
955   2023-08-15 17:00:00  NAS100 15,212.00 15,259.25 15,152.00 15,181.50   -30.50       -0.20 140,189.00
956   2023-08-15 21:00:00  NAS100 15,182.00 15,208.00 15,107.50 15,155.75   -25.75       -0.17 241,368.00
957   2023-08-16 01:00:00  NAS100 15,156.25 15,176.25 15,074.75 15,110.00   -45.75       -0.30 118,306.00
958   2023-08-16 05:00:00  NAS100 15,110.75 15,135.50 15,082.25 15,117.25     7.25        0.05  16,727.00
959   2023-08-16 09:00:00  NAS100 15,118.00 15,134.25 15,098.75 15,110.00    -7.25       -0.05  14,287.00
960   2023-08-16 13:00:00  NAS100 15,109.75 15,166.00 15,091.25 15,118.50     8.50        0.06  30,740.00
961   2023-08-16 17:00:00  NAS100 15,118.50 15,129.00 15,051.00 15,101.50   -17.00       -0.11 111,288.00
962   2023-08-16 21:00:00  NAS100 15,101.50 15,144.00 14,987.25 15,048.75   -52.75       -0.35 257,092.00
963   2023-08-17 01:00:00  NAS100 15,048.75 15,087.00 14,921.50 14,937.00  -111.75       -0.74 202,619.00
964   2023-08-17 05:00:00  NAS100 14,940.25 14,953.00 14,887.50 14,920.25   -16.75       -0.11  22,345.00
965   2023-08-17 09:00:00  NAS100 14,921.50 14,951.25 14,905.25 14,924.00     3.75        0.03  19,735.00
966   2023-08-17 13:00:00  NAS100 14,924.25 14,982.00 14,921.75 14,974.50    50.50        0.34  34,326.00
967   2023-08-17 17:00:00  NAS100 14,975.00 15,018.25 14,908.00 14,928.75   -45.75       -0.31 126,281.00
968   2023-08-17 21:00:00  NAS100 14,928.75 14,957.50 14,856.75 14,878.25   -50.50       -0.34 288,641.00
969   2023-08-18 01:00:00  NAS100 14,878.75 14,882.75 14,738.25 14,743.50  -134.75       -0.91 182,227.00
970   2023-08-18 05:00:00  NAS100 14,748.00 14,790.25 14,731.50 14,784.00    40.50        0.27  21,875.00
971   2023-08-18 09:00:00  NAS100 14,784.00 14,791.00 14,741.25 14,757.75   -26.25       -0.18  16,368.00
972   2023-08-18 13:00:00  NAS100 14,758.25 14,776.75 14,717.75 14,730.50   -27.25       -0.18  37,283.00
973   2023-08-18 17:00:00  NAS100 14,731.00 14,743.00 14,620.00 14,641.00   -89.50       -0.61 169,992.00
974   2023-08-18 21:00:00  NAS100 14,640.75 14,751.00 14,609.25 14,730.25    89.25        0.61 320,686.00
975   2023-08-19 01:00:00  NAS100 14,730.25 14,802.75 14,714.75 14,744.00    13.75        0.09 154,441.00
976   2023-08-21 05:00:00  NAS100 14,762.50 14,795.25 14,734.50 14,754.75    10.75        0.07  22,420.00
977   2023-08-21 09:00:00  NAS100 14,755.00 14,780.00 14,727.25 14,730.50   -24.25       -0.16  13,103.00
978   2023-08-21 13:00:00  NAS100 14,730.25 14,844.50 14,720.50 14,839.00   108.50        0.74  35,561.00
979   2023-08-21 17:00:00  NAS100 14,838.75 14,913.50 14,795.00 14,913.50    74.50        0.50 122,957.00
980   2023-08-21 21:00:00  NAS100 14,913.25 14,963.75 14,788.75 14,944.75    31.25        0.21 298,682.00
981   2023-08-22 01:00:00  NAS100 14,944.75 15,013.75 14,939.25 14,972.00    27.25        0.18 139,194.00
982   2023-08-22 05:00:00  NAS100 14,974.50 14,977.00 14,943.00 14,966.25    -5.75       -0.04  16,729.00
983   2023-08-22 09:00:00  NAS100 14,966.00 14,983.75 14,952.50 14,969.75     3.50        0.02  11,425.00
984   2023-08-22 13:00:00  NAS100 14,969.50 15,074.50 14,965.50 15,067.75    98.00        0.65  40,438.00
985   2023-08-22 17:00:00  NAS100 15,067.50 15,118.25 14,997.75 15,005.00   -62.75       -0.42 137,907.00
986   2023-08-22 21:00:00  NAS100 15,004.25 15,057.00 14,932.00 14,958.75   -46.25       -0.31 292,259.00
987   2023-08-23 01:00:00  NAS100 14,959.25 15,011.00 14,932.50 14,963.25     4.50        0.03 118,402.00
988   2023-08-23 05:00:00  NAS100 14,959.75 15,021.00 14,957.25 15,014.00    50.75        0.34  16,113.00
989   2023-08-23 09:00:00  NAS100 15,014.50 15,034.50 15,002.00 15,029.75    15.75        0.10  13,101.00
990   2023-08-23 13:00:00  NAS100 15,030.00 15,083.00 15,018.25 15,054.75    25.00        0.17  33,751.00
991   2023-08-23 17:00:00  NAS100 15,055.00 15,105.25 14,957.25 15,094.00    39.25        0.26 139,929.00
992   2023-08-23 21:00:00  NAS100 15,093.50 15,242.50 15,082.25 15,236.75   142.75        0.95 239,072.00
993   2023-08-24 01:00:00  NAS100 15,236.75 15,356.75 15,184.00 15,355.75   119.00        0.78 154,374.00
994   2023-08-24 05:00:00  NAS100 15,333.00 15,367.50 15,294.00 15,363.25     7.50        0.05  29,577.00
995   2023-08-24 09:00:00  NAS100 15,363.25 15,404.25 15,360.00 15,397.50    34.25        0.22  20,459.00
996   2023-08-24 13:00:00  NAS100 15,397.25 15,418.00 15,338.50 15,358.25   -39.25       -0.25  48,851.00
997   2023-08-24 17:00:00  NAS100 15,358.50 15,395.25 15,185.00 15,223.75  -134.50       -0.88 182,629.00
998   2023-08-24 21:00:00  NAS100 15,224.00 15,234.50 14,943.50 14,975.00  -248.75       -1.63 383,635.00
999   2023-08-25 01:00:00  NAS100 14,975.25 15,006.50 14,817.00 14,832.50  -142.50       -0.95 173,042.00
1000  2023-08-25 05:00:00  NAS100 14,833.00 14,875.50 14,830.00 14,857.75    25.25        0.17  21,264.00
1001  2023-08-25 09:00:00  NAS100 14,856.75 14,862.00 14,826.50 14,853.25    -4.50       -0.03  15,702.00
1002  2023-08-25 13:00:00  NAS100 14,853.75 14,888.25 14,785.25 14,856.50     3.25        0.02  40,553.00
1003  2023-08-25 17:00:00  NAS100 14,855.50 14,955.00 14,852.75 14,948.75    92.25        0.62 114,371.00
1004  2023-08-25 21:00:00  NAS100 14,946.50 15,048.75 14,751.75 14,881.00   -67.75       -0.45 449,961.00
1005  2023-08-26 01:00:00  NAS100 14,881.00 15,027.00 14,875.25 14,972.25    91.25        0.61 170,493.00
1006  2023-08-28 05:00:00  NAS100 14,991.00 15,029.75 14,973.50 15,004.75    32.50        0.22  20,301.00
1007  2023-08-28 09:00:00  NAS100 15,005.25 15,013.00 14,975.75 15,005.00     0.25        0.00  11,987.00
1008  2023-08-28 13:00:00  NAS100 15,004.75 15,032.25 14,976.75 15,011.50     6.50        0.04  24,919.00
1009  2023-08-28 17:00:00  NAS100 15,011.50 15,126.50 14,994.00 15,052.00    40.50        0.27 132,318.00
1010  2023-08-28 21:00:00  NAS100 15,052.25 15,105.00 14,983.50 15,009.25   -42.75       -0.28 270,045.00
1011  2023-08-29 01:00:00  NAS100 15,010.00 15,110.25 15,005.25 15,098.00    88.75        0.59 123,935.00
1012  2023-08-29 05:00:00  NAS100 15,098.75 15,117.00 15,078.75 15,088.25    -9.75       -0.06  12,211.00
1013  2023-08-29 09:00:00  NAS100 15,087.75 15,132.50 15,087.50 15,128.75    40.50        0.27  11,316.00
1014  2023-08-29 13:00:00  NAS100 15,129.00 15,147.25 15,068.25 15,109.50   -19.25       -0.13  34,931.00
1015  2023-08-29 17:00:00  NAS100 15,109.25 15,175.00 15,049.75 15,156.50    47.00        0.31 109,476.00
1016  2023-08-29 21:00:00  NAS100 15,157.50 15,400.75 15,155.00 15,372.00   215.50        1.42 300,982.00
1017  2023-08-30 01:00:00  NAS100 15,371.75 15,430.50 15,367.50 15,426.25    54.25        0.35 135,920.00
1018  2023-08-30 05:00:00  NAS100 15,427.50 15,459.50 15,423.00 15,456.00    29.75        0.19  16,042.00
1019  2023-08-30 09:00:00  NAS100 15,457.00 15,468.00 15,417.25 15,425.00   -31.00       -0.20  13,915.00
1020  2023-08-30 13:00:00  NAS100 15,425.00 15,429.25 15,361.50 15,373.75   -51.25       -0.33  34,904.00
1021  2023-08-30 17:00:00  NAS100 15,373.50 15,477.00 15,372.25 15,465.00    91.25        0.59 142,794.00
1022  2023-08-30 21:00:00  NAS100 15,465.00 15,522.75 15,375.00 15,483.25    18.25        0.12 264,573.00
1023  2023-08-31 01:00:00  NAS100 15,483.50 15,520.25 15,450.00 15,513.00    29.75        0.19 114,028.00
1024  2023-08-31 05:00:00  NAS100 15,513.75 15,517.75 15,501.25 15,506.25    -6.75       -0.04  12,290.00
1025  2023-08-31 09:00:00  NAS100 15,506.25 15,532.00 15,486.50 15,506.50     0.25        0.00  17,678.00
1026  2023-08-31 13:00:00  NAS100 15,506.25 15,517.75 15,460.00 15,466.75   -39.75       -0.26  41,870.00
1027  2023-08-31 17:00:00  NAS100 15,466.50 15,568.00 15,466.25 15,566.50    99.75        0.64 132,720.00
1028  2023-08-31 21:00:00  NAS100 15,566.75 15,606.75 15,493.00 15,557.25    -9.25       -0.06 249,065.00
1029  2023-09-01 01:00:00  NAS100 15,557.25 15,596.00 15,530.50 15,536.50   -20.75       -0.13 125,957.00
1030  2023-09-01 05:00:00  NAS100 15,534.00 15,559.50 15,522.50 15,550.50    14.00        0.09  11,203.00
1031  2023-09-01 09:00:00  NAS100 15,550.00 15,554.75 15,537.25 15,540.00   -10.50       -0.07   6,935.00
1032  2023-09-01 13:00:00  NAS100 15,540.50 15,568.50 15,502.00 15,557.00    17.00        0.11  27,803.00
1033  2023-09-01 17:00:00  NAS100 15,557.75 15,661.25 15,498.75 15,559.50     2.50        0.02 166,184.00
1034  2023-09-01 21:00:00  NAS100 15,555.75 15,592.75 15,454.00 15,503.50   -56.00       -0.36 259,824.00
1035  2023-09-02 01:00:00  NAS100 15,503.25 15,527.25 15,459.50 15,511.25     7.75        0.05  95,050.00
1036  2023-09-04 05:00:00  NAS100 15,517.00 15,536.50 15,500.50 15,522.00    10.75        0.07   9,456.00
1037  2023-09-04 09:00:00  NAS100 15,521.25 15,548.00 15,519.50 15,546.00    24.00        0.15   7,551.00
1038  2023-09-04 13:00:00  NAS100 15,546.50 15,568.50 15,534.00 15,566.00    20.00        0.13  13,893.00
1039  2023-09-04 17:00:00  NAS100 15,566.00 15,578.50 15,546.00 15,576.00    10.00        0.06  18,109.00
1040  2023-09-04 21:00:00  NAS100 15,575.50 15,578.75 15,512.25 15,523.75   -52.25       -0.34  27,929.00
1041  2023-09-05 05:00:00  NAS100 15,527.75 15,534.75 15,488.00 15,497.25   -26.50       -0.17  13,813.00
1042  2023-09-05 09:00:00  NAS100 15,497.50 15,513.50 15,492.25 15,499.75     2.50        0.02  10,715.00
1043  2023-09-05 13:00:00  NAS100 15,500.00 15,504.25 15,418.25 15,468.00   -31.75       -0.20  37,324.00
1044  2023-09-05 17:00:00  NAS100 15,467.75 15,507.00 15,436.75 15,462.50    -5.50       -0.04 118,940.00
1045  2023-09-05 21:00:00  NAS100 15,462.75 15,577.00 15,442.75 15,551.50    89.00        0.58 232,835.00
1046  2023-09-06 01:00:00  NAS100 15,551.75 15,586.75 15,513.25 15,517.50   -34.00       -0.22 105,372.00
1047  2023-09-06 05:00:00  NAS100 15,511.25 15,533.00 15,494.00 15,495.75   -21.75       -0.14  11,296.00
1048  2023-09-06 09:00:00  NAS100 15,496.00 15,518.25 15,494.00 15,516.50    20.75        0.13  11,344.00
1049  2023-09-06 13:00:00  NAS100 15,516.00 15,516.00 15,438.75 15,485.25   -31.25       -0.20  29,715.00
1050  2023-09-06 17:00:00  NAS100 15,485.75 15,514.25 15,460.50 15,482.75    -2.50       -0.02 104,933.00
1051  2023-09-06 21:00:00  NAS100 15,483.00 15,483.00 15,310.50 15,357.00  -125.75       -0.81 309,106.00
1052  2023-09-07 01:00:00  NAS100 15,357.50 15,404.75 15,345.50 15,386.75    29.75        0.19 121,468.00
1053  2023-09-07 05:00:00  NAS100 15,385.00 15,395.75 15,371.25 15,379.00    -7.75       -0.05  11,057.00
1054  2023-09-07 09:00:00  NAS100 15,379.00 15,390.50 15,339.00 15,342.25   -36.75       -0.24  15,469.00
1055  2023-09-07 13:00:00  NAS100 15,342.25 15,348.75 15,273.75 15,310.75   -31.50       -0.21  44,244.00
1056  2023-09-07 17:00:00  NAS100 15,310.50 15,319.00 15,157.50 15,192.75  -118.00       -0.77 176,522.00
1057  2023-09-07 21:00:00  NAS100 15,192.50 15,287.50 15,162.00 15,279.50    86.75        0.57 261,393.00
1058  2023-09-08 01:00:00  NAS100 15,280.00 15,311.75 15,246.00 15,286.25     6.75        0.04 115,069.00
1059  2023-09-08 05:00:00  NAS100 15,286.25 15,289.00 15,253.25 15,273.50   -12.75       -0.08  11,968.00
1060  2023-09-08 09:00:00  NAS100 15,273.50 15,319.50 15,269.75 15,317.25    43.75        0.29  11,408.00
1061  2023-09-08 13:00:00  NAS100 15,317.75 15,343.75 15,228.25 15,234.50   -82.75       -0.54  44,719.00
1062  2023-09-08 17:00:00  NAS100 15,233.75 15,371.75 15,223.00 15,332.75    98.25        0.64 120,937.00
1063  2023-09-08 21:00:00  NAS100 15,333.00 15,390.75 15,287.25 15,327.00    -5.75       -0.04 231,433.00
1064  2023-09-09 01:00:00  NAS100 15,327.25 15,342.50 15,255.75 15,313.00   -14.00       -0.09 117,752.00
1065  2023-09-11 05:00:00  NAS100 15,308.00 15,335.25 15,298.00 15,317.75     4.75        0.03  10,623.00
1066  2023-09-11 09:00:00  NAS100 15,318.50 15,364.25 15,307.25 15,362.50    44.75        0.29   8,844.00
1067  2023-09-11 13:00:00  NAS100 15,362.50 15,402.50 15,354.00 15,383.50    21.00        0.14  17,128.00
1068  2023-09-11 17:00:00  NAS100 15,383.50 15,448.25 15,351.75 15,364.75   -18.75       -0.12  73,868.00
1069  2023-09-11 21:00:00  NAS100 15,365.50 15,469.50 15,339.00 15,467.75   103.00        0.67 109,519.00
1070  2023-09-12 01:00:00  NAS100 15,468.25 15,497.50 15,453.50 15,471.25     3.50        0.02  38,324.00
1071  2023-09-12 05:00:00  NAS100 15,662.25 15,667.00 15,641.25 15,651.00   179.75        1.16  10,977.00
1072  2023-09-12 09:00:00  NAS100 15,650.25 15,674.50 15,646.25 15,662.75    11.75        0.08  10,445.00
1073  2023-09-12 13:00:00  NAS100 15,663.25 15,680.00 15,617.75 15,634.75   -28.00       -0.18  25,601.00
1074  2023-09-12 17:00:00  NAS100 15,634.50 15,658.75 15,585.50 15,650.00    15.25        0.10 108,749.00
1075  2023-09-12 21:00:00  NAS100 15,650.25 15,654.50 15,516.75 15,541.75  -108.25       -0.69 262,599.00
1076  2023-09-13 01:00:00  NAS100 15,542.25 15,546.25 15,483.75 15,506.00   -35.75       -0.23 133,828.00
1077  2023-09-13 05:00:00  NAS100 15,500.75 15,514.75 15,483.25 15,488.75   -17.25       -0.11  14,343.00
1078  2023-09-13 09:00:00  NAS100 15,488.75 15,509.50 15,472.75 15,486.50    -2.25       -0.01  15,977.00
1079  2023-09-13 13:00:00  NAS100 15,486.50 15,529.75 15,467.25 15,488.50     2.00        0.01  35,481.00
1080  2023-09-13 17:00:00  NAS100 15,489.25 15,561.50 15,406.00 15,547.25    58.75        0.38 182,800.00
1081  2023-09-13 21:00:00  NAS100 15,547.50 15,619.75 15,454.25 15,604.50    57.25        0.37 293,948.00
1082  2023-09-14 01:00:00  NAS100 15,604.25 15,612.00 15,508.25 15,573.00   -31.50       -0.20 145,301.00
1083  2023-09-14 05:00:00  NAS100 15,569.00 15,611.75 15,563.25 15,598.75    25.75        0.17  12,939.00
1084  2023-09-14 09:00:00  NAS100 15,599.25 15,634.00 15,588.00 15,622.50    23.75        0.15  16,875.00
1085  2023-09-14 13:00:00  NAS100 15,622.25 15,628.75 15,566.25 15,595.75   -26.75       -0.17  29,203.00
1086  2023-09-14 17:00:00  NAS100 15,594.75 15,647.75 15,536.25 15,582.25   -13.50       -0.09 174,617.00
1087  2023-09-14 21:00:00  NAS100 15,582.25 15,709.25 15,531.00 15,680.25    98.00        0.63 261,458.00
1088  2023-09-15 01:00:00  NAS100 15,680.25 15,714.50 15,653.25 15,677.25    -3.00       -0.02 118,960.00
1089  2023-09-15 05:00:00  NAS100 15,677.00 15,694.75 15,671.75 15,691.50    14.25        0.09  13,597.00
1090  2023-09-15 09:00:00  NAS100 15,692.00 15,719.75 15,692.00 15,713.00    21.50        0.14  16,029.00
1091  2023-09-15 13:00:00  NAS100 15,712.50 15,712.75 15,642.00 15,658.00   -55.00       -0.35  34,544.00
1092  2023-09-15 17:00:00  NAS100 15,657.75 15,672.75 15,489.00 15,512.50  -145.50       -0.93 146,388.00
1093  2023-09-15 21:00:00  NAS100 15,512.25 15,532.50 15,365.00 15,395.50  -117.00       -0.75 310,793.00
1094  2023-09-16 01:00:00  NAS100 15,395.75 15,413.75 15,356.75 15,383.00   -12.50       -0.08 159,745.00
1095  2023-09-18 05:00:00  NAS100 15,382.25 15,419.75 15,379.50 15,399.75    16.75        0.11  15,731.00
1096  2023-09-18 09:00:00  NAS100 15,399.25 15,417.25 15,398.75 15,409.00     9.25        0.06   8,799.00
1097  2023-09-18 13:00:00  NAS100 15,409.00 15,428.75 15,391.75 15,412.50     3.50        0.02  21,336.00
1098  2023-09-18 17:00:00  NAS100 15,412.75 15,435.00 15,330.50 15,409.50    -3.00       -0.02 135,218.00
1099  2023-09-18 21:00:00  NAS100 15,409.25 15,461.00 15,364.50 15,436.00    26.50        0.17 224,123.00
1100  2023-09-19 01:00:00  NAS100 15,436.25 15,450.50 15,379.00 15,425.25   -10.75       -0.07  96,369.00
1101  2023-09-19 05:00:00  NAS100 15,424.25 15,437.00 15,406.75 15,407.50   -17.75       -0.12  10,931.00
1102  2023-09-19 09:00:00  NAS100 15,407.50 15,416.50 15,386.75 15,394.25   -13.25       -0.09  11,206.00
1103  2023-09-19 13:00:00  NAS100 15,394.50 15,441.50 15,379.50 15,437.75    43.50        0.28  22,506.00
1104  2023-09-19 17:00:00  NAS100 15,437.75 15,442.25 15,303.25 15,303.75  -134.00       -0.87 123,046.00
1105  2023-09-19 21:00:00  NAS100 15,304.00 15,380.00 15,248.50 15,373.00    69.25        0.45 253,670.00
1106  2023-09-20 01:00:00  NAS100 15,373.25 15,408.00 15,338.00 15,383.00    10.00        0.07 122,902.00
1107  2023-09-20 05:00:00  NAS100 15,375.25 15,386.75 15,353.75 15,366.25   -16.75       -0.11  12,340.00
1108  2023-09-20 09:00:00  NAS100 15,366.00 15,372.00 15,342.25 15,350.50   -15.75       -0.10  10,630.00
1109  2023-09-20 13:00:00  NAS100 15,350.50 15,410.00 15,349.75 15,406.75    56.25        0.37  24,932.00
1110  2023-09-20 17:00:00  NAS100 15,406.75 15,436.25 15,375.00 15,412.25     5.50        0.04  94,387.00
1111  2023-09-20 21:00:00  NAS100 15,412.50 15,421.00 15,328.50 15,371.25   -41.00       -0.27 183,123.00
1112  2023-09-21 01:00:00  NAS100 15,369.50 15,392.00 15,127.00 15,133.75  -237.50       -1.55 273,056.00
1113  2023-09-21 05:00:00  NAS100 15,133.25 15,149.00 15,090.25 15,095.00   -38.75       -0.26  25,467.00
1114  2023-09-21 09:00:00  NAS100 15,094.75 15,102.25 15,079.75 15,087.25    -7.75       -0.05  16,523.00
1115  2023-09-21 13:00:00  NAS100 15,087.25 15,112.00 15,037.25 15,042.50   -44.75       -0.30  40,200.00
1116  2023-09-21 17:00:00  NAS100 15,042.75 15,044.50 14,929.25 14,933.50  -109.00       -0.72 184,100.00
1117  2023-09-21 21:00:00  NAS100 14,933.75 15,018.75 14,919.00 14,978.25    44.75        0.30 268,647.00
1118  2023-09-22 01:00:00  NAS100 14,978.75 14,982.00 14,841.00 14,849.75  -128.50       -0.86 150,380.00
1119  2023-09-22 05:00:00  NAS100 14,854.50 14,876.75 14,836.25 14,871.25    21.50        0.14  17,975.00
1120  2023-09-22 09:00:00  NAS100 14,872.00 14,914.50 14,870.75 14,904.00    32.75        0.22  18,283.00
1121  2023-09-22 13:00:00  NAS100 14,904.25 14,936.00 14,890.25 14,932.50    28.50        0.19  34,129.00
1122  2023-09-22 17:00:00  NAS100 14,932.00 14,972.50 14,888.00 14,949.75    17.25        0.12 118,636.00
1123  2023-09-22 21:00:00  NAS100 14,950.25 15,027.50 14,909.25 14,916.00   -33.75       -0.23 260,392.00
1124  2023-09-23 01:00:00  NAS100 14,916.25 14,978.75 14,852.50 14,876.25   -39.75       -0.27 168,068.00
1125  2023-09-25 05:00:00  NAS100 14,880.25 14,921.00 14,867.50 14,902.50    26.25        0.18  18,946.00
1126  2023-09-25 09:00:00  NAS100 14,903.25 14,933.25 14,901.00 14,912.00     9.50        0.06  11,507.00
1127  2023-09-25 13:00:00  NAS100 14,911.75 14,946.00 14,797.00 14,856.25   -55.75       -0.37  43,884.00
1128  2023-09-25 17:00:00  NAS100 14,855.50 14,896.50 14,782.25 14,876.00    19.75        0.13 120,603.00
1129  2023-09-25 21:00:00  NAS100 14,875.75 14,936.25 14,815.25 14,902.75    26.75        0.18 234,824.00
1130  2023-09-26 01:00:00  NAS100 14,903.50 14,955.75 14,842.50 14,951.00    48.25        0.32 135,038.00
1131  2023-09-26 05:00:00  NAS100 14,949.00 14,949.00 14,854.75 14,863.75   -87.25       -0.58  19,291.00
1132  2023-09-26 09:00:00  NAS100 14,863.25 14,883.00 14,852.25 14,865.00     1.25        0.01  14,503.00
1133  2023-09-26 13:00:00  NAS100 14,863.50 14,887.50 14,795.00 14,838.75   -26.25       -0.18  46,853.00
1134  2023-09-26 17:00:00  NAS100 14,838.50 14,893.00 14,764.00 14,772.50   -66.25       -0.45 126,568.00
1135  2023-09-26 21:00:00  NAS100 14,770.00 14,805.75 14,704.25 14,738.00   -34.50       -0.23 301,126.00
1136  2023-09-27 01:00:00  NAS100 14,738.25 14,738.50 14,666.25 14,725.25   -12.75       -0.09 151,557.00
1137  2023-09-27 05:00:00  NAS100 14,725.25 14,752.00 14,713.50 14,750.25    25.00        0.17  19,493.00
1138  2023-09-27 09:00:00  NAS100 14,750.50 14,762.25 14,730.50 14,761.25    11.00        0.07  14,950.00
1139  2023-09-27 13:00:00  NAS100 14,761.75 14,796.00 14,747.50 14,761.25     0.00        0.00  31,943.00
1140  2023-09-27 17:00:00  NAS100 14,761.00 14,806.00 14,733.75 14,764.25     3.00        0.02 110,118.00
1141  2023-09-27 21:00:00  NAS100 14,764.75 14,774.50 14,586.00 14,620.00  -144.25       -0.98 310,059.00
1142  2023-09-28 01:00:00  NAS100 14,620.00 14,821.50 14,594.50 14,766.50   146.50        1.00 221,377.00
1143  2023-09-28 05:00:00  NAS100 14,772.50 14,794.00 14,743.50 14,777.75    11.25        0.08  20,405.00
1144  2023-09-28 09:00:00  NAS100 14,777.50 14,781.75 14,712.75 14,771.25    -6.50       -0.04  23,933.00
1145  2023-09-28 13:00:00  NAS100 14,771.50 14,773.75 14,677.75 14,734.75   -36.50       -0.25  41,671.00
1146  2023-09-28 17:00:00  NAS100 14,735.00 14,777.25 14,658.00 14,744.25     9.50        0.06 160,704.00
1147  2023-09-28 21:00:00  NAS100 14,744.25 14,947.50 14,679.50 14,850.50   106.25        0.72 325,144.00
1148  2023-09-29 01:00:00  NAS100 14,850.50 14,913.50 14,811.25 14,876.50    26.00        0.18 151,741.00
1149  2023-09-29 05:00:00  NAS100 14,876.50 14,894.50 14,825.50 14,845.00   -31.50       -0.21  17,327.00
1150  2023-09-29 09:00:00  NAS100 14,844.50 14,898.50 14,844.50 14,884.00    39.00        0.26  16,849.00
1151  2023-09-29 13:00:00  NAS100 14,883.00 14,967.25 14,880.25 14,962.50    78.50        0.53  37,796.00
1152  2023-09-29 17:00:00  NAS100 14,962.75 15,044.25 14,920.25 15,032.50    70.00        0.47 135,884.00
1153  2023-09-29 21:00:00  NAS100 15,032.25 15,060.75 14,819.75 14,820.00  -212.50       -1.41 336,266.00
1154  2023-09-30 01:00:00  NAS100 14,820.25 14,929.00 14,811.00 14,891.50    71.50        0.48 190,088.00
1155  2023-10-02 05:00:00  NAS100 14,965.00 15,010.00 14,934.25 14,982.25    90.75        0.61  29,195.00
1156  2023-10-02 09:00:00  NAS100 14,982.50 14,994.25 14,937.00 14,940.75   -41.50       -0.28  15,497.00
1157  2023-10-02 13:00:00  NAS100 14,941.25 15,010.50 14,891.00 14,899.00   -41.75       -0.28  42,107.00
1158  2023-10-02 17:00:00  NAS100 14,899.00 14,961.00 14,826.00 14,921.25    22.25        0.15 142,314.00
1159  2023-10-02 21:00:00  NAS100 14,921.25 15,046.00 14,866.75 14,909.00   -12.25       -0.08 356,890.00
1160  2023-10-03 01:00:00  NAS100 14,909.50 15,005.25 14,864.25 14,992.50    83.50        0.56 171,146.00
1161  2023-10-03 05:00:00  NAS100 14,989.50 15,005.00 14,956.00 14,980.50   -12.00       -0.08  22,620.00
1162  2023-10-03 09:00:00  NAS100 14,981.00 14,995.75 14,943.50 14,955.75   -24.75       -0.17  18,854.00
1163  2023-10-03 13:00:00  NAS100 14,956.00 15,031.00 14,955.00 14,979.75    24.00        0.16  40,652.00
1164  2023-10-03 17:00:00  NAS100 14,980.25 15,009.75 14,847.25 14,950.00   -29.75       -0.20 159,036.00
1165  2023-10-03 21:00:00  NAS100 14,951.00 14,954.75 14,689.75 14,696.75  -253.25       -1.69 355,313.00
1166  2023-10-04 01:00:00  NAS100 14,697.00 14,734.00 14,651.50 14,714.50    17.75        0.12 157,904.00
1167  2023-10-04 05:00:00  NAS100 14,713.75 14,732.75 14,652.00 14,679.00   -35.50       -0.24  30,547.00
1168  2023-10-04 09:00:00  NAS100 14,678.50 14,690.75 14,636.00 14,647.25   -31.75       -0.22  26,484.00
1169  2023-10-04 13:00:00  NAS100 14,647.00 14,706.00 14,589.00 14,699.50    52.25        0.36  65,330.00
1170  2023-10-04 17:00:00  NAS100 14,699.00 14,834.50 14,673.75 14,801.75   102.25        0.70 161,384.00
1171  2023-10-04 21:00:00  NAS100 14,803.00 14,899.00 14,734.50 14,820.25    18.50        0.12 353,920.00
1172  2023-10-05 01:00:00  NAS100 14,820.25 14,956.00 14,804.00 14,902.50    82.25        0.55 156,803.00
1173  2023-10-05 05:00:00  NAS100 14,903.00 14,936.00 14,888.25 14,934.00    31.50        0.21  19,900.00
1174  2023-10-05 09:00:00  NAS100 14,934.50 14,945.50 14,911.75 14,920.00   -14.00       -0.09  15,100.00
1175  2023-10-05 13:00:00  NAS100 14,920.50 14,925.75 14,850.75 14,873.00   -47.00       -0.32  42,739.00
1176  2023-10-05 17:00:00  NAS100 14,872.75 14,958.75 14,819.00 14,836.75   -36.25       -0.24 150,219.00
1177  2023-10-05 21:00:00  NAS100 14,837.00 14,862.00 14,716.25 14,856.00    19.25        0.13 308,724.00
1178  2023-10-06 01:00:00  NAS100 14,855.75 14,907.00 14,849.00 14,860.75     4.75        0.03 130,785.00
1179  2023-10-06 05:00:00  NAS100 14,853.75 14,874.25 14,845.00 14,865.50     4.75        0.03  14,714.00
1180  2023-10-06 09:00:00  NAS100 14,865.75 14,878.50 14,837.25 14,838.75   -26.75       -0.18  14,185.00
1181  2023-10-06 13:00:00  NAS100 14,839.00 14,894.00 14,836.25 14,887.75    49.00        0.33  30,374.00
1182  2023-10-06 17:00:00  NAS100 14,888.00 14,922.00 14,660.00 14,762.25  -125.50       -0.84 237,592.00
1183  2023-10-06 21:00:00  NAS100 14,762.75 15,098.50 14,707.00 15,096.00   333.75        2.26 384,976.00
1184  2023-10-07 01:00:00  NAS100 15,096.00 15,160.25 15,081.50 15,139.50    43.50        0.29 144,645.00
1185  2023-10-09 05:00:00  NAS100 15,040.25 15,040.50 14,989.00 15,006.75  -132.75       -0.88  36,549.00
1186  2023-10-09 09:00:00  NAS100 15,007.50 15,016.50 14,978.75 15,014.50     7.75        0.05  15,351.00
1187  2023-10-09 13:00:00  NAS100 15,015.25 15,033.25 14,971.75 15,000.50   -14.00       -0.09  45,760.00
1188  2023-10-09 17:00:00  NAS100 15,001.00 15,062.50 14,949.50 15,054.50    54.00        0.36 138,703.00
1189  2023-10-09 21:00:00  NAS100 15,054.00 15,192.00 14,965.00 15,191.50   137.00        0.91 240,844.00
1190  2023-10-10 01:00:00  NAS100 15,191.75 15,212.75 15,166.75 15,195.00     3.50        0.02 132,671.00
1191  2023-10-10 05:00:00  NAS100 15,196.50 15,237.75 15,188.00 15,224.75    29.75        0.20  16,375.00
1192  2023-10-10 09:00:00  NAS100 15,224.75 15,232.50 15,206.25 15,214.25   -10.50       -0.07  12,776.00
1193  2023-10-10 13:00:00  NAS100 15,214.25 15,239.25 15,187.00 15,222.00     7.75        0.05  44,898.00
1194  2023-10-10 17:00:00  NAS100 15,221.75 15,241.25 15,171.75 15,240.50    18.50        0.12 115,582.00
1195  2023-10-10 21:00:00  NAS100 15,240.50 15,383.50 15,237.75 15,291.25    50.75        0.33 314,429.00
1196  2023-10-11 01:00:00  NAS100 15,291.25 15,312.75 15,261.75 15,282.00    -9.25       -0.06 135,587.00
1197  2023-10-11 05:00:00  NAS100 15,282.25 15,302.00 15,275.00 15,288.75     6.75        0.04  12,928.00
1198  2023-10-11 09:00:00  NAS100 15,288.75 15,304.50 15,282.75 15,291.50     2.75        0.02  11,352.00
1199  2023-10-11 13:00:00  NAS100 15,291.25 15,317.50 15,273.25 15,312.00    20.50        0.13  37,476.00
1200  2023-10-11 17:00:00  NAS100 15,312.50 15,387.25 15,284.25 15,330.25    18.25        0.12 148,444.00
1201  2023-10-11 21:00:00  NAS100 15,330.00 15,383.00 15,253.00 15,282.00   -48.25       -0.31 257,852.00
1202  2023-10-12 01:00:00  NAS100 15,280.75 15,416.75 15,276.75 15,410.75   128.75        0.84 140,176.00
1203  2023-10-12 05:00:00  NAS100 15,407.50 15,431.00 15,397.75 15,419.75     9.00        0.06  15,027.00
1204  2023-10-12 09:00:00  NAS100 15,419.75 15,430.00 15,412.00 15,427.50     7.75        0.05  10,431.00
1205  2023-10-12 13:00:00  NAS100 15,427.75 15,448.00 15,413.50 15,435.75     8.25        0.05  28,860.00
1206  2023-10-12 17:00:00  NAS100 15,436.00 15,447.50 15,361.50 15,385.75   -50.00       -0.32 152,635.00
1207  2023-10-12 21:00:00  NAS100 15,385.75 15,468.75 15,277.00 15,281.00  -104.75       -0.68 351,768.00
1208  2023-10-13 01:00:00  NAS100 15,281.00 15,334.75 15,216.25 15,324.00    43.00        0.28 180,163.00
1209  2023-10-13 05:00:00  NAS100 15,324.00 15,341.00 15,313.25 15,334.75    10.75        0.07  13,752.00
1210  2023-10-13 09:00:00  NAS100 15,334.25 15,345.50 15,316.75 15,320.75   -14.00       -0.09  12,828.00
1211  2023-10-13 13:00:00  NAS100 15,320.50 15,340.50 15,227.25 15,229.50   -91.25       -0.60  39,093.00
1212  2023-10-13 17:00:00  NAS100 15,229.00 15,366.75 15,217.25 15,347.00   117.50        0.77 145,109.00
1213  2023-10-13 21:00:00  NAS100 15,344.25 15,344.25 15,062.25 15,117.00  -230.00       -1.50 382,266.00
1214  2023-10-14 01:00:00  NAS100 15,117.00 15,169.00 15,081.75 15,107.50    -9.50       -0.06 175,025.00
1215  2023-10-16 05:00:00  NAS100 15,120.00 15,187.50 15,120.00 15,166.50    59.00        0.39  21,181.00
1216  2023-10-16 09:00:00  NAS100 15,166.50 15,179.75 15,136.25 15,156.50   -10.00       -0.07  13,120.00
1217  2023-10-16 13:00:00  NAS100 15,156.25 15,185.25 15,083.00 15,122.50   -34.00       -0.22  40,723.00
1218  2023-10-16 17:00:00  NAS100 15,122.25 15,260.00 15,091.00 15,227.50   105.00        0.69 142,643.00
1219  2023-10-16 21:00:00  NAS100 15,227.25 15,325.75 15,209.50 15,309.00    81.50        0.54 272,974.00
1220  2023-10-17 01:00:00  NAS100 15,309.00 15,336.75 15,279.75 15,304.75    -4.25       -0.03 144,337.00
1221  2023-10-17 05:00:00  NAS100 15,305.75 15,306.50 15,271.50 15,281.00   -23.75       -0.16  12,761.00
1222  2023-10-17 09:00:00  NAS100 15,280.75 15,288.00 15,262.75 15,276.25    -4.75       -0.03  12,033.00
1223  2023-10-17 13:00:00  NAS100 15,276.75 15,301.75 15,238.50 15,263.50   -12.75       -0.08  33,467.00
1224  2023-10-17 17:00:00  NAS100 15,263.25 15,273.25 15,050.25 15,079.00  -184.50       -1.21 189,502.00
1225  2023-10-17 21:00:00  NAS100 15,079.50 15,309.25 15,071.00 15,204.50   125.50        0.83 362,371.00
1226  2023-10-18 01:00:00  NAS100 15,204.75 15,251.25 15,178.25 15,242.50    38.00        0.25 163,161.00
1227  2023-10-18 05:00:00  NAS100 15,236.50 15,238.25 15,185.50 15,206.50   -36.00       -0.24  18,035.00
1228  2023-10-18 09:00:00  NAS100 15,206.75 15,228.50 15,201.75 15,219.75    13.25        0.09  14,703.00
1229  2023-10-18 13:00:00  NAS100 15,219.50 15,221.25 15,154.25 15,165.75   -54.00       -0.35  44,395.00
1230  2023-10-18 17:00:00  NAS100 15,165.75 15,198.75 15,122.50 15,164.50    -1.25       -0.01 151,831.00
1231  2023-10-18 21:00:00  NAS100 15,164.50 15,223.75 15,065.00 15,113.50   -51.00       -0.34 410,309.00
1232  2023-10-19 01:00:00  NAS100 15,114.25 15,138.25 14,979.25 15,061.25   -52.25       -0.35 208,681.00
1233  2023-10-19 05:00:00  NAS100 15,045.00 15,057.75 15,017.75 15,025.25   -36.00       -0.24  24,719.00
1234  2023-10-19 09:00:00  NAS100 15,025.50 15,033.25 14,981.00 14,990.25   -35.00       -0.23  20,156.00
1235  2023-10-19 13:00:00  NAS100 14,990.00 15,044.50 14,937.00 15,043.25    53.00        0.35  50,281.00
1236  2023-10-19 17:00:00  NAS100 15,042.50 15,109.00 15,021.25 15,058.00    14.75        0.10 157,764.00
1237  2023-10-19 21:00:00  NAS100 15,057.25 15,138.25 14,925.25 14,991.00   -67.00       -0.44 539,405.00
1238  2023-10-20 01:00:00  NAS100 14,990.75 15,019.25 14,839.50 14,850.50  -140.50       -0.94 218,177.00
1239  2023-10-20 05:00:00  NAS100 14,850.00 14,855.00 14,817.50 14,836.25   -14.25       -0.10  21,902.00
1240  2023-10-20 09:00:00  NAS100 14,836.50 14,856.25 14,827.25 14,830.25    -6.00       -0.04  14,526.00
1241  2023-10-20 13:00:00  NAS100 14,829.75 14,887.50 14,796.00 14,849.00    18.75        0.13  50,006.00
1242  2023-10-20 17:00:00  NAS100 14,849.00 14,886.00 14,804.50 14,837.50   -11.50       -0.08 160,193.00
1243  2023-10-20 21:00:00  NAS100 14,837.25 14,861.25 14,660.25 14,777.00   -60.50       -0.41 400,014.00
1244  2023-10-21 01:00:00  NAS100 14,777.00 14,781.25 14,645.00 14,649.00  -128.00       -0.87 185,013.00
1245  2023-10-23 05:00:00  NAS100 14,680.00 14,716.00 14,662.50 14,710.00    61.00        0.42  20,264.00
1246  2023-10-23 09:00:00  NAS100 14,709.75 14,712.00 14,683.75 14,699.75   -10.25       -0.07  13,604.00
1247  2023-10-23 13:00:00  NAS100 14,699.25 14,709.00 14,520.50 14,533.75  -166.00       -1.13  61,395.00
1248  2023-10-23 17:00:00  NAS100 14,534.00 14,642.75 14,514.25 14,636.50   102.75        0.71 171,407.00
1249  2023-10-23 21:00:00  NAS100 14,636.25 14,853.75 14,611.00 14,798.50   162.00        1.11 319,768.00
1250  2023-10-24 01:00:00  NAS100 14,798.50 14,819.00 14,699.25 14,749.00   -49.50       -0.33 170,793.00
1251  2023-10-24 05:00:00  NAS100 14,744.00 14,763.00 14,720.00 14,729.50   -19.50       -0.13  17,274.00
1252  2023-10-24 09:00:00  NAS100 14,729.50 14,787.50 14,725.75 14,783.25    53.75        0.36  16,382.00
1253  2023-10-24 13:00:00  NAS100 14,783.50 14,825.00 14,740.50 14,806.25    23.00        0.16  42,592.00
1254  2023-10-24 17:00:00  NAS100 14,806.25 14,838.00 14,758.50 14,827.50    21.25        0.14 141,705.00
1255  2023-10-24 21:00:00  NAS100 14,826.75 14,878.00 14,706.00 14,772.50   -55.00       -0.37 323,159.00
1256  2023-10-25 01:00:00  NAS100 14,772.50 14,948.75 14,766.00 14,830.75    58.25        0.39 155,404.00
1257  2023-10-25 05:00:00  NAS100 14,828.00 14,855.00 14,776.25 14,812.75   -18.00       -0.12  24,007.00
1258  2023-10-25 09:00:00  NAS100 14,812.75 14,813.00 14,760.25 14,769.50   -43.25       -0.29  15,759.00
1259  2023-10-25 13:00:00  NAS100 14,769.25 14,779.25 14,713.00 14,751.75   -17.75       -0.12  42,836.00
1260  2023-10-25 17:00:00  NAS100 14,751.25 14,790.25 14,605.25 14,651.50  -100.25       -0.68 157,445.00
1261  2023-10-25 21:00:00  NAS100 14,651.75 14,684.75 14,453.00 14,483.00  -168.50       -1.15 381,375.00
1262  2023-10-26 01:00:00  NAS100 14,482.75 14,534.25 14,444.00 14,467.75   -15.25       -0.11 184,284.00
1263  2023-10-26 05:00:00  NAS100 14,425.00 14,430.00 14,315.00 14,324.25  -143.50       -0.99  46,451.00
1264  2023-10-26 09:00:00  NAS100 14,324.75 14,330.00 14,302.25 14,312.75   -11.50       -0.08  20,524.00
1265  2023-10-26 13:00:00  NAS100 14,312.50 14,357.00 14,257.00 14,337.75    25.00        0.17  57,886.00
1266  2023-10-26 17:00:00  NAS100 14,338.00 14,459.00 14,302.50 14,330.50    -7.25       -0.05 202,829.00
1267  2023-10-26 21:00:00  NAS100 14,330.50 14,385.00 14,140.25 14,223.75  -106.75       -0.74 429,017.00
1268  2023-10-27 01:00:00  NAS100 14,224.25 14,332.50 14,178.25 14,209.50   -14.25       -0.10 222,836.00
1269  2023-10-27 05:00:00  NAS100 14,248.25 14,318.00 14,246.50 14,299.00    89.50        0.63  24,972.00
1270  2023-10-27 09:00:00  NAS100 14,299.25 14,325.50 14,289.25 14,325.00    26.00        0.18  14,432.00
1271  2023-10-27 13:00:00  NAS100 14,324.25 14,343.50 14,276.00 14,328.50     3.50        0.02  37,228.00
1272  2023-10-27 17:00:00  NAS100 14,328.75 14,357.00 14,270.00 14,327.25    -1.25       -0.01 159,817.00
1273  2023-10-27 21:00:00  NAS100 14,327.50 14,407.75 14,228.75 14,243.00   -84.25       -0.59 365,470.00
1274  2023-10-28 01:00:00  NAS100 14,243.25 14,284.75 14,209.75 14,270.00    27.00        0.19 172,803.00
1275  2023-10-30 05:00:00  NAS100 14,336.00 14,351.75 14,303.00 14,345.00    75.00        0.53  21,001.00
1276  2023-10-30 09:00:00  NAS100 14,344.50 14,346.50 14,325.75 14,339.25    -5.75       -0.04   9,905.00
1277  2023-10-30 13:00:00  NAS100 14,339.50 14,391.75 14,337.00 14,378.00    38.75        0.27  29,585.00
1278  2023-10-30 17:00:00  NAS100 14,378.00 14,476.50 14,334.75 14,450.75    72.75        0.51 125,759.00
1279  2023-10-30 21:00:00  NAS100 14,451.00 14,458.50 14,306.25 14,426.00   -24.75       -0.17 364,730.00
1280  2023-10-31 01:00:00  NAS100 14,425.75 14,472.00 14,399.25 14,412.75   -13.25       -0.09 148,662.00
1281  2023-10-31 05:00:00  NAS100 14,410.50 14,416.50 14,358.75 14,373.75   -39.00       -0.27  17,886.00
1282  2023-10-31 09:00:00  NAS100 14,373.75 14,382.00 14,326.25 14,334.00   -39.75       -0.28  22,085.00
1283  2023-10-31 13:00:00  NAS100 14,334.50 14,419.00 14,320.25 14,415.50    81.50        0.57  36,537.00
1284  2023-10-31 17:00:00  NAS100 14,415.25 14,454.00 14,311.25 14,340.00   -75.50       -0.52 139,451.00
1285  2023-10-31 21:00:00  NAS100 14,340.75 14,483.50 14,321.75 14,477.50   137.50        0.96 345,178.00
1286  2023-11-01 01:00:00  NAS100 14,477.50 14,503.75 14,441.50 14,452.00   -25.50       -0.18 147,040.00
1287  2023-11-01 05:00:00  NAS100 14,460.00 14,478.00 14,438.75 14,446.50    -5.50       -0.04  13,550.00
1288  2023-11-01 09:00:00  NAS100 14,446.00 14,476.50 14,443.75 14,456.25     9.75        0.07   9,016.00
1289  2023-11-01 13:00:00  NAS100 14,455.75 14,492.25 14,421.25 14,430.75   -25.50       -0.18  26,482.00
1290  2023-11-01 17:00:00  NAS100 14,431.50 14,581.50 14,410.75 14,547.00   116.25        0.81 137,538.00
1291  2023-11-01 21:00:00  NAS100 14,549.75 14,649.50 14,530.00 14,605.75    58.75        0.40 286,639.00
1292  2023-11-02 01:00:00  NAS100 14,605.75 14,762.00 14,558.00 14,761.25   155.50        1.06 261,273.00
1293  2023-11-02 05:00:00  NAS100 14,761.25 14,817.50 14,760.00 14,808.75    47.50        0.32  23,392.00
1294  2023-11-02 09:00:00  NAS100 14,808.75 14,810.50 14,797.50 14,799.50    -9.25       -0.06   9,398.00
1295  2023-11-02 13:00:00  NAS100 14,799.25 14,862.75 14,780.75 14,849.25    49.75        0.34  36,681.00
1296  2023-11-02 17:00:00  NAS100 14,848.75 14,953.50 14,845.50 14,916.50    67.25        0.45 161,783.00
1297  2023-11-02 21:00:00  NAS100 14,915.25 14,999.50 14,869.50 14,993.50    77.00        0.52 271,134.00
1298  2023-11-03 01:00:00  NAS100 14,993.50 15,017.25 14,933.00 14,970.50   -23.00       -0.15 136,900.00
1299  2023-11-03 05:00:00  NAS100 14,928.00 14,964.25 14,925.50 14,960.00   -10.50       -0.07  15,404.00
1300  2023-11-03 09:00:00  NAS100 14,959.75 14,967.75 14,951.50 14,965.50     5.50        0.04   7,434.00
1301  2023-11-03 13:00:00  NAS100 14,965.50 14,967.00 14,933.00 14,948.00   -17.50       -0.12  22,458.00
1302  2023-11-03 17:00:00  NAS100 14,948.00 15,139.75 14,931.50 15,124.25   176.25        1.18 173,724.00
1303  2023-11-03 21:00:00  NAS100 15,126.00 15,204.50 15,051.50 15,191.50    67.25        0.44 278,032.00
1304  2023-11-04 01:00:00  NAS100 15,191.50 15,228.50 15,170.00 15,186.25    -5.25       -0.03 128,119.00
1305  2023-11-06 06:00:00  NAS100 15,187.00 15,202.50 15,162.75 15,181.00    -5.25       -0.03  19,757.00
1306  2023-11-06 10:00:00  NAS100 15,181.00 15,194.00 15,174.25 15,189.75     8.75        0.06  10,485.00
1307  2023-11-06 14:00:00  NAS100 15,190.00 15,225.25 15,184.00 15,217.00    27.25        0.18  26,100.00
1308  2023-11-06 18:00:00  NAS100 15,217.00 15,257.50 15,189.00 15,216.00    -1.00       -0.01 109,360.00
1309  2023-11-06 22:00:00  NAS100 15,216.50 15,246.00 15,138.00 15,169.25   -46.75       -0.31 215,222.00
1310  2023-11-07 02:00:00  NAS100 15,169.50 15,236.50 15,143.25 15,222.50    53.25        0.35 109,186.00
1311  2023-11-07 06:00:00  NAS100 15,215.00 15,223.00 15,199.00 15,210.00   -12.50       -0.08  15,504.00
1312  2023-11-07 10:00:00  NAS100 15,209.50 15,216.25 15,193.00 15,199.50   -10.50       -0.07  10,351.00
1313  2023-11-07 14:00:00  NAS100 15,199.25 15,227.25 15,183.75 15,201.25     1.75        0.01  27,433.00
1314  2023-11-07 18:00:00  NAS100 15,201.00 15,303.25 15,176.00 15,297.75    96.50        0.63 136,498.00
1315  2023-11-07 22:00:00  NAS100 15,297.75 15,407.50 15,272.75 15,400.75   103.00        0.67 264,604.00
1316  2023-11-08 02:00:00  NAS100 15,400.75 15,412.25 15,354.00 15,376.00   -24.75       -0.16 117,092.00
1317  2023-11-08 06:00:00  NAS100 15,373.00 15,376.25 15,359.50 15,374.00    -2.00       -0.01  15,117.00
1318  2023-11-08 10:00:00  NAS100 15,373.75 15,376.00 15,339.00 15,341.75   -32.25       -0.21  15,302.00
1319  2023-11-08 14:00:00  NAS100 15,341.75 15,368.75 15,336.25 15,365.00    23.25        0.15  26,091.00
1320  2023-11-08 18:00:00  NAS100 15,365.25 15,417.50 15,356.75 15,390.00    25.00        0.16 107,037.00
1321  2023-11-08 22:00:00  NAS100 15,389.75 15,395.50 15,286.75 15,358.50   -31.50       -0.20 279,541.00
1322  2023-11-09 02:00:00  NAS100 15,358.75 15,394.50 15,350.25 15,359.50     1.00        0.01  98,211.00
1323  2023-11-09 06:00:00  NAS100 15,356.25 15,377.25 15,345.25 15,365.25     5.75        0.04  13,825.00
1324  2023-11-09 10:00:00  NAS100 15,365.50 15,392.50 15,360.75 15,390.50    25.25        0.16  12,537.00
1325  2023-11-09 14:00:00  NAS100 15,390.75 15,401.75 15,361.25 15,394.50     4.00        0.03  31,418.00
1326  2023-11-09 18:00:00  NAS100 15,394.50 15,423.00 15,362.75 15,423.00    28.50        0.19 116,837.00
1327  2023-11-09 22:00:00  NAS100 15,422.75 15,453.75 15,305.00 15,342.75   -80.25       -0.52 336,177.00
1328  2023-11-10 02:00:00  NAS100 15,342.25 15,342.25 15,236.75 15,255.50   -87.25       -0.57 189,174.00
1329  2023-11-10 06:00:00  NAS100 15,254.75 15,254.75 15,207.75 15,240.00   -15.50       -0.10  22,156.00
1330  2023-11-10 10:00:00  NAS100 15,240.00 15,254.00 15,235.25 15,247.00     7.00        0.05  11,807.00
1331  2023-11-10 14:00:00  NAS100 15,247.75 15,272.75 15,209.00 15,232.00   -15.00       -0.10  37,440.00
1332  2023-11-10 18:00:00  NAS100 15,231.50 15,390.75 15,207.25 15,377.00   145.00        0.95 131,253.00
1333  2023-11-10 22:00:00  NAS100 15,375.25 15,568.75 15,322.00 15,558.25   181.25        1.18 327,884.00
1334  2023-11-11 02:00:00  NAS100 15,558.25 15,612.75 15,551.75 15,583.00    24.75        0.16 132,196.00
1335  2023-11-13 06:00:00  NAS100 15,586.25 15,601.25 15,517.75 15,522.75   -60.25       -0.39  27,053.00
1336  2023-11-13 10:00:00  NAS100 15,522.75 15,540.75 15,509.50 15,537.50    14.75        0.10  14,909.00
1337  2023-11-13 14:00:00  NAS100 15,537.25 15,569.00 15,525.75 15,566.00    28.50        0.18  26,335.00
1338  2023-11-13 18:00:00  NAS100 15,566.75 15,574.25 15,465.25 15,490.50   -75.50       -0.49 122,408.00
1339  2023-11-13 22:00:00  NAS100 15,490.50 15,589.50 15,478.50 15,558.75    68.25        0.44 248,537.00
1340  2023-11-14 02:00:00  NAS100 15,558.75 15,588.50 15,541.50 15,557.25    -1.50       -0.01  86,949.00
1341  2023-11-14 06:00:00  NAS100 15,558.00 15,573.00 15,552.00 15,566.75     9.50        0.06  11,651.00
1342  2023-11-14 10:00:00  NAS100 15,567.00 15,578.00 15,561.25 15,573.75     7.00        0.04  10,090.00
1343  2023-11-14 14:00:00  NAS100 15,573.25 15,607.75 15,567.75 15,579.25     5.50        0.04  28,486.00
1344  2023-11-14 18:00:00  NAS100 15,579.50 15,867.50 15,552.00 15,862.50   283.25        1.82 223,795.00
1345  2023-11-14 22:00:00  NAS100 15,862.00 15,903.00 15,833.25 15,851.50   -11.00       -0.07 229,890.00
1346  2023-11-15 02:00:00  NAS100 15,852.00 15,918.75 15,822.00 15,893.00    41.50        0.26 141,671.00
1347  2023-11-15 06:00:00  NAS100 15,895.00 15,926.25 15,895.00 15,925.50    32.50        0.20  17,078.00
1348  2023-11-15 10:00:00  NAS100 15,925.50 15,940.00 15,918.50 15,930.75     5.25        0.03  16,157.00
1349  2023-11-15 14:00:00  NAS100 15,930.75 15,970.50 15,912.50 15,965.00    34.25        0.21  38,696.00
1350  2023-11-15 18:00:00  NAS100 15,965.25 16,049.50 15,906.00 15,918.00   -47.00       -0.29 157,857.00
1351  2023-11-15 22:00:00  NAS100 15,917.75 15,977.25 15,832.50 15,908.25    -9.75       -0.06 298,490.00
1352  2023-11-16 02:00:00  NAS100 15,908.25 15,928.75 15,832.25 15,845.25   -63.00       -0.40 147,753.00
1353  2023-11-16 06:00:00  NAS100 15,846.75 15,881.00 15,824.00 15,832.25   -13.00       -0.08  24,191.00
1354  2023-11-16 10:00:00  NAS100 15,832.25 15,871.75 15,831.75 15,870.25    38.00        0.24  13,482.00
1355  2023-11-16 14:00:00  NAS100 15,870.50 15,873.50 15,846.25 15,864.75    -5.50       -0.03  27,292.00
1356  2023-11-16 18:00:00  NAS100 15,864.50 15,898.00 15,822.00 15,889.25    24.50        0.15 141,087.00
1357  2023-11-16 22:00:00  NAS100 15,889.25 15,905.75 15,796.75 15,848.25   -41.00       -0.26 302,564.00
1358  2023-11-17 02:00:00  NAS100 15,848.50 15,906.75 15,841.25 15,898.75    50.50        0.32 118,816.00
1359  2023-11-17 06:00:00  NAS100 15,897.75 15,898.00 15,882.75 15,893.75    -5.00       -0.03  12,039.00
1360  2023-11-17 10:00:00  NAS100 15,893.75 15,902.25 15,877.00 15,887.75    -6.00       -0.04  11,124.00
1361  2023-11-17 14:00:00  NAS100 15,888.00 15,918.75 15,875.25 15,906.50    18.75        0.12  33,175.00
1362  2023-11-17 18:00:00  NAS100 15,906.50 15,919.75 15,831.50 15,873.50   -33.00       -0.21 126,326.00
1363  2023-11-17 22:00:00  NAS100 15,873.50 15,920.50 15,825.00 15,910.00    36.50        0.23 244,430.00
1364  2023-11-18 02:00:00  NAS100 15,910.25 15,940.00 15,870.75 15,874.25   -35.75       -0.22 128,925.00
1365  2023-11-20 06:00:00  NAS100 15,895.00 15,903.75 15,848.25 15,861.75   -12.50       -0.08  21,300.00
1366  2023-11-20 10:00:00  NAS100 15,861.75 15,861.75 15,837.25 15,846.25   -15.50       -0.10  11,767.00
1367  2023-11-20 14:00:00  NAS100 15,846.25 15,932.00 15,844.50 15,915.75    69.50        0.44  38,519.00
1368  2023-11-20 18:00:00  NAS100 15,915.25 15,997.00 15,887.25 15,996.25    80.50        0.51 123,935.00
1369  2023-11-20 22:00:00  NAS100 15,996.00 16,076.25 15,937.75 16,070.75    74.50        0.47 242,766.00
1370  2023-11-21 02:00:00  NAS100 16,071.00 16,116.75 16,058.75 16,089.50    18.75        0.12 115,072.00
1371  2023-11-21 06:00:00  NAS100 16,087.50 16,113.75 16,083.00 16,110.50    21.00        0.13  16,337.00
1372  2023-11-21 10:00:00  NAS100 16,110.75 16,122.50 16,089.50 16,102.50    -8.00       -0.05  15,315.00
1373  2023-11-21 14:00:00  NAS100 16,103.00 16,104.00 16,070.75 16,081.00   -21.50       -0.13  26,926.00
1374  2023-11-21 18:00:00  NAS100 16,081.00 16,084.50 15,980.25 15,985.25   -95.75       -0.60 129,897.00
1375  2023-11-21 22:00:00  NAS100 15,985.50 16,003.25 15,916.75 15,975.25   -10.00       -0.06 250,221.00
1376  2023-11-22 02:00:00  NAS100 15,977.00 16,025.00 15,912.00 15,968.50    -6.75       -0.04 129,483.00
1377  2023-11-22 06:00:00  NAS100 15,967.25 15,984.25 15,943.00 15,978.50    10.00        0.06  16,795.00
1378  2023-11-22 10:00:00  NAS100 15,978.75 15,981.75 15,946.25 15,957.50   -21.00       -0.13  12,285.00
1379  2023-11-22 14:00:00  NAS100 15,957.50 16,028.25 15,942.75 16,027.25    69.75        0.44  35,230.00
1380  2023-11-22 18:00:00  NAS100 16,027.00 16,173.50 16,019.25 16,066.50    39.25        0.24 186,432.00
1381  2023-11-22 22:00:00  NAS100 16,067.00 16,104.50 16,005.50 16,090.00    23.50        0.15 256,505.00
1382  2023-11-23 02:00:00  NAS100 16,090.25 16,100.00 16,012.25 16,045.50   -44.50       -0.28 110,301.00
1383  2023-11-23 06:00:00  NAS100 16,036.75 16,062.25 16,034.50 16,053.00     7.50        0.05   9,702.00
1384  2023-11-23 10:00:00  NAS100 16,053.25 16,074.25 16,046.00 16,068.75    15.75        0.10   7,502.00
1385  2023-11-23 14:00:00  NAS100 16,068.50 16,086.50 16,062.75 16,071.00     2.25        0.01  16,024.00
1386  2023-11-23 18:00:00  NAS100 16,071.00 16,077.75 16,054.75 16,056.00   -15.00       -0.09  19,521.00
1387  2023-11-23 22:00:00  NAS100 16,056.75 16,074.75 16,051.50 16,062.50     6.50        0.04  17,035.00
1388  2023-11-24 06:00:00  NAS100 16,062.50 16,077.00 16,057.25 16,065.75     3.25        0.02   8,878.00
1389  2023-11-24 10:00:00  NAS100 16,066.00 16,068.75 16,044.25 16,050.25   -15.50       -0.10   7,929.00
1390  2023-11-24 14:00:00  NAS100 16,050.50 16,071.50 16,026.25 16,048.75    -1.50       -0.01  26,583.00
1391  2023-11-24 18:00:00  NAS100 16,048.75 16,054.00 16,002.00 16,026.50   -22.25       -0.14  74,882.00
1392  2023-11-24 22:00:00  NAS100 16,027.25 16,036.25 15,981.75 16,011.00   -15.50       -0.10 105,876.00
1393  2023-11-27 06:00:00  NAS100 16,008.00 16,009.00 15,945.00 15,948.00   -63.00       -0.39  22,696.00
1394  2023-11-27 10:00:00  NAS100 15,948.00 15,958.00 15,938.75 15,955.75     7.75        0.05  11,945.00
1395  2023-11-27 14:00:00  NAS100 15,956.00 16,011.75 15,956.00 16,009.75    54.00        0.34  28,808.00
1396  2023-11-27 18:00:00  NAS100 16,009.25 16,037.50 15,970.25 16,008.00    -1.75       -0.01 102,506.00
1397  2023-11-27 22:00:00  NAS100 16,008.25 16,089.25 15,998.50 16,053.25    45.25        0.28 219,897.00
1398  2023-11-28 02:00:00  NAS100 16,053.50 16,058.00 15,997.75 16,004.75   -48.50       -0.30 113,208.00
1399  2023-11-28 06:00:00  NAS100 16,005.25 16,014.00 15,986.50 16,007.25     2.50        0.02  15,012.00
1400  2023-11-28 10:00:00  NAS100 16,007.00 16,013.00 15,991.00 16,008.75     1.50        0.01  10,515.00
1401  2023-11-28 14:00:00  NAS100 16,008.75 16,009.25 15,949.75 16,004.50    -4.25       -0.03  35,601.00
1402  2023-11-28 18:00:00  NAS100 16,004.50 16,010.75 15,945.25 15,967.50   -37.00       -0.23 111,051.00
1403  2023-11-28 22:00:00  NAS100 15,968.00 16,071.50 15,965.25 16,002.50    35.00        0.22 296,500.00
1404  2023-11-29 02:00:00  NAS100 16,002.75 16,058.75 15,985.25 16,051.50    49.00        0.31 122,060.00
1405  2023-11-29 06:00:00  NAS100 16,055.50 16,086.50 16,040.50 16,067.25    15.75        0.10  22,065.00
1406  2023-11-29 10:00:00  NAS100 16,067.50 16,079.25 16,059.25 16,074.50     7.25        0.05  12,440.00
1407  2023-11-29 14:00:00  NAS100 16,074.25 16,124.50 16,055.75 16,118.75    44.25        0.28  37,995.00
1408  2023-11-29 18:00:00  NAS100 16,118.75 16,208.50 16,112.25 16,194.25    75.50        0.47 130,343.00
1409  2023-11-29 22:00:00  NAS100 16,194.75 16,203.50 16,031.75 16,075.50  -118.75       -0.73 294,742.00
1410  2023-11-30 02:00:00  NAS100 16,076.25 16,085.00 16,013.50 16,041.25   -34.25       -0.21 130,870.00
1411  2023-11-30 06:00:00  NAS100 16,040.25 16,057.25 16,035.00 16,056.00    14.75        0.09  18,329.00
1412  2023-11-30 10:00:00  NAS100 16,056.00 16,068.50 16,046.50 16,058.75     2.75        0.02  10,729.00
1413  2023-11-30 14:00:00  NAS100 16,059.00 16,071.00 16,031.25 16,061.75     3.00        0.02  29,440.00
1414  2023-11-30 18:00:00  NAS100 16,062.00 16,098.50 15,946.50 15,977.00   -84.75       -0.53 164,840.00
1415  2023-11-30 22:00:00  NAS100 15,976.25 15,999.00 15,856.00 15,875.50  -101.50       -0.64 289,289.00
1416  2023-12-01 02:00:00  NAS100 15,876.00 15,991.25 15,870.75 15,957.00    81.50        0.51 163,847.00
1417  2023-12-01 06:00:00  NAS100 15,955.00 15,970.25 15,950.00 15,963.00     6.00        0.04  12,859.00
1418  2023-12-01 10:00:00  NAS100 15,963.25 15,964.50 15,946.00 15,955.00    -8.00       -0.05  10,715.00
1419  2023-12-01 14:00:00  NAS100 15,955.50 16,000.75 15,945.75 15,966.50    11.50        0.07  29,199.00
1420  2023-12-01 18:00:00  NAS100 15,966.75 15,976.00 15,875.50 15,913.75   -52.75       -0.33 122,362.00
1421  2023-12-01 22:00:00  NAS100 15,913.50 16,050.00 15,864.00 15,994.50    80.75        0.51 339,036.00
1422  2023-12-02 02:00:00  NAS100 15,994.75 16,037.50 15,989.00 16,030.25    35.75        0.22 101,554.00
1423  2023-12-04 06:00:00  NAS100 16,022.00 16,026.00 15,972.75 15,976.50   -53.75       -0.34  21,522.00
1424  2023-12-04 10:00:00  NAS100 15,976.75 15,985.00 15,961.25 15,967.25    -9.25       -0.06  12,592.00
1425  2023-12-04 14:00:00  NAS100 15,968.00 16,003.50 15,943.50 15,966.75    -0.50       -0.00  31,964.00
1426  2023-12-04 18:00:00  NAS100 15,966.50 15,972.50 15,823.00 15,839.75  -127.00       -0.80 151,590.00
1427  2023-12-04 22:00:00  NAS100 15,839.50 15,871.00 15,721.25 15,823.00   -16.75       -0.11 337,746.00
1428  2023-12-05 02:00:00  NAS100 15,823.00 15,885.75 15,796.00 15,857.50    34.50        0.22 151,113.00
1429  2023-12-05 06:00:00  NAS100 15,863.25 15,863.25 15,828.75 15,834.00   -23.50       -0.15  14,492.00
1430  2023-12-05 10:00:00  NAS100 15,834.25 15,842.00 15,792.25 15,796.75   -37.25       -0.24  12,949.00
1431  2023-12-05 14:00:00  NAS100 15,796.50 15,814.75 15,761.25 15,775.00   -21.75       -0.14  38,379.00
1432  2023-12-05 18:00:00  NAS100 15,774.75 15,864.25 15,761.75 15,854.50    79.50        0.50 133,479.00
1433  2023-12-05 22:00:00  NAS100 15,854.75 15,961.00 15,827.50 15,873.00    18.50        0.12 358,300.00
1434  2023-12-06 02:00:00  NAS100 15,873.25 15,926.50 15,858.00 15,899.75    26.75        0.17 115,106.00
1435  2023-12-06 06:00:00  NAS100 15,897.00 15,982.50 15,891.00 15,972.00    72.25        0.45  22,035.00
1436  2023-12-06 10:00:00  NAS100 15,972.00 15,989.75 15,968.75 15,970.75    -1.25       -0.01  13,390.00
1437  2023-12-06 14:00:00  NAS100 15,970.75 15,988.00 15,942.75 15,971.75     1.00        0.01  32,881.00
1438  2023-12-06 18:00:00  NAS100 15,971.25 16,037.75 15,921.75 15,948.75   -23.00       -0.14 159,909.00
1439  2023-12-06 22:00:00  NAS100 15,948.75 15,973.25 15,844.00 15,884.25   -64.50       -0.40 307,312.00
1440  2023-12-07 02:00:00  NAS100 15,884.50 15,888.25 15,802.00 15,814.50   -69.75       -0.44 126,487.00
1441  2023-12-07 06:00:00  NAS100 15,814.50 15,825.00 15,799.75 15,810.25    -4.25       -0.03  17,063.00
1442  2023-12-07 10:00:00  NAS100 15,810.25 15,819.50 15,792.50 15,794.75   -15.50       -0.10  12,303.00
1443  2023-12-07 14:00:00  NAS100 15,795.00 15,852.25 15,791.00 15,847.75    53.00        0.34  32,983.00
1444  2023-12-07 18:00:00  NAS100 15,847.00 15,982.00 15,835.75 15,907.00    59.25        0.37 161,928.00
1445  2023-12-07 22:00:00  NAS100 15,907.25 16,056.00 15,904.00 16,033.75   126.75        0.80 277,624.00
1446  2023-12-08 02:00:00  NAS100 16,033.75 16,066.00 16,006.00 16,018.00   -15.75       -0.10 110,208.00
1447  2023-12-08 06:00:00  NAS100 16,017.50 16,030.75 16,006.50 16,018.00     0.00        0.00  11,922.00
1448  2023-12-08 10:00:00  NAS100 16,017.25 16,029.00 16,009.75 16,011.75    -6.25       -0.04   6,983.00
1449  2023-12-08 14:00:00  NAS100 16,012.50 16,038.75 15,988.25 16,030.50    18.75        0.12  20,049.00
1450  2023-12-08 18:00:00  NAS100 16,031.25 16,034.50 15,888.25 15,991.25   -39.25       -0.24 147,219.00
1451  2023-12-08 22:00:00  NAS100 15,997.75 16,113.50 15,989.50 16,086.50    95.25        0.60 259,798.00
1452  2023-12-09 02:00:00  NAS100 16,086.50 16,118.75 16,081.00 16,094.00     7.50        0.05  79,935.00
1453  2023-12-11 06:00:00  NAS100 16,093.00 16,114.50 16,052.00 16,053.50   -40.50       -0.25  15,115.00
1454  2023-12-11 10:00:00  NAS100 16,054.00 16,077.25 16,049.25 16,060.75     7.25        0.05   7,827.00
1455  2023-12-11 14:00:00  NAS100 16,060.00 16,090.75 16,052.00 16,061.25     0.50        0.00  14,821.00
1456  2023-12-11 18:00:00  NAS100 16,061.75 16,163.75 16,045.50 16,160.00    98.75        0.61  64,944.00
1457  2023-12-11 22:00:00  NAS100 16,160.75 16,243.75 16,121.50 16,235.25    75.25        0.47 103,227.00
1458  2023-12-12 02:00:00  NAS100 16,234.75 16,248.00 16,210.50 16,243.25     8.00        0.05  34,482.00
1459  2023-12-12 06:00:00  NAS100 16,453.00 16,485.00 16,441.00 16,468.75   225.50        1.39  16,818.00
1460  2023-12-12 10:00:00  NAS100 16,468.50 16,481.50 16,465.25 16,476.25     7.50        0.05   8,450.00
1461  2023-12-12 14:00:00  NAS100 16,476.50 16,492.50 16,462.75 16,466.50    -9.75       -0.06  21,183.00
1462  2023-12-12 18:00:00  NAS100 16,466.25 16,548.00 16,396.50 16,467.25     0.75        0.00 153,158.00
1463  2023-12-12 22:00:00  NAS100 16,467.50 16,534.50 16,454.50 16,530.50    63.25        0.38 206,208.00
1464  2023-12-13 02:00:00  NAS100 16,530.50 16,600.00 16,523.25 16,596.75    66.25        0.40 107,708.00
1465  2023-12-13 06:00:00  NAS100 16,596.00 16,613.25 16,590.00 16,602.00     5.25        0.03  13,360.00
1466  2023-12-13 10:00:00  NAS100 16,602.50 16,610.50 16,593.75 16,596.50    -5.50       -0.03   9,242.00
1467  2023-12-13 14:00:00  NAS100 16,597.00 16,617.75 16,592.75 16,599.50     3.00        0.02  20,841.00
1468  2023-12-13 18:00:00  NAS100 16,599.50 16,657.25 16,596.50 16,610.50    11.00        0.07 118,491.00
1469  2023-12-13 22:00:00  NAS100 16,610.75 16,647.50 16,576.00 16,590.50   -20.00       -0.12 176,671.00
1470  2023-12-14 02:00:00  NAS100 16,591.75 16,806.50 16,590.00 16,762.50   172.00        1.04 288,597.00
1471  2023-12-14 06:00:00  NAS100 16,777.50 16,885.00 16,775.25 16,869.25   106.75        0.64  36,713.00
1472  2023-12-14 10:00:00  NAS100 16,868.75 16,883.75 16,850.25 16,877.50     8.25        0.05  16,421.00
1473  2023-12-14 14:00:00  NAS100 16,877.25 16,878.00 16,820.25 16,846.50   -31.00       -0.18  39,295.00
1474  2023-12-14 18:00:00  NAS100 16,847.00 16,877.25 16,807.00 16,849.25     2.75        0.02 153,192.00
1475  2023-12-14 22:00:00  NAS100 16,849.25 16,850.75 16,628.00 16,668.00  -181.25       -1.08 341,694.00
1476  2023-12-15 02:00:00  NAS100 16,668.00 16,766.00 16,666.50 16,743.00    75.00        0.45 150,573.00
1477  2023-12-15 06:00:00  NAS100 16,739.25 16,774.50 16,732.25 16,768.00    25.00        0.15  17,245.00
1478  2023-12-15 10:00:00  NAS100 16,768.25 16,781.25 16,765.50 16,771.25     3.25        0.02  10,720.00
1479  2023-12-15 14:00:00  NAS100 16,771.25 16,813.50 16,770.25 16,797.25    26.00        0.16  28,795.00
1480  2023-12-15 18:00:00  NAS100 16,797.50 16,844.25 16,756.75 16,821.75    24.50        0.15 159,539.00
1481  2023-12-15 22:00:00  NAS100 16,822.75 16,887.25 16,762.50 16,780.00   -41.75       -0.25 273,403.00
1482  2023-12-16 02:00:00  NAS100 16,780.25 16,867.75 16,770.25 16,815.00    35.00        0.21 151,877.00
1483  2023-12-18 06:00:00  NAS100 16,820.25 16,846.00 16,802.25 16,840.25    25.25        0.15  17,636.00
1484  2023-12-18 10:00:00  NAS100 16,840.00 16,858.75 16,835.75 16,843.75     3.50        0.02   9,816.00
1485  2023-12-18 14:00:00  NAS100 16,844.25 16,855.50 16,808.00 16,836.00    -7.75       -0.05  26,360.00
1486  2023-12-18 18:00:00  NAS100 16,836.50 16,883.00 16,817.00 16,878.50    42.50        0.25 103,053.00
1487  2023-12-18 22:00:00  NAS100 16,878.75 16,957.75 16,855.75 16,954.50    76.00        0.45 184,220.00
1488  2023-12-19 02:00:00  NAS100 16,954.50 16,974.00 16,912.75 16,921.75   -32.75       -0.19 106,777.00
1489  2023-12-19 06:00:00  NAS100 16,917.00 16,935.00 16,910.75 16,925.00     3.25        0.02  13,503.00
1490  2023-12-19 10:00:00  NAS100 16,925.50 16,938.25 16,917.75 16,924.75    -0.25       -0.00  11,978.00
1491  2023-12-19 14:00:00  NAS100 16,925.00 16,950.50 16,920.00 16,946.50    21.75        0.13  20,286.00
1492  2023-12-19 18:00:00  NAS100 16,947.00 16,995.50 16,938.75 16,980.75    34.25        0.20 121,692.00
1493  2023-12-19 22:00:00  NAS100 16,981.00 17,012.50 16,954.25 16,993.25    12.50        0.07 220,286.00
1494  2023-12-20 02:00:00  NAS100 16,993.75 17,029.50 16,984.50 17,026.00    32.75        0.19  99,976.00
1495  2023-12-20 06:00:00  NAS100 17,024.00 17,044.00 17,020.25 17,041.50    15.50        0.09  12,275.00
1496  2023-12-20 10:00:00  NAS100 17,041.50 17,046.00 17,026.00 17,032.25    -9.25       -0.05  13,426.00
1497  2023-12-20 14:00:00  NAS100 17,032.75 17,040.25 16,962.00 16,973.00   -59.25       -0.35  39,088.00
1498  2023-12-20 18:00:00  NAS100 16,973.25 17,024.00 16,963.25 17,016.50    43.50        0.26  89,506.00
1499  2023-12-20 22:00:00  NAS100 17,016.50 17,073.50 17,009.00 17,039.00    22.50        0.13 195,267.00
1500  2023-12-21 02:00:00  NAS100 17,039.25 17,043.00 16,758.50 16,794.75  -244.25       -1.43 293,587.00
1501  2023-12-21 06:00:00  NAS100 16,790.25 16,824.50 16,790.25 16,820.25    25.50        0.15  18,336.00
1502  2023-12-21 10:00:00  NAS100 16,820.25 16,848.00 16,819.50 16,844.00    23.75        0.14  13,709.00
1503  2023-12-21 14:00:00  NAS100 16,844.25 16,890.75 16,842.25 16,863.50    19.50        0.12  33,547.00
1504  2023-12-21 18:00:00  NAS100 16,863.25 16,970.25 16,860.25 16,893.50    30.00        0.18 136,580.00
1505  2023-12-21 22:00:00  NAS100 16,893.50 16,933.25 16,815.00 16,881.00   -12.50       -0.07 300,313.00
1506  2023-12-22 02:00:00  NAS100 16,881.00 16,966.00 16,865.00 16,949.50    68.50        0.41 128,536.00
1507  2023-12-22 06:00:00  NAS100 16,956.00 16,956.25 16,907.25 16,919.50   -30.00       -0.18  18,140.00
1508  2023-12-22 10:00:00  NAS100 16,919.50 16,922.50 16,891.50 16,904.00   -15.50       -0.09  11,699.00
1509  2023-12-22 14:00:00  NAS100 16,903.75 16,932.75 16,898.50 16,932.50    28.50        0.17  18,577.00
1510  2023-12-22 18:00:00  NAS100 16,932.25 17,041.50 16,926.75 17,022.50    90.00        0.53 118,258.00
1511  2023-12-22 22:00:00  NAS100 17,024.50 17,035.50 16,968.00 17,004.25   -18.25       -0.11 170,886.00
1512  2023-12-23 02:00:00  NAS100 17,004.00 17,006.25 16,896.00 16,962.50   -41.75       -0.25 141,188.00
1513  2023-12-26 06:00:00  NAS100 16,964.50 17,011.00 16,964.50 17,005.75    43.25        0.25  13,803.00
1514  2023-12-26 10:00:00  NAS100 17,005.75 17,028.75 17,005.75 17,025.50    19.75        0.12   7,996.00
1515  2023-12-26 14:00:00  NAS100 17,026.00 17,037.25 17,003.00 17,015.75    -9.75       -0.06   9,613.00
1516  2023-12-26 18:00:00  NAS100 17,015.50 17,052.00 16,984.75 17,041.00    25.25        0.15  64,878.00
1517  2023-12-26 22:00:00  NAS100 17,041.00 17,064.50 17,022.50 17,048.75     7.75        0.05 110,975.00
1518  2023-12-27 02:00:00  NAS100 17,049.25 17,111.25 17,046.75 17,090.00    41.25        0.24  78,905.00
1519  2023-12-27 06:00:00  NAS100 17,090.25 17,102.75 17,074.25 17,079.75   -10.25       -0.06  11,149.00
1520  2023-12-27 10:00:00  NAS100 17,080.00 17,097.50 17,074.00 17,091.25    11.50        0.07   8,215.00
1521  2023-12-27 14:00:00  NAS100 17,091.50 17,100.75 17,072.75 17,081.75    -9.50       -0.06  16,345.00
1522  2023-12-27 18:00:00  NAS100 17,081.50 17,121.75 17,074.75 17,115.50    33.75        0.20  68,476.00
1523  2023-12-27 22:00:00  NAS100 17,115.50 17,127.75 17,055.50 17,104.50   -11.00       -0.06 188,276.00
1524  2023-12-28 02:00:00  NAS100 17,104.50 17,133.00 17,060.75 17,130.00    25.50        0.15 124,599.00
1525  2023-12-28 06:00:00  NAS100 17,127.00 17,155.75 17,118.25 17,152.50    22.50        0.13  14,021.00
1526  2023-12-28 10:00:00  NAS100 17,152.50 17,152.50 17,139.00 17,150.50    -2.00       -0.01   9,052.00
1527  2023-12-28 14:00:00  NAS100 17,151.00 17,158.50 17,145.00 17,147.75    -2.75       -0.02  15,337.00
1528  2023-12-28 18:00:00  NAS100 17,147.50 17,165.25 17,114.75 17,124.50   -23.25       -0.14  70,030.00
1529  2023-12-28 22:00:00  NAS100 17,124.50 17,144.50 17,092.75 17,114.75    -9.75       -0.06 160,075.00
1530  2023-12-29 02:00:00  NAS100 17,115.50 17,129.00 17,077.75 17,089.50   -25.25       -0.15  84,503.00
1531  2023-12-29 06:00:00  NAS100 17,090.25 17,109.00 17,083.25 17,097.25     7.75        0.05  11,201.00
1532  2023-12-29 10:00:00  NAS100 17,096.75 17,110.75 17,087.50 17,109.25    12.00        0.07   7,772.00
1533  2023-12-29 14:00:00  NAS100 17,109.00 17,131.00 17,102.75 17,111.75     2.50        0.01  16,768.00
1534  2023-12-29 18:00:00  NAS100 17,111.50 17,120.25 17,066.00 17,096.00   -15.75       -0.09  63,016.00
1535  2023-12-29 22:00:00  NAS100 17,096.25 17,105.75 16,938.25 17,023.50   -72.50       -0.42 254,262.00
1536  2023-12-30 02:00:00  NAS100 17,023.75 17,049.75 16,987.25 17,003.75   -19.75       -0.12 107,918.00
1537  2024-01-02 06:00:00  NAS100 17,019.00 17,038.50 17,001.00 17,008.25     4.50        0.03  15,648.00
1538  2024-01-02 10:00:00  NAS100 17,008.25 17,019.50 17,002.25 17,004.50    -3.75       -0.02   7,878.00
1539  2024-01-02 14:00:00  NAS100 17,004.25 17,036.75 16,968.25 16,971.00   -33.50       -0.20  24,112.00
1540  2024-01-02 18:00:00  NAS100 16,970.75 16,976.50 16,719.50 16,763.50  -207.50       -1.22 160,769.00
1541  2024-01-02 22:00:00  NAS100 16,763.50 16,789.00 16,685.00 16,696.00   -67.50       -0.40 259,313.00
1542  2024-01-03 02:00:00  NAS100 16,696.50 16,736.50 16,622.50 16,731.75    35.75        0.21 166,473.00
1543  2024-01-03 06:00:00  NAS100 16,736.75 16,737.25 16,700.00 16,702.75   -29.00       -0.17  13,503.00
1544  2024-01-03 10:00:00  NAS100 16,703.00 16,716.75 16,689.00 16,711.50     8.75        0.05  10,585.00
1545  2024-01-03 14:00:00  NAS100 16,711.00 16,729.50 16,636.75 16,657.50   -54.00       -0.32  35,002.00
1546  2024-01-03 18:00:00  NAS100 16,657.75 16,665.75 16,581.50 16,613.75   -43.75       -0.26 153,694.00
1547  2024-01-03 22:00:00  NAS100 16,612.75 16,653.50 16,544.00 16,585.50   -28.25       -0.17 260,526.00
1548  2024-01-04 02:00:00  NAS100 16,583.50 16,628.75 16,522.00 16,542.75   -42.75       -0.26 195,036.00
1549  2024-01-04 06:00:00  NAS100 16,545.25 16,563.25 16,533.00 16,552.25     9.50        0.06  13,846.00
1550  2024-01-04 10:00:00  NAS100 16,552.00 16,570.50 16,539.50 16,569.25    17.00        0.10   9,093.00
1551  2024-01-04 14:00:00  NAS100 16,569.75 16,587.25 16,545.75 16,563.75    -5.50       -0.03  23,888.00
1552  2024-01-04 18:00:00  NAS100 16,563.75 16,573.00 16,443.25 16,460.75  -103.00       -0.62 133,093.00
1553  2024-01-04 22:00:00  NAS100 16,460.25 16,583.75 16,445.75 16,505.25    44.50        0.27 249,209.00
1554  2024-01-05 02:00:00  NAS100 16,505.25 16,515.00 16,436.00 16,450.75   -54.50       -0.33 122,126.00
1555  2024-01-05 06:00:00  NAS100 16,455.00 16,469.00 16,448.75 16,451.50     0.75        0.00  11,696.00
1556  2024-01-05 10:00:00  NAS100 16,451.25 16,456.75 16,401.25 16,412.00   -39.50       -0.24  13,068.00
1557  2024-01-05 14:00:00  NAS100 16,412.25 16,438.75 16,371.75 16,385.50   -26.50       -0.16  28,259.00
1558  2024-01-05 18:00:00  NAS100 16,385.75 16,495.50 16,334.25 16,471.50    86.00        0.52 164,393.00
1559  2024-01-05 22:00:00  NAS100 16,472.75 16,577.25 16,430.25 16,488.50    17.00        0.10 277,396.00
1560  2024-01-06 02:00:00  NAS100 16,489.00 16,509.75 16,403.75 16,465.00   -23.50       -0.14 125,820.00
1561  2024-01-08 06:00:00  NAS100 16,470.00 16,500.25 16,457.00 16,461.00    -4.00       -0.02  18,307.00
1562  2024-01-08 10:00:00  NAS100 16,461.75 16,463.00 16,432.00 16,438.50   -22.50       -0.14  13,584.00
1563  2024-01-08 14:00:00  NAS100 16,439.00 16,462.00 16,378.25 16,424.25   -14.25       -0.09  29,079.00
1564  2024-01-08 18:00:00  NAS100 16,424.50 16,633.50 16,410.00 16,628.50   204.25        1.24 129,065.00
1565  2024-01-08 22:00:00  NAS100 16,628.50 16,742.75 16,612.75 16,741.50   113.00        0.68 214,686.00
1566  2024-01-09 02:00:00  NAS100 16,741.50 16,811.25 16,731.75 16,788.25    46.75        0.28 132,901.00
1567  2024-01-09 06:00:00  NAS100 16,788.00 16,796.00 16,780.50 16,794.50     6.25        0.04  12,594.00
1568  2024-01-09 10:00:00  NAS100 16,794.50 16,796.00 16,772.50 16,784.75    -9.75       -0.06   9,993.00
1569  2024-01-09 14:00:00  NAS100 16,784.75 16,784.75 16,719.50 16,730.25   -54.50       -0.32  28,398.00
1570  2024-01-09 18:00:00  NAS100 16,730.25 16,736.50 16,657.75 16,705.00   -25.25       -0.15 133,540.00
1571  2024-01-09 22:00:00  NAS100 16,705.00 16,868.50 16,683.25 16,840.75   135.75        0.81 264,336.00
1572  2024-01-10 02:00:00  NAS100 16,840.75 16,856.00 16,776.50 16,829.50   -11.25       -0.07 149,061.00
1573  2024-01-10 06:00:00  NAS100 16,829.50 16,850.75 16,816.50 16,836.75     7.25        0.04  14,061.00
1574  2024-01-10 10:00:00  NAS100 16,837.00 16,838.00 16,806.25 16,812.75   -24.00       -0.14   9,529.00
1575  2024-01-10 14:00:00  NAS100 16,813.25 16,906.25 16,810.25 16,873.75    61.00        0.36  30,507.00
1576  2024-01-10 18:00:00  NAS100 16,875.00 16,884.25 16,809.25 16,837.25   -36.50       -0.22 112,738.00
1577  2024-01-10 22:00:00  NAS100 16,837.25 16,932.50 16,801.50 16,924.50    87.25        0.52 223,683.00
1578  2024-01-11 02:00:00  NAS100 16,924.50 16,983.00 16,892.75 16,957.00    32.50        0.19 153,521.00
1579  2024-01-11 06:00:00  NAS100 16,955.00 16,996.75 16,944.75 16,994.25    37.25        0.22  16,011.00
1580  2024-01-11 10:00:00  NAS100 16,994.25 17,014.25 16,992.00 17,007.50    13.25        0.08  13,464.00
1581  2024-01-11 14:00:00  NAS100 17,007.50 17,048.00 16,992.50 17,004.00    -3.50       -0.02  30,411.00
1582  2024-01-11 18:00:00  NAS100 17,004.25 17,057.00 16,892.25 16,958.25   -45.75       -0.27 187,096.00
1583  2024-01-11 22:00:00  NAS100 16,958.25 16,961.50 16,753.00 16,933.75   -24.50       -0.14 367,742.00
1584  2024-01-12 02:00:00  NAS100 16,934.00 16,983.75 16,915.50 16,958.25    24.50        0.14 133,851.00
1585  2024-01-12 06:00:00  NAS100 16,957.75 16,965.25 16,920.25 16,958.00    -0.25       -0.00  18,379.00
1586  2024-01-12 10:00:00  NAS100 16,958.50 16,960.50 16,937.25 16,958.00     0.00        0.00   9,603.00
1587  2024-01-12 14:00:00  NAS100 16,958.25 16,977.75 16,913.25 16,923.50   -34.50       -0.20  30,793.00
1588  2024-01-12 18:00:00  NAS100 16,924.00 17,042.50 16,866.50 16,986.00    62.50        0.37 153,649.00
1589  2024-01-12 22:00:00  NAS100 16,986.50 17,006.00 16,913.50 16,979.25    -6.75       -0.04 264,943.00
1590  2024-01-13 02:00:00  NAS100 16,979.25 16,994.00 16,932.00 16,955.25   -24.00       -0.14 110,209.00
1591  2024-01-15 06:00:00  NAS100 16,961.75 16,982.25 16,938.75 16,980.25    25.00        0.15  12,775.00
1592  2024-01-15 10:00:00  NAS100 16,980.75 17,013.25 16,980.25 17,008.50    28.25        0.17  10,705.00
1593  2024-01-15 14:00:00  NAS100 17,008.75 17,024.25 16,954.25 16,969.25   -39.25       -0.23  24,045.00
1594  2024-01-15 18:00:00  NAS100 16,970.25 16,980.75 16,936.25 16,952.50   -16.75       -0.10  27,652.00
1595  2024-01-15 22:00:00  NAS100 16,953.00 16,979.00 16,940.50 16,970.00    17.50        0.10  27,719.00
1596  2024-01-16 06:00:00  NAS100 16,961.00 16,965.00 16,881.75 16,902.50   -67.50       -0.40  28,056.00
1597  2024-01-16 10:00:00  NAS100 16,902.25 16,904.50 16,866.00 16,881.00   -21.50       -0.13  15,380.00
1598  2024-01-16 14:00:00  NAS100 16,881.50 16,893.75 16,811.75 16,845.75   -35.25       -0.21  38,861.00
1599  2024-01-16 18:00:00  NAS100 16,845.25 16,946.25 16,845.25 16,913.75    68.00        0.40 136,002.00
1600  2024-01-16 22:00:00  NAS100 16,914.00 17,033.75 16,889.75 16,902.25   -11.50       -0.07 361,969.00
1601  2024-01-17 02:00:00  NAS100 16,902.50 16,981.25 16,862.00 16,978.00    75.75        0.45 123,309.00
1602  2024-01-17 06:00:00  NAS100 16,978.00 16,982.00 16,927.75 16,928.75   -49.25       -0.29  15,601.00
1603  2024-01-17 10:00:00  NAS100 16,928.75 16,930.25 16,834.00 16,843.25   -85.50       -0.51  25,843.00
1604  2024-01-17 14:00:00  NAS100 16,843.00 16,882.50 16,816.00 16,871.75    28.50        0.17  44,402.00
1605  2024-01-17 18:00:00  NAS100 16,871.75 16,908.00 16,703.75 16,707.00  -164.75       -0.98 165,877.00
1606  2024-01-17 22:00:00  NAS100 16,707.50 16,841.25 16,689.25 16,761.00    54.00        0.32 313,264.00
1607  2024-01-18 02:00:00  NAS100 16,761.00 16,885.00 16,755.00 16,860.25    99.25        0.59 140,352.00
1608  2024-01-18 06:00:00  NAS100 16,854.50 16,872.50 16,834.25 16,854.25    -6.00       -0.04  17,449.00
1609  2024-01-18 10:00:00  NAS100 16,854.50 16,896.00 16,839.25 16,892.50    38.25        0.23  15,401.00
1610  2024-01-18 14:00:00  NAS100 16,892.25 16,947.75 16,870.25 16,942.50    50.00        0.30  36,278.00
1611  2024-01-18 18:00:00  NAS100 16,942.75 17,054.25 16,940.50 17,027.75    85.25        0.50 174,259.00
1612  2024-01-18 22:00:00  NAS100 17,027.50 17,102.25 16,942.50 17,016.25   -11.50       -0.07 391,840.00
1613  2024-01-19 02:00:00  NAS100 17,016.50 17,125.75 17,016.25 17,117.25   101.00        0.59 201,323.00
1614  2024-01-19 06:00:00  NAS100 17,116.00 17,172.00 17,107.25 17,169.75    52.50        0.31  26,737.00
1615  2024-01-19 10:00:00  NAS100 17,169.25 17,178.50 17,147.75 17,163.50    -6.25       -0.04  14,213.00
1616  2024-01-19 14:00:00  NAS100 17,163.75 17,244.75 17,152.25 17,235.25    71.75        0.42  43,168.00
1617  2024-01-19 18:00:00  NAS100 17,235.50 17,255.25 17,166.25 17,208.50   -26.75       -0.16 132,606.00
1618  2024-01-19 22:00:00  NAS100 17,210.00 17,395.50 17,169.00 17,395.25   186.75        1.09 340,283.00
1619  2024-01-20 02:00:00  NAS100 17,395.50 17,471.25 17,385.50 17,462.75    67.50        0.39 186,810.00
1620  2024-01-22 06:00:00  NAS100 17,466.00 17,569.00 17,466.00 17,549.75    87.00        0.50  38,131.00
1621  2024-01-22 10:00:00  NAS100 17,550.00 17,555.25 17,530.00 17,543.25    -6.50       -0.04  14,009.00
1622  2024-01-22 14:00:00  NAS100 17,543.00 17,560.25 17,518.50 17,536.25    -7.00       -0.04  30,187.00
1623  2024-01-22 18:00:00  NAS100 17,535.75 17,585.00 17,492.00 17,540.25     4.00        0.02 139,326.00
1624  2024-01-22 22:00:00  NAS100 17,540.50 17,551.75 17,434.00 17,479.25   -61.00       -0.35 289,490.00
1625  2024-01-23 02:00:00  NAS100 17,479.50 17,490.00 17,442.00 17,455.50   -23.75       -0.14 114,702.00
1626  2024-01-23 06:00:00  NAS100 17,461.00 17,487.75 17,450.00 17,470.25    14.75        0.08  17,262.00
1627  2024-01-23 10:00:00  NAS100 17,470.25 17,485.00 17,465.25 17,476.75     6.50        0.04   9,749.00
1628  2024-01-23 14:00:00  NAS100 17,477.00 17,487.25 17,420.50 17,448.50   -28.25       -0.16  28,913.00
1629  2024-01-23 18:00:00  NAS100 17,448.50 17,525.50 17,409.50 17,473.75    25.25        0.14 117,658.00
1630  2024-01-23 22:00:00  NAS100 17,473.75 17,494.00 17,427.50 17,481.75     8.00        0.05 205,797.00
1631  2024-01-24 02:00:00  NAS100 17,481.75 17,558.25 17,464.50 17,552.50    70.75        0.40 121,478.00
1632  2024-01-24 06:00:00  NAS100 17,554.00 17,588.50 17,552.25 17,586.25    33.75        0.19  17,019.00
1633  2024-01-24 10:00:00  NAS100 17,586.00 17,631.50 17,584.50 17,620.25    34.00        0.19  16,539.00
1634  2024-01-24 14:00:00  NAS100 17,620.25 17,666.25 17,617.00 17,651.00    30.75        0.17  37,068.00
1635  2024-01-24 18:00:00  NAS100 17,651.00 17,695.50 17,637.50 17,669.75    18.75        0.11 123,941.00
1636  2024-01-24 22:00:00  NAS100 17,669.50 17,793.50 17,638.00 17,714.75    45.00        0.25 331,142.00
1637  2024-01-25 02:00:00  NAS100 17,714.75 17,719.00 17,569.75 17,630.25   -84.50       -0.48 185,728.00
1638  2024-01-25 06:00:00  NAS100 17,614.75 17,635.75 17,589.25 17,601.50   -28.75       -0.16  21,830.00
1639  2024-01-25 10:00:00  NAS100 17,601.50 17,630.50 17,593.75 17,623.50    22.00        0.12  11,106.00
1640  2024-01-25 14:00:00  NAS100 17,623.75 17,655.25 17,603.00 17,617.75    -5.75       -0.03  30,157.00
1641  2024-01-25 18:00:00  NAS100 17,617.75 17,727.25 17,610.25 17,668.50    50.75        0.29 146,357.00
1642  2024-01-25 22:00:00  NAS100 17,669.00 17,752.00 17,570.25 17,576.75   -91.75       -0.52 340,136.00
1643  2024-01-26 02:00:00  NAS100 17,576.75 17,650.75 17,542.00 17,579.50     2.75        0.02 152,922.00
1644  2024-01-26 06:00:00  NAS100 17,571.25 17,571.50 17,508.75 17,518.75   -60.75       -0.35  24,365.00
1645  2024-01-26 10:00:00  NAS100 17,518.75 17,527.00 17,479.50 17,499.00   -19.75       -0.11  21,359.00
1646  2024-01-26 14:00:00  NAS100 17,499.50 17,546.75 17,466.00 17,534.50    35.50        0.20  37,342.00
1647  2024-01-26 18:00:00  NAS100 17,534.00 17,611.50 17,517.25 17,548.75    14.25        0.08 132,050.00
1648  2024-01-26 22:00:00  NAS100 17,548.50 17,632.00 17,503.50 17,518.50   -30.25       -0.17 290,501.00
1649  2024-01-27 02:00:00  NAS100 17,518.75 17,573.75 17,496.75 17,504.75   -13.75       -0.08 120,448.00
1650  2024-01-29 06:00:00  NAS100 17,502.00 17,540.75 17,457.50 17,534.50    29.75        0.17  25,013.00
1651  2024-01-29 10:00:00  NAS100 17,534.75 17,553.25 17,524.00 17,545.50    11.00        0.06  14,212.00
1652  2024-01-29 14:00:00  NAS100 17,545.00 17,591.50 17,540.25 17,563.75    18.25        0.10  31,433.00
1653  2024-01-29 18:00:00  NAS100 17,564.00 17,583.50 17,529.75 17,558.25    -5.50       -0.03  91,258.00
1654  2024-01-29 22:00:00  NAS100 17,558.50 17,609.50 17,519.75 17,587.75    29.50        0.17 236,098.00
1655  2024-01-30 02:00:00  NAS100 17,588.00 17,716.25 17,583.00 17,700.25   112.50        0.64 162,752.00
1656  2024-01-30 06:00:00  NAS100 17,711.75 17,735.75 17,699.50 17,717.50    17.25        0.10  19,609.00
1657  2024-01-30 10:00:00  NAS100 17,717.50 17,728.75 17,700.75 17,705.75   -11.75       -0.07  11,785.00
1658  2024-01-30 14:00:00  NAS100 17,705.75 17,721.25 17,665.50 17,699.00    -6.75       -0.04  33,779.00
1659  2024-01-30 18:00:00  NAS100 17,699.00 17,706.00 17,645.25 17,669.25   -29.75       -0.17  89,245.00
1660  2024-01-30 22:00:00  NAS100 17,669.25 17,672.25 17,554.50 17,570.75   -98.50       -0.56 248,593.00
1661  2024-01-31 02:00:00  NAS100 17,571.00 17,608.50 17,467.00 17,470.25  -100.50       -0.57 144,323.00
1662  2024-01-31 06:00:00  NAS100 17,415.50 17,462.00 17,410.00 17,439.75   -30.50       -0.17  24,645.00
1663  2024-01-31 10:00:00  NAS100 17,439.75 17,455.00 17,429.75 17,431.50    -8.25       -0.05  11,400.00
1664  2024-01-31 14:00:00  NAS100 17,431.00 17,468.75 17,342.50 17,357.25   -74.25       -0.43  45,102.00
1665  2024-01-31 18:00:00  NAS100 17,357.00 17,454.25 17,333.75 17,369.50    12.25        0.07 150,814.00
1666  2024-01-31 22:00:00  NAS100 17,370.00 17,403.50 17,283.50 17,382.75    13.25        0.08 248,671.00
1667  2024-02-01 02:00:00  NAS100 17,384.75 17,484.00 17,221.50 17,265.25  -117.50       -0.68 322,872.00
1668  2024-02-01 06:00:00  NAS100 17,273.25 17,324.50 17,266.75 17,316.25    51.00        0.30  22,384.00
1669  2024-02-01 10:00:00  NAS100 17,316.50 17,326.25 17,267.00 17,271.00   -45.25       -0.26  13,999.00
1670  2024-02-01 14:00:00  NAS100 17,272.25 17,356.00 17,262.75 17,353.00    82.00        0.47  35,220.00
1671  2024-02-01 18:00:00  NAS100 17,352.50 17,363.75 17,285.25 17,303.50   -49.50       -0.29 126,275.00
1672  2024-02-01 22:00:00  NAS100 17,300.25 17,414.00 17,264.00 17,373.50    70.00        0.40 324,337.00
1673  2024-02-02 02:00:00  NAS100 17,373.50 17,646.75 17,373.00 17,628.00   254.50        1.46 175,457.00
1674  2024-02-02 06:00:00  NAS100 17,588.00 17,631.75 17,578.50 17,618.75    -9.25       -0.05  23,117.00
1675  2024-02-02 10:00:00  NAS100 17,619.25 17,621.25 17,594.00 17,608.25   -10.50       -0.06  11,565.00
1676  2024-02-02 14:00:00  NAS100 17,607.00 17,636.00 17,579.00 17,609.00     0.75        0.00  31,344.00
1677  2024-02-02 18:00:00  NAS100 17,609.00 17,643.25 17,465.50 17,594.00   -15.00       -0.09 196,093.00
1678  2024-02-02 22:00:00  NAS100 17,590.50 17,756.50 17,548.50 17,728.25   134.25        0.76 341,533.00
1679  2024-02-03 02:00:00  NAS100 17,729.00 17,775.50 17,684.25 17,687.00   -41.25       -0.23 146,465.00
1680  2024-02-05 06:00:00  NAS100 17,696.00 17,728.25 17,664.00 17,677.50    -9.50       -0.05  27,888.00
1681  2024-02-05 10:00:00  NAS100 17,678.00 17,705.50 17,673.00 17,694.75    17.25        0.10  13,003.00
1682  2024-02-05 14:00:00  NAS100 17,694.25 17,726.00 17,673.75 17,718.25    23.50        0.13  29,394.00
1683  2024-02-05 18:00:00  NAS100 17,718.50 17,739.25 17,676.50 17,704.25   -14.00       -0.08 115,813.00
1684  2024-02-05 22:00:00  NAS100 17,704.75 17,722.50 17,554.25 17,697.00    -7.25       -0.04 287,891.00
1685  2024-02-06 02:00:00  NAS100 17,697.25 17,745.50 17,673.50 17,702.50     5.50        0.03 140,930.00
1686  2024-02-06 06:00:00  NAS100 17,698.50 17,731.25 17,693.00 17,723.75    21.25        0.12  12,692.00
1687  2024-02-06 10:00:00  NAS100 17,724.25 17,752.00 17,723.00 17,736.75    13.00        0.07  13,394.00
1688  2024-02-06 14:00:00  NAS100 17,736.50 17,769.00 17,716.00 17,736.50    -0.25       -0.00  28,612.00
1689  2024-02-06 18:00:00  NAS100 17,736.50 17,767.75 17,651.75 17,654.00   -82.50       -0.47 138,771.00
1690  2024-02-06 22:00:00  NAS100 17,654.25 17,663.25 17,560.75 17,630.75   -23.25       -0.13 291,721.00
1691  2024-02-07 02:00:00  NAS100 17,631.00 17,668.00 17,562.75 17,650.25    19.50        0.11 131,839.00
1692  2024-02-07 06:00:00  NAS100 17,645.75 17,712.00 17,644.75 17,686.00    35.75        0.20  18,844.00
1693  2024-02-07 10:00:00  NAS100 17,686.75 17,689.25 17,629.75 17,648.25   -37.75       -0.21  12,957.00
1694  2024-02-07 14:00:00  NAS100 17,647.75 17,683.75 17,631.75 17,661.75    13.50        0.08  21,707.00
1695  2024-02-07 18:00:00  NAS100 17,662.25 17,779.50 17,652.75 17,745.75    84.00        0.48 136,522.00
1696  2024-02-07 22:00:00  NAS100 17,745.75 17,875.50 17,725.25 17,852.25   106.50        0.60 309,166.00
1697  2024-02-08 02:00:00  NAS100 17,852.00 17,866.25 17,830.50 17,856.25     4.00        0.02 104,218.00
1698  2024-02-08 06:00:00  NAS100 17,856.25 17,857.75 17,835.25 17,846.25   -10.00       -0.06  11,256.00
1699  2024-02-08 10:00:00  NAS100 17,846.00 17,857.75 17,843.00 17,854.75     8.50        0.05   7,325.00
1700  2024-02-08 14:00:00  NAS100 17,855.00 17,862.50 17,823.25 17,838.50   -16.25       -0.09  21,760.00
1701  2024-02-08 18:00:00  NAS100 17,838.25 17,852.50 17,792.25 17,851.00    12.50        0.07 101,246.00
1702  2024-02-08 22:00:00  NAS100 17,851.25 17,896.50 17,824.00 17,868.25    17.25        0.10 227,765.00
1703  2024-02-09 02:00:00  NAS100 17,868.75 17,879.50 17,827.25 17,860.25    -8.00       -0.04  95,696.00
1704  2024-02-09 06:00:00  NAS100 17,854.25 17,878.00 17,852.25 17,861.00     0.75        0.00   9,453.00
1705  2024-02-09 10:00:00  NAS100 17,860.50 17,871.25 17,860.00 17,861.75     0.75        0.00   6,072.00
1706  2024-02-09 14:00:00  NAS100 17,862.25 17,926.75 17,861.75 17,914.25    52.50        0.29  27,310.00
1707  2024-02-09 18:00:00  NAS100 17,914.50 17,972.00 17,875.00 17,940.50    26.25        0.15 130,105.00
1708  2024-02-09 22:00:00  NAS100 17,940.25 18,044.75 17,922.75 18,039.00    98.50        0.55 209,527.00
1709  2024-02-10 02:00:00  NAS100 18,038.75 18,071.00 18,028.25 18,038.25    -0.75       -0.00 108,361.00
1710  2024-02-12 06:00:00  NAS100 18,040.00 18,043.75 18,003.00 18,031.75    -6.50       -0.04  10,998.00
1711  2024-02-12 10:00:00  NAS100 18,031.75 18,033.75 18,015.50 18,022.50    -9.25       -0.05   6,486.00
1712  2024-02-12 14:00:00  NAS100 18,022.50 18,059.25 18,020.50 18,051.25    28.75        0.16  20,000.00
1713  2024-02-12 18:00:00  NAS100 18,050.75 18,056.50 18,007.25 18,040.50   -10.75       -0.06  79,884.00
1714  2024-02-12 22:00:00  NAS100 18,040.50 18,121.50 17,991.75 18,020.50   -20.00       -0.11 258,932.00
1715  2024-02-13 02:00:00  NAS100 18,020.75 18,025.25 17,911.25 17,929.50   -91.00       -0.50 157,157.00
1716  2024-02-13 06:00:00  NAS100 17,928.50 17,940.50 17,917.00 17,934.25     4.75        0.03  10,527.00
1717  2024-02-13 10:00:00  NAS100 17,934.00 17,960.25 17,923.50 17,952.25    18.00        0.10   9,713.00
1718  2024-02-13 14:00:00  NAS100 17,952.00 17,963.25 17,843.00 17,852.25  -100.00       -0.56  41,207.00
1719  2024-02-13 18:00:00  NAS100 17,852.25 17,870.00 17,586.75 17,674.50  -177.75       -1.00 223,241.00
1720  2024-02-13 22:00:00  NAS100 17,674.50 17,791.75 17,631.00 17,657.00   -17.50       -0.10 334,502.00
1721  2024-02-14 02:00:00  NAS100 17,657.25 17,702.50 17,542.00 17,699.75    42.75        0.24 222,877.00
1722  2024-02-14 06:00:00  NAS100 17,703.00 17,705.00 17,669.25 17,673.50   -26.25       -0.15  17,328.00
1723  2024-02-14 10:00:00  NAS100 17,673.50 17,705.50 17,671.25 17,704.25    30.75        0.17  10,000.00
1724  2024-02-14 14:00:00  NAS100 17,703.50 17,797.00 17,692.75 17,785.25    81.00        0.46  37,754.00
1725  2024-02-14 18:00:00  NAS100 17,785.25 17,819.00 17,743.00 17,789.25     4.00        0.02 131,520.00
1726  2024-02-14 22:00:00  NAS100 17,789.25 17,847.00 17,690.25 17,784.75    -4.50       -0.03 321,490.00
1727  2024-02-15 02:00:00  NAS100 17,785.50 17,887.00 17,730.50 17,873.50    88.75        0.50 164,903.00
1728  2024-02-15 06:00:00  NAS100 17,870.00 17,881.25 17,844.00 17,873.25    -0.25       -0.00  14,463.00
1729  2024-02-15 10:00:00  NAS100 17,874.00 17,900.50 17,866.25 17,896.25    23.00        0.13  11,029.00
1730  2024-02-15 14:00:00  NAS100 17,896.00 17,926.50 17,881.50 17,896.75     0.50        0.00  25,938.00
1731  2024-02-15 18:00:00  NAS100 17,897.50 17,933.50 17,810.50 17,816.75   -80.00       -0.45 137,125.00
1732  2024-02-15 22:00:00  NAS100 17,816.25 17,933.00 17,780.50 17,911.25    94.50        0.53 304,825.00
1733  2024-02-16 02:00:00  NAS100 17,911.25 17,968.25 17,873.00 17,955.00    43.75        0.24 160,242.00
1734  2024-02-16 06:00:00  NAS100 17,952.00 17,959.00 17,911.25 17,940.50   -14.50       -0.08  13,493.00
1735  2024-02-16 10:00:00  NAS100 17,940.50 17,955.00 17,931.50 17,954.25    13.75        0.08   9,330.00
1736  2024-02-16 14:00:00  NAS100 17,954.00 18,026.00 17,947.50 18,017.50    63.25        0.35  31,454.00
1737  2024-02-16 18:00:00  NAS100 18,017.75 18,025.75 17,754.00 17,772.25  -245.25       -1.36 171,578.00
1738  2024-02-16 22:00:00  NAS100 17,772.00 17,892.25 17,717.00 17,875.00   102.75        0.58 328,631.00
1739  2024-02-17 02:00:00  NAS100 17,875.50 17,903.50 17,715.00 17,721.50  -153.50       -0.86 179,307.00
1740  2024-02-19 06:00:00  NAS100 17,729.25 17,803.50 17,726.25 17,766.00    44.50        0.25  18,757.00
1741  2024-02-19 10:00:00  NAS100 17,766.25 17,788.00 17,764.50 17,782.00    16.00        0.09   8,066.00
1742  2024-02-19 14:00:00  NAS100 17,782.00 17,787.75 17,738.75 17,769.25   -12.75       -0.07  17,956.00
1743  2024-02-19 18:00:00  NAS100 17,768.25 17,807.50 17,755.00 17,791.00    21.75        0.12  27,141.00
1744  2024-02-19 22:00:00  NAS100 17,791.50 17,799.75 17,772.50 17,788.75    -2.25       -0.01  23,927.00
1745  2024-02-20 06:00:00  NAS100 17,787.75 17,793.00 17,667.25 17,683.25  -105.50       -0.59  30,702.00
1746  2024-02-20 10:00:00  NAS100 17,683.50 17,712.25 17,668.50 17,705.50    22.25        0.13  15,367.00
1747  2024-02-20 14:00:00  NAS100 17,705.75 17,724.75 17,619.25 17,628.00   -77.50       -0.44  48,853.00
1748  2024-02-20 18:00:00  NAS100 17,628.50 17,724.00 17,543.25 17,562.75   -65.25       -0.37 168,290.00
1749  2024-02-20 22:00:00  NAS100 17,562.50 17,598.25 17,452.50 17,531.50   -31.25       -0.18 341,373.00
1750  2024-02-21 02:00:00  NAS100 17,531.75 17,614.50 17,505.25 17,582.50    51.00        0.29 179,091.00
1751  2024-02-21 06:00:00  NAS100 17,573.00 17,590.00 17,538.50 17,554.25   -28.25       -0.16  18,191.00
1752  2024-02-21 10:00:00  NAS100 17,554.50 17,575.00 17,546.00 17,571.00    16.75        0.10  10,348.00
1753  2024-02-21 14:00:00  NAS100 17,571.00 17,586.00 17,514.00 17,543.00   -28.00       -0.16  34,813.00
1754  2024-02-21 18:00:00  NAS100 17,543.00 17,547.00 17,448.25 17,473.00   -70.00       -0.40 138,035.00
1755  2024-02-21 22:00:00  NAS100 17,472.75 17,525.50 17,427.50 17,452.25   -20.75       -0.12 275,390.00
1756  2024-02-22 02:00:00  NAS100 17,452.25 17,723.00 17,372.75 17,710.00   257.75        1.48 241,035.00
1757  2024-02-22 06:00:00  NAS100 17,702.50 17,796.00 17,676.00 17,794.75    84.75        0.48  40,550.00
1758  2024-02-22 10:00:00  NAS100 17,794.50 17,830.00 17,782.75 17,827.75    33.00        0.19  19,290.00
1759  2024-02-22 14:00:00  NAS100 17,827.75 17,897.25 17,812.25 17,888.50    60.75        0.34  52,809.00
1760  2024-02-22 18:00:00  NAS100 17,888.50 17,970.25 17,864.00 17,921.75    33.25        0.19 180,940.00
1761  2024-02-22 22:00:00  NAS100 17,922.25 18,056.00 17,895.00 18,052.75   131.00        0.73 282,062.00
1762  2024-02-23 02:00:00  NAS100 18,052.75 18,087.00 18,008.25 18,023.50   -29.25       -0.16 170,100.00
1763  2024-02-23 06:00:00  NAS100 18,023.25 18,050.00 18,015.50 18,041.50    18.00        0.10  16,826.00
1764  2024-02-23 10:00:00  NAS100 18,041.25 18,054.75 18,035.25 18,041.75     0.25        0.00   9,895.00
1765  2024-02-23 14:00:00  NAS100 18,041.50 18,050.00 17,999.25 18,019.25   -22.50       -0.12  26,258.00
1766  2024-02-23 18:00:00  NAS100 18,019.00 18,144.75 18,014.50 18,079.75    60.50        0.34 136,749.00
1767  2024-02-23 22:00:00  NAS100 18,080.00 18,092.50 17,946.00 18,036.50   -43.25       -0.24 323,579.00
1768  2024-02-24 02:00:00  NAS100 18,037.00 18,038.00 17,955.50 17,960.75   -75.75       -0.42 137,901.00
1769  2024-02-26 06:00:00  NAS100 17,961.50 17,988.25 17,922.00 17,952.75    -8.00       -0.04  23,451.00
1770  2024-02-26 10:00:00  NAS100 17,952.50 17,961.00 17,929.00 17,941.00   -11.75       -0.07  11,038.00
1771  2024-02-26 14:00:00  NAS100 17,941.25 18,000.75 17,929.25 17,993.50    52.50        0.29  24,329.00
1772  2024-02-26 18:00:00  NAS100 17,993.50 18,050.75 17,966.00 17,985.50    -8.00       -0.04 109,089.00
1773  2024-02-26 22:00:00  NAS100 17,985.00 18,059.50 17,968.25 18,014.50    29.00        0.16 236,445.00
1774  2024-02-27 02:00:00  NAS100 18,014.50 18,041.75 17,945.25 17,949.00   -65.50       -0.36 116,154.00
1775  2024-02-27 06:00:00  NAS100 17,951.00 17,970.00 17,938.25 17,948.25    -0.75       -0.00  13,551.00
1776  2024-02-27 10:00:00  NAS100 17,947.75 17,959.00 17,927.50 17,944.00    -4.25       -0.02  10,187.00
1777  2024-02-27 14:00:00  NAS100 17,944.00 18,025.25 17,942.25 18,014.50    70.50        0.39  28,151.00
1778  2024-02-27 18:00:00  NAS100 18,014.00 18,040.25 17,941.00 17,990.25   -24.25       -0.13 116,506.00
1779  2024-02-27 22:00:00  NAS100 17,989.00 18,032.50 17,908.75 17,969.75   -20.50       -0.11 271,741.00
1780  2024-02-28 02:00:00  NAS100 17,970.25 18,031.25 17,969.25 18,012.25    42.50        0.24 122,986.00
1781  2024-02-28 06:00:00  NAS100 18,017.50 18,019.75 17,993.00 18,011.00    -1.25       -0.01  11,242.00
1782  2024-02-28 10:00:00  NAS100 18,010.75 18,017.00 17,982.00 17,995.00   -16.00       -0.09   8,167.00
1783  2024-02-28 14:00:00  NAS100 17,994.50 18,004.50 17,892.25 17,941.75   -53.25       -0.30  40,881.00
1784  2024-02-28 18:00:00  NAS100 17,941.25 17,960.75 17,876.00 17,896.50   -45.25       -0.25 131,927.00
1785  2024-02-28 22:00:00  NAS100 17,896.25 17,975.00 17,879.75 17,949.25    52.75        0.29 223,948.00
1786  2024-02-29 02:00:00  NAS100 17,949.25 17,954.75 17,846.25 17,860.50   -88.75       -0.49 130,564.00
1787  2024-02-29 06:00:00  NAS100 17,870.00 17,913.75 17,865.25 17,910.75    50.25        0.28  16,233.00
1788  2024-02-29 10:00:00  NAS100 17,910.00 17,930.25 17,898.75 17,902.25    -8.50       -0.05  12,364.00
1789  2024-02-29 14:00:00  NAS100 17,902.00 17,915.25 17,826.00 17,868.50   -33.75       -0.19  34,595.00
1790  2024-02-29 18:00:00  NAS100 17,868.50 18,072.50 17,857.75 18,053.50   185.00        1.04 149,303.00
1791  2024-02-29 22:00:00  NAS100 18,053.00 18,070.50 17,898.25 18,037.50   -16.00       -0.09 306,301.00
1792  2024-03-01 02:00:00  NAS100 18,038.00 18,109.50 18,007.00 18,070.75    33.25        0.18 152,408.00
1793  2024-03-01 06:00:00  NAS100 18,075.00 18,128.50 18,044.50 18,125.50    54.75        0.30  21,384.00
1794  2024-03-01 10:00:00  NAS100 18,125.50 18,142.50 18,115.50 18,140.25    14.75        0.08  11,956.00
1795  2024-03-01 14:00:00  NAS100 18,140.50 18,163.00 18,029.50 18,064.75   -75.50       -0.42  46,122.00
1796  2024-03-01 18:00:00  NAS100 18,064.75 18,144.50 18,059.00 18,133.00    68.25        0.38 111,232.00
1797  2024-03-01 22:00:00  NAS100 18,134.00 18,348.25 18,122.00 18,345.00   212.00        1.17 284,041.00
1798  2024-03-02 02:00:00  NAS100 18,344.75 18,372.75 18,315.00 18,321.00   -24.00       -0.13 153,226.00
1799  2024-03-04 06:00:00  NAS100 18,336.00 18,365.50 18,326.50 18,356.50    35.50        0.19  20,342.00
1800  2024-03-04 10:00:00  NAS100 18,356.75 18,357.75 18,342.75 18,351.50    -5.00       -0.03   8,550.00
1801  2024-03-04 14:00:00  NAS100 18,352.00 18,377.75 18,318.50 18,328.75   -22.75       -0.12  28,213.00
1802  2024-03-04 18:00:00  NAS100 18,329.25 18,352.75 18,288.00 18,296.25   -32.50       -0.18 120,618.00
1803  2024-03-04 22:00:00  NAS100 18,296.75 18,333.00 18,270.25 18,301.75     5.50        0.03 222,657.00
1804  2024-03-05 02:00:00  NAS100 18,302.00 18,346.50 18,234.25 18,244.25   -57.50       -0.31 159,711.00
1805  2024-03-05 06:00:00  NAS100 18,246.00 18,252.00 18,185.50 18,193.75   -50.50       -0.28  22,415.00
1806  2024-03-05 10:00:00  NAS100 18,193.75 18,217.50 18,167.50 18,180.75   -13.00       -0.07  15,223.00
1807  2024-03-05 14:00:00  NAS100 18,180.50 18,190.75 18,107.25 18,134.75   -46.00       -0.25  39,199.00
1808  2024-03-05 18:00:00  NAS100 18,134.25 18,182.75 18,023.25 18,038.75   -96.00       -0.53 155,635.00
1809  2024-03-05 22:00:00  NAS100 18,039.50 18,083.75 17,875.75 17,879.25  -159.50       -0.88 358,853.00
1810  2024-03-06 02:00:00  NAS100 17,879.50 17,988.50 17,832.50 17,983.25   104.00        0.58 194,206.00
1811  2024-03-06 06:00:00  NAS100 17,981.00 17,985.25 17,942.50 17,967.75   -15.50       -0.09  18,122.00
1812  2024-03-06 10:00:00  NAS100 17,967.75 17,988.00 17,963.25 17,982.00    14.25        0.08  11,149.00
1813  2024-03-06 14:00:00  NAS100 17,982.50 18,076.00 17,969.50 18,051.50    69.50        0.39  38,011.00
1814  2024-03-06 18:00:00  NAS100 18,051.25 18,126.50 18,034.25 18,046.50    -5.00       -0.03 152,171.00
1815  2024-03-06 22:00:00  NAS100 18,048.75 18,174.25 17,963.50 18,077.50    31.00        0.17 368,763.00
1816  2024-03-07 02:00:00  NAS100 18,078.00 18,092.75 17,984.50 18,040.25   -37.25       -0.21 209,514.00
1817  2024-03-07 06:00:00  NAS100 18,041.00 18,047.00 17,932.25 17,947.50   -92.75       -0.51  28,604.00
1818  2024-03-07 10:00:00  NAS100 17,947.50 17,992.00 17,943.50 17,960.50    13.00        0.07  18,989.00
1819  2024-03-07 14:00:00  NAS100 17,959.75 18,121.50 17,915.75 18,118.75   158.25        0.88  48,604.00
1820  2024-03-07 18:00:00  NAS100 18,118.25 18,225.75 18,094.25 18,192.75    74.00        0.41 176,120.00
1821  2024-03-07 22:00:00  NAS100 18,192.25 18,360.00 18,174.25 18,353.50   160.75        0.88 284,068.00
1822  2024-03-08 02:00:00  NAS100 18,353.50 18,358.50 18,159.00 18,254.00   -99.50       -0.54 184,358.00
1823  2024-03-08 06:00:00  NAS100 18,279.00 18,290.00 18,248.25 18,265.75    11.75        0.06  15,912.00
1824  2024-03-08 10:00:00  NAS100 18,265.25 18,310.00 18,261.25 18,284.75    19.00        0.10  13,101.00
1825  2024-03-08 14:00:00  NAS100 18,284.25 18,354.50 18,271.50 18,323.00    38.25        0.21  32,549.00
1826  2024-03-08 18:00:00  NAS100 18,322.75 18,390.00 18,211.00 18,387.50    64.50        0.35 187,134.00
1827  2024-03-08 22:00:00  NAS100 18,387.50 18,436.50 18,012.50 18,046.00  -341.50       -1.86 542,195.00
1828  2024-03-09 02:00:00  NAS100 18,046.00 18,175.50 18,039.00 18,056.00    10.00        0.06 186,985.00
1829  2024-03-11 05:00:00  NAS100 18,056.00 18,068.25 17,975.25 18,027.25   -28.75       -0.16  19,083.00
1830  2024-03-11 09:00:00  NAS100 18,027.75 18,033.75 17,973.75 18,020.00    -7.25       -0.04  11,424.00
1831  2024-03-11 13:00:00  NAS100 18,020.00 18,051.75 17,938.75 18,026.75     6.75        0.04  27,703.00
1832  2024-03-11 17:00:00  NAS100 18,026.75 18,049.50 17,898.25 17,899.50  -127.25       -0.71  81,084.00
1833  2024-03-11 21:00:00  NAS100 17,899.75 18,022.75 17,890.50 17,974.75    75.25        0.42 125,927.00
1834  2024-03-12 01:00:00  NAS100 17,975.50 18,025.25 17,947.75 17,999.25    24.50        0.14  49,024.00
1835  2024-03-12 05:00:00  NAS100 18,253.00 18,312.00 18,247.50 18,291.75   292.50        1.63  12,551.00
1836  2024-03-12 09:00:00  NAS100 18,291.50 18,341.50 18,285.25 18,337.50    45.75        0.25   8,090.00
1837  2024-03-12 13:00:00  NAS100 18,338.00 18,343.50 18,275.25 18,278.25   -59.25       -0.32  21,209.00
1838  2024-03-12 17:00:00  NAS100 18,278.00 18,381.00 18,174.00 18,293.00    14.75        0.08 193,721.00
1839  2024-03-12 21:00:00  NAS100 18,293.00 18,457.50 18,274.75 18,402.50   109.50        0.60 312,485.00
1840  2024-03-13 01:00:00  NAS100 18,402.75 18,491.00 18,397.25 18,471.00    68.50        0.37 128,424.00
1841  2024-03-13 05:00:00  NAS100 18,469.50 18,488.25 18,452.75 18,461.25    -9.75       -0.05  10,999.00
1842  2024-03-13 09:00:00  NAS100 18,461.75 18,485.75 18,444.50 18,482.75    21.50        0.12  10,152.00
1843  2024-03-13 13:00:00  NAS100 18,483.50 18,506.75 18,437.00 18,458.50   -24.25       -0.13  29,625.00
1844  2024-03-13 17:00:00  NAS100 18,457.75 18,486.50 18,335.50 18,338.50  -120.00       -0.65 164,481.00
1845  2024-03-13 21:00:00  NAS100 18,339.00 18,398.25 18,281.75 18,388.00    49.50        0.27 323,282.00
1846  2024-03-14 01:00:00  NAS100 18,387.75 18,404.25 18,288.75 18,355.50   -32.50       -0.18 149,277.00
1847  2024-03-14 05:00:00  NAS100 18,342.00 18,380.75 18,337.50 18,379.25    23.75        0.13  11,758.00
1848  2024-03-14 09:00:00  NAS100 18,378.75 18,387.25 18,363.25 18,383.50     4.25        0.02   7,318.00
1849  2024-03-14 13:00:00  NAS100 18,383.75 18,428.25 18,375.00 18,417.00    33.50        0.18  22,510.00
1850  2024-03-14 17:00:00  NAS100 18,417.25 18,421.50 18,229.50 18,238.00  -179.00       -0.97 188,132.00
1851  2024-03-14 21:00:00  NAS100 18,237.75 18,342.00 18,203.25 18,292.50    54.50        0.30 344,754.00
1852  2024-03-15 01:00:00  NAS100 18,292.50 18,332.25 18,161.25 18,266.25   -26.25       -0.14 212,237.00
1853  2024-03-15 05:00:00  NAS100 18,251.00 18,269.00 18,224.25 18,245.50   -20.75       -0.11  13,992.00
1854  2024-03-15 09:00:00  NAS100 18,245.25 18,247.75 18,205.50 18,216.75   -28.75       -0.16  11,533.00
1855  2024-03-15 13:00:00  NAS100 18,215.75 18,302.25 18,208.25 18,289.50    72.75        0.40  25,675.00
1856  2024-03-15 17:00:00  NAS100 18,289.50 18,322.75 18,070.00 18,094.00  -195.50       -1.07 175,015.00
1857  2024-03-15 21:00:00  NAS100 18,093.25 18,172.00 18,006.25 18,081.00   -13.00       -0.07 305,258.00
1858  2024-03-16 01:00:00  NAS100 18,081.50 18,106.75 18,041.25 18,063.50   -17.50       -0.10 140,512.00
1859  2024-03-18 05:00:00  NAS100 18,073.50 18,112.75 18,062.25 18,109.50    46.00        0.25  17,631.00
1860  2024-03-18 09:00:00  NAS100 18,110.50 18,159.00 18,106.25 18,155.50    46.00        0.25  13,469.00
1861  2024-03-18 13:00:00  NAS100 18,155.75 18,195.50 18,139.25 18,174.75    19.25        0.11  29,304.00
1862  2024-03-18 17:00:00  NAS100 18,175.00 18,361.75 18,173.25 18,289.25   114.50        0.63 166,274.00
1863  2024-03-18 21:00:00  NAS100 18,288.75 18,381.00 18,235.25 18,272.50   -16.75       -0.09 279,694.00
1864  2024-03-19 01:00:00  NAS100 18,273.25 18,311.75 18,207.25 18,227.75   -44.75       -0.24 138,183.00
1865  2024-03-19 05:00:00  NAS100 18,222.00 18,226.75 18,151.00 18,171.25   -56.50       -0.31  18,129.00
1866  2024-03-19 09:00:00  NAS100 18,170.75 18,210.50 18,156.25 18,200.00    28.75        0.16  19,080.00
1867  2024-03-19 13:00:00  NAS100 18,200.50 18,252.75 18,159.25 18,176.75   -23.25       -0.13  34,491.00
1868  2024-03-19 17:00:00  NAS100 18,177.25 18,201.25 18,053.25 18,090.50   -86.25       -0.47 158,991.00
1869  2024-03-19 21:00:00  NAS100 18,090.25 18,286.00 18,067.75 18,264.00   173.50        0.96 292,064.00
1870  2024-03-20 01:00:00  NAS100 18,264.50 18,289.25 18,216.50 18,273.00     9.00        0.05 131,207.00
1871  2024-03-20 05:00:00  NAS100 18,274.00 18,284.50 18,227.50 18,232.75   -40.25       -0.22  11,468.00
1872  2024-03-20 09:00:00  NAS100 18,233.00 18,253.25 18,229.00 18,247.25    14.50        0.08   7,280.00
1873  2024-03-20 13:00:00  NAS100 18,247.50 18,279.00 18,234.00 18,272.00    24.75        0.14  23,113.00
1874  2024-03-20 17:00:00  NAS100 18,272.25 18,334.50 18,245.75 18,258.50   -13.50       -0.07 105,610.00
1875  2024-03-20 21:00:00  NAS100 18,259.50 18,304.75 18,244.75 18,273.75    15.25        0.08 159,694.00
1876  2024-03-21 01:00:00  NAS100 18,272.50 18,545.00 18,272.50 18,542.00   268.25        1.47 301,333.00
1877  2024-03-21 05:00:00  NAS100 18,539.75 18,589.00 18,526.75 18,570.00    28.00        0.15  20,434.00
1878  2024-03-21 09:00:00  NAS100 18,569.75 18,614.75 18,568.50 18,610.50    40.50        0.22  12,071.00
1879  2024-03-21 13:00:00  NAS100 18,610.75 18,667.25 18,589.25 18,606.75    -3.75       -0.02  38,535.00
1880  2024-03-21 17:00:00  NAS100 18,607.00 18,709.00 18,594.00 18,648.00    41.25        0.22 143,976.00
1881  2024-03-21 21:00:00  NAS100 18,647.50 18,707.50 18,612.25 18,618.75   -29.25       -0.16 247,929.00
1882  2024-03-22 01:00:00  NAS100 18,618.50 18,623.50 18,552.50 18,579.75   -39.00       -0.21 136,587.00
1883  2024-03-22 05:00:00  NAS100 18,580.50 18,595.25 18,558.75 18,560.25   -19.50       -0.10  11,666.00
1884  2024-03-22 09:00:00  NAS100 18,560.75 18,585.50 18,532.00 18,577.75    17.50        0.09  16,683.00
1885  2024-03-22 13:00:00  NAS100 18,577.75 18,607.00 18,537.50 18,590.25    12.50        0.07  28,060.00
1886  2024-03-22 17:00:00  NAS100 18,590.50 18,593.75 18,492.00 18,530.75   -59.50       -0.32 112,503.00
1887  2024-03-22 21:00:00  NAS100 18,530.25 18,626.00 18,502.50 18,622.50    91.75        0.50 215,601.00
1888  2024-03-23 01:00:00  NAS100 18,622.50 18,624.50 18,547.00 18,563.75   -58.75       -0.32 120,729.00
1889  2024-03-25 05:00:00  NAS100 18,567.00 18,601.25 18,552.75 18,591.00    27.25        0.15  15,617.00
1890  2024-03-25 09:00:00  NAS100 18,590.75 18,591.25 18,552.00 18,554.00   -37.00       -0.20  10,433.00
1891  2024-03-25 13:00:00  NAS100 18,554.25 18,565.00 18,519.25 18,524.50   -29.50       -0.16  22,907.00
1892  2024-03-25 17:00:00  NAS100 18,524.25 18,529.50 18,414.75 18,479.00   -45.50       -0.25 117,594.00
1893  2024-03-25 21:00:00  NAS100 18,479.00 18,557.50 18,466.75 18,552.25    73.25        0.40 192,489.00
1894  2024-03-26 01:00:00  NAS100 18,552.25 18,571.75 18,507.50 18,533.50   -18.75       -0.10  92,975.00
1895  2024-03-26 05:00:00  NAS100 18,531.25 18,556.00 18,526.75 18,543.00     9.50        0.05  10,370.00
1896  2024-03-26 09:00:00  NAS100 18,543.00 18,550.25 18,516.75 18,547.50     4.50        0.02   9,803.00
1897  2024-03-26 13:00:00  NAS100 18,547.50 18,613.75 18,539.75 18,603.25    55.75        0.30  29,994.00
1898  2024-03-26 17:00:00  NAS100 18,603.50 18,619.00 18,550.00 18,589.50   -13.75       -0.07  99,199.00
1899  2024-03-26 21:00:00  NAS100 18,589.50 18,608.50 18,529.50 18,538.50   -51.00       -0.27 220,425.00
1900  2024-03-27 01:00:00  NAS100 18,538.25 18,562.75 18,439.25 18,480.00   -58.50       -0.32 141,243.00
1901  2024-03-27 05:00:00  NAS100 18,477.50 18,496.00 18,468.00 18,493.00    13.00        0.07  12,555.00
1902  2024-03-27 09:00:00  NAS100 18,493.25 18,524.00 18,487.75 18,508.50    15.50        0.08  11,328.00
1903  2024-03-27 13:00:00  NAS100 18,508.50 18,525.25 18,470.50 18,515.75     7.25        0.04  27,569.00
1904  2024-03-27 17:00:00  NAS100 18,515.75 18,571.75 18,446.00 18,450.50   -65.25       -0.35 126,522.00
1905  2024-03-27 21:00:00  NAS100 18,450.75 18,458.00 18,378.50 18,430.25   -20.25       -0.11 256,027.00
1906  2024-03-28 01:00:00  NAS100 18,430.50 18,526.25 18,397.00 18,505.50    75.25        0.41 160,454.00
1907  2024-03-28 05:00:00  NAS100 18,505.00 18,505.25 18,474.75 18,486.00   -19.50       -0.11  16,965.00
1908  2024-03-28 09:00:00  NAS100 18,486.25 18,509.50 18,484.00 18,503.50    17.50        0.09   7,826.00
1909  2024-03-28 13:00:00  NAS100 18,504.50 18,514.75 18,459.25 18,479.00   -24.50       -0.13  22,031.00
1910  2024-03-28 17:00:00  NAS100 18,479.00 18,537.00 18,457.25 18,513.00    34.00        0.18 115,352.00
1911  2024-03-28 21:00:00  NAS100 18,514.00 18,538.75 18,454.00 18,469.50   -43.50       -0.23 205,749.00
1912  2024-03-29 01:00:00  NAS100 18,469.25 18,510.75 18,447.50 18,465.00    -4.50       -0.02 137,589.00
1913  2024-04-01 05:00:00  NAS100 18,503.00 18,612.00 18,500.50 18,585.50   120.50        0.65  25,833.00
1914  2024-04-01 09:00:00  NAS100 18,586.00 18,592.75 18,563.25 18,573.00   -12.50       -0.07  14,039.00
1915  2024-04-01 13:00:00  NAS100 18,572.50 18,602.75 18,557.00 18,571.00    -2.00       -0.01  17,766.00
1916  2024-04-01 17:00:00  NAS100 18,571.00 18,607.00 18,478.00 18,586.00    15.00        0.08 123,107.00
1917  2024-04-01 21:00:00  NAS100 18,584.50 18,604.25 18,414.50 18,464.00  -122.00       -0.66 273,002.00
1918  2024-04-02 01:00:00  NAS100 18,464.50 18,514.25 18,450.25 18,497.75    33.75        0.18 109,001.00
1919  2024-04-02 05:00:00  NAS100 18,497.25 18,499.50 18,457.75 18,470.00   -27.75       -0.15  13,573.00
1920  2024-04-02 09:00:00  NAS100 18,470.25 18,490.50 18,456.50 18,469.50    -0.50       -0.00   9,419.00
1921  2024-04-02 13:00:00  NAS100 18,469.25 18,511.00 18,447.00 18,459.50   -10.00       -0.05  36,038.00
1922  2024-04-02 17:00:00  NAS100 18,458.75 18,462.25 18,223.25 18,254.75  -204.75       -1.11 175,189.00
1923  2024-04-02 21:00:00  NAS100 18,255.00 18,300.75 18,201.50 18,277.25    22.50        0.12 255,809.00
1924  2024-04-03 01:00:00  NAS100 18,277.75 18,348.75 18,268.00 18,344.50    67.25        0.37 116,589.00
1925  2024-04-03 05:00:00  NAS100 18,345.00 18,345.00 18,291.75 18,293.75   -50.75       -0.28  15,912.00
1926  2024-04-03 09:00:00  NAS100 18,293.75 18,313.00 18,272.25 18,275.50   -18.25       -0.10  11,182.00
1927  2024-04-03 13:00:00  NAS100 18,275.25 18,305.75 18,263.25 18,266.75    -8.75       -0.05  30,559.00
1928  2024-04-03 17:00:00  NAS100 18,266.75 18,320.75 18,232.50 18,269.75     3.00        0.02 108,350.00
1929  2024-04-03 21:00:00  NAS100 18,270.00 18,451.75 18,270.00 18,416.25   146.50        0.80 270,972.00
1930  2024-04-04 01:00:00  NAS100 18,417.25 18,432.25 18,303.00 18,387.75   -28.50       -0.15 150,679.00
1931  2024-04-04 05:00:00  NAS100 18,388.50 18,485.00 18,378.00 18,440.75    53.00        0.29  18,616.00
1932  2024-04-04 09:00:00  NAS100 18,441.00 18,461.75 18,431.00 18,432.00    -8.75       -0.05   8,115.00
1933  2024-04-04 13:00:00  NAS100 18,431.50 18,461.75 18,410.75 18,454.50    22.50        0.12  22,546.00
1934  2024-04-04 17:00:00  NAS100 18,454.75 18,568.00 18,439.75 18,518.00    63.50        0.34 124,324.00
1935  2024-04-04 21:00:00  NAS100 18,517.75 18,566.75 18,479.75 18,498.00   -20.00       -0.11 201,563.00
1936  2024-04-05 01:00:00  NAS100 18,498.25 18,498.25 18,055.25 18,072.50  -425.50       -2.30 386,696.00
1937  2024-04-05 05:00:00  NAS100 18,086.25 18,118.75 18,053.25 18,071.00    -1.50       -0.01  26,557.00
1938  2024-04-05 09:00:00  NAS100 18,070.50 18,125.75 18,065.50 18,108.00    37.00        0.20  15,748.00
1939  2024-04-05 13:00:00  NAS100 18,108.25 18,147.50 18,102.00 18,137.50    29.50        0.16  31,934.00
1940  2024-04-05 17:00:00  NAS100 18,138.50 18,228.25 18,051.50 18,205.50    68.00        0.37 179,506.00
1941  2024-04-05 21:00:00  NAS100 18,206.50 18,408.25 18,174.50 18,291.75    86.25        0.47 351,953.00
1942  2024-04-06 01:00:00  NAS100 18,291.25 18,344.00 18,251.25 18,311.00    19.25        0.11 190,228.00
1943  2024-04-08 05:00:00  NAS100 18,348.25 18,372.25 18,283.75 18,323.50    12.50        0.07  20,897.00
1944  2024-04-08 09:00:00  NAS100 18,323.75 18,327.50 18,270.25 18,298.00   -25.50       -0.14  12,456.00
1945  2024-04-08 13:00:00  NAS100 18,299.25 18,344.75 18,246.50 18,306.75     8.75        0.05  38,578.00
1946  2024-04-08 17:00:00  NAS100 18,306.00 18,367.50 18,237.50 18,300.75    -6.00       -0.03 121,369.00
1947  2024-04-08 21:00:00  NAS100 18,300.50 18,376.00 18,252.00 18,307.00     6.25        0.03 232,249.00
1948  2024-04-09 01:00:00  NAS100 18,307.50 18,332.00 18,285.25 18,311.50     4.50        0.02  95,455.00
1949  2024-04-09 05:00:00  NAS100 18,314.75 18,325.00 18,286.00 18,287.50   -24.00       -0.13   8,993.00
1950  2024-04-09 09:00:00  NAS100 18,287.00 18,324.50 18,285.00 18,312.75    25.25        0.14   8,290.00
1951  2024-04-09 13:00:00  NAS100 18,312.75 18,335.00 18,266.00 18,318.75     6.00        0.03  30,196.00
1952  2024-04-09 17:00:00  NAS100 18,318.25 18,405.00 18,253.50 18,342.50    23.75        0.13 138,053.00
1953  2024-04-09 21:00:00  NAS100 18,342.50 18,370.00 18,160.75 18,255.00   -87.50       -0.48 338,181.00
1954  2024-04-10 01:00:00  NAS100 18,255.25 18,407.25 18,215.50 18,384.75   129.75        0.71 167,271.00
1955  2024-04-10 05:00:00  NAS100 18,381.00 18,385.25 18,366.75 18,380.50    -4.25       -0.02   8,262.00
1956  2024-04-10 09:00:00  NAS100 18,380.50 18,391.50 18,369.50 18,370.25   -10.25       -0.06   6,521.00
1957  2024-04-10 13:00:00  NAS100 18,370.75 18,411.50 18,354.75 18,356.25   -14.00       -0.08  20,925.00
1958  2024-04-10 17:00:00  NAS100 18,356.25 18,474.25 18,053.50 18,179.50  -176.75       -0.96 278,633.00
1959  2024-04-10 21:00:00  NAS100 18,179.50 18,234.00 18,114.00 18,166.00   -13.50       -0.07 354,566.00
1960  2024-04-11 01:00:00  NAS100 18,164.75 18,225.00 18,118.00 18,192.25    26.25        0.14 193,835.00
1961  2024-04-11 05:00:00  NAS100 18,184.00 18,184.75 18,142.25 18,178.50   -13.75       -0.08  16,470.00
1962  2024-04-11 09:00:00  NAS100 18,178.75 18,212.50 18,177.50 18,204.00    25.50        0.14  10,639.00
1963  2024-04-11 13:00:00  NAS100 18,203.50 18,217.00 18,145.50 18,160.50   -43.50       -0.24  34,006.00
1964  2024-04-11 17:00:00  NAS100 18,160.25 18,286.25 18,088.00 18,260.75   100.25        0.55 191,896.00
1965  2024-04-11 21:00:00  NAS100 18,261.00 18,444.25 18,169.50 18,436.50   175.75        0.96 315,134.00
1966  2024-04-12 01:00:00  NAS100 18,437.00 18,518.75 18,433.00 18,485.50    49.00        0.27 149,755.00
1967  2024-04-12 05:00:00  NAS100 18,486.25 18,500.75 18,473.00 18,497.75    12.25        0.07  12,207.00
1968  2024-04-12 09:00:00  NAS100 18,497.25 18,500.00 18,483.75 18,488.25    -9.50       -0.05   6,464.00
1969  2024-04-12 13:00:00  NAS100 18,488.75 18,507.75 18,410.25 18,425.00   -63.25       -0.34  40,269.00
1970  2024-04-12 17:00:00  NAS100 18,425.00 18,429.50 18,274.75 18,338.00   -87.00       -0.47 169,794.00
1971  2024-04-12 21:00:00  NAS100 18,338.00 18,342.00 18,124.00 18,161.75  -176.25       -0.96 364,331.00
1972  2024-04-13 01:00:00  NAS100 18,161.75 18,198.50 18,120.25 18,172.50    10.75        0.06 177,441.00
1973  2024-04-15 05:00:00  NAS100 18,151.00 18,255.00 18,146.75 18,222.25    49.75        0.27  37,788.00
1974  2024-04-15 09:00:00  NAS100 18,222.25 18,263.00 18,212.00 18,257.50    35.25        0.19  13,792.00
1975  2024-04-15 13:00:00  NAS100 18,257.75 18,295.50 18,241.25 18,271.25    13.75        0.08  35,779.00
1976  2024-04-15 17:00:00  NAS100 18,270.50 18,350.75 18,260.75 18,304.50    33.25        0.18 136,946.00
1977  2024-04-15 21:00:00  NAS100 18,304.50 18,326.25 17,876.75 17,922.75  -381.75       -2.09 378,501.00
1978  2024-04-16 01:00:00  NAS100 17,923.25 17,938.50 17,841.50 17,875.00   -47.75       -0.27 185,425.00
1979  2024-04-16 05:00:00  NAS100 17,879.00 17,893.75 17,846.00 17,872.00    -3.00       -0.02  23,777.00
1980  2024-04-16 09:00:00  NAS100 17,872.50 17,876.50 17,795.75 17,864.00    -8.00       -0.04  25,335.00
1981  2024-04-16 13:00:00  NAS100 17,863.00 17,883.50 17,822.25 17,844.25   -19.75       -0.11  41,326.00
1982  2024-04-16 17:00:00  NAS100 17,844.50 17,918.50 17,792.00 17,897.75    53.50        0.30 162,390.00
1983  2024-04-16 21:00:00  NAS100 17,897.50 17,936.50 17,818.00 17,889.00    -8.75       -0.05 322,564.00
1984  2024-04-17 01:00:00  NAS100 17,889.25 17,988.00 17,846.00 17,894.00     5.00        0.03 183,719.00
1985  2024-04-17 05:00:00  NAS100 17,897.00 17,940.00 17,890.25 17,924.50    30.50        0.17  21,503.00
1986  2024-04-17 09:00:00  NAS100 17,924.00 17,937.75 17,841.75 17,857.25   -67.25       -0.38  16,835.00
1987  2024-04-17 13:00:00  NAS100 17,857.00 17,929.75 17,778.00 17,929.75    72.50        0.41  54,032.00
1988  2024-04-17 17:00:00  NAS100 17,929.50 17,968.50 17,874.50 17,891.00   -38.75       -0.22 128,414.00
1989  2024-04-17 21:00:00  NAS100 17,892.00 17,894.25 17,615.25 17,742.00  -149.00       -0.83 410,758.00
1990  2024-04-18 01:00:00  NAS100 17,741.75 17,796.50 17,638.50 17,663.25   -78.75       -0.44 203,031.00
1991  2024-04-18 05:00:00  NAS100 17,669.75 17,705.00 17,669.75 17,703.75    40.50        0.23  14,855.00
1992  2024-04-18 09:00:00  NAS100 17,704.50 17,755.50 17,701.50 17,743.75    40.00        0.23  16,078.00
1993  2024-04-18 13:00:00  NAS100 17,743.75 17,770.75 17,674.75 17,710.50   -33.25       -0.19  40,219.00
1994  2024-04-18 17:00:00  NAS100 17,710.50 17,724.50 17,552.00 17,610.50  -100.00       -0.56 153,270.00
1995  2024-04-18 21:00:00  NAS100 17,610.00 17,746.00 17,537.00 17,561.50   -49.00       -0.28 335,379.00
1996  2024-04-19 01:00:00  NAS100 17,561.25 17,596.75 17,506.25 17,529.50   -32.00       -0.18 189,778.00
1997  2024-04-19 05:00:00  NAS100 17,530.75 17,542.75 17,234.25 17,276.75  -252.75       -1.44  73,038.00
1998  2024-04-19 09:00:00  NAS100 17,274.75 17,391.75 17,181.75 17,371.50    94.75        0.55  72,062.00
1999  2024-04-19 13:00:00  NAS100 17,372.25 17,464.25 17,350.75 17,435.00    63.50        0.37  57,217.00
2000  2024-04-19 17:00:00  NAS100 17,434.75 17,553.25 17,408.50 17,454.75    19.75        0.11 160,396.00
2001  2024-04-19 21:00:00  NAS100 17,454.50 17,474.00 17,203.75 17,289.25  -165.50       -0.95 381,693.00
2002  2024-04-20 01:00:00  NAS100 17,289.25 17,291.75 17,113.25 17,179.25  -110.00       -0.64 267,848.00
2003  2024-04-22 05:00:00  NAS100 17,228.25 17,273.00 17,195.75 17,247.25    68.00        0.40  30,161.00
2004  2024-04-22 09:00:00  NAS100 17,248.00 17,282.75 17,235.25 17,282.25    35.00        0.20  14,517.00
2005  2024-04-22 13:00:00  NAS100 17,281.50 17,305.50 17,233.50 17,293.00    10.75        0.06  35,068.00
2006  2024-04-22 17:00:00  NAS100 17,293.00 17,331.50 17,246.25 17,283.00   -10.00       -0.06 122,656.00
2007  2024-04-22 21:00:00  NAS100 17,283.25 17,414.75 17,148.50 17,397.25   114.25        0.66 281,911.00
2008  2024-04-23 01:00:00  NAS100 17,397.25 17,448.00 17,323.75 17,345.00   -52.25       -0.30 149,257.00
2009  2024-04-23 05:00:00  NAS100 17,352.25 17,373.25 17,286.25 17,306.00   -39.00       -0.22  19,231.00
2010  2024-04-23 09:00:00  NAS100 17,305.25 17,342.25 17,301.50 17,336.25    30.25        0.17  12,599.00
2011  2024-04-23 13:00:00  NAS100 17,337.00 17,404.75 17,319.50 17,375.50    39.25        0.23  34,107.00
2012  2024-04-23 17:00:00  NAS100 17,375.25 17,527.75 17,360.00 17,501.00   125.50        0.72 148,648.00
2013  2024-04-23 21:00:00  NAS100 17,501.25 17,640.75 17,475.25 17,636.75   135.75        0.78 256,043.00
2014  2024-04-24 01:00:00  NAS100 17,637.00 17,666.00 17,592.00 17,656.50    19.75        0.11 122,136.00
2015  2024-04-24 05:00:00  NAS100 17,682.00 17,731.25 17,664.25 17,726.75    70.25        0.40  22,352.00
2016  2024-04-24 09:00:00  NAS100 17,726.75 17,747.50 17,722.00 17,740.75    14.00        0.08  12,808.00
2017  2024-04-24 13:00:00  NAS100 17,741.25 17,744.50 17,667.00 17,681.50   -59.25       -0.33  33,047.00
2018  2024-04-24 17:00:00  NAS100 17,681.00 17,795.50 17,675.00 17,736.00    54.50        0.31 143,541.00
2019  2024-04-24 21:00:00  NAS100 17,736.75 17,776.25 17,567.25 17,698.50   -37.50       -0.21 281,855.00
2020  2024-04-25 01:00:00  NAS100 17,698.75 17,703.00 17,481.75 17,507.25  -191.25       -1.08 166,273.00
2021  2024-04-25 05:00:00  NAS100 17,450.00 17,494.50 17,437.50 17,461.75   -45.50       -0.26  23,854.00
2022  2024-04-25 09:00:00  NAS100 17,462.00 17,474.00 17,415.00 17,422.50   -39.25       -0.22  12,901.00
2023  2024-04-25 13:00:00  NAS100 17,422.00 17,525.00 17,407.25 17,516.00    93.50        0.54  39,235.00
2024  2024-04-25 17:00:00  NAS100 17,516.75 17,521.25 17,308.25 17,356.50  -159.50       -0.91 206,740.00
2025  2024-04-25 21:00:00  NAS100 17,357.25 17,580.50 17,329.50 17,568.25   211.75        1.22 330,189.00
2026  2024-04-26 01:00:00  NAS100 17,568.75 17,827.50 17,492.50 17,816.50   248.25        1.41 195,686.00
2027  2024-04-26 05:00:00  NAS100 17,808.25 17,827.00 17,742.25 17,772.25   -44.25       -0.25  21,094.00
2028  2024-04-26 09:00:00  NAS100 17,772.00 17,786.50 17,751.00 17,770.50    -1.75       -0.01  10,543.00
2029  2024-04-26 13:00:00  NAS100 17,771.50 17,793.75 17,712.25 17,729.00   -41.50       -0.23  30,094.00
2030  2024-04-26 17:00:00  NAS100 17,729.25 17,818.50 17,668.25 17,785.25    56.25        0.32 185,558.00
2031  2024-04-26 21:00:00  NAS100 17,786.25 17,901.50 17,768.75 17,877.25    92.00        0.52 261,003.00
2032  2024-04-27 01:00:00  NAS100 17,877.50 17,889.75 17,830.50 17,836.75   -40.50       -0.23 112,000.00
2033  2024-04-29 05:00:00  NAS100 17,864.75 17,913.00 17,853.25 17,906.75    70.00        0.39  16,739.00
2034  2024-04-29 09:00:00  NAS100 17,907.00 17,922.00 17,893.75 17,921.25    14.50        0.08  12,129.00
2035  2024-04-29 13:00:00  NAS100 17,921.75 17,922.75 17,866.50 17,868.50   -52.75       -0.29  25,655.00
2036  2024-04-29 17:00:00  NAS100 17,868.00 17,949.00 17,830.00 17,867.00    -1.50       -0.01 126,856.00
2037  2024-04-29 21:00:00  NAS100 17,867.00 17,931.50 17,844.75 17,916.75    49.75        0.28 196,633.00
2038  2024-04-30 01:00:00  NAS100 17,916.50 17,932.00 17,791.25 17,912.00    -4.75       -0.03 147,390.00
2039  2024-04-30 05:00:00  NAS100 17,918.50 17,918.50 17,897.25 17,911.00    -1.00       -0.01   9,264.00
2040  2024-04-30 09:00:00  NAS100 17,910.75 17,920.25 17,872.00 17,891.00   -20.00       -0.11   9,059.00
2041  2024-04-30 13:00:00  NAS100 17,890.50 17,910.75 17,861.50 17,873.50   -17.50       -0.10  24,323.00
2042  2024-04-30 17:00:00  NAS100 17,873.75 17,896.00 17,790.50 17,871.75    -1.75       -0.01 129,946.00
2043  2024-04-30 21:00:00  NAS100 17,871.75 17,895.25 17,675.50 17,729.00  -142.75       -0.80 290,612.00
2044  2024-05-01 01:00:00  NAS100 17,728.75 17,745.25 17,473.50 17,508.50  -220.50       -1.24 203,732.00
2045  2024-05-01 05:00:00  NAS100 17,462.50 17,519.00 17,453.75 17,511.00     2.50        0.01  20,441.00
2046  2024-05-01 09:00:00  NAS100 17,511.75 17,529.25 17,501.50 17,508.25    -2.75       -0.02   8,062.00
2047  2024-05-01 13:00:00  NAS100 17,507.50 17,517.00 17,417.25 17,436.00   -72.25       -0.41  29,645.00
2048  2024-05-01 17:00:00  NAS100 17,436.25 17,518.50 17,412.00 17,475.00    39.00        0.22 128,805.00
2049  2024-05-01 21:00:00  NAS100 17,477.25 17,506.25 17,399.25 17,468.50    -6.50       -0.04 224,066.00
2050  2024-05-02 01:00:00  NAS100 17,469.25 17,793.25 17,425.25 17,474.75     6.25        0.04 369,807.00
2051  2024-05-02 05:00:00  NAS100 17,487.00 17,548.00 17,487.00 17,540.75    66.00        0.38  18,622.00
2052  2024-05-02 09:00:00  NAS100 17,541.50 17,561.25 17,538.00 17,540.75     0.00        0.00   9,257.00
2053  2024-05-02 13:00:00  NAS100 17,541.75 17,599.75 17,519.50 17,587.50    46.75        0.27  29,827.00
2054  2024-05-02 17:00:00  NAS100 17,587.50 17,619.75 17,483.00 17,498.75   -88.75       -0.50 143,225.00
2055  2024-05-02 21:00:00  NAS100 17,500.25 17,616.25 17,386.25 17,594.75    96.00        0.55 281,944.00
2056  2024-05-03 01:00:00  NAS100 17,595.50 17,755.25 17,587.25 17,743.00   148.25        0.84 144,278.00
2057  2024-05-03 05:00:00  NAS100 17,744.25 17,808.25 17,722.75 17,771.50    28.50        0.16  20,223.00
2058  2024-05-03 09:00:00  NAS100 17,771.75 17,773.50 17,745.50 17,756.25   -15.25       -0.09   7,525.00
2059  2024-05-03 13:00:00  NAS100 17,756.00 17,768.50 17,719.50 17,760.00     3.75        0.02  21,170.00
2060  2024-05-03 17:00:00  NAS100 17,760.50 18,018.75 17,740.25 18,000.75   240.75        1.36 156,852.00
2061  2024-05-03 21:00:00  NAS100 18,000.75 18,050.25 17,893.75 17,986.00   -14.75       -0.08 251,746.00
2062  2024-05-04 01:00:00  NAS100 17,986.25 18,027.75 17,985.50 18,025.50    39.50        0.22  89,236.00
2063  2024-05-06 05:00:00  NAS100 18,047.50 18,063.75 17,995.00 18,011.00   -14.50       -0.08  14,470.00
2064  2024-05-06 09:00:00  NAS100 18,011.50 18,014.50 17,983.75 17,995.75   -15.25       -0.08   6,788.00
2065  2024-05-06 13:00:00  NAS100 17,995.50 18,045.75 17,995.50 18,043.75    48.00        0.27  19,873.00
2066  2024-05-06 17:00:00  NAS100 18,043.25 18,109.75 18,036.75 18,109.75    66.00        0.37  91,315.00
2067  2024-05-06 21:00:00  NAS100 18,109.75 18,132.25 18,067.25 18,128.50    18.75        0.10 160,751.00
2068  2024-05-07 01:00:00  NAS100 18,128.50 18,201.25 18,123.50 18,185.50    57.00        0.31  96,101.00
2069  2024-05-07 05:00:00  NAS100 18,189.50 18,196.75 18,168.75 18,181.50    -4.00       -0.02  10,780.00
2070  2024-05-07 09:00:00  NAS100 18,181.50 18,190.25 18,176.50 18,179.75    -1.75       -0.01   6,154.00
2071  2024-05-07 13:00:00  NAS100 18,180.00 18,199.00 18,155.00 18,174.50    -5.25       -0.03  22,360.00
2072  2024-05-07 17:00:00  NAS100 18,173.75 18,236.00 18,151.00 18,193.25    18.75        0.10  97,446.00
2073  2024-05-07 21:00:00  NAS100 18,193.50 18,266.25 18,181.75 18,193.75     0.50        0.00 211,739.00
2074  2024-05-08 01:00:00  NAS100 18,194.25 18,220.75 18,166.50 18,197.75     4.00        0.02 116,309.00
2075  2024-05-08 05:00:00  NAS100 18,194.00 18,215.50 18,181.00 18,204.00     6.25        0.03  10,011.00
2076  2024-05-08 09:00:00  NAS100 18,204.25 18,209.00 18,181.00 18,194.25    -9.75       -0.05   8,701.00
2077  2024-05-08 13:00:00  NAS100 18,194.75 18,216.75 18,185.00 18,194.00    -0.25       -0.00  19,081.00
2078  2024-05-08 17:00:00  NAS100 18,194.25 18,200.00 18,072.50 18,168.00   -26.00       -0.14 116,158.00
2079  2024-05-08 21:00:00  NAS100 18,168.00 18,242.25 18,138.75 18,178.75    10.75        0.06 203,762.00
2080  2024-05-09 01:00:00  NAS100 18,179.00 18,201.50 18,153.50 18,160.75   -18.00       -0.10  92,926.00
2081  2024-05-09 05:00:00  NAS100 18,160.75 18,176.75 18,153.25 18,174.25    13.50        0.07   8,330.00
2082  2024-05-09 09:00:00  NAS100 18,174.50 18,175.25 18,144.50 18,149.50   -24.75       -0.14   6,270.00
2083  2024-05-09 13:00:00  NAS100 18,149.00 18,162.00 18,103.75 18,130.00   -19.50       -0.11  21,001.00
2084  2024-05-09 17:00:00  NAS100 18,130.00 18,210.50 18,108.75 18,157.50    27.50        0.15 111,120.00
2085  2024-05-09 21:00:00  NAS100 18,157.25 18,237.25 18,129.00 18,206.50    49.00        0.27 223,921.00
2086  2024-05-10 01:00:00  NAS100 18,206.50 18,240.25 18,190.50 18,220.75    14.25        0.08  98,216.00
2087  2024-05-10 05:00:00  NAS100 18,226.00 18,244.75 18,216.25 18,218.25    -2.50       -0.01   9,340.00
2088  2024-05-10 09:00:00  NAS100 18,218.25 18,236.50 18,213.50 18,227.75     9.50        0.05   8,329.00
2089  2024-05-10 13:00:00  NAS100 18,227.75 18,306.75 18,221.50 18,302.25    74.50        0.41  28,942.00
2090  2024-05-10 17:00:00  NAS100 18,302.25 18,348.00 18,247.75 18,328.75    26.50        0.14  98,651.00
2091  2024-05-10 21:00:00  NAS100 18,328.75 18,329.75 18,188.50 18,252.00   -76.75       -0.42 234,851.00
2092  2024-05-11 01:00:00  NAS100 18,252.00 18,271.00 18,228.75 18,239.25   -12.75       -0.07  89,294.00
2093  2024-05-13 05:00:00  NAS100 18,238.00 18,263.50 18,228.75 18,260.25    21.00        0.12  10,997.00
2094  2024-05-13 09:00:00  NAS100 18,260.25 18,298.50 18,252.00 18,297.00    36.75        0.20  10,180.00
2095  2024-05-13 13:00:00  NAS100 18,297.00 18,302.25 18,273.75 18,289.75    -7.25       -0.04  17,774.00
2096  2024-05-13 17:00:00  NAS100 18,288.50 18,336.25 18,252.25 18,286.00    -3.75       -0.02 102,420.00
2097  2024-05-13 21:00:00  NAS100 18,286.25 18,311.50 18,235.00 18,284.25    -1.75       -0.01 188,046.00
2098  2024-05-14 01:00:00  NAS100 18,283.75 18,301.00 18,267.50 18,286.00     1.75        0.01  75,862.00
2099  2024-05-14 05:00:00  NAS100 18,282.00 18,290.00 18,269.50 18,276.75    -9.25       -0.05   8,994.00
2100  2024-05-14 09:00:00  NAS100 18,276.75 18,283.75 18,262.75 18,282.50     5.75        0.03   7,872.00
2101  2024-05-14 13:00:00  NAS100 18,282.25 18,308.75 18,280.00 18,301.00    18.50        0.10  14,665.00
2102  2024-05-14 17:00:00  NAS100 18,301.00 18,326.75 18,165.50 18,290.00   -11.00       -0.06 139,294.00
2103  2024-05-14 21:00:00  NAS100 18,289.50 18,370.75 18,274.25 18,331.25    41.25        0.23 246,673.00
2104  2024-05-15 01:00:00  NAS100 18,331.25 18,433.00 18,328.50 18,410.50    79.25        0.43 130,973.00
2105  2024-05-15 05:00:00  NAS100 18,409.75 18,426.50 18,399.75 18,420.75    10.25        0.06  11,550.00
2106  2024-05-15 09:00:00  NAS100 18,421.00 18,438.25 18,405.75 18,414.25    -6.50       -0.04  10,188.00
2107  2024-05-15 13:00:00  NAS100 18,414.75 18,421.25 18,393.00 18,412.25    -2.00       -0.01  17,614.00
2108  2024-05-15 17:00:00  NAS100 18,412.75 18,547.75 18,393.50 18,483.00    70.75        0.38 175,739.00
2109  2024-05-15 21:00:00  NAS100 18,483.25 18,683.75 18,482.00 18,682.00   199.00        1.08 236,973.00
2110  2024-05-16 01:00:00  NAS100 18,682.00 18,707.00 18,665.75 18,694.50    12.50        0.07 144,143.00
2111  2024-05-16 05:00:00  NAS100 18,693.25 18,735.25 18,687.50 18,723.00    28.50        0.15  16,566.00
2112  2024-05-16 09:00:00  NAS100 18,723.25 18,738.75 18,713.00 18,723.50     0.50        0.00  10,977.00
2113  2024-05-16 13:00:00  NAS100 18,723.25 18,731.75 18,706.00 18,720.75    -2.75       -0.01  19,169.00
2114  2024-05-16 17:00:00  NAS100 18,721.50 18,735.00 18,672.00 18,708.75   -12.00       -0.06 104,543.00
2115  2024-05-16 21:00:00  NAS100 18,709.00 18,760.75 18,670.75 18,710.00     1.25        0.01 250,449.00
2116  2024-05-17 01:00:00  NAS100 18,710.25 18,711.00 18,633.25 18,638.25   -71.75       -0.38 140,361.00
2117  2024-05-17 05:00:00  NAS100 18,642.00 18,667.00 18,638.50 18,664.25    26.00        0.14  10,928.00
2118  2024-05-17 09:00:00  NAS100 18,664.25 18,665.75 18,644.50 18,663.25    -1.00       -0.01   8,791.00
2119  2024-05-17 13:00:00  NAS100 18,663.75 18,674.50 18,617.00 18,654.50    -8.75       -0.05  24,926.00
2120  2024-05-17 17:00:00  NAS100 18,654.50 18,686.75 18,620.50 18,638.50   -16.00       -0.09 100,447.00
2121  2024-05-17 21:00:00  NAS100 18,638.50 18,677.00 18,607.75 18,615.25   -23.25       -0.12 202,412.00
2122  2024-05-18 01:00:00  NAS100 18,615.50 18,643.00 18,545.00 18,633.75    18.50        0.10 134,781.00
2123  2024-05-20 05:00:00  NAS100 18,633.50 18,672.75 18,633.00 18,665.75    32.00        0.17  10,752.00
2124  2024-05-20 09:00:00  NAS100 18,664.75 18,679.25 18,659.00 18,677.25    11.50        0.06   8,169.00
2125  2024-05-20 13:00:00  NAS100 18,676.75 18,676.75 18,653.75 18,670.75    -6.50       -0.03  15,696.00
2126  2024-05-20 17:00:00  NAS100 18,670.75 18,753.75 18,635.25 18,749.50    78.75        0.42 104,943.00
2127  2024-05-20 21:00:00  NAS100 18,749.75 18,794.50 18,729.50 18,745.50    -4.00       -0.02 196,612.00
2128  2024-05-21 01:00:00  NAS100 18,745.75 18,784.00 18,707.00 18,745.25    -0.25       -0.00 129,175.00
2129  2024-05-21 05:00:00  NAS100 18,746.00 18,759.50 18,741.00 18,744.25    -1.00       -0.01   7,992.00
2130  2024-05-21 09:00:00  NAS100 18,743.50 18,756.75 18,742.75 18,748.00     3.75        0.02   5,608.00
2131  2024-05-21 13:00:00  NAS100 18,748.00 18,763.25 18,729.00 18,736.25   -11.75       -0.06  16,306.00
2132  2024-05-21 17:00:00  NAS100 18,736.75 18,760.00 18,678.00 18,707.75   -28.50       -0.15 121,328.00
2133  2024-05-21 21:00:00  NAS100 18,707.75 18,775.75 18,701.75 18,775.75    68.00        0.36 174,731.00
2134  2024-05-22 01:00:00  NAS100 18,775.75 18,808.75 18,755.25 18,798.75    23.00        0.12  95,606.00
2135  2024-05-22 05:00:00  NAS100 18,798.25 18,817.50 18,795.50 18,816.25    17.50        0.09   7,992.00
2136  2024-05-22 09:00:00  NAS100 18,816.00 18,824.00 18,807.50 18,819.25     3.00        0.02   6,260.00
2137  2024-05-22 13:00:00  NAS100 18,820.00 18,820.75 18,771.00 18,778.75   -40.50       -0.22  20,486.00
2138  2024-05-22 17:00:00  NAS100 18,779.50 18,830.50 18,755.00 18,824.50    45.75        0.24 100,181.00
2139  2024-05-22 21:00:00  NAS100 18,823.75 18,838.75 18,746.00 18,771.75   -52.75       -0.28 198,086.00
2140  2024-05-23 01:00:00  NAS100 18,771.75 18,891.00 18,684.25 18,816.25    44.50        0.24 237,283.00
2141  2024-05-23 05:00:00  NAS100 18,860.50 18,910.50 18,843.25 18,901.25    85.00        0.45  18,769.00
2142  2024-05-23 09:00:00  NAS100 18,901.00 18,970.50 18,898.00 18,950.50    49.25        0.26  18,365.00
2143  2024-05-23 13:00:00  NAS100 18,950.00 18,955.00 18,928.50 18,946.50    -4.00       -0.02  23,687.00
2144  2024-05-23 17:00:00  NAS100 18,946.50 19,023.25 18,838.00 18,852.00   -94.50       -0.50 170,649.00
2145  2024-05-23 21:00:00  NAS100 18,852.00 18,933.50 18,711.25 18,716.50  -135.50       -0.72 364,305.00
2146  2024-05-24 01:00:00  NAS100 18,716.50 18,725.25 18,621.50 18,686.50   -30.00       -0.16 247,477.00
2147  2024-05-24 05:00:00  NAS100 18,684.00 18,731.25 18,680.00 18,726.00    39.50        0.21  13,300.00
2148  2024-05-24 09:00:00  NAS100 18,726.25 18,730.25 18,703.50 18,709.50   -16.50       -0.09   8,354.00
2149  2024-05-24 13:00:00  NAS100 18,709.50 18,745.50 18,682.75 18,732.25    22.75        0.12  24,904.00
2150  2024-05-24 17:00:00  NAS100 18,731.75 18,787.25 18,723.50 18,749.75    17.50        0.09 114,458.00
2151  2024-05-24 21:00:00  NAS100 18,750.00 18,919.00 18,749.75 18,903.50   153.75        0.82 260,544.00
2152  2024-05-25 01:00:00  NAS100 18,903.25 18,926.00 18,835.50 18,870.75   -32.75       -0.17 116,574.00
2153  2024-05-27 05:00:00  NAS100 18,874.75 18,886.50 18,833.50 18,852.25   -18.50       -0.10  10,290.00
2154  2024-05-27 09:00:00  NAS100 18,852.75 18,869.75 18,836.50 18,867.25    15.00        0.08   5,418.00
2155  2024-05-27 13:00:00  NAS100 18,867.00 18,889.00 18,859.50 18,869.50     2.25        0.01  10,447.00
2156  2024-05-27 17:00:00  NAS100 18,869.25 18,911.00 18,866.50 18,883.50    14.00        0.07  16,440.00
2157  2024-05-27 21:00:00  NAS100 18,884.00 18,956.00 18,876.00 18,950.75    67.25        0.36  30,195.00
2158  2024-05-28 05:00:00  NAS100 18,950.50 18,954.75 18,885.00 18,911.50   -39.25       -0.21  18,688.00
2159  2024-05-28 09:00:00  NAS100 18,911.50 18,931.75 18,909.00 18,922.75    11.25        0.06   8,492.00
2160  2024-05-28 13:00:00  NAS100 18,923.00 18,980.50 18,909.25 18,969.00    46.25        0.24  29,404.00
2161  2024-05-28 17:00:00  NAS100 18,969.50 18,971.00 18,839.00 18,864.25  -104.75       -0.55 112,845.00
2162  2024-05-28 21:00:00  NAS100 18,864.50 18,944.50 18,842.50 18,902.25    38.00        0.20 216,214.00
2163  2024-05-29 01:00:00  NAS100 18,902.25 18,967.50 18,819.50 18,950.50    48.25        0.26 176,545.00
2164  2024-05-29 05:00:00  NAS100 18,949.50 18,949.75 18,902.50 18,909.75   -40.75       -0.22  13,098.00
2165  2024-05-29 09:00:00  NAS100 18,909.25 18,913.50 18,856.75 18,859.25   -50.50       -0.27  15,653.00
2166  2024-05-29 13:00:00  NAS100 18,860.25 18,888.75 18,797.00 18,817.00   -42.25       -0.22  39,728.00
2167  2024-05-29 17:00:00  NAS100 18,816.50 18,849.25 18,755.25 18,831.50    14.50        0.08 128,305.00
2168  2024-05-29 21:00:00  NAS100 18,831.25 18,879.75 18,810.50 18,859.50    28.00        0.15 229,739.00
2169  2024-05-30 01:00:00  NAS100 18,859.25 18,865.50 18,740.00 18,746.75  -112.75       -0.60 140,242.00
2170  2024-05-30 05:00:00  NAS100 18,753.00 18,764.50 18,704.50 18,713.25   -33.50       -0.18  20,718.00
2171  2024-05-30 09:00:00  NAS100 18,713.50 18,718.50 18,659.00 18,674.25   -39.00       -0.21  16,033.00
2172  2024-05-30 13:00:00  NAS100 18,674.75 18,738.00 18,657.75 18,730.50    56.25        0.30  30,954.00
2173  2024-05-30 17:00:00  NAS100 18,729.75 18,787.00 18,697.00 18,739.00     8.50        0.05 116,949.00
2174  2024-05-30 21:00:00  NAS100 18,738.75 18,752.75 18,623.75 18,702.75   -36.25       -0.19 245,800.00
2175  2024-05-31 01:00:00  NAS100 18,702.75 18,705.00 18,546.25 18,596.00  -106.75       -0.57 180,656.00
2176  2024-05-31 05:00:00  NAS100 18,590.75 18,592.50 18,502.50 18,555.25   -40.75       -0.22  25,418.00
2177  2024-05-31 09:00:00  NAS100 18,555.25 18,567.50 18,526.25 18,537.50   -17.75       -0.10  14,092.00
2178  2024-05-31 13:00:00  NAS100 18,537.25 18,572.75 18,513.50 18,540.25     2.75        0.01  28,371.00
2179  2024-05-31 17:00:00  NAS100 18,541.25 18,668.25 18,485.00 18,544.25     4.00        0.02 150,488.00
2180  2024-05-31 21:00:00  NAS100 18,543.50 18,548.75 18,241.25 18,341.25  -203.00       -1.09 366,533.00
2181  2024-06-01 01:00:00  NAS100 18,341.50 18,627.25 18,310.25 18,570.75   229.50        1.25 232,551.00
2182  2024-06-03 05:00:00  NAS100 18,590.25 18,645.00 18,539.25 18,628.00    57.25        0.31  24,128.00
2183  2024-06-03 09:00:00  NAS100 18,628.25 18,657.00 18,627.50 18,647.25    19.25        0.10  10,704.00
2184  2024-06-03 13:00:00  NAS100 18,647.00 18,679.00 18,622.75 18,666.75    19.50        0.10  34,172.00
2185  2024-06-03 17:00:00  NAS100 18,667.00 18,755.50 18,652.25 18,677.00    10.25        0.05 118,417.00
2186  2024-06-03 21:00:00  NAS100 18,681.00 18,728.75 18,435.75 18,557.25  -119.75       -0.64 342,205.00
2187  2024-06-04 01:00:00  NAS100 18,557.25 18,674.00 18,526.50 18,662.25   105.00        0.57 130,468.00
2188  2024-06-04 05:00:00  NAS100 18,662.50 18,677.00 18,648.75 18,668.25     6.00        0.03  10,229.00
2189  2024-06-04 09:00:00  NAS100 18,667.75 18,669.75 18,637.00 18,646.25   -22.00       -0.12   8,065.00
2190  2024-06-04 13:00:00  NAS100 18,646.50 18,647.75 18,511.25 18,543.00  -103.25       -0.55  42,796.00
2191  2024-06-04 17:00:00  NAS100 18,543.50 18,650.75 18,530.00 18,602.50    59.50        0.32  99,144.00
2192  2024-06-04 21:00:00  NAS100 18,602.75 18,664.00 18,567.75 18,629.50    27.00        0.15 270,640.00
2193  2024-06-05 01:00:00  NAS100 18,628.50 18,753.25 18,624.00 18,706.50    77.00        0.41 177,798.00
2194  2024-06-05 05:00:00  NAS100 18,711.00 18,747.75 18,696.25 18,744.25    37.75        0.20  13,603.00
2195  2024-06-05 09:00:00  NAS100 18,744.50 18,766.00 18,742.50 18,755.00    10.75        0.06  10,319.00
2196  2024-06-05 13:00:00  NAS100 18,755.75 18,788.00 18,703.00 18,786.75    31.75        0.17  26,533.00
2197  2024-06-05 17:00:00  NAS100 18,786.75 18,859.50 18,764.75 18,857.75    71.00        0.38 107,585.00
2198  2024-06-05 21:00:00  NAS100 18,854.25 19,028.25 18,800.00 19,024.25   166.50        0.88 261,262.00
2199  2024-06-06 01:00:00  NAS100 19,024.50 19,090.50 19,005.50 19,087.25    63.00        0.33 145,113.00
2200  2024-06-06 05:00:00  NAS100 19,089.50 19,108.50 19,067.75 19,099.00    11.75        0.06  17,550.00
2201  2024-06-06 09:00:00  NAS100 19,099.00 19,111.25 19,081.75 19,085.75   -13.25       -0.07   9,876.00
2202  2024-06-06 13:00:00  NAS100 19,085.00 19,108.75 19,072.50 19,081.50    -4.25       -0.02  21,947.00
2203  2024-06-06 17:00:00  NAS100 19,081.50 19,124.50 19,032.25 19,033.75   -47.75       -0.25 115,924.00
2204  2024-06-06 21:00:00  NAS100 19,033.75 19,106.50 19,032.25 19,072.25    38.50        0.20 220,236.00
2205  2024-06-07 01:00:00  NAS100 19,072.25 19,077.75 19,017.25 19,069.00    -3.25       -0.02 129,166.00
2206  2024-06-07 05:00:00  NAS100 19,064.00 19,086.75 19,058.75 19,081.75    12.75        0.07   8,190.00
2207  2024-06-07 09:00:00  NAS100 19,081.50 19,100.25 19,078.75 19,093.00    11.25        0.06   7,682.00
2208  2024-06-07 13:00:00  NAS100 19,093.00 19,102.50 19,070.25 19,078.75   -14.25       -0.07  19,832.00
2209  2024-06-07 17:00:00  NAS100 19,078.00 19,146.75 18,940.00 19,032.50   -46.25       -0.24 151,234.00
2210  2024-06-07 21:00:00  NAS100 19,032.25 19,155.00 19,015.25 19,114.75    82.25        0.43 240,087.00
2211  2024-06-08 01:00:00  NAS100 19,114.50 19,116.25 18,997.00 19,030.25   -84.50       -0.44 176,148.00
2212  2024-06-10 05:00:00  NAS100 19,025.00 19,059.75 19,009.00 19,039.00     8.75        0.05  12,643.00
2213  2024-06-10 09:00:00  NAS100 19,038.50 19,051.50 19,032.25 19,043.50     4.50        0.02   7,090.00
2214  2024-06-10 13:00:00  NAS100 19,043.75 19,044.00 18,974.25 19,000.00   -43.50       -0.23  30,795.00
2215  2024-06-10 17:00:00  NAS100 19,000.25 19,039.50 18,977.75 18,993.50    -6.50       -0.03 100,912.00
2216  2024-06-10 21:00:00  NAS100 18,993.75 19,121.25 18,988.00 19,101.75   108.25        0.57 251,178.00
2217  2024-06-11 01:00:00  NAS100 19,101.75 19,129.75 19,034.00 19,107.75     6.00        0.03 163,067.00
2218  2024-06-11 05:00:00  NAS100 19,107.25 19,107.25 19,076.00 19,095.25   -12.50       -0.07   9,888.00
2219  2024-06-11 09:00:00  NAS100 19,094.50 19,106.00 19,078.75 19,105.25    10.00        0.05   6,678.00
2220  2024-06-11 13:00:00  NAS100 19,105.50 19,113.50 19,048.25 19,049.00   -56.25       -0.29  23,181.00
2221  2024-06-11 17:00:00  NAS100 19,049.00 19,087.50 18,994.50 19,032.25   -16.75       -0.09 123,769.00
2222  2024-06-11 21:00:00  NAS100 19,032.25 19,166.50 19,026.00 19,164.25   132.00        0.69 248,853.00
2223  2024-06-12 01:00:00  NAS100 19,164.50 19,257.50 19,152.00 19,247.50    83.25        0.43 142,182.00
2224  2024-06-12 05:00:00  NAS100 19,248.00 19,269.75 19,233.50 19,255.25     7.75        0.04  12,280.00
2225  2024-06-12 09:00:00  NAS100 19,256.00 19,268.00 19,251.50 19,265.75    10.50        0.05   6,769.00
2226  2024-06-12 13:00:00  NAS100 19,266.00 19,276.25 19,240.25 19,267.25     1.50        0.01  19,785.00
2227  2024-06-12 17:00:00  NAS100 19,267.25 19,504.75 19,260.00 19,491.00   223.75        1.16 166,442.00
2228  2024-06-12 21:00:00  NAS100 19,491.00 19,546.75 19,480.00 19,517.75    26.75        0.14 216,492.00
2229  2024-06-13 01:00:00  NAS100 19,518.50 19,612.25 19,433.00 19,610.25    92.50        0.47 251,327.00
2230  2024-06-13 05:00:00  NAS100 19,602.00 19,625.00 19,582.25 19,620.25    10.00        0.05  12,912.00
2231  2024-06-13 09:00:00  NAS100 19,621.75 19,640.50 19,611.00 19,626.75     6.50        0.03  10,095.00
2232  2024-06-13 13:00:00  NAS100 19,627.00 19,671.75 19,583.50 19,597.00   -29.75       -0.15  28,678.00
2233  2024-06-13 17:00:00  NAS100 19,597.50 19,691.00 19,584.00 19,631.25    34.25        0.17 121,714.00
2234  2024-06-13 21:00:00  NAS100 19,631.00 19,650.50 19,500.00 19,568.00   -63.25       -0.32 255,326.00
2235  2024-06-14 01:00:00  NAS100 19,568.25 19,638.50 19,548.00 19,607.75    39.75        0.20 116,252.00
2236  2024-06-14 05:00:00  NAS100 19,602.75 19,629.75 19,592.50 19,627.75    20.00        0.10   9,295.00
2237  2024-06-14 09:00:00  NAS100 19,627.50 19,647.00 19,624.00 19,646.25    18.50        0.09   8,697.00
2238  2024-06-14 13:00:00  NAS100 19,646.00 19,658.50 19,555.25 19,556.50   -89.75       -0.46  38,760.00
2239  2024-06-14 17:00:00  NAS100 19,556.00 19,646.25 19,501.50 19,638.75    82.25        0.42 122,461.00
2240  2024-06-14 21:00:00  NAS100 19,638.75 19,676.25 19,563.50 19,657.50    18.75        0.10 235,984.00
2241  2024-06-15 01:00:00  NAS100 19,657.50 19,699.50 19,629.25 19,696.25    38.75        0.20  97,321.00
2242  2024-06-17 05:00:00  NAS100 19,954.75 19,986.25 19,930.25 19,960.75   264.50        1.34   9,266.00
2243  2024-06-17 09:00:00  NAS100 19,960.75 19,968.00 19,947.50 19,960.25    -0.50       -0.00   5,333.00
2244  2024-06-17 13:00:00  NAS100 19,961.00 20,012.75 19,934.50 19,981.00    20.75        0.10  25,222.00
2245  2024-06-17 17:00:00  NAS100 19,981.25 19,988.00 19,904.00 19,954.50   -26.50       -0.13  76,304.00
2246  2024-06-17 21:00:00  NAS100 19,954.75 20,238.00 19,929.25 20,233.50   279.00        1.40 232,397.00
2247  2024-06-18 01:00:00  NAS100 20,233.75 20,271.25 20,163.25 20,187.00   -46.50       -0.23 155,496.00
2248  2024-06-18 05:00:00  NAS100 20,193.00 20,218.50 20,158.00 20,165.00   -22.00       -0.11  14,007.00
2249  2024-06-18 09:00:00  NAS100 20,164.75 20,195.00 20,163.50 20,190.00    25.00        0.12   7,411.00
2250  2024-06-18 13:00:00  NAS100 20,190.50 20,252.00 20,186.75 20,237.75    47.75        0.24  23,463.00
2251  2024-06-18 17:00:00  NAS100 20,237.75 20,270.50 20,164.25 20,179.00   -58.75       -0.29 112,425.00
2252  2024-06-18 21:00:00  NAS100 20,179.00 20,229.50 20,127.00 20,202.50    23.50        0.12 207,727.00
2253  2024-06-19 01:00:00  NAS100 20,202.75 20,210.00 20,160.25 20,210.00     7.50        0.04 124,208.00
2254  2024-06-19 05:00:00  NAS100 20,204.50 20,232.75 20,204.00 20,214.75     4.75        0.02   7,730.00
2255  2024-06-19 09:00:00  NAS100 20,215.25 20,227.50 20,213.00 20,222.25     7.50        0.04   5,269.00
2256  2024-06-19 13:00:00  NAS100 20,222.25 20,240.50 20,218.50 20,236.50    14.25        0.07  13,489.00
2257  2024-06-19 17:00:00  NAS100 20,236.50 20,252.50 20,231.00 20,238.25     1.75        0.01  19,756.00
2258  2024-06-19 21:00:00  NAS100 20,238.00 20,248.25 20,223.50 20,231.00    -7.25       -0.04  20,637.00
2259  2024-06-20 05:00:00  NAS100 20,232.00 20,267.50 20,227.50 20,261.25    30.25        0.15  10,137.00
2260  2024-06-20 09:00:00  NAS100 20,261.25 20,333.50 20,256.25 20,327.50    66.25        0.33  16,458.00
2261  2024-06-20 13:00:00  NAS100 20,327.00 20,371.00 20,304.50 20,322.25    -5.25       -0.03  31,606.00
2262  2024-06-20 17:00:00  NAS100 20,322.75 20,337.00 20,198.50 20,234.50   -87.75       -0.43 135,963.00
2263  2024-06-20 21:00:00  NAS100 20,234.75 20,241.00 19,958.25 20,033.00  -201.50       -1.00 385,878.00
2264  2024-06-21 01:00:00  NAS100 20,033.25 20,079.50 19,964.25 20,053.50    20.50        0.10 204,215.00
2265  2024-06-21 05:00:00  NAS100 20,043.25 20,076.25 20,032.50 20,045.25    -8.25       -0.04  12,650.00
2266  2024-06-21 09:00:00  NAS100 20,045.50 20,077.00 20,038.00 20,073.50    28.25        0.14   9,210.00
2267  2024-06-21 13:00:00  NAS100 20,073.00 20,086.00 19,947.75 20,008.00   -65.50       -0.33  41,111.00
2268  2024-06-21 17:00:00  NAS100 20,007.50 20,045.50 19,914.25 19,953.75   -54.25       -0.27 134,450.00
2269  2024-06-21 21:00:00  NAS100 19,953.50 20,072.75 19,943.00 19,961.25     7.50        0.04 261,850.00
2270  2024-06-22 01:00:00  NAS100 19,961.00 20,014.50 19,956.50 20,009.75    48.50        0.24 114,352.00
2271  2024-06-24 05:00:00  NAS100 20,014.75 20,030.25 19,918.50 19,952.25   -57.50       -0.29  19,889.00
2272  2024-06-24 09:00:00  NAS100 19,952.75 19,997.00 19,941.75 19,992.50    40.25        0.20  12,457.00
2273  2024-06-24 13:00:00  NAS100 19,992.00 20,030.00 19,939.50 19,955.25   -37.25       -0.19  27,014.00
2274  2024-06-24 17:00:00  NAS100 19,955.25 19,983.75 19,866.75 19,946.75    -8.50       -0.04 128,832.00
2275  2024-06-24 21:00:00  NAS100 19,947.00 19,995.50 19,787.75 19,810.25  -136.50       -0.68 324,376.00
2276  2024-06-25 01:00:00  NAS100 19,810.25 19,855.00 19,728.00 19,752.50   -57.75       -0.29 163,872.00
2277  2024-06-25 05:00:00  NAS100 19,756.00 19,779.75 19,742.75 19,776.00    23.50        0.12  12,083.00
2278  2024-06-25 09:00:00  NAS100 19,776.50 19,810.50 19,773.00 19,804.75    28.75        0.15   9,916.00
2279  2024-06-25 13:00:00  NAS100 19,804.75 19,841.25 19,726.00 19,839.00    34.25        0.17  41,241.00
2280  2024-06-25 17:00:00  NAS100 19,839.00 19,852.50 19,792.25 19,832.00    -7.00       -0.04 106,984.00
2281  2024-06-25 21:00:00  NAS100 19,832.00 19,968.00 19,828.25 19,924.25    92.25        0.47 280,783.00
2282  2024-06-26 01:00:00  NAS100 19,924.50 19,981.25 19,916.00 19,970.50    46.25        0.23 115,397.00
2283  2024-06-26 05:00:00  NAS100 19,973.00 20,003.50 19,963.50 19,999.50    29.00        0.15  14,843.00
2284  2024-06-26 09:00:00  NAS100 19,999.00 20,016.75 19,981.25 20,014.25    14.75        0.07  12,097.00
2285  2024-06-26 13:00:00  NAS100 20,014.75 20,070.50 19,990.75 20,022.75     8.50        0.04  30,869.00
2286  2024-06-26 17:00:00  NAS100 20,022.00 20,026.25 19,901.00 19,972.00   -50.75       -0.25 122,103.00
2287  2024-06-26 21:00:00  NAS100 19,970.50 20,028.00 19,912.00 19,984.50    12.50        0.06 262,491.00
2288  2024-06-27 01:00:00  NAS100 19,984.75 20,027.50 19,920.25 19,953.75   -30.75       -0.15 142,330.00
2289  2024-06-27 05:00:00  NAS100 19,946.00 19,963.00 19,874.25 19,919.50   -34.25       -0.17  17,803.00
2290  2024-06-27 09:00:00  NAS100 19,919.75 19,958.00 19,909.75 19,953.50    34.00        0.17  10,313.00
2291  2024-06-27 13:00:00  NAS100 19,953.75 19,978.00 19,933.50 19,973.00    19.50        0.10  23,047.00
2292  2024-06-27 17:00:00  NAS100 19,973.25 20,101.50 19,953.00 20,060.25    87.25        0.44 135,958.00
2293  2024-06-27 21:00:00  NAS100 20,059.75 20,116.75 19,954.00 20,034.25   -26.00       -0.13 264,979.00
2294  2024-06-28 01:00:00  NAS100 20,034.75 20,079.75 19,993.50 20,067.50    33.25        0.17 127,544.00
2295  2024-06-28 05:00:00  NAS100 20,063.25 20,134.50 20,061.00 20,129.50    62.00        0.31  14,382.00
2296  2024-06-28 09:00:00  NAS100 20,129.50 20,140.25 20,099.25 20,109.25   -20.25       -0.10  12,161.00
2297  2024-06-28 13:00:00  NAS100 20,109.00 20,133.00 20,091.75 20,126.75    17.50        0.09  22,201.00
2298  2024-06-28 17:00:00  NAS100 20,125.75 20,178.00 20,039.25 20,147.50    20.75        0.10 136,392.00
2299  2024-06-28 21:00:00  NAS100 20,148.25 20,273.25 19,985.25 20,041.00  -106.50       -0.53 356,086.00
2300  2024-06-29 01:00:00  NAS100 20,040.25 20,071.75 19,906.25 19,966.50   -74.50       -0.37 196,440.00
2301  2024-07-01 05:00:00  NAS100 19,970.00 19,992.75 19,931.50 19,990.25    23.75        0.12  19,333.00
2302  2024-07-01 09:00:00  NAS100 19,990.00 20,008.50 19,974.75 20,007.25    17.00        0.09  12,609.00
2303  2024-07-01 13:00:00  NAS100 20,007.25 20,020.75 19,901.50 19,936.00   -71.25       -0.36  46,085.00
2304  2024-07-01 17:00:00  NAS100 19,935.50 19,992.50 19,841.25 19,887.75   -48.25       -0.24 121,612.00
2305  2024-07-01 21:00:00  NAS100 19,887.75 20,026.50 19,811.75 19,999.25   111.50        0.56 296,525.00
2306  2024-07-02 01:00:00  NAS100 19,999.50 20,074.00 19,982.50 20,042.50    43.25        0.22 135,783.00
2307  2024-07-02 05:00:00  NAS100 20,045.75 20,054.50 19,969.00 19,987.75   -54.75       -0.27  15,667.00
2308  2024-07-02 09:00:00  NAS100 19,987.75 20,014.00 19,961.75 20,010.25    22.50        0.11  11,569.00
2309  2024-07-02 13:00:00  NAS100 20,010.50 20,016.25 19,933.75 19,956.50   -53.75       -0.27  32,567.00
2310  2024-07-02 17:00:00  NAS100 19,956.75 20,098.00 19,910.00 20,062.50   106.00        0.53 135,974.00
2311  2024-07-02 21:00:00  NAS100 20,063.25 20,216.00 20,017.75 20,209.00   146.50        0.73 289,726.00
2312  2024-07-03 01:00:00  NAS100 20,209.25 20,259.25 20,204.00 20,240.00    31.00        0.15 122,042.00
2313  2024-07-03 05:00:00  NAS100 20,241.00 20,253.00 20,231.50 20,239.00    -1.00       -0.00   9,842.00
2314  2024-07-03 09:00:00  NAS100 20,239.00 20,249.25 20,231.50 20,248.00     9.00        0.04   8,362.00
2315  2024-07-03 13:00:00  NAS100 20,247.75 20,283.75 20,234.00 20,271.00    23.00        0.11  25,455.00
2316  2024-07-03 17:00:00  NAS100 20,270.00 20,284.00 20,205.00 20,274.25     3.25        0.02 105,605.00
2317  2024-07-03 21:00:00  NAS100 20,275.25 20,435.25 20,235.50 20,419.50   145.25        0.72 240,377.00
2318  2024-07-04 05:00:00  NAS100 20,419.25 20,420.50 20,390.25 20,407.00   -12.50       -0.06   7,418.00
2319  2024-07-04 09:00:00  NAS100 20,406.75 20,410.00 20,396.25 20,407.75     0.75        0.00   4,514.00
2320  2024-07-04 13:00:00  NAS100 20,407.75 20,410.00 20,396.00 20,402.00    -5.75       -0.03   8,993.00
2321  2024-07-04 17:00:00  NAS100 20,402.00 20,410.00 20,382.25 20,384.75   -17.25       -0.08  11,586.00
2322  2024-07-04 21:00:00  NAS100 20,384.75 20,393.75 20,369.75 20,381.25    -3.50       -0.02  20,183.00
2323  2024-07-05 05:00:00  NAS100 20,381.25 20,411.00 20,361.00 20,407.00    25.75        0.13   8,521.00
2324  2024-07-05 09:00:00  NAS100 20,407.00 20,432.00 20,400.75 20,429.25    22.25        0.11   8,260.00
2325  2024-07-05 13:00:00  NAS100 20,429.00 20,460.25 20,425.50 20,432.25     3.00        0.01  23,569.00
2326  2024-07-05 17:00:00  NAS100 20,432.00 20,517.00 20,373.00 20,513.75    81.50        0.40 134,721.00
2327  2024-07-05 21:00:00  NAS100 20,514.50 20,638.50 20,462.25 20,624.25   110.50        0.54 254,088.00
2328  2024-07-06 01:00:00  NAS100 20,624.75 20,639.50 20,590.25 20,591.50   -32.75       -0.16 109,897.00
2329  2024-07-08 05:00:00  NAS100 20,591.50 20,618.00 20,579.25 20,594.25     2.75        0.01  14,540.00
2330  2024-07-08 09:00:00  NAS100 20,594.00 20,602.75 20,583.25 20,584.50    -9.75       -0.05   7,109.00
2331  2024-07-08 13:00:00  NAS100 20,584.50 20,620.75 20,583.00 20,612.25    27.75        0.13  20,547.00
2332  2024-07-08 17:00:00  NAS100 20,611.75 20,653.50 20,600.50 20,634.50    22.25        0.11 105,940.00
2333  2024-07-08 21:00:00  NAS100 20,635.00 20,670.75 20,588.00 20,653.75    19.25        0.09 229,239.00
2334  2024-07-09 01:00:00  NAS100 20,653.50 20,688.00 20,609.00 20,684.50    30.75        0.15 113,007.00
2335  2024-07-09 05:00:00  NAS100 20,681.00 20,748.75 20,672.50 20,711.00    26.50        0.13  29,094.00
2336  2024-07-09 09:00:00  NAS100 20,711.00 20,742.50 20,704.00 20,725.75    14.75        0.07  12,743.00
2337  2024-07-09 13:00:00  NAS100 20,725.75 20,747.75 20,712.25 20,740.00    14.25        0.07  18,437.00
2338  2024-07-09 17:00:00  NAS100 20,740.50 20,764.50 20,703.25 20,749.50     9.50        0.05  96,890.00
2339  2024-07-09 21:00:00  NAS100 20,749.50 20,771.75 20,615.75 20,660.50   -89.00       -0.43 301,225.00
2340  2024-07-10 01:00:00  NAS100 20,660.25 20,689.75 20,641.75 20,687.75    27.25        0.13 105,873.00
2341  2024-07-10 05:00:00  NAS100 20,686.00 20,711.25 20,684.50 20,702.00    14.25        0.07  10,608.00
2342  2024-07-10 09:00:00  NAS100 20,702.00 20,717.25 20,696.25 20,697.50    -4.50       -0.02   7,609.00
2343  2024-07-10 13:00:00  NAS100 20,697.00 20,732.00 20,697.00 20,727.50    30.00        0.14  17,432.00
2344  2024-07-10 17:00:00  NAS100 20,727.75 20,777.75 20,721.50 20,764.25    36.75        0.18 110,878.00
2345  2024-07-10 21:00:00  NAS100 20,764.00 20,880.50 20,703.00 20,874.00   109.75        0.53 282,645.00
2346  2024-07-11 01:00:00  NAS100 20,874.50 20,916.75 20,853.00 20,896.50    22.50        0.11 134,491.00
2347  2024-07-11 05:00:00  NAS100 20,895.50 20,899.00 20,853.25 20,877.25   -19.25       -0.09  13,862.00
2348  2024-07-11 09:00:00  NAS100 20,877.00 20,887.50 20,867.25 20,869.25    -8.00       -0.04   7,796.00
2349  2024-07-11 13:00:00  NAS100 20,869.00 20,891.75 20,868.00 20,882.75    13.50        0.06  16,720.00
2350  2024-07-11 17:00:00  NAS100 20,882.75 20,983.75 20,822.50 20,869.50   -13.25       -0.06 184,558.00
2351  2024-07-11 21:00:00  NAS100 20,869.25 20,872.00 20,385.75 20,391.00  -478.50       -2.29 489,509.00
2352  2024-07-12 01:00:00  NAS100 20,390.50 20,494.00 20,377.25 20,432.75    41.75        0.20 177,939.00
2353  2024-07-12 05:00:00  NAS100 20,432.75 20,458.75 20,403.25 20,430.00    -2.75       -0.01  19,908.00
2354  2024-07-12 09:00:00  NAS100 20,430.00 20,432.75 20,371.75 20,418.25   -11.75       -0.06  16,056.00
2355  2024-07-12 13:00:00  NAS100 20,418.00 20,448.00 20,380.50 20,436.50    18.25        0.09  25,891.00
2356  2024-07-12 17:00:00  NAS100 20,435.00 20,549.75 20,335.00 20,542.75   106.25        0.52 145,063.00
2357  2024-07-12 21:00:00  NAS100 20,543.00 20,741.00 20,522.00 20,710.25   167.50        0.82 319,634.00
2358  2024-07-13 01:00:00  NAS100 20,710.25 20,723.75 20,510.25 20,539.75  -170.50       -0.82 186,225.00
2359  2024-07-15 05:00:00  NAS100 20,580.00 20,590.00 20,508.00 20,574.75    35.00        0.17  21,009.00
2360  2024-07-15 09:00:00  NAS100 20,575.00 20,613.50 20,560.00 20,609.00    34.25        0.17  12,257.00
2361  2024-07-15 13:00:00  NAS100 20,608.25 20,632.50 20,597.00 20,624.75    15.75        0.08  18,899.00
2362  2024-07-15 17:00:00  NAS100 20,624.50 20,666.25 20,581.75 20,627.75     3.00        0.01 136,615.00
2363  2024-07-15 21:00:00  NAS100 20,627.50 20,797.00 20,556.50 20,569.50   -58.25       -0.28 340,846.00
2364  2024-07-16 01:00:00  NAS100 20,569.75 20,643.25 20,506.25 20,625.25    55.75        0.27 163,720.00
2365  2024-07-16 05:00:00  NAS100 20,628.00 20,647.00 20,619.00 20,632.75     7.50        0.04  14,513.00
2366  2024-07-16 09:00:00  NAS100 20,632.75 20,655.00 20,632.75 20,640.25     7.50        0.04   8,865.00
2367  2024-07-16 13:00:00  NAS100 20,640.25 20,641.50 20,541.75 20,600.75   -39.50       -0.19  29,406.00
2368  2024-07-16 17:00:00  NAS100 20,600.00 20,684.50 20,567.00 20,581.00   -19.75       -0.10 115,888.00
2369  2024-07-16 21:00:00  NAS100 20,580.75 20,608.75 20,464.50 20,525.50   -55.50       -0.27 317,287.00
2370  2024-07-17 01:00:00  NAS100 20,525.25 20,614.25 20,485.75 20,588.50    63.00        0.31 136,759.00
2371  2024-07-17 05:00:00  NAS100 20,591.00 20,597.75 20,546.75 20,550.50   -38.00       -0.18  10,609.00
2372  2024-07-17 09:00:00  NAS100 20,551.00 20,563.50 20,507.25 20,509.00   -41.50       -0.20  12,248.00
2373  2024-07-17 13:00:00  NAS100 20,509.50 20,513.25 20,308.25 20,343.50  -165.50       -0.81  66,327.00
2374  2024-07-17 17:00:00  NAS100 20,343.25 20,367.75 20,206.25 20,209.00  -134.50       -0.66 172,309.00
2375  2024-07-17 21:00:00  NAS100 20,209.00 20,212.75 20,007.75 20,031.50  -177.50       -0.88 398,843.00
2376  2024-07-18 01:00:00  NAS100 20,032.00 20,075.00 19,965.75 20,016.75   -14.75       -0.07 174,700.00
2377  2024-07-18 05:00:00  NAS100 20,024.25 20,080.00 20,024.25 20,070.00    53.25        0.27  20,446.00
2378  2024-07-18 09:00:00  NAS100 20,070.75 20,078.25 20,025.00 20,075.50     5.50        0.03  13,402.00
2379  2024-07-18 13:00:00  NAS100 20,075.50 20,162.50 20,036.25 20,062.25   -13.25       -0.07  58,218.00
2380  2024-07-18 17:00:00  NAS100 20,061.75 20,162.50 20,018.50 20,067.75     5.50        0.03 152,642.00
2381  2024-07-18 21:00:00  NAS100 20,068.00 20,107.00 19,773.00 19,873.25  -194.50       -0.97 454,527.00
2382  2024-07-19 01:00:00  NAS100 19,873.25 19,961.00 19,758.75 19,934.75    61.50        0.31 252,625.00
2383  2024-07-19 05:00:00  NAS100 19,955.00 19,976.75 19,935.25 19,947.50    12.75        0.06  20,239.00
2384  2024-07-19 09:00:00  NAS100 19,948.00 19,963.25 19,935.75 19,962.75    15.25        0.08   8,249.00
2385  2024-07-19 13:00:00  NAS100 19,962.75 19,979.75 19,753.50 19,850.75  -112.00       -0.56  61,198.00
2386  2024-07-19 17:00:00  NAS100 19,849.75 19,976.50 19,835.75 19,884.00    33.25        0.17 143,651.00
2387  2024-07-19 21:00:00  NAS100 19,883.75 19,917.00 19,654.00 19,721.50  -162.50       -0.82 367,862.00
2388  2024-07-20 01:00:00  NAS100 19,720.75 19,784.50 19,669.75 19,701.50   -20.00       -0.10 162,024.00
2389  2024-07-22 05:00:00  NAS100 19,749.00 19,842.00 19,727.25 19,745.75    44.25        0.22  36,301.00
2390  2024-07-22 09:00:00  NAS100 19,746.00 19,808.25 19,718.75 19,788.25    42.50        0.22  20,093.00
2391  2024-07-22 13:00:00  NAS100 19,787.50 19,852.50 19,758.00 19,846.50    58.25        0.29  30,445.00
2392  2024-07-22 17:00:00  NAS100 19,846.25 20,026.75 19,837.75 19,970.50   124.00        0.62 138,593.00
2393  2024-07-22 21:00:00  NAS100 19,970.25 20,018.75 19,809.75 19,999.50    29.00        0.15 298,814.00
2394  2024-07-23 01:00:00  NAS100 20,000.00 20,044.75 19,964.50 19,980.75   -18.75       -0.09 120,913.00
2395  2024-07-23 05:00:00  NAS100 19,982.00 19,998.25 19,925.00 19,955.00   -25.75       -0.13  18,229.00
2396  2024-07-23 09:00:00  NAS100 19,954.75 19,959.00 19,911.50 19,932.25   -22.75       -0.11  10,965.00
2397  2024-07-23 13:00:00  NAS100 19,932.75 19,971.50 19,868.25 19,958.75    26.50        0.13  34,095.00
2398  2024-07-23 17:00:00  NAS100 19,958.50 20,036.00 19,923.75 20,006.25    47.50        0.24 114,876.00
2399  2024-07-23 21:00:00  NAS100 20,006.50 20,084.75 19,915.75 19,979.75   -26.50       -0.13 290,177.00
2400  2024-07-24 01:00:00  NAS100 19,979.00 19,999.75 19,902.75 19,946.25   -33.50       -0.17 125,427.00
2401  2024-07-24 05:00:00  NAS100 19,883.00 19,883.00 19,786.25 19,815.25  -131.00       -0.66  31,465.00
2402  2024-07-24 09:00:00  NAS100 19,814.25 19,823.75 19,721.25 19,763.25   -52.00       -0.26  16,396.00
2403  2024-07-24 13:00:00  NAS100 19,763.75 19,775.50 19,683.25 19,716.75   -46.50       -0.24  41,214.00
2404  2024-07-24 17:00:00  NAS100 19,717.25 19,750.00 19,501.00 19,512.00  -204.75       -1.04 168,839.00
2405  2024-07-24 21:00:00  NAS100 19,511.50 19,523.75 19,308.50 19,320.00  -192.00       -0.98 333,615.00
2406  2024-07-25 01:00:00  NAS100 19,320.00 19,330.75 19,168.75 19,269.50   -50.50       -0.26 231,218.00
2407  2024-07-25 05:00:00  NAS100 19,260.00 19,304.50 19,247.25 19,256.50   -13.00       -0.07  23,501.00
2408  2024-07-25 09:00:00  NAS100 19,256.75 19,284.00 19,216.00 19,235.25   -21.25       -0.11  19,674.00
2409  2024-07-25 13:00:00  NAS100 19,235.25 19,276.00 19,062.00 19,143.75   -91.50       -0.48  78,984.00
2410  2024-07-25 17:00:00  NAS100 19,143.00 19,244.50 19,016.50 19,031.25  -112.50       -0.59 192,712.00
2411  2024-07-25 21:00:00  NAS100 19,032.00 19,390.50 18,883.25 19,289.50   258.25        1.36 448,243.00
2412  2024-07-26 01:00:00  NAS100 19,289.25 19,294.25 18,941.00 18,994.75  -294.75       -1.53 207,214.00
2413  2024-07-26 05:00:00  NAS100 19,003.00 19,084.50 18,995.00 19,081.50    86.75        0.46  19,187.00
2414  2024-07-26 09:00:00  NAS100 19,080.75 19,115.75 19,057.25 19,066.75   -14.75       -0.08  14,152.00
2415  2024-07-26 13:00:00  NAS100 19,066.75 19,222.00 19,064.50 19,192.75   126.00        0.66  38,087.00
2416  2024-07-26 17:00:00  NAS100 19,193.25 19,236.50 19,060.50 19,129.25   -63.50       -0.33 130,659.00
2417  2024-07-26 21:00:00  NAS100 19,130.00 19,297.75 19,040.25 19,194.25    65.00        0.34 329,220.00
2418  2024-07-27 01:00:00  NAS100 19,195.25 19,221.75 19,104.00 19,175.75   -18.50       -0.10 156,152.00
2419  2024-07-29 05:00:00  NAS100 19,171.75 19,330.00 19,167.75 19,293.50   117.75        0.61  31,141.00
2420  2024-07-29 09:00:00  NAS100 19,295.25 19,328.25 19,285.00 19,311.50    18.00        0.09   9,994.00
2421  2024-07-29 13:00:00  NAS100 19,311.50 19,334.75 19,219.75 19,269.75   -41.75       -0.22  29,672.00
2422  2024-07-29 17:00:00  NAS100 19,269.25 19,367.00 19,222.00 19,358.50    88.75        0.46 120,301.00
2423  2024-07-29 21:00:00  NAS100 19,358.25 19,377.25 19,113.25 19,255.00  -103.50       -0.53 292,338.00
2424  2024-07-30 01:00:00  NAS100 19,255.00 19,267.50 19,186.00 19,222.50   -32.50       -0.17 108,077.00
2425  2024-07-30 05:00:00  NAS100 19,217.00 19,237.50 19,094.50 19,107.25  -115.25       -0.60  18,319.00
2426  2024-07-30 09:00:00  NAS100 19,108.00 19,208.00 19,076.00 19,203.00    95.75        0.50  17,821.00
2427  2024-07-30 13:00:00  NAS100 19,202.50 19,266.00 19,185.00 19,227.00    24.00        0.12  24,539.00
2428  2024-07-30 17:00:00  NAS100 19,227.00 19,319.75 19,206.50 19,225.75    -1.25       -0.01  98,940.00
2429  2024-07-30 21:00:00  NAS100 19,225.50 19,245.00 18,803.00 18,937.25  -288.50       -1.50 377,310.00
2430  2024-07-31 01:00:00  NAS100 18,936.75 19,016.25 18,725.00 18,861.25   -76.00       -0.40 194,610.00
2431  2024-07-31 05:00:00  NAS100 18,865.75 19,089.75 18,861.75 19,078.00   216.75        1.15  33,788.00
2432  2024-07-31 09:00:00  NAS100 19,077.50 19,225.25 19,075.00 19,216.25   138.25        0.72  25,926.00
2433  2024-07-31 13:00:00  NAS100 19,217.25 19,247.00 19,167.00 19,200.00   -16.25       -0.08  42,454.00
2434  2024-07-31 17:00:00  NAS100 19,200.50 19,414.50 19,197.50 19,391.00   191.00        0.99 164,803.00
2435  2024-07-31 21:00:00  NAS100 19,390.75 19,516.00 19,344.75 19,426.75    35.75        0.18 255,578.00
2436  2024-08-01 01:00:00  NAS100 19,431.50 19,648.00 19,385.00 19,581.75   155.00        0.80 222,251.00
2437  2024-08-01 05:00:00  NAS100 19,593.25 19,717.00 19,582.25 19,638.00    56.25        0.29  34,472.00
2438  2024-08-01 09:00:00  NAS100 19,638.25 19,692.75 19,622.75 19,690.75    52.75        0.27  16,536.00
2439  2024-08-01 13:00:00  NAS100 19,691.00 19,692.75 19,504.75 19,589.00  -101.75       -0.52  54,569.00
2440  2024-08-01 17:00:00  NAS100 19,589.50 19,682.00 19,505.00 19,646.00    57.00        0.29 156,303.00
2441  2024-08-01 21:00:00  NAS100 19,641.25 19,667.25 18,911.50 19,018.75  -627.25       -3.19 416,926.00
2442  2024-08-02 01:00:00  NAS100 19,019.00 19,064.25 18,854.00 18,967.75   -51.00       -0.27 221,243.00
2443  2024-08-02 05:00:00  NAS100 18,956.50 18,979.75 18,841.75 18,897.50   -70.25       -0.37  32,957.00
2444  2024-08-02 09:00:00  NAS100 18,897.75 18,901.00 18,686.00 18,765.00  -132.50       -0.70  26,125.00
2445  2024-08-02 13:00:00  NAS100 18,765.00 18,783.00 18,641.25 18,683.25   -81.75       -0.44  46,382.00
2446  2024-08-02 17:00:00  NAS100 18,683.75 18,761.50 18,508.50 18,575.00  -108.25       -0.58 196,461.00
2447  2024-08-02 21:00:00  NAS100 18,576.75 18,633.00 18,385.75 18,492.00   -83.00       -0.45 369,999.00
2448  2024-08-03 01:00:00  NAS100 18,492.25 18,588.25 18,452.00 18,513.25    21.25        0.11 151,286.00
2449  2024-08-05 05:00:00  NAS100 18,390.00 18,390.00 18,068.00 18,129.50  -383.75       -2.07  56,466.00
2450  2024-08-05 09:00:00  NAS100 18,131.25 18,176.75 17,351.00 17,554.25  -575.25       -3.17  63,360.00
2451  2024-08-05 13:00:00  NAS100 17,541.50 17,990.50 17,461.75 17,814.75   260.50        1.48  92,601.00
2452  2024-08-05 17:00:00  NAS100 17,814.50 17,952.00 17,362.50 17,889.50    74.75        0.42 197,144.00
2453  2024-08-05 21:00:00  NAS100 17,889.25 18,289.00 17,850.75 18,077.50   188.00        1.05 333,009.00
2454  2024-08-06 01:00:00  NAS100 18,079.50 18,170.00 17,892.25 18,146.75    69.25        0.38 179,120.00
2455  2024-08-06 05:00:00  NAS100 18,165.75 18,437.00 18,162.00 18,369.25   222.50        1.23  40,418.00
2456  2024-08-06 09:00:00  NAS100 18,368.75 18,424.75 18,232.00 18,344.50   -24.75       -0.13  22,318.00
2457  2024-08-06 13:00:00  NAS100 18,342.25 18,366.25 18,016.50 18,087.75  -256.75       -1.40  45,245.00
2458  2024-08-06 17:00:00  NAS100 18,087.75 18,253.75 17,966.00 18,140.75    53.00        0.29 124,177.00
2459  2024-08-06 21:00:00  NAS100 18,142.25 18,449.50 18,102.25 18,419.25   278.50        1.54 278,814.00
2460  2024-08-07 01:00:00  NAS100 18,420.00 18,483.25 18,068.75 18,099.00  -320.25       -1.74 171,993.00
2461  2024-08-07 05:00:00  NAS100 18,033.00 18,316.25 18,030.25 18,290.00   191.00        1.06  35,707.00
2462  2024-08-07 09:00:00  NAS100 18,289.00 18,438.75 18,251.00 18,328.25    38.25        0.21  24,234.00
2463  2024-08-07 13:00:00  NAS100 18,328.50 18,445.50 18,220.00 18,410.00    81.75        0.45  36,985.00
2464  2024-08-07 17:00:00  NAS100 18,411.75 18,558.50 18,378.00 18,520.50   110.50        0.60 112,185.00
2465  2024-08-07 21:00:00  NAS100 18,520.25 18,557.00 18,095.00 18,117.00  -403.50       -2.18 312,422.00
2466  2024-08-08 01:00:00  NAS100 18,117.25 18,147.00 17,836.25 17,854.50  -262.50       -1.45 185,753.00
2467  2024-08-08 05:00:00  NAS100 17,873.00 17,988.50 17,741.75 17,978.50   124.00        0.69  37,547.00
2468  2024-08-08 09:00:00  NAS100 17,977.75 18,079.25 17,926.25 17,936.00   -42.50       -0.24  23,994.00
2469  2024-08-08 13:00:00  NAS100 17,934.75 18,054.75 17,879.00 17,939.00     3.00        0.02  31,400.00
2470  2024-08-08 17:00:00  NAS100 17,943.00 18,252.25 17,919.00 18,208.75   269.75        1.50 134,288.00
2471  2024-08-08 21:00:00  NAS100 18,209.25 18,532.25 18,190.00 18,514.50   305.75        1.68 271,959.00
2472  2024-08-09 01:00:00  NAS100 18,514.25 18,593.50 18,404.25 18,558.00    43.50        0.23 150,593.00
2473  2024-08-09 05:00:00  NAS100 18,550.25 18,617.00 18,490.25 18,545.25   -12.75       -0.07  21,612.00
2474  2024-08-09 09:00:00  NAS100 18,542.75 18,596.00 18,430.25 18,513.75   -31.50       -0.17  17,783.00
2475  2024-08-09 13:00:00  NAS100 18,513.75 18,651.00 18,491.50 18,615.50   101.75        0.55  30,930.00
2476  2024-08-09 17:00:00  NAS100 18,616.25 18,616.25 18,383.00 18,432.00  -183.50       -0.99 113,764.00
2477  2024-08-09 21:00:00  NAS100 18,431.75 18,674.50 18,404.50 18,608.75   176.75        0.96 214,899.00
2478  2024-08-10 01:00:00  NAS100 18,610.75 18,633.75 18,563.25 18,602.50    -6.25       -0.03  95,493.00
2479  2024-08-12 05:00:00  NAS100 18,590.00 18,659.00 18,515.00 18,608.50     6.00        0.03  19,010.00
2480  2024-08-12 09:00:00  NAS100 18,608.50 18,667.00 18,607.50 18,645.75    37.25        0.20   9,019.00
2481  2024-08-12 13:00:00  NAS100 18,646.25 18,690.75 18,602.50 18,651.25     5.50        0.03  20,086.00
2482  2024-08-12 17:00:00  NAS100 18,651.50 18,693.50 18,523.50 18,540.25  -111.00       -0.60  84,157.00
2483  2024-08-12 21:00:00  NAS100 18,540.75 18,765.25 18,531.00 18,618.25    78.00        0.42 237,005.00
2484  2024-08-13 01:00:00  NAS100 18,618.50 18,659.00 18,581.50 18,626.25     8.00        0.04  94,966.00
2485  2024-08-13 05:00:00  NAS100 18,648.25 18,687.50 18,628.50 18,653.50    27.25        0.15  10,219.00
2486  2024-08-13 09:00:00  NAS100 18,653.00 18,711.50 18,652.25 18,707.00    53.50        0.29  10,694.00
2487  2024-08-13 13:00:00  NAS100 18,706.25 18,817.25 18,688.50 18,743.25    36.25        0.19  29,253.00
2488  2024-08-13 17:00:00  NAS100 18,743.25 18,911.50 18,647.50 18,899.25   156.00        0.83 118,647.00
2489  2024-08-13 21:00:00  NAS100 18,899.25 19,087.50 18,856.00 19,057.50   158.25        0.84 212,521.00
2490  2024-08-14 01:00:00  NAS100 19,058.00 19,122.50 19,032.25 19,099.25    41.75        0.22 108,568.00
2491  2024-08-14 05:00:00  NAS100 19,099.25 19,153.25 19,087.00 19,144.25    45.00        0.24  15,469.00
2492  2024-08-14 09:00:00  NAS100 19,144.50 19,148.00 19,081.75 19,115.25   -29.00       -0.15  15,029.00
2493  2024-08-14 13:00:00  NAS100 19,114.00 19,133.00 19,063.50 19,096.25   -19.00       -0.10  22,957.00
2494  2024-08-14 17:00:00  NAS100 19,096.50 19,175.50 19,000.00 19,029.50   -66.75       -0.35 125,648.00
2495  2024-08-14 21:00:00  NAS100 19,029.00 19,203.50 18,925.50 19,071.75    42.25        0.22 266,809.00
2496  2024-08-15 01:00:00  NAS100 19,071.75 19,160.75 19,038.25 19,147.00    75.25        0.39  96,969.00
2497  2024-08-15 05:00:00  NAS100 19,142.50 19,178.00 19,100.50 19,166.75    19.75        0.10  12,247.00
2498  2024-08-15 09:00:00  NAS100 19,166.75 19,224.75 19,158.00 19,186.25    19.50        0.10  12,948.00
2499  2024-08-15 13:00:00  NAS100 19,187.75 19,198.50 19,123.00 19,166.00   -20.25       -0.11  17,866.00
2500  2024-08-15 17:00:00  NAS100 19,166.75 19,462.00 19,104.75 19,460.75   294.75        1.54 139,728.00
2501  2024-08-15 21:00:00  NAS100 19,461.25 19,585.00 19,405.50 19,583.50   122.75        0.63 213,296.00
2502  2024-08-16 01:00:00  NAS100 19,584.00 19,603.25 19,543.00 19,568.25   -15.25       -0.08 120,131.00
2503  2024-08-16 05:00:00  NAS100 19,570.25 19,640.75 19,560.75 19,613.50    45.25        0.23  16,537.00
2504  2024-08-16 09:00:00  NAS100 19,614.00 19,667.00 19,611.50 19,660.00    46.50        0.24  10,935.00
2505  2024-08-16 13:00:00  NAS100 19,660.50 19,683.00 19,605.00 19,619.75   -40.25       -0.20  25,948.00
2506  2024-08-16 17:00:00  NAS100 19,619.00 19,619.75 19,447.50 19,498.00  -121.75       -0.62 118,805.00
2507  2024-08-16 21:00:00  NAS100 19,494.50 19,660.75 19,488.25 19,628.25   130.25        0.67 201,673.00
2508  2024-08-17 01:00:00  NAS100 19,628.75 19,629.25 19,572.25 19,604.00   -24.25       -0.12  76,088.00
2509  2024-08-19 05:00:00  NAS100 19,629.00 19,673.75 19,614.50 19,657.50    53.50        0.27  14,212.00
2510  2024-08-19 09:00:00  NAS100 19,655.75 19,688.00 19,577.75 19,585.00   -72.50       -0.37  13,056.00
2511  2024-08-19 13:00:00  NAS100 19,587.75 19,607.00 19,525.25 19,578.75    -6.25       -0.03  24,318.00
2512  2024-08-19 17:00:00  NAS100 19,578.50 19,638.75 19,544.50 19,587.75     9.00        0.05  86,211.00
2513  2024-08-19 21:00:00  NAS100 19,588.00 19,722.75 19,529.00 19,721.25   133.50        0.68 177,478.00
2514  2024-08-20 01:00:00  NAS100 19,721.75 19,871.75 19,719.00 19,853.50   132.25        0.67 109,183.00
2515  2024-08-20 05:00:00  NAS100 19,857.75 19,888.75 19,845.00 19,887.50    34.00        0.17  11,369.00
2516  2024-08-20 09:00:00  NAS100 19,887.75 19,914.50 19,868.75 19,889.25     1.75        0.01  13,362.00
2517  2024-08-20 13:00:00  NAS100 19,888.00 19,931.00 19,849.75 19,881.75    -7.50       -0.04  21,559.00
2518  2024-08-20 17:00:00  NAS100 19,881.75 19,925.00 19,812.25 19,918.50    36.75        0.18  91,473.00
2519  2024-08-20 21:00:00  NAS100 19,918.50 19,923.50 19,743.00 19,809.75  -108.75       -0.55 243,765.00
2520  2024-08-21 01:00:00  NAS100 19,810.00 19,867.75 19,802.25 19,804.75    -5.00       -0.03  97,815.00
2521  2024-08-21 05:00:00  NAS100 19,803.00 19,834.00 19,785.50 19,817.50    12.75        0.06  11,851.00
2522  2024-08-21 09:00:00  NAS100 19,818.25 19,855.50 19,807.50 19,832.00    14.50        0.07   8,632.00
2523  2024-08-21 13:00:00  NAS100 19,831.75 19,834.75 19,790.50 19,794.75   -37.25       -0.19  17,986.00
2524  2024-08-21 17:00:00  NAS100 19,795.75 19,884.25 19,795.00 19,878.75    84.00        0.42  75,396.00
2525  2024-08-21 21:00:00  NAS100 19,879.50 19,981.75 19,771.50 19,893.25    14.50        0.07 238,074.00
2526  2024-08-22 01:00:00  NAS100 19,894.75 19,953.25 19,832.75 19,917.75    24.50        0.12 121,303.00
2527  2024-08-22 05:00:00  NAS100 19,921.25 19,944.25 19,912.25 19,926.75     9.00        0.05   8,212.00
2528  2024-08-22 09:00:00  NAS100 19,926.25 19,926.75 19,866.00 19,893.00   -33.75       -0.17  10,842.00
2529  2024-08-22 13:00:00  NAS100 19,893.00 19,936.25 19,887.50 19,916.00    23.00        0.12  13,536.00
2530  2024-08-22 17:00:00  NAS100 19,916.25 20,025.25 19,912.75 19,976.00    60.00        0.30  99,476.00
2531  2024-08-22 21:00:00  NAS100 19,977.50 19,985.75 19,586.50 19,607.75  -368.25       -1.84 335,485.00
2532  2024-08-23 01:00:00  NAS100 19,608.00 19,675.00 19,542.00 19,612.25     4.50        0.02 154,069.00
2533  2024-08-23 05:00:00  NAS100 19,621.50 19,659.00 19,612.50 19,644.75    32.50        0.17  11,636.00
2534  2024-08-23 09:00:00  NAS100 19,645.50 19,700.25 19,640.25 19,683.00    38.25        0.19   9,744.00
2535  2024-08-23 13:00:00  NAS100 19,682.75 19,720.00 19,671.75 19,716.00    33.00        0.17  14,786.00
2536  2024-08-23 17:00:00  NAS100 19,715.75 19,778.25 19,706.50 19,754.50    38.50        0.20  75,069.00
2537  2024-08-23 21:00:00  NAS100 19,754.75 19,904.25 19,591.75 19,732.75   -21.75       -0.11 352,508.00
2538  2024-08-24 01:00:00  NAS100 19,732.75 19,811.25 19,705.75 19,776.75    44.00        0.22 110,469.00
2539  2024-08-26 05:00:00  NAS100 19,787.75 19,832.50 19,716.25 19,803.25    26.50        0.13  19,241.00
2540  2024-08-26 09:00:00  NAS100 19,802.75 19,811.00 19,754.25 19,784.75   -18.50       -0.09   8,909.00
2541  2024-08-26 13:00:00  NAS100 19,785.00 19,846.25 19,779.00 19,838.00    53.25        0.27  16,744.00
2542  2024-08-26 17:00:00  NAS100 19,837.25 19,844.50 19,711.25 19,722.00  -116.00       -0.58  78,383.00
2543  2024-08-26 21:00:00  NAS100 19,722.50 19,729.75 19,505.50 19,536.75  -185.25       -0.94 238,014.00
2544  2024-08-27 01:00:00  NAS100 19,537.00 19,624.50 19,514.00 19,549.00    12.25        0.06 106,591.00
2545  2024-08-27 05:00:00  NAS100 19,558.75 19,593.00 19,521.50 19,570.50    21.50        0.11  13,736.00
2546  2024-08-27 09:00:00  NAS100 19,569.50 19,622.00 19,565.25 19,618.25    47.75        0.24   8,049.00
2547  2024-08-27 13:00:00  NAS100 19,617.50 19,647.00 19,584.25 19,632.00    13.75        0.07  16,794.00
2548  2024-08-27 17:00:00  NAS100 19,631.75 19,636.25 19,441.50 19,540.50   -91.50       -0.47 103,614.00
2549  2024-08-27 21:00:00  NAS100 19,542.75 19,694.25 19,530.50 19,686.25   145.75        0.75 212,943.00
2550  2024-08-28 01:00:00  NAS100 19,686.50 19,692.75 19,625.75 19,636.00   -50.25       -0.26  77,992.00
2551  2024-08-28 05:00:00  NAS100 19,635.50 19,645.00 19,560.75 19,608.75   -27.25       -0.14  15,964.00
2552  2024-08-28 09:00:00  NAS100 19,608.50 19,635.75 19,598.25 19,632.50    23.75        0.12   7,822.00
2553  2024-08-28 13:00:00  NAS100 19,632.50 19,691.00 19,624.00 19,667.00    34.50        0.18  17,064.00
2554  2024-08-28 17:00:00  NAS100 19,668.25 19,676.00 19,530.50 19,557.75  -109.25       -0.56  79,879.00
2555  2024-08-28 21:00:00  NAS100 19,558.00 19,593.25 19,291.25 19,296.75  -261.00       -1.33 246,896.00
2556  2024-08-29 01:00:00  NAS100 19,297.25 19,482.75 19,227.25 19,310.25    13.50        0.07 162,990.00
2557  2024-08-29 05:00:00  NAS100 19,217.00 19,264.50 19,140.25 19,230.00   -80.25       -0.42  30,001.00
2558  2024-08-29 09:00:00  NAS100 19,230.50 19,329.50 19,218.00 19,323.00    93.00        0.48  14,774.00
2559  2024-08-29 13:00:00  NAS100 19,322.50 19,505.75 19,308.75 19,488.50   165.50        0.86  39,909.00
2560  2024-08-29 17:00:00  NAS100 19,488.50 19,651.50 19,418.50 19,643.75   155.25        0.80 144,026.00
2561  2024-08-29 21:00:00  NAS100 19,643.75 19,693.50 19,530.75 19,633.75   -10.00       -0.05 232,370.00
2562  2024-08-30 01:00:00  NAS100 19,633.25 19,633.75 19,337.00 19,445.50  -188.25       -0.96 199,730.00
2563  2024-08-30 05:00:00  NAS100 19,445.75 19,462.50 19,394.00 19,440.00    -5.50       -0.03  11,734.00
2564  2024-08-30 09:00:00  NAS100 19,441.25 19,482.00 19,433.00 19,455.75    15.75        0.08  10,315.00
2565  2024-08-30 13:00:00  NAS100 19,456.75 19,539.50 19,452.25 19,529.75    74.00        0.38  20,055.00
2566  2024-08-30 17:00:00  NAS100 19,529.75 19,603.25 19,499.00 19,593.00    63.25        0.32  88,048.00
2567  2024-08-30 21:00:00  NAS100 19,593.50 19,628.75 19,370.50 19,446.50  -146.50       -0.75 232,282.00
2568  2024-08-31 01:00:00  NAS100 19,447.25 19,632.75 19,434.00 19,594.50   148.00        0.76 121,674.00
2569  2024-09-02 05:00:00  NAS100 19,599.00 19,628.00 19,569.00 19,616.25    21.75        0.11   8,207.00
2570  2024-09-02 09:00:00  NAS100 19,616.50 19,616.50 19,565.25 19,584.25   -32.00       -0.16   6,656.00
2571  2024-09-02 13:00:00  NAS100 19,583.50 19,594.00 19,511.00 19,590.25     6.00        0.03  15,357.00
2572  2024-09-02 17:00:00  NAS100 19,590.25 19,645.50 19,580.00 19,619.50    29.25        0.15  15,443.00
2573  2024-09-02 21:00:00  NAS100 19,619.50 19,670.25 19,587.50 19,647.00    27.50        0.14  25,858.00
2574  2024-09-03 05:00:00  NAS100 19,646.50 19,683.00 19,544.75 19,595.00   -52.00       -0.26  17,238.00
2575  2024-09-03 09:00:00  NAS100 19,596.25 19,598.25 19,514.00 19,567.00   -28.00       -0.14  13,501.00
2576  2024-09-03 13:00:00  NAS100 19,567.00 19,644.75 19,445.50 19,468.50   -98.50       -0.50  39,799.00
2577  2024-09-03 17:00:00  NAS100 19,469.00 19,522.25 19,331.00 19,366.50  -102.00       -0.52 120,452.00
2578  2024-09-03 21:00:00  NAS100 19,366.50 19,386.00 19,103.25 19,108.00  -258.50       -1.33 256,832.00
2579  2024-09-04 01:00:00  NAS100 19,108.75 19,113.50 18,911.00 18,989.75  -118.25       -0.62 167,973.00
2580  2024-09-04 05:00:00  NAS100 18,993.75 19,005.75 18,825.75 18,886.75  -103.00       -0.54  34,831.00
2581  2024-09-04 09:00:00  NAS100 18,888.25 18,933.50 18,837.50 18,855.50   -31.25       -0.17  20,804.00
2582  2024-09-04 13:00:00  NAS100 18,855.25 18,942.75 18,830.25 18,922.25    66.75        0.35  38,539.00
2583  2024-09-04 17:00:00  NAS100 18,922.75 18,991.25 18,844.25 18,972.50    50.25        0.27 101,367.00
2584  2024-09-04 21:00:00  NAS100 18,973.00 19,114.75 18,838.25 19,005.25    32.75        0.17 253,644.00
2585  2024-09-05 01:00:00  NAS100 19,005.50 19,031.75 18,907.75 18,964.50   -40.75       -0.21 126,934.00
2586  2024-09-05 05:00:00  NAS100 18,965.75 19,006.00 18,891.50 18,984.50    20.00        0.11  17,760.00
2587  2024-09-05 09:00:00  NAS100 18,983.75 18,988.50 18,884.00 18,939.00   -45.50       -0.24  17,112.00
2588  2024-09-05 13:00:00  NAS100 18,937.00 19,002.00 18,887.75 18,938.00    -1.00       -0.01  31,551.00
2589  2024-09-05 17:00:00  NAS100 18,938.50 19,060.75 18,827.25 19,053.25   115.25        0.61 118,676.00
2590  2024-09-05 21:00:00  NAS100 19,051.00 19,150.50 18,842.00 19,012.00   -41.25       -0.22 268,478.00
2591  2024-09-06 01:00:00  NAS100 19,012.50 19,040.25 18,899.25 18,924.75   -87.25       -0.46 124,246.00
2592  2024-09-06 05:00:00  NAS100 18,921.00 18,933.75 18,791.00 18,876.00   -48.75       -0.26  21,241.00
2593  2024-09-06 09:00:00  NAS100 18,876.50 18,906.75 18,830.75 18,873.75    -2.25       -0.01  12,826.00
2594  2024-09-06 13:00:00  NAS100 18,872.50 18,886.00 18,703.00 18,760.50  -113.25       -0.60  38,513.00
2595  2024-09-06 17:00:00  NAS100 18,760.00 18,972.25 18,720.00 18,745.75   -14.75       -0.08 161,728.00
2596  2024-09-06 21:00:00  NAS100 18,745.75 18,788.00 18,430.25 18,477.50  -268.25       -1.43 330,056.00
2597  2024-09-07 01:00:00  NAS100 18,478.50 18,532.75 18,339.75 18,377.50  -100.00       -0.54 146,067.00
2598  2024-09-09 05:00:00  NAS100 18,400.00 18,525.75 18,386.00 18,513.00   135.50        0.74  26,144.00
2599  2024-09-09 09:00:00  NAS100 18,513.00 18,584.50 18,497.75 18,553.50    40.50        0.22  16,873.00
2600  2024-09-09 13:00:00  NAS100 18,553.75 18,637.50 18,546.75 18,627.00    73.50        0.40  31,027.00
2601  2024-09-09 17:00:00  NAS100 18,626.25 18,696.25 18,565.50 18,687.50    60.50        0.32  92,072.00
2602  2024-09-09 21:00:00  NAS100 18,687.00 18,730.00 18,497.25 18,639.50   -48.00       -0.26 238,824.00
2603  2024-09-10 01:00:00  NAS100 18,639.25 18,734.50 18,566.75 18,722.75    83.25        0.45 119,769.00
2604  2024-09-10 05:00:00  NAS100 18,727.00 18,741.00 18,637.25 18,692.50   -30.25       -0.16  20,235.00
2605  2024-09-10 09:00:00  NAS100 18,692.50 18,692.50 18,611.50 18,623.50   -69.00       -0.37  12,156.00
2606  2024-09-10 13:00:00  NAS100 18,624.50 18,693.00 18,582.25 18,638.50    15.00        0.08  27,195.00
2607  2024-09-10 17:00:00  NAS100 18,639.25 18,821.75 18,615.50 18,762.50   124.00        0.67 110,578.00
2608  2024-09-10 21:00:00  NAS100 18,762.75 18,817.00 18,589.75 18,787.25    24.75        0.13 251,070.00
2609  2024-09-11 01:00:00  NAS100 18,787.25 18,878.50 18,787.25 18,835.00    47.75        0.25 107,553.00
2610  2024-09-11 05:00:00  NAS100 18,837.75 18,857.00 18,749.00 18,778.00   -57.00       -0.30  19,051.00
2611  2024-09-11 09:00:00  NAS100 18,778.25 18,800.00 18,705.00 18,750.75   -27.25       -0.15  17,480.00
2612  2024-09-11 13:00:00  NAS100 18,750.50 18,825.50 18,746.00 18,807.50    56.75        0.30  26,719.00
2613  2024-09-11 17:00:00  NAS100 18,806.25 18,927.50 18,730.50 18,791.50   -16.00       -0.09 134,232.00
2614  2024-09-11 21:00:00  NAS100 18,792.25 19,070.25 18,547.00 19,040.25   248.75        1.32 339,744.00
2615  2024-09-12 01:00:00  NAS100 19,040.00 19,293.50 19,031.50 19,248.00   207.75        1.09 172,916.00
2616  2024-09-12 05:00:00  NAS100 19,241.50 19,289.25 19,226.25 19,278.50    30.50        0.16  17,113.00
2617  2024-09-12 09:00:00  NAS100 19,277.75 19,329.25 19,263.25 19,310.50    32.00        0.17  14,030.00
2618  2024-09-12 13:00:00  NAS100 19,310.50 19,342.75 19,259.75 19,294.50   -16.00       -0.08  31,113.00
2619  2024-09-12 17:00:00  NAS100 19,295.00 19,329.50 19,185.00 19,257.25   -37.25       -0.19 127,316.00
2620  2024-09-12 21:00:00  NAS100 19,257.50 19,469.25 19,221.50 19,466.00   208.75        1.08 250,497.00
2621  2024-09-13 01:00:00  NAS100 19,466.25 19,483.50 19,356.75 19,413.50   -52.50       -0.27 123,303.00
2622  2024-09-13 05:00:00  NAS100 19,419.50 19,473.75 19,413.25 19,443.50    30.00        0.15  10,286.00
2623  2024-09-13 09:00:00  NAS100 19,444.00 19,488.50 19,420.25 19,444.75     1.25        0.01   9,953.00
2624  2024-09-13 13:00:00  NAS100 19,445.75 19,478.50 19,425.00 19,462.75    18.00        0.09  18,762.00
2625  2024-09-13 17:00:00  NAS100 19,462.00 19,501.50 19,398.25 19,464.00     1.25        0.01  78,491.00
2626  2024-09-13 21:00:00  NAS100 19,465.75 19,577.25 19,413.25 19,560.75    96.75        0.50 199,972.00
2627  2024-09-14 01:00:00  NAS100 19,561.00 19,573.25 19,492.00 19,503.50   -57.25       -0.29  99,118.00
2628  2024-09-16 05:00:00  NAS100 19,498.00 19,546.50 19,479.00 19,526.50    23.00        0.12  11,635.00
2629  2024-09-16 09:00:00  NAS100 19,527.00 19,532.50 19,508.25 19,518.00    -8.50       -0.04   3,351.00
2630  2024-09-16 13:00:00  NAS100 19,517.75 19,543.00 19,481.50 19,516.25    -1.75       -0.01   9,578.00
2631  2024-09-16 17:00:00  NAS100 19,515.50 19,516.50 19,326.25 19,428.75   -87.50       -0.45  53,727.00
2632  2024-09-16 21:00:00  NAS100 19,428.50 19,462.00 19,299.25 19,428.25    -0.50       -0.00 107,237.00
2633  2024-09-17 01:00:00  NAS100 19,429.00 19,453.00 19,394.75 19,419.50    -8.75       -0.05  40,129.00
2634  2024-09-17 05:00:00  NAS100 19,655.00 19,695.50 19,633.00 19,653.50   234.00        1.20  10,164.00
2635  2024-09-17 09:00:00  NAS100 19,653.50 19,691.25 19,637.25 19,688.00    34.50        0.18   6,297.00
2636  2024-09-17 13:00:00  NAS100 19,688.50 19,786.75 19,674.75 19,774.00    86.00        0.44  19,930.00
2637  2024-09-17 17:00:00  NAS100 19,774.50 19,828.75 19,709.00 19,760.00   -14.00       -0.07  82,251.00
2638  2024-09-17 21:00:00  NAS100 19,760.75 19,850.25 19,574.50 19,661.50   -98.50       -0.50 211,039.00
2639  2024-09-18 01:00:00  NAS100 19,661.50 19,701.75 19,609.00 19,686.25    24.75        0.13  81,390.00
2640  2024-09-18 05:00:00  NAS100 19,686.75 19,715.00 19,679.25 19,710.75    24.50        0.12   7,757.00
2641  2024-09-18 09:00:00  NAS100 19,711.25 19,715.50 19,670.00 19,692.25   -18.50       -0.09   8,934.00
2642  2024-09-18 13:00:00  NAS100 19,691.25 19,726.75 19,657.25 19,710.50    18.25        0.09  21,948.00
2643  2024-09-18 17:00:00  NAS100 19,710.00 19,736.50 19,667.00 19,708.50    -2.00       -0.01  62,615.00
2644  2024-09-18 21:00:00  NAS100 19,708.25 19,731.50 19,583.50 19,689.00   -19.50       -0.10 147,559.00
2645  2024-09-19 01:00:00  NAS100 19,702.00 19,900.00 19,558.00 19,632.75   -56.25       -0.29 258,806.00
2646  2024-09-19 05:00:00  NAS100 19,648.75 19,845.75 19,636.75 19,738.00   105.25        0.54  30,892.00
2647  2024-09-19 09:00:00  NAS100 19,739.25 19,891.50 19,731.00 19,881.00   143.00        0.72  27,847.00
2648  2024-09-19 13:00:00  NAS100 19,881.75 19,983.50 19,863.50 19,980.00    99.00        0.50  37,534.00
2649  2024-09-19 17:00:00  NAS100 19,979.75 20,073.00 19,964.00 20,009.50    29.50        0.15 114,250.00
2650  2024-09-19 21:00:00  NAS100 20,011.00 20,203.00 20,000.00 20,193.00   183.50        0.92 216,440.00
2651  2024-09-20 01:00:00  NAS100 20,192.75 20,201.75 20,051.50 20,062.75  -130.25       -0.65 137,476.00
2652  2024-09-20 05:00:00  NAS100 20,066.00 20,074.25 20,022.25 20,055.75    -7.00       -0.03  13,109.00
2653  2024-09-20 09:00:00  NAS100 20,055.00 20,070.50 20,020.75 20,047.00    -8.75       -0.04  10,859.00
2654  2024-09-20 13:00:00  NAS100 20,047.25 20,069.75 20,007.25 20,012.00   -35.00       -0.17  23,019.00
2655  2024-09-20 17:00:00  NAS100 20,012.25 20,082.50 19,981.00 20,001.75   -10.25       -0.05  97,423.00
2656  2024-09-20 21:00:00  NAS100 20,001.00 20,036.25 19,860.00 19,995.25    -6.50       -0.03 209,948.00
2657  2024-09-21 01:00:00  NAS100 19,995.00 20,084.00 19,934.25 20,015.50    20.25        0.10 113,972.00
2658  2024-09-23 05:00:00  NAS100 20,040.00 20,149.00 19,996.25 20,131.00   115.50        0.58  18,857.00
2659  2024-09-23 09:00:00  NAS100 20,130.25 20,164.00 20,104.00 20,106.25   -24.75       -0.12  12,413.00
2660  2024-09-23 13:00:00  NAS100 20,107.25 20,108.25 19,955.25 20,078.50   -27.75       -0.14  33,453.00
2661  2024-09-23 17:00:00  NAS100 20,078.50 20,105.00 20,031.25 20,066.00   -12.50       -0.06  73,569.00
2662  2024-09-23 21:00:00  NAS100 20,066.50 20,126.75 20,018.75 20,073.50     7.50        0.04 184,164.00
2663  2024-09-24 01:00:00  NAS100 20,073.25 20,089.25 20,054.00 20,063.25   -10.25       -0.05  68,885.00
2664  2024-09-24 05:00:00  NAS100 20,063.25 20,095.75 20,039.50 20,051.00   -12.25       -0.06  12,250.00
2665  2024-09-24 09:00:00  NAS100 20,050.75 20,110.00 20,022.50 20,104.25    53.25        0.27  11,605.00
2666  2024-09-24 13:00:00  NAS100 20,105.00 20,179.25 20,093.00 20,131.50    27.25        0.14  27,914.00
2667  2024-09-24 17:00:00  NAS100 20,131.50 20,155.50 20,050.75 20,089.25   -42.25       -0.21  74,199.00
2668  2024-09-24 21:00:00  NAS100 20,091.00 20,214.75 19,953.00 20,165.50    76.25        0.38 237,443.00
2669  2024-09-25 01:00:00  NAS100 20,165.25 20,189.50 20,108.75 20,185.25    19.75        0.10  86,547.00
2670  2024-09-25 05:00:00  NAS100 20,183.75 20,192.25 20,116.00 20,125.50   -59.75       -0.30  13,292.00
2671  2024-09-25 09:00:00  NAS100 20,125.25 20,142.25 20,088.00 20,099.00   -26.50       -0.13  11,189.00
2672  2024-09-25 13:00:00  NAS100 20,099.00 20,116.25 20,064.25 20,109.50    10.50        0.05  21,085.00
2673  2024-09-25 17:00:00  NAS100 20,108.75 20,234.00 20,108.50 20,232.00   122.50        0.61  77,388.00
2674  2024-09-25 21:00:00  NAS100 20,231.50 20,271.00 20,135.50 20,200.75   -31.25       -0.15 192,221.00
2675  2024-09-26 01:00:00  NAS100 20,199.50 20,245.00 20,145.00 20,242.00    41.25        0.20  81,023.00
2676  2024-09-26 05:00:00  NAS100 20,242.00 20,322.00 20,232.00 20,317.25    75.25        0.37  16,623.00
2677  2024-09-26 09:00:00  NAS100 20,317.50 20,421.50 20,309.75 20,418.50   101.25        0.50  18,028.00
2678  2024-09-26 13:00:00  NAS100 20,417.75 20,499.75 20,417.75 20,469.25    50.75        0.25  32,672.00
2679  2024-09-26 17:00:00  NAS100 20,468.25 20,538.00 20,405.00 20,427.25   -42.00       -0.21 105,805.00
2680  2024-09-26 21:00:00  NAS100 20,428.00 20,437.00 20,188.00 20,274.25  -153.00       -0.75 241,220.00
2681  2024-09-27 01:00:00  NAS100 20,274.00 20,362.50 20,274.00 20,345.75    71.50        0.35  88,327.00
2682  2024-09-27 05:00:00  NAS100 20,345.00 20,381.75 20,296.75 20,299.50   -46.25       -0.23  16,162.00
2683  2024-09-27 09:00:00  NAS100 20,299.75 20,358.50 20,279.50 20,319.50    20.00        0.10  15,809.00
2684  2024-09-27 13:00:00  NAS100 20,319.00 20,333.25 20,235.00 20,306.00   -13.50       -0.07  30,576.00
2685  2024-09-27 17:00:00  NAS100 20,306.50 20,395.75 20,281.50 20,327.00    21.00        0.10  80,280.00
2686  2024-09-27 21:00:00  NAS100 20,328.00 20,376.50 20,210.00 20,280.25   -46.75       -0.23 184,243.00
2687  2024-09-28 01:00:00  NAS100 20,279.75 20,293.00 20,173.00 20,193.00   -87.25       -0.43 102,116.00
2688  2024-09-30 05:00:00  NAS100 20,198.50 20,287.00 20,158.00 20,191.75    -1.25       -0.01  21,106.00
2689  2024-09-30 09:00:00  NAS100 20,192.00 20,226.75 20,153.50 20,173.50   -18.25       -0.09  12,960.00
2690  2024-09-30 13:00:00  NAS100 20,173.00 20,247.25 20,146.00 20,204.00    30.50        0.15  23,484.00
2691  2024-09-30 17:00:00  NAS100 20,203.50 20,262.50 20,119.50 20,204.25     0.25        0.00  81,437.00
2692  2024-09-30 21:00:00  NAS100 20,204.75 20,254.50 20,127.50 20,205.50     1.25        0.01 180,781.00
2693  2024-10-01 01:00:00  NAS100 20,206.25 20,286.75 20,056.00 20,233.25    27.75        0.14 182,306.00
2694  2024-10-01 05:00:00  NAS100 20,234.25 20,331.75 20,213.25 20,328.75    95.50        0.47  14,763.00
2695  2024-10-01 09:00:00  NAS100 20,327.25 20,331.00 20,233.00 20,251.25   -77.50       -0.38  13,583.00
2696  2024-10-01 13:00:00  NAS100 20,252.00 20,291.75 20,215.00 20,278.00    26.75        0.13  21,846.00
2697  2024-10-01 17:00:00  NAS100 20,278.25 20,324.75 19,978.50 20,044.00  -234.00       -1.15 119,863.00
2698  2024-10-01 21:00:00  NAS100 20,044.50 20,078.25 19,818.00 19,999.25   -44.75       -0.22 345,663.00
2699  2024-10-02 01:00:00  NAS100 19,998.75 20,081.25 19,953.25 19,962.25   -37.00       -0.19 134,152.00
2700  2024-10-02 05:00:00  NAS100 19,975.25 19,990.25 19,891.25 19,984.00    21.75        0.11  19,155.00
2701  2024-10-02 09:00:00  NAS100 19,985.25 19,996.00 19,880.25 19,920.50   -63.50       -0.32  15,684.00
2702  2024-10-02 13:00:00  NAS100 19,921.25 19,971.50 19,891.00 19,912.25    -8.25       -0.04  24,067.00
2703  2024-10-02 17:00:00  NAS100 19,912.00 20,010.75 19,833.50 19,916.00     3.75        0.02 105,986.00
2704  2024-10-02 21:00:00  NAS100 19,915.25 20,090.25 19,905.50 20,045.25   129.25        0.65 219,853.00
2705  2024-10-03 01:00:00  NAS100 20,044.25 20,072.50 19,985.75 20,056.25    11.00        0.05  86,180.00
2706  2024-10-03 05:00:00  NAS100 20,055.50 20,068.00 19,950.00 19,975.25   -81.00       -0.40  17,348.00
2707  2024-10-03 09:00:00  NAS100 19,975.75 19,987.75 19,930.75 19,939.00   -36.25       -0.18  12,611.00
2708  2024-10-03 13:00:00  NAS100 19,938.00 19,972.50 19,852.00 19,918.75   -20.25       -0.10  30,994.00
2709  2024-10-03 17:00:00  NAS100 19,917.00 20,048.25 19,894.75 20,023.00   104.25        0.52  91,159.00
2710  2024-10-03 21:00:00  NAS100 20,024.00 20,113.75 19,879.00 19,962.75   -60.25       -0.30 284,433.00
2711  2024-10-04 01:00:00  NAS100 19,963.00 20,017.50 19,913.75 19,958.25    -4.50       -0.02  84,589.00
2712  2024-10-04 05:00:00  NAS100 19,965.50 20,051.25 19,941.50 20,042.50    84.25        0.42  14,221.00
2713  2024-10-04 09:00:00  NAS100 20,043.50 20,069.50 19,992.75 20,015.25   -27.25       -0.14  14,580.00
2714  2024-10-04 13:00:00  NAS100 20,016.00 20,042.50 19,971.75 20,037.50    22.25        0.11  18,270.00
2715  2024-10-04 17:00:00  NAS100 20,037.75 20,263.75 20,036.75 20,086.50    49.00        0.24 143,780.00
2716  2024-10-04 21:00:00  NAS100 20,086.50 20,182.25 20,013.25 20,115.50    29.00        0.14 265,010.00
2717  2024-10-05 01:00:00  NAS100 20,115.75 20,245.50 20,093.50 20,202.25    86.75        0.43  96,004.00
2718  2024-10-07 05:00:00  NAS100 20,220.00 20,267.25 20,201.25 20,215.50    13.25        0.07  21,693.00
2719  2024-10-07 09:00:00  NAS100 20,215.50 20,236.75 20,183.25 20,189.75   -25.75       -0.13  11,256.00
2720  2024-10-07 13:00:00  NAS100 20,190.50 20,213.75 20,058.00 20,095.25   -94.50       -0.47  35,564.00
2721  2024-10-07 17:00:00  NAS100 20,095.50 20,163.75 20,075.25 20,110.00    14.75        0.07  80,358.00
2722  2024-10-07 21:00:00  NAS100 20,110.50 20,187.25 20,104.25 20,148.75    38.75        0.19 154,225.00
2723  2024-10-08 01:00:00  NAS100 20,148.50 20,152.75 19,948.00 20,017.00  -131.75       -0.65 140,214.00
2724  2024-10-08 05:00:00  NAS100 20,025.75 20,031.00 19,902.50 19,981.00   -36.00       -0.18  25,701.00
2725  2024-10-08 09:00:00  NAS100 19,979.75 20,012.00 19,955.50 19,979.00    -2.00       -0.01  15,072.00
2726  2024-10-08 13:00:00  NAS100 19,978.50 20,090.00 19,942.50 20,073.00    94.00        0.47  31,944.00
2727  2024-10-08 17:00:00  NAS100 20,072.75 20,158.00 20,054.50 20,156.00    83.00        0.41  81,479.00
2728  2024-10-08 21:00:00  NAS100 20,155.75 20,273.75 20,155.25 20,232.00    76.00        0.38 185,290.00
2729  2024-10-09 01:00:00  NAS100 20,232.00 20,329.50 20,223.00 20,286.25    54.25        0.27  97,259.00
2730  2024-10-09 05:00:00  NAS100 20,294.25 20,297.00 20,261.25 20,275.00   -11.25       -0.06  11,318.00
2731  2024-10-09 09:00:00  NAS100 20,274.00 20,274.00 20,222.75 20,232.25   -42.75       -0.21  12,360.00
2732  2024-10-09 13:00:00  NAS100 20,231.25 20,268.75 20,196.00 20,262.50    30.25        0.15  21,808.00
2733  2024-10-09 17:00:00  NAS100 20,262.00 20,300.75 20,238.50 20,266.00     3.50        0.02  75,306.00
2734  2024-10-09 21:00:00  NAS100 20,265.50 20,448.25 20,263.25 20,398.75   132.75        0.66 192,628.00
2735  2024-10-10 01:00:00  NAS100 20,399.75 20,482.75 20,389.00 20,449.25    50.50        0.25 101,460.00
2736  2024-10-10 05:00:00  NAS100 20,445.25 20,463.75 20,435.75 20,451.00     1.75        0.01   9,427.00
2737  2024-10-10 09:00:00  NAS100 20,450.50 20,474.00 20,439.25 20,443.00    -8.00       -0.04   7,472.00
2738  2024-10-10 13:00:00  NAS100 20,442.75 20,455.50 20,405.75 20,431.50   -11.50       -0.06  18,374.00
2739  2024-10-10 17:00:00  NAS100 20,431.25 20,478.50 20,301.50 20,357.50   -74.00       -0.36 112,692.00
2740  2024-10-10 21:00:00  NAS100 20,357.50 20,508.25 20,353.75 20,445.75    88.25        0.43 209,313.00
2741  2024-10-11 01:00:00  NAS100 20,445.75 20,446.50 20,372.50 20,433.00   -12.75       -0.06  86,000.00
2742  2024-10-11 05:00:00  NAS100 20,435.00 20,464.75 20,426.00 20,451.00    18.00        0.09   9,048.00
2743  2024-10-11 09:00:00  NAS100 20,451.00 20,468.25 20,414.50 20,426.75   -24.25       -0.12   7,945.00
2744  2024-10-11 13:00:00  NAS100 20,426.75 20,433.25 20,354.00 20,368.75   -58.00       -0.28  19,686.00
2745  2024-10-11 17:00:00  NAS100 20,369.00 20,416.25 20,314.75 20,359.75    -9.00       -0.04  83,213.00
2746  2024-10-11 21:00:00  NAS100 20,358.50 20,481.25 20,325.50 20,436.75    77.00        0.38 179,556.00
2747  2024-10-12 01:00:00  NAS100 20,436.75 20,494.25 20,406.50 20,413.25   -23.50       -0.11  79,645.00
2748  2024-10-14 05:00:00  NAS100 20,432.50 20,450.75 20,394.75 20,400.25   -13.00       -0.06  13,332.00
2749  2024-10-14 09:00:00  NAS100 20,400.00 20,433.50 20,383.25 20,431.00    30.75        0.15   9,277.00
2750  2024-10-14 13:00:00  NAS100 20,431.00 20,490.00 20,424.25 20,487.75    56.75        0.28  17,877.00
2751  2024-10-14 17:00:00  NAS100 20,487.75 20,671.25 20,487.75 20,670.75   183.00        0.89  82,285.00
2752  2024-10-14 21:00:00  NAS100 20,671.50 20,680.00 20,525.00 20,607.75   -63.00       -0.30 173,911.00
2753  2024-10-15 01:00:00  NAS100 20,608.00 20,666.75 20,596.50 20,638.50    30.75        0.15  88,452.00
2754  2024-10-15 05:00:00  NAS100 20,638.75 20,640.75 20,590.00 20,628.75    -9.75       -0.05  12,602.00
2755  2024-10-15 09:00:00  NAS100 20,628.50 20,637.25 20,606.00 20,607.50   -21.25       -0.10   6,552.00
2756  2024-10-15 13:00:00  NAS100 20,608.50 20,613.75 20,563.50 20,584.75   -22.75       -0.11  18,918.00
2757  2024-10-15 17:00:00  NAS100 20,584.75 20,659.25 20,578.75 20,629.50    44.75        0.22  76,392.00
2758  2024-10-15 21:00:00  NAS100 20,629.00 20,648.25 20,331.25 20,358.75  -270.75       -1.31 275,471.00
2759  2024-10-16 01:00:00  NAS100 20,359.25 20,389.00 20,254.00 20,333.25   -25.50       -0.13 119,329.00
2760  2024-10-16 05:00:00  NAS100 20,334.50 20,376.25 20,306.00 20,366.75    33.50        0.16  12,843.00
2761  2024-10-16 09:00:00  NAS100 20,366.75 20,398.50 20,360.50 20,392.00    25.25        0.12  10,767.00
2762  2024-10-16 13:00:00  NAS100 20,391.75 20,393.75 20,330.00 20,364.50   -27.50       -0.13  26,621.00
2763  2024-10-16 17:00:00  NAS100 20,364.50 20,386.00 20,215.25 20,223.75  -140.75       -0.69  88,843.00
2764  2024-10-16 21:00:00  NAS100 20,224.25 20,349.25 20,206.25 20,337.25   113.50        0.56 187,608.00
2765  2024-10-17 01:00:00  NAS100 20,337.00 20,379.25 20,318.00 20,328.00    -9.25       -0.05  84,393.00
2766  2024-10-17 05:00:00  NAS100 20,328.00 20,335.50 20,276.75 20,318.75    -9.25       -0.05  11,788.00
2767  2024-10-17 09:00:00  NAS100 20,318.25 20,347.75 20,279.75 20,341.50    22.75        0.11  10,860.00
2768  2024-10-17 13:00:00  NAS100 20,342.25 20,507.00 20,340.25 20,490.75   149.25        0.73  39,418.00
2769  2024-10-17 17:00:00  NAS100 20,490.25 20,594.75 20,402.75 20,434.25   -56.50       -0.28 128,733.00
2770  2024-10-17 21:00:00  NAS100 20,434.25 20,528.75 20,366.50 20,477.50    43.25        0.21 205,941.00
2771  2024-10-18 01:00:00  NAS100 20,477.50 20,484.00 20,353.75 20,383.50   -94.00       -0.46 129,187.00
2772  2024-10-18 05:00:00  NAS100 20,384.00 20,414.50 20,320.75 20,379.25    -4.25       -0.02  15,244.00
2773  2024-10-18 09:00:00  NAS100 20,379.50 20,407.00 20,352.25 20,404.75    25.50        0.13   9,783.00
2774  2024-10-18 13:00:00  NAS100 20,404.50 20,468.00 20,397.00 20,429.25    24.50        0.12  19,277.00
2775  2024-10-18 17:00:00  NAS100 20,430.00 20,510.75 20,418.50 20,475.25    46.00        0.23  86,775.00
2776  2024-10-18 21:00:00  NAS100 20,475.75 20,529.75 20,442.00 20,485.50    10.25        0.05 174,889.00
2777  2024-10-19 01:00:00  NAS100 20,485.75 20,508.75 20,451.75 20,484.25    -1.25       -0.01  72,820.00
2778  2024-10-21 05:00:00  NAS100 20,496.25 20,526.00 20,496.00 20,507.50    23.25        0.11  11,324.00
2779  2024-10-21 09:00:00  NAS100 20,507.75 20,511.00 20,444.25 20,448.50   -59.00       -0.29  11,064.00
2780  2024-10-21 13:00:00  NAS100 20,448.50 20,460.75 20,394.50 20,424.25   -24.25       -0.12  20,392.00
2781  2024-10-21 17:00:00  NAS100 20,425.25 20,502.50 20,343.75 20,493.25    69.00        0.34  79,115.00
2782  2024-10-21 21:00:00  NAS100 20,493.50 20,554.50 20,345.00 20,491.75    -1.50       -0.01 236,248.00
2783  2024-10-22 01:00:00  NAS100 20,492.00 20,547.25 20,446.00 20,538.75    47.00        0.23  85,858.00
2784  2024-10-22 05:00:00  NAS100 20,536.50 20,544.00 20,459.75 20,470.75   -68.00       -0.33  15,336.00
2785  2024-10-22 09:00:00  NAS100 20,470.50 20,484.25 20,440.25 20,453.00   -17.75       -0.09  10,562.00
2786  2024-10-22 13:00:00  NAS100 20,453.25 20,488.00 20,375.75 20,384.00   -69.00       -0.34  27,295.00
2787  2024-10-22 17:00:00  NAS100 20,384.25 20,479.50 20,360.25 20,460.25    76.25        0.37 105,841.00
2788  2024-10-22 21:00:00  NAS100 20,461.00 20,576.50 20,425.25 20,574.50   114.25        0.56 206,354.00
2789  2024-10-23 01:00:00  NAS100 20,574.75 20,602.25 20,507.75 20,519.00   -55.50       -0.27  99,698.00
2790  2024-10-23 05:00:00  NAS100 20,521.00 20,536.00 20,490.50 20,507.25   -11.75       -0.06  10,670.00
2791  2024-10-23 09:00:00  NAS100 20,508.25 20,529.75 20,501.25 20,507.25     0.00        0.00   7,773.00
2792  2024-10-23 13:00:00  NAS100 20,508.00 20,542.50 20,473.50 20,484.50   -22.75       -0.11  20,098.00
2793  2024-10-23 17:00:00  NAS100 20,484.25 20,494.50 20,407.75 20,433.00   -51.50       -0.25  95,580.00
2794  2024-10-23 21:00:00  NAS100 20,433.00 20,457.75 20,121.25 20,126.25  -306.75       -1.50 310,889.00
2795  2024-10-24 01:00:00  NAS100 20,125.50 20,299.50 20,079.00 20,274.50   148.25        0.74 161,241.00
2796  2024-10-24 05:00:00  NAS100 20,294.25 20,338.25 20,268.00 20,325.75    51.25        0.25  14,750.00
2797  2024-10-24 09:00:00  NAS100 20,325.00 20,343.50 20,306.25 20,324.00    -1.75       -0.01  10,887.00
2798  2024-10-24 13:00:00  NAS100 20,323.00 20,401.75 20,314.50 20,377.00    53.00        0.26  23,218.00
2799  2024-10-24 17:00:00  NAS100 20,377.25 20,428.50 20,296.25 20,337.00   -40.00       -0.20  94,547.00
2800  2024-10-24 21:00:00  NAS100 20,337.50 20,389.00 20,261.75 20,344.50     7.50        0.04 220,598.00
2801  2024-10-25 01:00:00  NAS100 20,345.25 20,413.50 20,327.25 20,391.00    46.50        0.23  92,022.00
2802  2024-10-25 05:00:00  NAS100 20,388.50 20,412.75 20,364.00 20,397.50     6.50        0.03   8,998.00
2803  2024-10-25 09:00:00  NAS100 20,396.50 20,410.75 20,364.75 20,389.75    -7.75       -0.04   9,641.00
2804  2024-10-25 13:00:00  NAS100 20,390.00 20,445.75 20,381.50 20,434.00    44.25        0.22  21,131.00
2805  2024-10-25 17:00:00  NAS100 20,434.50 20,658.00 20,410.00 20,649.50   215.50        1.05 115,081.00
2806  2024-10-25 21:00:00  NAS100 20,649.25 20,707.25 20,483.50 20,510.50  -139.00       -0.67 282,899.00
2807  2024-10-26 01:00:00  NAS100 20,510.75 20,562.00 20,460.00 20,476.00   -34.50       -0.17 132,283.00
2808  2024-10-28 05:00:00  NAS100 20,525.50 20,649.00 20,525.25 20,625.75   149.75        0.73  22,951.00
2809  2024-10-28 09:00:00  NAS100 20,626.00 20,658.50 20,600.75 20,607.50   -18.25       -0.09  13,675.00
2810  2024-10-28 13:00:00  NAS100 20,607.75 20,670.50 20,601.75 20,670.00    62.50        0.30  24,820.00
2811  2024-10-28 17:00:00  NAS100 20,669.50 20,676.50 20,528.50 20,556.25  -113.75       -0.55  94,504.00
2812  2024-10-28 21:00:00  NAS100 20,555.75 20,618.00 20,506.75 20,555.50    -0.75       -0.00 180,652.00
2813  2024-10-29 01:00:00  NAS100 20,555.50 20,560.00 20,486.00 20,507.25   -48.25       -0.23  90,384.00
2814  2024-10-29 05:00:00  NAS100 20,513.00 20,525.50 20,476.25 20,506.50    -0.75       -0.00  13,030.00
2815  2024-10-29 09:00:00  NAS100 20,507.25 20,518.75 20,451.00 20,507.00     0.50        0.00  14,161.00
2816  2024-10-29 13:00:00  NAS100 20,507.00 20,554.75 20,481.75 20,517.00    10.00        0.05  27,744.00
2817  2024-10-29 17:00:00  NAS100 20,517.50 20,526.50 20,432.25 20,514.25    -2.75       -0.01  85,133.00
2818  2024-10-29 21:00:00  NAS100 20,515.00 20,688.00 20,494.75 20,672.00   157.75        0.77 225,896.00
2819  2024-10-30 01:00:00  NAS100 20,672.25 20,760.25 20,660.00 20,708.25    36.25        0.18 122,420.00
2820  2024-10-30 05:00:00  NAS100 20,734.00 20,788.50 20,719.00 20,782.50    74.25        0.36  17,543.00
2821  2024-10-30 09:00:00  NAS100 20,782.75 20,784.25 20,702.50 20,713.25   -69.25       -0.33  14,889.00
2822  2024-10-30 13:00:00  NAS100 20,712.75 20,765.00 20,706.25 20,730.75    17.50        0.08  21,944.00
2823  2024-10-30 17:00:00  NAS100 20,730.50 20,754.50 20,542.75 20,632.50   -98.25       -0.47 125,120.00
2824  2024-10-30 21:00:00  NAS100 20,631.75 20,699.50 20,558.00 20,576.50   -56.00       -0.27 204,379.00
2825  2024-10-31 01:00:00  NAS100 20,576.00 20,622.25 20,472.50 20,507.00   -69.50       -0.34 127,947.00
2826  2024-10-31 05:00:00  NAS100 20,482.00 20,495.75 20,401.00 20,441.75   -65.25       -0.32  24,148.00
2827  2024-10-31 09:00:00  NAS100 20,441.00 20,446.75 20,384.00 20,392.00   -49.75       -0.24  13,337.00
2828  2024-10-31 13:00:00  NAS100 20,392.50 20,396.75 20,287.00 20,320.75   -71.25       -0.35  34,899.00
2829  2024-10-31 17:00:00  NAS100 20,321.25 20,417.00 20,150.75 20,166.00  -154.75       -0.76 145,158.00
2830  2024-10-31 21:00:00  NAS100 20,166.00 20,201.25 20,023.25 20,035.50  -130.50       -0.65 284,219.00
2831  2024-11-01 01:00:00  NAS100 20,036.25 20,132.00 20,008.50 20,043.00     7.50        0.04 174,172.00
2832  2024-11-01 05:00:00  NAS100 20,071.00 20,112.50 20,050.00 20,057.50    14.50        0.07  16,197.00
2833  2024-11-01 09:00:00  NAS100 20,058.25 20,127.00 20,017.00 20,120.50    63.00        0.31  16,810.00
2834  2024-11-01 13:00:00  NAS100 20,121.50 20,123.25 20,055.25 20,094.75   -25.75       -0.13  21,967.00
2835  2024-11-01 17:00:00  NAS100 20,095.25 20,175.75 20,057.50 20,169.75    75.00        0.37 101,497.00
2836  2024-11-01 21:00:00  NAS100 20,171.50 20,288.00 20,132.25 20,157.25   -12.50       -0.06 269,007.00
2837  2024-11-02 01:00:00  NAS100 20,157.75 20,202.25 20,122.75 20,170.25    13.00        0.06 112,726.00
2838  2024-11-04 06:00:00  NAS100 20,138.00 20,248.50 20,070.50 20,211.50    41.25        0.20  32,968.00
2839  2024-11-04 10:00:00  NAS100 20,211.75 20,247.75 20,206.00 20,237.50    26.00        0.13  10,743.00
2840  2024-11-04 14:00:00  NAS100 20,237.00 20,243.75 20,135.25 20,198.75   -38.75       -0.19  29,424.00
2841  2024-11-04 18:00:00  NAS100 20,198.50 20,203.25 20,013.00 20,131.25   -67.50       -0.33 113,715.00
2842  2024-11-04 22:00:00  NAS100 20,131.25 20,226.75 20,028.75 20,148.50    17.25        0.09 233,432.00
2843  2024-11-05 02:00:00  NAS100 20,148.75 20,169.00 20,070.00 20,114.50   -34.00       -0.17  92,891.00
2844  2024-11-05 06:00:00  NAS100 20,130.75 20,132.00 20,041.75 20,103.00   -11.50       -0.06  16,107.00
2845  2024-11-05 10:00:00  NAS100 20,101.75 20,124.75 20,082.25 20,118.00    15.00        0.07   8,013.00
2846  2024-11-05 14:00:00  NAS100 20,118.25 20,167.00 20,101.75 20,143.25    25.25        0.13  19,433.00
2847  2024-11-05 18:00:00  NAS100 20,143.25 20,299.50 20,107.50 20,290.75   147.50        0.73  93,800.00
2848  2024-11-05 22:00:00  NAS100 20,292.00 20,372.75 20,232.50 20,308.75    18.00        0.09 201,529.00
2849  2024-11-06 02:00:00  NAS100 20,308.50 20,385.50 20,280.50 20,362.75    54.00        0.27 103,746.00
2850  2024-11-06 06:00:00  NAS100 20,360.50 20,589.75 20,323.50 20,588.50   225.75        1.11  48,076.00
2851  2024-11-06 10:00:00  NAS100 20,588.50 20,669.25 20,457.75 20,646.25    57.75        0.28  50,527.00
2852  2024-11-06 14:00:00  NAS100 20,648.00 20,731.25 20,647.00 20,685.00    38.75        0.19  44,453.00
2853  2024-11-06 18:00:00  NAS100 20,684.25 20,805.25 20,580.00 20,675.50    -9.50       -0.05 132,125.00
2854  2024-11-06 22:00:00  NAS100 20,675.50 20,877.00 20,665.50 20,861.00   185.50        0.90 224,315.00
2855  2024-11-07 02:00:00  NAS100 20,861.50 20,935.25 20,848.50 20,922.50    61.50        0.29 119,292.00
2856  2024-11-07 06:00:00  NAS100 20,923.50 20,923.50 20,861.50 20,909.25   -13.25       -0.06  16,864.00
2857  2024-11-07 10:00:00  NAS100 20,909.75 20,966.25 20,904.00 20,950.25    41.00        0.20  14,023.00
2858  2024-11-07 14:00:00  NAS100 20,949.50 20,961.00 20,908.25 20,945.25    -5.00       -0.02  21,317.00
2859  2024-11-07 18:00:00  NAS100 20,945.00 21,110.50 20,924.00 21,108.75   163.50        0.78  97,571.00
2860  2024-11-07 22:00:00  NAS100 21,109.00 21,199.00 21,086.50 21,180.00    71.25        0.34 177,464.00
2861  2024-11-08 02:00:00  NAS100 21,180.00 21,253.00 21,159.25 21,225.25    45.25        0.21 128,401.00
2862  2024-11-08 06:00:00  NAS100 21,224.25 21,245.00 21,202.50 21,219.75    -5.50       -0.03  12,144.00
2863  2024-11-08 10:00:00  NAS100 21,219.75 21,263.25 21,219.00 21,230.50    10.75        0.05  10,945.00
2864  2024-11-08 14:00:00  NAS100 21,232.00 21,250.50 21,130.25 21,144.00   -86.50       -0.41  28,252.00
2865  2024-11-08 18:00:00  NAS100 21,144.25 21,232.25 21,121.75 21,207.50    63.50        0.30  87,689.00
2866  2024-11-08 22:00:00  NAS100 21,207.00 21,265.00 21,161.25 21,250.25    42.75        0.20 172,422.00
2867  2024-11-09 02:00:00  NAS100 21,250.25 21,264.75 21,208.00 21,226.75   -23.50       -0.11  83,615.00
2868  2024-11-11 06:00:00  NAS100 21,249.75 21,320.00 21,249.00 21,270.00    43.25        0.20  20,674.00
2869  2024-11-11 10:00:00  NAS100 21,269.25 21,300.00 21,265.75 21,288.00    18.00        0.08   9,231.00
2870  2024-11-11 14:00:00  NAS100 21,287.25 21,323.50 21,271.75 21,272.25   -15.75       -0.07  21,203.00
2871  2024-11-11 18:00:00  NAS100 21,272.25 21,340.75 21,163.00 21,172.50   -99.75       -0.47 102,603.00
2872  2024-11-11 22:00:00  NAS100 21,172.00 21,244.25 21,098.25 21,179.75     7.25        0.03 208,112.00
2873  2024-11-12 02:00:00  NAS100 21,180.00 21,233.50 21,156.25 21,210.25    30.50        0.14  88,730.00
2874  2024-11-12 06:00:00  NAS100 21,221.00 21,249.50 21,190.75 21,206.00    -4.25       -0.02  17,044.00
2875  2024-11-12 10:00:00  NAS100 21,206.75 21,225.00 21,186.00 21,208.75     2.75        0.01  12,932.00
2876  2024-11-12 14:00:00  NAS100 21,209.00 21,240.75 21,128.50 21,168.00   -40.75       -0.19  36,097.00
2877  2024-11-12 18:00:00  NAS100 21,169.00 21,251.75 21,167.50 21,235.25    67.25        0.32  94,759.00
2878  2024-11-12 22:00:00  NAS100 21,234.75 21,241.50 21,054.75 21,182.00   -53.25       -0.25 244,599.00
2879  2024-11-13 02:00:00  NAS100 21,181.50 21,210.50 21,167.00 21,178.00    -4.00       -0.02  97,290.00
2880  2024-11-13 06:00:00  NAS100 21,178.00 21,183.75 21,132.50 21,150.25   -27.75       -0.13  13,674.00
2881  2024-11-13 10:00:00  NAS100 21,149.75 21,161.00 21,101.25 21,118.25   -32.00       -0.15  13,207.00
2882  2024-11-13 14:00:00  NAS100 21,118.00 21,183.50 21,114.75 21,151.75    33.50        0.16  18,928.00
2883  2024-11-13 18:00:00  NAS100 21,152.00 21,243.50 21,114.25 21,140.25   -11.50       -0.05 108,270.00
2884  2024-11-13 22:00:00  NAS100 21,140.75 21,268.50 21,056.50 21,257.25   117.00        0.55 236,609.00
2885  2024-11-14 02:00:00  NAS100 21,257.75 21,258.25 21,123.75 21,166.00   -91.25       -0.43 133,785.00
2886  2024-11-14 06:00:00  NAS100 21,167.00 21,175.25 21,115.50 21,120.25   -45.75       -0.22  14,137.00
2887  2024-11-14 10:00:00  NAS100 21,119.50 21,151.50 21,099.50 21,101.25   -19.00       -0.09  13,230.00
2888  2024-11-14 14:00:00  NAS100 21,100.75 21,190.25 21,090.25 21,163.00    61.75        0.29  25,605.00
2889  2024-11-14 18:00:00  NAS100 21,162.75 21,183.00 21,064.00 21,092.00   -71.00       -0.34 105,791.00
2890  2024-11-14 22:00:00  NAS100 21,091.75 21,140.25 21,016.75 21,027.50   -64.50       -0.31 228,168.00
2891  2024-11-15 02:00:00  NAS100 21,026.75 21,090.25 20,950.50 20,981.75   -45.75       -0.22 158,407.00
2892  2024-11-15 06:00:00  NAS100 20,977.50 20,981.50 20,884.25 20,915.00   -66.75       -0.32  22,240.00
2893  2024-11-15 10:00:00  NAS100 20,915.00 20,929.00 20,831.00 20,869.75   -45.25       -0.22  20,615.00
2894  2024-11-15 14:00:00  NAS100 20,869.00 20,875.25 20,794.25 20,827.75   -42.00       -0.20  32,877.00
2895  2024-11-15 18:00:00  NAS100 20,827.50 20,867.00 20,679.00 20,690.00  -137.75       -0.66 128,084.00
2896  2024-11-15 22:00:00  NAS100 20,690.25 20,697.50 20,405.25 20,429.00  -261.00       -1.26 314,631.00
2897  2024-11-16 02:00:00  NAS100 20,429.25 20,522.00 20,419.50 20,503.25    74.25        0.36 155,520.00
2898  2024-11-18 06:00:00  NAS100 20,504.00 20,630.50 20,476.00 20,628.00   124.75        0.61  29,179.00
2899  2024-11-18 10:00:00  NAS100 20,628.50 20,657.00 20,619.25 20,648.75    20.75        0.10  14,490.00
2900  2024-11-18 14:00:00  NAS100 20,649.25 20,649.50 20,545.00 20,588.50   -60.25       -0.29  44,263.00
2901  2024-11-18 18:00:00  NAS100 20,587.75 20,590.00 20,481.50 20,530.25   -58.25       -0.28 109,715.00
2902  2024-11-18 22:00:00  NAS100 20,531.00 20,724.25 20,521.75 20,660.00   129.75        0.63 220,453.00
2903  2024-11-19 02:00:00  NAS100 20,660.00 20,660.50 20,589.50 20,630.50   -29.50       -0.14 100,917.00
2904  2024-11-19 06:00:00  NAS100 20,633.25 20,659.25 20,603.50 20,656.25    25.75        0.12  16,750.00
2905  2024-11-19 10:00:00  NAS100 20,656.50 20,697.00 20,653.75 20,677.25    21.00        0.10  13,384.00
2906  2024-11-19 14:00:00  NAS100 20,677.75 20,688.25 20,492.75 20,579.00   -98.25       -0.48  59,169.00
2907  2024-11-19 18:00:00  NAS100 20,578.75 20,623.50 20,382.50 20,554.25   -24.75       -0.12 140,347.00
2908  2024-11-19 22:00:00  NAS100 20,554.00 20,792.50 20,524.50 20,784.75   230.50        1.12 204,824.00
2909  2024-11-20 02:00:00  NAS100 20,784.75 20,792.00 20,709.25 20,754.50   -30.25       -0.15 111,087.00
2910  2024-11-20 06:00:00  NAS100 20,762.25 20,834.25 20,750.25 20,809.50    55.00        0.27  22,963.00
2911  2024-11-20 10:00:00  NAS100 20,810.00 20,840.25 20,773.00 20,830.75    21.25        0.10  16,632.00
2912  2024-11-20 14:00:00  NAS100 20,830.25 20,843.25 20,753.00 20,781.50   -49.25       -0.24  32,033.00
2913  2024-11-20 18:00:00  NAS100 20,781.50 20,830.00 20,613.00 20,614.00  -167.50       -0.81 107,704.00
2914  2024-11-20 22:00:00  NAS100 20,614.00 20,709.00 20,477.00 20,589.75   -24.25       -0.12 294,137.00
2915  2024-11-21 02:00:00  NAS100 20,589.00 20,786.25 20,558.00 20,738.75   149.00        0.72 136,671.00
2916  2024-11-21 06:00:00  NAS100 20,738.00 20,762.25 20,620.25 20,647.75   -91.00       -0.44  29,285.00
2917  2024-11-21 10:00:00  NAS100 20,648.50 20,704.25 20,638.00 20,688.75    41.00        0.20  15,458.00
2918  2024-11-21 14:00:00  NAS100 20,689.75 20,725.00 20,595.25 20,679.75    -9.00       -0.04  54,323.00
2919  2024-11-21 18:00:00  NAS100 20,679.50 20,905.75 20,628.25 20,667.00   -12.75       -0.06 184,011.00
2920  2024-11-21 22:00:00  NAS100 20,667.00 20,866.00 20,514.25 20,857.00   190.00        0.92 303,507.00
2921  2024-11-22 02:00:00  NAS100 20,856.75 20,878.75 20,790.50 20,793.75   -63.25       -0.30 106,157.00
2922  2024-11-22 06:00:00  NAS100 20,794.00 20,826.00 20,758.50 20,820.00    26.25        0.13  16,308.00
2923  2024-11-22 10:00:00  NAS100 20,820.00 20,844.50 20,760.25 20,801.25   -18.75       -0.09  21,948.00
2924  2024-11-22 14:00:00  NAS100 20,800.75 20,831.00 20,693.25 20,741.00   -60.25       -0.29  43,262.00
2925  2024-11-22 18:00:00  NAS100 20,741.25 20,873.00 20,721.00 20,855.00   114.00        0.55 105,056.00
2926  2024-11-22 22:00:00  NAS100 20,853.00 20,880.00 20,722.25 20,846.75    -8.25       -0.04 252,304.00
2927  2024-11-23 02:00:00  NAS100 20,847.25 20,879.75 20,795.50 20,878.75    32.00        0.15  98,722.00
2928  2024-11-25 06:00:00  NAS100 20,935.00 20,968.00 20,928.50 20,959.50    80.75        0.39  17,491.00
2929  2024-11-25 10:00:00  NAS100 20,959.50 20,972.00 20,951.75 20,959.00    -0.50       -0.00   9,523.00
2930  2024-11-25 14:00:00  NAS100 20,958.75 20,980.75 20,931.50 20,978.75    19.75        0.09  18,756.00
2931  2024-11-25 18:00:00  NAS100 20,978.75 21,081.00 20,918.50 20,944.75   -34.00       -0.16 137,122.00
2932  2024-11-25 22:00:00  NAS100 20,944.25 20,961.50 20,780.25 20,851.50   -93.25       -0.45 257,542.00
2933  2024-11-26 02:00:00  NAS100 20,851.50 20,918.00 20,825.50 20,899.50    48.00        0.23  94,158.00
2934  2024-11-26 06:00:00  NAS100 20,906.25 20,933.50 20,755.00 20,871.00   -28.50       -0.14  36,921.00
2935  2024-11-26 10:00:00  NAS100 20,871.75 20,924.25 20,865.25 20,907.00    36.00        0.17  15,252.00
2936  2024-11-26 14:00:00  NAS100 20,906.50 20,909.75 20,852.00 20,893.75   -13.25       -0.06  27,377.00
2937  2024-11-26 18:00:00  NAS100 20,894.50 21,024.75 20,880.25 20,973.75    80.00        0.38 108,233.00
2938  2024-11-26 22:00:00  NAS100 20,973.75 20,997.00 20,919.50 20,969.00    -4.75       -0.02 195,572.00
2939  2024-11-27 02:00:00  NAS100 20,968.50 21,008.75 20,903.75 20,998.75    29.75        0.14 113,247.00
2940  2024-11-27 06:00:00  NAS100 20,990.75 21,019.00 20,967.75 21,005.25     6.50        0.03  12,447.00
2941  2024-11-27 10:00:00  NAS100 21,006.00 21,006.75 20,952.25 20,969.50   -35.75       -0.17  10,724.00
2942  2024-11-27 14:00:00  NAS100 20,970.25 20,990.00 20,904.25 20,935.00   -34.50       -0.16  31,397.00
2943  2024-11-27 18:00:00  NAS100 20,935.00 20,970.75 20,839.00 20,860.50   -74.50       -0.36  91,867.00
2944  2024-11-27 22:00:00  NAS100 20,860.50 20,861.50 20,675.00 20,810.25   -50.25       -0.24 261,567.00
2945  2024-11-28 02:00:00  NAS100 20,810.50 20,829.75 20,769.25 20,806.50    -3.75       -0.02 104,781.00
2946  2024-11-28 06:00:00  NAS100 20,813.00 20,854.75 20,807.25 20,848.75    42.25        0.20   7,727.00
2947  2024-11-28 10:00:00  NAS100 20,848.50 20,864.25 20,841.75 20,863.00    14.25        0.07   4,674.00
2948  2024-11-28 14:00:00  NAS100 20,863.00 20,870.00 20,843.75 20,858.50    -4.50       -0.02   8,717.00
2949  2024-11-28 18:00:00  NAS100 20,859.25 20,896.75 20,848.50 20,888.50    30.00        0.14  15,257.00
2950  2024-11-28 22:00:00  NAS100 20,889.00 20,909.50 20,878.00 20,890.00     1.50        0.01  18,374.00
2951  2024-11-29 06:00:00  NAS100 20,884.00 20,901.50 20,822.75 20,900.00    10.00        0.05  13,362.00
2952  2024-11-29 10:00:00  NAS100 20,901.00 20,937.75 20,891.00 20,906.00     6.00        0.03  12,167.00
2953  2024-11-29 14:00:00  NAS100 20,905.75 20,910.00 20,865.50 20,895.75   -10.25       -0.05  17,742.00
2954  2024-11-29 18:00:00  NAS100 20,894.75 20,919.25 20,805.50 20,915.75    20.00        0.10  74,188.00
2955  2024-11-29 22:00:00  NAS100 20,915.50 21,017.50 20,905.50 20,991.25    75.50        0.36 165,167.00
2956  2024-12-02 06:00:00  NAS100 20,995.25 21,004.00 20,941.75 20,953.75   -37.50       -0.18  17,939.00
2957  2024-12-02 10:00:00  NAS100 20,953.75 20,966.50 20,940.00 20,953.00    -0.75       -0.00  10,202.00
2958  2024-12-02 14:00:00  NAS100 20,953.25 20,974.00 20,940.00 20,949.25    -3.75       -0.02  16,116.00
2959  2024-12-02 18:00:00  NAS100 20,949.75 21,170.00 20,947.50 21,151.25   202.00        0.96 111,889.00
2960  2024-12-02 22:00:00  NAS100 21,152.25 21,259.75 21,141.00 21,212.75    61.50        0.29 209,028.00
2961  2024-12-03 02:00:00  NAS100 21,212.50 21,241.00 21,176.25 21,211.00    -1.75       -0.01 103,167.00
2962  2024-12-03 06:00:00  NAS100 21,220.00 21,227.00 21,203.25 21,218.00     7.00        0.03  10,470.00
2963  2024-12-03 10:00:00  NAS100 21,218.00 21,239.75 21,218.00 21,227.00     9.00        0.04   7,419.00
2964  2024-12-03 14:00:00  NAS100 21,226.75 21,243.50 21,202.25 21,202.75   -24.25       -0.11  17,820.00
2965  2024-12-03 18:00:00  NAS100 21,202.50 21,226.00 21,134.25 21,203.00     0.25        0.00 100,183.00
2966  2024-12-03 22:00:00  NAS100 21,202.75 21,262.75 21,164.50 21,232.00    29.00        0.14 207,387.00
2967  2024-12-04 02:00:00  NAS100 21,232.50 21,329.00 21,223.75 21,324.25    92.25        0.43  95,883.00
2968  2024-12-04 06:00:00  NAS100 21,323.00 21,343.75 21,305.75 21,336.00    11.75        0.06  13,581.00
2969  2024-12-04 10:00:00  NAS100 21,336.00 21,368.25 21,326.25 21,353.50    17.50        0.08  11,454.00
2970  2024-12-04 14:00:00  NAS100 21,353.25 21,413.00 21,343.00 21,406.00    52.50        0.25  25,160.00
2971  2024-12-04 18:00:00  NAS100 21,406.50 21,457.00 21,388.25 21,417.50    11.50        0.05  95,714.00
2972  2024-12-04 22:00:00  NAS100 21,416.50 21,496.75 21,391.50 21,471.75    54.25        0.25 199,586.00
2973  2024-12-05 02:00:00  NAS100 21,472.00 21,548.50 21,463.25 21,517.00    45.25        0.21 109,364.00
2974  2024-12-05 06:00:00  NAS100 21,513.25 21,523.75 21,495.50 21,508.50    -8.50       -0.04  12,752.00
2975  2024-12-05 10:00:00  NAS100 21,509.00 21,520.00 21,502.50 21,503.75    -4.75       -0.02   7,068.00
2976  2024-12-05 14:00:00  NAS100 21,503.50 21,517.25 21,489.00 21,504.75     1.00        0.00  17,268.00
2977  2024-12-05 18:00:00  NAS100 21,505.00 21,551.50 21,497.75 21,510.50     5.75        0.03  78,123.00
2978  2024-12-05 22:00:00  NAS100 21,511.00 21,567.25 21,481.50 21,493.25   -17.25       -0.08 188,899.00
2979  2024-12-06 02:00:00  NAS100 21,493.75 21,517.00 21,437.50 21,453.25   -40.00       -0.19 108,379.00
2980  2024-12-06 06:00:00  NAS100 21,450.00 21,481.75 21,424.75 21,477.00    23.75        0.11  14,858.00
2981  2024-12-06 10:00:00  NAS100 21,477.00 21,483.50 21,459.00 21,476.25    -0.75       -0.00   7,002.00
2982  2024-12-06 14:00:00  NAS100 21,476.75 21,495.25 21,451.25 21,453.50   -22.75       -0.11  15,768.00
2983  2024-12-06 18:00:00  NAS100 21,454.00 21,614.00 21,440.25 21,609.50   156.00        0.73 103,638.00
2984  2024-12-06 22:00:00  NAS100 21,607.50 21,669.25 21,573.00 21,658.25    48.75        0.23 209,435.00
2985  2024-12-07 02:00:00  NAS100 21,658.50 21,663.50 21,611.75 21,634.00   -24.25       -0.11  98,157.00
2986  2024-12-09 06:00:00  NAS100 21,649.00 21,670.75 21,626.75 21,649.75    15.75        0.07  16,551.00
2987  2024-12-09 10:00:00  NAS100 21,649.50 21,656.50 21,635.00 21,650.00     0.25        0.00   6,979.00
2988  2024-12-09 14:00:00  NAS100 21,649.75 21,706.25 21,612.00 21,614.75   -35.25       -0.16  30,261.00
2989  2024-12-09 18:00:00  NAS100 21,615.25 21,648.75 21,582.75 21,623.25     8.50        0.04  94,212.00
2990  2024-12-09 22:00:00  NAS100 21,623.25 21,631.50 21,436.00 21,529.75   -93.50       -0.43 245,233.00
2991  2024-12-10 02:00:00  NAS100 21,530.00 21,530.25 21,441.25 21,473.25   -56.50       -0.26 113,819.00
2992  2024-12-10 06:00:00  NAS100 21,479.25 21,485.00 21,458.75 21,467.75    -5.50       -0.03  11,989.00
2993  2024-12-10 10:00:00  NAS100 21,468.75 21,477.00 21,452.75 21,459.25    -8.50       -0.04   7,441.00
2994  2024-12-10 14:00:00  NAS100 21,459.25 21,497.75 21,448.00 21,491.00    31.75        0.15  15,701.00
2995  2024-12-10 18:00:00  NAS100 21,491.50 21,589.25 21,489.75 21,546.75    55.75        0.26 104,388.00
2996  2024-12-10 22:00:00  NAS100 21,546.50 21,606.75 21,444.00 21,452.50   -94.25       -0.44 246,829.00
2997  2024-12-11 02:00:00  NAS100 21,453.50 21,460.00 21,352.75 21,434.75   -17.75       -0.08 142,265.00
2998  2024-12-11 06:00:00  NAS100 21,436.00 21,442.00 21,408.00 21,427.75    -7.00       -0.03  10,942.00
2999  2024-12-11 10:00:00  NAS100 21,427.75 21,448.00 21,413.75 21,444.50    16.75        0.08   7,386.00
3000  2024-12-11 14:00:00  NAS100 21,445.25 21,456.50 21,405.75 21,447.75     3.25        0.02  16,590.00
3001  2024-12-11 18:00:00  NAS100 21,448.00 21,697.00 21,431.50 21,695.50   247.75        1.16 130,345.00
3002  2024-12-11 22:00:00  NAS100 21,696.00 21,811.75 21,672.75 21,793.00    97.50        0.45 252,439.00
3003  2024-12-12 02:00:00  NAS100 21,793.00 21,820.00 21,750.25 21,755.75   -37.25       -0.17 112,423.00
3004  2024-12-12 06:00:00  NAS100 21,756.75 21,767.00 21,742.50 21,753.00    -2.75       -0.01  12,312.00
3005  2024-12-12 10:00:00  NAS100 21,752.75 21,772.50 21,752.75 21,761.25     8.25        0.04   6,969.00
3006  2024-12-12 14:00:00  NAS100 21,761.75 21,770.75 21,727.75 21,743.50   -17.75       -0.08  15,453.00
3007  2024-12-12 18:00:00  NAS100 21,743.25 21,749.00 21,648.75 21,682.50   -61.00       -0.28 116,917.00
3008  2024-12-12 22:00:00  NAS100 21,682.25 21,745.00 21,624.75 21,697.00    14.50        0.07 221,613.00
3009  2024-12-13 02:00:00  NAS100 21,697.00 21,715.50 21,604.25 21,630.25   -66.75       -0.31 117,475.00
3010  2024-12-13 06:00:00  NAS100 21,720.75 21,769.00 21,708.75 21,726.25    96.00        0.44  21,261.00
3011  2024-12-13 10:00:00  NAS100 21,726.25 21,746.75 21,698.00 21,745.75    19.50        0.09  10,403.00
3012  2024-12-13 14:00:00  NAS100 21,745.75 21,799.50 21,725.00 21,791.25    45.50        0.21  19,913.00
3013  2024-12-13 18:00:00  NAS100 21,791.75 21,908.00 21,775.50 21,880.50    89.25        0.41 118,454.00
3014  2024-12-13 22:00:00  NAS100 21,880.50 21,886.50 21,666.50 21,773.50  -107.00       -0.49 289,114.00
3015  2024-12-14 02:00:00  NAS100 21,774.00 21,824.00 21,751.75 21,760.50   -13.00       -0.06 103,058.00
3016  2024-12-16 06:00:00  NAS100 21,780.25 21,821.75 21,762.00 21,817.00    56.50        0.26  12,472.00
3017  2024-12-16 10:00:00  NAS100 21,816.75 21,819.75 21,784.25 21,808.50    -8.50       -0.04   7,008.00
3018  2024-12-16 14:00:00  NAS100 21,809.00 21,866.50 21,792.75 21,862.50    54.00        0.25  11,693.00
3019  2024-12-16 18:00:00  NAS100 21,862.50 21,972.00 21,837.75 21,971.25   108.75        0.50  65,882.00
3020  2024-12-16 22:00:00  NAS100 21,971.50 22,125.00 21,929.25 22,117.00   145.75        0.66 135,585.00
3021  2024-12-17 02:00:00  NAS100 22,117.25 22,152.50 22,095.50 22,111.75    -5.25       -0.02  62,349.00
3022  2024-12-17 06:00:00  NAS100 22,412.25 22,422.75 22,376.50 22,418.00   306.25        1.39   8,547.00
3023  2024-12-17 10:00:00  NAS100 22,416.50 22,425.75 22,385.25 22,391.25   -26.75       -0.12   5,378.00
3024  2024-12-17 14:00:00  NAS100 22,391.50 22,410.75 22,326.00 22,408.25    17.00        0.08  20,599.00
3025  2024-12-17 18:00:00  NAS100 22,407.25 22,425.50 22,279.50 22,307.00  -101.25       -0.45 111,228.00
3026  2024-12-17 22:00:00  NAS100 22,306.00 22,386.00 22,244.25 22,308.25     1.25        0.01 212,857.00
3027  2024-12-18 02:00:00  NAS100 22,308.50 22,330.75 22,253.75 22,304.75    -3.50       -0.02  94,494.00
3028  2024-12-18 06:00:00  NAS100 22,309.25 22,330.50 22,206.00 22,323.75    19.00        0.09  14,896.00
3029  2024-12-18 10:00:00  NAS100 22,323.50 22,348.00 22,299.50 22,336.50    12.75        0.06   9,209.00
3030  2024-12-18 14:00:00  NAS100 22,337.00 22,375.50 22,314.00 22,368.50    32.00        0.14  16,561.00
3031  2024-12-18 18:00:00  NAS100 22,368.25 22,387.75 22,211.25 22,288.50   -80.00       -0.36  91,138.00
3032  2024-12-18 22:00:00  NAS100 22,288.50 22,351.75 22,250.00 22,288.50     0.00        0.00 148,598.00
3033  2024-12-19 02:00:00  NAS100 22,288.50 22,295.00 21,311.00 21,459.50  -829.00       -3.72 362,135.00
3034  2024-12-19 06:00:00  NAS100 21,499.75 21,549.75 21,453.75 21,462.75     3.25        0.02  34,386.00
3035  2024-12-19 10:00:00  NAS100 21,463.50 21,508.75 21,427.75 21,486.75    24.00        0.11  20,853.00
3036  2024-12-19 14:00:00  NAS100 21,487.50 21,614.50 21,481.75 21,564.75    78.00        0.36  46,152.00
3037  2024-12-19 18:00:00  NAS100 21,565.00 21,697.75 21,544.25 21,578.25    13.50        0.06 147,209.00
3038  2024-12-19 22:00:00  NAS100 21,578.25 21,638.00 21,432.50 21,598.25    20.00        0.09 271,674.00
3039  2024-12-20 02:00:00  NAS100 21,596.75 21,598.50 21,345.75 21,408.25  -190.00       -0.88 168,760.00
3040  2024-12-20 06:00:00  NAS100 21,429.25 21,429.25 21,222.00 21,253.75  -154.50       -0.72  36,540.00
3041  2024-12-20 10:00:00  NAS100 21,254.25 21,296.50 21,204.00 21,293.25    39.50        0.19  19,761.00
3042  2024-12-20 14:00:00  NAS100 21,292.75 21,301.50 21,096.00 21,105.00  -188.25       -0.88  53,069.00
3043  2024-12-20 18:00:00  NAS100 21,105.00 21,309.00 21,006.50 21,231.50   126.50        0.60 175,379.00
3044  2024-12-20 22:00:00  NAS100 21,231.50 21,812.25 21,231.50 21,667.25   435.75        2.05 373,051.00
3045  2024-12-21 02:00:00  NAS100 21,666.25 21,753.25 21,512.50 21,552.50  -114.75       -0.53 182,357.00
3046  2024-12-23 06:00:00  NAS100 21,566.00 21,696.25 21,565.75 21,674.50   122.00        0.57  24,480.00
3047  2024-12-23 10:00:00  NAS100 21,674.00 21,741.75 21,657.00 21,731.25    56.75        0.26  13,131.00
3048  2024-12-23 14:00:00  NAS100 21,732.50 21,735.75 21,613.00 21,624.75  -106.50       -0.49  27,976.00
3049  2024-12-23 18:00:00  NAS100 21,625.00 21,675.50 21,544.25 21,630.50     5.75        0.03 110,904.00
3050  2024-12-23 22:00:00  NAS100 21,633.00 21,756.25 21,476.75 21,745.50   115.00        0.53 226,147.00
3051  2024-12-24 02:00:00  NAS100 21,745.00 21,776.75 21,666.00 21,737.25    -8.25       -0.04  99,375.00
3052  2024-12-24 06:00:00  NAS100 21,743.25 21,762.00 21,709.00 21,751.50    14.25        0.07  11,270.00
3053  2024-12-24 10:00:00  NAS100 21,751.25 21,771.00 21,726.75 21,764.50    13.00        0.06   6,942.00
3054  2024-12-24 14:00:00  NAS100 21,764.75 21,807.00 21,738.75 21,798.25    33.75        0.16  16,886.00
3055  2024-12-24 18:00:00  NAS100 21,799.25 21,907.50 21,765.25 21,904.25   106.00        0.49  65,086.00
3056  2024-12-24 22:00:00  NAS100 21,903.25 22,049.75 21,897.25 22,046.50   142.25        0.65 156,713.00
3057  2024-12-26 06:00:00  NAS100 22,049.50 22,084.50 22,043.25 22,072.75    26.25        0.12  10,209.00
3058  2024-12-26 10:00:00  NAS100 22,073.25 22,111.25 22,071.50 22,077.25     4.50        0.02  10,032.00
3059  2024-12-26 14:00:00  NAS100 22,077.25 22,083.50 21,894.25 21,934.50  -142.75       -0.65  32,858.00
3060  2024-12-26 18:00:00  NAS100 21,933.75 22,008.00 21,870.25 21,957.75    23.25        0.11  84,499.00
3061  2024-12-26 22:00:00  NAS100 21,957.00 22,076.25 21,928.00 22,017.00    59.25        0.27 182,082.00
3062  2024-12-27 02:00:00  NAS100 22,016.75 22,061.25 21,980.00 21,984.25   -32.75       -0.15  78,727.00
3063  2024-12-27 06:00:00  NAS100 21,990.75 22,008.00 21,950.25 21,961.00   -23.25       -0.11  10,008.00
3064  2024-12-27 10:00:00  NAS100 21,961.50 21,967.00 21,925.75 21,936.25   -24.75       -0.11   7,063.00
3065  2024-12-27 14:00:00  NAS100 21,936.00 21,943.50 21,898.25 21,925.50   -10.75       -0.05  17,172.00
3066  2024-12-27 18:00:00  NAS100 21,925.75 21,955.25 21,675.75 21,696.00  -229.50       -1.05 106,411.00
3067  2024-12-27 22:00:00  NAS100 21,695.25 21,708.00 21,498.75 21,669.00   -27.00       -0.12 285,720.00
3068  2024-12-28 02:00:00  NAS100 21,666.75 21,733.00 21,606.50 21,719.75    50.75        0.23 128,737.00
3069  2024-12-30 06:00:00  NAS100 21,711.00 21,742.75 21,670.50 21,689.25   -30.50       -0.14  15,476.00
3070  2024-12-30 10:00:00  NAS100 21,689.00 21,695.50 21,647.50 21,656.50   -32.75       -0.15   9,981.00
3071  2024-12-30 14:00:00  NAS100 21,655.75 21,673.25 21,613.00 21,650.25    -6.25       -0.03  22,029.00
3072  2024-12-30 18:00:00  NAS100 21,650.75 21,667.50 21,283.25 21,288.00  -362.25       -1.67 130,755.00
3073  2024-12-30 22:00:00  NAS100 21,288.00 21,571.00 21,253.00 21,542.50   254.50        1.20 228,046.00
3074  2024-12-31 02:00:00  NAS100 21,542.50 21,548.75 21,350.50 21,388.25  -154.25       -0.72 109,569.00
3075  2024-12-31 06:00:00  NAS100 21,390.25 21,455.75 21,343.50 21,422.00    33.75        0.16  13,224.00
3076  2024-12-31 10:00:00  NAS100 21,421.00 21,428.50 21,370.00 21,379.75   -42.25       -0.20  11,375.00
3077  2024-12-31 14:00:00  NAS100 21,380.25 21,511.00 21,359.50 21,496.50   116.75        0.55  22,751.00
3078  2024-12-31 18:00:00  NAS100 21,497.50 21,524.75 21,368.00 21,435.00   -61.50       -0.29  79,634.00
3079  2024-12-31 22:00:00  NAS100 21,434.00 21,468.50 21,204.50 21,220.00  -215.00       -1.00 211,289.00
3080  2025-01-01 02:00:00  NAS100 21,220.50 21,316.00 21,182.00 21,234.25    14.25        0.07 130,827.00
3081  2025-01-02 06:00:00  NAS100 21,269.00 21,333.00 21,121.75 21,322.25    88.00        0.41  32,778.00
3082  2025-01-02 10:00:00  NAS100 21,321.75 21,396.75 21,287.00 21,389.50    67.25        0.32  20,661.00
3083  2025-01-02 14:00:00  NAS100 21,389.25 21,424.50 21,318.00 21,397.75     8.25        0.04  40,365.00
3084  2025-01-02 18:00:00  NAS100 21,398.00 21,490.50 21,166.50 21,391.25    -6.50       -0.03 135,552.00
3085  2025-01-02 22:00:00  NAS100 21,392.50 21,444.00 20,983.75 21,047.50  -343.75       -1.61 309,121.00
3086  2025-01-03 02:00:00  NAS100 21,047.75 21,203.50 21,028.00 21,182.50   135.00        0.64 120,335.00
3087  2025-01-03 06:00:00  NAS100 21,186.75 21,250.00 21,144.00 21,242.50    60.00        0.28  18,875.00
3088  2025-01-03 10:00:00  NAS100 21,243.00 21,260.00 21,207.50 21,237.25    -5.25       -0.02  10,476.00
3089  2025-01-03 14:00:00  NAS100 21,237.25 21,288.00 21,210.50 21,237.00    -0.25       -0.00  25,667.00
3090  2025-01-03 18:00:00  NAS100 21,237.75 21,434.50 21,208.50 21,382.25   145.25        0.68  95,902.00
3091  2025-01-03 22:00:00  NAS100 21,382.75 21,531.25 21,261.50 21,509.25   127.00        0.59 224,196.00
3092  2025-01-04 02:00:00  NAS100 21,509.50 21,559.25 21,474.75 21,493.00   -16.25       -0.08 104,132.00
3093  2025-01-06 06:00:00  NAS100 21,532.25 21,544.75 21,478.25 21,509.50    16.50        0.08  17,547.00
3094  2025-01-06 10:00:00  NAS100 21,510.25 21,555.50 21,501.00 21,549.25    39.75        0.18  10,126.00
3095  2025-01-06 14:00:00  NAS100 21,549.00 21,693.25 21,540.25 21,671.00   121.75        0.56  29,936.00
3096  2025-01-06 18:00:00  NAS100 21,670.25 21,848.75 21,641.75 21,819.50   148.50        0.69 134,262.00
3097  2025-01-06 22:00:00  NAS100 21,818.25 21,896.75 21,701.50 21,707.25  -112.25       -0.51 233,355.00
3098  2025-01-07 02:00:00  NAS100 21,706.75 21,786.25 21,647.75 21,780.50    73.25        0.34 136,983.00
3099  2025-01-07 06:00:00  NAS100 21,781.25 21,796.25 21,733.75 21,737.75   -42.75       -0.20  14,787.00
3100  2025-01-07 10:00:00  NAS100 21,738.50 21,752.00 21,661.00 21,690.75   -47.00       -0.22  17,815.00
3101  2025-01-07 14:00:00  NAS100 21,690.25 21,774.50 21,688.50 21,768.25    77.50        0.36  25,738.00
3102  2025-01-07 18:00:00  NAS100 21,768.00 21,806.00 21,695.25 21,709.75   -58.50       -0.27  97,293.00
3103  2025-01-07 22:00:00  NAS100 21,710.25 21,710.25 21,387.00 21,440.00  -269.75       -1.24 341,701.00
3104  2025-01-08 02:00:00  NAS100 21,439.25 21,474.75 21,279.50 21,375.50   -64.50       -0.30 135,240.00
3105  2025-01-08 06:00:00  NAS100 21,380.75 21,437.00 21,344.50 21,419.50    44.00        0.21  18,400.00
3106  2025-01-08 10:00:00  NAS100 21,419.00 21,435.00 21,384.50 21,400.00   -19.50       -0.09  12,393.00
3107  2025-01-08 14:00:00  NAS100 21,399.75 21,448.25 21,360.50 21,443.75    43.75        0.20  23,137.00
3108  2025-01-08 18:00:00  NAS100 21,443.50 21,448.00 21,221.50 21,344.25   -99.50       -0.46 169,325.00
3109  2025-01-08 22:00:00  NAS100 21,343.50 21,419.00 21,166.25 21,325.50   -18.75       -0.09 268,844.00
3110  2025-01-09 02:00:00  NAS100 21,327.25 21,431.75 21,287.50 21,325.50     0.00        0.00 134,351.00
3111  2025-01-09 06:00:00  NAS100 21,334.75 21,347.25 21,271.00 21,345.00    19.50        0.09  15,496.00
3112  2025-01-09 10:00:00  NAS100 21,344.75 21,344.75 21,293.00 21,314.25   -30.75       -0.14  11,273.00
3113  2025-01-09 14:00:00  NAS100 21,315.50 21,334.50 21,218.00 21,327.50    13.25        0.06  24,918.00
3114  2025-01-09 18:00:00  NAS100 21,327.75 21,334.00 21,265.00 21,301.50   -26.00       -0.12  25,449.00
3115  2025-01-10 06:00:00  NAS100 21,302.75 21,309.00 21,179.50 21,273.25   -28.25       -0.13  23,297.00
3116  2025-01-10 10:00:00  NAS100 21,274.25 21,328.50 21,240.75 21,245.75   -27.50       -0.13  15,827.00
3117  2025-01-10 14:00:00  NAS100 21,244.00 21,321.50 21,233.75 21,315.75    70.00        0.33  22,687.00
3118  2025-01-10 18:00:00  NAS100 21,316.75 21,372.50 21,010.00 21,052.75  -263.00       -1.23 162,624.00
3119  2025-01-10 22:00:00  NAS100 21,053.00 21,176.50 20,874.75 21,167.25   114.50        0.54 323,203.00
3120  2025-01-11 02:00:00  NAS100 21,168.25 21,171.50 20,982.00 20,997.75  -169.50       -0.80 143,763.00
3121  2025-01-13 06:00:00  NAS100 21,027.50 21,037.00 20,888.50 20,925.75   -72.00       -0.34  27,700.00
3122  2025-01-13 10:00:00  NAS100 20,924.75 20,937.00 20,858.50 20,905.75   -20.00       -0.10  17,828.00
3123  2025-01-13 14:00:00  NAS100 20,906.25 20,916.25 20,694.00 20,750.25  -155.50       -0.74  48,510.00
3124  2025-01-13 18:00:00  NAS100 20,751.25 20,846.00 20,702.00 20,801.75    51.50        0.25 136,718.00
3125  2025-01-13 22:00:00  NAS100 20,802.00 20,913.75 20,714.25 20,892.50    90.75        0.44 263,815.00
3126  2025-01-14 02:00:00  NAS100 20,891.75 20,996.50 20,835.25 20,992.25    99.75        0.48 112,121.00
3127  2025-01-14 06:00:00  NAS100 21,020.00 21,088.50 20,997.00 21,043.25    51.00        0.24  20,329.00
3128  2025-01-14 10:00:00  NAS100 21,042.25 21,067.75 21,012.25 21,046.50     3.25        0.02  12,870.00
3129  2025-01-14 14:00:00  NAS100 21,047.00 21,143.75 21,021.25 21,095.25    48.75        0.23  27,270.00
3130  2025-01-14 18:00:00  NAS100 21,094.75 21,138.50 20,944.00 20,981.25  -114.00       -0.54 150,287.00
3131  2025-01-14 22:00:00  NAS100 20,980.75 21,111.00 20,791.75 20,997.25    16.00        0.08 290,597.00
3132  2025-01-15 02:00:00  NAS100 20,997.50 21,013.25 20,773.50 20,977.50   -19.75       -0.09 163,110.00
3133  2025-01-15 06:00:00  NAS100 20,977.00 20,977.00 20,931.50 20,937.75   -39.75       -0.19  11,855.00
3134  2025-01-15 10:00:00  NAS100 20,936.75 20,956.75 20,927.00 20,948.25    10.50        0.05   7,213.00
3135  2025-01-15 14:00:00  NAS100 20,947.50 20,972.00 20,909.00 20,965.00    16.75        0.08  16,934.00
3136  2025-01-15 18:00:00  NAS100 20,965.25 21,345.00 20,963.50 21,327.25   362.25        1.73 155,412.00
3137  2025-01-15 22:00:00  NAS100 21,328.00 21,408.00 21,246.25 21,380.25    53.00        0.25 239,815.00
3138  2025-01-16 02:00:00  NAS100 21,380.75 21,452.75 21,369.75 21,376.75    -3.50       -0.02 112,667.00
3139  2025-01-16 06:00:00  NAS100 21,389.00 21,447.75 21,378.25 21,398.50    21.75        0.10  15,988.00
3140  2025-01-16 10:00:00  NAS100 21,397.75 21,456.75 21,353.00 21,440.75    42.25        0.20  20,457.00
3141  2025-01-16 14:00:00  NAS100 21,440.50 21,567.25 21,432.50 21,498.00    57.25        0.27  46,091.00
3142  2025-01-16 18:00:00  NAS100 21,498.75 21,518.25 21,369.50 21,378.75  -119.25       -0.55 113,758.00
3143  2025-01-16 22:00:00  NAS100 21,377.50 21,474.75 21,262.25 21,290.50   -88.25       -0.41 258,267.00
3144  2025-01-17 02:00:00  NAS100 21,290.00 21,395.75 21,172.25 21,214.25   -76.25       -0.36 131,774.00
3145  2025-01-17 06:00:00  NAS100 21,227.50 21,283.75 21,209.25 21,258.00    43.75        0.21  14,051.00
3146  2025-01-17 10:00:00  NAS100 21,258.25 21,309.75 21,246.50 21,288.75    30.75        0.14  12,279.00
3147  2025-01-17 14:00:00  NAS100 21,288.75 21,356.75 21,251.75 21,334.25    45.50        0.21  21,976.00
3148  2025-01-17 18:00:00  NAS100 21,334.50 21,682.50 21,306.75 21,505.50   171.25        0.80 170,693.00
3149  2025-01-17 22:00:00  NAS100 21,505.50 21,672.00 21,481.25 21,631.75   126.25        0.59 240,494.00
3150  2025-01-18 02:00:00  NAS100 21,632.00 21,644.75 21,571.75 21,589.00   -42.75       -0.20 120,798.00
3151  2025-01-20 06:00:00  NAS100 21,600.00 21,618.00 21,526.50 21,561.25   -27.75       -0.13  18,495.00
3152  2025-01-20 10:00:00  NAS100 21,561.25 21,605.00 21,545.50 21,594.50    33.25        0.15   8,490.00
3153  2025-01-20 14:00:00  NAS100 21,595.50 21,638.00 21,586.25 21,625.00    30.50        0.14  15,587.00
3154  2025-01-20 18:00:00  NAS100 21,624.75 21,778.75 21,538.00 21,743.00   118.00        0.55  58,918.00
3155  2025-01-20 22:00:00  NAS100 21,742.00 21,742.00 21,620.00 21,683.00   -60.00       -0.28  53,626.00
3156  2025-01-21 06:00:00  NAS100 21,687.25 21,746.25 21,377.75 21,588.00   -95.00       -0.44  40,872.00
3157  2025-01-21 10:00:00  NAS100 21,586.75 21,647.75 21,578.50 21,600.25    12.25        0.06  11,685.00
3158  2025-01-21 14:00:00  NAS100 21,599.25 21,730.75 21,582.75 21,688.00    87.75        0.41  21,474.00
3159  2025-01-21 18:00:00  NAS100 21,688.00 21,736.50 21,572.75 21,631.00   -57.00       -0.26 107,657.00
3160  2025-01-21 22:00:00  NAS100 21,630.75 21,772.00 21,525.75 21,752.75   121.75        0.56 213,402.00
3161  2025-01-22 02:00:00  NAS100 21,752.75 21,783.50 21,697.00 21,772.50    19.75        0.09 104,543.00
3162  2025-01-22 06:00:00  NAS100 21,809.25 21,850.00 21,768.25 21,834.50    62.00        0.28  19,711.00
3163  2025-01-22 10:00:00  NAS100 21,835.25 21,876.75 21,833.25 21,841.50     7.00        0.03  10,485.00
3164  2025-01-22 14:00:00  NAS100 21,841.75 21,907.00 21,839.75 21,890.50    49.00        0.22  21,531.00
3165  2025-01-22 18:00:00  NAS100 21,890.00 22,028.00 21,880.00 22,014.00   123.50        0.56 110,625.00
3166  2025-01-22 22:00:00  NAS100 22,013.75 22,093.50 21,976.00 22,027.25    13.25        0.06 216,076.00
3167  2025-01-23 02:00:00  NAS100 22,027.50 22,044.75 21,967.50 21,985.00   -42.25       -0.19 108,351.00
3168  2025-01-23 06:00:00  NAS100 21,981.75 21,984.75 21,926.00 21,954.50   -30.50       -0.14  16,526.00
3169  2025-01-23 10:00:00  NAS100 21,954.00 21,969.00 21,934.50 21,942.25   -12.25       -0.06   9,156.00
3170  2025-01-23 14:00:00  NAS100 21,943.00 21,947.75 21,855.50 21,881.00   -61.25       -0.28  26,957.00
3171  2025-01-23 18:00:00  NAS100 21,880.00 21,919.50 21,866.00 21,897.50    16.50        0.08  90,732.00
3172  2025-01-23 22:00:00  NAS100 21,898.00 21,985.00 21,868.25 21,954.75    57.25        0.26 208,009.00
3173  2025-01-24 02:00:00  NAS100 21,954.75 22,050.50 21,923.75 22,021.75    67.00        0.31 115,365.00
3174  2025-01-24 06:00:00  NAS100 22,018.50 22,058.50 21,994.75 22,049.50    27.75        0.13  43,488.00
3175  2025-01-24 10:00:00  NAS100 22,049.25 22,058.50 21,979.25 22,003.00   -46.50       -0.21  16,174.00
3176  2025-01-24 14:00:00  NAS100 22,003.50 22,022.25 21,971.75 22,007.50     4.50        0.02  27,783.00
3177  2025-01-24 18:00:00  NAS100 22,008.00 22,078.25 21,990.25 22,058.25    50.75        0.23 100,498.00
3178  2025-01-24 22:00:00  NAS100 22,058.00 22,070.25 21,862.25 21,867.75  -190.50       -0.86 216,534.00
3179  2025-01-25 02:00:00  NAS100 21,868.25 21,919.25 21,844.00 21,907.75    40.00        0.18 114,782.00
3180  2025-01-27 06:00:00  NAS100 21,771.00 21,771.00 21,488.75 21,522.75  -385.00       -1.76  69,335.00
3181  2025-01-27 10:00:00  NAS100 21,523.00 21,563.00 21,357.00 21,388.50  -134.25       -0.62  45,006.00
3182  2025-01-27 14:00:00  NAS100 21,388.75 21,412.00 20,763.75 20,886.75  -501.75       -2.35 151,886.00
3183  2025-01-27 18:00:00  NAS100 20,887.75 21,341.00 20,878.00 21,334.25   447.50        2.14 231,849.00
3184  2025-01-27 22:00:00  NAS100 21,334.00 21,418.50 21,138.75 21,150.75  -183.50       -0.86 344,868.00
3185  2025-01-28 02:00:00  NAS100 21,151.75 21,330.00 21,095.00 21,304.50   153.75        0.73 191,778.00
3186  2025-01-28 06:00:00  NAS100 21,343.25 21,357.50 21,219.00 21,291.25   -13.25       -0.06  30,152.00
3187  2025-01-28 10:00:00  NAS100 21,291.50 21,331.75 21,246.25 21,291.00    -0.25       -0.00  15,454.00
3188  2025-01-28 14:00:00  NAS100 21,289.50 21,423.50 21,273.75 21,392.00   101.00        0.47  40,310.00
3189  2025-01-28 18:00:00  NAS100 21,392.00 21,410.25 21,159.50 21,283.00  -109.00       -0.51 144,642.00
3190  2025-01-28 22:00:00  NAS100 21,284.75 21,584.00 21,281.00 21,540.25   257.25        1.21 292,300.00
3191  2025-01-29 02:00:00  NAS100 21,540.50 21,626.00 21,513.50 21,558.50    18.25        0.08 126,139.00
3192  2025-01-29 06:00:00  NAS100 21,559.00 21,586.25 21,530.50 21,579.00    20.50        0.10  12,624.00
3193  2025-01-29 10:00:00  NAS100 21,579.00 21,686.25 21,558.25 21,663.00    84.00        0.39  17,361.00
3194  2025-01-29 14:00:00  NAS100 21,663.00 21,697.00 21,628.50 21,665.00     2.00        0.01  28,883.00
3195  2025-01-29 18:00:00  NAS100 21,665.50 21,690.00 21,494.00 21,519.00  -146.00       -0.67 106,824.00
3196  2025-01-29 22:00:00  NAS100 21,518.50 21,564.50 21,367.00 21,467.25   -51.75       -0.24 248,382.00
3197  2025-01-30 02:00:00  NAS100 21,464.00 21,610.00 21,386.75 21,572.25   105.00        0.49 210,504.00
3198  2025-01-30 06:00:00  NAS100 21,547.75 21,679.00 21,505.75 21,655.75    83.50        0.39  26,240.00
3199  2025-01-30 10:00:00  NAS100 21,657.00 21,680.00 21,631.25 21,642.25   -13.50       -0.06  10,141.00
3200  2025-01-30 14:00:00  NAS100 21,641.50 21,715.50 21,609.00 21,620.25   -22.00       -0.10  25,007.00
3201  2025-01-30 18:00:00  NAS100 21,620.25 21,748.75 21,574.25 21,674.00    53.75        0.25 125,781.00
3202  2025-01-30 22:00:00  NAS100 21,674.00 21,676.25 21,419.50 21,606.50   -67.50       -0.31 265,413.00
3203  2025-01-31 02:00:00  NAS100 21,606.50 21,700.00 21,523.25 21,608.75     2.25        0.01 160,056.00
3204  2025-01-31 06:00:00  NAS100 21,680.00 21,787.75 21,660.00 21,740.25   131.50        0.61  25,823.00
3205  2025-01-31 10:00:00  NAS100 21,740.00 21,773.50 21,722.00 21,760.75    20.50        0.09  10,072.00
3206  2025-01-31 14:00:00  NAS100 21,761.75 21,807.25 21,742.75 21,781.50    20.75        0.10  24,099.00
3207  2025-01-31 18:00:00  NAS100 21,781.00 21,872.25 21,750.00 21,868.25    86.75        0.40 100,317.00
3208  2025-01-31 22:00:00  NAS100 21,867.25 21,966.00 21,721.00 21,751.75  -116.50       -0.53 278,750.00
3209  2025-02-01 02:00:00  NAS100 21,752.00 21,781.75 21,533.75 21,571.00  -180.75       -0.83 206,398.00
3210  2025-02-03 06:00:00  NAS100 21,200.00 21,200.00 20,943.00 21,029.75  -541.25       -2.51  67,133.00
3211  2025-02-03 10:00:00  NAS100 21,029.00 21,101.00 20,981.00 21,066.00    36.25        0.17  25,883.00
3212  2025-02-03 14:00:00  NAS100 21,068.00 21,252.00 21,067.75 21,232.75   166.75        0.79  40,808.00
3213  2025-02-03 18:00:00  NAS100 21,233.50 21,314.50 21,155.50 21,216.00   -16.75       -0.08 143,506.00
3214  2025-02-03 22:00:00  NAS100 21,215.25 21,474.50 21,113.25 21,467.75   251.75        1.19 316,879.00
3215  2025-02-04 02:00:00  NAS100 21,467.00 21,579.75 21,388.25 21,553.25    85.50        0.40 125,636.00
3216  2025-02-04 06:00:00  NAS100 21,592.00 21,600.00 21,462.00 21,468.50   -84.75       -0.39  21,140.00
3217  2025-02-04 10:00:00  NAS100 21,468.75 21,475.75 21,242.50 21,400.25   -68.25       -0.32  29,978.00
3218  2025-02-04 14:00:00  NAS100 21,400.50 21,424.75 21,312.50 21,390.75    -9.50       -0.04  23,902.00
3219  2025-02-04 18:00:00  NAS100 21,390.50 21,575.75 21,375.00 21,559.75   169.00        0.79 100,059.00
3220  2025-02-04 22:00:00  NAS100 21,561.00 21,694.00 21,550.00 21,622.00    62.25        0.29 210,752.00
3221  2025-02-05 02:00:00  NAS100 21,622.75 21,691.75 21,572.00 21,583.50   -38.50       -0.18 105,810.00
3222  2025-02-05 06:00:00  NAS100 21,562.00 21,623.75 21,550.00 21,564.25   -19.25       -0.09  20,597.00
3223  2025-02-05 10:00:00  NAS100 21,565.25 21,576.00 21,508.00 21,519.25   -45.00       -0.21  15,163.00
3224  2025-02-05 14:00:00  NAS100 21,518.25 21,540.75 21,429.75 21,479.00   -40.25       -0.19  39,015.00
3225  2025-02-05 18:00:00  NAS100 21,479.50 21,591.50 21,471.00 21,565.25    86.25        0.40 100,932.00
3226  2025-02-05 22:00:00  NAS100 21,564.75 21,742.50 21,501.00 21,710.50   145.25        0.67 221,258.00
3227  2025-02-06 02:00:00  NAS100 21,710.50 21,795.00 21,689.75 21,770.50    60.00        0.28  96,010.00
3228  2025-02-06 06:00:00  NAS100 21,764.50 21,797.75 21,749.75 21,780.75    10.25        0.05  12,151.00
3229  2025-02-06 10:00:00  NAS100 21,781.00 21,832.75 21,769.00 21,810.00    29.25        0.13  10,962.00
3230  2025-02-06 14:00:00  NAS100 21,810.50 21,830.75 21,770.00 21,779.25   -30.75       -0.14  21,632.00
3231  2025-02-06 18:00:00  NAS100 21,778.50 21,823.75 21,705.75 21,790.00    10.75        0.05  94,004.00
3232  2025-02-06 22:00:00  NAS100 21,789.50 21,848.75 21,740.25 21,816.50    26.50        0.12 177,954.00
3233  2025-02-07 02:00:00  NAS100 21,815.25 21,882.25 21,711.50 21,845.25    28.75        0.13 119,142.00
3234  2025-02-07 06:00:00  NAS100 21,817.75 21,899.25 21,807.50 21,891.00    45.75        0.21  12,468.00
3235  2025-02-07 10:00:00  NAS100 21,891.50 21,894.50 21,826.25 21,860.25   -30.75       -0.14  10,602.00
3236  2025-02-07 14:00:00  NAS100 21,861.25 21,881.75 21,833.00 21,854.25    -6.00       -0.03  16,905.00
3237  2025-02-07 18:00:00  NAS100 21,853.75 21,968.00 21,790.25 21,904.00    49.75        0.23  95,973.00
3238  2025-02-07 22:00:00  NAS100 21,904.00 21,905.00 21,585.00 21,624.25  -279.75       -1.28 345,344.00
3239  2025-02-08 02:00:00  NAS100 21,625.00 21,637.50 21,552.75 21,575.25   -49.00       -0.23 110,034.00
3240  2025-02-10 06:00:00  NAS100 21,463.25 21,700.00 21,418.00 21,675.50   100.25        0.46  29,439.00
3241  2025-02-10 10:00:00  NAS100 21,676.25 21,732.50 21,668.75 21,694.25    18.75        0.09  12,545.00
3242  2025-02-10 14:00:00  NAS100 21,694.75 21,735.00 21,683.00 21,726.25    32.00        0.15  18,013.00
3243  2025-02-10 18:00:00  NAS100 21,726.00 21,809.00 21,695.25 21,791.00    64.75        0.30  81,421.00
3244  2025-02-10 22:00:00  NAS100 21,792.50 21,894.00 21,782.50 21,878.75    87.75        0.40 162,872.00
3245  2025-02-11 02:00:00  NAS100 21,878.50 21,881.50 21,821.25 21,837.00   -41.75       -0.19  80,905.00
3246  2025-02-11 06:00:00  NAS100 21,832.00 21,832.25 21,750.25 21,762.75   -74.25       -0.34  18,715.00
3247  2025-02-11 10:00:00  NAS100 21,763.50 21,797.75 21,752.50 21,771.25     8.50        0.04   8,664.00
3248  2025-02-11 14:00:00  NAS100 21,771.50 21,792.00 21,719.00 21,734.00   -37.25       -0.17  23,336.00
3249  2025-02-11 18:00:00  NAS100 21,733.25 21,806.00 21,669.50 21,777.75    43.75        0.20  83,305.00
3250  2025-02-11 22:00:00  NAS100 21,777.50 21,871.50 21,715.75 21,801.50    23.75        0.11 202,111.00
3251  2025-02-12 02:00:00  NAS100 21,802.25 21,840.50 21,766.00 21,792.50    -9.00       -0.04  82,557.00
3252  2025-02-12 06:00:00  NAS100 21,794.25 21,831.25 21,779.50 21,810.50    18.00        0.08  20,433.00
3253  2025-02-12 10:00:00  NAS100 21,811.00 21,812.25 21,766.00 21,783.25   -27.25       -0.12   8,154.00
3254  2025-02-12 14:00:00  NAS100 21,784.00 21,813.75 21,736.00 21,791.00     7.75        0.04  18,766.00
3255  2025-02-12 18:00:00  NAS100 21,791.25 21,850.00 21,510.75 21,677.00  -114.00       -0.52 155,676.00
3256  2025-02-12 22:00:00  NAS100 21,677.00 21,826.75 21,580.50 21,792.50   115.50        0.53 244,439.00
3257  2025-02-13 02:00:00  NAS100 21,793.00 21,862.50 21,758.00 21,861.75    69.25        0.32  93,492.00
3258  2025-02-13 06:00:00  NAS100 21,861.25 21,914.75 21,845.75 21,887.00    25.25        0.12  15,491.00
3259  2025-02-13 10:00:00  NAS100 21,887.50 21,927.00 21,885.25 21,889.50     2.50        0.01  11,375.00
3260  2025-02-13 14:00:00  NAS100 21,889.75 21,893.50 21,753.00 21,833.75   -55.75       -0.25  30,840.00
3261  2025-02-13 18:00:00  NAS100 21,834.25 21,951.00 21,787.25 21,919.50    85.75        0.39 123,967.00
3262  2025-02-13 22:00:00  NAS100 21,919.50 22,057.75 21,876.75 21,996.00    76.50        0.35 237,298.00
3263  2025-02-14 02:00:00  NAS100 21,996.00 22,124.00 21,988.00 22,075.00    79.00        0.36 109,371.00
3264  2025-02-14 06:00:00  NAS100 22,071.00 22,147.00 22,070.00 22,134.50    59.50        0.27  18,711.00
3265  2025-02-14 10:00:00  NAS100 22,135.00 22,149.25 22,112.25 22,132.25    -2.25       -0.01   9,317.00
3266  2025-02-14 14:00:00  NAS100 22,132.25 22,163.50 22,093.25 22,105.25   -27.00       -0.12  24,037.00
3267  2025-02-14 18:00:00  NAS100 22,105.00 22,141.50 22,042.50 22,127.25    22.00        0.10  84,344.00
3268  2025-02-14 22:00:00  NAS100 22,127.50 22,198.75 22,092.00 22,185.50    58.25        0.26 196,216.00
3269  2025-02-15 02:00:00  NAS100 22,185.50 22,225.00 22,156.00 22,203.50    18.00        0.08  96,443.00
3270  2025-02-17 06:00:00  NAS100 22,235.75 22,269.50 22,196.25 22,268.00    64.50        0.29  29,003.00
3271  2025-02-17 10:00:00  NAS100 22,268.25 22,281.75 22,250.00 22,275.50     7.50        0.03   8,051.00
3272  2025-02-17 14:00:00  NAS100 22,275.75 22,275.75 22,225.00 22,256.50   -19.00       -0.09  13,070.00
3273  2025-02-17 18:00:00  NAS100 22,256.75 22,269.50 22,192.50 22,213.00   -43.50       -0.20  23,167.00
3274  2025-02-17 22:00:00  NAS100 22,213.00 22,251.75 22,202.25 22,235.25    22.25        0.10  27,883.00
3275  2025-02-18 06:00:00  NAS100 22,224.75 22,257.75 22,198.25 22,256.50    21.25        0.10  15,280.00
3276  2025-02-18 10:00:00  NAS100 22,256.00 22,303.25 22,249.00 22,297.50    41.00        0.18  10,014.00
3277  2025-02-18 14:00:00  NAS100 22,298.25 22,319.75 22,263.00 22,281.25   -16.25       -0.07  26,361.00
3278  2025-02-18 18:00:00  NAS100 22,282.25 22,318.25 22,165.00 22,202.50   -78.75       -0.35 101,055.00
3279  2025-02-18 22:00:00  NAS100 22,202.25 22,215.75 22,125.00 22,158.75   -43.75       -0.20 196,597.00
3280  2025-02-19 02:00:00  NAS100 22,159.00 22,250.00 22,102.75 22,224.25    65.50        0.30 108,923.00
3281  2025-02-19 06:00:00  NAS100 22,224.50 22,291.25 22,222.00 22,286.25    62.00        0.28  18,150.00
3282  2025-02-19 10:00:00  NAS100 22,285.75 22,289.50 22,252.50 22,255.75   -30.50       -0.14   9,428.00
3283  2025-02-19 14:00:00  NAS100 22,256.00 22,275.75 22,203.00 22,220.50   -35.25       -0.16  22,927.00
3284  2025-02-19 18:00:00  NAS100 22,220.75 22,255.75 22,154.75 22,167.75   -52.75       -0.24  95,126.00
3285  2025-02-19 22:00:00  NAS100 22,168.25 22,264.25 22,118.00 22,232.50    64.75        0.29 214,646.00
3286  2025-02-20 02:00:00  NAS100 22,232.50 22,299.75 22,205.50 22,222.25   -10.25       -0.05 131,183.00
3287  2025-02-20 06:00:00  NAS100 22,213.00 22,235.50 22,157.50 22,184.75   -37.50       -0.17  18,765.00
3288  2025-02-20 10:00:00  NAS100 22,185.50 22,191.00 22,144.00 22,159.25   -25.50       -0.11  10,447.00
3289  2025-02-20 14:00:00  NAS100 22,159.00 22,219.75 22,141.00 22,204.25    45.00        0.20  19,176.00
3290  2025-02-20 18:00:00  NAS100 22,204.25 22,225.50 22,000.50 22,010.75  -193.50       -0.87 117,507.00
3291  2025-02-20 22:00:00  NAS100 22,011.00 22,107.50 21,951.00 22,067.50    56.75        0.26 262,867.00
3292  2025-02-21 02:00:00  NAS100 22,067.50 22,150.00 22,056.00 22,135.75    68.25        0.31 126,661.00
3293  2025-02-21 06:00:00  NAS100 22,136.00 22,174.50 22,123.25 22,150.00    14.25        0.06  13,747.00
3294  2025-02-21 10:00:00  NAS100 22,150.50 22,155.00 22,111.50 22,152.00     2.00        0.01   8,621.00
3295  2025-02-21 14:00:00  NAS100 22,153.00 22,178.50 22,103.75 22,168.50    16.50        0.07  21,920.00
3296  2025-02-21 18:00:00  NAS100 22,169.25 22,245.50 22,080.00 22,092.50   -76.00       -0.34 107,491.00
3297  2025-02-21 22:00:00  NAS100 22,095.75 22,110.75 21,759.75 21,771.75  -320.75       -1.45 350,446.00
3298  2025-02-22 02:00:00  NAS100 21,772.25 21,784.50 21,652.75 21,660.00  -111.75       -0.51 195,490.00
3299  2025-02-24 06:00:00  NAS100 21,700.75 21,792.75 21,676.75 21,778.00   118.00        0.54  29,225.00
3300  2025-02-24 10:00:00  NAS100 21,778.25 21,801.50 21,766.00 21,785.50     7.50        0.03  11,424.00
3301  2025-02-24 14:00:00  NAS100 21,786.25 21,813.00 21,701.00 21,763.25   -22.25       -0.10  29,903.00
3302  2025-02-24 18:00:00  NAS100 21,763.50 21,805.25 21,560.25 21,567.50  -195.75       -0.90 117,548.00
3303  2025-02-24 22:00:00  NAS100 21,567.00 21,660.50 21,436.25 21,608.75    41.25        0.19 321,640.00
3304  2025-02-25 02:00:00  NAS100 21,608.50 21,639.50 21,407.50 21,427.25  -181.50       -0.84 148,701.00
3305  2025-02-25 06:00:00  NAS100 21,442.50 21,453.75 21,366.50 21,438.00    10.75        0.05  38,420.00
3306  2025-02-25 10:00:00  NAS100 21,438.25 21,445.00 21,409.25 21,422.25   -15.75       -0.07   9,793.00
3307  2025-02-25 14:00:00  NAS100 21,421.75 21,425.25 21,286.00 21,296.25  -126.00       -0.59  44,838.00
3308  2025-02-25 18:00:00  NAS100 21,295.75 21,451.75 21,210.75 21,260.00   -36.25       -0.17 141,029.00
3309  2025-02-25 22:00:00  NAS100 21,259.75 21,281.25 20,990.00 21,199.50   -60.50       -0.28 381,035.00
3310  2025-02-26 02:00:00  NAS100 21,199.50 21,263.00 21,121.00 21,196.00    -3.50       -0.02 176,668.00
3311  2025-02-26 06:00:00  NAS100 21,230.50 21,251.00 21,200.00 21,242.25    46.25        0.22  14,669.00
3312  2025-02-26 10:00:00  NAS100 21,242.50 21,282.50 21,231.75 21,276.75    34.50        0.16  10,970.00
3313  2025-02-26 14:00:00  NAS100 21,277.00 21,328.25 21,262.00 21,320.75    44.00        0.21  23,737.00
3314  2025-02-26 18:00:00  NAS100 21,320.50 21,332.50 21,189.00 21,301.75   -19.00       -0.09 116,980.00
3315  2025-02-26 22:00:00  NAS100 21,301.75 21,409.25 21,083.00 21,102.00  -199.75       -0.94 302,910.00
3316  2025-02-27 02:00:00  NAS100 21,100.75 21,327.00 21,055.00 21,272.75   170.75        0.81 170,621.00
3317  2025-02-27 06:00:00  NAS100 21,249.00 21,261.75 21,108.00 21,184.50   -88.25       -0.41  33,525.00
3318  2025-02-27 10:00:00  NAS100 21,185.00 21,295.00 21,147.25 21,281.00    96.50        0.46  16,363.00
3319  2025-02-27 14:00:00  NAS100 21,281.50 21,349.25 21,250.00 21,321.25    40.25        0.19  31,553.00
3320  2025-02-27 18:00:00  NAS100 21,322.00 21,386.50 20,996.00 21,009.00  -312.25       -1.46 169,389.00
3321  2025-02-27 22:00:00  NAS100 21,006.75 21,166.00 20,896.25 21,052.25    43.25        0.21 348,783.00
3322  2025-02-28 02:00:00  NAS100 21,051.75 21,056.50 20,583.25 20,633.25  -419.00       -1.99 244,267.00
3323  2025-02-28 06:00:00  NAS100 20,649.50 20,688.00 20,538.50 20,587.75   -45.50       -0.22  42,242.00
3324  2025-02-28 10:00:00  NAS100 20,588.50 20,645.75 20,515.50 20,595.00     7.25        0.04  23,315.00
3325  2025-02-28 14:00:00  NAS100 20,595.25 20,684.00 20,552.75 20,656.75    61.75        0.30  27,219.00
3326  2025-02-28 18:00:00  NAS100 20,657.50 20,677.50 20,460.50 20,593.50   -63.25       -0.31 155,385.00
3327  2025-02-28 22:00:00  NAS100 20,591.75 20,778.00 20,484.25 20,542.25   -51.25       -0.25 369,366.00
3328  2025-03-01 02:00:00  NAS100 20,541.50 20,944.25 20,537.75 20,909.00   366.75        1.79 216,754.00
3329  2025-03-03 06:00:00  NAS100 21,005.25 21,036.25 20,837.75 20,929.25    20.25        0.10  43,364.00
3330  2025-03-03 10:00:00  NAS100 20,928.00 21,021.25 20,884.25 21,008.25    79.00        0.38  19,415.00
3331  2025-03-03 14:00:00  NAS100 21,008.75 21,021.00 20,888.00 21,003.75    -4.50       -0.02  34,150.00
3332  2025-03-03 18:00:00  NAS100 21,003.75 21,121.00 20,824.25 20,845.25  -158.50       -0.75 130,795.00
3333  2025-03-03 22:00:00  NAS100 20,845.00 20,989.25 20,653.25 20,747.75   -97.50       -0.47 348,199.00
3334  2025-03-04 02:00:00  NAS100 20,747.25 20,819.75 20,316.75 20,530.75  -217.00       -1.05 250,600.00
3335  2025-03-04 06:00:00  NAS100 20,527.00 20,571.00 20,466.25 20,524.00    -6.75       -0.03  36,160.00
3336  2025-03-04 10:00:00  NAS100 20,523.50 20,592.00 20,480.00 20,559.50    35.50        0.17  23,391.00
3337  2025-03-04 14:00:00  NAS100 20,560.00 20,568.75 20,444.00 20,462.75   -96.75       -0.47  42,513.00
3338  2025-03-04 18:00:00  NAS100 20,462.50 20,493.25 20,227.50 20,232.00  -230.75       -1.13 194,250.00
3339  2025-03-04 22:00:00  NAS100 20,230.50 20,523.00 20,075.25 20,500.50   268.50        1.33 411,784.00
3340  2025-03-05 02:00:00  NAS100 20,500.00 20,732.50 20,324.25 20,537.00    36.50        0.18 235,595.00
3341  2025-03-05 06:00:00  NAS100 20,555.00 20,595.25 20,440.50 20,479.75   -57.25       -0.28  31,763.00
3342  2025-03-05 10:00:00  NAS100 20,476.50 20,567.75 20,458.00 20,549.00    69.25        0.34  18,909.00
3343  2025-03-05 14:00:00  NAS100 20,549.00 20,629.75 20,513.50 20,545.50    -3.50       -0.02  38,284.00
3344  2025-03-05 18:00:00  NAS100 20,548.00 20,557.50 20,270.25 20,316.75  -228.75       -1.11 146,808.00
3345  2025-03-05 22:00:00  NAS100 20,322.50 20,597.00 20,215.00 20,590.50   273.75        1.35 370,984.00
3346  2025-03-06 02:00:00  NAS100 20,590.25 20,725.00 20,558.25 20,611.75    21.25        0.10 166,231.00
3347  2025-03-06 06:00:00  NAS100 20,605.25 20,643.50 20,581.75 20,605.25    -6.50       -0.03  14,689.00
3348  2025-03-06 10:00:00  NAS100 20,606.25 20,647.50 20,592.25 20,635.25    30.00        0.15  10,450.00
3349  2025-03-06 14:00:00  NAS100 20,635.75 20,642.25 20,365.50 20,380.25  -255.00       -1.24  51,896.00
3350  2025-03-06 18:00:00  NAS100 20,379.25 20,429.75 20,228.25 20,281.50   -98.75       -0.48 131,140.00
3351  2025-03-06 22:00:00  NAS100 20,282.50 20,513.25 20,040.00 20,119.00  -162.50       -0.80 344,968.00
3352  2025-03-07 02:00:00  NAS100 20,118.50 20,217.25 20,003.00 20,173.50    54.50        0.27 197,373.00
3353  2025-03-07 06:00:00  NAS100 20,214.50 20,225.75 20,141.00 20,195.00    21.50        0.11  19,883.00
3354  2025-03-07 10:00:00  NAS100 20,198.50 20,199.50 20,111.50 20,129.00   -66.00       -0.33  14,208.00
3355  2025-03-07 14:00:00  NAS100 20,128.00 20,228.00 20,120.25 20,177.75    48.75        0.24  26,622.00
3356  2025-03-07 18:00:00  NAS100 20,179.00 20,273.75 20,023.75 20,140.00   -37.75       -0.19 145,211.00
3357  2025-03-07 22:00:00  NAS100 20,139.50 20,193.00 19,765.50 20,169.25    29.25        0.15 374,333.00
3358  2025-03-08 02:00:00  NAS100 20,169.75 20,286.25 20,098.50 20,207.25    38.00        0.19 167,700.00
3359  2025-03-10 05:00:00  NAS100 20,147.00 20,147.00 19,932.25 20,133.25   -74.00       -0.37  37,396.00
3360  2025-03-10 09:00:00  NAS100 20,133.50 20,156.50 20,077.75 20,090.75   -42.50       -0.21  18,990.00
3361  2025-03-10 13:00:00  NAS100 20,091.50 20,141.00 19,949.00 20,002.00   -88.75       -0.44  43,027.00
3362  2025-03-10 17:00:00  NAS100 20,006.25 20,024.50 19,744.25 19,790.50  -211.50       -1.06 120,635.00
3363  2025-03-10 21:00:00  NAS100 19,790.00 19,790.00 19,422.00 19,441.75  -348.75       -1.76 333,293.00
3364  2025-03-11 01:00:00  NAS100 19,442.00 19,551.25 19,272.25 19,472.00    30.25        0.16 223,037.00
3365  2025-03-11 05:00:00  NAS100 19,440.00 19,461.50 19,139.25 19,254.75  -217.25       -1.12  52,479.00
3366  2025-03-11 09:00:00  NAS100 19,255.75 19,495.00 19,247.25 19,477.75   223.00        1.16  36,806.00
3367  2025-03-11 13:00:00  NAS100 19,476.00 19,581.75 19,403.00 19,544.75    67.00        0.34  42,405.00
3368  2025-03-11 17:00:00  NAS100 19,544.50 19,599.00 19,385.75 19,523.50   -21.25       -0.11 132,479.00
3369  2025-03-11 21:00:00  NAS100 19,523.25 19,614.00 19,201.00 19,325.00  -198.50       -1.02 359,168.00
3370  2025-03-12 01:00:00  NAS100 19,326.00 19,686.75 19,319.00 19,401.25    76.25        0.39 214,910.00
3371  2025-03-12 05:00:00  NAS100 19,412.75 19,499.75 19,399.25 19,471.50    70.25        0.36  22,305.00
3372  2025-03-12 09:00:00  NAS100 19,472.50 19,492.75 19,435.50 19,480.00     8.50        0.04  10,465.00
3373  2025-03-12 13:00:00  NAS100 19,480.25 19,565.00 19,387.00 19,560.25    80.25        0.41  33,371.00
3374  2025-03-12 17:00:00  NAS100 19,559.50 19,788.75 19,524.25 19,644.50    84.25        0.43 156,325.00
3375  2025-03-12 21:00:00  NAS100 19,643.25 19,727.75 19,395.25 19,539.50  -105.00       -0.53 321,339.00
3376  2025-03-13 01:00:00  NAS100 19,540.25 19,706.25 19,531.25 19,572.75    33.25        0.17 140,034.00
3377  2025-03-13 05:00:00  NAS100 19,572.00 19,694.00 19,567.50 19,638.50    65.75        0.34  19,710.00
3378  2025-03-13 09:00:00  NAS100 19,638.00 19,644.00 19,435.00 19,464.00  -174.50       -0.89  24,706.00
3379  2025-03-13 13:00:00  NAS100 19,465.25 19,609.50 19,400.75 19,606.00   142.00        0.73  51,508.00
3380  2025-03-13 17:00:00  NAS100 19,605.50 19,631.00 19,339.50 19,366.75  -239.25       -1.22 144,093.00
3381  2025-03-13 21:00:00  NAS100 19,367.50 19,570.00 19,170.00 19,191.00  -175.75       -0.91 324,551.00
3382  2025-03-14 01:00:00  NAS100 19,190.00 19,396.25 19,184.25 19,293.00   102.00        0.53 164,013.00
3383  2025-03-14 05:00:00  NAS100 19,312.75 19,432.75 19,296.75 19,402.75   109.75        0.57  35,312.00
3384  2025-03-14 09:00:00  NAS100 19,403.50 19,460.00 19,401.50 19,410.25     7.50        0.04  18,310.00
3385  2025-03-14 13:00:00  NAS100 19,410.25 19,462.50 19,370.00 19,441.50    31.25        0.16  35,410.00
3386  2025-03-14 17:00:00  NAS100 19,443.00 19,620.75 19,398.50 19,548.50   107.00        0.55 135,228.00
3387  2025-03-14 21:00:00  NAS100 19,545.25 19,707.75 19,436.75 19,629.75    81.25        0.42 310,566.00
3388  2025-03-15 01:00:00  NAS100 19,630.00 19,742.50 19,612.25 19,667.50    37.75        0.19 151,476.00
3389  2025-03-17 05:00:00  NAS100 19,668.25 19,686.25 19,550.50 19,609.00   -58.50       -0.30  25,814.00
3390  2025-03-17 09:00:00  NAS100 19,609.50 19,611.50 19,583.25 19,593.75   -15.25       -0.08   8,592.00
3391  2025-03-17 13:00:00  NAS100 19,594.00 19,636.50 19,554.75 19,625.25    31.50        0.16  17,039.00
3392  2025-03-17 17:00:00  NAS100 19,624.50 19,847.75 19,617.00 19,789.00   163.75        0.83  82,327.00
3393  2025-03-17 21:00:00  NAS100 19,790.00 19,833.50 19,628.75 19,816.00    27.00        0.14 157,663.00
3394  2025-03-18 01:00:00  NAS100 19,815.75 19,959.25 19,800.50 19,831.25    15.25        0.08 102,538.00
3395  2025-03-18 05:00:00  NAS100 20,041.00 20,066.50 19,953.25 19,959.50   128.25        0.65  17,231.00
3396  2025-03-18 09:00:00  NAS100 19,959.00 19,977.50 19,920.75 19,951.50    -8.00       -0.04   9,255.00
3397  2025-03-18 13:00:00  NAS100 19,950.50 20,038.50 19,941.00 19,981.00    29.50        0.15  20,349.00
3398  2025-03-18 17:00:00  NAS100 19,980.25 19,997.75 19,657.25 19,672.50  -308.50       -1.54 106,524.00
3399  2025-03-18 21:00:00  NAS100 19,673.00 19,753.50 19,604.25 19,711.00    38.50        0.20 205,763.00
3400  2025-03-19 01:00:00  NAS100 19,711.75 19,783.50 19,657.75 19,704.00    -7.00       -0.04 107,940.00
3401  2025-03-19 05:00:00  NAS100 19,704.75 19,797.50 19,666.25 19,770.25    66.25        0.34  21,413.00
3402  2025-03-19 09:00:00  NAS100 19,771.50 19,779.75 19,722.00 19,738.25   -32.00       -0.16  12,421.00
3403  2025-03-19 13:00:00  NAS100 19,737.25 19,767.00 19,660.00 19,764.25    26.00        0.13  25,447.00
3404  2025-03-19 17:00:00  NAS100 19,763.00 19,844.75 19,706.25 19,823.25    59.00        0.30  80,626.00
3405  2025-03-19 21:00:00  NAS100 19,823.25 19,937.50 19,785.50 19,809.25   -14.00       -0.07 165,434.00
3406  2025-03-20 01:00:00  NAS100 19,809.25 20,143.00 19,769.00 19,945.00   135.75        0.69 206,324.00
3407  2025-03-20 05:00:00  NAS100 19,949.75 20,057.75 19,944.25 20,028.00    83.00        0.42  15,750.00
3408  2025-03-20 09:00:00  NAS100 20,028.25 20,092.75 20,027.75 20,088.00    60.00        0.30  11,025.00
3409  2025-03-20 13:00:00  NAS100 20,087.75 20,089.00 19,935.25 19,954.50  -133.50       -0.66  27,539.00
3410  2025-03-20 17:00:00  NAS100 19,955.25 19,956.00 19,735.25 19,932.75   -21.75       -0.11 124,132.00
3411  2025-03-20 21:00:00  NAS100 19,934.25 20,105.00 19,826.00 19,848.50   -84.25       -0.42 266,945.00
3412  2025-03-21 01:00:00  NAS100 19,848.75 19,921.75 19,795.00 19,894.25    45.75        0.23 124,476.00
3413  2025-03-21 05:00:00  NAS100 19,898.50 19,932.75 19,847.25 19,924.75    30.50        0.15  15,260.00
3414  2025-03-21 09:00:00  NAS100 19,925.25 19,929.50 19,823.00 19,850.75   -74.00       -0.37  14,360.00
3415  2025-03-21 13:00:00  NAS100 19,849.25 19,897.00 19,759.50 19,797.00   -53.75       -0.27  30,078.00
3416  2025-03-21 17:00:00  NAS100 19,797.25 19,845.25 19,602.25 19,718.50   -78.50       -0.40 130,737.00
3417  2025-03-21 21:00:00  NAS100 19,719.25 19,900.00 19,663.00 19,857.50   139.00        0.70 271,315.00
3418  2025-03-22 01:00:00  NAS100 19,857.00 19,977.50 19,812.75 19,970.75   113.25        0.57 131,279.00
3419  2025-03-24 05:00:00  NAS100 20,050.50 20,139.00 20,050.50 20,109.75   139.00        0.70  47,568.00
3420  2025-03-24 09:00:00  NAS100 20,109.75 20,126.00 20,096.00 20,116.50     6.75        0.03   9,993.00
3421  2025-03-24 13:00:00  NAS100 20,116.50 20,227.25 20,110.25 20,189.25    72.75        0.36  35,178.00
3422  2025-03-24 17:00:00  NAS100 20,188.50 20,338.50 20,183.25 20,316.00   126.75        0.63 107,701.00
3423  2025-03-24 21:00:00  NAS100 20,315.50 20,380.75 20,274.75 20,342.50    26.50        0.13 208,198.00
3424  2025-03-25 01:00:00  NAS100 20,342.75 20,409.50 20,308.25 20,357.25    14.75        0.07 138,604.00
3425  2025-03-25 05:00:00  NAS100 20,353.00 20,374.75 20,334.00 20,361.50     4.25        0.02  16,060.00
3426  2025-03-25 09:00:00  NAS100 20,360.75 20,360.75 20,328.50 20,341.25   -20.25       -0.10  10,473.00
3427  2025-03-25 13:00:00  NAS100 20,341.50 20,372.00 20,293.00 20,343.50     2.25        0.01  29,085.00
3428  2025-03-25 17:00:00  NAS100 20,343.00 20,447.50 20,320.75 20,410.75    67.25        0.33  96,115.00
3429  2025-03-25 21:00:00  NAS100 20,414.25 20,495.25 20,370.75 20,414.25     3.50        0.02 201,351.00
3430  2025-03-26 01:00:00  NAS100 20,414.25 20,524.75 20,402.75 20,517.25   103.00        0.50 113,175.00
3431  2025-03-26 05:00:00  NAS100 20,511.50 20,536.75 20,504.00 20,510.50    -6.75       -0.03  12,436.00
3432  2025-03-26 09:00:00  NAS100 20,510.75 20,513.00 20,458.50 20,459.50   -51.00       -0.25  11,090.00
3433  2025-03-26 13:00:00  NAS100 20,460.00 20,498.25 20,432.75 20,432.75   -26.75       -0.13  19,925.00
3434  2025-03-26 17:00:00  NAS100 20,432.75 20,493.00 20,306.00 20,316.50  -116.25       -0.57 105,582.00
3435  2025-03-26 21:00:00  NAS100 20,316.50 20,356.25 20,076.50 20,083.75  -232.75       -1.15 302,222.00
3436  2025-03-27 01:00:00  NAS100 20,083.25 20,146.50 20,045.00 20,090.50     6.75        0.03 159,560.00
3437  2025-03-27 05:00:00  NAS100 20,046.00 20,101.25 20,003.25 20,088.75    -1.75       -0.01  31,691.00
3438  2025-03-27 09:00:00  NAS100 20,088.25 20,147.75 20,088.00 20,114.50    25.75        0.13  14,381.00
3439  2025-03-27 13:00:00  NAS100 20,114.50 20,140.00 20,020.00 20,116.25     1.75        0.01  34,338.00
3440  2025-03-27 17:00:00  NAS100 20,117.25 20,138.50 19,937.25 20,076.50   -39.75       -0.20 135,626.00
3441  2025-03-27 21:00:00  NAS100 20,076.50 20,199.50 20,001.00 20,015.00   -61.50       -0.31 267,859.00
3442  2025-03-28 01:00:00  NAS100 20,014.75 20,129.75 19,975.00 19,997.25   -17.75       -0.09 140,940.00
3443  2025-03-28 05:00:00  NAS100 19,995.25 20,011.75 19,931.25 19,964.75   -32.50       -0.16  15,741.00
3444  2025-03-28 09:00:00  NAS100 19,965.25 19,998.00 19,963.25 19,976.00    11.25        0.06   8,741.00
3445  2025-03-28 13:00:00  NAS100 19,974.75 20,008.75 19,845.25 19,909.50   -66.50       -0.33  36,042.00
3446  2025-03-28 17:00:00  NAS100 19,909.75 19,969.75 19,840.00 19,856.00   -53.50       -0.27 122,687.00
3447  2025-03-28 21:00:00  NAS100 19,856.50 19,879.00 19,439.00 19,482.75  -373.25       -1.88 340,490.00
3448  2025-03-29 01:00:00  NAS100 19,482.75 19,518.50 19,357.50 19,361.00  -121.75       -0.62 160,069.00
3449  2025-03-31 05:00:00  NAS100 19,319.75 19,365.00 19,160.00 19,241.75  -119.25       -0.62  53,801.00
3450  2025-03-31 09:00:00  NAS100 19,242.50 19,259.25 19,179.50 19,238.50    -3.25       -0.02  23,332.00
3451  2025-03-31 13:00:00  NAS100 19,237.25 19,272.25 19,163.50 19,196.00   -42.50       -0.22  49,303.00
3452  2025-03-31 17:00:00  NAS100 19,196.25 19,236.75 18,976.75 19,089.25  -106.75       -0.56 156,922.00
3453  2025-03-31 21:00:00  NAS100 19,090.00 19,307.75 19,056.00 19,222.75   133.50        0.70 321,181.00
3454  2025-04-01 01:00:00  NAS100 19,222.50 19,489.75 19,218.25 19,413.00   190.25        0.99 224,464.00
3455  2025-04-01 05:00:00  NAS100 19,411.25 19,413.75 19,283.25 19,340.75   -72.25       -0.37  29,176.00
3456  2025-04-01 09:00:00  NAS100 19,340.75 19,400.00 19,335.00 19,360.50    19.75        0.10  14,234.00
3457  2025-04-01 13:00:00  NAS100 19,359.00 19,511.00 19,349.75 19,487.75   127.25        0.66  40,062.00
3458  2025-04-01 17:00:00  NAS100 19,488.00 19,491.25 19,311.25 19,398.75   -89.00       -0.46 144,861.00
3459  2025-04-01 21:00:00  NAS100 19,410.00 19,644.00 19,261.25 19,505.50   106.75        0.55 371,983.00
3460  2025-04-02 01:00:00  NAS100 19,505.75 19,629.00 19,385.00 19,598.00    92.50        0.47 183,263.00
3461  2025-04-02 05:00:00  NAS100 19,600.50 19,697.00 19,556.75 19,593.00    -5.00       -0.03  26,013.00
3462  2025-04-02 09:00:00  NAS100 19,594.50 19,598.50 19,548.00 19,557.50   -35.50       -0.18   9,447.00
3463  2025-04-02 13:00:00  NAS100 19,557.25 19,589.75 19,499.00 19,515.25   -42.25       -0.22  27,904.00
3464  2025-04-02 17:00:00  NAS100 19,516.75 19,580.50 19,316.50 19,531.25    16.00        0.08 151,185.00
3465  2025-04-02 21:00:00  NAS100 19,530.75 19,890.25 19,491.25 19,744.50   213.25        1.09 355,696.00
3466  2025-04-03 01:00:00  NAS100 19,744.75 20,044.25 19,076.75 19,152.25  -592.25       -3.00 259,393.00
3467  2025-04-03 05:00:00  NAS100 19,020.00 19,127.75 18,819.00 19,078.25   -74.00       -0.39  69,674.00
3468  2025-04-03 09:00:00  NAS100 19,080.00 19,150.25 19,038.50 19,042.50   -35.75       -0.19  25,967.00
3469  2025-04-03 13:00:00  NAS100 19,043.50 19,177.00 19,017.00 19,034.50    -8.00       -0.04  45,540.00
3470  2025-04-03 17:00:00  NAS100 19,034.25 19,074.25 18,830.25 18,989.25   -45.25       -0.24 176,130.00
3471  2025-04-03 21:00:00  NAS100 18,985.50 19,002.25 18,720.00 18,814.00  -175.25       -0.92 356,276.00
3472  2025-04-04 01:00:00  NAS100 18,814.25 18,862.75 18,614.00 18,648.50  -165.50       -0.88 198,062.00
3473  2025-04-04 05:00:00  NAS100 18,660.00 18,713.00 18,588.50 18,638.50   -10.00       -0.05  26,505.00
3474  2025-04-04 09:00:00  NAS100 18,640.75 18,680.00 18,458.00 18,642.75     4.25        0.02  32,622.00
3475  2025-04-04 13:00:00  NAS100 18,640.50 18,675.75 18,517.75 18,573.00   -69.75       -0.37  56,053.00
3476  2025-04-04 17:00:00  NAS100 18,572.50 18,601.25 17,820.75 18,195.50  -377.50       -2.03 257,146.00
3477  2025-04-04 21:00:00  NAS100 18,195.75 18,200.50 17,619.75 17,866.75  -328.75       -1.81 486,025.00
3478  2025-04-05 01:00:00  NAS100 17,867.25 17,913.00 17,387.50 17,483.25  -383.50       -2.15 314,964.00
3479  2025-04-07 05:00:00  NAS100 17,100.00 17,100.00 16,460.00 16,985.25  -498.00       -2.85 101,359.00
3480  2025-04-07 09:00:00  NAS100 16,981.50 17,025.25 16,668.50 16,761.50  -223.75       -1.32  53,380.00
3481  2025-04-07 13:00:00  NAS100 16,751.50 16,960.00 16,480.00 16,888.25   126.75        0.76  85,619.00
3482  2025-04-07 17:00:00  NAS100 16,889.75 17,296.25 16,673.50 17,273.50   385.25        2.28 253,172.00
3483  2025-04-07 21:00:00  NAS100 17,273.00 18,361.50 17,149.75 17,781.50   508.00        2.94 435,615.00
3484  2025-04-08 01:00:00  NAS100 17,784.75 17,824.00 17,405.00 17,628.75  -152.75       -0.86 158,481.00
3485  2025-04-08 05:00:00  NAS100 17,665.00 17,885.50 17,644.50 17,867.50   238.75        1.35  34,198.00
3486  2025-04-08 09:00:00  NAS100 17,867.75 17,876.00 17,668.25 17,753.75  -113.75       -0.64  21,236.00
3487  2025-04-08 13:00:00  NAS100 17,750.00 17,893.25 17,701.00 17,724.25   -29.50       -0.17  39,240.00
3488  2025-04-08 17:00:00  NAS100 17,725.00 18,265.25 17,693.25 18,247.75   523.50        2.95 171,234.00
3489  2025-04-08 21:00:00  NAS100 18,247.75 18,357.25 17,488.25 17,671.25  -576.50       -3.16 435,801.00
3490  2025-04-09 01:00:00  NAS100 17,670.50 17,703.50 16,973.50 17,232.00  -439.25       -2.49 238,144.00
3491  2025-04-09 05:00:00  NAS100 17,220.25 17,240.00 16,839.50 17,119.00  -113.00       -0.66  49,242.00
3492  2025-04-09 09:00:00  NAS100 17,116.00 17,207.50 16,735.00 16,895.75  -223.25       -1.30  51,563.00
3493  2025-04-09 13:00:00  NAS100 16,895.75 17,425.00 16,888.50 17,268.50   372.75        2.21  77,775.00
3494  2025-04-09 17:00:00  NAS100 17,272.75 17,554.00 16,867.50 17,446.50   178.00        1.03 186,383.00
3495  2025-04-09 21:00:00  NAS100 17,446.25 18,899.25 17,206.00 18,878.25 1,431.75        8.21 386,500.00
3496  2025-04-10 01:00:00  NAS100 18,877.50 19,386.75 18,719.25 19,353.50   475.25        2.52 293,835.00
3497  2025-04-10 05:00:00  NAS100 19,266.75 19,383.50 19,113.75 19,148.00  -205.50       -1.06  37,964.00
3498  2025-04-10 09:00:00  NAS100 19,149.00 19,187.75 18,969.25 19,152.00     4.00        0.02  29,448.00
3499  2025-04-10 13:00:00  NAS100 19,153.00 19,186.50 18,703.50 18,853.00  -299.00       -1.56  63,055.00
3500  2025-04-10 17:00:00  NAS100 18,851.75 19,004.25 18,658.00 18,661.75  -191.25       -1.01 150,889.00
3501  2025-04-10 21:00:00  NAS100 18,661.25 18,801.00 17,919.00 18,460.25  -201.50       -1.08 432,435.00
3502  2025-04-11 01:00:00  NAS100 18,459.25 18,674.75 18,240.75 18,501.50    41.25        0.22 238,820.00
3503  2025-04-11 05:00:00  NAS100 18,464.75 18,597.75 18,067.00 18,364.25  -137.25       -0.74  32,873.00
3504  2025-04-11 09:00:00  NAS100 18,363.25 18,709.75 18,260.00 18,695.50   331.25        1.80  28,543.00
3505  2025-04-11 13:00:00  NAS100 18,698.50 18,795.00 18,314.25 18,641.25   -54.25       -0.29  67,135.00
3506  2025-04-11 17:00:00  NAS100 18,639.50 18,702.75 18,351.25 18,562.00   -79.25       -0.43 119,859.00
3507  2025-04-11 21:00:00  NAS100 18,562.00 18,873.50 18,270.00 18,821.75   259.75        1.40 283,401.00
3508  2025-04-12 01:00:00  NAS100 18,821.50 18,867.50 18,713.25 18,820.50    -1.25       -0.01 128,288.00
3509  2025-04-14 05:00:00  NAS100 19,225.00 19,250.00 18,931.50 19,007.00   186.50        0.99  42,259.00
3510  2025-04-14 09:00:00  NAS100 19,007.25 19,131.50 19,005.00 19,088.25    81.25        0.43  20,631.00
3511  2025-04-14 13:00:00  NAS100 19,088.25 19,182.00 19,024.00 19,065.75   -22.50       -0.12  26,744.00
3512  2025-04-14 17:00:00  NAS100 19,067.25 19,256.00 18,987.75 19,045.50   -20.25       -0.11 105,433.00
3513  2025-04-14 21:00:00  NAS100 19,046.75 19,193.00 18,737.50 18,941.00  -104.50       -0.55 250,607.00
3514  2025-04-15 01:00:00  NAS100 18,940.75 19,095.00 18,792.25 18,902.50   -38.50       -0.20 118,813.00
3515  2025-04-15 05:00:00  NAS100 18,902.50 18,950.00 18,809.00 18,900.50    -2.00       -0.01  20,960.00
3516  2025-04-15 09:00:00  NAS100 18,900.75 18,937.00 18,861.50 18,890.50   -10.00       -0.05  16,985.00
3517  2025-04-15 13:00:00  NAS100 18,890.00 19,040.50 18,876.25 18,980.75    90.25        0.48  29,536.00
3518  2025-04-15 17:00:00  NAS100 18,980.25 19,117.50 18,835.75 19,067.75    87.00        0.46  92,869.00
3519  2025-04-15 21:00:00  NAS100 19,068.25 19,144.75 18,908.00 18,952.00  -115.75       -0.61 251,857.00
3520  2025-04-16 01:00:00  NAS100 18,951.25 19,000.75 18,884.25 18,938.00   -14.00       -0.07 108,147.00
3521  2025-04-16 05:00:00  NAS100 18,790.00 18,800.00 18,636.25 18,707.00  -231.00       -1.22  31,594.00
3522  2025-04-16 09:00:00  NAS100 18,707.00 18,721.75 18,504.50 18,524.50  -182.50       -0.98  24,082.00
3523  2025-04-16 13:00:00  NAS100 18,526.75 18,861.25 18,511.25 18,679.25   154.75        0.84  52,423.00
3524  2025-04-16 17:00:00  NAS100 18,678.75 18,729.50 18,523.25 18,524.00  -155.25       -0.83 103,506.00
3525  2025-04-16 21:00:00  NAS100 18,523.00 18,735.00 18,288.00 18,293.00  -231.00       -1.25 253,899.00
3526  2025-04-17 01:00:00  NAS100 18,292.50 18,441.00 18,116.25 18,369.25    76.25        0.42 208,971.00
3527  2025-04-17 05:00:00  NAS100 18,391.25 18,498.00 18,345.25 18,476.00   106.75        0.58  25,507.00
3528  2025-04-17 09:00:00  NAS100 18,474.50 18,578.25 18,453.75 18,551.25    75.25        0.41  17,716.00
3529  2025-04-17 13:00:00  NAS100 18,551.50 18,652.75 18,524.50 18,577.50    26.25        0.14  37,654.00
3530  2025-04-17 17:00:00  NAS100 18,576.25 18,624.25 18,376.25 18,467.75  -109.75       -0.59 123,340.00
3531  2025-04-17 21:00:00  NAS100 18,465.75 18,488.00 18,261.50 18,453.00   -14.75       -0.08 289,074.00
3532  2025-04-18 01:00:00  NAS100 18,453.75 18,526.00 18,330.00 18,427.75   -25.25       -0.14 129,935.00
3533  2025-04-21 05:00:00  NAS100 18,306.25 18,383.50 18,231.25 18,286.00  -141.75       -0.77  22,297.00
3534  2025-04-21 09:00:00  NAS100 18,286.25 18,305.75 18,189.00 18,245.25   -40.75       -0.22  16,265.00
3535  2025-04-21 13:00:00  NAS100 18,245.00 18,256.75 18,135.00 18,171.75   -73.50       -0.40  19,663.00
3536  2025-04-21 17:00:00  NAS100 18,172.25 18,213.75 17,994.00 17,994.50  -177.25       -0.98  84,727.00
3537  2025-04-21 21:00:00  NAS100 17,994.25 17,998.25 17,703.00 17,712.25  -282.25       -1.57 198,745.00
3538  2025-04-22 01:00:00  NAS100 17,712.75 17,952.25 17,700.00 17,914.00   201.75        1.14 131,851.00
3539  2025-04-22 05:00:00  NAS100 17,914.00 18,068.25 17,863.75 18,030.50   116.50        0.65  27,296.00
3540  2025-04-22 09:00:00  NAS100 18,030.00 18,049.00 17,946.25 17,998.00   -32.50       -0.18  19,674.00
3541  2025-04-22 13:00:00  NAS100 17,997.25 18,171.50 17,985.00 18,093.00    95.00        0.53  34,969.00
3542  2025-04-22 17:00:00  NAS100 18,092.25 18,255.25 18,043.75 18,253.75   160.75        0.89  91,733.00
3543  2025-04-22 21:00:00  NAS100 18,253.50 18,514.00 18,211.25 18,223.25   -30.50       -0.17 298,974.00
3544  2025-04-23 01:00:00  NAS100 18,223.50 18,437.50 18,218.00 18,359.00   135.75        0.74 137,567.00
3545  2025-04-23 05:00:00  NAS100 18,646.00 18,802.75 18,623.75 18,640.25   281.25        1.53  46,496.00
3546  2025-04-23 09:00:00  NAS100 18,642.00 18,751.50 18,627.25 18,740.00    99.75        0.54  19,575.00
3547  2025-04-23 13:00:00  NAS100 18,739.75 18,859.00 18,713.50 18,844.75   104.75        0.56  38,537.00
3548  2025-04-23 17:00:00  NAS100 18,845.50 19,122.25 18,839.00 19,074.75   230.00        1.22 136,511.00
3549  2025-04-23 21:00:00  NAS100 19,074.25 19,165.50 18,747.00 18,925.75  -149.00       -0.78 318,651.00
3550  2025-04-24 01:00:00  NAS100 18,927.50 18,959.00 18,729.75 18,850.00   -75.75       -0.40 157,212.00
3551  2025-04-24 05:00:00  NAS100 18,826.50 18,875.75 18,740.50 18,771.25   -78.75       -0.42  22,907.00
3552  2025-04-24 09:00:00  NAS100 18,771.00 18,807.00 18,678.50 18,710.50   -60.75       -0.32  20,244.00
3553  2025-04-24 13:00:00  NAS100 18,711.50 18,779.00 18,594.75 18,693.75   -16.75       -0.09  42,191.00
3554  2025-04-24 17:00:00  NAS100 18,695.25 19,060.50 18,693.50 19,051.75   358.00        1.92 111,811.00
3555  2025-04-24 21:00:00  NAS100 19,052.50 19,278.00 19,044.75 19,265.00   213.25        1.12 255,460.00
3556  2025-04-25 01:00:00  NAS100 19,265.75 19,418.00 19,221.00 19,347.50    82.50        0.43 137,365.00
3557  2025-04-25 05:00:00  NAS100 19,405.00 19,469.75 19,352.25 19,411.00    63.50        0.33  25,982.00
3558  2025-04-25 09:00:00  NAS100 19,410.75 19,497.50 19,363.00 19,410.75    -0.25       -0.00  24,724.00
3559  2025-04-25 13:00:00  NAS100 19,412.25 19,478.25 19,344.25 19,396.75   -14.00       -0.07  34,627.00
3560  2025-04-25 17:00:00  NAS100 19,396.50 19,416.00 19,216.25 19,257.00  -139.75       -0.72 116,454.00
3561  2025-04-25 21:00:00  NAS100 19,263.75 19,554.25 19,233.75 19,428.25   171.25        0.89 256,752.00
3562  2025-04-26 01:00:00  NAS100 19,428.75 19,589.00 19,414.25 19,554.75   126.50        0.65 122,091.00
3563  2025-04-28 05:00:00  NAS100 19,524.50 19,524.50 19,392.25 19,429.50  -125.25       -0.64  18,090.00
3564  2025-04-28 09:00:00  NAS100 19,430.00 19,452.25 19,395.25 19,416.25   -13.25       -0.07  11,350.00
3565  2025-04-28 13:00:00  NAS100 19,416.75 19,540.00 19,416.75 19,515.00    98.75        0.51  24,620.00
3566  2025-04-28 17:00:00  NAS100 19,516.25 19,623.00 19,453.75 19,465.25   -49.75       -0.25  98,855.00
3567  2025-04-28 21:00:00  NAS100 19,464.50 19,539.25 19,257.25 19,371.25   -94.00       -0.48 240,917.00
3568  2025-04-29 01:00:00  NAS100 19,372.00 19,578.75 19,356.75 19,483.75   112.50        0.58 111,839.00
3569  2025-04-29 05:00:00  NAS100 19,478.25 19,600.00 19,455.50 19,594.25   110.50        0.57  17,857.00
3570  2025-04-29 09:00:00  NAS100 19,593.75 19,631.00 19,530.00 19,532.50   -61.75       -0.32  19,632.00
3571  2025-04-29 13:00:00  NAS100 19,531.50 19,622.00 19,525.50 19,567.00    34.50        0.18  23,880.00
3572  2025-04-29 17:00:00  NAS100 19,566.25 19,580.75 19,378.00 19,506.25   -60.75       -0.31 116,028.00
3573  2025-04-29 21:00:00  NAS100 19,506.00 19,667.50 19,466.25 19,656.00   149.75        0.77 258,457.00
3574  2025-04-30 01:00:00  NAS100 19,656.50 19,688.50 19,567.25 19,614.25   -41.75       -0.21 125,304.00
3575  2025-04-30 05:00:00  NAS100 19,599.75 19,611.75 19,506.00 19,513.25  -101.00       -0.51  20,178.00
3576  2025-04-30 09:00:00  NAS100 19,513.25 19,540.25 19,485.25 19,537.50    24.25        0.12  16,447.00
3577  2025-04-30 13:00:00  NAS100 19,536.75 19,622.75 19,534.00 19,588.75    51.25        0.26  23,756.00
3578  2025-04-30 17:00:00  NAS100 19,589.75 19,601.00 19,106.00 19,121.25  -467.50       -2.39 152,421.00
3579  2025-04-30 21:00:00  NAS100 19,120.50 19,509.00 19,103.75 19,478.25   357.00        1.87 290,684.00
3580  2025-05-01 01:00:00  NAS100 19,478.50 19,880.00 19,447.50 19,848.50   370.25        1.90 201,946.00
3581  2025-05-01 05:00:00  NAS100 19,834.00 19,955.75 19,805.00 19,929.00    80.50        0.41  37,768.00
3582  2025-05-01 09:00:00  NAS100 19,928.50 19,974.00 19,907.00 19,921.50    -7.50       -0.04  15,338.00
3583  2025-05-01 13:00:00  NAS100 19,922.25 20,023.50 19,901.25 20,017.75    96.25        0.48  26,020.00
3584  2025-05-01 17:00:00  NAS100 20,017.00 20,035.75 19,860.00 19,877.00  -140.75       -0.70 110,555.00
3585  2025-05-01 21:00:00  NAS100 19,877.00 20,125.75 19,865.50 19,982.00   105.00        0.53 254,683.00
3586  2025-05-02 01:00:00  NAS100 19,982.00 20,049.25 19,757.25 19,799.00  -183.00       -0.92 137,128.00
3587  2025-05-02 05:00:00  NAS100 19,782.50 19,981.25 19,749.50 19,928.50   129.50        0.65  35,011.00
3588  2025-05-02 09:00:00  NAS100 19,928.50 20,005.00 19,906.75 19,950.50    22.00        0.11  15,967.00
3589  2025-05-02 13:00:00  NAS100 19,948.75 19,959.50 19,864.00 19,918.50   -32.00       -0.16  30,612.00
3590  2025-05-02 17:00:00  NAS100 19,919.50 20,141.25 19,901.50 20,073.00   154.50        0.78 114,282.00
3591  2025-05-02 21:00:00  NAS100 20,073.00 20,266.00 20,062.00 20,226.00   153.00        0.76 202,056.00
3592  2025-05-03 01:00:00  NAS100 20,225.50 20,276.75 20,152.25 20,204.50   -21.50       -0.11 111,508.00
3593  2025-05-05 05:00:00  NAS100 20,181.50 20,201.75 19,991.50 20,004.00  -200.50       -0.99  28,387.00
3594  2025-05-05 09:00:00  NAS100 20,003.75 20,073.75 19,995.25 20,062.75    58.75        0.29  18,409.00
3595  2025-05-05 13:00:00  NAS100 20,062.00 20,098.75 19,977.25 20,011.50   -51.25       -0.26  26,704.00
3596  2025-05-05 17:00:00  NAS100 20,012.00 20,071.00 19,966.00 20,051.00    39.50        0.20  73,040.00
3597  2025-05-05 21:00:00  NAS100 20,059.25 20,156.25 20,009.00 20,143.75    92.75        0.46 161,886.00
3598  2025-05-06 01:00:00  NAS100 20,144.00 20,191.50 20,002.25 20,042.25  -101.50       -0.50  99,384.00
3599  2025-05-06 05:00:00  NAS100 20,014.25 20,036.75 19,952.50 19,958.25   -84.00       -0.42  17,161.00
3600  2025-05-06 09:00:00  NAS100 19,959.00 19,992.50 19,912.75 19,923.00   -35.25       -0.18  15,340.00
3601  2025-05-06 13:00:00  NAS100 19,922.50 19,974.75 19,824.25 19,866.50   -56.50       -0.28  37,909.00
3602  2025-05-06 17:00:00  NAS100 19,866.00 19,908.25 19,747.00 19,757.25  -109.25       -0.55  99,061.00
3603  2025-05-06 21:00:00  NAS100 19,757.50 20,026.25 19,739.00 19,846.75    89.50        0.45 228,078.00
3604  2025-05-07 01:00:00  NAS100 19,847.00 19,972.50 19,809.00 19,846.75     0.00        0.00 111,900.00
3605  2025-05-07 05:00:00  NAS100 19,809.00 20,133.75 19,799.50 20,052.00   205.25        1.03  42,993.00
3606  2025-05-07 09:00:00  NAS100 20,052.75 20,056.00 19,971.25 19,979.50   -72.50       -0.36  18,166.00
3607  2025-05-07 13:00:00  NAS100 19,978.25 20,025.00 19,953.00 19,990.50    11.00        0.06  25,339.00
3608  2025-05-07 17:00:00  NAS100 19,990.00 20,030.25 19,857.50 19,937.50   -53.00       -0.27  89,412.00
3609  2025-05-07 21:00:00  NAS100 19,936.75 19,977.25 19,787.00 19,818.75  -118.75       -0.60 201,141.00
3610  2025-05-08 01:00:00  NAS100 19,817.50 20,053.50 19,678.75 19,957.50   138.75        0.70 209,986.00
3611  2025-05-08 05:00:00  NAS100 19,934.50 20,123.50 19,910.75 20,066.00   108.50        0.54  28,606.00
3612  2025-05-08 09:00:00  NAS100 20,068.00 20,198.00 20,067.75 20,156.75    90.75        0.45  23,128.00
3613  2025-05-08 13:00:00  NAS100 20,155.75 20,262.50 20,124.00 20,245.50    88.75        0.44  28,480.00
3614  2025-05-08 17:00:00  NAS100 20,246.25 20,257.25 20,061.00 20,090.00  -155.50       -0.77  97,883.00
3615  2025-05-08 21:00:00  NAS100 20,090.50 20,337.25 19,979.00 20,250.75   160.75        0.80 255,304.00
3616  2025-05-09 01:00:00  NAS100 20,250.00 20,331.25 20,141.25 20,156.25   -94.50       -0.47 125,465.00
3617  2025-05-09 05:00:00  NAS100 20,157.00 20,182.50 20,080.75 20,158.75     2.50        0.01  19,187.00
3618  2025-05-09 09:00:00  NAS100 20,160.00 20,203.00 20,124.25 20,192.50    33.75        0.17  18,242.00
3619  2025-05-09 13:00:00  NAS100 20,193.00 20,232.25 20,165.00 20,198.00     5.50        0.03  21,837.00
3620  2025-05-09 17:00:00  NAS100 20,198.75 20,288.75 20,140.00 20,254.25    56.25        0.28  87,449.00
3621  2025-05-09 21:00:00  NAS100 20,254.00 20,275.00 20,058.00 20,156.00   -98.25       -0.49 212,498.00
3622  2025-05-10 01:00:00  NAS100 20,155.25 20,185.50 20,110.00 20,146.50    -9.50       -0.05  87,848.00
3623  2025-05-12 05:00:00  NAS100 20,398.50 20,547.25 20,376.75 20,517.00   370.50        1.84  38,507.00
3624  2025-05-12 09:00:00  NAS100 20,516.00 20,563.25 20,503.50 20,552.25    35.25        0.17  14,715.00
3625  2025-05-12 13:00:00  NAS100 20,553.00 20,930.75 20,541.00 20,906.50   354.25        1.72  70,235.00
3626  2025-05-12 17:00:00  NAS100 20,907.25 20,991.50 20,746.50 20,786.50  -120.00       -0.57 141,278.00
3627  2025-05-12 21:00:00  NAS100 20,787.75 20,935.00 20,690.00 20,908.75   122.25        0.59 226,189.00
3628  2025-05-13 01:00:00  NAS100 20,909.00 20,996.00 20,859.00 20,957.00    48.25        0.23 133,616.00
3629  2025-05-13 05:00:00  NAS100 20,954.75 20,968.00 20,864.00 20,875.25   -81.75       -0.39  20,896.00
3630  2025-05-13 09:00:00  NAS100 20,875.25 20,894.25 20,818.00 20,861.25   -14.00       -0.07  17,459.00
3631  2025-05-13 13:00:00  NAS100 20,861.25 20,882.75 20,824.50 20,881.75    20.50        0.10  26,249.00
3632  2025-05-13 17:00:00  NAS100 20,881.50 21,131.75 20,860.25 21,124.50   242.75        1.16 108,428.00
3633  2025-05-13 21:00:00  NAS100 21,125.00 21,346.50 21,115.25 21,295.75   171.25        0.81 231,531.00
3634  2025-05-14 01:00:00  NAS100 21,296.50 21,341.50 21,247.50 21,254.75   -41.00       -0.19 112,116.00
3635  2025-05-14 05:00:00  NAS100 21,250.00 21,301.00 21,246.75 21,283.75    29.00        0.14  21,128.00
3636  2025-05-14 09:00:00  NAS100 21,283.50 21,323.50 21,262.25 21,317.00    33.25        0.16  17,677.00
3637  2025-05-14 13:00:00  NAS100 21,317.25 21,355.75 21,238.25 21,260.75   -56.25       -0.26  36,788.00
3638  2025-05-14 17:00:00  NAS100 21,260.00 21,405.25 21,254.00 21,330.75    70.00        0.33 114,016.00
3639  2025-05-14 21:00:00  NAS100 21,331.50 21,419.50 21,281.50 21,365.25    34.50        0.16 199,915.00
3640  2025-05-15 01:00:00  NAS100 21,365.25 21,412.75 21,331.00 21,399.75    34.50        0.16 115,044.00
3641  2025-05-15 05:00:00  NAS100 21,379.75 21,397.75 21,357.50 21,373.50   -26.25       -0.12  17,337.00
3642  2025-05-15 09:00:00  NAS100 21,373.50 21,412.00 21,317.25 21,331.25   -42.25       -0.20  14,767.00
3643  2025-05-15 13:00:00  NAS100 21,331.25 21,370.50 21,192.00 21,259.00   -72.25       -0.34  38,969.00
3644  2025-05-15 17:00:00  NAS100 21,258.50 21,339.25 21,225.00 21,298.50    39.50        0.19  94,956.00
3645  2025-05-15 21:00:00  NAS100 21,299.00 21,529.75 21,257.25 21,475.50   177.00        0.83 211,107.00
3646  2025-05-16 01:00:00  NAS100 21,474.75 21,474.75 21,303.75 21,396.50   -79.00       -0.37 158,117.00
3647  2025-05-16 05:00:00  NAS100 21,396.00 21,436.25 21,348.75 21,370.25   -26.25       -0.12  17,314.00
3648  2025-05-16 09:00:00  NAS100 21,370.00 21,419.25 21,360.75 21,387.00    16.75        0.08  11,762.00
3649  2025-05-16 13:00:00  NAS100 21,387.75 21,478.75 21,362.00 21,440.25    53.25        0.25  22,833.00
3650  2025-05-16 17:00:00  NAS100 21,440.00 21,504.75 21,388.25 21,437.50    -2.75       -0.01  92,291.00
3651  2025-05-16 21:00:00  NAS100 21,439.25 21,478.00 21,320.25 21,445.00     7.50        0.03 171,261.00
3652  2025-05-17 01:00:00  NAS100 21,445.50 21,512.00 21,384.00 21,400.25   -44.75       -0.21  91,368.00
3653  2025-05-19 05:00:00  NAS100 21,310.75 21,418.00 21,264.75 21,275.50  -124.75       -0.58  37,076.00
3654  2025-05-19 09:00:00  NAS100 21,275.25 21,300.25 21,196.00 21,247.00   -28.50       -0.13  24,440.00
3655  2025-05-19 13:00:00  NAS100 21,247.50 21,290.00 21,112.50 21,164.75   -82.25       -0.39  41,158.00
3656  2025-05-19 17:00:00  NAS100 21,165.00 21,375.00 21,130.50 21,356.25   191.50        0.90 101,283.00
3657  2025-05-19 21:00:00  NAS100 21,356.25 21,544.50 21,347.75 21,499.25   143.00        0.67 188,253.00
3658  2025-05-20 01:00:00  NAS100 21,499.25 21,533.50 21,443.50 21,517.00    17.75        0.08 111,375.00
3659  2025-05-20 05:00:00  NAS100 21,513.00 21,562.25 21,436.25 21,458.00   -59.00       -0.27  24,539.00
3660  2025-05-20 09:00:00  NAS100 21,458.00 21,487.00 21,415.75 21,419.00   -39.00       -0.18  16,655.00
3661  2025-05-20 13:00:00  NAS100 21,419.00 21,481.00 21,393.75 21,426.00     7.00        0.03  26,524.00
3662  2025-05-20 17:00:00  NAS100 21,427.75 21,483.75 21,354.75 21,394.75   -31.25       -0.15  82,940.00
3663  2025-05-20 21:00:00  NAS100 21,395.00 21,474.25 21,363.00 21,431.50    36.75        0.17 156,148.00
3664  2025-05-21 01:00:00  NAS100 21,430.50 21,452.00 21,298.00 21,420.00   -11.50       -0.05 124,954.00
3665  2025-05-21 05:00:00  NAS100 21,414.75 21,444.00 21,342.00 21,401.25   -18.75       -0.09  20,489.00
3666  2025-05-21 09:00:00  NAS100 21,402.00 21,405.75 21,327.00 21,331.25   -70.00       -0.33  14,604.00
3667  2025-05-21 13:00:00  NAS100 21,331.50 21,348.75 21,261.25 21,269.25   -62.00       -0.29  27,730.00
3668  2025-05-21 17:00:00  NAS100 21,269.50 21,404.75 21,229.75 21,374.25   105.00        0.49  87,598.00
3669  2025-05-21 21:00:00  NAS100 21,374.25 21,558.50 21,159.50 21,271.25  -103.00       -0.48 282,489.00
3670  2025-05-22 01:00:00  NAS100 21,271.50 21,282.75 21,072.75 21,145.50  -125.75       -0.59 164,711.00
3671  2025-05-22 05:00:00  NAS100 21,145.00 21,208.50 21,113.75 21,155.25     9.75        0.05  22,560.00
3672  2025-05-22 09:00:00  NAS100 21,154.75 21,202.75 21,145.50 21,197.00    41.75        0.20  12,990.00
3673  2025-05-22 13:00:00  NAS100 21,198.25 21,226.75 21,164.25 21,204.50     7.50        0.04  23,200.00
3674  2025-05-22 17:00:00  NAS100 21,204.25 21,292.50 21,040.00 21,285.50    81.00        0.38 124,870.00
3675  2025-05-22 21:00:00  NAS100 21,286.50 21,330.50 21,166.50 21,292.50     7.00        0.03 218,190.00
3676  2025-05-23 01:00:00  NAS100 21,292.25 21,337.50 21,166.00 21,214.50   -78.00       -0.37 107,046.00
3677  2025-05-23 05:00:00  NAS100 21,223.75 21,236.00 21,134.00 21,162.25   -52.25       -0.25  19,934.00
3678  2025-05-23 09:00:00  NAS100 21,163.25 21,208.50 21,136.75 21,153.50    -8.75       -0.04  13,930.00
3679  2025-05-23 13:00:00  NAS100 21,152.00 21,231.00 21,092.25 21,181.25    27.75        0.13  28,970.00
3680  2025-05-23 17:00:00  NAS100 21,181.75 21,191.25 20,727.00 20,885.00  -296.25       -1.40 167,166.00
3681  2025-05-23 21:00:00  NAS100 20,888.25 21,074.25 20,881.75 21,052.00   167.00        0.80 183,692.00
3682  2025-05-24 01:00:00  NAS100 21,051.75 21,083.00 20,930.75 20,953.25   -98.75       -0.47 104,941.00
3683  2025-05-26 05:00:00  NAS100 20,978.00 21,229.25 20,954.25 21,206.00   252.75        1.21  27,499.00
3684  2025-05-26 09:00:00  NAS100 21,206.25 21,233.50 21,189.75 21,202.25    -3.75       -0.02  11,507.00
3685  2025-05-26 13:00:00  NAS100 21,201.50 21,286.25 21,189.25 21,250.75    48.50        0.23  15,291.00
3686  2025-05-26 17:00:00  NAS100 21,251.00 21,307.75 21,246.25 21,279.25    28.50        0.13  14,643.00
3687  2025-05-26 21:00:00  NAS100 21,280.50 21,294.00 21,215.50 21,283.50     4.25        0.02  18,379.00
3688  2025-05-27 05:00:00  NAS100 21,281.25 21,292.00 21,173.75 21,176.00  -107.50       -0.51  21,519.00
3689  2025-05-27 09:00:00  NAS100 21,176.00 21,217.50 21,141.50 21,208.00    32.00        0.15  16,616.00
3690  2025-05-27 13:00:00  NAS100 21,207.75 21,359.75 21,204.75 21,332.50   124.50        0.59  32,469.00
3691  2025-05-27 17:00:00  NAS100 21,333.00 21,351.25 21,192.75 21,293.75   -38.75       -0.18  84,444.00
3692  2025-05-27 21:00:00  NAS100 21,292.75 21,480.25 21,292.25 21,476.75   183.00        0.86 171,194.00
3693  2025-05-28 01:00:00  NAS100 21,476.50 21,488.50 21,414.25 21,477.00     0.25        0.00 111,184.00
3694  2025-05-28 05:00:00  NAS100 21,480.00 21,484.75 21,453.50 21,463.00   -14.00       -0.07  14,151.00
3695  2025-05-28 09:00:00  NAS100 21,463.25 21,477.25 21,435.00 21,452.25   -10.75       -0.05  10,632.00
3696  2025-05-28 13:00:00  NAS100 21,452.75 21,462.25 21,407.00 21,430.00   -22.25       -0.10  18,288.00
3697  2025-05-28 17:00:00  NAS100 21,429.75 21,567.50 21,424.00 21,467.50    37.50        0.17  93,009.00
3698  2025-05-28 21:00:00  NAS100 21,467.50 21,490.50 21,426.00 21,470.50     3.00        0.01 147,241.00
3699  2025-05-29 01:00:00  NAS100 21,469.75 21,528.75 21,321.25 21,525.00    54.50        0.25 132,490.00
3700  2025-05-29 05:00:00  NAS100 21,513.00 21,833.50 21,489.00 21,794.25   269.25        1.25  63,191.00
3701  2025-05-29 09:00:00  NAS100 21,794.00 21,824.25 21,775.25 21,805.25    11.00        0.05  21,975.00
3702  2025-05-29 13:00:00  NAS100 21,804.75 21,858.75 21,746.50 21,785.00   -20.25       -0.09  31,696.00
3703  2025-05-29 17:00:00  NAS100 21,786.00 21,787.75 21,485.25 21,518.00  -267.00       -1.23 116,954.00
3704  2025-05-29 21:00:00  NAS100 21,517.50 21,533.25 21,301.00 21,372.25  -145.75       -0.68 217,213.00
3705  2025-05-30 01:00:00  NAS100 21,373.00 21,447.25 21,317.25 21,385.00    12.75        0.06 108,254.00
3706  2025-05-30 05:00:00  NAS100 21,371.25 21,395.25 21,268.50 21,342.50   -42.50       -0.20  24,185.00
3707  2025-05-30 09:00:00  NAS100 21,343.50 21,412.25 21,330.25 21,387.50    45.00        0.21  12,931.00
3708  2025-05-30 13:00:00  NAS100 21,386.50 21,398.00 21,318.25 21,363.25   -24.25       -0.11  22,432.00
3709  2025-05-30 17:00:00  NAS100 21,363.50 21,421.00 21,226.25 21,257.50  -105.75       -0.50  99,454.00
3710  2025-05-30 21:00:00  NAS100 21,257.50 21,399.50 21,071.50 21,176.00   -81.50       -0.38 238,470.00
3711  2025-05-31 01:00:00  NAS100 21,176.50 21,433.50 21,174.75 21,369.00   193.00        0.91 144,879.00
3712  2025-06-02 05:00:00  NAS100 21,303.75 21,348.50 21,267.25 21,277.75   -91.25       -0.43  19,613.00
3713  2025-06-02 09:00:00  NAS100 21,279.00 21,284.75 21,213.25 21,230.25   -47.50       -0.22  15,373.00
3714  2025-06-02 13:00:00  NAS100 21,230.50 21,267.50 21,163.00 21,226.00    -4.25       -0.02  30,317.00
3715  2025-06-02 17:00:00  NAS100 21,225.25 21,458.00 21,214.25 21,317.25    91.25        0.43  89,166.00
3716  2025-06-02 21:00:00  NAS100 21,311.00 21,474.25 21,234.75 21,445.50   128.25        0.60 176,250.00
3717  2025-06-03 01:00:00  NAS100 21,445.50 21,576.25 21,426.75 21,554.50   109.00        0.51  97,560.00
3718  2025-06-03 05:00:00  NAS100 21,555.00 21,555.25 21,465.75 21,487.25   -67.25       -0.31  17,947.00
3719  2025-06-03 09:00:00  NAS100 21,487.75 21,490.25 21,437.00 21,464.50   -22.75       -0.11  12,673.00
3720  2025-06-03 13:00:00  NAS100 21,464.25 21,481.50 21,399.25 21,451.00   -13.50       -0.06  24,894.00
3721  2025-06-03 17:00:00  NAS100 21,451.00 21,606.00 21,436.25 21,594.75   143.75        0.67  78,556.00
3722  2025-06-03 21:00:00  NAS100 21,594.50 21,759.75 21,557.50 21,717.75   123.00        0.57 173,244.00
3723  2025-06-04 01:00:00  NAS100 21,718.25 21,725.75 21,636.25 21,688.00   -29.75       -0.14 111,258.00
3724  2025-06-04 05:00:00  NAS100 21,688.25 21,727.00 21,672.00 21,681.25    -6.75       -0.03  15,117.00
3725  2025-06-04 09:00:00  NAS100 21,682.50 21,696.25 21,666.75 21,695.00    13.75        0.06   9,561.00
3726  2025-06-04 13:00:00  NAS100 21,695.25 21,748.75 21,674.50 21,736.25    41.25        0.19  21,484.00
3727  2025-06-04 17:00:00  NAS100 21,736.75 21,793.25 21,655.25 21,754.00    17.75        0.08  83,894.00
3728  2025-06-04 21:00:00  NAS100 21,746.25 21,790.75 21,641.00 21,786.00    32.00        0.15 178,140.00
3729  2025-06-05 01:00:00  NAS100 21,785.75 21,803.00 21,740.25 21,748.00   -38.00       -0.17  87,934.00
3730  2025-06-05 05:00:00  NAS100 21,744.75 21,772.50 21,730.75 21,756.25     8.25        0.04  12,709.00
3731  2025-06-05 09:00:00  NAS100 21,757.00 21,759.25 21,724.75 21,734.25   -22.00       -0.10  11,532.00
3732  2025-06-05 13:00:00  NAS100 21,734.00 21,842.75 21,723.00 21,775.75    41.50        0.19  28,267.00
3733  2025-06-05 17:00:00  NAS100 21,775.75 21,898.00 21,691.50 21,723.75   -52.00       -0.24 105,285.00
3734  2025-06-05 21:00:00  NAS100 21,724.75 21,935.00 21,659.50 21,729.00     5.25        0.02 256,271.00
3735  2025-06-06 01:00:00  NAS100 21,730.00 21,740.00 21,503.50 21,515.00  -214.00       -0.98 167,046.00
3736  2025-06-06 05:00:00  NAS100 21,471.00 21,600.75 21,471.00 21,584.50    69.50        0.32  21,855.00
3737  2025-06-06 09:00:00  NAS100 21,584.50 21,669.75 21,572.50 21,656.75    72.25        0.33  15,897.00
3738  2025-06-06 13:00:00  NAS100 21,657.75 21,690.50 21,629.00 21,685.25    28.50        0.13  22,902.00
3739  2025-06-06 17:00:00  NAS100 21,685.75 21,864.25 21,642.75 21,840.25   155.00        0.71 105,371.00
3740  2025-06-06 21:00:00  NAS100 21,840.50 21,870.00 21,722.00 21,821.50   -18.75       -0.09 188,894.00
3741  2025-06-07 01:00:00  NAS100 21,822.25 21,873.50 21,780.25 21,809.50   -12.00       -0.05 105,200.00
3742  2025-06-09 05:00:00  NAS100 21,799.25 21,820.75 21,726.00 21,742.75   -66.75       -0.31  18,632.00
3743  2025-06-09 09:00:00  NAS100 21,742.25 21,756.00 21,716.00 21,746.25     3.50        0.02  10,823.00
3744  2025-06-09 13:00:00  NAS100 21,746.75 21,800.00 21,732.00 21,779.75    33.50        0.15  18,775.00
3745  2025-06-09 17:00:00  NAS100 21,779.50 21,824.25 21,750.75 21,787.25     7.50        0.03  68,046.00
3746  2025-06-09 21:00:00  NAS100 21,787.50 21,890.75 21,787.50 21,867.25    80.00        0.37 147,984.00
3747  2025-06-10 01:00:00  NAS100 21,867.50 21,879.25 21,796.75 21,822.25   -45.00       -0.21  86,498.00
3748  2025-06-10 05:00:00  NAS100 21,824.00 21,973.25 21,815.25 21,966.25   144.00        0.66  18,973.00
3749  2025-06-10 09:00:00  NAS100 21,966.00 21,968.00 21,756.50 21,829.00  -137.25       -0.62  25,164.00
3750  2025-06-10 13:00:00  NAS100 21,829.00 21,841.75 21,732.00 21,829.00     0.00        0.00  27,237.00
3751  2025-06-10 17:00:00  NAS100 21,828.75 21,893.25 21,803.00 21,857.00    28.00        0.13  69,075.00
3752  2025-06-10 21:00:00  NAS100 21,857.25 21,931.00 21,742.75 21,873.00    16.00        0.07 162,043.00
3753  2025-06-11 01:00:00  NAS100 21,873.50 21,992.25 21,820.75 21,951.00    78.00        0.36 125,684.00
3754  2025-06-11 05:00:00  NAS100 21,945.75 22,002.75 21,881.25 21,908.00   -43.00       -0.20  19,070.00
3755  2025-06-11 09:00:00  NAS100 21,908.75 21,915.50 21,865.75 21,881.25   -26.75       -0.12  10,331.00
3756  2025-06-11 13:00:00  NAS100 21,881.75 21,959.50 21,874.75 21,916.75    35.50        0.16  17,494.00
3757  2025-06-11 17:00:00  NAS100 21,917.75 22,106.00 21,882.00 21,980.50    63.75        0.29 110,782.00
3758  2025-06-11 21:00:00  NAS100 21,981.00 22,066.25 21,908.00 21,916.50   -64.00       -0.29 195,866.00
3759  2025-06-12 01:00:00  NAS100 21,917.25 21,931.00 21,790.75 21,883.25   -33.25       -0.15 155,756.00
3760  2025-06-12 05:00:00  NAS100 21,871.00 21,894.25 21,754.00 21,786.50   -96.75       -0.44  18,219.00
3761  2025-06-12 09:00:00  NAS100 21,787.00 21,840.00 21,772.00 21,828.50    42.00        0.19   9,421.00
3762  2025-06-12 13:00:00  NAS100 21,825.00 21,863.25 21,713.25 21,811.25   -17.25       -0.08  23,689.00
3763  2025-06-12 17:00:00  NAS100 21,810.00 21,892.50 21,714.00 21,857.25    46.00        0.21  71,517.00
3764  2025-06-12 21:00:00  NAS100 21,856.50 21,977.25 21,840.50 21,937.00    79.75        0.36 175,950.00
3765  2025-06-13 01:00:00  NAS100 21,937.75 21,953.00 21,893.50 21,909.00   -28.00       -0.13  79,633.00
3766  2025-06-13 05:00:00  NAS100 21,909.00 21,915.75 21,489.00 21,612.50  -296.50       -1.35  45,125.00
3767  2025-06-13 09:00:00  NAS100 21,613.00 21,614.25 21,471.00 21,570.25   -42.25       -0.20  22,535.00
3768  2025-06-13 13:00:00  NAS100 21,570.50 21,664.00 21,565.00 21,622.00    51.75        0.24  28,997.00
3769  2025-06-13 17:00:00  NAS100 21,622.75 21,794.75 21,594.50 21,729.00   107.00        0.49  79,306.00
3770  2025-06-13 21:00:00  NAS100 21,735.00 21,854.75 21,617.00 21,787.75    58.75        0.27 174,280.00
3771  2025-06-14 01:00:00  NAS100 21,788.25 21,805.25 21,600.25 21,652.00  -135.75       -0.62 133,692.00
3772  2025-06-16 05:00:00  NAS100 21,772.50 21,921.50 21,726.00 21,905.00   253.00        1.17  13,235.00
3773  2025-06-16 09:00:00  NAS100 21,904.25 21,958.50 21,888.25 21,935.00    30.00        0.14   6,284.00
3774  2025-06-16 13:00:00  NAS100 21,934.25 22,012.75 21,925.50 21,969.25    34.25        0.16  11,855.00
3775  2025-06-16 17:00:00  NAS100 21,969.25 22,172.00 21,963.00 22,151.50   182.25        0.83  57,690.00
3776  2025-06-16 21:00:00  NAS100 22,152.00 22,222.00 22,143.00 22,165.00    13.50        0.06 102,430.00
3777  2025-06-17 01:00:00  NAS100 22,165.50 22,186.25 22,137.00 22,162.75    -2.25       -0.01  70,769.00
3778  2025-06-17 05:00:00  NAS100 22,176.00 22,177.25 22,007.50 22,081.00   -81.75       -0.37  30,278.00
3779  2025-06-17 09:00:00  NAS100 22,081.25 22,117.00 22,021.00 22,082.50     1.50        0.01  17,714.00
3780  2025-06-17 13:00:00  NAS100 22,082.00 22,122.25 22,004.00 22,033.00   -49.50       -0.22  21,277.00
3781  2025-06-17 17:00:00  NAS100 22,033.00 22,110.00 21,996.00 22,095.50    62.50        0.28  60,339.00
3782  2025-06-17 21:00:00  NAS100 22,095.00 22,135.00 21,940.75 21,962.25  -133.25       -0.60 174,481.00
3783  2025-06-18 01:00:00  NAS100 21,961.75 22,005.00 21,909.50 21,952.00   -10.25       -0.05  96,216.00
3784  2025-06-18 05:00:00  NAS100 21,927.50 22,010.75 21,862.25 21,974.00    22.00        0.10  22,073.00
3785  2025-06-18 09:00:00  NAS100 21,974.50 22,002.00 21,944.75 21,988.50    14.50        0.07   9,291.00
3786  2025-06-18 13:00:00  NAS100 21,988.00 22,066.25 21,981.50 22,031.50    43.00        0.20  21,161.00
3787  2025-06-18 17:00:00  NAS100 22,031.00 22,035.50 21,926.25 22,001.50   -30.00       -0.14  69,824.00
3788  2025-06-18 21:00:00  NAS100 22,001.75 22,097.75 21,939.50 22,025.00    23.50        0.11 159,778.00
3789  2025-06-19 01:00:00  NAS100 22,029.00 22,082.50 21,882.25 21,961.75   -63.25       -0.29 157,254.00
3790  2025-06-19 05:00:00  NAS100 21,956.75 21,970.75 21,790.00 21,840.00  -121.75       -0.55  18,795.00
3791  2025-06-19 09:00:00  NAS100 21,839.00 21,903.50 21,822.25 21,852.25    12.25        0.06  10,773.00
3792  2025-06-19 13:00:00  NAS100 21,851.25 21,874.75 21,782.75 21,831.75   -20.50       -0.09  17,103.00
3793  2025-06-19 17:00:00  NAS100 21,832.75 21,856.50 21,650.25 21,685.25  -146.50       -0.67  29,002.00
3794  2025-06-19 21:00:00  NAS100 21,685.50 21,741.75 21,671.50 21,703.00    17.75        0.08  37,804.00
3795  2025-06-20 05:00:00  NAS100 21,748.25 21,930.25 21,745.75 21,875.50   172.50        0.79  27,660.00
3796  2025-06-20 09:00:00  NAS100 21,875.75 21,923.75 21,868.00 21,922.75    47.25        0.22  11,652.00
3797  2025-06-20 13:00:00  NAS100 21,922.75 21,949.25 21,859.00 21,900.00   -22.75       -0.10  22,065.00
3798  2025-06-20 17:00:00  NAS100 21,899.50 22,130.50 21,883.00 22,018.00   118.00        0.54 103,245.00
3799  2025-06-20 21:00:00  NAS100 22,018.25 22,030.25 21,765.00 21,839.50  -178.50       -0.81 249,358.00
3800  2025-06-21 01:00:00  NAS100 21,838.50 21,911.25 21,793.75 21,874.00    34.50        0.16 101,520.00
3801  2025-06-23 05:00:00  NAS100 21,648.25 21,787.00 21,566.75 21,740.00  -134.00       -0.61  30,782.00
3802  2025-06-23 09:00:00  NAS100 21,739.25 21,816.00 21,737.50 21,809.75    69.75        0.32  12,724.00
3803  2025-06-23 13:00:00  NAS100 21,809.50 21,944.25 21,797.75 21,883.50    73.75        0.34  29,526.00
3804  2025-06-23 17:00:00  NAS100 21,883.75 21,928.50 21,758.50 21,925.25    41.75        0.19  91,514.00
3805  2025-06-23 21:00:00  NAS100 21,925.25 22,088.00 21,738.25 22,052.00   126.75        0.58 278,425.00
3806  2025-06-24 01:00:00  NAS100 22,052.00 22,093.00 22,021.25 22,072.25    20.25        0.09  98,411.00
3807  2025-06-24 05:00:00  NAS100 22,079.00 22,271.50 22,065.75 22,265.75   193.50        0.88  33,415.00
3808  2025-06-24 09:00:00  NAS100 22,265.50 22,303.00 22,215.25 22,294.50    28.75        0.13  18,058.00
3809  2025-06-24 13:00:00  NAS100 22,294.50 22,384.50 22,262.00 22,314.50    20.00        0.09  40,829.00
3810  2025-06-24 17:00:00  NAS100 22,314.25 22,333.50 22,251.75 22,291.00   -23.50       -0.11  85,125.00
3811  2025-06-24 21:00:00  NAS100 22,292.00 22,426.00 22,266.00 22,417.50   126.50        0.57 171,303.00
3812  2025-06-25 01:00:00  NAS100 22,417.50 22,448.25 22,395.25 22,407.75    -9.75       -0.04  91,802.00
3813  2025-06-25 05:00:00  NAS100 22,412.00 22,434.75 22,384.50 22,399.75    -8.00       -0.04  14,717.00
3814  2025-06-25 09:00:00  NAS100 22,400.25 22,436.75 22,394.00 22,426.50    26.75        0.12   7,011.00
3815  2025-06-25 13:00:00  NAS100 22,426.75 22,454.25 22,406.00 22,425.00    -1.50       -0.01  17,572.00
3816  2025-06-25 17:00:00  NAS100 22,425.75 22,548.25 22,413.50 22,522.25    97.25        0.43  83,082.00
3817  2025-06-25 21:00:00  NAS100 22,522.75 22,530.00 22,388.50 22,412.25  -110.00       -0.49 182,039.00
3818  2025-06-26 01:00:00  NAS100 22,413.00 22,485.00 22,402.00 22,472.50    60.25        0.27  85,690.00
3819  2025-06-26 05:00:00  NAS100 22,461.25 22,488.25 22,437.75 22,468.00    -4.50       -0.02  13,940.00
3820  2025-06-26 09:00:00  NAS100 22,468.25 22,513.00 22,467.00 22,511.00    43.00        0.19   9,693.00
3821  2025-06-26 13:00:00  NAS100 22,511.00 22,576.75 22,508.75 22,550.50    39.50        0.18  21,904.00
3822  2025-06-26 17:00:00  NAS100 22,550.75 22,585.00 22,476.00 22,543.75    -6.75       -0.03  88,595.00
3823  2025-06-26 21:00:00  NAS100 22,543.75 22,652.00 22,537.25 22,640.00    96.25        0.43 166,583.00
3824  2025-06-27 01:00:00  NAS100 22,640.25 22,694.00 22,634.25 22,672.50    32.50        0.14 103,964.00
3825  2025-06-27 05:00:00  NAS100 22,676.25 22,713.50 22,660.25 22,680.50     8.00        0.04  14,975.00
3826  2025-06-27 09:00:00  NAS100 22,679.75 22,718.00 22,675.00 22,708.75    28.25        0.12   9,536.00
3827  2025-06-27 13:00:00  NAS100 22,709.75 22,760.00 22,707.00 22,745.00    36.25        0.16  19,000.00
3828  2025-06-27 17:00:00  NAS100 22,745.00 22,788.00 22,685.25 22,764.00    19.00        0.08  74,748.00
3829  2025-06-27 21:00:00  NAS100 22,764.50 22,825.50 22,696.00 22,736.00   -28.00       -0.12 197,902.00
3830  2025-06-28 01:00:00  NAS100 22,736.25 22,759.75 22,600.00 22,740.25     4.25        0.02 152,963.00
3831  2025-06-30 05:00:00  NAS100 22,751.50 22,847.00 22,751.50 22,822.00    81.75        0.36  21,941.00
3832  2025-06-30 09:00:00  NAS100 22,822.50 22,885.25 22,818.75 22,876.00    54.00        0.24  14,314.00
3833  2025-06-30 13:00:00  NAS100 22,876.50 22,915.00 22,849.25 22,881.50     5.50        0.02  21,846.00
3834  2025-06-30 17:00:00  NAS100 22,881.25 22,908.75 22,794.25 22,826.50   -55.00       -0.24  74,184.00
3835  2025-06-30 21:00:00  NAS100 22,826.75 22,867.50 22,786.25 22,821.00    -5.50       -0.02 155,795.00
3836  2025-07-01 01:00:00  NAS100 22,821.00 22,934.75 22,781.00 22,866.75    45.75        0.20 136,452.00
3837  2025-07-01 05:00:00  NAS100 22,867.50 22,914.75 22,846.25 22,911.25    44.50        0.19  14,445.00
3838  2025-07-01 09:00:00  NAS100 22,910.25 22,913.75 22,837.25 22,841.50   -69.75       -0.30  11,542.00
3839  2025-07-01 13:00:00  NAS100 22,841.50 22,865.75 22,812.75 22,830.75   -10.75       -0.05  21,055.00
3840  2025-07-01 17:00:00  NAS100 22,830.75 22,848.50 22,755.75 22,815.00   -15.75       -0.07  70,492.00
3841  2025-07-01 21:00:00  NAS100 22,810.00 22,848.25 22,594.50 22,742.50   -72.50       -0.32 255,056.00
3842  2025-07-02 01:00:00  NAS100 22,742.50 22,753.50 22,647.25 22,691.75   -50.75       -0.22 110,260.00
3843  2025-07-02 05:00:00  NAS100 22,694.50 22,729.00 22,683.00 22,690.00    -1.75       -0.01  11,489.00
3844  2025-07-02 09:00:00  NAS100 22,689.50 22,781.25 22,675.50 22,769.25    79.25        0.35  14,752.00
3845  2025-07-02 13:00:00  NAS100 22,768.75 22,778.75 22,693.50 22,712.75   -56.50       -0.25  18,969.00
3846  2025-07-02 17:00:00  NAS100 22,713.75 22,728.25 22,582.00 22,707.25    -5.50       -0.02  88,171.00
3847  2025-07-02 21:00:00  NAS100 22,706.50 22,848.25 22,702.75 22,825.25   118.00        0.52 181,175.00
3848  2025-07-03 01:00:00  NAS100 22,825.50 22,858.75 22,813.00 22,852.75    27.50        0.12  87,796.00
3849  2025-07-03 05:00:00  NAS100 22,845.00 22,872.00 22,831.25 22,850.00    -2.75       -0.01   8,718.00
3850  2025-07-03 09:00:00  NAS100 22,850.00 22,882.00 22,827.00 22,874.00    24.00        0.11   9,869.00
3851  2025-07-03 13:00:00  NAS100 22,874.00 22,901.00 22,846.50 22,849.75   -24.25       -0.11  15,092.00
3852  2025-07-03 17:00:00  NAS100 22,849.75 23,004.50 22,830.00 22,996.00   146.25        0.64  85,719.00
3853  2025-07-03 21:00:00  NAS100 22,996.00 23,102.50 22,993.00 23,059.00    63.00        0.27 145,262.00
3854  2025-07-04 05:00:00  NAS100 23,059.25 23,062.50 23,017.00 23,026.75   -32.25       -0.14   9,593.00
3855  2025-07-04 09:00:00  NAS100 23,027.75 23,030.25 22,986.75 23,005.50   -21.25       -0.09   8,303.00
3856  2025-07-04 13:00:00  NAS100 23,005.00 23,007.00 22,910.00 22,946.25   -59.25       -0.26  20,662.00
3857  2025-07-04 17:00:00  NAS100 22,945.25 22,950.50 22,882.00 22,923.50   -22.75       -0.10  19,322.00
3858  2025-07-04 21:00:00  NAS100 22,923.75 22,945.50 22,896.00 22,906.75   -16.75       -0.07  14,616.00
3859  2025-07-07 05:00:00  NAS100 22,970.00 23,028.50 22,914.50 22,942.75    36.00        0.16  22,147.00
3860  2025-07-07 09:00:00  NAS100 22,942.00 22,990.25 22,932.50 22,949.00     6.25        0.03  14,330.00
3861  2025-07-07 13:00:00  NAS100 22,949.00 22,966.25 22,908.25 22,964.00    15.00        0.07  17,411.00
3862  2025-07-07 17:00:00  NAS100 22,964.50 23,001.75 22,900.50 22,945.50   -18.50       -0.08  72,355.00
3863  2025-07-07 21:00:00  NAS100 22,944.75 22,962.75 22,833.50 22,871.00   -74.50       -0.32 216,169.00
3864  2025-07-08 01:00:00  NAS100 22,871.50 22,891.25 22,779.75 22,839.00   -32.00       -0.14 116,189.00
3865  2025-07-08 05:00:00  NAS100 22,837.75 22,923.75 22,808.50 22,893.75    54.75        0.24  16,991.00
3866  2025-07-08 09:00:00  NAS100 22,893.25 22,939.00 22,886.25 22,933.75    40.00        0.17  11,635.00
3867  2025-07-08 13:00:00  NAS100 22,933.75 22,972.75 22,917.50 22,924.50    -9.25       -0.04  17,901.00
3868  2025-07-08 17:00:00  NAS100 22,925.00 22,957.00 22,881.00 22,881.50   -43.00       -0.19  65,931.00
3869  2025-07-08 21:00:00  NAS100 22,882.00 22,962.75 22,841.00 22,934.00    52.50        0.23 219,638.00
3870  2025-07-09 01:00:00  NAS100 22,934.00 22,942.75 22,870.25 22,903.25   -30.75       -0.13  84,938.00
3871  2025-07-09 05:00:00  NAS100 22,906.50 22,924.50 22,854.25 22,890.25   -13.00       -0.06  11,101.00
3872  2025-07-09 09:00:00  NAS100 22,890.50 22,901.50 22,868.50 22,874.00   -16.25       -0.07   8,129.00
3873  2025-07-09 13:00:00  NAS100 22,873.75 22,942.50 22,843.50 22,924.00    50.00        0.22  16,970.00
3874  2025-07-09 17:00:00  NAS100 22,924.50 23,097.00 22,910.00 23,086.00   162.00        0.71  82,402.00
3875  2025-07-09 21:00:00  NAS100 23,086.00 23,112.00 22,919.75 22,983.50  -102.50       -0.44 232,522.00
3876  2025-07-10 01:00:00  NAS100 22,983.25 23,060.50 22,981.75 23,043.50    60.00        0.26  93,668.00
3877  2025-07-10 05:00:00  NAS100 23,041.00 23,065.25 22,987.50 22,990.75   -52.75       -0.23  13,089.00
3878  2025-07-10 09:00:00  NAS100 22,990.50 23,021.75 22,976.50 22,992.50     1.75        0.01  10,691.00
3879  2025-07-10 13:00:00  NAS100 22,992.00 23,050.25 22,980.75 23,025.00    32.50        0.14  16,751.00
3880  2025-07-10 17:00:00  NAS100 23,024.00 23,090.00 22,938.25 22,960.00   -65.00       -0.28  77,677.00
3881  2025-07-10 21:00:00  NAS100 22,960.75 23,041.75 22,901.25 23,037.00    77.00        0.34 189,680.00
3882  2025-07-11 01:00:00  NAS100 23,037.00 23,050.00 22,990.75 23,010.00   -27.00       -0.12  77,491.00
3883  2025-07-11 05:00:00  NAS100 23,011.75 23,048.75 22,831.50 22,927.25   -82.75       -0.36  38,000.00
3884  2025-07-11 09:00:00  NAS100 22,927.25 22,976.75 22,918.00 22,941.25    14.00        0.06  12,220.00
3885  2025-07-11 13:00:00  NAS100 22,942.75 22,969.75 22,858.25 22,865.00   -76.25       -0.33  25,896.00
3886  2025-07-11 17:00:00  NAS100 22,863.50 22,967.50 22,852.00 22,963.75    98.75        0.43  80,510.00
3887  2025-07-11 21:00:00  NAS100 22,963.75 23,021.50 22,908.75 22,998.50    34.75        0.15 196,013.00
3888  2025-07-12 01:00:00  NAS100 22,997.75 23,018.75 22,924.00 22,938.00   -60.50       -0.26 103,088.00
3889  2025-07-14 05:00:00  NAS100 22,860.75 22,890.50 22,803.00 22,857.50   -80.50       -0.35  28,063.00
3890  2025-07-14 09:00:00  NAS100 22,856.75 22,879.50 22,826.75 22,831.25   -26.25       -0.11  10,922.00
3891  2025-07-14 13:00:00  NAS100 22,830.25 22,903.75 22,804.25 22,899.00    67.75        0.30  24,003.00
3892  2025-07-14 17:00:00  NAS100 22,899.75 22,979.25 22,842.25 22,911.75    12.75        0.06  91,309.00
3893  2025-07-14 21:00:00  NAS100 22,912.00 23,066.50 22,905.50 23,045.25   133.50        0.58 174,443.00
3894  2025-07-15 01:00:00  NAS100 23,045.00 23,060.00 23,016.00 23,036.25    -9.00       -0.04  79,837.00
3895  2025-07-15 05:00:00  NAS100 23,034.25 23,173.75 22,996.00 23,143.00   106.75        0.46  21,721.00
3896  2025-07-15 09:00:00  NAS100 23,143.50 23,169.50 23,039.75 23,147.00     4.00        0.02  29,672.00
3897  2025-07-15 13:00:00  NAS100 23,147.25 23,180.00 23,132.00 23,174.00    27.00        0.12  20,907.00
3898  2025-07-15 17:00:00  NAS100 23,174.50 23,222.75 23,123.00 23,138.50   -35.50       -0.15 103,962.00
3899  2025-07-15 21:00:00  NAS100 23,139.00 23,198.50 23,083.00 23,169.50    31.00        0.13 220,939.00
3900  2025-07-16 01:00:00  NAS100 23,170.00 23,180.00 23,009.50 23,017.75  -151.75       -0.65 121,987.00
3901  2025-07-16 05:00:00  NAS100 23,018.75 23,034.25 22,973.75 23,030.25    12.50        0.05  21,063.00
3902  2025-07-16 09:00:00  NAS100 23,030.50 23,045.25 22,993.25 23,007.00   -23.25       -0.10  12,363.00
3903  2025-07-16 13:00:00  NAS100 23,006.00 23,014.75 22,929.00 23,000.50    -6.50       -0.03  22,708.00
3904  2025-07-16 17:00:00  NAS100 23,000.25 23,089.50 22,957.25 22,968.50   -32.00       -0.14  92,462.00
3905  2025-07-16 21:00:00  NAS100 22,968.50 23,069.50 22,835.50 23,028.00    59.50        0.26 296,325.00
3906  2025-07-17 01:00:00  NAS100 23,028.50 23,100.00 23,016.50 23,063.25    35.25        0.15  90,342.00
3907  2025-07-17 05:00:00  NAS100 23,065.50 23,072.00 23,023.75 23,034.25   -29.00       -0.13  12,531.00
3908  2025-07-17 09:00:00  NAS100 23,034.00 23,100.00 23,017.00 23,087.25    53.00        0.23  12,166.00
3909  2025-07-17 13:00:00  NAS100 23,087.75 23,151.75 23,086.75 23,109.50    22.25        0.10  26,115.00
3910  2025-07-17 17:00:00  NAS100 23,109.00 23,158.50 23,065.75 23,150.00    40.50        0.18  89,005.00
3911  2025-07-17 21:00:00  NAS100 23,150.50 23,276.00 23,115.00 23,275.25   125.25        0.54 189,514.00
3912  2025-07-18 01:00:00  NAS100 23,275.75 23,279.75 23,234.25 23,265.50    -9.75       -0.04 107,457.00
3913  2025-07-18 05:00:00  NAS100 23,261.25 23,288.75 23,245.25 23,266.50     1.00        0.00  12,156.00
3914  2025-07-18 09:00:00  NAS100 23,266.75 23,309.25 23,259.75 23,304.00    37.50        0.16   9,001.00
3915  2025-07-18 13:00:00  NAS100 23,303.00 23,309.50 23,260.75 23,278.75   -25.25       -0.11  14,156.00
3916  2025-07-18 17:00:00  NAS100 23,277.75 23,320.75 23,251.25 23,257.50   -21.25       -0.09  90,649.00
3917  2025-07-18 21:00:00  NAS100 23,257.50 23,295.00 23,169.50 23,198.50   -59.00       -0.25 226,769.00
3918  2025-07-19 01:00:00  NAS100 23,199.25 23,232.50 23,193.50 23,228.50    30.00        0.13  84,578.00
3919  2025-07-21 05:00:00  NAS100 23,232.50 23,277.25 23,203.75 23,264.00    35.50        0.15  14,006.00
3920  2025-07-21 09:00:00  NAS100 23,264.00 23,275.75 23,242.50 23,268.50     4.50        0.02   7,647.00
3921  2025-07-21 13:00:00  NAS100 23,268.75 23,308.50 23,265.75 23,289.50    21.00        0.09  14,707.00
3922  2025-07-21 17:00:00  NAS100 23,289.75 23,396.00 23,223.75 23,375.25    85.75        0.37  83,233.00
3923  2025-07-21 21:00:00  NAS100 23,376.00 23,424.75 23,358.75 23,411.25    36.00        0.15 161,465.00
3924  2025-07-22 01:00:00  NAS100 23,411.50 23,417.75 23,328.50 23,347.00   -64.25       -0.27 109,047.00
3925  2025-07-22 05:00:00  NAS100 23,339.50 23,367.00 23,335.00 23,365.75    18.75        0.08  11,252.00
3926  2025-07-22 09:00:00  NAS100 23,365.50 23,366.00 23,297.00 23,314.50   -51.25       -0.22  13,187.00
3927  2025-07-22 13:00:00  NAS100 23,314.75 23,347.50 23,267.50 23,281.50   -33.00       -0.14  25,429.00
3928  2025-07-22 17:00:00  NAS100 23,281.75 23,349.75 23,112.75 23,142.25  -139.25       -0.60 127,176.00
3929  2025-07-22 21:00:00  NAS100 23,142.00 23,250.75 23,108.00 23,217.50    75.25        0.33 240,641.00
3930  2025-07-23 01:00:00  NAS100 23,217.00 23,257.75 23,171.00 23,199.00   -18.50       -0.08 113,228.00
3931  2025-07-23 05:00:00  NAS100 23,191.25 23,268.00 23,170.25 23,252.00    53.00        0.23  27,627.00
3932  2025-07-23 09:00:00  NAS100 23,251.50 23,259.50 23,226.00 23,250.50    -1.50       -0.01  10,151.00
3933  2025-07-23 13:00:00  NAS100 23,251.00 23,283.75 23,243.00 23,271.25    20.75        0.09  19,074.00
3934  2025-07-23 17:00:00  NAS100 23,272.75 23,281.50 23,160.50 23,166.00  -105.25       -0.45  94,339.00
3935  2025-07-23 21:00:00  NAS100 23,165.50 23,293.50 23,146.75 23,263.25    97.25        0.42 227,033.00
3936  2025-07-24 01:00:00  NAS100 23,263.75 23,418.00 23,263.25 23,411.25   148.00        0.64 130,104.00
3937  2025-07-24 05:00:00  NAS100 23,402.25 23,422.75 23,382.00 23,408.00    -3.25       -0.01  13,582.00
3938  2025-07-24 09:00:00  NAS100 23,408.25 23,415.00 23,372.25 23,373.75   -34.25       -0.15   8,678.00
3939  2025-07-24 13:00:00  NAS100 23,373.50 23,397.00 23,346.75 23,390.00    16.25        0.07  18,086.00
3940  2025-07-24 17:00:00  NAS100 23,390.50 23,402.75 23,327.25 23,362.75   -27.25       -0.12  91,205.00
3941  2025-07-24 21:00:00  NAS100 23,363.50 23,423.00 23,298.25 23,384.25    21.50        0.09 194,122.00
3942  2025-07-25 01:00:00  NAS100 23,383.75 23,424.50 23,366.25 23,395.00    10.75        0.05 105,222.00
3943  2025-07-25 05:00:00  NAS100 23,391.50 23,434.75 23,385.00 23,426.75    31.75        0.14  13,025.00
3944  2025-07-25 09:00:00  NAS100 23,427.50 23,441.75 23,392.50 23,407.75   -19.00       -0.08  10,001.00
3945  2025-07-25 13:00:00  NAS100 23,408.00 23,412.50 23,348.75 23,374.00   -33.75       -0.14  19,252.00
3946  2025-07-25 17:00:00  NAS100 23,374.25 23,408.00 23,330.75 23,389.25    15.25        0.07  79,566.00
3947  2025-07-25 21:00:00  NAS100 23,389.50 23,476.00 23,384.00 23,439.00    49.75        0.21 174,724.00
3948  2025-07-26 01:00:00  NAS100 23,439.50 23,459.75 23,407.00 23,447.75     8.75        0.04  93,366.00
3949  2025-07-28 05:00:00  NAS100 23,520.00 23,558.25 23,504.00 23,542.75    95.00        0.41  18,108.00
3950  2025-07-28 09:00:00  NAS100 23,541.75 23,578.75 23,537.25 23,574.00    31.25        0.13   9,630.00
3951  2025-07-28 13:00:00  NAS100 23,573.75 23,585.25 23,522.25 23,526.75   -47.25       -0.20  17,918.00
3952  2025-07-28 17:00:00  NAS100 23,526.00 23,527.00 23,464.75 23,520.00    -6.75       -0.03  87,216.00
3953  2025-07-28 21:00:00  NAS100 23,520.25 23,529.00 23,436.75 23,461.25   -58.75       -0.25 187,498.00
3954  2025-07-29 01:00:00  NAS100 23,461.00 23,512.75 23,440.00 23,509.25    48.00        0.20  98,942.00
3955  2025-07-29 05:00:00  NAS100 23,504.25 23,545.00 23,503.00 23,527.50    18.25        0.08  11,900.00
3956  2025-07-29 09:00:00  NAS100 23,527.75 23,554.00 23,521.25 23,547.25    19.75        0.08   7,037.00
3957  2025-07-29 13:00:00  NAS100 23,547.75 23,607.00 23,541.50 23,599.25    52.00        0.22  20,022.00
3958  2025-07-29 17:00:00  NAS100 23,598.50 23,652.50 23,555.75 23,581.00   -18.25       -0.08 100,287.00
3959  2025-07-29 21:00:00  NAS100 23,588.50 23,593.50 23,438.25 23,491.50   -89.50       -0.38 274,666.00
3960  2025-07-30 01:00:00  NAS100 23,491.50 23,507.50 23,421.25 23,452.00   -39.50       -0.17 116,888.00
3961  2025-07-30 05:00:00  NAS100 23,452.00 23,493.75 23,449.25 23,485.25    33.25        0.14  11,798.00
3962  2025-07-30 09:00:00  NAS100 23,486.00 23,509.75 23,480.25 23,503.50    18.25        0.08   7,765.00
3963  2025-07-30 13:00:00  NAS100 23,503.00 23,512.50 23,462.25 23,492.25   -11.25       -0.05  16,874.00
3964  2025-07-30 17:00:00  NAS100 23,493.00 23,526.25 23,450.75 23,483.75    -8.50       -0.04  82,995.00
3965  2025-07-30 21:00:00  NAS100 23,483.50 23,551.00 23,467.00 23,544.75    61.00        0.26 151,831.00
3966  2025-07-31 01:00:00  NAS100 23,542.00 23,689.00 23,356.50 23,661.75   117.00        0.50 256,323.00
3967  2025-07-31 05:00:00  NAS100 23,705.00 23,780.00 23,686.00 23,769.75   108.00        0.46  23,669.00
3968  2025-07-31 09:00:00  NAS100 23,769.25 23,809.75 23,767.50 23,800.25    30.50        0.13  14,751.00
3969  2025-07-31 13:00:00  NAS100 23,799.75 23,845.00 23,777.00 23,783.75   -16.50       -0.07  27,258.00
3970  2025-07-31 17:00:00  NAS100 23,783.50 23,812.00 23,609.25 23,671.25  -112.50       -0.47 129,561.00
3971  2025-07-31 21:00:00  NAS100 23,671.25 23,700.00 23,365.00 23,389.50  -281.75       -1.19 305,838.00
3972  2025-08-01 01:00:00  NAS100 23,389.75 23,465.75 23,290.50 23,329.50   -60.00       -0.26 227,687.00
3973  2025-08-01 05:00:00  NAS100 23,308.50 23,347.50 23,231.50 23,322.25    -7.25       -0.03  34,735.00
3974  2025-08-01 09:00:00  NAS100 23,322.50 23,342.50 23,290.25 23,292.75   -29.50       -0.13  13,745.00
3975  2025-08-01 13:00:00  NAS100 23,292.25 23,296.50 23,062.50 23,127.75  -165.00       -0.71  58,601.00
3976  2025-08-01 17:00:00  NAS100 23,126.75 23,167.50 22,858.00 22,883.00  -244.75       -1.06 186,768.00
3977  2025-08-01 21:00:00  NAS100 22,880.00 23,045.50 22,800.00 22,845.00   -38.00       -0.17 331,558.00
3978  2025-08-02 01:00:00  NAS100 22,844.75 22,944.50 22,775.00 22,870.00    25.00        0.11 166,747.00
3979  2025-08-04 05:00:00  NAS100 22,850.00 22,973.00 22,821.75 22,959.00    89.00        0.39  32,688.00
3980  2025-08-04 09:00:00  NAS100 22,958.50 22,996.00 22,950.00 22,983.00    24.00        0.10  14,925.00
3981  2025-08-04 13:00:00  NAS100 22,983.25 23,077.50 22,947.50 23,055.25    72.25        0.31  30,030.00
3982  2025-08-04 17:00:00  NAS100 23,055.00 23,257.75 23,031.50 23,246.00   190.75        0.83 102,349.00
3983  2025-08-04 21:00:00  NAS100 23,246.75 23,285.25 23,187.75 23,268.00    22.00        0.09 175,076.00
3984  2025-08-05 01:00:00  NAS100 23,268.25 23,352.50 23,253.25 23,350.75    82.75        0.36 108,766.00
3985  2025-08-05 05:00:00  NAS100 23,354.00 23,374.50 23,313.75 23,340.75   -10.00       -0.04  18,424.00
3986  2025-08-05 09:00:00  NAS100 23,340.25 23,367.50 23,325.00 23,362.75    22.00        0.09   7,933.00
3987  2025-08-05 13:00:00  NAS100 23,363.50 23,397.25 23,312.50 23,348.50   -14.25       -0.06  22,842.00
3988  2025-08-05 17:00:00  NAS100 23,348.50 23,404.25 23,303.50 23,374.25    25.75        0.11  93,764.00
3989  2025-08-05 21:00:00  NAS100 23,374.50 23,374.50 23,113.50 23,241.25  -133.00       -0.57 264,079.00
3990  2025-08-06 01:00:00  NAS100 23,241.00 23,249.00 23,084.50 23,092.00  -149.25       -0.64 129,124.00
3991  2025-08-06 05:00:00  NAS100 23,091.75 23,140.25 23,045.50 23,136.50    44.50        0.19  22,609.00
3992  2025-08-06 09:00:00  NAS100 23,136.75 23,201.75 23,123.00 23,184.75    48.25        0.21  14,792.00
3993  2025-08-06 13:00:00  NAS100 23,184.50 23,227.00 23,131.75 23,146.00   -38.75       -0.17  24,851.00
3994  2025-08-06 17:00:00  NAS100 23,147.25 23,244.50 23,107.25 23,201.25    55.25        0.24 108,414.00
3995  2025-08-06 21:00:00  NAS100 23,201.50 23,396.50 23,164.25 23,373.00   171.75        0.74 239,907.00
3996  2025-08-07 01:00:00  NAS100 23,373.00 23,445.25 23,370.50 23,413.25    40.25        0.17 105,785.00
3997  2025-08-07 05:00:00  NAS100 23,418.50 23,511.25 23,384.50 23,496.50    83.25        0.36  27,641.00
3998  2025-08-07 09:00:00  NAS100 23,495.75 23,505.50 23,454.50 23,483.00   -13.50       -0.06  11,772.00
3999  2025-08-07 13:00:00  NAS100 23,482.25 23,608.50 23,467.25 23,601.25   118.25        0.50  29,569.00
4000  2025-08-07 17:00:00  NAS100 23,602.00 23,658.75 23,570.00 23,654.50    53.25        0.23 107,779.00
4001  2025-08-07 21:00:00  NAS100 23,654.00 23,671.00 23,381.00 23,419.25  -235.25       -0.99 258,082.00
4002  2025-08-08 01:00:00  NAS100 23,418.75 23,534.00 23,329.00 23,521.75   102.50        0.44 122,173.00
4003  2025-08-08 05:00:00  NAS100 23,518.25 23,583.00 23,516.00 23,562.50    40.75        0.17  16,922.00
4004  2025-08-08 09:00:00  NAS100 23,563.50 23,579.75 23,503.00 23,509.00   -53.50       -0.23  10,533.00
4005  2025-08-08 13:00:00  NAS100 23,510.25 23,578.00 23,508.75 23,562.25    53.25        0.23  14,846.00
4006  2025-08-08 17:00:00  NAS100 23,562.50 23,649.25 23,518.25 23,643.50    81.25        0.34  84,510.00
4007  2025-08-08 21:00:00  NAS100 23,643.75 23,707.50 23,612.00 23,699.75    56.25        0.24 214,595.00
4008  2025-08-09 01:00:00  NAS100 23,700.50 23,767.75 23,677.75 23,765.50    65.75        0.28 106,186.00
4009  2025-08-11 05:00:00  NAS100 23,764.00 23,770.75 23,701.00 23,758.25    -7.25       -0.03  17,921.00
4010  2025-08-11 09:00:00  NAS100 23,758.00 23,773.00 23,731.50 23,738.75   -19.50       -0.08  11,982.00
4011  2025-08-11 13:00:00  NAS100 23,739.50 23,764.50 23,667.75 23,723.25   -15.50       -0.07  22,346.00
4012  2025-08-11 17:00:00  NAS100 23,722.75 23,756.25 23,680.75 23,744.75    21.50        0.09  76,276.00
4013  2025-08-11 21:00:00  NAS100 23,744.75 23,804.50 23,688.50 23,697.75   -47.00       -0.20 189,493.00
4014  2025-08-12 01:00:00  NAS100 23,698.00 23,701.25 23,587.50 23,629.50   -68.25       -0.29 121,345.00
4015  2025-08-12 05:00:00  NAS100 23,635.00 23,666.75 23,614.50 23,658.75    29.25        0.12  13,764.00
4016  2025-08-12 09:00:00  NAS100 23,659.50 23,676.75 23,596.00 23,629.50   -29.25       -0.12  11,850.00
4017  2025-08-12 13:00:00  NAS100 23,630.00 23,675.50 23,627.50 23,636.00     6.50        0.03  13,247.00
4018  2025-08-12 17:00:00  NAS100 23,636.00 23,822.25 23,608.50 23,653.00    17.00        0.07 137,096.00
4019  2025-08-12 21:00:00  NAS100 23,653.75 23,916.00 23,622.00 23,914.50   261.50        1.11 211,280.00
4020  2025-08-13 01:00:00  NAS100 23,914.25 23,953.50 23,902.25 23,949.50    35.00        0.15  93,391.00
4021  2025-08-13 05:00:00  NAS100 23,945.00 23,970.00 23,925.25 23,928.50   -21.00       -0.09  15,244.00
4022  2025-08-13 09:00:00  NAS100 23,928.50 23,963.00 23,921.75 23,945.00    16.50        0.07   8,442.00
4023  2025-08-13 13:00:00  NAS100 23,946.00 24,016.50 23,934.25 24,007.00    62.00        0.26  17,970.00
4024  2025-08-13 17:00:00  NAS100 24,006.00 24,068.50 23,984.25 24,017.25    10.25        0.04  80,024.00
4025  2025-08-13 21:00:00  NAS100 24,017.25 24,018.50 23,886.00 23,939.00   -78.25       -0.33 226,031.00
4026  2025-08-14 01:00:00  NAS100 23,938.75 23,960.00 23,887.25 23,927.75   -11.25       -0.05 100,535.00
4027  2025-08-14 05:00:00  NAS100 23,927.75 23,964.25 23,911.75 23,931.50     3.75        0.02  11,618.00
4028  2025-08-14 09:00:00  NAS100 23,931.25 23,945.25 23,897.75 23,909.75   -21.75       -0.09   7,280.00
4029  2025-08-14 13:00:00  NAS100 23,909.25 23,942.00 23,899.25 23,926.25    16.50        0.07  10,800.00
4030  2025-08-14 17:00:00  NAS100 23,926.25 23,966.75 23,793.25 23,936.00     9.75        0.04 113,886.00
4031  2025-08-14 21:00:00  NAS100 23,935.75 24,007.75 23,863.00 23,962.25    26.25        0.11 221,418.00
4032  2025-08-15 01:00:00  NAS100 23,963.00 23,963.00 23,870.00 23,891.50   -70.75       -0.30 121,533.00
4033  2025-08-15 05:00:00  NAS100 23,888.75 23,913.50 23,871.00 23,902.75    11.25        0.05  11,234.00
4034  2025-08-15 09:00:00  NAS100 23,903.00 23,946.50 23,903.00 23,941.25    38.50        0.16   8,467.00
4035  2025-08-15 13:00:00  NAS100 23,941.25 23,963.00 23,876.00 23,879.75   -61.50       -0.26  15,724.00
4036  2025-08-15 17:00:00  NAS100 23,880.25 23,927.25 23,770.25 23,807.00   -72.75       -0.30  95,171.00
4037  2025-08-15 21:00:00  NAS100 23,801.00 23,881.00 23,734.50 23,839.75    32.75        0.14 207,640.00
4038  2025-08-16 01:00:00  NAS100 23,839.75 23,847.50 23,775.75 23,796.75   -43.00       -0.18  96,081.00
4039  2025-08-18 05:00:00  NAS100 23,795.00 23,881.50 23,795.00 23,881.50    84.75        0.36  12,736.00
4040  2025-08-18 09:00:00  NAS100 23,881.00 23,881.75 23,841.75 23,852.00   -29.50       -0.12   7,856.00
4041  2025-08-18 13:00:00  NAS100 23,852.00 23,854.75 23,739.50 23,759.50   -92.50       -0.39  25,955.00
4042  2025-08-18 17:00:00  NAS100 23,758.75 23,817.25 23,735.00 23,749.00   -10.50       -0.04  78,219.00
4043  2025-08-18 21:00:00  NAS100 23,749.00 23,824.25 23,719.00 23,760.00    11.00        0.05 188,935.00
4044  2025-08-19 01:00:00  NAS100 23,761.25 23,816.25 23,748.25 23,788.00    28.00        0.12  82,537.00
4045  2025-08-19 05:00:00  NAS100 23,800.75 23,838.00 23,761.00 23,771.00   -17.00       -0.07  13,761.00
4046  2025-08-19 09:00:00  NAS100 23,770.75 23,787.50 23,730.75 23,736.25   -34.75       -0.15  12,010.00
4047  2025-08-19 13:00:00  NAS100 23,735.50 23,804.75 23,734.00 23,787.25    51.00        0.21  14,640.00
4048  2025-08-19 17:00:00  NAS100 23,787.75 23,790.75 23,638.50 23,678.75  -108.50       -0.46 107,944.00
4049  2025-08-19 21:00:00  NAS100 23,678.25 23,728.75 23,445.00 23,507.00  -171.75       -0.73 275,488.00
4050  2025-08-20 01:00:00  NAS100 23,507.00 23,508.00 23,426.00 23,473.50   -33.50       -0.14 124,040.00
4051  2025-08-20 05:00:00  NAS100 23,461.00 23,485.50 23,367.75 23,377.75   -95.75       -0.41  25,722.00
4052  2025-08-20 09:00:00  NAS100 23,379.25 23,395.50 23,334.25 23,365.50   -12.25       -0.05  18,121.00
4053  2025-08-20 13:00:00  NAS100 23,365.00 23,439.75 23,344.25 23,432.50    67.00        0.29  29,968.00
4054  2025-08-20 17:00:00  NAS100 23,433.25 23,452.00 23,146.00 23,173.25  -259.25       -1.11 132,966.00
4055  2025-08-20 21:00:00  NAS100 23,174.00 23,315.50 23,035.00 23,264.50    91.25        0.39 356,824.00
4056  2025-08-21 01:00:00  NAS100 23,264.50 23,368.75 23,191.00 23,319.00    54.50        0.23 140,794.00
4057  2025-08-21 05:00:00  NAS100 23,323.00 23,355.00 23,267.25 23,353.50    34.50        0.15  20,820.00
4058  2025-08-21 09:00:00  NAS100 23,353.00 23,369.25 23,311.25 23,340.75   -12.75       -0.05  12,677.00
4059  2025-08-21 13:00:00  NAS100 23,340.50 23,368.25 23,290.00 23,304.75   -36.00       -0.15  20,042.00
4060  2025-08-21 17:00:00  NAS100 23,304.50 23,334.25 23,175.75 23,187.75  -117.00       -0.50 111,382.00
4061  2025-08-21 21:00:00  NAS100 23,184.50 23,348.25 23,119.00 23,215.00    27.25        0.12 256,738.00
4062  2025-08-22 01:00:00  NAS100 23,214.50 23,255.25 23,179.50 23,221.75     6.75        0.03  98,991.00
4063  2025-08-22 05:00:00  NAS100 23,225.25 23,252.50 23,181.00 23,207.00   -14.75       -0.06  14,659.00
4064  2025-08-22 09:00:00  NAS100 23,207.00 23,233.75 23,181.00 23,191.25   -15.75       -0.07   8,273.00
4065  2025-08-22 13:00:00  NAS100 23,190.25 23,256.50 23,076.75 23,251.75    60.50        0.26  24,240.00
4066  2025-08-22 17:00:00  NAS100 23,253.00 23,342.25 23,205.50 23,268.50    16.75        0.07  73,897.00
4067  2025-08-22 21:00:00  NAS100 23,268.75 23,650.00 23,268.75 23,605.75   337.25        1.45 260,905.00
4068  2025-08-23 01:00:00  NAS100 23,606.25 23,616.75 23,531.25 23,582.75   -23.00       -0.10  98,067.00
4069  2025-08-25 05:00:00  NAS100 23,602.00 23,607.50 23,534.00 23,534.25   -48.50       -0.21  19,068.00
4070  2025-08-25 09:00:00  NAS100 23,535.75 23,568.00 23,520.50 23,565.50    31.25        0.13  11,813.00
4071  2025-08-25 13:00:00  NAS100 23,565.50 23,568.50 23,485.75 23,504.00   -61.50       -0.26  19,411.00
4072  2025-08-25 17:00:00  NAS100 23,504.00 23,519.50 23,443.25 23,519.25    15.25        0.06  88,748.00
4073  2025-08-25 21:00:00  NAS100 23,519.00 23,616.25 23,505.00 23,578.00    58.75        0.25 165,832.00
4074  2025-08-26 01:00:00  NAS100 23,578.50 23,583.75 23,485.75 23,502.25   -75.75       -0.32  91,235.00
4075  2025-08-26 05:00:00  NAS100 23,505.75 23,520.25 23,371.50 23,425.25   -77.00       -0.33  35,155.00
4076  2025-08-26 09:00:00  NAS100 23,425.25 23,484.25 23,423.00 23,476.50    51.25        0.22  12,137.00
4077  2025-08-26 13:00:00  NAS100 23,476.25 23,483.75 23,415.25 23,473.50    -3.00       -0.01  20,341.00
4078  2025-08-26 17:00:00  NAS100 23,474.50 23,518.50 23,427.00 23,494.75    21.25        0.09  93,768.00
4079  2025-08-26 21:00:00  NAS100 23,494.75 23,556.75 23,479.00 23,502.75     8.00        0.03 170,189.00
4080  2025-08-27 01:00:00  NAS100 23,502.75 23,611.00 23,498.75 23,607.50   104.75        0.45 105,622.00
4081  2025-08-27 05:00:00  NAS100 23,604.00 23,629.00 23,594.00 23,627.25    19.75        0.08  10,739.00
4082  2025-08-27 09:00:00  NAS100 23,627.75 23,628.50 23,591.50 23,601.00   -26.25       -0.11   7,499.00
4083  2025-08-27 13:00:00  NAS100 23,600.75 23,619.25 23,567.50 23,596.50    -4.50       -0.02  15,486.00
4084  2025-08-27 17:00:00  NAS100 23,597.00 23,621.00 23,487.50 23,535.50   -61.00       -0.26  91,353.00
4085  2025-08-27 21:00:00  NAS100 23,534.75 23,630.75 23,526.50 23,621.25    85.75        0.36 172,748.00
4086  2025-08-28 01:00:00  NAS100 23,621.25 23,689.00 23,434.75 23,542.00   -79.25       -0.34 130,978.00
4087  2025-08-28 05:00:00  NAS100 23,542.25 23,552.75 23,487.50 23,547.50     5.50        0.02  17,912.00
4088  2025-08-28 09:00:00  NAS100 23,548.25 23,584.25 23,540.75 23,542.50    -5.00       -0.02  12,162.00
4089  2025-08-28 13:00:00  NAS100 23,543.00 23,662.00 23,539.50 23,615.25    72.75        0.31  24,817.00
4090  2025-08-28 17:00:00  NAS100 23,614.25 23,742.25 23,572.50 23,609.25    -6.00       -0.03 127,078.00
4091  2025-08-28 21:00:00  NAS100 23,609.00 23,773.25 23,593.25 23,766.50   157.25        0.67 210,563.00
4092  2025-08-29 01:00:00  NAS100 23,766.25 23,803.75 23,744.50 23,762.00    -4.50       -0.02  86,929.00
4093  2025-08-29 05:00:00  NAS100 23,760.50 23,762.00 23,729.75 23,733.00   -29.00       -0.12  10,846.00
4094  2025-08-29 09:00:00  NAS100 23,732.75 23,741.00 23,714.25 23,723.75    -9.25       -0.04   7,680.00
4095  2025-08-29 13:00:00  NAS100 23,724.25 23,737.00 23,612.50 23,646.00   -77.75       -0.33  26,906.00
4096  2025-08-29 17:00:00  NAS100 23,646.00 23,681.50 23,507.25 23,518.25  -127.75       -0.54 111,537.00
4097  2025-08-29 21:00:00  NAS100 23,519.75 23,551.25 23,397.50 23,459.50   -58.75       -0.25 254,173.00
4098  2025-08-30 01:00:00  NAS100 23,459.25 23,495.25 23,426.00 23,454.50    -5.00       -0.02 116,816.00
4099  2025-09-01 05:00:00  NAS100 23,479.00 23,552.50 23,464.00 23,517.75    63.25        0.27  15,102.00
4100  2025-09-01 09:00:00  NAS100 23,518.00 23,518.50 23,406.75 23,429.50   -88.25       -0.38  18,349.00
4101  2025-09-01 13:00:00  NAS100 23,429.50 23,502.50 23,370.50 23,484.75    55.25        0.24  21,117.00
4102  2025-09-01 17:00:00  NAS100 23,485.75 23,501.25 23,441.75 23,488.75     4.00        0.02  16,880.00
4103  2025-09-01 21:00:00  NAS100 23,488.25 23,506.75 23,479.00 23,502.25    13.50        0.06  16,232.00
4104  2025-09-02 05:00:00  NAS100 23,502.25 23,509.50 23,428.25 23,438.75   -63.50       -0.27  17,938.00
4105  2025-09-02 09:00:00  NAS100 23,439.00 23,451.00 23,404.75 23,413.00   -25.75       -0.11  14,252.00
4106  2025-09-02 13:00:00  NAS100 23,412.75 23,452.00 23,267.75 23,292.00  -121.00       -0.52  36,681.00
4107  2025-09-02 17:00:00  NAS100 23,292.00 23,311.00 23,025.25 23,233.75   -58.25       -0.25 163,071.00
4108  2025-09-02 21:00:00  NAS100 23,230.00 23,280.00 23,027.00 23,189.25   -44.50       -0.19 270,989.00
4109  2025-09-03 01:00:00  NAS100 23,189.00 23,386.00 23,157.50 23,379.50   190.25        0.82 146,805.00
4110  2025-09-03 05:00:00  NAS100 23,382.00 23,387.75 23,311.25 23,337.00   -42.50       -0.18  20,480.00
4111  2025-09-03 09:00:00  NAS100 23,336.00 23,339.00 23,298.25 23,317.00   -20.00       -0.09  14,111.00
4112  2025-09-03 13:00:00  NAS100 23,316.00 23,444.50 23,309.50 23,438.00   121.00        0.52  28,015.00
4113  2025-09-03 17:00:00  NAS100 23,437.50 23,458.50 23,370.00 23,378.25   -59.75       -0.25 102,066.00
4114  2025-09-03 21:00:00  NAS100 23,384.00 23,525.25 23,346.75 23,364.75   -13.50       -0.06 265,383.00
4115  2025-09-04 01:00:00  NAS100 23,365.25 23,471.75 23,318.25 23,455.75    91.00        0.39 127,342.00
4116  2025-09-04 05:00:00  NAS100 23,456.75 23,515.00 23,431.25 23,498.25    42.50        0.18  16,485.00
4117  2025-09-04 09:00:00  NAS100 23,497.75 23,532.00 23,459.00 23,469.00   -29.25       -0.12  14,197.00
4118  2025-09-04 13:00:00  NAS100 23,467.75 23,518.00 23,451.00 23,515.50    46.50        0.20  18,869.00
4119  2025-09-04 17:00:00  NAS100 23,516.25 23,548.25 23,457.25 23,474.00   -41.50       -0.18  96,792.00
4120  2025-09-04 21:00:00  NAS100 23,477.50 23,608.25 23,410.00 23,583.75   109.75        0.47 223,313.00
4121  2025-09-05 01:00:00  NAS100 23,583.25 23,708.75 23,582.50 23,684.00   100.25        0.43 105,424.00
4122  2025-09-05 05:00:00  NAS100 23,700.00 23,739.75 23,691.75 23,734.75    50.75        0.21  13,354.00
4123  2025-09-05 09:00:00  NAS100 23,735.00 23,771.00 23,716.25 23,760.75    26.00        0.11   8,816.00
4124  2025-09-05 13:00:00  NAS100 23,761.50 23,791.75 23,743.50 23,783.75    23.00        0.10  18,057.00
4125  2025-09-05 17:00:00  NAS100 23,783.75 23,902.00 23,725.50 23,852.50    68.75        0.29 149,993.00
4126  2025-09-05 21:00:00  NAS100 23,853.00 23,853.50 23,505.00 23,613.50  -239.00       -1.00 354,429.00
4127  2025-09-06 01:00:00  NAS100 23,614.25 23,696.25 23,603.25 23,673.25    59.75        0.25 118,105.00
4128  2025-09-08 05:00:00  NAS100 23,673.50 23,791.25 23,650.25 23,767.25    94.00        0.40  24,210.00
4129  2025-09-08 09:00:00  NAS100 23,768.25 23,771.00 23,724.50 23,731.50   -35.75       -0.15  10,838.00
4130  2025-09-08 13:00:00  NAS100 23,730.75 23,786.00 23,730.25 23,780.25    48.75        0.21  14,251.00
4131  2025-09-08 17:00:00  NAS100 23,781.25 23,876.25 23,743.50 23,846.25    66.00        0.28  95,568.00
4132  2025-09-08 21:00:00  NAS100 23,846.25 23,888.00 23,762.75 23,782.25   -64.00       -0.27 205,649.00
4133  2025-09-09 01:00:00  NAS100 23,782.75 23,819.75 23,760.00 23,798.50    16.25        0.07 100,248.00
4134  2025-09-09 05:00:00  NAS100 23,799.00 23,830.25 23,790.75 23,813.75    15.25        0.06  11,153.00
4135  2025-09-09 09:00:00  NAS100 23,814.00 23,848.25 23,814.00 23,834.50    20.75        0.09  11,639.00
4136  2025-09-09 13:00:00  NAS100 23,835.00 23,885.25 23,830.50 23,844.25     9.75        0.04  18,454.00
4137  2025-09-09 17:00:00  NAS100 23,844.50 23,860.25 23,800.00 23,815.00   -29.25       -0.12  84,816.00
4138  2025-09-09 21:00:00  NAS100 23,815.50 23,855.50 23,726.00 23,839.50    24.50        0.10 231,820.00
4139  2025-09-10 01:00:00  NAS100 23,839.50 23,921.25 23,823.50 23,889.75    50.25        0.21 108,351.00
4140  2025-09-10 05:00:00  NAS100 23,898.50 23,911.50 23,874.00 23,903.00    13.25        0.06  14,283.00
4141  2025-09-10 09:00:00  NAS100 23,903.25 23,928.75 23,897.25 23,919.00    16.00        0.07   8,072.00
4142  2025-09-10 13:00:00  NAS100 23,919.50 23,954.00 23,882.25 23,909.25    -9.75       -0.04  22,301.00
4143  2025-09-10 17:00:00  NAS100 23,908.00 24,044.25 23,900.25 23,930.25    21.00        0.09 124,250.00
4144  2025-09-10 21:00:00  NAS100 23,930.75 23,991.00 23,872.50 23,897.25   -33.00       -0.14 213,265.00
4145  2025-09-11 01:00:00  NAS100 23,897.75 23,899.75 23,785.00 23,858.00   -39.25       -0.16 127,907.00
4146  2025-09-11 05:00:00  NAS100 23,853.75 23,916.75 23,852.75 23,907.50    49.50        0.21  12,737.00
4147  2025-09-11 09:00:00  NAS100 23,907.00 23,919.00 23,871.00 23,885.75   -21.75       -0.09   8,930.00
4148  2025-09-11 13:00:00  NAS100 23,885.00 23,942.25 23,878.50 23,920.00    34.25        0.14  13,932.00
4149  2025-09-11 17:00:00  NAS100 23,920.00 23,997.50 23,838.00 23,979.75    59.75        0.25 114,131.00
4150  2025-09-11 21:00:00  NAS100 23,978.75 24,046.00 23,947.00 24,032.25    52.50        0.22 198,379.00
4151  2025-09-12 01:00:00  NAS100 24,032.75 24,044.50 24,003.75 24,006.75   -25.50       -0.11  81,340.00
4152  2025-09-12 05:00:00  NAS100 24,028.25 24,029.25 24,001.00 24,004.50    -2.25       -0.01  12,031.00
4153  2025-09-12 09:00:00  NAS100 24,005.00 24,039.75 23,992.00 24,034.25    29.75        0.12   7,903.00
4154  2025-09-12 13:00:00  NAS100 24,035.00 24,035.75 23,969.00 24,010.50   -23.75       -0.10  17,213.00
4155  2025-09-12 17:00:00  NAS100 24,010.75 24,064.50 24,001.50 24,042.50    32.00        0.13  76,644.00
4156  2025-09-12 21:00:00  NAS100 24,049.00 24,128.25 24,023.25 24,123.75    81.25        0.34 161,145.00
4157  2025-09-13 01:00:00  NAS100 24,123.75 24,159.00 24,087.50 24,115.25    -8.50       -0.04 107,689.00
4158  2025-09-15 05:00:00  NAS100 24,115.25 24,129.50 24,092.00 24,114.00    -1.25       -0.01   8,875.00
4159  2025-09-15 09:00:00  NAS100 24,114.00 24,144.00 24,108.25 24,139.50    25.50        0.11   5,048.00
4160  2025-09-15 13:00:00  NAS100 24,140.25 24,159.50 24,076.00 24,097.00   -42.50       -0.18  14,231.00
4161  2025-09-15 17:00:00  NAS100 24,095.50 24,262.25 24,092.25 24,260.50   163.50        0.68  47,337.00
4162  2025-09-15 21:00:00  NAS100 24,260.50 24,295.00 24,227.75 24,286.75    26.25        0.11  94,855.00
4163  2025-09-16 01:00:00  NAS100 24,286.50 24,315.50 24,245.00 24,296.50     9.75        0.04  48,623.00
4164  2025-09-16 05:00:00  NAS100 24,533.75 24,562.50 24,524.00 24,555.75   259.25        1.07   9,143.00
4165  2025-09-16 09:00:00  NAS100 24,556.50 24,602.00 24,554.00 24,595.00    39.25        0.16   6,521.00
4166  2025-09-16 13:00:00  NAS100 24,595.00 24,647.25 24,581.50 24,625.75    30.75        0.13  15,434.00
4167  2025-09-16 17:00:00  NAS100 24,625.75 24,632.75 24,523.75 24,538.25   -87.50       -0.36  70,430.00
4168  2025-09-16 21:00:00  NAS100 24,538.00 24,561.25 24,499.25 24,534.25    -4.00       -0.02 142,075.00
4169  2025-09-17 01:00:00  NAS100 24,534.25 24,563.00 24,517.00 24,530.25    -4.00       -0.02  77,048.00
4170  2025-09-17 05:00:00  NAS100 24,526.75 24,551.75 24,525.00 24,531.00     0.75        0.00   7,920.00
4171  2025-09-17 09:00:00  NAS100 24,530.50 24,533.00 24,497.50 24,518.00   -13.00       -0.05   7,146.00
4172  2025-09-17 13:00:00  NAS100 24,518.50 24,553.00 24,456.25 24,511.50    -6.50       -0.03  21,237.00
4173  2025-09-17 17:00:00  NAS100 24,511.75 24,540.75 24,460.25 24,477.00   -34.50       -0.14  77,110.00
4174  2025-09-17 21:00:00  NAS100 24,477.50 24,481.00 24,374.75 24,455.50   -21.50       -0.09 160,362.00
4175  2025-09-18 01:00:00  NAS100 24,455.75 24,550.75 24,242.00 24,502.00    46.50        0.19 275,256.00
4176  2025-09-18 05:00:00  NAS100 24,498.50 24,598.00 24,495.25 24,592.75    90.75        0.37  18,218.00
4177  2025-09-18 09:00:00  NAS100 24,592.00 24,653.50 24,586.75 24,615.00    22.25        0.09  15,358.00
4178  2025-09-18 13:00:00  NAS100 24,614.50 24,732.75 24,586.50 24,718.00   103.00        0.42  29,463.00
4179  2025-09-18 17:00:00  NAS100 24,717.75 24,762.75 24,598.75 24,697.00   -21.00       -0.08 123,197.00
4180  2025-09-18 21:00:00  NAS100 24,696.75 24,816.00 24,694.00 24,734.25    37.25        0.15 219,572.00
4181  2025-09-19 01:00:00  NAS100 24,734.50 24,769.00 24,685.00 24,713.75   -20.50       -0.08 112,720.00
4182  2025-09-19 05:00:00  NAS100 24,717.75 24,749.00 24,694.75 24,716.50     2.75        0.01  15,596.00
4183  2025-09-19 09:00:00  NAS100 24,716.75 24,737.50 24,682.00 24,706.50   -10.00       -0.04  14,462.00
4184  2025-09-19 13:00:00  NAS100 24,706.25 24,729.75 24,655.00 24,706.75     0.25        0.00  19,631.00
4185  2025-09-19 17:00:00  NAS100 24,707.75 24,817.50 24,700.25 24,791.00    84.25        0.34 102,056.00
4186  2025-09-19 21:00:00  NAS100 24,790.50 24,835.50 24,708.00 24,815.75    24.75        0.10 213,387.00
4187  2025-09-20 01:00:00  NAS100 24,816.50 24,888.00 24,804.00 24,861.00    45.25        0.18 115,248.00
4188  2025-09-22 05:00:00  NAS100 24,850.00 24,876.00 24,826.75 24,844.50   -16.50       -0.07  18,322.00
4189  2025-09-22 09:00:00  NAS100 24,844.25 24,864.50 24,840.00 24,841.00    -3.50       -0.01   8,802.00
4190  2025-09-22 13:00:00  NAS100 24,841.25 24,847.25 24,748.75 24,784.50   -56.50       -0.23  28,289.00
4191  2025-09-22 17:00:00  NAS100 24,784.25 24,880.50 24,765.75 24,872.25    87.75        0.35  81,331.00
4192  2025-09-22 21:00:00  NAS100 24,872.50 25,000.50 24,855.00 24,988.75   116.50        0.47 213,486.00
4193  2025-09-23 01:00:00  NAS100 24,988.50 25,027.25 24,980.50 24,996.25     7.50        0.03 117,673.00
4194  2025-09-23 05:00:00  NAS100 24,995.00 25,007.75 24,974.00 24,995.00    -1.25       -0.01  13,821.00
4195  2025-09-23 09:00:00  NAS100 24,995.25 25,015.00 24,977.50 24,997.00     2.00        0.01   9,451.00
4196  2025-09-23 13:00:00  NAS100 24,997.00 25,026.00 24,980.00 25,013.50    16.50        0.07  17,232.00
4197  2025-09-23 17:00:00  NAS100 25,014.25 25,016.75 24,932.50 24,940.00   -73.50       -0.29  85,282.00
4198  2025-09-23 21:00:00  NAS100 24,940.50 24,975.25 24,780.50 24,835.75  -104.25       -0.42 282,437.00
4199  2025-09-24 01:00:00  NAS100 24,835.25 24,856.25 24,784.00 24,833.75    -2.00       -0.01 143,104.00
4200  2025-09-24 05:00:00  NAS100 24,839.50 24,863.00 24,810.50 24,823.00   -10.75       -0.04  13,646.00
4201  2025-09-24 09:00:00  NAS100 24,824.00 24,861.25 24,817.25 24,861.00    38.00        0.15   8,505.00
4202  2025-09-24 13:00:00  NAS100 24,860.75 24,910.25 24,846.50 24,905.75    44.75        0.18  20,887.00
4203  2025-09-24 17:00:00  NAS100 24,905.75 24,913.50 24,784.50 24,820.75   -85.00       -0.34  97,336.00
4204  2025-09-24 21:00:00  NAS100 24,821.00 24,841.00 24,627.00 24,709.75  -111.00       -0.45 273,145.00
4205  2025-09-25 01:00:00  NAS100 24,709.50 24,754.75 24,682.75 24,747.50    37.75        0.15 108,136.00
4206  2025-09-25 05:00:00  NAS100 24,746.00 24,793.50 24,740.00 24,784.00    36.50        0.15  11,934.00
4207  2025-09-25 09:00:00  NAS100 24,784.00 24,791.75 24,737.50 24,753.25   -30.75       -0.12  10,001.00
4208  2025-09-25 13:00:00  NAS100 24,752.75 24,764.00 24,689.00 24,706.25   -47.00       -0.19  24,698.00
4209  2025-09-25 17:00:00  NAS100 24,706.25 24,713.75 24,422.50 24,452.75  -253.50       -1.03 169,645.00
4210  2025-09-25 21:00:00  NAS100 24,452.50 24,696.75 24,445.00 24,517.25    64.50        0.26 310,043.00
4211  2025-09-26 01:00:00  NAS100 24,517.50 24,648.25 24,453.50 24,635.50   118.25        0.48 160,809.00
4212  2025-09-26 05:00:00  NAS100 24,642.50 24,665.25 24,593.50 24,597.50   -38.00       -0.15  16,904.00
4213  2025-09-26 09:00:00  NAS100 24,597.50 24,623.00 24,573.75 24,615.50    18.00        0.07  14,329.00
4214  2025-09-26 13:00:00  NAS100 24,616.00 24,672.25 24,569.25 24,616.50     1.00        0.00  30,219.00
4215  2025-09-26 17:00:00  NAS100 24,616.50 24,747.50 24,583.25 24,706.25    89.75        0.36 120,619.00
4216  2025-09-26 21:00:00  NAS100 24,707.50 24,733.25 24,520.00 24,692.00   -14.25       -0.06 272,453.00
4217  2025-09-27 01:00:00  NAS100 24,691.75 24,746.50 24,671.75 24,726.50    34.50        0.14  88,462.00
4218  2025-09-29 05:00:00  NAS100 24,726.50 24,807.00 24,721.75 24,793.75    67.25        0.27  19,497.00
4219  2025-09-29 09:00:00  NAS100 24,793.00 24,837.75 24,786.25 24,825.75    32.00        0.13  10,389.00
4220  2025-09-29 13:00:00  NAS100 24,826.25 24,898.75 24,813.50 24,872.00    46.25        0.19  22,577.00
4221  2025-09-29 17:00:00  NAS100 24,872.00 24,955.50 24,846.50 24,942.00    70.00        0.28  93,960.00
4222  2025-09-29 21:00:00  NAS100 24,942.00 24,975.50 24,800.25 24,844.75   -97.25       -0.39 236,028.00
4223  2025-09-30 01:00:00  NAS100 24,845.00 24,870.00 24,780.50 24,811.25   -33.50       -0.13 118,662.00
4224  2025-09-30 05:00:00  NAS100 24,817.75 24,842.00 24,805.75 24,819.50     8.25        0.03  11,443.00
4225  2025-09-30 09:00:00  NAS100 24,819.50 24,856.75 24,816.25 24,836.25    16.75        0.07   9,014.00
4226  2025-09-30 13:00:00  NAS100 24,836.50 24,855.50 24,754.75 24,794.75   -41.50       -0.17  24,899.00
4227  2025-09-30 17:00:00  NAS100 24,794.25 24,845.00 24,722.25 24,785.50    -9.25       -0.04  86,066.00
4228  2025-09-30 21:00:00  NAS100 24,785.50 24,862.75 24,731.75 24,769.00   -16.50       -0.07 236,043.00
4229  2025-10-01 01:00:00  NAS100 24,768.50 24,913.75 24,762.00 24,838.25    69.25        0.28 135,631.00
4230  2025-10-01 05:00:00  NAS100 24,843.00 24,876.75 24,783.75 24,804.00   -34.25       -0.14  19,240.00
4231  2025-10-01 09:00:00  NAS100 24,804.00 24,805.50 24,758.00 24,761.25   -42.75       -0.17  10,911.00
4232  2025-10-01 13:00:00  NAS100 24,762.00 24,769.50 24,633.25 24,745.75   -15.50       -0.06  35,414.00
4233  2025-10-01 17:00:00  NAS100 24,745.75 24,841.50 24,721.75 24,784.75    39.00        0.16 103,318.00
4234  2025-10-01 21:00:00  NAS100 24,781.25 24,990.00 24,750.00 24,983.50   198.75        0.80 188,732.00
4235  2025-10-02 01:00:00  NAS100 24,983.00 25,036.75 24,972.75 25,009.25    25.75        0.10 108,924.00
4236  2025-10-02 05:00:00  NAS100 25,009.25 25,076.50 25,001.75 25,074.00    64.75        0.26  14,588.00
4237  2025-10-02 09:00:00  NAS100 25,074.00 25,076.25 25,040.00 25,069.25    -4.75       -0.02  10,087.00
4238  2025-10-02 13:00:00  NAS100 25,069.25 25,117.00 25,053.75 25,096.00    26.75        0.11  21,048.00
4239  2025-10-02 17:00:00  NAS100 25,095.00 25,180.00 25,014.00 25,062.75   -33.25       -0.13 106,728.00
4240  2025-10-02 21:00:00  NAS100 25,063.50 25,113.00 24,993.75 25,085.50    22.75        0.09 216,681.00
4241  2025-10-03 01:00:00  NAS100 25,085.50 25,126.50 25,079.25 25,105.00    19.50        0.08  82,533.00
4242  2025-10-03 05:00:00  NAS100 25,101.50 25,162.00 25,073.00 25,160.75    55.75        0.22  13,484.00
4243  2025-10-03 09:00:00  NAS100 25,161.25 25,192.00 25,146.25 25,171.00    10.25        0.04   8,496.00
4244  2025-10-03 13:00:00  NAS100 25,171.50 25,193.75 25,156.00 25,192.75    21.75        0.09  11,783.00
4245  2025-10-03 17:00:00  NAS100 25,192.75 25,196.50 25,100.75 25,105.75   -87.00       -0.35  76,693.00
4246  2025-10-03 21:00:00  NAS100 25,105.75 25,156.00 24,923.25 24,973.50  -132.25       -0.53 249,765.00
4247  2025-10-04 01:00:00  NAS100 24,973.50 25,044.50 24,926.00 24,982.00     8.50        0.03 122,078.00
4248  2025-10-06 05:00:00  NAS100 25,000.00 25,086.75 24,995.00 25,076.00    94.00        0.38  16,148.00
4249  2025-10-06 09:00:00  NAS100 25,076.00 25,109.25 25,068.25 25,088.50    12.50        0.05   8,432.00
4250  2025-10-06 13:00:00  NAS100 25,088.50 25,139.50 25,045.50 25,134.50    46.00        0.18  18,815.00
4251  2025-10-06 17:00:00  NAS100 25,134.50 25,241.50 25,116.75 25,155.50    21.00        0.08 100,540.00
4252  2025-10-06 21:00:00  NAS100 25,156.00 25,231.75 25,108.50 25,227.50    72.00        0.29 170,629.00
4253  2025-10-07 01:00:00  NAS100 25,227.75 25,252.75 25,174.00 25,184.00   -43.50       -0.17  96,052.00
4254  2025-10-07 05:00:00  NAS100 25,184.50 25,197.00 25,122.50 25,146.75   -37.25       -0.15  14,929.00
4255  2025-10-07 09:00:00  NAS100 25,147.75 25,186.25 25,139.00 25,172.00    25.25        0.10   8,774.00
4256  2025-10-07 13:00:00  NAS100 25,171.50 25,192.00 25,127.75 25,189.00    17.00        0.07  18,365.00
4257  2025-10-07 17:00:00  NAS100 25,189.50 25,275.00 25,170.00 25,241.25    52.25        0.21  81,540.00
4258  2025-10-07 21:00:00  NAS100 25,242.00 25,257.50 24,984.75 25,015.50  -225.75       -0.89 313,187.00
4259  2025-10-08 01:00:00  NAS100 25,016.00 25,073.00 24,991.00 25,054.75    39.25        0.16  95,343.00
4260  2025-10-08 05:00:00  NAS100 25,059.75 25,085.00 25,027.50 25,073.50    18.75        0.07  15,780.00
4261  2025-10-08 09:00:00  NAS100 25,073.75 25,094.00 25,058.00 25,058.25   -15.25       -0.06   9,234.00
4262  2025-10-08 13:00:00  NAS100 25,059.25 25,111.50 25,026.25 25,087.50    29.25        0.12  19,509.00
4263  2025-10-08 17:00:00  NAS100 25,087.75 25,183.75 25,042.50 25,174.25    86.75        0.35  88,174.00
4264  2025-10-08 21:00:00  NAS100 25,174.25 25,290.75 25,172.75 25,273.75    99.50        0.40 189,094.00
4265  2025-10-09 01:00:00  NAS100 25,273.25 25,364.75 25,265.25 25,354.00    80.25        0.32 114,542.00
4266  2025-10-09 05:00:00  NAS100 25,351.50 25,394.00 25,320.50 25,331.50   -22.50       -0.09  17,371.00
4267  2025-10-09 09:00:00  NAS100 25,331.25 25,364.75 25,307.00 25,355.25    23.75        0.09  13,456.00
4268  2025-10-09 13:00:00  NAS100 25,356.25 25,367.75 25,294.25 25,321.25   -34.00       -0.13  18,471.00
4269  2025-10-09 17:00:00  NAS100 25,321.25 25,341.25 25,251.50 25,278.75   -42.50       -0.17  88,073.00
4270  2025-10-09 21:00:00  NAS100 25,279.50 25,288.75 25,160.75 25,215.50   -63.25       -0.25 254,586.00
4271  2025-10-10 01:00:00  NAS100 25,215.50 25,299.75 25,182.50 25,287.25    71.75        0.28 101,779.00
4272  2025-10-10 05:00:00  NAS100 25,287.75 25,353.00 25,286.50 25,351.75    64.50        0.26  12,429.00
4273  2025-10-10 09:00:00  NAS100 25,351.25 25,355.25 25,296.50 25,333.50   -18.25       -0.07  10,109.00
4274  2025-10-10 13:00:00  NAS100 25,333.75 25,354.25 25,251.00 25,256.00   -77.50       -0.31  23,840.00
4275  2025-10-10 17:00:00  NAS100 25,255.50 25,388.00 25,254.25 25,355.50    99.50        0.39  91,986.00
4276  2025-10-10 21:00:00  NAS100 25,355.50 25,370.75 24,604.00 24,680.00  -675.50       -2.66 540,271.00
4277  2025-10-11 01:00:00  NAS100 24,680.00 24,718.50 24,158.50 24,188.00  -492.00       -1.99 234,903.00
4278  2025-10-13 05:00:00  NAS100 24,542.00 24,855.50 24,542.00 24,852.25   664.25        2.75  60,890.00
4279  2025-10-13 09:00:00  NAS100 24,852.25 24,855.25 24,763.00 24,836.75   -15.50       -0.06  21,997.00
4280  2025-10-13 13:00:00  NAS100 24,836.25 24,945.75 24,787.00 24,845.75     9.00        0.04  39,229.00
4281  2025-10-13 17:00:00  NAS100 24,846.00 24,892.00 24,724.50 24,888.00    42.25        0.17 158,816.00
4282  2025-10-13 21:00:00  NAS100 24,887.25 24,959.00 24,744.00 24,926.50    38.50        0.15 257,485.00
4283  2025-10-14 01:00:00  NAS100 24,926.25 24,965.00 24,883.00 24,904.50   -22.00       -0.09 111,329.00
4284  2025-10-14 05:00:00  NAS100 24,913.75 25,044.25 24,897.00 25,005.75   101.25        0.41  23,063.00
4285  2025-10-14 09:00:00  NAS100 25,005.25 25,020.50 24,650.50 24,706.75  -299.00       -1.20  45,737.00
4286  2025-10-14 13:00:00  NAS100 24,706.50 24,749.25 24,586.25 24,639.50   -67.25       -0.27  57,417.00
4287  2025-10-14 17:00:00  NAS100 24,638.25 24,665.00 24,421.00 24,576.25   -63.25       -0.26 170,473.00
4288  2025-10-14 21:00:00  NAS100 24,575.00 24,947.50 24,556.75 24,899.50   323.25        1.32 280,226.00
4289  2025-10-15 01:00:00  NAS100 24,900.25 24,927.00 24,685.75 24,756.25  -143.25       -0.58 143,697.00
4290  2025-10-15 05:00:00  NAS100 24,754.00 24,817.75 24,740.50 24,801.25    45.00        0.18  19,494.00
4291  2025-10-15 09:00:00  NAS100 24,801.50 24,920.00 24,788.75 24,885.00    83.75        0.34  19,776.00
4292  2025-10-15 13:00:00  NAS100 24,885.00 24,991.50 24,868.50 24,972.50    87.50        0.35  26,492.00
4293  2025-10-15 17:00:00  NAS100 24,972.00 25,025.50 24,897.00 25,014.00    41.50        0.17 111,457.00
4294  2025-10-15 21:00:00  NAS100 25,013.75 25,115.00 24,663.25 24,903.50  -110.50       -0.44 321,900.00
4295  2025-10-16 01:00:00  NAS100 24,903.75 24,964.25 24,845.00 24,941.25    37.75        0.15 124,465.00
4296  2025-10-16 05:00:00  NAS100 24,937.00 24,992.25 24,874.75 24,937.50    -3.75       -0.02  20,498.00
4297  2025-10-16 09:00:00  NAS100 24,938.75 24,976.00 24,895.50 24,953.75    16.25        0.07  15,848.00
4298  2025-10-16 13:00:00  NAS100 24,954.25 25,057.00 24,953.25 25,041.50    87.75        0.35  31,646.00
4299  2025-10-16 17:00:00  NAS100 25,042.50 25,125.50 25,020.00 25,062.25    20.75        0.08 106,362.00
4300  2025-10-16 21:00:00  NAS100 25,062.25 25,179.50 24,732.00 24,865.50  -196.75       -0.79 375,675.00
4301  2025-10-17 01:00:00  NAS100 24,864.50 24,871.50 24,643.50 24,794.25   -71.25       -0.29 176,800.00
4302  2025-10-17 05:00:00  NAS100 24,793.75 24,858.50 24,720.00 24,758.75   -35.50       -0.14  30,376.00
4303  2025-10-17 09:00:00  NAS100 24,758.50 24,772.75 24,616.25 24,660.50   -98.25       -0.40  24,346.00
4304  2025-10-17 13:00:00  NAS100 24,661.50 24,690.75 24,410.00 24,496.50  -164.00       -0.67  69,148.00
4305  2025-10-17 17:00:00  NAS100 24,497.00 24,889.75 24,483.00 24,822.25   325.75        1.33 175,593.00
4306  2025-10-17 21:00:00  NAS100 24,822.00 24,973.25 24,675.00 24,936.50   114.25        0.46 320,288.00
4307  2025-10-18 01:00:00  NAS100 24,935.25 25,055.75 24,935.00 25,033.50    97.00        0.39 115,419.00
4308  2025-10-20 05:00:00  NAS100 25,065.75 25,099.25 24,955.75 25,046.75    13.25        0.05  28,636.00
4309  2025-10-20 09:00:00  NAS100 25,046.25 25,127.75 25,026.75 25,113.00    66.25        0.26  15,797.00
4310  2025-10-20 13:00:00  NAS100 25,112.25 25,152.50 25,061.75 25,087.00   -26.00       -0.10  23,830.00
4311  2025-10-20 17:00:00  NAS100 25,087.25 25,240.00 25,038.00 25,222.00   135.00        0.54  83,365.00
4312  2025-10-20 21:00:00  NAS100 25,222.50 25,354.50 25,211.75 25,336.75   114.75        0.45 189,955.00
4313  2025-10-21 01:00:00  NAS100 25,336.25 25,353.25 25,289.75 25,326.75   -10.00       -0.04  88,299.00
4314  2025-10-21 05:00:00  NAS100 25,326.75 25,359.25 25,308.00 25,344.50    17.75        0.07  13,681.00
4315  2025-10-21 09:00:00  NAS100 25,344.25 25,368.00 25,275.75 25,297.00   -47.50       -0.19  13,638.00
4316  2025-10-21 13:00:00  NAS100 25,297.75 25,298.00 25,253.00 25,281.50   -15.50       -0.06  19,167.00
4317  2025-10-21 17:00:00  NAS100 25,282.00 25,315.25 25,211.50 25,234.75   -46.75       -0.18  88,332.00
4318  2025-10-21 21:00:00  NAS100 25,235.00 25,348.50 25,203.25 25,313.25    78.50        0.31 214,948.00
4319  2025-10-22 01:00:00  NAS100 25,313.50 25,334.25 25,228.75 25,265.25   -48.00       -0.19  82,585.00
4320  2025-10-22 05:00:00  NAS100 25,283.75 25,285.50 25,214.50 25,266.00     0.75        0.00  15,715.00
4321  2025-10-22 09:00:00  NAS100 25,266.00 25,333.00 25,244.00 25,307.50    41.50        0.16  13,136.00
4322  2025-10-22 13:00:00  NAS100 25,309.00 25,338.25 25,231.50 25,271.50   -36.00       -0.14  21,154.00
4323  2025-10-22 17:00:00  NAS100 25,272.00 25,305.50 25,172.25 25,258.00   -13.50       -0.05  94,359.00
4324  2025-10-22 21:00:00  NAS100 25,258.00 25,280.75 24,804.75 24,874.00  -384.00       -1.52 389,149.00
4325  2025-10-23 01:00:00  NAS100 24,873.75 25,076.50 24,827.00 25,040.00   166.00        0.67 150,300.00
4326  2025-10-23 05:00:00  NAS100 25,012.25 25,105.00 24,951.25 25,099.00    59.00        0.24  23,223.00
4327  2025-10-23 09:00:00  NAS100 25,099.00 25,113.25 25,053.50 25,091.00    -8.00       -0.03  12,857.00
4328  2025-10-23 13:00:00  NAS100 25,091.00 25,128.00 25,025.25 25,059.00   -32.00       -0.13  24,250.00
4329  2025-10-23 17:00:00  NAS100 25,059.50 25,179.75 24,937.00 25,160.50   101.50        0.41 119,601.00
4330  2025-10-23 21:00:00  NAS100 25,160.75 25,283.25 25,084.00 25,278.75   118.25        0.47 252,851.00
4331  2025-10-24 01:00:00  NAS100 25,279.50 25,296.00 25,230.50 25,278.00    -0.75       -0.00  89,086.00
4332  2025-10-24 05:00:00  NAS100 25,283.25 25,321.25 25,276.00 25,318.25    40.25        0.16  12,853.00
4333  2025-10-24 09:00:00  NAS100 25,317.50 25,347.50 25,303.00 25,346.25    28.00        0.11  10,088.00
4334  2025-10-24 13:00:00  NAS100 25,346.75 25,393.50 25,324.00 25,377.00    30.75        0.12  23,033.00
4335  2025-10-24 17:00:00  NAS100 25,377.25 25,535.00 25,344.00 25,506.00   129.00        0.51 116,637.00
4336  2025-10-24 21:00:00  NAS100 25,506.00 25,570.75 25,431.50 25,549.25    43.25        0.17 200,308.00
4337  2025-10-25 01:00:00  NAS100 25,549.00 25,566.75 25,497.50 25,510.25   -39.00       -0.15  95,791.00
4338  2025-10-27 05:00:00  NAS100 25,723.50 25,768.25 25,700.00 25,717.75   207.50        0.81  24,689.00
4339  2025-10-27 09:00:00  NAS100 25,718.25 25,789.75 25,712.50 25,782.50    64.75        0.25  13,886.00
4340  2025-10-27 13:00:00  NAS100 25,783.00 25,839.50 25,768.50 25,839.50    57.00        0.22  23,239.00
4341  2025-10-27 17:00:00  NAS100 25,839.50 25,859.50 25,796.50 25,848.75     9.25        0.04  82,503.00
4342  2025-10-27 21:00:00  NAS100 25,849.00 25,929.00 25,823.00 25,926.50    77.75        0.30 165,999.00
4343  2025-10-28 01:00:00  NAS100 25,926.75 26,013.50 25,919.50 26,003.75    77.25        0.30 110,959.00
4344  2025-10-28 05:00:00  NAS100 26,002.50 26,018.75 25,961.50 25,969.50   -34.25       -0.13  15,034.00
4345  2025-10-28 09:00:00  NAS100 25,968.75 25,989.00 25,946.50 25,961.00    -8.50       -0.03  10,415.00
4346  2025-10-28 13:00:00  NAS100 25,961.50 25,985.50 25,943.00 25,975.75    14.75        0.06  15,450.00
4347  2025-10-28 17:00:00  NAS100 25,975.50 26,094.75 25,967.75 26,065.00    89.25        0.34  90,032.00
4348  2025-10-28 21:00:00  NAS100 26,065.00 26,158.25 26,006.00 26,153.25    88.25        0.34 187,441.00
4349  2025-10-29 01:00:00  NAS100 26,153.50 26,231.50 26,147.25 26,172.50    19.25        0.07 121,647.00
4350  2025-10-29 05:00:00  NAS100 26,179.75 26,222.75 26,164.50 26,215.50    43.00        0.16  15,894.00
4351  2025-10-29 09:00:00  NAS100 26,216.00 26,263.75 26,214.25 26,260.75    45.25        0.17  15,687.00
4352  2025-10-29 13:00:00  NAS100 26,261.25 26,309.75 26,226.50 26,237.75   -23.00       -0.09  25,340.00
4353  2025-10-29 17:00:00  NAS100 26,237.00 26,319.50 26,230.25 26,318.75    81.00        0.31  90,239.00
4354  2025-10-29 21:00:00  NAS100 26,319.00 26,326.50 26,203.25 26,254.00   -64.75       -0.25 182,686.00
4355  2025-10-30 01:00:00  NAS100 26,255.00 26,379.75 26,049.25 26,221.00   -33.00       -0.13 209,311.00
4356  2025-10-30 05:00:00  NAS100 26,154.50 26,318.25 26,150.00 26,298.25    77.25        0.29  26,926.00
4357  2025-10-30 09:00:00  NAS100 26,298.75 26,399.00 26,140.00 26,281.25   -17.00       -0.06  49,288.00
4358  2025-10-30 13:00:00  NAS100 26,280.50 26,291.25 26,190.00 26,206.25   -75.00       -0.29  25,988.00
4359  2025-10-30 17:00:00  NAS100 26,205.50 26,287.00 25,942.25 26,125.00   -81.25       -0.31 145,958.00
4360  2025-10-30 21:00:00  NAS100 26,124.75 26,182.50 25,965.25 26,067.50   -57.50       -0.22 249,522.00
4361  2025-10-31 01:00:00  NAS100 26,067.50 26,149.50 25,853.00 26,149.25    81.75        0.31 156,830.00
4362  2025-10-31 05:00:00  NAS100 26,150.50 26,209.00 26,127.25 26,206.75    57.50        0.22  23,462.00
4363  2025-10-31 09:00:00  NAS100 26,207.50 26,213.50 26,160.25 26,165.25   -41.50       -0.16  12,419.00
4364  2025-10-31 13:00:00  NAS100 26,164.25 26,219.75 26,144.00 26,182.00    16.75        0.06  19,493.00
4365  2025-10-31 17:00:00  NAS100 26,182.25 26,274.00 26,080.25 26,102.25   -79.75       -0.30 107,316.00
4366  2025-10-31 21:00:00  NAS100 26,103.50 26,182.75 25,888.75 25,947.75  -154.50       -0.59 281,917.00
4367  2025-11-01 01:00:00  NAS100 25,948.00 26,118.25 25,944.50 25,983.00    35.25        0.14 143,131.00
4368  2025-11-03 06:00:00  NAS100 26,028.25 26,123.00 26,012.75 26,083.00   100.00        0.38  22,342.00
4369  2025-11-03 10:00:00  NAS100 26,083.00 26,088.00 26,031.75 26,048.00   -35.00       -0.13  12,600.00
4370  2025-11-03 14:00:00  NAS100 26,047.25 26,163.00 26,017.25 26,138.50    90.50        0.35  20,875.00
4371  2025-11-03 18:00:00  NAS100 26,139.00 26,266.00 26,118.75 26,134.25    -4.25       -0.02  98,944.00
4372  2025-11-03 22:00:00  NAS100 26,140.50 26,166.25 26,015.50 26,129.50    -4.75       -0.02 216,072.00
4373  2025-11-04 02:00:00  NAS100 26,129.00 26,180.00 26,066.25 26,109.50   -20.00       -0.08  97,573.00
4374  2025-11-04 06:00:00  NAS100 26,104.50 26,104.50 25,940.25 25,941.75  -167.75       -0.64  23,036.00
4375  2025-11-04 10:00:00  NAS100 25,941.25 25,975.75 25,742.00 25,776.00  -165.75       -0.64  37,202.00
4376  2025-11-04 14:00:00  NAS100 25,775.25 25,801.50 25,645.00 25,758.25   -17.75       -0.07  47,386.00
4377  2025-11-04 18:00:00  NAS100 25,758.75 25,880.75 25,663.00 25,875.25   117.00        0.45 137,322.00
4378  2025-11-04 22:00:00  NAS100 25,874.75 25,893.50 25,601.75 25,669.25  -206.00       -0.80 271,171.00
4379  2025-11-05 02:00:00  NAS100 25,668.00 25,688.25 25,522.75 25,577.00   -92.25       -0.36 143,807.00
4380  2025-11-05 06:00:00  NAS100 25,545.00 25,574.25 25,282.00 25,415.25  -161.75       -0.63  62,342.00
4381  2025-11-05 10:00:00  NAS100 25,416.00 25,554.00 25,415.25 25,529.00   113.75        0.45  39,012.00
4382  2025-11-05 14:00:00  NAS100 25,529.50 25,552.25 25,412.00 25,414.00  -115.00       -0.45  30,720.00
4383  2025-11-05 18:00:00  NAS100 25,413.00 25,696.00 25,404.00 25,696.00   282.00        1.11 121,449.00
4384  2025-11-05 22:00:00  NAS100 25,680.50 25,872.75 25,615.00 25,864.50   168.50        0.66 233,853.00
4385  2025-11-06 02:00:00  NAS100 25,864.25 25,880.00 25,694.50 25,729.00  -135.50       -0.52 122,971.00
4386  2025-11-06 06:00:00  NAS100 25,738.50 25,775.00 25,617.25 25,715.50   -13.50       -0.05  31,843.00
4387  2025-11-06 10:00:00  NAS100 25,714.50 25,742.50 25,672.50 25,682.75   -32.75       -0.13  15,313.00
4388  2025-11-06 14:00:00  NAS100 25,682.25 25,778.25 25,629.50 25,752.00    69.25        0.27  27,300.00
4389  2025-11-06 18:00:00  NAS100 25,752.50 25,822.25 25,510.00 25,513.00  -239.00       -0.93 127,477.00
4390  2025-11-06 22:00:00  NAS100 25,513.25 25,547.00 25,197.75 25,330.25  -182.75       -0.72 384,672.00
4391  2025-11-07 02:00:00  NAS100 25,331.25 25,438.50 25,226.50 25,311.50   -18.75       -0.07 159,569.00
4392  2025-11-07 06:00:00  NAS100 25,314.75 25,349.75 25,201.00 25,267.50   -44.00       -0.17  35,330.00
4393  2025-11-07 10:00:00  NAS100 25,269.25 25,340.75 25,162.00 25,325.50    58.00        0.23  24,562.00
4394  2025-11-07 14:00:00  NAS100 25,326.25 25,354.75 25,185.75 25,219.25  -106.25       -0.42  31,549.00
4395  2025-11-07 18:00:00  NAS100 25,219.25 25,220.25 24,917.75 25,028.00  -191.25       -0.76 154,388.00
4396  2025-11-07 22:00:00  NAS100 25,018.00 25,045.00 24,709.25 24,922.50  -105.50       -0.42 340,806.00
4397  2025-11-08 02:00:00  NAS100 24,922.50 25,228.25 24,900.75 25,226.75   304.25        1.22 166,274.00
4398  2025-11-10 06:00:00  NAS100 25,320.75 25,449.00 25,269.00 25,432.00   205.25        0.81  39,484.00
4399  2025-11-10 10:00:00  NAS100 25,431.75 25,503.50 25,431.25 25,470.50    38.50        0.15  20,819.00
4400  2025-11-10 14:00:00  NAS100 25,469.50 25,569.50 25,457.00 25,529.00    58.50        0.23  25,550.00
4401  2025-11-10 18:00:00  NAS100 25,530.25 25,657.25 25,504.00 25,638.25   109.25        0.43 111,577.00
4402  2025-11-10 22:00:00  NAS100 25,637.25 25,682.50 25,452.00 25,646.75     8.50        0.03 277,820.00
4403  2025-11-11 02:00:00  NAS100 25,647.25 25,760.50 25,642.50 25,720.75    74.00        0.29 134,398.00
4404  2025-11-11 06:00:00  NAS100 25,722.25 25,768.75 25,701.00 25,736.00    15.25        0.06  20,884.00
4405  2025-11-11 10:00:00  NAS100 25,736.00 25,745.75 25,652.00 25,683.75   -52.25       -0.20  18,027.00
4406  2025-11-11 14:00:00  NAS100 25,684.75 25,690.25 25,596.25 25,620.75   -63.00       -0.25  24,719.00
4407  2025-11-11 18:00:00  NAS100 25,621.25 25,647.75 25,560.25 25,627.00     6.25        0.02  95,489.00
4408  2025-11-11 22:00:00  NAS100 25,626.75 25,696.25 25,478.50 25,690.50    63.50        0.25 267,873.00
4409  2025-11-12 02:00:00  NAS100 25,690.50 25,691.25 25,619.75 25,659.00   -31.50       -0.12  97,485.00
4410  2025-11-12 06:00:00  NAS100 25,668.00 25,761.50 25,629.50 25,725.00    66.00        0.26  25,337.00
4411  2025-11-12 10:00:00  NAS100 25,725.50 25,775.50 25,694.25 25,771.00    46.00        0.18  13,648.00
4412  2025-11-12 14:00:00  NAS100 25,772.00 25,830.00 25,764.00 25,797.25    26.25        0.10  23,079.00
4413  2025-11-12 18:00:00  NAS100 25,797.50 25,812.50 25,561.50 25,593.25  -204.00       -0.79 112,596.00
4414  2025-11-12 22:00:00  NAS100 25,593.50 25,660.00 25,488.75 25,612.50    19.25        0.08 302,890.00
4415  2025-11-13 02:00:00  NAS100 25,613.00 25,654.50 25,545.00 25,625.00    12.50        0.05 122,415.00
4416  2025-11-13 06:00:00  NAS100 25,624.00 25,720.00 25,501.50 25,659.00    34.00        0.13  42,179.00
4417  2025-11-13 10:00:00  NAS100 25,659.75 25,721.50 25,633.50 25,711.50    52.50        0.20  14,792.00
4418  2025-11-13 14:00:00  NAS100 25,711.25 25,721.25 25,531.25 25,597.50  -114.00       -0.44  30,318.00
4419  2025-11-13 18:00:00  NAS100 25,597.00 25,627.00 25,280.25 25,381.25  -216.25       -0.84 136,405.00
4420  2025-11-13 22:00:00  NAS100 25,382.00 25,496.75 25,012.75 25,070.50  -310.75       -1.22 362,816.00
4421  2025-11-14 02:00:00  NAS100 25,070.00 25,167.00 25,002.50 25,087.50    17.00        0.07 178,064.00
4422  2025-11-14 06:00:00  NAS100 25,095.25 25,159.75 25,087.75 25,134.25    46.75        0.19  22,320.00
4423  2025-11-14 10:00:00  NAS100 25,134.25 25,144.25 24,973.25 25,069.50   -64.75       -0.26  33,648.00
4424  2025-11-14 14:00:00  NAS100 25,067.50 25,073.75 24,900.25 24,944.75  -124.75       -0.50  46,566.00
4425  2025-11-14 18:00:00  NAS100 24,943.50 24,970.25 24,626.00 24,953.00     8.25        0.03 215,280.00
4426  2025-11-14 22:00:00  NAS100 24,953.00 25,293.25 24,863.25 25,172.75   219.75        0.88 387,577.00
4427  2025-11-15 02:00:00  NAS100 25,172.50 25,251.25 25,071.25 25,147.50   -25.25       -0.10 142,225.00
4428  2025-11-17 06:00:00  NAS100 25,142.25 25,259.25 25,022.00 25,252.75   105.25        0.42  37,560.00
4429  2025-11-17 10:00:00  NAS100 25,251.00 25,286.25 25,229.00 25,238.00   -14.75       -0.06  16,623.00
4430  2025-11-17 14:00:00  NAS100 25,236.25 25,361.25 25,168.75 25,199.00   -39.00       -0.15  33,582.00
4431  2025-11-17 18:00:00  NAS100 25,199.25 25,254.00 24,955.00 25,198.50    -0.50       -0.00 134,664.00
4432  2025-11-17 22:00:00  NAS100 25,199.25 25,216.00 24,886.75 24,895.25  -303.25       -1.20 324,492.00
4433  2025-11-18 02:00:00  NAS100 24,895.50 24,926.25 24,731.75 24,905.50    10.25        0.04 184,620.00
4434  2025-11-18 06:00:00  NAS100 24,905.50 24,959.50 24,830.25 24,840.25   -65.25       -0.26  33,006.00
4435  2025-11-18 10:00:00  NAS100 24,839.75 24,841.00 24,607.00 24,660.25  -180.00       -0.72  45,937.00
4436  2025-11-18 14:00:00  NAS100 24,659.00 24,859.50 24,603.75 24,827.50   167.25        0.68  45,182.00
4437  2025-11-18 18:00:00  NAS100 24,825.25 24,836.75 24,522.00 24,522.50  -305.00       -1.23 166,335.00
4438  2025-11-18 22:00:00  NAS100 24,521.75 24,804.50 24,376.25 24,710.25   187.75        0.77 409,061.00
4439  2025-11-19 02:00:00  NAS100 24,712.00 24,810.25 24,524.25 24,531.25  -179.00       -0.72 160,889.00
4440  2025-11-19 06:00:00  NAS100 24,551.00 24,648.50 24,497.50 24,646.50   115.25        0.47  36,062.00
4441  2025-11-19 10:00:00  NAS100 24,647.00 24,655.50 24,445.00 24,553.25   -93.25       -0.38  26,075.00
4442  2025-11-19 14:00:00  NAS100 24,551.00 24,710.25 24,531.75 24,700.25   147.00        0.60  28,689.00
4443  2025-11-19 18:00:00  NAS100 24,699.50 24,903.75 24,572.50 24,893.75   193.50        0.78 126,888.00
4444  2025-11-19 22:00:00  NAS100 24,894.00 24,988.00 24,507.00 24,686.75  -207.00       -0.83 363,422.00
4445  2025-11-20 02:00:00  NAS100 24,688.25 24,976.25 24,571.00 24,958.75   272.00        1.10 180,473.00
4446  2025-11-20 06:00:00  NAS100 24,966.75 25,170.75 24,955.25 25,168.00   209.25        0.84  37,305.00
4447  2025-11-20 10:00:00  NAS100 25,167.75 25,209.00 25,133.00 25,175.00     7.00        0.03  19,242.00
4448  2025-11-20 14:00:00  NAS100 25,176.00 25,207.00 25,022.25 25,113.50   -61.50       -0.24  32,275.00
4449  2025-11-20 18:00:00  NAS100 25,113.50 25,291.50 25,047.25 25,274.25   160.75        0.64 139,879.00
4450  2025-11-20 22:00:00  NAS100 25,275.00 25,310.00 24,235.50 24,278.75  -995.50       -3.94 553,683.00
4451  2025-11-21 02:00:00  NAS100 24,279.25 24,402.00 24,073.25 24,073.75  -205.00       -0.84 193,147.00
4452  2025-11-21 06:00:00  NAS100 24,110.00 24,235.25 24,018.00 24,172.75    99.00        0.41  45,651.00
4453  2025-11-21 10:00:00  NAS100 24,172.25 24,238.50 24,095.00 24,174.25     1.50        0.01  27,872.00
4454  2025-11-21 14:00:00  NAS100 24,174.25 24,217.00 23,904.50 24,091.25   -83.00       -0.34  64,959.00
4455  2025-11-21 18:00:00  NAS100 24,093.75 24,298.00 23,952.50 24,174.00    82.75        0.34 211,289.00
4456  2025-11-21 22:00:00  NAS100 24,174.00 24,559.50 23,927.25 24,477.25   303.25        1.25 397,571.00
4457  2025-11-22 02:00:00  NAS100 24,477.50 24,596.25 24,285.00 24,349.00  -128.25       -0.52 155,894.00
4458  2025-11-24 06:00:00  NAS100 24,455.75 24,555.25 24,404.00 24,515.25   166.25        0.68  30,383.00
4459  2025-11-24 10:00:00  NAS100 24,516.50 24,522.75 24,431.75 24,475.50   -39.75       -0.16  16,892.00
4460  2025-11-24 14:00:00  NAS100 24,475.00 24,563.25 24,361.75 24,402.50   -73.00       -0.30  38,090.00
4461  2025-11-24 18:00:00  NAS100 24,401.25 24,722.75 24,378.00 24,683.50   281.00        1.15 120,454.00
4462  2025-11-24 22:00:00  NAS100 24,683.00 24,953.75 24,664.00 24,925.50   242.00        0.98 244,582.00
4463  2025-11-25 02:00:00  NAS100 24,925.25 24,993.50 24,893.00 24,962.75    37.25        0.15 143,451.00
4464  2025-11-25 06:00:00  NAS100 24,966.25 24,986.50 24,918.75 24,947.00   -15.75       -0.06  21,111.00
4465  2025-11-25 10:00:00  NAS100 24,947.75 24,959.00 24,894.50 24,901.50   -45.50       -0.18  12,658.00
4466  2025-11-25 14:00:00  NAS100 24,902.25 24,937.75 24,822.00 24,886.25   -15.25       -0.06  27,460.00
4467  2025-11-25 18:00:00  NAS100 24,887.75 24,975.25 24,602.00 24,817.00   -69.25       -0.28 163,074.00
4468  2025-11-25 22:00:00  NAS100 24,819.00 25,060.75 24,655.50 25,023.75   206.75        0.83 277,997.00
4469  2025-11-26 02:00:00  NAS100 25,024.00 25,135.25 24,938.00 25,064.50    40.75        0.16 115,488.00
4470  2025-11-26 06:00:00  NAS100 25,071.25 25,183.75 25,061.25 25,181.75   117.25        0.47  20,182.00
4471  2025-11-26 10:00:00  NAS100 25,182.50 25,221.50 25,160.50 25,211.25    29.50        0.12  12,256.00
4472  2025-11-26 14:00:00  NAS100 25,211.00 25,235.75 25,137.50 25,197.00   -14.25       -0.06  23,155.00
4473  2025-11-26 18:00:00  NAS100 25,196.25 25,280.25 25,118.50 25,167.50   -29.50       -0.12 113,252.00
4474  2025-11-26 22:00:00  NAS100 25,167.00 25,376.00 25,133.75 25,316.50   149.00        0.59 241,940.00
4475  2025-11-27 02:00:00  NAS100 25,316.50 25,360.75 25,293.25 25,314.00    -2.50       -0.01 102,606.00
4476  2025-11-27 06:00:00  NAS100 25,313.00 25,339.25 25,304.00 25,316.25     2.25        0.01   7,940.00
4477  2025-11-27 10:00:00  NAS100 25,316.75 25,337.25 25,298.00 25,302.75   -13.50       -0.05   5,390.00
4478  2025-11-27 14:00:00  NAS100 25,304.00 25,329.00 25,293.25 25,317.75    15.00        0.06   8,745.00
4479  2025-11-27 18:00:00  NAS100 25,316.25 25,325.25 25,287.00 25,296.75   -21.00       -0.08  13,589.00
4480  2025-11-27 22:00:00  NAS100 25,295.75 25,307.25 25,285.75 25,301.75     5.00        0.02  11,102.00
4481  2025-11-28 06:00:00  NAS100 25,302.25 25,368.00 25,301.75 25,347.75    46.00        0.18   7,461.00
4482  2025-11-28 18:00:00  NAS100 25,368.50 25,422.00 25,331.00 25,369.25    21.50        0.08  26,149.00
4483  2025-11-28 22:00:00  NAS100 25,370.50 25,499.75 25,352.25 25,484.50   115.25        0.45 115,921.00
4484  2025-12-01 06:00:00  NAS100 25,482.50 25,546.00 25,266.00 25,282.75  -201.75       -0.79  51,094.00
4485  2025-12-01 10:00:00  NAS100 25,281.25 25,283.75 25,193.25 25,267.75   -15.00       -0.06  23,951.00
4486  2025-12-01 14:00:00  NAS100 25,268.00 25,342.75 25,238.25 25,313.00    45.25        0.18  25,473.00
4487  2025-12-01 18:00:00  NAS100 25,312.50 25,379.50 25,209.25 25,365.50    52.50        0.21 110,660.00
4488  2025-12-01 22:00:00  NAS100 25,365.75 25,495.75 25,267.50 25,486.50   121.00        0.48 224,233.00
4489  2025-12-02 02:00:00  NAS100 25,486.75 25,488.00 25,357.00 25,399.75   -86.75       -0.34 131,854.00
4490  2025-12-02 06:00:00  NAS100 25,411.50 25,445.00 25,378.50 25,424.00    24.25        0.10  18,145.00
4491  2025-12-02 10:00:00  NAS100 25,423.75 25,426.50 25,334.25 25,369.50   -54.50       -0.21  14,788.00
4492  2025-12-02 14:00:00  NAS100 25,370.25 25,499.75 25,324.75 25,490.00   120.50        0.47  21,751.00
4493  2025-12-02 18:00:00  NAS100 25,489.50 25,613.00 25,458.00 25,597.75   107.75        0.42  99,754.00
4494  2025-12-02 22:00:00  NAS100 25,598.50 25,670.00 25,414.50 25,577.00   -20.75       -0.08 304,475.00
4495  2025-12-03 02:00:00  NAS100 25,577.25 25,646.75 25,563.25 25,603.75    26.75        0.10  95,503.00
4496  2025-12-03 06:00:00  NAS100 25,611.00 25,673.75 25,576.00 25,655.25    51.50        0.20  18,926.00
4497  2025-12-03 10:00:00  NAS100 25,654.75 25,678.25 25,637.50 25,657.25     2.00        0.01   9,168.00
4498  2025-12-03 14:00:00  NAS100 25,657.50 25,676.75 25,605.25 25,624.25   -33.00       -0.13  17,918.00
4499  2025-12-03 18:00:00  NAS100 25,624.75 25,677.75 25,421.50 25,494.50  -129.75       -0.51 123,275.00
4500  2025-12-03 22:00:00  NAS100 25,497.50 25,654.75 25,482.25 25,629.00   134.50        0.53 231,787.00
4501  2025-12-04 02:00:00  NAS100 25,628.50 25,685.25 25,625.75 25,645.75    16.75        0.07  84,791.00
4502  2025-12-04 06:00:00  NAS100 25,650.25 25,666.00 25,619.25 25,649.00     3.25        0.01  13,090.00
4503  2025-12-04 10:00:00  NAS100 25,649.25 25,665.75 25,613.25 25,654.25     5.25        0.02   9,081.00
4504  2025-12-04 14:00:00  NAS100 25,655.25 25,692.50 25,603.25 25,644.00   -10.25       -0.04  18,256.00
4505  2025-12-04 18:00:00  NAS100 25,644.75 25,732.50 25,540.25 25,555.50   -88.50       -0.35 104,350.00
4506  2025-12-04 22:00:00  NAS100 25,555.50 25,653.25 25,505.00 25,604.00    48.50        0.19 233,060.00
4507  2025-12-05 02:00:00  NAS100 25,603.75 25,637.75 25,488.75 25,632.50    28.50        0.11 126,573.00
4508  2025-12-05 06:00:00  NAS100 25,629.75 25,713.25 25,608.50 25,689.50    57.00        0.22  14,489.00
4509  2025-12-05 10:00:00  NAS100 25,689.75 25,730.00 25,683.25 25,713.00    23.50        0.09   9,974.00
4510  2025-12-05 14:00:00  NAS100 25,712.00 25,755.75 25,704.00 25,715.75     2.75        0.01  15,909.00
4511  2025-12-05 18:00:00  NAS100 25,716.00 25,803.25 25,579.75 25,791.25    75.50        0.29 102,809.00
4512  2025-12-05 22:00:00  NAS100 25,791.25 25,868.00 25,651.25 25,726.75   -64.50       -0.25 254,487.00
4513  2025-12-06 02:00:00  NAS100 25,727.75 25,743.75 25,677.75 25,735.00     8.25        0.03  90,515.00
4514  2025-12-08 06:00:00  NAS100 25,750.00 25,783.25 25,700.25 25,782.50    47.50        0.18  16,594.00
4515  2025-12-08 10:00:00  NAS100 25,783.00 25,811.50 25,777.00 25,790.50     8.00        0.03   8,483.00
4516  2025-12-08 14:00:00  NAS100 25,789.50 25,821.25 25,762.50 25,793.00     2.50        0.01  16,406.00
4517  2025-12-08 18:00:00  NAS100 25,793.50 25,860.75 25,721.50 25,744.50   -48.50       -0.19  87,499.00
4518  2025-12-08 22:00:00  NAS100 25,744.75 25,778.00 25,564.75 25,592.50  -152.00       -0.59 231,845.00
4519  2025-12-09 02:00:00  NAS100 25,592.75 25,707.50 25,568.00 25,706.75   114.25        0.45 106,213.00
4520  2025-12-09 06:00:00  NAS100 25,713.00 25,729.50 25,675.25 25,692.75   -14.00       -0.05  17,211.00
4521  2025-12-09 10:00:00  NAS100 25,692.25 25,702.25 25,646.75 25,683.25    -9.50       -0.04   9,730.00
4522  2025-12-09 14:00:00  NAS100 25,683.00 25,712.50 25,601.00 25,668.75   -14.50       -0.06  18,444.00
4523  2025-12-09 18:00:00  NAS100 25,668.50 25,681.75 25,560.00 25,629.50   -39.25       -0.15  82,476.00
4524  2025-12-09 22:00:00  NAS100 25,630.50 25,735.75 25,605.50 25,721.75    92.25        0.36 195,227.00
4525  2025-12-10 02:00:00  NAS100 25,721.75 25,724.25 25,674.75 25,676.25   -45.50       -0.18  77,873.00
4526  2025-12-10 06:00:00  NAS100 25,680.00 25,693.75 25,639.25 25,674.25    -2.00       -0.01  13,082.00
4527  2025-12-10 10:00:00  NAS100 25,673.50 25,713.25 25,662.75 25,703.75    29.50        0.11   9,045.00
4528  2025-12-10 14:00:00  NAS100 25,703.25 25,745.75 25,616.00 25,650.25   -53.50       -0.21  19,375.00
4529  2025-12-10 18:00:00  NAS100 25,650.75 25,720.00 25,567.00 25,631.25   -19.00       -0.07  91,980.00
4530  2025-12-10 22:00:00  NAS100 25,630.50 25,682.25 25,528.75 25,616.75   -14.50       -0.06 187,378.00
4531  2025-12-11 02:00:00  NAS100 25,614.50 25,870.75 25,602.50 25,800.50   183.75        0.72 217,249.00
4532  2025-12-11 06:00:00  NAS100 25,769.50 25,796.00 25,523.75 25,549.25  -251.25       -0.97  26,634.00
4533  2025-12-11 10:00:00  NAS100 25,550.00 25,550.25 25,383.00 25,510.00   -39.25       -0.15  33,335.00
4534  2025-12-11 14:00:00  NAS100 25,510.25 25,623.75 25,474.25 25,598.00    88.00        0.34  26,378.00
4535  2025-12-11 18:00:00  NAS100 25,598.00 25,701.00 25,400.50 25,414.50  -183.50       -0.72 136,686.00
4536  2025-12-11 22:00:00  NAS100 25,414.75 25,687.00 25,390.25 25,637.50   223.00        0.88 288,450.00
4537  2025-12-12 02:00:00  NAS100 25,636.75 25,861.50 25,635.25 25,834.75   197.25        0.77 101,220.00
4538  2025-12-12 06:00:00  NAS100 25,701.00 25,733.25 25,640.75 25,694.50  -140.25       -0.54  19,717.00
4539  2025-12-12 10:00:00  NAS100 25,695.00 25,704.25 25,653.75 25,679.75   -14.75       -0.06   9,799.00
4540  2025-12-12 14:00:00  NAS100 25,679.00 25,682.75 25,562.00 25,583.25   -96.50       -0.38  19,703.00
4541  2025-12-12 18:00:00  NAS100 25,584.50 25,632.25 25,501.50 25,558.25   -25.00       -0.10 109,162.00
4542  2025-12-12 22:00:00  NAS100 25,558.25 25,559.00 25,118.00 25,278.25  -280.00       -1.10 391,606.00
4543  2025-12-13 02:00:00  NAS100 25,279.00 25,285.50 25,145.50 25,202.50   -75.75       -0.30 138,047.00
4544  2025-12-15 06:00:00  NAS100 25,223.50 25,284.25 25,132.50 25,262.25    59.75        0.24  16,908.00
4545  2025-12-15 10:00:00  NAS100 25,261.50 25,282.50 25,233.25 25,274.00    11.75        0.05   7,038.00
4546  2025-12-15 14:00:00  NAS100 25,274.25 25,346.00 25,230.25 25,338.75    64.75        0.26   9,869.00
4547  2025-12-15 18:00:00  NAS100 25,337.00 25,410.00 25,213.75 25,223.75  -115.00       -0.45  48,984.00
4548  2025-12-15 22:00:00  NAS100 25,225.75 25,266.75 25,033.25 25,152.50   -71.25       -0.28 117,490.00
4549  2025-12-16 02:00:00  NAS100 25,152.50 25,181.50 25,077.00 25,101.50   -51.00       -0.20  41,693.00
4550  2025-12-16 06:00:00  NAS100 25,345.75 25,373.25 25,112.50 25,149.75    48.25        0.19  25,899.00
4551  2025-12-16 10:00:00  NAS100 25,150.25 25,175.50 25,103.50 25,133.00   -16.75       -0.07  14,944.00
4552  2025-12-16 14:00:00  NAS100 25,133.75 25,274.50 25,073.25 25,247.00   114.00        0.45  21,651.00
4553  2025-12-16 18:00:00  NAS100 25,246.00 25,398.75 25,205.25 25,393.50   146.50        0.58 109,612.00
4554  2025-12-16 22:00:00  NAS100 25,394.50 25,409.00 25,171.75 25,316.25   -77.25       -0.30 256,826.00
4555  2025-12-17 02:00:00  NAS100 25,315.75 25,444.00 25,224.75 25,321.50     5.25        0.02 116,538.00
4556  2025-12-17 06:00:00  NAS100 25,332.00 25,374.00 25,264.50 25,362.75    41.25        0.16  20,611.00
4557  2025-12-17 10:00:00  NAS100 25,360.00 25,417.75 25,291.75 25,395.75    33.00        0.13  14,107.00
4558  2025-12-17 14:00:00  NAS100 25,394.25 25,491.75 25,381.25 25,482.75    87.00        0.34  19,797.00
4559  2025-12-17 18:00:00  NAS100 25,483.50 25,508.50 25,245.50 25,332.75  -150.00       -0.59 124,044.00
4560  2025-12-17 22:00:00  NAS100 25,332.50 25,345.75 24,933.75 24,957.75  -375.00       -1.48 335,207.00
4561  2025-12-18 02:00:00  NAS100 24,956.50 24,995.75 24,887.75 24,951.75    -6.00       -0.02 114,312.00
4562  2025-12-18 06:00:00  NAS100 24,983.50 25,012.25 24,901.25 24,970.25    18.50        0.07  24,001.00
4563  2025-12-18 10:00:00  NAS100 24,969.75 24,994.50 24,902.25 24,983.00    12.75        0.05  14,754.00
4564  2025-12-18 14:00:00  NAS100 24,984.00 25,099.50 24,982.50 25,079.25    96.25        0.39  21,920.00
4565  2025-12-18 18:00:00  NAS100 25,079.00 25,329.50 25,064.75 25,277.50   198.25        0.79 141,835.00
4566  2025-12-18 22:00:00  NAS100 25,277.50 25,412.50 25,174.75 25,338.50    61.00        0.24 308,841.00
4567  2025-12-19 02:00:00  NAS100 25,338.00 25,343.50 25,192.50 25,219.00  -119.50       -0.47 149,659.00
4568  2025-12-19 06:00:00  NAS100 25,240.00 25,286.75 25,209.75 25,251.75    32.75        0.13  21,318.00
4569  2025-12-19 10:00:00  NAS100 25,251.00 25,321.75 25,236.00 25,298.25    46.50        0.18  15,335.00
4570  2025-12-19 14:00:00  NAS100 25,299.00 25,393.50 25,298.50 25,361.00    62.75        0.25  20,500.00
4571  2025-12-19 18:00:00  NAS100 25,360.50 25,573.00 25,273.75 25,560.25   199.25        0.79 128,409.00
4572  2025-12-19 22:00:00  NAS100 25,558.75 25,600.25 25,460.00 25,551.75    -8.50       -0.03 207,005.00
4573  2025-12-20 02:00:00  NAS100 25,551.50 25,599.25 25,549.75 25,597.50    45.75        0.18  93,018.00
4574  2025-12-22 06:00:00  NAS100 25,635.25 25,698.50 25,632.25 25,695.50    98.00        0.38  20,086.00
4575  2025-12-22 10:00:00  NAS100 25,695.75 25,699.25 25,662.25 25,690.00    -5.50       -0.02   8,688.00
4576  2025-12-22 14:00:00  NAS100 25,690.25 25,725.75 25,681.00 25,707.25    17.25        0.07  10,806.00
4577  2025-12-22 18:00:00  NAS100 25,707.75 25,794.75 25,672.25 25,748.00    40.75        0.16  91,060.00
4578  2025-12-22 22:00:00  NAS100 25,747.00 25,754.75 25,628.00 25,689.50   -58.50       -0.23 165,729.00
4579  2025-12-23 02:00:00  NAS100 25,689.75 25,712.25 25,676.25 25,700.25    10.75        0.04  64,845.00
4580  2025-12-23 06:00:00  NAS100 25,701.00 25,738.75 25,695.00 25,723.00    22.75        0.09  11,291.00
4581  2025-12-23 10:00:00  NAS100 25,723.50 25,731.50 25,653.25 25,667.75   -55.25       -0.21   8,744.00
4582  2025-12-23 14:00:00  NAS100 25,667.50 25,728.50 25,658.00 25,706.50    38.75        0.15  10,676.00
4583  2025-12-23 18:00:00  NAS100 25,706.50 25,751.25 25,608.25 25,692.75   -13.75       -0.05  83,974.00
4584  2025-12-23 22:00:00  NAS100 25,692.25 25,780.25 25,628.25 25,774.00    81.25        0.32 150,575.00
4585  2025-12-24 02:00:00  NAS100 25,774.00 25,822.50 25,772.50 25,811.50    37.50        0.15  65,282.00
4586  2025-12-24 06:00:00  NAS100 25,815.75 25,827.00 25,782.75 25,793.25   -18.25       -0.07   9,190.00
4587  2025-12-24 10:00:00  NAS100 25,793.00 25,802.50 25,777.50 25,793.00    -0.25       -0.00   5,308.00
4588  2025-12-24 14:00:00  NAS100 25,792.75 25,807.00 25,783.50 25,792.75    -0.25       -0.00   5,232.00
4589  2025-12-24 18:00:00  NAS100 25,792.75 25,831.75 25,784.00 25,809.75    17.00        0.07  42,479.00
4590  2025-12-24 22:00:00  NAS100 25,809.50 25,892.00 25,803.75 25,864.75    55.00        0.21  97,635.00
4591  2025-12-26 06:00:00  NAS100 25,868.00 25,916.50 25,864.75 25,896.50    31.75        0.12   9,335.00
4592  2025-12-26 10:00:00  NAS100 25,897.00 25,903.00 25,868.00 25,871.75   -24.75       -0.10   4,753.00
4593  2025-12-26 14:00:00  NAS100 25,871.50 25,899.00 25,843.25 25,882.25    10.50        0.04   6,883.00
4594  2025-12-26 18:00:00  NAS100 25,884.25 25,935.25 25,864.50 25,881.00    -1.25       -0.00  49,453.00
4595  2025-12-26 22:00:00  NAS100 25,881.00 25,912.00 25,834.25 25,891.75    10.75        0.04 112,501.00
4596  2025-12-27 02:00:00  NAS100 25,891.75 25,899.00 25,850.75 25,856.00   -35.75       -0.14  52,682.00
4597  2025-12-29 06:00:00  NAS100 25,863.25 25,893.75 25,821.00 25,846.00   -10.00       -0.04  13,653.00
4598  2025-12-29 10:00:00  NAS100 25,844.25 25,868.00 25,811.00 25,816.25   -29.75       -0.12  10,530.00
4599  2025-12-29 14:00:00  NAS100 25,816.25 25,822.75 25,732.00 25,746.00   -70.25       -0.27  16,741.00
4600  2025-12-29 18:00:00  NAS100 25,747.00 25,819.00 25,656.75 25,724.50   -21.50       -0.08  84,852.00
4601  2025-12-29 22:00:00  NAS100 25,723.00 25,772.75 25,648.00 25,694.50   -30.00       -0.12 149,331.00
4602  2025-12-30 02:00:00  NAS100 25,694.00 25,774.25 25,683.50 25,744.50    50.00        0.19  66,745.00
4603  2025-12-30 06:00:00  NAS100 25,740.00 25,747.75 25,696.75 25,710.25   -34.25       -0.13  10,452.00
4604  2025-12-30 10:00:00  NAS100 25,711.50 25,755.00 25,709.50 25,726.50    16.25        0.06   7,563.00
4605  2025-12-30 14:00:00  NAS100 25,725.75 25,752.25 25,684.75 25,727.25     0.75        0.00   9,723.00
4606  2025-12-30 18:00:00  NAS100 25,728.50 25,774.75 25,674.25 25,756.75    29.50        0.11  68,385.00
4607  2025-12-30 22:00:00  NAS100 25,756.00 25,793.75 25,681.50 25,732.50   -24.25       -0.09 136,425.00
4608  2025-12-31 02:00:00  NAS100 25,732.50 25,743.00 25,668.25 25,676.00   -56.50       -0.22  63,880.00
4609  2025-12-31 06:00:00  NAS100 25,683.25 25,689.50 25,588.00 25,626.25   -49.75       -0.19  16,579.00
4610  2025-12-31 10:00:00  NAS100 25,626.25 25,633.75 25,579.25 25,596.00   -30.25       -0.12   7,627.00
4611  2025-12-31 14:00:00  NAS100 25,595.50 25,609.75 25,552.50 25,584.50   -11.50       -0.04  13,098.00
4612  2025-12-31 18:00:00  NAS100 25,585.00 25,716.75 25,581.50 25,605.50    21.00        0.08  67,002.00
4613  2025-12-31 22:00:00  NAS100 25,606.25 25,629.50 25,542.50 25,614.25     8.75        0.03 112,131.00
4614  2026-01-01 02:00:00  NAS100 25,614.50 25,634.50 25,429.00 25,434.75  -179.50       -0.70 102,843.00
4615  2026-01-02 06:00:00  NAS100 25,478.50 25,607.50 25,448.50 25,603.75   169.00        0.66  17,708.00
4616  2026-01-02 10:00:00  NAS100 25,603.25 25,650.00 25,596.00 25,636.50    32.75        0.13  12,433.00
4617  2026-01-02 14:00:00  NAS100 25,636.25 25,740.50 25,624.75 25,730.75    94.25        0.37  21,587.00
4618  2026-01-02 18:00:00  NAS100 25,730.25 25,803.75 25,638.25 25,733.00     2.25        0.01  95,118.00
4619  2026-01-02 22:00:00  NAS100 25,733.75 25,780.00 25,265.25 25,295.00  -438.00       -1.70 286,548.00
4620  2026-01-03 02:00:00  NAS100 25,294.50 25,457.00 25,288.50 25,394.50    99.50        0.39 105,140.00
4621  2026-01-05 06:00:00  NAS100 25,431.75 25,487.50 25,406.50 25,474.00    79.50        0.31  26,426.00
4622  2026-01-05 10:00:00  NAS100 25,474.25 25,507.25 25,457.50 25,506.25    32.25        0.13  10,568.00
4623  2026-01-05 14:00:00  NAS100 25,506.25 25,559.00 25,455.00 25,553.75    47.50        0.19  19,466.00
4624  2026-01-05 18:00:00  NAS100 25,554.25 25,672.50 25,520.25 25,599.75    46.00        0.18 119,465.00
4625  2026-01-05 22:00:00  NAS100 25,593.25 25,708.00 25,557.00 25,612.75    13.00        0.05 195,071.00
4626  2026-01-06 02:00:00  NAS100 25,612.75 25,618.75 25,549.50 25,578.25   -34.50       -0.13  82,965.00
4627  2026-01-06 06:00:00  NAS100 25,583.00 25,625.50 25,552.25 25,623.50    45.25        0.18  14,671.00
4628  2026-01-06 10:00:00  NAS100 25,623.75 25,674.25 25,616.00 25,668.25    44.75        0.17   9,469.00
4629  2026-01-06 14:00:00  NAS100 25,669.50 25,670.00 25,527.50 25,592.00   -76.25       -0.30  21,138.00
4630  2026-01-06 18:00:00  NAS100 25,593.50 25,761.25 25,590.25 25,753.00   161.00        0.63 101,676.00
4631  2026-01-06 22:00:00  NAS100 25,753.00 25,805.75 25,639.25 25,804.75    51.75        0.20 215,264.00
4632  2026-01-07 02:00:00  NAS100 25,805.00 25,837.75 25,794.00 25,831.25    26.50        0.10  76,929.00
4633  2026-01-07 06:00:00  NAS100 25,831.25 25,844.75 25,801.75 25,806.25   -25.00       -0.10  14,894.00
4634  2026-01-07 10:00:00  NAS100 25,807.25 25,822.00 25,768.25 25,769.25   -37.00       -0.14  10,940.00
4635  2026-01-07 14:00:00  NAS100 25,768.75 25,788.00 25,727.00 25,739.50   -29.75       -0.12  16,533.00
4636  2026-01-07 18:00:00  NAS100 25,740.25 25,880.00 25,732.00 25,855.00   115.50        0.45  86,723.00
4637  2026-01-07 22:00:00  NAS100 25,857.25 25,996.25 25,810.75 25,955.50   100.50        0.39 221,232.00
4638  2026-01-08 02:00:00  NAS100 25,956.00 25,956.25 25,814.50 25,835.75  -119.75       -0.46 120,408.00
4639  2026-01-08 06:00:00  NAS100 25,838.75 25,849.75 25,774.00 25,786.25   -49.50       -0.19  15,436.00
4640  2026-01-08 10:00:00  NAS100 25,786.50 25,795.25 25,670.00 25,705.75   -80.50       -0.31  16,493.00
4641  2026-01-08 14:00:00  NAS100 25,705.75 25,805.25 25,680.50 25,772.25    66.50        0.26  24,032.00
4642  2026-01-08 18:00:00  NAS100 25,772.75 25,818.00 25,597.25 25,603.25  -169.00       -0.66 120,867.00
4643  2026-01-08 22:00:00  NAS100 25,603.75 25,713.50 25,569.00 25,631.75    28.50        0.11 231,789.00
4644  2026-01-09 02:00:00  NAS100 25,631.25 25,741.75 25,595.00 25,712.00    80.25        0.31  92,765.00
4645  2026-01-09 06:00:00  NAS100 25,725.00 25,727.25 25,627.50 25,684.00   -28.00       -0.11  16,770.00
4646  2026-01-09 10:00:00  NAS100 25,682.75 25,702.50 25,657.00 25,689.75     5.75        0.02   8,531.00
4647  2026-01-09 14:00:00  NAS100 25,691.50 25,738.00 25,652.25 25,727.75    38.00        0.15  15,464.00
4648  2026-01-09 18:00:00  NAS100 25,729.00 25,824.75 25,648.50 25,734.75     7.00        0.03 121,181.00
4649  2026-01-09 22:00:00  NAS100 25,734.00 25,967.75 25,615.50 25,961.25   226.50        0.88 259,409.00
4650  2026-01-10 02:00:00  NAS100 25,961.25 25,985.50 25,923.25 25,931.75   -29.50       -0.11  80,873.00
4651  2026-01-12 06:00:00  NAS100 25,949.00 25,960.00 25,723.25 25,748.00  -183.75       -0.71  40,518.00
4652  2026-01-12 10:00:00  NAS100 25,748.25 25,753.25 25,676.25 25,716.75   -31.25       -0.12  18,373.00
4653  2026-01-12 14:00:00  NAS100 25,718.00 25,750.00 25,632.75 25,707.25    -9.50       -0.04  30,326.00
4654  2026-01-12 18:00:00  NAS100 25,707.50 25,924.00 25,705.25 25,901.00   193.75        0.75 106,670.00
4655  2026-01-12 22:00:00  NAS100 25,901.25 25,997.50 25,863.75 25,978.50    77.50        0.30 169,880.00
4656  2026-01-13 02:00:00  NAS100 25,978.50 26,020.50 25,932.75 25,942.25   -36.25       -0.14  83,541.00
4657  2026-01-13 06:00:00  NAS100 25,953.50 25,954.00 25,845.75 25,878.25   -64.00       -0.25  20,824.00
4658  2026-01-13 10:00:00  NAS100 25,877.75 25,932.75 25,861.50 25,917.00    38.75        0.15  11,159.00
4659  2026-01-13 14:00:00  NAS100 25,916.25 25,936.75 25,871.75 25,878.00   -39.00       -0.15  15,154.00
4660  2026-01-13 18:00:00  NAS100 25,878.50 26,045.50 25,870.50 25,948.75    70.75        0.27 123,463.00
4661  2026-01-13 22:00:00  NAS100 25,947.25 26,025.75 25,809.25 25,839.75  -109.00       -0.42 276,727.00
4662  2026-01-14 02:00:00  NAS100 25,840.25 25,926.50 25,803.25 25,898.25    58.50        0.23 107,505.00
4663  2026-01-14 06:00:00  NAS100 25,900.75 25,924.75 25,876.00 25,894.00    -4.25       -0.02  11,939.00
4664  2026-01-14 10:00:00  NAS100 25,893.00 25,925.75 25,835.50 25,859.50   -34.50       -0.13  11,551.00
4665  2026-01-14 14:00:00  NAS100 25,861.25 25,879.00 25,712.25 25,737.50  -122.00       -0.47  22,370.00
4666  2026-01-14 18:00:00  NAS100 25,737.75 25,805.50 25,582.00 25,585.00  -152.50       -0.59 132,812.00
4667  2026-01-14 22:00:00  NAS100 25,586.25 25,693.50 25,420.75 25,515.00   -70.00       -0.27 306,077.00
4668  2026-01-15 02:00:00  NAS100 25,515.25 25,659.00 25,460.50 25,612.00    97.00        0.38 149,883.00
4669  2026-01-15 06:00:00  NAS100 25,593.00 25,643.00 25,562.50 25,609.00    -3.00       -0.01  20,488.00
4670  2026-01-15 10:00:00  NAS100 25,609.75 25,723.00 25,569.50 25,700.75    91.75        0.36  24,078.00
4671  2026-01-15 14:00:00  NAS100 25,700.50 25,832.75 25,673.75 25,817.00   116.25        0.45  31,132.00
4672  2026-01-15 18:00:00  NAS100 25,817.75 25,952.75 25,811.25 25,864.00    47.00        0.18 132,060.00
4673  2026-01-15 22:00:00  NAS100 25,863.50 25,938.00 25,803.25 25,886.00    22.00        0.09 216,743.00
4674  2026-01-16 02:00:00  NAS100 25,885.00 25,885.00 25,676.50 25,707.00  -179.00       -0.69 158,823.00
4675  2026-01-16 06:00:00  NAS100 25,720.50 25,797.00 25,704.25 25,787.25    80.25        0.31  15,045.00
4676  2026-01-16 10:00:00  NAS100 25,787.75 25,827.00 25,784.00 25,823.00    35.75        0.14   8,620.00
4677  2026-01-16 14:00:00  NAS100 25,823.75 25,864.25 25,795.50 25,855.00    32.00        0.12  16,886.00
4678  2026-01-16 18:00:00  NAS100 25,855.50 25,891.00 25,726.25 25,728.50  -126.50       -0.49 104,285.00
4679  2026-01-16 22:00:00  NAS100 25,729.00 25,765.50 25,591.50 25,716.50   -12.00       -0.05 228,814.00
4680  2026-01-17 02:00:00  NAS100 25,716.25 25,748.00 25,671.00 25,681.25   -35.25       -0.14 108,622.00
4681  2026-01-19 06:00:00  NAS100 25,471.00 25,472.00 25,373.25 25,417.50  -263.75       -1.03  31,970.00
4682  2026-01-19 10:00:00  NAS100 25,415.75 25,419.00 25,363.00 25,384.75   -32.75       -0.13  12,812.00
4683  2026-01-19 14:00:00  NAS100 25,384.75 25,410.75 25,257.75 25,270.00  -114.75       -0.45  31,736.00
4684  2026-01-19 18:00:00  NAS100 25,269.00 25,348.50 25,236.50 25,316.00    46.00        0.18  40,272.00
4685  2026-01-19 22:00:00  NAS100 25,316.00 25,417.25 25,287.00 25,398.25    82.25        0.32  51,460.00
4686  2026-01-20 06:00:00  NAS100 25,394.75 25,439.75 25,323.75 25,424.50    26.25        0.10  24,607.00
4687  2026-01-20 10:00:00  NAS100 25,424.75 25,431.50 25,260.00 25,310.50  -114.00       -0.45  22,199.00
4688  2026-01-20 14:00:00  NAS100 25,311.00 25,320.50 25,095.25 25,176.00  -134.50       -0.53  53,381.00
4689  2026-01-20 18:00:00  NAS100 25,174.75 25,368.50 25,172.75 25,324.75   148.75        0.59 156,447.00
4690  2026-01-20 22:00:00  NAS100 25,322.00 25,429.75 25,170.50 25,199.25  -125.50       -0.50 274,171.00
4691  2026-01-21 02:00:00  NAS100 25,199.00 25,225.00 25,098.00 25,142.75   -56.50       -0.22 152,204.00
4692  2026-01-21 06:00:00  NAS100 25,149.50 25,218.75 25,103.50 25,179.00    36.25        0.14  23,675.00
4693  2026-01-21 10:00:00  NAS100 25,179.75 25,231.50 25,178.75 25,196.25    17.25        0.07  19,522.00
4694  2026-01-21 14:00:00  NAS100 25,196.25 25,246.50 25,121.75 25,153.25   -43.00       -0.17  27,629.00
4695  2026-01-21 18:00:00  NAS100 25,153.00 25,339.25 25,025.00 25,324.75   171.50        0.68 164,317.00
4696  2026-01-21 22:00:00  NAS100 25,323.50 25,494.25 25,142.00 25,283.25   -41.50       -0.16 349,753.00
4697  2026-01-22 02:00:00  NAS100 25,282.25 25,653.50 25,232.75 25,509.50   226.25        0.89 209,778.00
4698  2026-01-22 06:00:00  NAS100 25,529.50 25,602.50 25,523.25 25,568.00    58.50        0.23  19,389.00
4699  2026-01-22 10:00:00  NAS100 25,568.25 25,595.00 25,483.75 25,539.75   -28.25       -0.11  15,635.00
4700  2026-01-22 14:00:00  NAS100 25,539.25 25,715.75 25,499.00 25,688.25   148.50        0.58  31,770.00
4701  2026-01-22 18:00:00  NAS100 25,688.75 25,739.75 25,554.25 25,578.00  -110.25       -0.43 122,377.00
4702  2026-01-22 22:00:00  NAS100 25,582.00 25,723.50 25,536.75 25,673.50    95.50        0.37 215,368.00
4703  2026-01-23 02:00:00  NAS100 25,673.50 25,715.25 25,584.75 25,630.00   -43.50       -0.17 122,118.00
4704  2026-01-23 06:00:00  NAS100 25,605.00 25,689.50 25,575.50 25,668.75    38.75        0.15  17,422.00
4705  2026-01-23 10:00:00  NAS100 25,668.25 25,731.50 25,667.75 25,704.75    36.00        0.14  10,845.00
4706  2026-01-23 14:00:00  NAS100 25,705.75 25,724.75 25,540.25 25,574.25  -130.50       -0.51  28,910.00
4707  2026-01-23 18:00:00  NAS100 25,574.75 25,668.00 25,556.75 25,663.75    89.50        0.35 102,938.00
4708  2026-01-23 22:00:00  NAS100 25,668.00 25,845.75 25,661.50 25,725.50    61.75        0.24 239,886.00
4709  2026-01-24 02:00:00  NAS100 25,726.25 25,774.75 25,672.25 25,680.50   -45.00       -0.17  99,582.00
4710  2026-01-26 06:00:00  NAS100 25,585.50 25,668.75 25,365.25 25,609.25   -71.25       -0.28  38,367.00
4711  2026-01-26 10:00:00  NAS100 25,611.00 25,702.00 25,610.50 25,668.00    58.75        0.23  20,213.00
4712  2026-01-26 14:00:00  NAS100 25,669.50 25,742.00 25,582.00 25,651.25   -16.75       -0.07  24,666.00
4713  2026-01-26 18:00:00  NAS100 25,651.50 25,853.50 25,641.75 25,837.25   186.00        0.73  86,141.00
4714  2026-01-26 22:00:00  NAS100 25,837.00 25,936.50 25,803.00 25,898.75    61.50        0.24 183,916.00
4715  2026-01-27 02:00:00  NAS100 25,898.25 25,913.75 25,834.00 25,861.25   -37.50       -0.14  89,002.00
4716  2026-01-27 06:00:00  NAS100 25,861.25 25,975.00 25,838.50 25,971.25   110.00        0.43  16,253.00
4717  2026-01-27 10:00:00  NAS100 25,970.50 26,028.25 25,962.50 26,001.25    30.00        0.12  13,710.00
4718  2026-01-27 14:00:00  NAS100 26,002.50 26,020.50 25,967.00 26,005.75     4.50        0.02  19,214.00
4719  2026-01-27 18:00:00  NAS100 26,005.50 26,058.00 25,917.25 26,053.25    47.50        0.18 103,905.00
4720  2026-01-27 22:00:00  NAS100 26,052.50 26,106.75 26,021.50 26,090.25    37.00        0.14 180,359.00
4721  2026-01-28 02:00:00  NAS100 26,090.00 26,118.00 26,058.75 26,110.00    19.75        0.08  86,803.00
4722  2026-01-28 06:00:00  NAS100 26,111.25 26,228.25 26,111.25 26,214.00   104.00        0.40  20,311.00
4723  2026-01-28 10:00:00  NAS100 26,213.75 26,349.00 26,192.50 26,302.75    88.75        0.34  22,012.00
4724  2026-01-28 14:00:00  NAS100 26,301.75 26,331.50 26,252.50 26,316.75    14.00        0.05  26,414.00
4725  2026-01-28 18:00:00  NAS100 26,317.25 26,326.75 26,213.75 26,253.50   -63.25       -0.24  99,280.00
4726  2026-01-28 22:00:00  NAS100 26,253.00 26,265.50 26,100.75 26,171.50   -82.00       -0.31 183,491.00
4727  2026-01-29 02:00:00  NAS100 26,171.00 26,287.75 25,993.25 26,268.25    96.75        0.37 154,915.00
4728  2026-01-29 06:00:00  NAS100 26,282.50 26,296.00 26,085.50 26,162.50  -105.75       -0.40  37,430.00
4729  2026-01-29 10:00:00  NAS100 26,163.00 26,268.50 26,162.00 26,246.75    84.25        0.32  12,785.00
4730  2026-01-29 14:00:00  NAS100 26,246.50 26,280.50 26,187.00 26,191.75   -55.00       -0.21  21,965.00
4731  2026-01-29 18:00:00  NAS100 26,191.75 26,221.75 25,858.00 25,864.50  -327.25       -1.25 133,913.00
4732  2026-01-29 22:00:00  NAS100 25,864.50 25,891.50 25,536.00 25,836.75   -27.75       -0.11 358,053.00
4733  2026-01-30 02:00:00  NAS100 25,836.25 26,050.00 25,820.00 25,982.50   145.75        0.56 123,546.00
4734  2026-01-30 06:00:00  NAS100 25,998.50 26,020.00 25,736.00 25,843.00  -139.50       -0.54  44,006.00
4735  2026-01-30 10:00:00  NAS100 25,843.75 25,896.00 25,737.00 25,751.50   -91.50       -0.35  22,961.00
4736  2026-01-30 14:00:00  NAS100 25,750.75 25,804.00 25,649.75 25,764.75    13.25        0.05  39,284.00
4737  2026-01-30 18:00:00  NAS100 25,765.25 25,940.00 25,752.50 25,827.00    62.25        0.24 119,245.00
4738  2026-01-30 22:00:00  NAS100 25,826.50 25,934.00 25,568.75 25,741.25   -85.75       -0.33 306,746.00
4739  2026-01-31 02:00:00  NAS100 25,741.25 25,781.50 25,571.25 25,639.25  -102.00       -0.40 168,637.00
4740  2026-02-02 06:00:00  NAS100 25,530.00 25,645.75 25,357.25 25,367.75  -271.50       -1.06  65,381.00
4741  2026-02-02 10:00:00  NAS100 25,366.75 25,386.75 25,180.25 25,232.00  -135.75       -0.54  53,862.00
4742  2026-02-02 14:00:00  NAS100 25,233.00 25,473.50 25,233.00 25,406.50   174.50        0.69  41,794.00
4743  2026-02-02 18:00:00  NAS100 25,407.75 25,799.50 25,401.00 25,749.25   342.75        1.35 124,759.00
4744  2026-02-02 22:00:00  NAS100 25,746.75 25,949.50 25,733.00 25,941.75   192.50        0.75 181,247.00
4745  2026-02-03 02:00:00  NAS100 25,941.75 25,945.00 25,821.75 25,873.25   -68.50       -0.26 102,995.00
4746  2026-02-03 06:00:00  NAS100 25,876.50 25,990.75 25,866.50 25,928.75    55.50        0.21  22,783.00
4747  2026-02-03 10:00:00  NAS100 25,926.50 26,007.25 25,913.00 25,992.25    63.50        0.24  12,727.00
4748  2026-02-03 14:00:00  NAS100 25,991.25 26,027.75 25,944.75 25,955.75   -36.50       -0.14  18,771.00
4749  2026-02-03 18:00:00  NAS100 25,955.75 26,003.50 25,623.25 25,633.00  -322.75       -1.24 118,043.00
4750  2026-02-03 22:00:00  NAS100 25,632.75 25,646.75 25,245.50 25,245.50  -387.50       -1.51 344,047.00
4751  2026-02-04 02:00:00  NAS100 25,245.50 25,477.00 25,219.00 25,421.25   175.75        0.70 169,234.00
4752  2026-02-04 06:00:00  NAS100 25,387.50 25,473.75 25,362.00 25,412.25    -9.00       -0.04  24,715.00
4753  2026-02-04 10:00:00  NAS100 25,412.75 25,489.75 25,402.25 25,471.50    59.25        0.23  13,322.00
4754  2026-02-04 14:00:00  NAS100 25,470.75 25,514.25 25,354.50 25,449.50   -22.00       -0.09  30,827.00
4755  2026-02-04 18:00:00  NAS100 25,450.75 25,490.50 25,186.00 25,194.25  -255.25       -1.00 124,971.00
4756  2026-02-04 22:00:00  NAS100 25,194.25 25,305.00 24,783.50 24,925.00  -269.25       -1.07 368,841.00
4757  2026-02-05 02:00:00  NAS100 24,923.50 25,181.25 24,863.75 25,116.25   191.25        0.77 170,132.00
4758  2026-02-05 06:00:00  NAS100 25,061.75 25,169.00 24,959.25 24,961.75  -154.50       -0.62  32,714.00
4759  2026-02-05 10:00:00  NAS100 24,962.00 25,077.25 24,915.75 25,073.00   111.25        0.45  26,055.00
4760  2026-02-05 14:00:00  NAS100 25,072.50 25,123.75 24,978.75 25,033.75   -39.25       -0.16  33,891.00
4761  2026-02-05 18:00:00  NAS100 25,033.75 25,065.00 24,652.00 24,769.25  -264.50       -1.06 180,934.00
4762  2026-02-05 22:00:00  NAS100 24,769.00 24,887.50 24,543.25 24,700.25   -69.00       -0.28 322,689.00
4763  2026-02-06 02:00:00  NAS100 24,700.25 24,839.25 24,407.25 24,425.25  -275.00       -1.11 165,830.00
4764  2026-02-06 06:00:00  NAS100 24,416.00 24,579.50 24,239.75 24,534.25   109.00        0.45  58,917.00
4765  2026-02-06 10:00:00  NAS100 24,534.25 24,613.75 24,425.25 24,547.75    13.50        0.06  23,687.00
4766  2026-02-06 14:00:00  NAS100 24,546.75 24,798.50 24,490.75 24,794.75   247.00        1.01  44,587.00
4767  2026-02-06 18:00:00  NAS100 24,793.00 24,984.00 24,700.75 24,850.75    56.00        0.23 149,589.00
4768  2026-02-06 22:00:00  NAS100 24,856.75 25,124.00 24,743.25 25,084.50   233.75        0.94 258,830.00
4769  2026-02-07 02:00:00  NAS100 25,084.25 25,222.00 25,052.75 25,107.75    23.25        0.09 103,344.00
4770  2026-02-09 06:00:00  NAS100 25,153.75 25,346.50 25,153.75 25,227.75   120.00        0.48  32,145.00
4771  2026-02-09 10:00:00  NAS100 25,228.00 25,242.00 25,156.50 25,166.75   -61.00       -0.24  18,481.00
4772  2026-02-09 14:00:00  NAS100 25,167.00 25,215.25 24,968.50 25,044.00  -122.75       -0.49  35,595.00
4773  2026-02-09 18:00:00  NAS100 25,045.75 25,188.50 24,955.50 25,113.25    69.25        0.28 116,512.00
4774  2026-02-09 22:00:00  NAS100 25,112.25 25,416.50 25,102.75 25,369.50   256.25        1.02 192,950.00
4775  2026-02-10 02:00:00  NAS100 25,370.00 25,428.75 25,332.25 25,361.50    -8.00       -0.03  87,081.00
4776  2026-02-10 06:00:00  NAS100 25,363.00 25,395.50 25,287.25 25,306.25   -55.25       -0.22  24,392.00
4777  2026-02-10 10:00:00  NAS100 25,307.00 25,358.25 25,278.50 25,313.25     7.00        0.03  14,432.00
4778  2026-02-10 14:00:00  NAS100 25,314.25 25,407.50 25,307.00 25,355.25    42.00        0.17  21,602.00
4779  2026-02-10 18:00:00  NAS100 25,355.00 25,421.50 25,255.75 25,392.25    37.00        0.15 105,223.00
4780  2026-02-10 22:00:00  NAS100 25,392.50 25,447.25 25,270.75 25,312.50   -79.75       -0.31 206,050.00
4781  2026-02-11 02:00:00  NAS100 25,312.50 25,323.25 25,198.25 25,257.25   -55.25       -0.22  93,416.00
4782  2026-02-11 06:00:00  NAS100 25,259.00 25,330.00 25,252.75 25,322.25    65.00        0.26  13,197.00
4783  2026-02-11 10:00:00  NAS100 25,322.25 25,345.50 25,267.50 25,270.75   -51.50       -0.20  11,957.00
4784  2026-02-11 14:00:00  NAS100 25,270.25 25,290.00 25,146.25 25,207.50   -63.25       -0.25  24,508.00
4785  2026-02-11 18:00:00  NAS100 25,207.50 25,465.25 25,205.75 25,305.25    97.75        0.39 126,048.00
4786  2026-02-11 22:00:00  NAS100 25,306.50 25,343.25 25,058.25 25,301.25    -4.00       -0.02 261,210.00
4787  2026-02-12 02:00:00  NAS100 25,302.00 25,360.50 25,257.75 25,278.75   -22.50       -0.09  87,615.00
4788  2026-02-12 06:00:00  NAS100 25,289.00 25,314.75 25,206.00 25,293.50    14.75        0.06  19,252.00
4789  2026-02-12 10:00:00  NAS100 25,292.50 25,344.75 25,282.00 25,319.75    26.25        0.10  11,700.00
4790  2026-02-12 14:00:00  NAS100 25,319.25 25,374.00 25,313.00 25,349.75    30.00        0.12  16,166.00
4791  2026-02-12 18:00:00  NAS100 25,349.75 25,419.75 25,186.25 25,208.25  -141.50       -0.56 101,234.00
4792  2026-02-12 22:00:00  NAS100 25,208.25 25,260.25 24,800.25 24,905.50  -302.75       -1.20 345,299.00
4793  2026-02-13 02:00:00  NAS100 24,906.25 24,943.75 24,721.50 24,822.00   -83.50       -0.34 160,158.00
4794  2026-02-13 06:00:00  NAS100 24,842.25 24,864.75 24,709.75 24,802.75   -19.25       -0.08  45,217.00
4795  2026-02-13 10:00:00  NAS100 24,803.75 24,820.75 24,642.25 24,714.25   -88.50       -0.36  23,146.00
4796  2026-02-13 14:00:00  NAS100 24,713.50 24,808.00 24,675.00 24,729.75    15.50        0.06  36,383.00
4797  2026-02-13 18:00:00  NAS100 24,730.75 24,849.50 24,578.75 24,699.00   -30.75       -0.12 196,073.00
4798  2026-02-13 22:00:00  NAS100 24,697.50 24,995.50 24,692.25 24,939.75   240.75        0.97 249,464.00
4799  2026-02-14 02:00:00  NAS100 24,940.50 24,968.50 24,731.75 24,773.50  -166.25       -0.67 128,541.00
4800  2026-02-16 06:00:00  NAS100 24,789.75 24,872.50 24,754.50 24,832.00    58.50        0.24  15,591.00
4801  2026-02-16 10:00:00  NAS100 24,832.75 24,840.00 24,793.75 24,823.75    -8.25       -0.03   6,791.00
4802  2026-02-16 14:00:00  NAS100 24,822.25 24,922.25 24,821.50 24,878.25    54.50        0.22  12,447.00
4803  2026-02-16 18:00:00  NAS100 24,878.50 24,880.50 24,692.75 24,768.00  -110.25       -0.44  29,640.00
4804  2026-02-16 22:00:00  NAS100 24,768.00 24,797.50 24,670.75 24,747.25   -20.75       -0.08  42,324.00
4805  2026-02-17 06:00:00  NAS100 24,746.25 24,842.50 24,617.50 24,662.00   -85.25       -0.34  34,379.00
4806  2026-02-17 10:00:00  NAS100 24,662.00 24,665.50 24,558.25 24,627.25   -34.75       -0.14  22,676.00
4807  2026-02-17 14:00:00  NAS100 24,628.00 24,726.75 24,584.00 24,607.50   -19.75       -0.08  27,601.00
4808  2026-02-17 18:00:00  NAS100 24,606.75 24,815.75 24,475.00 24,485.75  -121.75       -0.49 131,244.00
4809  2026-02-17 22:00:00  NAS100 24,483.75 24,874.75 24,449.25 24,845.00   359.25        1.47 297,293.00
4810  2026-02-18 02:00:00  NAS100 24,845.50 24,889.75 24,735.75 24,768.25   -76.75       -0.31 123,326.00
4811  2026-02-18 06:00:00  NAS100 24,773.75 24,783.25 24,700.75 24,758.00   -10.25       -0.04  19,980.00
4812  2026-02-18 10:00:00  NAS100 24,758.75 24,847.00 24,736.50 24,823.50    65.50        0.26  12,447.00
4813  2026-02-18 14:00:00  NAS100 24,823.00 24,941.50 24,802.00 24,921.75    98.25        0.40  24,648.00
4814  2026-02-18 18:00:00  NAS100 24,921.75 24,962.50 24,752.00 24,940.75    19.00        0.08 128,348.00
4815  2026-02-18 22:00:00  NAS100 24,941.00 25,128.25 24,937.50 25,027.50    86.75        0.35 209,113.00
4816  2026-02-19 02:00:00  NAS100 25,025.75 25,036.75 24,856.00 24,936.50   -91.00       -0.36 137,573.00
4817  2026-02-19 06:00:00  NAS100 24,943.50 24,995.00 24,916.25 24,978.75    42.25        0.17  17,881.00
4818  2026-02-19 10:00:00  NAS100 24,980.00 25,023.50 24,940.75 25,018.50    39.75        0.16  10,610.00
4819  2026-02-19 14:00:00  NAS100 25,019.50 25,054.00 24,825.00 24,854.25  -164.25       -0.66  30,639.00
4820  2026-02-19 18:00:00  NAS100 24,855.00 24,920.00 24,763.00 24,881.50    27.25        0.11 108,941.00
4821  2026-02-19 22:00:00  NAS100 24,880.00 24,959.50 24,749.00 24,842.00   -39.50       -0.16 236,422.00
4822  2026-02-20 02:00:00  NAS100 24,840.75 24,871.50 24,751.50 24,836.00    -6.00       -0.02  95,976.00
4823  2026-02-20 06:00:00  NAS100 24,837.75 24,936.00 24,826.00 24,897.00    61.00        0.25  21,718.00
4824  2026-02-20 10:00:00  NAS100 24,897.75 24,956.00 24,885.50 24,943.00    46.00        0.18  10,240.00
4825  2026-02-20 14:00:00  NAS100 24,942.75 24,984.75 24,896.75 24,902.00   -41.00       -0.16  19,071.00
4826  2026-02-20 18:00:00  NAS100 24,902.50 24,957.50 24,678.50 24,897.50    -4.50       -0.02 129,028.00
4827  2026-02-20 22:00:00  NAS100 24,900.50 25,139.50 24,858.25 25,097.75   200.25        0.80 337,676.00
4828  2026-02-21 02:00:00  NAS100 25,098.50 25,118.75 25,014.25 25,077.50   -20.25       -0.08  91,457.00
4829  2026-02-23 06:00:00  NAS100 25,033.75 25,059.75 24,808.00 24,839.00  -238.50       -0.95  43,113.00
4830  2026-02-23 10:00:00  NAS100 24,839.50 24,869.50 24,807.25 24,867.00    28.00        0.11  15,668.00
4831  2026-02-23 14:00:00  NAS100 24,868.50 25,004.00 24,863.25 24,969.50   102.50        0.41  25,318.00
4832  2026-02-23 18:00:00  NAS100 24,970.75 25,040.00 24,857.75 24,913.25   -56.25       -0.23 109,192.00
4833  2026-02-23 22:00:00  NAS100 24,912.75 24,952.25 24,668.00 24,727.50  -185.75       -0.75 269,438.00
4834  2026-02-24 02:00:00  NAS100 24,727.75 24,796.50 24,678.75 24,786.25    58.75        0.24 120,623.00
4835  2026-02-24 06:00:00  NAS100 24,788.00 24,879.00 24,767.00 24,869.75    83.50        0.34  24,134.00
4836  2026-02-24 10:00:00  NAS100 24,869.75 24,888.25 24,822.75 24,837.75   -32.00       -0.13  12,489.00
4837  2026-02-24 14:00:00  NAS100 24,837.50 24,868.50 24,761.00 24,842.00     4.25        0.02  22,999.00
4838  2026-02-24 18:00:00  NAS100 24,842.50 24,964.25 24,694.50 24,877.25    35.25        0.14 131,876.00
4839  2026-02-24 22:00:00  NAS100 24,878.50 25,078.75 24,819.50 25,030.00   152.75        0.61 218,122.00
4840  2026-02-25 02:00:00  NAS100 25,030.00 25,072.00 24,988.50 25,016.25   -13.75       -0.05 100,444.00
4841  2026-02-25 06:00:00  NAS100 25,016.25 25,114.50 24,992.00 25,107.50    91.25        0.36  22,832.00
4842  2026-02-25 10:00:00  NAS100 25,106.75 25,109.50 24,994.00 25,041.75   -65.75       -0.26  16,431.00
4843  2026-02-25 14:00:00  NAS100 25,043.00 25,094.75 25,017.50 25,073.25    31.50        0.13  15,557.00
4844  2026-02-25 18:00:00  NAS100 25,074.25 25,353.25 25,068.50 25,343.25   270.00        1.08 102,433.00
4845  2026-02-25 22:00:00  NAS100 25,343.00 25,361.75 25,264.50 25,350.50     7.25        0.03 157,555.00
4846  2026-02-26 02:00:00  NAS100 25,350.25 25,494.75 25,349.50 25,461.75   111.25        0.44  94,261.00
4847  2026-02-26 06:00:00  NAS100 25,388.25 25,418.25 25,264.75 25,308.00  -153.75       -0.60  33,399.00
4848  2026-02-26 10:00:00  NAS100 25,306.75 25,345.00 25,283.25 25,327.50    19.50        0.08  11,525.00
4849  2026-02-26 14:00:00  NAS100 25,327.25 25,401.50 25,326.25 25,356.50    29.00        0.11  19,471.00
4850  2026-02-26 18:00:00  NAS100 25,357.50 25,415.25 25,181.25 25,193.00  -163.50       -0.64 109,235.00
4851  2026-02-26 22:00:00  NAS100 25,193.50 25,210.75 24,861.75 25,001.50  -191.50       -0.76 298,511.00
4852  2026-02-27 02:00:00  NAS100 25,002.00 25,099.00 24,988.25 25,028.00    26.50        0.11 109,067.00
4853  2026-02-27 06:00:00  NAS100 25,024.25 25,038.00 24,954.75 25,031.75     3.75        0.01  31,207.00
4854  2026-02-27 10:00:00  NAS100 25,032.00 25,061.00 24,991.75 25,032.00     0.25        0.00  12,675.00
4855  2026-02-27 14:00:00  NAS100 25,033.00 25,098.75 24,966.75 25,001.25   -30.75       -0.12  26,974.00
4856  2026-02-27 18:00:00  NAS100 25,000.25 25,012.75 24,782.00 24,880.00  -121.25       -0.48 132,991.00
4857  2026-02-27 22:00:00  NAS100 24,879.50 25,036.75 24,866.50 24,902.75    22.75        0.09 221,093.00
4858  2026-02-28 02:00:00  NAS100 24,902.50 25,022.75 24,873.00 24,952.75    50.00        0.20 127,558.00
4859  2026-03-02 06:00:00  NAS100 24,682.50 24,901.25 24,635.50 24,821.00  -131.75       -0.53  56,538.00
4860  2026-03-02 10:00:00  NAS100 24,821.25 24,835.50 24,528.00 24,590.75  -230.25       -0.93  30,079.00
4861  2026-03-02 14:00:00  NAS100 24,588.00 24,684.50 24,477.00 24,657.75    67.00        0.27  58,091.00
4862  2026-03-02 18:00:00  NAS100 24,657.75 24,898.50 24,592.75 24,862.00   204.25        0.83 122,834.00
4863  2026-03-02 22:00:00  NAS100 24,862.00 25,076.50 24,802.00 24,972.50   110.50        0.44 214,823.00
4864  2026-03-03 02:00:00  NAS100 24,972.00 25,101.00 24,946.75 24,995.75    23.25        0.09 133,107.00
4865  2026-03-03 06:00:00  NAS100 25,002.75 25,011.00 24,806.50 24,861.25  -134.50       -0.54  31,235.00
4866  2026-03-03 10:00:00  NAS100 24,862.75 24,883.25 24,736.00 24,754.00  -107.25       -0.43  29,499.00
4867  2026-03-03 14:00:00  NAS100 24,753.25 24,767.50 24,393.00 24,452.75  -301.25       -1.22  80,929.00
4868  2026-03-03 18:00:00  NAS100 24,450.25 24,661.25 24,370.00 24,489.25    36.50        0.15 160,456.00
4869  2026-03-03 22:00:00  NAS100 24,489.00 24,832.50 24,352.00 24,800.25   311.00        1.27 285,615.00
4870  2026-03-04 02:00:00  NAS100 24,799.50 24,850.00 24,691.50 24,709.75   -90.50       -0.36 116,763.00
4871  2026-03-04 06:00:00  NAS100 24,710.75 24,803.50 24,588.00 24,637.00   -72.75       -0.29  42,251.00
4872  2026-03-04 10:00:00  NAS100 24,637.00 24,644.75 24,499.00 24,572.25   -64.75       -0.26  32,998.00
4873  2026-03-04 14:00:00  NAS100 24,570.25 24,866.25 24,535.50 24,842.50   270.25        1.10  47,968.00
4874  2026-03-04 18:00:00  NAS100 24,842.75 24,970.25 24,720.50 24,919.25    76.75        0.31 133,958.00
4875  2026-03-04 22:00:00  NAS100 24,922.75 25,214.25 24,891.50 25,192.75   273.50        1.10 235,336.00
4876  2026-03-05 02:00:00  NAS100 25,192.50 25,217.75 25,092.50 25,138.00   -54.75       -0.22  96,287.00
4877  2026-03-05 06:00:00  NAS100 25,156.50 25,250.00 25,044.00 25,091.25   -46.75       -0.19  40,866.00
4878  2026-03-05 10:00:00  NAS100 25,090.75 25,106.75 24,981.00 25,092.00     0.75        0.00  29,357.00
4879  2026-03-05 14:00:00  NAS100 25,091.75 25,205.75 24,973.25 25,106.25    14.25        0.06  51,042.00
4880  2026-03-05 18:00:00  NAS100 25,107.50 25,187.75 24,962.75 25,185.50    79.25        0.32 123,742.00
4881  2026-03-05 22:00:00  NAS100 25,185.25 25,209.75 24,772.50 24,814.00  -371.50       -1.48 295,843.00
4882  2026-03-06 02:00:00  NAS100 24,814.00 25,056.00 24,792.50 25,010.50   196.50        0.79 129,571.00
4883  2026-03-06 06:00:00  NAS100 25,019.75 25,116.00 25,001.00 25,071.75    61.25        0.24  25,058.00
4884  2026-03-06 10:00:00  NAS100 25,070.25 25,141.50 25,070.00 25,106.50    34.75        0.14  14,332.00
4885  2026-03-06 14:00:00  NAS100 25,106.50 25,140.50 24,882.25 24,949.75  -156.75       -0.62  43,122.00
4886  2026-03-06 18:00:00  NAS100 24,948.00 24,962.75 24,608.75 24,691.25  -258.50       -1.04 168,932.00
4887  2026-03-06 22:00:00  NAS100 24,691.50 24,926.25 24,664.50 24,800.50   109.25        0.44 246,584.00
4888  2026-03-07 02:00:00  NAS100 24,801.00 24,854.00 24,601.00 24,661.25  -139.25       -0.56 131,949.00
4889  2026-03-09 05:00:00  NAS100 24,435.25 24,473.00 24,004.50 24,007.50  -653.75       -2.65  72,961.00
4890  2026-03-09 09:00:00  NAS100 24,009.50 24,258.50 24,000.00 24,258.50   251.00        1.05  43,651.00
4891  2026-03-09 13:00:00  NAS100 24,258.50 24,495.75 24,210.00 24,419.75   161.25        0.66  64,338.00
4892  2026-03-09 17:00:00  NAS100 24,420.25 24,525.25 24,313.00 24,370.75   -49.00       -0.20 119,867.00
4893  2026-03-09 21:00:00  NAS100 24,370.75 24,749.25 24,320.00 24,611.00   240.25        0.99 226,155.00
4894  2026-03-10 01:00:00  NAS100 24,611.25 25,058.00 24,609.00 24,958.00   347.00        1.41 169,572.00
4895  2026-03-10 05:00:00  NAS100 24,981.50 24,998.00 24,830.00 24,988.00    30.00        0.12  32,068.00
4896  2026-03-10 09:00:00  NAS100 24,987.00 24,999.00 24,854.75 24,955.50   -32.50       -0.13  18,642.00
4897  2026-03-10 13:00:00  NAS100 24,957.50 25,150.50 24,939.00 25,089.50   134.00        0.54  34,876.00
4898  2026-03-10 17:00:00  NAS100 25,090.50 25,109.00 24,892.00 24,962.25  -127.25       -0.51 102,923.00
4899  2026-03-10 21:00:00  NAS100 24,964.75 25,217.50 24,892.25 25,170.25   208.00        0.83 219,987.00
4900  2026-03-11 01:00:00  NAS100 25,169.75 25,181.00 24,940.25 25,010.50  -159.75       -0.63 143,892.00
4901  2026-03-11 05:00:00  NAS100 25,010.25 25,098.00 24,951.50 25,091.00    80.50        0.32  18,749.00
4902  2026-03-11 09:00:00  NAS100 25,091.50 25,125.00 25,025.75 25,030.50   -60.50       -0.24  10,965.00
4903  2026-03-11 13:00:00  NAS100 25,029.25 25,053.25 24,899.50 24,903.25  -127.25       -0.51  29,462.00
4904  2026-03-11 17:00:00  NAS100 24,902.00 25,115.50 24,895.75 25,101.25   198.00        0.80  92,817.00
4905  2026-03-11 21:00:00  NAS100 25,101.50 25,180.00 24,873.50 24,951.00  -150.25       -0.60 231,445.00
4906  2026-03-12 01:00:00  NAS100 24,951.50 25,006.75 24,888.75 24,945.50    -5.50       -0.02  84,542.00
4907  2026-03-12 05:00:00  NAS100 24,934.50 24,949.25 24,733.25 24,789.50  -156.00       -0.63  38,769.00
4908  2026-03-12 09:00:00  NAS100 24,790.50 24,796.00 24,695.50 24,771.00   -18.50       -0.07  20,724.00
4909  2026-03-12 13:00:00  NAS100 24,769.75 24,921.50 24,746.50 24,917.00   146.00        0.59  27,842.00
4910  2026-03-12 17:00:00  NAS100 24,917.75 24,928.00 24,630.50 24,657.75  -259.25       -1.04  99,951.00
4911  2026-03-12 21:00:00  NAS100 24,658.75 24,747.50 24,561.00 24,625.50   -32.25       -0.13 253,532.00
4912  2026-03-13 01:00:00  NAS100 24,625.25 24,671.50 24,517.75 24,568.50   -57.00       -0.23 101,891.00
4913  2026-03-13 05:00:00  NAS100 24,567.00 24,662.25 24,491.25 24,629.50    61.00        0.25  29,141.00
4914  2026-03-13 09:00:00  NAS100 24,629.25 24,651.50 24,553.50 24,585.75   -43.75       -0.18  15,616.00
4915  2026-03-13 13:00:00  NAS100 24,584.00 24,596.00 24,397.00 24,532.00   -53.75       -0.22  38,746.00
4916  2026-03-13 17:00:00  NAS100 24,531.75 24,805.25 24,525.25 24,726.00   194.00        0.79 106,762.00
4917  2026-03-13 21:00:00  NAS100 24,728.50 24,765.00 24,353.00 24,374.25  -351.75       -1.42 252,451.00
4918  2026-03-14 01:00:00  NAS100 24,374.75 24,472.50 24,333.75 24,335.25   -39.00       -0.16  96,565.00
4919  2026-03-16 05:00:00  NAS100 24,285.00 24,525.50 24,278.00 24,514.50   179.25        0.74  24,796.00
4920  2026-03-16 09:00:00  NAS100 24,516.00 24,561.25 24,474.25 24,560.00    45.50        0.19   8,787.00
4921  2026-03-16 13:00:00  NAS100 24,558.75 24,583.25 24,478.00 24,494.00   -66.00       -0.27  14,949.00
4922  2026-03-16 17:00:00  NAS100 24,491.25 24,741.00 24,487.00 24,736.75   242.75        0.99  53,412.00
4923  2026-03-16 21:00:00  NAS100 24,735.50 24,764.50 24,610.75 24,681.25   -55.50       -0.22  96,949.00
4924  2026-03-17 01:00:00  NAS100 24,682.50 24,816.25 24,637.25 24,654.75   -26.50       -0.11  50,448.00
4925  2026-03-17 05:00:00  NAS100 24,870.00 24,882.00 24,805.00 24,835.00   180.25        0.73  17,533.00
4926  2026-03-17 09:00:00  NAS100 24,835.75 24,852.50 24,752.50 24,755.50   -79.50       -0.32  13,044.00
4927  2026-03-17 13:00:00  NAS100 24,754.25 24,850.00 24,728.25 24,844.25    88.75        0.36  22,147.00
4928  2026-03-17 17:00:00  NAS100 24,843.00 25,117.00 24,793.50 25,093.00   248.75        1.00  80,235.00
4929  2026-03-17 21:00:00  NAS100 25,092.75 25,098.00 24,946.25 25,034.50   -58.50       -0.23 158,998.00
4930  2026-03-18 01:00:00  NAS100 25,034.25 25,057.75 24,982.00 25,027.50    -7.00       -0.03  62,940.00
4931  2026-03-18 05:00:00  NAS100 25,019.75 25,098.50 24,990.75 25,096.50    69.00        0.28  16,318.00
4932  2026-03-18 09:00:00  NAS100 25,096.00 25,170.50 25,094.25 25,168.50    72.00        0.29  12,342.00
4933  2026-03-18 13:00:00  NAS100 25,169.00 25,210.50 25,153.50 25,169.50     1.00        0.00  19,188.00
4934  2026-03-18 17:00:00  NAS100 25,169.75 25,198.25 24,864.00 24,971.75  -197.75       -0.79 110,840.00
4935  2026-03-18 21:00:00  NAS100 24,969.00 24,984.75 24,795.50 24,880.00   -91.75       -0.37 155,415.00
4936  2026-03-19 01:00:00  NAS100 24,881.50 24,916.50 24,565.50 24,606.25  -273.75       -1.10 129,974.00
4937  2026-03-19 05:00:00  NAS100 24,622.00 24,670.00 24,562.25 24,640.00    33.75        0.14  28,696.00
4938  2026-03-19 09:00:00  NAS100 24,639.75 24,725.25 24,576.00 24,597.75   -42.25       -0.17  24,899.00
4939  2026-03-19 13:00:00  NAS100 24,596.50 24,650.25 24,500.00 24,627.25    29.50        0.12  57,046.00
4940  2026-03-19 17:00:00  NAS100 24,627.75 24,627.75 24,326.75 24,501.75  -125.50       -0.51 123,777.00
4941  2026-03-19 21:00:00  NAS100 24,501.50 24,577.50 24,377.75 24,453.50   -48.25       -0.20 205,678.00
4942  2026-03-20 01:00:00  NAS100 24,452.75 24,691.50 24,418.00 24,617.00   163.50        0.67 146,142.00
4943  2026-03-20 05:00:00  NAS100 24,632.75 24,660.50 24,581.75 24,617.25     0.25        0.00  24,260.00
4944  2026-03-20 09:00:00  NAS100 24,619.75 24,641.75 24,559.50 24,592.50   -24.75       -0.10  11,129.00
4945  2026-03-20 13:00:00  NAS100 24,592.25 24,616.25 24,408.50 24,432.00  -160.50       -0.65  37,811.00
4946  2026-03-20 17:00:00  NAS100 24,430.75 24,527.50 24,279.75 24,285.75  -146.25       -0.60 121,365.00
4947  2026-03-20 21:00:00  NAS100 24,285.75 24,356.75 24,164.00 24,212.25   -73.50       -0.30 222,306.00
4948  2026-03-21 01:00:00  NAS100 24,211.75 24,222.25 23,971.25 24,217.25     5.00        0.02 162,310.00
4949  2026-03-23 05:00:00  NAS100 23,902.00 24,095.00 23,890.00 24,044.50  -172.75       -0.71  54,833.00
4950  2026-03-23 09:00:00  NAS100 24,045.00 24,068.50 23,932.75 23,974.50   -70.00       -0.29  23,743.00
4951  2026-03-23 13:00:00  NAS100 23,972.75 23,975.75 23,772.50 23,882.25   -92.25       -0.38  52,746.00
4952  2026-03-23 17:00:00  NAS100 23,884.00 24,763.00 23,815.75 24,599.25   717.00        3.00 191,457.00
4953  2026-03-23 21:00:00  NAS100 24,600.50 24,690.00 24,308.50 24,468.25  -131.00       -0.53 245,176.00
4954  2026-03-24 01:00:00  NAS100 24,468.50 24,536.75 24,359.00 24,400.00   -68.25       -0.28 104,462.00
4955  2026-03-24 05:00:00  NAS100 24,417.25 24,489.75 24,232.25 24,263.75  -136.25       -0.56  31,752.00
4956  2026-03-24 09:00:00  NAS100 24,263.00 24,305.00 24,193.50 24,262.50    -1.25       -0.01  20,321.00
4957  2026-03-24 13:00:00  NAS100 24,263.00 24,507.25 24,259.75 24,420.25   157.75        0.65  38,525.00
4958  2026-03-24 17:00:00  NAS100 24,421.50 24,434.00 24,134.00 24,215.75  -204.50       -0.84 101,737.00
4959  2026-03-24 21:00:00  NAS100 24,215.75 24,385.25 24,160.25 24,242.50    26.75        0.11 221,002.00
4960  2026-03-25 01:00:00  NAS100 24,243.00 24,550.00 24,188.50 24,403.75   161.25        0.67 124,885.00
4961  2026-03-25 05:00:00  NAS100 24,420.00 24,494.00 24,380.75 24,395.25    -8.50       -0.03  29,556.00
4962  2026-03-25 09:00:00  NAS100 24,396.50 24,429.00 24,320.50 24,382.00   -13.25       -0.05  17,461.00
4963  2026-03-25 13:00:00  NAS100 24,382.50 24,535.00 24,323.75 24,453.75    71.75        0.29  36,462.00
4964  2026-03-25 17:00:00  NAS100 24,454.75 24,539.75 24,360.75 24,368.75   -85.00       -0.35 105,340.00
4965  2026-03-25 21:00:00  NAS100 24,368.50 24,519.50 24,286.50 24,427.75    59.00        0.24 235,107.00
4966  2026-03-26 01:00:00  NAS100 24,426.00 24,453.00 24,311.75 24,367.75   -60.00       -0.25  91,475.00
4967  2026-03-26 05:00:00  NAS100 24,373.50 24,410.00 24,283.25 24,363.75    -4.00       -0.02  22,604.00
4968  2026-03-26 09:00:00  NAS100 24,360.25 24,421.25 24,247.75 24,255.50  -108.25       -0.44  25,379.00
4969  2026-03-26 13:00:00  NAS100 24,255.75 24,298.00 24,107.00 24,155.00  -100.50       -0.41  32,674.00
4970  2026-03-26 17:00:00  NAS100 24,155.75 24,233.25 24,064.00 24,216.00    61.00        0.25 104,246.00
4971  2026-03-26 21:00:00  NAS100 24,215.75 24,242.50 23,851.50 23,861.25  -354.75       -1.46 210,947.00
4972  2026-03-27 01:00:00  NAS100 23,860.75 24,022.25 23,763.25 23,822.00   -39.25       -0.16 142,953.00
4973  2026-03-27 05:00:00  NAS100 23,824.00 23,908.75 23,806.00 23,872.00    50.00        0.21  29,033.00
4974  2026-03-27 09:00:00  NAS100 23,872.25 23,976.00 23,839.00 23,927.25    55.25        0.23  19,207.00
4975  2026-03-27 13:00:00  NAS100 23,926.50 23,955.25 23,710.00 23,738.75  -188.50       -0.79  42,237.00
4976  2026-03-27 17:00:00  NAS100 23,739.50 23,769.25 23,470.00 23,478.75  -260.00       -1.10 113,400.00
4977  2026-03-27 21:00:00  NAS100 23,481.00 23,610.50 23,344.00 23,360.25  -118.50       -0.50 219,352.00
4978  2026-03-28 01:00:00  NAS100 23,359.75 23,396.25 23,232.50 23,254.25  -106.00       -0.45 127,129.00
4979  2026-03-30 05:00:00  NAS100 23,189.50 23,263.75 23,093.00 23,201.00   -53.25       -0.23  51,315.00
4980  2026-03-30 09:00:00  NAS100 23,201.75 23,362.75 23,195.25 23,345.50   144.50        0.62  28,076.00
4981  2026-03-30 13:00:00  NAS100 23,345.50 23,451.25 23,337.25 23,403.00    57.50        0.25  33,663.00
4982  2026-03-30 17:00:00  NAS100 23,403.75 23,574.00 23,292.75 23,302.00  -101.00       -0.43  99,518.00
4983  2026-03-30 21:00:00  NAS100 23,302.50 23,436.25 23,169.50 23,210.75   -91.25       -0.39 222,737.00
4984  2026-03-31 01:00:00  NAS100 23,210.50 23,212.75 23,024.50 23,106.25  -104.50       -0.45 114,159.00
4985  2026-03-31 05:00:00  NAS100 23,119.50 23,397.25 22,961.50 23,339.25   233.00        1.01  66,033.00
4986  2026-03-31 09:00:00  NAS100 23,340.00 23,405.00 23,235.00 23,310.50   -28.75       -0.12  29,432.00
4987  2026-03-31 13:00:00  NAS100 23,311.25 23,390.25 23,238.25 23,305.75    -4.75       -0.02  36,096.00
4988  2026-03-31 17:00:00  NAS100 23,306.50 23,575.00 23,238.50 23,565.00   259.25        1.11 127,994.00
4989  2026-03-31 21:00:00  NAS100 23,569.00 23,876.00 23,376.50 23,761.00   196.00        0.83 330,328.00
4990  2026-04-01 01:00:00  NAS100 23,760.00 23,975.25 23,760.00 23,905.50   144.50        0.61 145,273.00
4991  2026-04-01 05:00:00  NAS100 23,889.00 24,048.25 23,880.00 23,976.25    70.75        0.30  35,863.00
4992  2026-04-01 09:00:00  NAS100 23,978.25 24,073.75 23,956.25 24,041.25    65.00        0.27  16,308.00
4993  2026-04-01 13:00:00  NAS100 24,041.50 24,181.25 24,003.50 24,068.00    26.75        0.11  50,190.00
4994  2026-04-01 17:00:00  NAS100 24,070.75 24,246.00 24,036.00 24,120.75    52.75        0.22 120,747.00
4995  2026-04-01 21:00:00  NAS100 24,121.75 24,348.25 24,108.75 24,266.75   146.00        0.61 193,605.00
4996  2026-04-02 01:00:00  NAS100 24,266.75 24,273.50 24,124.50 24,187.25   -79.50       -0.33 146,689.00
4997  2026-04-02 05:00:00  NAS100 24,180.00 24,245.75 23,912.50 23,938.50  -248.75       -1.03  47,684.00
4998  2026-04-02 09:00:00  NAS100 23,940.50 23,967.00 23,753.75 23,756.00  -182.50       -0.76  32,322.00
4999  2026-04-02 13:00:00  NAS100 23,757.50 23,882.00 23,752.50 23,830.25    74.25        0.31  28,956.00
5000  2026-04-02 17:00:00  NAS100 23,831.50 23,908.25 23,666.00 23,898.00    67.75        0.28 108,035.00
5001  2026-04-02 21:00:00  NAS100 23,897.75 24,266.75 23,859.00 24,090.75   192.75        0.81 265,349.00
5002  2026-04-03 01:00:00  NAS100 24,091.25 24,233.75 24,091.00 24,219.50   128.75        0.53  84,026.00
5003  2026-04-03 05:00:00  NAS100 24,219.50 24,255.00 24,177.50 24,196.75   -22.75       -0.09  13,777.00
5004  2026-04-03 09:00:00  NAS100 24,196.00 24,205.50 24,150.50 24,180.75   -16.00       -0.07   9,922.00
5005  2026-04-03 13:00:00  NAS100 24,183.00 24,184.25 24,120.00 24,140.25   -40.50       -0.17   6,409.00
5006  2026-04-03 17:00:00  NAS100 24,140.25 24,245.25 24,106.00 24,129.75   -10.50       -0.04  12,322.00
5007  2026-04-06 05:00:00  NAS100 24,093.50 24,240.00 23,981.50 24,193.75    64.00        0.27  45,618.00
5008  2026-04-06 09:00:00  NAS100 24,193.25 24,326.75 24,120.50 24,232.75    39.00        0.16  26,416.00
5009  2026-04-06 13:00:00  NAS100 24,232.25 24,398.25 24,207.25 24,337.50   104.75        0.43  27,620.00
5010  2026-04-06 17:00:00  NAS100 24,338.00 24,416.75 24,245.75 24,411.00    73.50        0.30  84,748.00
5011  2026-04-06 21:00:00  NAS100 24,411.00 24,452.25 24,202.75 24,263.50  -147.50       -0.60 175,911.00
5012  2026-04-07 01:00:00  NAS100 24,264.50 24,376.25 24,245.50 24,349.75    86.25        0.36  73,927.00
5013  2026-04-07 05:00:00  NAS100 24,348.75 24,384.00 24,168.25 24,177.00  -172.75       -0.71  26,346.00
5014  2026-04-07 09:00:00  NAS100 24,178.75 24,264.00 24,153.00 24,228.50    51.50        0.21  17,642.00
5015  2026-04-07 13:00:00  NAS100 24,228.50 24,422.00 24,207.00 24,385.25   156.75        0.65  27,160.00
5016  2026-04-07 17:00:00  NAS100 24,387.00 24,400.25 24,118.00 24,120.25  -265.00       -1.09 111,857.00
5017  2026-04-07 21:00:00  NAS100 24,121.25 24,299.75 23,941.50 24,225.50   105.25        0.44 236,232.00
5018  2026-04-08 01:00:00  NAS100 24,226.00 24,451.50 24,076.75 24,399.25   173.75        0.72 150,167.00
5019  2026-04-08 05:00:00  NAS100 24,514.00 25,109.50 24,355.00 25,095.25   696.00        2.85  94,195.00
5020  2026-04-08 09:00:00  NAS100 25,095.50 25,195.25 25,086.75 25,192.25    97.00        0.39  23,707.00
5021  2026-04-08 13:00:00  NAS100 25,192.00 25,245.25 25,134.25 25,200.00     7.75        0.03  39,075.00
5022  2026-04-08 17:00:00  NAS100 25,199.50 25,257.00 25,064.00 25,080.75  -119.25       -0.47 128,618.00
5023  2026-04-08 21:00:00  NAS100 25,080.75 25,157.50 24,926.50 25,094.25    13.50        0.05 210,086.00
5024  2026-04-09 01:00:00  NAS100 25,094.50 25,131.75 24,943.25 25,039.00   -55.25       -0.22 131,074.00
5025  2026-04-09 05:00:00  NAS100 25,037.75 25,065.00 24,980.50 25,022.75   -16.25       -0.06  23,751.00
5026  2026-04-09 09:00:00  NAS100 25,022.75 25,050.75 24,994.25 25,028.50     5.75        0.02  13,648.00
5027  2026-04-09 13:00:00  NAS100 25,030.00 25,059.00 24,953.00 25,016.25   -12.25       -0.05  28,463.00
5028  2026-04-09 17:00:00  NAS100 25,017.25 25,111.50 24,976.75 25,033.25    17.00        0.07  90,998.00
5029  2026-04-09 21:00:00  NAS100 25,033.00 25,265.75 24,960.50 25,226.75   193.50        0.77 237,579.00
5030  2026-04-10 01:00:00  NAS100 25,227.00 25,269.75 25,145.00 25,244.75    18.00        0.07 111,362.00
5031  2026-04-10 05:00:00  NAS100 25,237.00 25,298.50 25,193.00 25,285.00    40.25        0.16  21,186.00
5032  2026-04-10 09:00:00  NAS100 25,284.75 25,303.75 25,254.00 25,263.00   -22.00       -0.09  10,417.00
5033  2026-04-10 13:00:00  NAS100 25,261.75 25,274.75 25,202.75 25,259.00    -4.00       -0.02  26,913.00
5034  2026-04-10 17:00:00  NAS100 25,258.50 25,386.00 25,240.50 25,320.50    61.50        0.24  81,271.00
5035  2026-04-10 21:00:00  NAS100 25,319.00 25,393.00 25,222.25 25,272.00   -48.50       -0.19 198,277.00
5036  2026-04-11 01:00:00  NAS100 25,271.75 25,338.00 25,238.50 25,333.00    61.00        0.24  85,848.00
5037  2026-04-13 05:00:00  NAS100 24,980.00 25,093.75 24,904.50 25,083.00  -250.00       -0.99  48,696.00
5038  2026-04-13 09:00:00  NAS100 25,083.25 25,096.00 25,049.50 25,079.75    -3.25       -0.01  14,596.00
5039  2026-04-13 13:00:00  NAS100 25,080.00 25,133.00 25,078.00 25,116.00    36.25        0.14  22,329.00
5040  2026-04-13 17:00:00  NAS100 25,116.50 25,310.00 25,073.50 25,308.00   192.00        0.76 105,769.00
5041  2026-04-13 21:00:00  NAS100 25,306.75 25,439.50 25,245.50 25,404.00    96.00        0.38 210,823.00
5042  2026-04-14 01:00:00  NAS100 25,404.50 25,599.25 25,396.00 25,585.50   181.50        0.71  98,573.00
5043  2026-04-14 05:00:00  NAS100 25,575.25 25,619.25 25,560.00 25,581.25    -4.25       -0.02  21,911.00
5044  2026-04-14 09:00:00  NAS100 25,582.00 25,598.25 25,571.50 25,574.25    -7.00       -0.03   8,939.00
5045  2026-04-14 13:00:00  NAS100 25,574.50 25,674.00 25,564.50 25,638.25    64.00        0.25  24,206.00
5046  2026-04-14 17:00:00  NAS100 25,638.00 25,763.75 25,620.00 25,722.25    84.00        0.33  91,027.00
5047  2026-04-14 21:00:00  NAS100 25,721.50 25,969.25 25,712.00 25,958.00   235.75        0.92 192,404.00
5048  2026-04-15 01:00:00  NAS100 25,958.75 26,003.25 25,884.25 25,990.00    32.00        0.12 122,832.00
5049  2026-04-15 05:00:00  NAS100 25,985.75 26,042.50 25,976.50 26,038.50    48.50        0.19  22,479.00
5050  2026-04-15 09:00:00  NAS100 26,037.75 26,058.00 25,966.00 25,978.50   -60.00       -0.23  18,630.00
5051  2026-04-15 13:00:00  NAS100 25,979.00 26,038.25 25,968.00 25,978.25    -0.25       -0.00  21,876.00
5052  2026-04-15 17:00:00  NAS100 25,978.75 26,072.25 25,933.75 26,068.50    90.25        0.35  96,173.00
5053  2026-04-15 21:00:00  NAS100 26,069.25 26,251.50 26,048.50 26,190.75   122.25        0.47 217,534.00
5054  2026-04-16 01:00:00  NAS100 26,190.25 26,377.50 26,173.25 26,359.50   168.75        0.64 127,564.00
5055  2026-04-16 05:00:00  NAS100 26,350.00 26,465.25 26,345.00 26,440.75    81.25        0.31  22,728.00
5056  2026-04-16 09:00:00  NAS100 26,440.75 26,461.25 26,416.50 26,455.00    14.25        0.05  14,259.00
5057  2026-04-16 13:00:00  NAS100 26,455.75 26,488.00 26,408.50 26,453.25    -1.75       -0.01  26,259.00
5058  2026-04-16 17:00:00  NAS100 26,453.75 26,465.75 26,275.50 26,321.25  -132.00       -0.50 109,868.00
5059  2026-04-16 21:00:00  NAS100 26,321.25 26,564.00 26,290.50 26,460.75   139.50        0.53 264,649.00
5060  2026-04-17 01:00:00  NAS100 26,460.25 26,498.50 26,355.00 26,464.25     3.50        0.01 139,778.00
5061  2026-04-17 05:00:00  NAS100 26,460.00 26,497.75 26,445.25 26,488.25    24.00        0.09  18,005.00
5062  2026-04-17 09:00:00  NAS100 26,489.25 26,495.00 26,440.00 26,465.50   -22.75       -0.09  11,248.00
5063  2026-04-17 13:00:00  NAS100 26,466.00 26,541.50 26,446.75 26,537.00    71.50        0.27  19,058.00
5064  2026-04-17 17:00:00  NAS100 26,537.00 26,817.75 26,505.50 26,731.25   194.25        0.73 152,538.00
5065  2026-04-17 21:00:00  NAS100 26,731.75 26,884.75 26,714.50 26,808.00    76.75        0.29 261,679.00
5066  2026-04-18 01:00:00  NAS100 26,808.25 26,845.00 26,755.50 26,840.75    32.75        0.12 119,844.00
5067  2026-04-20 05:00:00  NAS100 26,599.75 26,714.75 26,535.00 26,705.25  -135.50       -0.50  42,137.00
5068  2026-04-20 09:00:00  NAS100 26,705.75 26,706.25 26,612.00 26,635.00   -70.25       -0.26  14,716.00
5069  2026-04-20 13:00:00  NAS100 26,636.00 26,721.25 26,619.00 26,694.25    59.25        0.22  28,228.00
5070  2026-04-20 17:00:00  NAS100 26,695.25 26,827.75 26,680.75 26,780.75    86.50        0.32  88,845.00
5071  2026-04-20 21:00:00  NAS100 26,782.75 26,788.25 26,568.75 26,707.50   -73.25       -0.27 222,299.00
5072  2026-04-21 01:00:00  NAS100 26,707.50 26,809.75 26,696.75 26,774.25    66.75        0.25  94,352.00
5073  2026-04-21 05:00:00  NAS100 26,776.75 26,838.50 26,756.50 26,812.75    38.50        0.14  18,609.00
5074  2026-04-21 09:00:00  NAS100 26,813.00 26,844.25 26,790.00 26,826.75    14.00        0.05   9,982.00
5075  2026-04-21 13:00:00  NAS100 26,826.50 26,857.25 26,797.25 26,840.75    14.00        0.05  18,009.00
5076  2026-04-21 17:00:00  NAS100 26,841.25 26,901.75 26,726.75 26,838.50    -2.25       -0.01  92,315.00
5077  2026-04-21 21:00:00  NAS100 26,838.75 26,885.25 26,600.00 26,699.25  -139.25       -0.52 296,050.00
5078  2026-04-22 01:00:00  NAS100 26,699.00 26,794.25 26,551.75 26,721.25    22.00        0.08 164,709.00
5079  2026-04-22 05:00:00  NAS100 26,729.50 26,832.75 26,727.75 26,821.75   100.50        0.38  21,098.00
5080  2026-04-22 09:00:00  NAS100 26,821.25 26,856.75 26,765.50 26,831.25     9.50        0.04  18,203.00
5081  2026-04-22 13:00:00  NAS100 26,833.00 26,864.50 26,779.75 26,825.75    -5.50       -0.02  26,331.00
5082  2026-04-22 17:00:00  NAS100 26,826.00 26,900.50 26,806.00 26,864.50    38.75        0.14 100,921.00
5083  2026-04-22 21:00:00  NAS100 26,864.25 27,050.00 26,852.00 27,030.00   165.50        0.62 217,212.00
5084  2026-04-23 01:00:00  NAS100 27,029.75 27,136.00 26,978.00 27,106.50    76.50        0.28 114,821.00
5085  2026-04-23 05:00:00  NAS100 27,075.00 27,099.75 26,848.00 27,000.25  -106.25       -0.39  35,143.00
5086  2026-04-23 09:00:00  NAS100 27,000.75 27,000.75 26,865.00 26,978.25   -22.00       -0.08  27,143.00
5087  2026-04-23 13:00:00  NAS100 26,979.00 27,013.50 26,890.00 26,941.75   -36.50       -0.14  24,984.00
5088  2026-04-23 17:00:00  NAS100 26,941.75 27,102.75 26,916.25 27,016.75    75.00        0.28  98,889.00
5089  2026-04-23 21:00:00  NAS100 27,017.25 27,155.75 26,681.75 26,880.50  -136.25       -0.50 315,032.00
5090  2026-04-24 01:00:00  NAS100 26,879.00 26,988.50 26,840.25 26,942.75    62.25        0.23 134,098.00
5091  2026-04-24 05:00:00  NAS100 26,992.00 27,135.75 26,992.00 27,118.75   176.00        0.65  25,766.00
5092  2026-04-24 09:00:00  NAS100 27,118.00 27,121.00 27,016.25 27,086.00   -32.75       -0.12  17,585.00
5093  2026-04-24 13:00:00  NAS100 27,086.25 27,153.75 27,064.50 27,108.75    22.75        0.08  24,585.00
5094  2026-04-24 17:00:00  NAS100 27,109.25 27,363.75 27,108.00 27,193.75    85.00        0.31 138,265.00
5095  2026-04-24 21:00:00  NAS100 27,193.75 27,462.50 27,158.50 27,432.75   239.00        0.88 224,711.00
5096  2026-04-25 01:00:00  NAS100 27,433.00 27,454.50 27,383.75 27,440.25     7.50        0.03 101,154.00
5097  2026-04-27 05:00:00  NAS100 27,403.25 27,540.00 27,344.25 27,537.75    97.50        0.36  34,156.00
5098  2026-04-27 09:00:00  NAS100 27,537.50 27,542.50 27,443.50 27,449.50   -88.25       -0.32  18,684.00
5099  2026-04-27 13:00:00  NAS100 27,449.25 27,466.25 27,388.00 27,455.00     5.50        0.02  22,643.00
5100  2026-04-27 17:00:00  NAS100 27,455.25 27,500.25 27,298.50 27,401.50   -53.50       -0.19 107,195.00
5101  2026-04-27 21:00:00  NAS100 27,402.25 27,439.75 27,307.50 27,428.50    27.00        0.10 184,700.00
5102  2026-04-28 01:00:00  NAS100 27,428.50 27,454.75 27,390.50 27,418.50   -10.00       -0.04  67,268.00
5103  2026-04-28 05:00:00  NAS100 27,423.00 27,512.00 27,417.50 27,421.75     3.25        0.01  24,420.00
5104  2026-04-28 09:00:00  NAS100 27,423.50 27,439.50 27,350.00 27,364.00   -57.75       -0.21  18,028.00
5105  2026-04-28 13:00:00  NAS100 27,363.00 27,378.25 27,256.50 27,284.25   -79.75       -0.29  31,760.00
5106  2026-04-28 17:00:00  NAS100 27,284.75 27,300.75 27,036.50 27,202.50   -81.75       -0.30 161,288.00
5107  2026-04-28 21:00:00  NAS100 27,201.75 27,235.00 27,009.50 27,141.50   -61.00       -0.22 248,701.00
5108  2026-04-29 01:00:00  NAS100 27,141.50 27,224.50 27,120.75 27,191.50    50.00        0.18 107,032.00
5109  2026-04-29 05:00:00  NAS100 27,197.25 27,294.00 27,191.75 27,246.50    55.00        0.20  24,784.00
5110  2026-04-29 09:00:00  NAS100 27,247.25 27,312.25 27,242.25 27,297.25    50.75        0.19  14,656.00
5111  2026-04-29 13:00:00  NAS100 27,297.25 27,317.25 27,198.00 27,229.00   -68.25       -0.25  26,992.00
5112  2026-04-29 17:00:00  NAS100 27,227.00 27,288.50 27,124.25 27,220.25    -8.75       -0.03  80,631.00
5113  2026-04-29 21:00:00  NAS100 27,220.75 27,315.50 27,153.50 27,249.50    29.25        0.11 200,989.00
5114  2026-04-30 01:00:00  NAS100 27,249.50 27,414.00 27,094.00 27,148.75  -100.75       -0.37 163,420.00
5115  2026-04-30 05:00:00  NAS100 27,207.00 27,622.75 27,207.00 27,581.25   432.50        1.59  54,738.00
5116  2026-04-30 09:00:00  NAS100 27,581.25 27,588.50 27,221.75 27,223.75  -357.50       -1.30  47,987.00
5117  2026-04-30 13:00:00  NAS100 27,223.50 27,442.00 27,185.25 27,367.75   144.00        0.53  42,640.00
5118  2026-04-30 17:00:00  NAS100 27,368.25 27,550.00 27,203.00 27,245.75  -122.00       -0.45 137,936.00
5119  2026-04-30 21:00:00  NAS100 27,247.25 27,548.00 27,163.25 27,543.25   297.50        1.09 273,957.00
5120  2026-05-01 01:00:00  NAS100 27,543.50 27,622.00 27,542.00 27,598.50    55.25        0.20 131,234.00
5121  2026-05-01 05:00:00  NAS100 27,631.75 27,658.25 27,556.25 27,650.25    51.75        0.19  24,281.00
5122  2026-05-01 09:00:00  NAS100 27,648.50 27,674.50 27,612.25 27,616.75   -33.50       -0.12  12,464.00
5123  2026-05-01 13:00:00  NAS100 27,617.75 27,628.50 27,545.50 27,569.75   -47.00       -0.17  16,409.00
5124  2026-05-01 17:00:00  NAS100 27,570.25 27,875.75 27,536.25 27,873.50   303.75        1.10 106,015.00
5125  2026-05-01 21:00:00  NAS100 27,873.50 27,917.00 27,751.00 27,883.75    10.25        0.04 229,258.00
5126  2026-05-02 01:00:00  NAS100 27,883.25 27,900.75 27,755.75 27,783.25  -100.50       -0.36 111,149.00
5127  2026-05-04 05:00:00  NAS100 27,890.00 27,926.00 27,800.25 27,919.50   136.25        0.49  38,185.00
5128  2026-05-04 09:00:00  NAS100 27,919.50 27,965.75 27,878.25 27,935.50    16.00        0.06  18,818.00
5129  2026-05-04 13:00:00  NAS100 27,935.75 27,951.25 27,864.25 27,890.25   -45.25       -0.16  25,572.00
5130  2026-05-04 17:00:00  NAS100 27,891.00 27,898.75 27,662.25 27,896.00     5.75        0.02 124,777.00
5131  2026-05-04 21:00:00  NAS100 27,895.25 27,941.00 27,613.00 27,792.25  -103.75       -0.37 266,719.00
5132  2026-05-05 01:00:00  NAS100 27,792.25 27,818.75 27,718.00 27,743.00   -49.25       -0.18  89,327.00
5133  2026-05-05 05:00:00  NAS100 27,760.00 27,833.25 27,731.75 27,815.25    72.25        0.26  18,315.00
5134  2026-05-05 09:00:00  NAS100 27,815.50 27,860.25 27,801.00 27,852.75    37.50        0.13  13,120.00
5135  2026-05-05 13:00:00  NAS100 27,852.50 27,958.50 27,818.25 27,936.75    84.00        0.30  26,087.00
5136  2026-05-05 17:00:00  NAS100 27,936.75 28,112.00 27,900.00 28,085.25   148.50        0.53  97,075.00
5137  2026-05-05 21:00:00  NAS100 28,085.00 28,167.75 28,031.75 28,159.00    73.75        0.26 186,619.00
5138  2026-05-06 01:00:00  NAS100 28,159.50 28,247.00 28,108.75 28,207.25    48.25        0.17 101,971.00
5139  2026-05-06 05:00:00  NAS100 28,250.00 28,422.00 28,243.00 28,292.00    84.75        0.30  47,904.00
5140  2026-05-06 09:00:00  NAS100 28,291.75 28,359.75 28,261.50 28,355.00    63.00        0.22  18,570.00
5141  2026-05-06 13:00:00  NAS100 28,354.25 28,517.75 28,300.00 28,506.25   151.25        0.53  49,580.00
5142  2026-05-06 17:00:00  NAS100 28,507.75 28,634.25 28,336.00 28,469.00   -37.25       -0.13 165,561.00
5143  2026-05-06 21:00:00  NAS100 28,468.25 28,610.25 28,385.00 28,600.00   131.00        0.46 211,103.00
5144  2026-05-07 01:00:00  NAS100 28,599.50 28,800.00 28,591.75 28,712.25   112.25        0.39 127,944.00
5145  2026-05-07 05:00:00  NAS100 28,662.75 28,716.00 28,637.00 28,697.00   -15.25       -0.05  24,439.00
5146  2026-05-07 09:00:00  NAS100 28,698.50 28,727.75 28,652.50 28,720.25    23.25        0.08  14,066.00
5147  2026-05-07 13:00:00  NAS100 28,720.00 28,814.50 28,695.00 28,730.25    10.00        0.03  32,006.00
5148  2026-05-07 17:00:00  NAS100 28,729.75 28,803.00 28,690.25 28,781.50    51.25        0.18  97,011.00
5149  2026-05-07 21:00:00  NAS100 28,781.50 28,944.75 28,552.00 28,696.50   -85.00       -0.30 328,556.00
5150  2026-05-08 01:00:00  NAS100 28,696.75 28,766.25 28,582.75 28,644.00   -52.50       -0.18 152,023.00
5151  2026-05-08 05:00:00  NAS100 28,582.00 28,782.25 28,541.00 28,760.50   116.50        0.41  26,263.00
5152  2026-05-08 09:00:00  NAS100 28,761.00 28,829.50 28,709.50 28,804.50    44.00        0.15  15,381.00
5153  2026-05-08 13:00:00  NAS100 28,803.75 28,897.00 28,783.50 28,852.25    47.75        0.17  24,501.00
5154  2026-05-08 17:00:00  NAS100 28,851.50 29,111.25 28,841.25 29,107.25   255.00        0.88 110,350.00
5155  2026-05-08 21:00:00  NAS100 29,106.50 29,317.50 29,073.50 29,264.25   157.00        0.54 229,863.00
5156  2026-05-09 01:00:00  NAS100 29,264.25 29,386.75 29,237.75 29,333.75    69.50        0.24 121,296.00
5157  2026-05-11 05:00:00  NAS100 29,294.00 29,399.75 29,225.75 29,339.25     5.50        0.02  53,371.00
5158  2026-05-11 09:00:00  NAS100 29,338.75 29,361.00 29,293.00 29,321.75   -17.50       -0.06  21,873.00
5159  2026-05-11 13:00:00  NAS100 29,321.50 29,366.00 29,263.25 29,315.50    -6.25       -0.02  28,171.00
5160  2026-05-11 17:00:00  NAS100 29,315.25 29,434.75 29,259.25 29,310.25    -5.25       -0.02 112,334.00
5161  2026-05-11 21:00:00  NAS100 29,311.25 29,480.00 29,246.75 29,441.50   131.25        0.45 209,912.00
5162  2026-05-12 01:00:00  NAS100 29,442.00 29,475.00 29,314.75 29,400.00   -41.50       -0.14 113,551.00
5163  2026-05-12 05:00:00  NAS100 29,399.00 29,455.75 29,227.00 29,270.00  -130.00       -0.44  32,689.00
5164  2026-05-12 09:00:00  NAS100 29,270.50 29,365.25 29,260.00 29,282.50    12.50        0.04  24,171.00
5165  2026-05-12 13:00:00  NAS100 29,282.25 29,292.25 29,174.00 29,221.00   -61.50       -0.21  34,547.00
5166  2026-05-12 17:00:00  NAS100 29,221.50 29,296.00 29,109.75 29,129.50   -91.50       -0.31 142,255.00
5167  2026-05-12 21:00:00  NAS100 29,129.00 29,228.25 28,742.00 28,920.50  -209.00       -0.72 320,907.00
5168  2026-05-13 01:00:00  NAS100 28,920.25 29,188.25 28,911.25 29,134.25   213.75        0.74 148,629.00
5169  2026-05-13 05:00:00  NAS100 29,143.75 29,260.25 29,055.50 29,214.75    80.50        0.28  33,867.00
5170  2026-05-13 09:00:00  NAS100 29,214.75 29,310.00 29,202.25 29,297.00    82.25        0.28  21,084.00
5171  2026-05-13 13:00:00  NAS100 29,296.25 29,447.00 29,289.50 29,421.00   124.00        0.42  31,765.00
5172  2026-05-13 17:00:00  NAS100 29,421.00 29,423.25 29,075.00 29,169.25  -251.75       -0.86 138,528.00
5173  2026-05-13 21:00:00  NAS100 29,170.25 29,496.25 29,112.00 29,444.25   275.00        0.94 218,999.00
5174  2026-05-14 01:00:00  NAS100 29,445.25 29,565.50 29,441.50 29,536.00    91.75        0.31 115,719.00
5175  2026-05-14 05:00:00  NAS100 29,537.00 29,693.00 29,528.00 29,607.75    71.75        0.24  39,803.00
5176  2026-05-14 09:00:00  NAS100 29,609.00 29,635.00 29,514.00 29,603.25    -4.50       -0.02  26,212.00
5177  2026-05-14 13:00:00  NAS100 29,603.75 29,640.75 29,480.50 29,533.25   -70.00       -0.24  30,650.00
5178  2026-05-14 17:00:00  NAS100 29,532.75 29,684.75 29,448.25 29,541.75     8.50        0.03 125,689.00
5179  2026-05-14 21:00:00  NAS100 29,542.00 29,782.00 29,533.00 29,731.00   189.25        0.64 257,934.00
5180  2026-05-15 01:00:00  NAS100 29,730.75 29,737.75 29,633.75 29,688.50   -42.50       -0.14 121,169.00
5181  2026-05-15 05:00:00  NAS100 29,690.00 29,734.00 29,512.75 29,519.00  -169.50       -0.57  32,455.00
5182  2026-05-15 09:00:00  NAS100 29,519.00 29,600.25 29,280.50 29,282.50  -236.50       -0.80  43,200.00
5183  2026-05-15 13:00:00  NAS100 29,281.75 29,469.25 29,177.00 29,223.25   -59.25       -0.20  73,516.00
5184  2026-05-15 17:00:00  NAS100 29,225.50 29,375.50 29,089.75 29,143.25   -80.00       -0.27 170,654.00
5185  2026-05-15 21:00:00  NAS100 29,144.00 29,453.75 29,132.00 29,447.25   304.00        1.04 270,781.00
5186  2026-05-16 01:00:00  NAS100 29,449.00 29,486.75 29,111.00 29,173.00  -274.25       -0.93 148,561.00
5187  2026-05-18 05:00:00  NAS100 29,135.00 29,283.75 28,926.00 29,023.25  -149.75       -0.51  80,756.00
5188  2026-05-18 09:00:00  NAS100 29,021.50 29,116.50 28,991.00 29,043.25    20.00        0.07  35,360.00
5189  2026-05-18 13:00:00  NAS100 29,042.00 29,249.25 28,990.50 29,189.00   145.75        0.50  51,729.00
5190  2026-05-18 17:00:00  NAS100 29,190.00 29,419.75 29,052.00 29,243.75    54.75        0.19 174,123.00
5191  2026-05-18 21:00:00  NAS100 29,242.50 29,299.00 28,842.50 29,014.00  -229.75       -0.79 322,546.00
5192  2026-05-19 01:00:00  NAS100 29,014.25 29,114.00 28,814.75 29,076.00    62.00        0.21 173,707.00
5193  2026-05-19 05:00:00  NAS100 29,100.00 29,188.50 28,989.50 29,013.50   -62.50       -0.21  38,676.00
5194  2026-05-19 09:00:00  NAS100 29,012.50 29,038.00 28,885.00 28,935.00   -78.50       -0.27  31,860.00
5195  2026-05-19 13:00:00  NAS100 28,936.25 29,125.25 28,836.00 28,915.25   -19.75       -0.07  41,896.00
5196  2026-05-19 17:00:00  NAS100 28,914.50 29,068.00 28,802.75 28,938.75    23.50        0.08 155,527.00
5197  2026-05-19 21:00:00  NAS100 28,938.00 29,126.50 28,663.00 29,068.75   130.00        0.45 316,660.00
5198  2026-05-20 01:00:00  NAS100 29,069.25 29,101.75 28,867.00 28,899.25  -169.50       -0.58 121,370.00
5199  2026-05-20 05:00:00  NAS100 28,929.75 29,024.25 28,797.25 28,980.25    81.00        0.28  44,431.00
5200  2026-05-20 09:00:00  NAS100 28,982.00 29,017.25 28,839.00 28,955.00   -25.25       -0.09  26,021.00
5201  2026-05-20 13:00:00  NAS100 28,952.50 29,149.75 28,950.75 29,124.00   169.00        0.58  27,355.00
5202  2026-05-20 17:00:00  NAS100 29,124.75 29,194.75 29,023.25 29,100.50   -23.50       -0.08 122,690.00
5203  2026-05-20 21:00:00  NAS100 29,100.75 29,395.50 29,008.50 29,301.25   200.75        0.69 262,505.00
5204  2026-05-21 01:00:00  NAS100 29,302.50 29,397.50 29,247.25 29,278.50   -22.75       -0.08 111,554.00
5205  2026-05-21 05:00:00  NAS100 29,253.00 29,320.50 29,113.00 29,313.25    34.75        0.12  29,746.00
5206  2026-05-21 09:00:00  NAS100 29,315.00 29,439.75 29,298.00 29,368.00    54.75        0.19  22,036.00
5207  2026-05-21 13:00:00  NAS100 29,366.25 29,464.50 29,200.00 29,380.25    12.25        0.04  34,882.00
5208  2026-05-21 17:00:00  NAS100 29,381.50 29,393.00 29,174.00 29,288.25   -92.00       -0.31 131,046.00
5209  2026-05-21 21:00:00  NAS100 29,287.50 29,554.00 29,127.00 29,497.25   209.00        0.71 265,376.00
5210  2026-05-22 01:00:00  NAS100 29,497.00 29,521.50 29,293.25 29,455.50   -41.75       -0.14 120,365.00
5211  2026-05-22 05:00:00  NAS100 29,444.00 29,603.50 29,444.00 29,529.50    74.00        0.25  28,167.00
5212  2026-05-22 09:00:00  NAS100 29,530.00 29,606.25 29,504.25 29,547.00    17.50        0.06  16,365.00
5213  2026-05-22 13:00:00  NAS100 29,545.25 29,665.25 29,477.00 29,527.25   -19.75       -0.07  30,855.00
5214  2026-05-22 17:00:00  NAS100 29,527.00 29,715.50 29,436.00 29,643.00   115.75        0.39 107,699.00
5215  2026-05-22 21:00:00  NAS100 29,640.50 29,749.00 29,490.25 29,678.50    35.50        0.12 199,469.00
5216  2026-05-23 01:00:00  NAS100 29,679.25 29,688.75 29,502.25 29,520.75  -157.75       -0.53 100,387.00
5217  2026-05-25 05:00:00  NAS100 29,676.25 29,949.00 29,676.25 29,924.75   404.00        1.37  35,037.00
5218  2026-05-25 09:00:00  NAS100 29,925.75 29,995.00 29,903.00 29,969.25    44.50        0.15  17,689.00
5219  2026-05-25 13:00:00  NAS100 29,968.25 29,987.75 29,889.50 29,956.25   -13.00       -0.04  18,542.00
5220  2026-05-25 17:00:00  NAS100 29,955.75 29,993.75 29,936.75 29,993.50    37.25        0.12  19,064.00
5221  2026-05-25 21:00:00  NAS100 29,992.75 29,993.75 29,910.00 29,962.50   -31.00       -0.10  34,827.00
5222  2026-05-26 05:00:00  NAS100 29,962.00 29,977.00 29,770.25 29,811.75  -150.75       -0.50  36,392.00
5223  2026-05-26 09:00:00  NAS100 29,814.50 29,829.00 29,782.50 29,806.00    -5.75       -0.02  12,846.00
5224  2026-05-26 13:00:00  NAS100 29,807.00 29,850.50 29,744.00 29,847.00    41.00        0.14  22,152.00
5225  2026-05-26 17:00:00  NAS100 29,848.25 30,007.00 29,818.00 30,006.75   159.75        0.54 114,983.00
5226  2026-05-26 21:00:00  NAS100 30,007.00 30,118.75 29,886.00 29,996.75   -10.00       -0.03 240,970.00
5227  2026-05-27 01:00:00  NAS100 29,996.50 30,112.00 29,982.00 30,044.25    47.50        0.16 105,489.00
5228  2026-05-27 05:00:00  NAS100 30,050.00 30,159.25 30,028.50 30,122.25    78.00        0.26  29,654.00
5229  2026-05-27 09:00:00  NAS100 30,125.00 30,159.00 30,067.75 30,103.50   -18.75       -0.06  20,094.00
5230  2026-05-27 13:00:00  NAS100 30,103.50 30,217.75 30,055.75 30,213.25   109.75        0.36  28,534.00
5231  2026-05-27 17:00:00  NAS100 30,214.00 30,379.00 29,937.00 30,059.75  -153.50       -0.51 166,091.00
5232  2026-05-27 21:00:00  NAS100 30,060.75 30,099.25 29,877.50 29,972.50   -87.25       -0.29 279,495.00
5233  2026-05-28 01:00:00  NAS100 29,972.50 30,129.50 29,963.00 30,125.25   152.75        0.51 101,146.00
5234  2026-05-28 05:00:00  NAS100 30,120.00 30,136.25 29,963.25 30,071.00   -54.25       -0.18  32,716.00
5235  2026-05-28 09:00:00  NAS100 30,071.25 30,079.50 29,763.00 29,905.00  -166.00       -0.55  46,213.00
5236  2026-05-28 13:00:00  NAS100 29,905.50 29,998.00 29,880.50 29,975.75    70.75        0.24  26,118.00
5237  2026-05-28 17:00:00  NAS100 29,975.25 30,112.00 29,863.50 29,990.75    15.00        0.05 119,364.00
5238  2026-05-28 21:00:00  NAS100 29,992.25 30,344.50 29,963.25 30,319.50   328.75        1.10 228,491.00
5239  2026-05-29 01:00:00  NAS100 30,319.50 30,344.00 30,274.25 30,313.00    -6.50       -0.02  92,981.00
5240  2026-05-29 05:00:00  NAS100 30,328.00 30,362.00 30,216.50 30,248.75   -64.25       -0.21  23,330.00
5241  2026-05-29 09:00:00  NAS100 30,246.75 30,317.75 30,227.75 30,299.00    50.25        0.17  15,978.00
5242  2026-05-29 13:00:00  NAS100 30,301.00 30,369.25 30,265.75 30,331.50    32.50        0.11  27,774.00
5243  2026-05-29 17:00:00  NAS100 30,332.00 30,520.75 30,297.00 30,519.00   187.50        0.62 102,353.00
5244  2026-05-29 21:00:00  NAS100 30,518.00 30,536.00 30,270.00 30,302.00  -217.00       -0.71 276,194.00
5245  2026-05-30 01:00:00  NAS100 30,301.75 30,445.25 30,291.00 30,389.50    87.50        0.29 118,838.00
5246  2026-06-01 05:00:00  NAS100 30,415.50 30,554.75 30,361.25 30,548.50   159.00        0.52  32,596.00
5247  2026-06-01 09:00:00  NAS100 30,548.50 30,595.25 30,535.50 30,578.25    29.75        0.10  21,577.00
5248  2026-06-01 13:00:00  NAS100 30,579.50 30,591.75 30,443.75 30,462.00  -116.25       -0.38  30,515.00
5249  2026-06-01 17:00:00  NAS100 30,462.50 30,504.75 30,291.50 30,321.50  -140.50       -0.46 125,493.00
5250  2026-06-01 21:00:00  NAS100 30,314.50 30,693.00 30,292.00 30,670.00   348.50        1.15 249,530.00
5251  2026-06-02 01:00:00  NAS100 30,670.00 30,675.75 30,506.75 30,522.50  -147.50       -0.48  98,157.00
5252  2026-06-02 05:00:00  NAS100 30,544.75 30,547.25 30,333.00 30,333.50  -189.00       -0.62  38,501.00
5253  2026-06-02 09:00:00  NAS100 30,333.25 30,495.00 30,317.75 30,476.25   142.75        0.47  28,028.00
5254  2026-06-02 13:00:00  NAS100 30,476.00 30,586.00 30,469.00 30,565.50    89.25        0.29  28,009.00
5255  2026-06-02 17:00:00  NAS100 30,565.75 30,604.75 30,423.75 30,601.75    36.25        0.12 103,659.00
5256  2026-06-02 21:00:00  NAS100 30,603.00 30,713.25 30,537.75 30,627.50    25.75        0.08 210,218.00
5257  2026-06-03 01:00:00  NAS100 30,628.50 30,763.25 30,598.50 30,743.00   115.50        0.38 103,932.00
5258  2026-06-03 05:00:00  NAS100 30,741.75 30,757.00 30,561.25 30,683.00   -60.00       -0.20  45,118.00
5259  2026-06-03 09:00:00  NAS100 30,683.75 30,730.50 30,662.75 30,689.25     6.25        0.02  16,738.00
5260  2026-06-03 13:00:00  NAS100 30,689.75 30,770.00 30,670.25 30,733.50    44.25        0.14  26,776.00
5261  2026-06-03 17:00:00  NAS100 30,733.75 30,807.75 30,496.00 30,558.75  -174.75       -0.57 145,443.00
5262  2026-06-03 21:00:00  NAS100 30,562.00 30,739.50 30,505.75 30,642.75    84.00        0.27 255,865.00
5263  2026-06-04 01:00:00  NAS100 30,643.25 30,694.75 30,478.25 30,495.00  -147.75       -0.48 131,344.00
5264  2026-06-04 05:00:00  NAS100 30,453.00 30,531.00 30,368.50 30,453.50   -41.50       -0.14  44,488.00
5265  2026-06-04 09:00:00  NAS100 30,453.75 30,508.25 30,352.50 30,484.50    31.00        0.10  27,132.00
5266  2026-06-04 13:00:00  NAS100 30,484.50 30,544.50 30,248.50 30,336.25  -148.25       -0.49  43,855.00
5267  2026-06-04 17:00:00  NAS100 30,337.00 30,364.50 30,164.25 30,248.00   -88.25       -0.29 167,353.00
5268  2026-06-04 21:00:00  NAS100 30,247.75 30,563.25 30,151.00 30,559.50   311.50        1.03 254,521.00
5269  2026-06-05 01:00:00  NAS100 30,559.25 30,603.25 30,397.50 30,399.50  -160.00       -0.52 131,535.00
5270  2026-06-05 05:00:00  NAS100 30,414.00 30,422.00 30,052.25 30,195.50  -204.00       -0.67  51,514.00
5271  2026-06-05 09:00:00  NAS100 30,196.50 30,249.00 30,146.00 30,170.25   -25.25       -0.08  31,620.00
5272  2026-06-05 13:00:00  NAS100 30,170.25 30,259.00 30,062.00 30,198.25    28.00        0.09  43,315.00
5273  2026-06-05 17:00:00  NAS100 30,199.00 30,236.00 29,771.00 29,773.75  -424.50       -1.41 161,712.00
5274  2026-06-05 21:00:00  NAS100 29,774.25 29,942.50 29,361.75 29,471.00  -302.75       -1.02 415,011.00
5275  2026-06-06 01:00:00  NAS100 29,471.50 29,477.00 28,781.25 28,829.25  -641.75       -2.18 298,702.00
5276  2026-06-08 05:00:00  NAS100 28,844.50 29,287.50 28,822.25 29,158.75   329.50        1.14  91,781.00
5277  2026-06-08 09:00:00  NAS100 29,161.50 29,243.50 28,972.75 29,017.50  -141.25       -0.48  44,278.00
5278  2026-06-08 13:00:00  NAS100 29,016.75 29,281.00 29,000.00 29,240.50   223.00        0.77  56,929.00
5279  2026-06-08 17:00:00  NAS100 29,239.00 29,604.25 29,175.00 29,349.75   109.25        0.37 171,578.00
5280  2026-06-08 21:00:00  NAS100 29,350.25 29,743.00 29,331.50 29,558.25   208.50        0.71 314,354.00
5281  2026-06-09 01:00:00  NAS100 29,559.25 29,617.75 29,377.00 29,435.25  -123.00       -0.42 144,060.00
5282  2026-06-09 05:00:00  NAS100 29,435.00 29,547.75 29,303.50 29,492.00    56.75        0.19  45,116.00
5283  2026-06-09 09:00:00  NAS100 29,492.50 29,651.50 29,460.50 29,633.25   141.25        0.48  25,961.00
5284  2026-06-09 13:00:00  NAS100 29,634.75 29,696.25 29,566.00 29,678.75    45.50        0.15  29,874.00
5285  2026-06-09 17:00:00  NAS100 29,680.50 29,848.25 29,617.75 29,672.75    -6.00       -0.02 130,849.00
5286  2026-06-09 21:00:00  NAS100 29,672.75 29,712.00 28,227.75 28,832.50  -840.25       -2.83 620,435.00
5287  2026-06-10 01:00:00  NAS100 28,831.50 29,196.25 28,784.75 29,140.50   308.00        1.07 204,844.00
5288  2026-06-10 05:00:00  NAS100 29,094.75 29,169.00 28,960.00 29,033.50  -107.00       -0.37  41,987.00
5289  2026-06-10 09:00:00  NAS100 29,035.00 29,046.25 28,853.75 28,943.25   -90.25       -0.31  28,268.00
5290  2026-06-10 13:00:00  NAS100 28,945.00 29,014.00 28,684.00 28,777.75  -165.50       -0.57  41,813.00
5291  2026-06-10 17:00:00  NAS100 28,779.50 29,163.25 28,610.00 29,022.00   244.25        0.85 165,943.00
5292  2026-06-10 21:00:00  NAS100 29,022.00 29,250.00 28,616.00 28,780.00  -242.00       -0.83 317,852.00
5293  2026-06-11 01:00:00  NAS100 28,779.50 28,832.50 28,409.00 28,472.00  -308.00       -1.07 149,273.00
5294  2026-06-11 05:00:00  NAS100 28,455.00 28,765.00 28,265.75 28,641.25   169.25        0.59  58,124.00
5295  2026-06-11 09:00:00  NAS100 28,643.00 28,803.00 28,531.25 28,746.50   105.25        0.37  28,698.00
5296  2026-06-11 13:00:00  NAS100 28,746.00 28,936.00 28,685.50 28,878.25   131.75        0.46  32,433.00
5297  2026-06-11 17:00:00  NAS100 28,877.50 29,016.75 28,637.50 28,900.50    22.25        0.08 123,808.00
5298  2026-06-11 21:00:00  NAS100 28,899.50 29,302.25 28,577.50 29,214.00   313.50        1.08 290,231.00
5299  2026-06-12 01:00:00  NAS100 29,213.50 29,544.25 29,068.50 29,433.25   219.25        0.75 155,964.00
5300  2026-06-12 05:00:00  NAS100 29,456.75 29,645.50 29,443.00 29,553.00   119.75        0.41  24,898.00
5301  2026-06-12 09:00:00  NAS100 29,553.00 29,587.00 29,375.00 29,401.00  -152.00       -0.51  15,622.00
5302  2026-06-12 13:00:00  NAS100 29,401.75 29,675.00 29,260.00 29,623.25   222.25        0.76  28,843.00
5303  2026-06-12 17:00:00  NAS100 29,623.50 29,660.00 29,230.00 29,349.50  -273.75       -0.92  84,872.00
5304  2026-06-12 21:00:00  NAS100 29,354.00 29,760.00 29,339.00 29,682.50   333.00        1.13 182,039.00
5305  2026-06-13 01:00:00  NAS100 29,684.00 29,732.25 29,580.50 29,677.75    -4.75       -0.02  78,380.00

==================================================
      HOÀN THÀNH PHÂN TÍCH TẤT CẢ CÁC MÃ          
==================================================
