
  ╭──────────────────────────────────────────────────────────╮
  │  ⚠️  VNSTOCK DEPRECATION NOTICE (31/08/2025)             │
  │                                                          │
  │  Lớp Vnstock và các phương thức cũ (stock, fx, crypto,   │
  │  world_index, fund...) đã chính thức bị ngừng hỗ trợ.    │
  │                                                          │
  │  Để hệ thống ổn định và nhận được cập nhật mới nhất,     │
  │  vui lòng chuyển sang dùng bộ thư viện `vnstock.api`.    │
  │                                                          │
  │  👉 Xem hướng dẫn Migration: /vnstock-migration          │
  ╰──────────────────────────────────────────────────────────╯

Mẫu code chuyển đổi (Migration Example):
--------------------------------------
Cũ (Old):  stock = Vnstock().stock('ACB')
Mới (New): from vnstock.api.quote import Quote
          q = Quote(symbol='ACB', source='VCI')

==================================================
      VNSTOCK 4.x OPTIMIZED ANALYZER
      Danh sách: NAS100
      Khung: 1D, Số lượng: 2000
==================================================

==================================================
      PHÂN TÍCH MÃ: NAS100 (Nasdaq 100 Futures) 
      Khung thời gian: 1D
==================================================

--- [ LỊCH SỬ GIÁ NAS100  ] ---
            time  symbol      open      high       low     close    change  pct_change       volume
0     2018-06-21  NAS100  7,315.25  7,358.50  7,226.25  7,237.75    -75.50       -1.03   424,012.00
1     2018-06-22  NAS100  7,228.00  7,274.00  7,198.25  7,222.75    -15.00       -0.21   322,915.00
2     2018-06-25  NAS100  7,222.75  7,222.75  6,995.50  7,073.50   -149.25       -2.07   598,963.00
3     2018-06-26  NAS100  7,064.25  7,130.00  7,040.50  7,104.00     30.50        0.43   399,009.00
4     2018-06-27  NAS100  7,098.25  7,151.50  6,988.00  6,998.25   -105.75       -1.49   546,252.00
5     2018-06-28  NAS100  6,998.75  7,076.50  6,956.00  7,060.50     62.25        0.89   483,220.00
6     2018-06-29  NAS100  7,055.25  7,123.75  7,045.00  7,066.75      6.25        0.09   396,079.00
7     2018-07-02  NAS100  7,068.25  7,119.75  6,987.50  7,116.50     49.75        0.70   379,570.00
8     2018-07-03  NAS100  7,113.75  7,165.00  7,022.25  7,023.75    -92.75       -1.30   300,232.00
9     2018-07-04  NAS100  7,023.00  7,128.00  7,015.00  7,125.75    102.00        1.45   378,283.00
10    2018-07-06  NAS100  7,118.75  7,237.75  7,101.25  7,233.50    107.75        1.51   320,304.00
11    2018-07-09  NAS100  7,232.50  7,303.50  7,232.25  7,300.25     66.75        0.92   269,931.00
12    2018-07-10  NAS100  7,300.75  7,335.50  7,259.50  7,301.50      1.25        0.02   286,748.00
13    2018-07-11  NAS100  7,263.50  7,290.00  7,204.50  7,253.75    -47.75       -0.65   373,366.00
14    2018-07-12  NAS100  7,259.75  7,387.00  7,249.50  7,382.75    129.00        1.78   304,341.00
15    2018-07-13  NAS100  7,382.00  7,414.25  7,367.00  7,393.00     10.25        0.14   279,818.00
16    2018-07-16  NAS100  7,399.50  7,413.75  7,316.00  7,325.00    -68.00       -0.92   246,001.00
17    2018-07-17  NAS100  7,320.00  7,436.00  7,292.50  7,421.75     96.75        1.32   343,273.00
18    2018-07-18  NAS100  7,424.25  7,437.75  7,381.50  7,404.50    -17.25       -0.23   267,804.00
19    2018-07-19  NAS100  7,400.00  7,416.00  7,354.75  7,367.75    -36.75       -0.50   321,505.00
20    2018-07-20  NAS100  7,380.25  7,413.75  7,350.75  7,360.00     -7.75       -0.11   302,839.00
21    2018-07-23  NAS100  7,368.00  7,432.75  7,311.50  7,430.50     70.50        0.96   287,213.00
22    2018-07-24  NAS100  7,420.25  7,489.75  7,386.75  7,416.25    -14.25       -0.19   406,774.00
23    2018-07-25  NAS100  7,410.50  7,530.00  7,397.00  7,469.50     53.25        0.72   351,372.00
24    2018-07-26  NAS100  7,412.25  7,450.00  7,362.00  7,430.75    -38.75       -0.52   392,494.00
25    2018-07-27  NAS100  7,429.50  7,467.00  7,263.50  7,301.25   -129.50       -1.74   534,684.00
26    2018-07-30  NAS100  7,293.00  7,309.25  7,166.75  7,200.50   -100.75       -1.38   497,537.00
27    2018-07-31  NAS100  7,210.00  7,298.00  7,189.25  7,244.75     44.25        0.61   430,194.00
28    2018-08-01  NAS100  7,293.00  7,303.75  7,241.00  7,277.00     32.25        0.45   370,601.00
29    2018-08-02  NAS100  7,284.25  7,395.25  7,214.25  7,385.75    108.75        1.49   441,069.00
30    2018-08-03  NAS100  7,392.00  7,415.00  7,362.25  7,402.00     16.25        0.22   298,355.00
31    2018-08-06  NAS100  7,404.25  7,449.75  7,387.50  7,444.00     42.00        0.57   250,166.00
32    2018-08-07  NAS100  7,442.50  7,486.75  7,440.25  7,477.25     33.25        0.45   260,630.00
33    2018-08-08  NAS100  7,478.25  7,496.00  7,442.50  7,471.50     -5.75       -0.08   250,480.00
34    2018-08-09  NAS100  7,463.50  7,505.50  7,458.75  7,475.50      4.00        0.05   236,834.00
35    2018-08-10  NAS100  7,472.25  7,472.75  7,390.75  7,427.00    -48.50       -0.65   389,778.00
36    2018-08-13  NAS100  7,425.50  7,479.00  7,378.25  7,417.00    -10.00       -0.13   377,939.00
37    2018-08-14  NAS100  7,420.50  7,465.00  7,397.00  7,457.75     40.75        0.55   305,390.00
38    2018-08-15  NAS100  7,460.50  7,464.75  7,316.50  7,374.00    -83.75       -1.12   521,164.00
39    2018-08-16  NAS100  7,380.00  7,434.50  7,363.25  7,389.00     15.00        0.20   348,395.00
40    2018-08-17  NAS100  7,382.50  7,407.00  7,321.75  7,387.75     -1.25       -0.02   366,862.00
41    2018-08-20  NAS100  7,390.50  7,420.75  7,351.50  7,387.00     -0.75       -0.01   286,070.00
42    2018-08-21  NAS100  7,381.25  7,452.25  7,369.00  7,397.50     10.50        0.14   320,662.00
43    2018-08-22  NAS100  7,374.25  7,444.75  7,352.00  7,433.25     35.75        0.48   309,493.00
44    2018-08-23  NAS100  7,433.50  7,475.00  7,411.25  7,424.50     -8.75       -0.12   356,371.00
45    2018-08-24  NAS100  7,427.00  7,499.50  7,422.75  7,495.75     71.25        0.96   278,682.00
46    2018-08-27  NAS100  7,499.00  7,569.00  7,498.75  7,568.00     72.25        0.96   280,533.00
47    2018-08-28  NAS100  7,568.25  7,597.25  7,564.25  7,578.00     10.00        0.13   273,330.00
48    2018-08-29  NAS100  7,581.00  7,674.50  7,581.00  7,668.75     90.75        1.20   311,623.00
49    2018-08-30  NAS100  7,672.75  7,697.00  7,626.25  7,649.00    -19.75       -0.26   390,929.00
50    2018-08-31  NAS100  7,641.75  7,682.25  7,633.25  7,661.25     12.25        0.16   346,901.00
51    2018-09-03  NAS100  7,670.00  7,693.75  7,586.75  7,638.75    -22.50       -0.29   470,667.00
52    2018-09-05  NAS100  7,642.25  7,643.25  7,503.25  7,531.75   -107.00       -1.40   522,313.00
53    2018-09-06  NAS100  7,530.00  7,544.50  7,407.75  7,457.50    -74.25       -0.99   650,890.00
54    2018-09-07  NAS100  7,454.75  7,494.75  7,393.00  7,438.50    -19.00       -0.25   606,515.00
55    2018-09-10  NAS100  7,433.00  7,483.50  7,414.00  7,460.25     21.75        0.29   418,797.00
56    2018-09-11  NAS100  7,460.50  7,524.75  7,404.50  7,512.00     51.75        0.69   467,702.00
57    2018-09-12  NAS100  7,515.25  7,541.00  7,425.00  7,485.75    -26.25       -0.35   586,137.00
58    2018-09-13  NAS100  7,483.25  7,583.25  7,470.00  7,564.50     78.75        1.05   459,821.00
59    2018-09-14  NAS100  7,563.50  7,598.75  7,515.25  7,544.75    -19.75       -0.26   237,770.00
60    2018-09-17  NAS100  7,534.00  7,547.25  7,429.50  7,436.25   -108.50       -1.44   197,770.00
61    2018-09-18  NAS100  7,463.50  7,564.25  7,422.25  7,524.50     88.25        1.19   472,740.00
62    2018-09-19  NAS100  7,529.25  7,546.00  7,470.75  7,526.50      2.00        0.03   407,425.00
63    2018-09-20  NAS100  7,529.75  7,616.75  7,514.00  7,608.75     82.25        1.09   403,730.00
64    2018-09-21  NAS100  7,609.00  7,637.50  7,547.50  7,550.50    -58.25       -0.77   371,830.00
65    2018-09-24  NAS100  7,539.75  7,594.00  7,473.75  7,586.00     35.50        0.47   390,762.00
66    2018-09-25  NAS100  7,591.00  7,603.25  7,550.50  7,595.25      9.25        0.12   318,332.00
67    2018-09-26  NAS100  7,598.00  7,668.00  7,577.50  7,590.25     -5.00       -0.07   405,833.00
68    2018-09-27  NAS100  7,590.25  7,686.25  7,586.00  7,657.25     67.00        0.88   377,694.00
69    2018-09-28  NAS100  7,663.50  7,677.00  7,617.00  7,655.25     -2.00       -0.03   381,496.00
70    2018-10-01  NAS100  7,672.00  7,728.75  7,652.00  7,675.50     20.25        0.26   358,159.00
71    2018-10-02  NAS100  7,675.00  7,712.75  7,630.25  7,652.75    -22.75       -0.30   392,577.00
72    2018-10-03  NAS100  7,656.25  7,703.75  7,641.50  7,664.75     12.00        0.16   394,538.00
73    2018-10-04  NAS100  7,651.00  7,651.00  7,456.50  7,514.25   -150.50       -1.96   704,908.00
74    2018-10-05  NAS100  7,521.00  7,540.00  7,347.00  7,436.00    -78.25       -1.04   735,015.00
75    2018-10-08  NAS100  7,443.25  7,453.25  7,286.50  7,391.75    -44.25       -0.60   615,687.00
76    2018-10-09  NAS100  7,391.00  7,455.75  7,337.00  7,399.00      7.25        0.10   583,403.00
77    2018-10-10  NAS100  7,394.75  7,412.00  7,000.00  7,032.00   -367.00       -4.96   924,204.00
78    2018-10-11  NAS100  7,010.25  7,138.00  6,907.75  7,031.00     -1.00       -0.01 1,146,270.00
79    2018-10-12  NAS100  7,040.75  7,197.75  7,034.25  7,172.25    141.25        2.01   772,623.00
80    2018-10-15  NAS100  7,176.75  7,179.00  7,060.75  7,076.50    -95.75       -1.34   641,765.00
81    2018-10-16  NAS100  7,068.25  7,357.50  7,063.50  7,353.75    277.25        3.92   614,355.00
82    2018-10-17  NAS100  7,339.75  7,368.50  7,221.50  7,313.25    -40.50       -0.55   663,303.00
83    2018-10-18  NAS100  7,307.75  7,309.50  7,094.50  7,137.75   -175.50       -2.40   705,908.00
84    2018-10-19  NAS100  7,154.00  7,244.25  7,092.75  7,106.50    -31.25       -0.44   661,050.00
85    2018-10-22  NAS100  7,085.75  7,210.50  7,057.00  7,155.25     48.75        0.69   650,331.00
86    2018-10-23  NAS100  7,155.00  7,164.00  6,944.00  7,140.25    -15.00       -0.21   825,811.00
87    2018-10-24  NAS100  7,136.25  7,175.00  6,785.75  6,836.25   -304.00       -4.26   895,420.00
88    2018-10-25  NAS100  6,878.50  7,075.75  6,816.75  6,926.50     90.25        1.32   793,502.00
89    2018-10-26  NAS100  6,882.00  6,986.50  6,734.25  6,893.25    -33.25       -0.48 1,069,548.00
90    2018-10-29  NAS100  6,898.00  6,991.50  6,580.50  6,736.25   -157.00       -2.28   905,327.00
91    2018-10-30  NAS100  6,719.25  6,849.25  6,661.00  6,815.25     79.00        1.17   832,546.00
92    2018-10-31  NAS100  6,857.00  7,039.25  6,816.75  6,975.50    160.25        2.35   755,201.00
93    2018-11-01  NAS100  6,960.00  7,079.75  6,936.75  7,077.75    102.25        1.47   589,071.00
94    2018-11-02  NAS100  6,987.25  7,143.25  6,911.25  6,980.25    -97.50       -1.38   793,339.00
95    2018-11-05  NAS100  6,972.75  6,998.50  6,865.00  6,949.50    -30.75       -0.44   506,045.00
96    2018-11-06  NAS100  6,947.25  7,034.75  6,906.75  7,016.50     67.00        0.96   514,296.00
97    2018-11-07  NAS100  7,011.50  7,225.00  6,971.50  7,218.50    202.00        2.88   621,601.00
98    2018-11-08  NAS100  7,212.75  7,231.00  7,132.00  7,166.00    -52.50       -0.73   477,828.00
99    2018-11-09  NAS100  7,145.75  7,166.25  6,989.00  7,031.25   -134.75       -1.88   596,695.00
100   2018-11-12  NAS100  7,026.25  7,103.75  6,825.75  6,835.00   -196.25       -2.79   702,949.00
101   2018-11-13  NAS100  6,847.00  6,962.00  6,801.25  6,853.00     18.00        0.26   711,516.00
102   2018-11-14  NAS100  6,861.75  6,929.50  6,746.00  6,768.25    -84.75       -1.24   731,312.00
103   2018-11-15  NAS100  6,780.00  6,920.50  6,712.25  6,915.50    147.25        2.18   793,461.00
104   2018-11-16  NAS100  6,874.50  6,915.00  6,806.25  6,895.25    -20.25       -0.29   691,502.00
105   2018-11-19  NAS100  6,875.00  6,934.50  6,632.25  6,672.00   -223.25       -3.24   743,936.00
106   2018-11-20  NAS100  6,668.50  6,670.00  6,449.50  6,532.50   -139.50       -2.09   910,469.00
107   2018-11-21  NAS100  6,527.75  6,647.75  6,509.00  6,576.25     43.75        0.67   569,302.00
108   2018-11-22  NAS100  6,525.00  6,601.50  6,495.00  6,531.00    -45.25       -0.69   362,540.00
109   2018-11-26  NAS100  6,537.50  6,696.50  6,530.50  6,673.25    142.25        2.18   503,369.00
110   2018-11-27  NAS100  6,639.50  6,723.00  6,613.25  6,712.50     39.25        0.59   577,173.00
111   2018-11-28  NAS100  6,722.25  6,923.50  6,709.25  6,918.25    205.75        3.07   639,404.00
112   2018-11-29  NAS100  6,907.00  6,943.75  6,843.00  6,913.25     -5.00       -0.07   530,605.00
113   2018-11-30  NAS100  6,902.25  6,967.25  6,871.50  6,949.50     36.25        0.52   485,575.00
114   2018-12-03  NAS100  7,041.00  7,139.00  7,015.25  7,058.25    108.75        1.56   575,964.00
115   2018-12-04  NAS100  7,055.25  7,055.25  6,783.00  6,803.25   -255.00       -3.61   811,925.00
116   2018-12-05  NAS100  6,796.00  6,861.75  6,792.50  6,803.25      0.00        0.00    70,696.00
117   2018-12-06  NAS100  6,834.50  6,854.25  6,630.25  6,824.50     21.25        0.31   986,103.00
118   2018-12-07  NAS100  6,835.50  6,856.50  6,594.75  6,623.50   -201.00       -2.95   854,199.00
119   2018-12-10  NAS100  6,596.25  6,714.50  6,535.25  6,699.25     75.75        1.14   778,327.00
120   2018-12-11  NAS100  6,695.00  6,808.75  6,651.25  6,717.00     17.75        0.26   734,366.00
121   2018-12-12  NAS100  6,686.50  6,872.00  6,683.50  6,769.00     52.00        0.77   663,375.00
122   2018-12-13  NAS100  6,769.00  6,838.50  6,723.00  6,752.00    -17.00       -0.25   626,806.00
123   2018-12-14  NAS100  6,752.00  6,760.75  6,583.25  6,599.50   -152.50       -2.26   351,779.00
124   2018-12-17  NAS100  6,580.00  6,635.25  6,401.25  6,466.25   -133.25       -2.02   323,403.00
125   2018-12-18  NAS100  6,496.50  6,577.50  6,457.00  6,483.75     17.50        0.27   646,315.00
126   2018-12-19  NAS100  6,464.75  6,610.00  6,301.25  6,352.25   -131.50       -2.03   714,462.00
127   2018-12-20  NAS100  6,350.00  6,404.50  6,180.00  6,325.25    -27.00       -0.43 1,011,493.00
128   2018-12-21  NAS100  6,325.00  6,338.00  6,030.00  6,059.00   -266.25       -4.21   862,689.00
129   2018-12-24  NAS100  6,049.75  6,123.00  5,888.75  5,892.00   -167.00       -2.76   449,594.00
130   2018-12-26  NAS100  5,902.00  6,310.00  5,820.50  6,285.50    393.50        6.68   642,440.00
131   2018-12-27  NAS100  6,283.00  6,333.00  6,053.25  6,323.50     38.00        0.60   740,129.00
132   2018-12-28  NAS100  6,309.00  6,402.50  6,243.75  6,293.25    -30.25       -0.48   644,735.00
133   2018-12-31  NAS100  6,312.25  6,376.75  6,283.00  6,333.25     40.00        0.64   386,061.00
134   2019-01-02  NAS100  6,349.50  6,409.25  6,154.00  6,371.00     37.75        0.60   659,316.00
135   2019-01-03  NAS100  6,242.75  6,304.25  6,148.50  6,162.00   -209.00       -3.28   714,536.00
136   2019-01-04  NAS100  6,168.75  6,462.00  6,136.50  6,434.00    272.00        4.41   696,539.00
137   2019-01-07  NAS100  6,451.25  6,535.75  6,402.50  6,496.50     62.50        0.97   516,597.00
138   2019-01-08  NAS100  6,506.00  6,586.25  6,467.25  6,557.25     60.75        0.94   539,049.00
139   2019-01-09  NAS100  6,546.75  6,645.00  6,546.75  6,604.75     47.50        0.72   496,789.00
140   2019-01-10  NAS100  6,597.25  6,641.75  6,527.50  6,625.25     20.50        0.31   496,364.00
141   2019-01-11  NAS100  6,622.50  6,632.50  6,572.00  6,612.75    -12.50       -0.19   364,787.00
142   2019-01-14  NAS100  6,599.00  6,602.50  6,521.50  6,545.00    -67.75       -1.02   364,990.00
143   2019-01-15  NAS100  6,543.00  6,689.00  6,542.25  6,676.75    131.75        2.01   492,324.00
144   2019-01-16  NAS100  6,674.50  6,737.25  6,664.00  6,666.25    -10.50       -0.16   443,742.00
145   2019-01-17  NAS100  6,670.00  6,760.00  6,612.25  6,720.00     53.75        0.81   472,761.00
146   2019-01-18  NAS100  6,722.75  6,828.25  6,712.00  6,792.75     72.75        1.08   499,881.00
147   2019-01-21  NAS100  6,794.50  6,794.50  6,611.50  6,653.00   -139.75       -2.06   651,258.00
148   2019-01-23  NAS100  6,652.00  6,724.25  6,592.25  6,665.25     12.25        0.18   515,044.00
149   2019-01-24  NAS100  6,663.00  6,718.50  6,653.00  6,675.00      9.75        0.15   449,017.00
150   2019-01-25  NAS100  6,684.50  6,810.50  6,676.75  6,791.25    116.25        1.74   446,822.00
151   2019-01-28  NAS100  6,784.25  6,791.00  6,648.25  6,701.75    -89.50       -1.32   490,045.00
152   2019-01-29  NAS100  6,695.25  6,721.00  6,616.75  6,638.75    -63.00       -0.94   441,622.00
153   2019-01-30  NAS100  6,690.25  6,845.25  6,657.75  6,837.25    198.50        2.99   526,133.00
154   2019-01-31  NAS100  6,844.25  6,943.00  6,839.25  6,914.75     77.50        1.13   557,023.00
155   2019-02-01  NAS100  6,911.00  6,927.50  6,860.50  6,877.75    -37.00       -0.54   461,403.00
156   2019-02-04  NAS100  6,863.75  6,983.00  6,858.25  6,937.50     59.75        0.87   353,660.00
157   2019-02-05  NAS100  6,937.50  7,033.75  6,928.25  7,008.00     70.50        1.02   369,764.00
158   2019-02-06  NAS100  7,009.25  7,038.75  6,972.25  6,995.75    -12.25       -0.17   376,560.00
159   2019-02-07  NAS100  6,988.00  6,994.75  6,856.25  6,905.50    -90.25       -1.29   595,400.00
160   2019-02-08  NAS100  6,902.00  6,926.25  6,841.00  6,916.75     11.25        0.16   464,342.00
161   2019-02-11  NAS100  6,921.75  6,969.50  6,896.25  6,914.25     -2.50       -0.04   384,589.00
162   2019-02-12  NAS100  6,908.50  7,028.50  6,903.00  7,018.50    104.25        1.51   363,950.00
163   2019-02-13  NAS100  7,017.25  7,069.75  7,012.00  7,016.25     -2.25       -0.03   359,971.00
164   2019-02-14  NAS100  7,017.25  7,057.50  6,972.00  7,019.75      3.50        0.05   490,159.00
165   2019-02-15  NAS100  7,017.50  7,095.25  6,975.25  7,063.75     44.00        0.63   430,944.00
166   2019-02-18  NAS100  7,063.75  7,094.75  7,035.25  7,068.25      4.50        0.06   386,613.00
167   2019-02-20  NAS100  7,068.75  7,105.00  7,032.25  7,073.25      5.00        0.07   418,267.00
168   2019-02-21  NAS100  7,070.75  7,113.75  7,005.00  7,034.50    -38.75       -0.55   432,866.00
169   2019-02-22  NAS100  7,031.25  7,101.25  7,019.25  7,088.25     53.75        0.76   367,501.00
170   2019-02-25  NAS100  7,108.50  7,168.50  7,102.00  7,125.75     37.50        0.53   346,624.00
171   2019-02-26  NAS100  7,122.00  7,151.00  7,073.25  7,117.75     -8.00       -0.11   362,741.00
172   2019-02-27  NAS100  7,109.25  7,131.75  7,048.00  7,121.75      4.00        0.06   367,938.00
173   2019-02-28  NAS100  7,121.25  7,130.75  7,072.50  7,102.50    -19.25       -0.27   360,883.00
174   2019-03-01  NAS100  7,106.50  7,164.50  7,098.25  7,156.00     53.50        0.75   383,198.00
175   2019-03-04  NAS100  7,177.00  7,211.50  7,074.50  7,145.75    -10.25       -0.14   556,660.00
176   2019-03-05  NAS100  7,144.50  7,182.00  7,124.25  7,165.50     19.75        0.28   364,928.00
177   2019-03-06  NAS100  7,156.00  7,171.25  7,107.00  7,111.25    -54.25       -0.76   444,302.00
178   2019-03-07  NAS100  7,109.00  7,123.25  7,003.25  7,027.50    -83.75       -1.18   556,540.00
179   2019-03-08  NAS100  7,025.50  7,034.00  6,939.00  7,026.75     -0.75       -0.01   312,130.00
180   2019-03-11  NAS100  7,022.25  7,176.75  6,997.50  7,164.75    138.00        1.96   203,726.00
181   2019-03-12  NAS100  7,200.00  7,250.50  7,188.00  7,234.25     69.50        0.97   419,767.00
182   2019-03-13  NAS100  7,237.75  7,324.25  7,211.00  7,296.50     62.25        0.86   405,395.00
183   2019-03-14  NAS100  7,302.75  7,318.50  7,265.75  7,267.25    -29.25       -0.40   361,924.00
184   2019-03-15  NAS100  7,272.50  7,361.00  7,269.75  7,343.25     76.00        1.05   412,124.00
185   2019-03-18  NAS100  7,338.00  7,379.50  7,321.75  7,360.75     17.50        0.24   366,874.00
186   2019-03-19  NAS100  7,362.25  7,421.25  7,351.25  7,376.50     15.75        0.21   427,134.00
187   2019-03-20  NAS100  7,378.00  7,458.00  7,349.50  7,409.50     33.00        0.45   550,615.00
188   2019-03-21  NAS100  7,400.50  7,541.00  7,367.75  7,534.50    125.00        1.69   523,249.00
189   2019-03-22  NAS100  7,526.75  7,544.75  7,353.00  7,368.75   -165.75       -2.20   694,561.00
190   2019-03-25  NAS100  7,372.25  7,390.50  7,290.00  7,355.25    -13.50       -0.18   596,897.00
191   2019-03-26  NAS100  7,363.00  7,447.50  7,340.50  7,376.75     21.50        0.29   557,412.00
192   2019-03-27  NAS100  7,383.50  7,404.75  7,276.00  7,334.50    -42.25       -0.57   592,979.00
193   2019-03-28  NAS100  7,323.50  7,372.50  7,289.50  7,352.00     17.50        0.24   446,378.00
194   2019-03-29  NAS100  7,350.25  7,414.50  7,350.25  7,400.50     48.50        0.66   395,579.00
195   2019-04-01  NAS100  7,430.00  7,506.50  7,428.50  7,498.50     98.00        1.32   412,914.00
196   2019-04-02  NAS100  7,495.25  7,532.50  7,483.75  7,519.25     20.75        0.28   359,192.00
197   2019-04-03  NAS100  7,517.00  7,616.25  7,513.25  7,582.25     63.00        0.84   483,546.00
198   2019-04-04  NAS100  7,581.25  7,598.00  7,522.00  7,561.50    -20.75       -0.27   432,440.00
199   2019-04-05  NAS100  7,565.00  7,612.75  7,556.00  7,604.25     42.75        0.57   358,710.00
200   2019-04-08  NAS100  7,607.75  7,629.25  7,561.25  7,623.50     19.25        0.25   333,328.00
201   2019-04-09  NAS100  7,625.75  7,633.75  7,578.75  7,593.25    -30.25       -0.40   389,517.00
202   2019-04-10  NAS100  7,590.50  7,646.00  7,575.75  7,641.25     48.00        0.63   332,696.00
203   2019-04-11  NAS100  7,644.00  7,661.00  7,601.50  7,617.25    -24.00       -0.31   340,950.00
204   2019-04-12  NAS100  7,617.00  7,665.00  7,611.00  7,652.25     35.00        0.46   346,210.00
205   2019-04-15  NAS100  7,654.00  7,659.00  7,598.75  7,647.75     -4.50       -0.06   322,483.00
206   2019-04-16  NAS100  7,650.75  7,695.00  7,648.75  7,679.50     31.75        0.42   373,199.00
207   2019-04-17  NAS100  7,676.50  7,733.50  7,668.50  7,689.75     10.25        0.13   463,944.00
208   2019-04-18  NAS100  7,691.50  7,723.00  7,660.25  7,712.50     22.75        0.30   393,586.00
209   2019-04-22  NAS100  7,715.25  7,746.75  7,669.75  7,734.75     22.25        0.29   253,668.00
210   2019-04-23  NAS100  7,738.00  7,843.75  7,724.50  7,838.00    103.25        1.33   427,149.00
211   2019-04-24  NAS100  7,833.50  7,852.75  7,802.25  7,847.75      9.75        0.12   387,633.00
212   2019-04-25  NAS100  7,855.25  7,879.50  7,792.00  7,798.50    -49.25       -0.63   488,329.00
213   2019-04-26  NAS100  7,799.25  7,845.50  7,755.50  7,840.25     41.75        0.54   467,051.00
214   2019-04-29  NAS100  7,837.25  7,867.75  7,805.50  7,813.75    -26.50       -0.34   320,324.00
215   2019-04-30  NAS100  7,805.25  7,857.00  7,740.00  7,800.00    -13.75       -0.18   463,833.00
216   2019-05-01  NAS100  7,848.75  7,867.25  7,736.00  7,756.50    -43.50       -0.56   484,406.00
217   2019-05-02  NAS100  7,737.75  7,805.00  7,682.25  7,734.25    -22.25       -0.29   592,822.00
218   2019-05-03  NAS100  7,739.00  7,872.50  7,734.75  7,865.00    130.75        1.69   454,088.00
219   2019-05-06  NAS100  7,810.00  7,817.50  7,667.50  7,803.50    -61.50       -0.78   630,196.00
220   2019-05-07  NAS100  7,744.75  7,804.00  7,581.25  7,674.00   -129.50       -1.66   838,952.00
221   2019-05-08  NAS100  7,663.75  7,698.00  7,600.00  7,647.50    -26.50       -0.35   621,509.00
222   2019-05-09  NAS100  7,639.75  7,644.50  7,481.00  7,595.25    -52.25       -0.68   741,216.00
223   2019-05-10  NAS100  7,591.00  7,654.50  7,435.75  7,610.25     15.00        0.20   802,652.00
224   2019-05-13  NAS100  7,534.25  7,551.50  7,305.00  7,314.75   -295.50       -3.88   773,473.00
225   2019-05-14  NAS100  7,315.25  7,459.50  7,290.00  7,421.00    106.25        1.45   547,769.00
226   2019-05-15  NAS100  7,429.25  7,538.50  7,353.75  7,529.25    108.25        1.46   535,915.00
227   2019-05-16  NAS100  7,524.25  7,641.00  7,473.50  7,600.25     71.00        0.94   525,588.00
228   2019-05-17  NAS100  7,600.75  7,620.00  7,506.50  7,511.50    -88.75       -1.17   626,777.00
229   2019-05-20  NAS100  7,514.75  7,559.25  7,361.50  7,391.75   -119.75       -1.59   634,294.00
230   2019-05-21  NAS100  7,408.25  7,485.25  7,400.75  7,464.00     72.25        0.98   436,744.00
231   2019-05-22  NAS100  7,462.75  7,475.00  7,391.25  7,430.00    -34.00       -0.46   455,678.00
232   2019-05-23  NAS100  7,430.75  7,434.75  7,268.00  7,311.00   -119.00       -1.60   640,165.00
233   2019-05-24  NAS100  7,316.75  7,379.75  7,300.50  7,315.50      4.50        0.06   407,810.00
234   2019-05-27  NAS100  7,315.50  7,371.75  7,280.25  7,295.25    -20.25       -0.28   528,983.00
235   2019-05-29  NAS100  7,291.50  7,296.00  7,183.25  7,216.00    -79.25       -1.09   568,052.00
236   2019-05-30  NAS100  7,214.75  7,271.25  7,208.50  7,255.25     39.25        0.54   403,475.00
237   2019-05-31  NAS100  7,251.75  7,256.00  7,129.25  7,133.50   -121.75       -1.68   540,433.00
238   2019-06-03  NAS100  7,110.00  7,132.50  6,941.25  6,993.75   -139.75       -1.96   771,723.00
239   2019-06-04  NAS100  7,008.75  7,186.50  6,981.75  7,179.25    185.50        2.65   565,396.00
240   2019-06-05  NAS100  7,189.00  7,245.25  7,150.25  7,228.50     49.25        0.69   534,798.00
241   2019-06-06  NAS100  7,213.75  7,299.25  7,181.00  7,282.25     53.75        0.74   433,916.00
242   2019-06-07  NAS100  7,266.50  7,453.00  7,257.75  7,419.50    137.25        1.88   484,835.00
243   2019-06-10  NAS100  7,469.00  7,578.50  7,431.25  7,515.50     96.00        1.29   463,884.00
244   2019-06-11  NAS100  7,519.50  7,600.75  7,492.75  7,518.25      2.75        0.04   461,725.00
245   2019-06-12  NAS100  7,517.75  7,531.00  7,461.00  7,473.25    -45.00       -0.60   388,858.00
246   2019-06-13  NAS100  7,476.00  7,536.00  7,421.00  7,522.75     49.50        0.66   396,174.00
247   2019-06-14  NAS100  7,503.25  7,520.75  7,451.50  7,478.25    -44.50       -0.59   254,822.00
248   2019-06-17  NAS100  7,481.00  7,550.75  7,476.00  7,534.25     56.00        0.75   184,038.00
249   2019-06-18  NAS100  7,570.50  7,721.75  7,541.75  7,673.50    139.25        1.85   490,205.00
250   2019-06-19  NAS100  7,668.00  7,713.50  7,630.00  7,702.00     28.50        0.37   409,721.00
251   2019-06-20  NAS100  7,696.25  7,821.00  7,692.75  7,772.75     70.75        0.92   500,886.00
252   2019-06-21  NAS100  7,762.75  7,803.50  7,726.00  7,751.50    -21.25       -0.27   379,078.00
253   2019-06-24  NAS100  7,744.50  7,794.25  7,731.75  7,758.75      7.25        0.09   260,978.00
254   2019-06-25  NAS100  7,753.00  7,779.50  7,609.50  7,628.75   -130.00       -1.68   424,811.00
255   2019-06-26  NAS100  7,633.00  7,719.00  7,616.25  7,650.00     21.25        0.28   376,979.00
256   2019-06-27  NAS100  7,641.00  7,716.50  7,640.75  7,690.50     40.50        0.53   300,152.00
257   2019-06-28  NAS100  7,685.25  7,726.00  7,664.00  7,693.75      3.25        0.04   310,126.00
258   2019-07-01  NAS100  7,781.50  7,849.75  7,759.00  7,790.00     96.25        1.25   406,594.00
259   2019-07-02  NAS100  7,792.50  7,843.25  7,763.00  7,838.25     48.25        0.62   297,574.00
260   2019-07-03  NAS100  7,840.25  7,892.75  7,824.50  7,887.50     49.25        0.63   209,604.00
261   2019-07-04  NAS100  7,887.75  7,909.75  7,797.25  7,851.50    -36.00       -0.46   375,287.00
262   2019-07-08  NAS100  7,855.00  7,863.50  7,777.50  7,801.00    -50.50       -0.64   342,228.00
263   2019-07-09  NAS100  7,802.25  7,858.75  7,743.00  7,845.25     44.25        0.57   346,314.00
264   2019-07-10  NAS100  7,848.00  7,949.50  7,811.25  7,928.75     83.50        1.06   442,842.00
265   2019-07-11  NAS100  7,924.25  7,963.25  7,894.25  7,918.75    -10.00       -0.13   407,894.00
266   2019-07-12  NAS100  7,917.25  7,967.50  7,911.75  7,960.00     41.25        0.52   299,817.00
267   2019-07-15  NAS100  7,958.25  7,992.00  7,941.25  7,986.75     26.75        0.34   247,176.00
268   2019-07-16  NAS100  7,982.75  8,001.50  7,924.00  7,942.75    -44.00       -0.55   303,702.00
269   2019-07-17  NAS100  7,939.75  7,966.25  7,868.00  7,885.50    -57.25       -0.72   303,890.00
270   2019-07-18  NAS100  7,868.00  7,954.75  7,833.00  7,933.50     48.00        0.61   413,722.00
271   2019-07-19  NAS100  7,950.50  7,980.75  7,815.25  7,842.75    -90.75       -1.14   438,469.00
272   2019-07-22  NAS100  7,830.00  7,936.50  7,826.25  7,924.75     82.00        1.05   355,209.00
273   2019-07-23  NAS100  7,926.50  7,985.75  7,908.00  7,983.75     59.00        0.74   357,765.00
274   2019-07-24  NAS100  7,944.00  8,051.75  7,925.25  8,038.00     54.25        0.68   356,159.00
275   2019-07-25  NAS100  8,004.50  8,034.50  7,917.25  7,981.75    -56.25       -0.70   433,945.00
276   2019-07-26  NAS100  7,992.00  8,040.75  7,987.50  8,019.75     38.00        0.48   322,305.00
277   2019-07-29  NAS100  8,017.50  8,031.75  7,951.75  8,001.25    -18.50       -0.23   301,214.00
278   2019-07-30  NAS100  8,004.25  8,020.00  7,928.25  7,963.25    -38.00       -0.47   394,698.00
279   2019-07-31  NAS100  7,992.50  8,001.25  7,782.25  7,866.75    -96.50       -1.21   556,437.00
280   2019-08-01  NAS100  7,834.00  8,014.50  7,776.75  7,808.25    -58.50       -0.74   772,956.00
281   2019-08-02  NAS100  7,797.00  7,806.00  7,650.25  7,702.25   -106.00       -1.36   736,453.00
282   2019-08-05  NAS100  7,701.75  7,705.50  7,359.75  7,385.25   -317.00       -4.12   848,399.00
283   2019-08-06  NAS100  7,349.00  7,549.00  7,224.50  7,515.50    130.25        1.76   845,239.00
284   2019-08-07  NAS100  7,512.75  7,577.50  7,387.50  7,553.25     37.75        0.50   851,275.00
285   2019-08-08  NAS100  7,553.50  7,738.50  7,526.00  7,735.75    182.50        2.42   553,666.00
286   2019-08-09  NAS100  7,699.50  7,724.00  7,596.75  7,660.25    -75.50       -0.98   619,044.00
287   2019-08-12  NAS100  7,654.50  7,710.00  7,534.75  7,566.75    -93.50       -1.22   552,715.00
288   2019-08-13  NAS100  7,570.25  7,789.50  7,514.00  7,748.00    181.25        2.40   674,983.00
289   2019-08-14  NAS100  7,746.50  7,767.50  7,477.00  7,488.75   -259.25       -3.35   825,231.00
290   2019-08-15  NAS100  7,469.00  7,572.75  7,388.25  7,496.25      7.50        0.10   705,042.00
291   2019-08-16  NAS100  7,509.25  7,632.50  7,502.50  7,611.75    115.50        1.54   449,473.00
292   2019-08-19  NAS100  7,617.25  7,750.00  7,616.00  7,727.50    115.75        1.52   401,476.00
293   2019-08-20  NAS100  7,717.25  7,752.00  7,655.50  7,668.00    -59.50       -0.77   414,176.00
294   2019-08-21  NAS100  7,655.00  7,765.75  7,652.25  7,750.25     82.25        1.07   344,352.00
295   2019-08-22  NAS100  7,756.00  7,782.25  7,654.00  7,711.25    -39.00       -0.50   487,622.00
296   2019-08-23  NAS100  7,705.75  7,762.00  7,447.75  7,504.50   -206.75       -2.68   763,864.00
297   2019-08-26  NAS100  7,435.00  7,626.00  7,353.25  7,590.50     86.00        1.15   617,907.00
298   2019-08-27  NAS100  7,591.50  7,648.50  7,537.00  7,562.75    -27.75       -0.37   520,966.00
299   2019-08-28  NAS100  7,564.00  7,605.75  7,504.25  7,599.25     36.50        0.48   480,975.00
300   2019-08-29  NAS100  7,582.25  7,730.25  7,548.50  7,712.00    112.75        1.48   447,668.00
301   2019-08-30  NAS100  7,704.25  7,770.50  7,646.00  7,690.75    -21.25       -0.28   450,746.00
302   2019-09-02  NAS100  7,628.25  7,695.50  7,580.75  7,617.50    -73.25       -0.95   643,037.00
303   2019-09-04  NAS100  7,614.25  7,730.00  7,608.50  7,722.75    105.25        1.38   399,672.00
304   2019-09-05  NAS100  7,722.00  7,886.75  7,717.25  7,855.50    132.75        1.72   478,413.00
305   2019-09-06  NAS100  7,853.50  7,895.00  7,838.25  7,857.75      2.25        0.03   356,484.00
306   2019-09-09  NAS100  7,857.00  7,887.00  7,798.50  7,830.75    -27.00       -0.34   372,953.00
307   2019-09-10  NAS100  7,834.00  7,857.75  7,744.25  7,815.00    -15.75       -0.20   446,533.00
308   2019-09-11  NAS100  7,818.50  7,905.00  7,786.50  7,889.75     74.75        0.96   383,871.00
309   2019-09-12  NAS100  7,893.25  7,982.75  7,886.75  7,921.50     31.75        0.40   448,979.00
310   2019-09-13  NAS100  7,916.25  7,958.50  7,881.75  7,886.00    -35.50       -0.45   243,852.00
311   2019-09-16  NAS100  7,856.75  7,873.25  7,776.25  7,856.50    -29.50       -0.37   199,321.00
312   2019-09-17  NAS100  7,887.00  7,921.50  7,850.75  7,914.50     58.00        0.74   331,358.00
313   2019-09-18  NAS100  7,916.25  7,929.50  7,813.50  7,918.00      3.50        0.04   402,501.00
314   2019-09-19  NAS100  7,925.00  7,973.75  7,852.50  7,918.00      0.00        0.00   400,780.00
315   2019-09-20  NAS100  7,921.00  7,952.25  7,810.75  7,830.50    -87.50       -1.11   425,158.00
316   2019-09-23  NAS100  7,839.25  7,897.50  7,807.75  7,850.50     20.00        0.26   348,180.00
317   2019-09-24  NAS100  7,869.00  7,904.75  7,701.75  7,735.25   -115.25       -1.47   609,261.00
318   2019-09-25  NAS100  7,738.25  7,844.25  7,663.00  7,820.25     85.00        1.10   540,081.00
319   2019-09-26  NAS100  7,822.50  7,842.75  7,734.75  7,787.25    -33.00       -0.42   489,320.00
320   2019-09-27  NAS100  7,787.00  7,822.00  7,641.00  7,701.25    -86.00       -1.10   598,171.00
321   2019-09-30  NAS100  7,735.50  7,788.75  7,705.75  7,770.50     69.25        0.90   337,872.00
322   2019-10-01  NAS100  7,784.00  7,841.50  7,691.00  7,695.50    -75.00       -0.97   478,759.00
323   2019-10-02  NAS100  7,711.00  7,730.50  7,525.50  7,546.25   -149.25       -1.94   586,568.00
324   2019-10-03  NAS100  7,551.50  7,661.50  7,474.25  7,658.50    112.25        1.49   582,820.00
325   2019-10-04  NAS100  7,656.75  7,773.75  7,624.00  7,767.25    108.75        1.42   420,539.00
326   2019-10-07  NAS100  7,712.50  7,799.75  7,682.50  7,740.00    -27.25       -0.35   381,262.00
327   2019-10-08  NAS100  7,736.00  7,784.50  7,613.50  7,622.00   -118.00       -1.52   552,145.00
328   2019-10-09  NAS100  7,621.00  7,732.00  7,604.50  7,699.75     77.75        1.02   404,170.00
329   2019-10-10  NAS100  7,702.25  7,798.75  7,583.25  7,760.25     60.50        0.79   535,042.00
330   2019-10-11  NAS100  7,783.25  7,918.50  7,767.00  7,859.00     98.75        1.27   490,521.00
331   2019-10-14  NAS100  7,850.25  7,894.75  7,807.00  7,857.50     -1.50       -0.02   311,101.00
332   2019-10-15  NAS100  7,862.25  7,971.75  7,859.75  7,959.75    102.25        1.30   347,657.00
333   2019-10-16  NAS100  7,960.00  7,960.25  7,907.50  7,948.50    -11.25       -0.14   347,550.00
334   2019-10-17  NAS100  7,954.25  7,994.75  7,922.00  7,952.75      4.25        0.05   368,623.00
335   2019-10-18  NAS100  7,953.75  7,958.50  7,835.75  7,880.75    -72.00       -0.91   437,753.00
336   2019-10-21  NAS100  7,874.25  7,951.75  7,865.75  7,948.25     67.50        0.86   275,031.00
337   2019-10-22  NAS100  7,949.25  7,988.75  7,837.25  7,858.75    -89.50       -1.13   377,545.00
338   2019-10-23  NAS100  7,846.25  7,918.25  7,810.25  7,901.50     42.75        0.54   348,671.00
339   2019-10-24  NAS100  7,922.75  7,984.00  7,913.25  7,928.25     26.75        0.34   380,967.00
340   2019-10-25  NAS100  7,928.50  8,041.50  7,918.50  8,035.75    107.50        1.36   348,318.00
341   2019-10-28  NAS100  8,048.00  8,127.50  8,048.00  8,094.75     59.00        0.73   309,114.00
342   2019-10-29  NAS100  8,109.25  8,118.75  8,050.75  8,055.25    -39.50       -0.49   351,246.00
343   2019-10-30  NAS100  8,057.25  8,141.00  8,020.50  8,111.25     56.00        0.70   381,307.00
344   2019-10-31  NAS100  8,128.50  8,139.00  8,046.00  8,090.25    -21.00       -0.26   448,458.00
345   2019-11-01  NAS100  8,094.25  8,168.00  8,084.50  8,160.25     70.00        0.87   348,326.00
346   2019-11-04  NAS100  8,165.00  8,233.75  8,164.00  8,215.75     55.50        0.68   325,479.00
347   2019-11-05  NAS100  8,221.50  8,248.00  8,193.25  8,210.75     -5.00       -0.06   305,795.00
348   2019-11-06  NAS100  8,208.00  8,228.25  8,161.00  8,207.25     -3.50       -0.04   314,414.00
349   2019-11-07  NAS100  8,213.75  8,282.25  8,190.00  8,230.50     23.25        0.28   366,403.00
350   2019-11-08  NAS100  8,230.00  8,264.25  8,190.00  8,257.25     26.75        0.33   326,871.00
351   2019-11-11  NAS100  8,257.25  8,261.75  8,206.50  8,249.75     -7.50       -0.09   229,844.00
352   2019-11-12  NAS100  8,253.25  8,300.25  8,228.50  8,275.00     25.25        0.31   316,729.00
353   2019-11-13  NAS100  8,273.00  8,281.50  8,220.00  8,265.75     -9.25       -0.11   382,042.00
354   2019-11-14  NAS100  8,269.00  8,285.50  8,216.25  8,265.50     -0.25       -0.00   381,593.00
355   2019-11-15  NAS100  8,267.50  8,324.00  8,261.25  8,318.75     53.25        0.64   367,145.00
356   2019-11-18  NAS100  8,318.75  8,367.00  8,279.25  8,333.50     14.75        0.18   370,609.00
357   2019-11-19  NAS100  8,335.00  8,379.00  8,312.50  8,341.50      8.00        0.10   373,942.00
358   2019-11-20  NAS100  8,333.00  8,348.00  8,231.00  8,291.75    -49.75       -0.60   526,978.00
359   2019-11-21  NAS100  8,261.50  8,308.00  8,240.00  8,274.50    -17.25       -0.21   411,833.00
360   2019-11-22  NAS100  8,280.25  8,313.50  8,233.25  8,280.50      6.00        0.07   344,497.00
361   2019-11-25  NAS100  8,303.25  8,379.25  8,296.50  8,376.50     96.00        1.16   259,485.00
362   2019-11-26  NAS100  8,374.25  8,422.00  8,366.25  8,400.75     24.25        0.29   285,726.00
363   2019-11-27  NAS100  8,402.75  8,458.75  8,397.00  8,454.75     54.00        0.64   240,866.00
364   2019-11-28  NAS100  8,456.75  8,458.25  8,406.50  8,417.50    -37.25       -0.44   242,603.00
365   2019-12-02  NAS100  8,424.50  8,457.25  8,276.50  8,316.00   -101.50       -1.21   559,474.00
366   2019-12-03  NAS100  8,313.75  8,337.50  8,168.25  8,251.25    -64.75       -0.78   614,317.00
367   2019-12-04  NAS100  8,258.75  8,319.25  8,220.50  8,295.25     44.00        0.53   413,647.00
368   2019-12-05  NAS100  8,296.25  8,340.00  8,273.25  8,309.25     14.00        0.17   370,987.00
369   2019-12-06  NAS100  8,311.00  8,409.50  8,307.75  8,400.25     91.00        1.10   302,782.00
370   2019-12-09  NAS100  8,401.50  8,427.25  8,347.00  8,356.00    -44.25       -0.53   292,419.00
371   2019-12-10  NAS100  8,354.50  8,398.00  8,297.00  8,363.75      7.75        0.09   403,364.00
372   2019-12-11  NAS100  8,366.25  8,411.00  8,345.00  8,405.50     41.75        0.50   304,183.00
373   2019-12-12  NAS100  8,407.50  8,497.00  8,381.00  8,465.25     59.75        0.71   554,338.00
374   2019-12-13  NAS100  8,485.00  8,523.75  8,435.50  8,494.00     28.75        0.34   335,038.00
375   2019-12-16  NAS100  8,507.00  8,587.75  8,503.25  8,576.00     82.00        0.97   192,050.00
376   2019-12-17  NAS100  8,604.50  8,626.50  8,592.75  8,605.25     29.25        0.34   311,604.00
377   2019-12-18  NAS100  8,597.75  8,641.25  8,595.25  8,620.75     15.50        0.18   292,213.00
378   2019-12-19  NAS100  8,624.75  8,682.50  8,608.75  8,673.50     52.75        0.61   283,145.00
379   2019-12-20  NAS100  8,679.50  8,724.75  8,665.25  8,710.75     37.25        0.43   307,870.00
380   2019-12-23  NAS100  8,710.75  8,743.25  8,707.50  8,726.50     15.75        0.18   194,915.00
381   2019-12-24  NAS100  8,728.25  8,736.00  8,707.00  8,729.50      3.00        0.03   106,029.00
382   2019-12-26  NAS100  8,730.25  8,805.00  8,729.00  8,804.25     74.75        0.86   170,684.00
383   2019-12-27  NAS100  8,801.00  8,843.50  8,769.00  8,783.25    -21.00       -0.24   322,888.00
384   2019-12-30  NAS100  8,783.50  8,809.75  8,691.25  8,733.75    -49.50       -0.56   404,047.00
385   2019-12-31  NAS100  8,731.75  8,772.25  8,692.25  8,752.25     18.50        0.21   284,519.00
386   2020-01-02  NAS100  8,776.75  8,901.50  8,769.50  8,891.75    139.50        1.59   416,637.00
387   2020-01-03  NAS100  8,895.50  8,907.25  8,735.25  8,810.00    -81.75       -0.92   599,887.00
388   2020-01-06  NAS100  8,772.25  8,873.00  8,723.00  8,847.50     37.50        0.43   469,514.00
389   2020-01-07  NAS100  8,853.25  8,894.75  8,825.75  8,853.00      5.50        0.06   510,004.00
390   2020-01-08  NAS100  8,841.50  8,972.25  8,678.00  8,944.50     91.50        1.03   723,085.00
391   2020-01-09  NAS100  8,948.75  9,022.25  8,932.50  9,009.00     64.50        0.72   457,262.00
392   2020-01-10  NAS100  9,010.00  9,055.50  8,966.25  8,978.25    -30.75       -0.34   472,166.00
393   2020-01-13  NAS100  8,979.00  9,095.50  8,979.00  9,088.25    110.00        1.23   380,440.00
394   2020-01-14  NAS100  9,087.75  9,114.75  9,035.00  9,062.50    -25.75       -0.28   553,343.00
395   2020-01-15  NAS100  9,062.00  9,096.00  9,023.00  9,060.00     -2.50       -0.03   497,100.00
396   2020-01-16  NAS100  9,061.75  9,140.25  9,061.50  9,133.50     73.50        0.81   397,881.00
397   2020-01-17  NAS100  9,137.00  9,189.25  9,130.00  9,174.50     41.00        0.45   438,669.00
398   2020-01-20  NAS100  9,174.00  9,199.75  9,114.75  9,169.75     -4.75       -0.05   532,160.00
399   2020-01-22  NAS100  9,179.50  9,254.00  9,174.25  9,195.75     26.00        0.28   519,015.00
400   2020-01-23  NAS100  9,190.00  9,253.50  9,151.75  9,248.25     52.50        0.57   616,950.00
401   2020-01-24  NAS100  9,252.00  9,287.25  9,109.50  9,144.50   -103.75       -1.12   758,796.00
402   2020-01-27  NAS100  9,077.00  9,077.00  8,925.50  8,954.50   -190.00       -2.08   792,705.00
403   2020-01-28  NAS100  8,952.50  9,136.25  8,952.50  9,105.25    150.75        1.68   632,550.00
404   2020-01-29  NAS100  9,119.50  9,158.75  9,072.25  9,098.50     -6.75       -0.07   578,408.00
405   2020-01-30  NAS100  9,111.25  9,240.00  9,003.50  9,216.25    117.75        1.29   846,585.00
406   2020-01-31  NAS100  9,226.50  9,248.75  8,966.00  8,997.75   -218.50       -2.37   898,384.00
407   2020-02-03  NAS100  8,982.75  9,155.75  8,975.00  9,114.25    116.50        1.29   680,726.00
408   2020-02-04  NAS100  9,099.00  9,369.25  9,073.00  9,355.00    240.75        2.64   563,913.00
409   2020-02-05  NAS100  9,357.00  9,462.75  9,317.75  9,381.50     26.50        0.28   729,548.00
410   2020-02-06  NAS100  9,390.00  9,464.00  9,362.50  9,455.50     74.00        0.79   545,054.00
411   2020-02-07  NAS100  9,467.00  9,471.00  9,385.00  9,409.50    -46.00       -0.49   592,695.00
412   2020-02-10  NAS100  9,401.50  9,531.50  9,330.75  9,527.50    118.00        1.25   500,147.00
413   2020-02-11  NAS100  9,525.00  9,609.50  9,501.25  9,527.25     -0.25       -0.00   589,570.00
414   2020-02-12  NAS100  9,536.25  9,628.25  9,523.75  9,625.75     98.50        1.03   454,472.00
415   2020-02-13  NAS100  9,621.50  9,644.75  9,511.25  9,613.00    -12.75       -0.13   613,580.00
416   2020-02-14  NAS100  9,626.25  9,659.25  9,588.00  9,632.25     19.25        0.20   489,387.00
417   2020-02-17  NAS100  9,635.00  9,687.50  9,534.25  9,636.00      3.75        0.04   668,505.00
418   2020-02-19  NAS100  9,643.25  9,748.75  9,641.25  9,733.50     97.50        1.01   419,130.00
419   2020-02-20  NAS100  9,744.75  9,763.00  9,517.00  9,624.25   -109.25       -1.12   802,424.00
420   2020-02-21  NAS100  9,617.25  9,623.75  9,411.50  9,458.00   -166.25       -1.73   911,839.00
421   2020-02-24  NAS100  9,355.25  9,365.00  9,041.25  9,091.00   -367.00       -3.88 1,171,879.00
422   2020-02-25  NAS100  9,091.00  9,224.25  8,810.00  8,854.25   -236.75       -2.60 1,344,897.00
423   2020-02-26  NAS100  8,868.25  9,037.50  8,709.50  8,850.25     -4.00       -0.05 1,251,412.00
424   2020-02-27  NAS100  8,811.50  8,878.50  8,334.25  8,382.75   -467.50       -5.28 1,580,041.00
425   2020-02-28  NAS100  8,347.00  8,574.75  8,126.25  8,454.00     71.25        0.85 1,527,204.00
426   2020-03-02  NAS100  8,349.25  8,883.25  8,224.25  8,791.25    337.25        3.99 1,373,357.00
427   2020-03-03  NAS100  8,830.50  9,002.50  8,511.00  8,582.50   -208.75       -2.37 1,295,648.00
428   2020-03-04  NAS100  8,557.50  8,950.00  8,508.25  8,896.50    314.00        3.66   939,032.00
429   2020-03-05  NAS100  8,889.00  8,899.75  8,610.75  8,648.75   -247.75       -2.78   954,104.00
430   2020-03-06  NAS100  8,677.00  8,726.50  8,310.50  8,503.25   -145.50       -1.68 1,097,279.00
431   2020-03-09  NAS100  8,369.00  8,375.00  7,820.00  7,951.50   -551.75       -6.49   560,913.00
432   2020-03-10  NAS100  7,893.75  8,378.75  7,814.25  8,331.50    380.00        4.78   982,070.00
433   2020-03-11  NAS100  8,317.00  8,334.25  7,892.75  8,003.50   -328.00       -3.94   990,236.00
434   2020-03-12  NAS100  7,998.75  8,108.00  7,128.50  7,215.25   -788.25       -9.85   876,291.00
435   2020-03-13  NAS100  7,100.00  7,978.00  6,942.50  7,915.75    700.50        9.71   584,274.00
436   2020-03-16  NAS100  7,903.00  7,905.25  6,927.00  7,057.50   -858.25      -10.84   307,368.00
437   2020-03-17  NAS100  7,036.25  7,537.00  6,931.25  7,392.25    334.75        4.74   563,210.00
438   2020-03-18  NAS100  7,343.25  7,380.00  6,810.00  7,205.50   -186.75       -2.53   512,012.00
439   2020-03-19  NAS100  7,234.25  7,502.50  6,874.25  7,273.50     68.00        0.94   516,046.00
440   2020-03-20  NAS100  7,177.00  7,629.00  6,891.00  6,969.00   -304.50       -4.19   562,616.00
441   2020-03-23  NAS100  6,798.00  7,316.25  6,628.75  6,984.50     15.50        0.22   633,237.00
442   2020-03-24  NAS100  7,005.75  7,572.25  7,005.75  7,554.75    570.25        8.16   556,553.00
443   2020-03-25  NAS100  7,544.75  7,761.00  7,371.50  7,467.75    -87.00       -1.15   656,698.00
444   2020-03-26  NAS100  7,483.50  7,893.50  7,310.25  7,844.00    376.25        5.04   567,711.00
445   2020-03-27  NAS100  7,882.75  7,893.25  7,551.25  7,568.50   -275.50       -3.51   443,315.00
446   2020-03-30  NAS100  7,395.75  7,884.00  7,365.00  7,854.75    286.25        3.78   419,576.00
447   2020-03-31  NAS100  7,856.75  7,995.00  7,747.50  7,786.25    -68.50       -0.87   424,386.00
448   2020-04-01  NAS100  7,772.50  7,773.50  7,404.25  7,438.75   -347.50       -4.46   411,364.00
449   2020-04-02  NAS100  7,473.50  7,656.25  7,376.00  7,627.25    188.50        2.53   436,829.00
450   2020-04-03  NAS100  7,623.00  7,660.25  7,423.50  7,522.75   -104.50       -1.37   351,874.00
451   2020-04-06  NAS100  7,535.75  8,099.00  7,535.50  8,029.75    507.00        6.74   396,874.00
452   2020-04-07  NAS100  8,034.25  8,303.25  7,948.00  8,012.00    -17.75       -0.22   531,043.00
453   2020-04-08  NAS100  8,015.00  8,242.00  7,953.25  8,189.75    177.75        2.22   424,380.00
454   2020-04-09  NAS100  8,195.25  8,326.25  8,101.75  8,227.50     37.75        0.46   522,648.00
455   2020-04-13  NAS100  8,296.00  8,338.75  8,073.25  8,327.25     99.75        1.21   385,072.00
456   2020-04-14  NAS100  8,337.00  8,710.00  8,319.00  8,692.50    365.25        4.39   431,916.00
457   2020-04-15  NAS100  8,706.25  8,707.50  8,486.50  8,594.00    -98.50       -1.13   407,752.00
458   2020-04-16  NAS100  8,576.00  8,842.50  8,500.50  8,734.25    140.25        1.63   539,163.00
459   2020-04-17  NAS100  8,909.75  8,966.75  8,689.50  8,809.00     74.75        0.86   509,555.00
460   2020-04-20  NAS100  8,799.50  8,846.00  8,687.00  8,692.00   -117.00       -1.33   427,981.00
461   2020-04-21  NAS100  8,695.00  8,763.00  8,342.00  8,431.75   -260.25       -2.99   582,449.00
462   2020-04-22  NAS100  8,447.00  8,700.00  8,400.00  8,638.00    206.25        2.45   373,067.00
463   2020-04-23  NAS100  8,636.25  8,786.50  8,580.50  8,598.75    -39.25       -0.45   435,112.00
464   2020-04-24  NAS100  8,588.25  8,780.25  8,498.25  8,769.00    170.25        1.98   380,231.00
465   2020-04-27  NAS100  8,766.00  8,898.00  8,730.00  8,824.25     55.25        0.63   355,545.00
466   2020-04-28  NAS100  8,819.00  8,945.75  8,654.50  8,719.75   -104.50       -1.18   440,939.00
467   2020-04-29  NAS100  8,759.25  9,118.75  8,733.75  9,036.50    316.75        3.63   432,414.00
468   2020-04-30  NAS100  9,109.50  9,144.75  8,856.50  8,988.50    -48.00       -0.53   462,961.00
469   2020-05-01  NAS100  8,847.00  8,879.00  8,672.00  8,718.00   -270.50       -3.01   414,560.00
470   2020-05-04  NAS100  8,624.00  8,828.00  8,556.25  8,795.50     77.50        0.89   381,914.00
471   2020-05-05  NAS100  8,806.25  9,020.00  8,798.50  8,924.25    128.75        1.46   367,233.00
472   2020-05-06  NAS100  8,928.50  9,056.50  8,877.75  8,952.00     27.75        0.31   414,045.00
473   2020-05-07  NAS100  8,947.50  9,126.00  8,930.25  9,107.75    155.75        1.74   383,884.00
474   2020-05-08  NAS100  9,115.00  9,238.00  9,103.25  9,218.25    110.50        1.21   362,315.00
475   2020-05-11  NAS100  9,194.75  9,339.00  9,118.50  9,279.00     60.75        0.66   398,142.00
476   2020-05-12  NAS100  9,282.00  9,345.50  9,040.50  9,078.25   -200.75       -2.16   500,539.00
477   2020-05-13  NAS100  9,045.75  9,202.75  8,878.25  8,992.25    -86.00       -0.95   703,290.00
478   2020-05-14  NAS100  9,012.75  9,104.00  8,847.00  9,079.50     87.25        0.97   639,071.00
479   2020-05-15  NAS100  9,085.50  9,148.50  8,925.50  9,096.50     17.00        0.19   537,250.00
480   2020-05-18  NAS100  9,135.00  9,361.50  9,110.25  9,325.50    229.00        2.52   398,562.00
481   2020-05-19  NAS100  9,316.25  9,417.25  9,283.75  9,300.75    -24.75       -0.27   392,499.00
482   2020-05-20  NAS100  9,289.75  9,498.00  9,273.00  9,485.50    184.75        1.99   369,922.00
483   2020-05-21  NAS100  9,494.75  9,510.75  9,352.00  9,355.75   -129.75       -1.37   429,220.00
484   2020-05-22  NAS100  9,360.50  9,422.50  9,241.50  9,406.25     50.50        0.54   365,377.00
485   2020-05-25  NAS100  9,396.25  9,604.00  9,373.00  9,406.50      0.25        0.00   486,546.00
486   2020-05-27  NAS100  9,409.00  9,508.00  9,172.50  9,432.50     26.00        0.28   560,524.00
487   2020-05-28  NAS100  9,436.50  9,565.50  9,320.50  9,460.25     27.75        0.29   510,617.00
488   2020-05-29  NAS100  9,453.50  9,590.50  9,372.00  9,560.25    100.00        1.06   529,700.00
489   2020-06-01  NAS100  9,513.00  9,605.75  9,450.25  9,595.00     34.75        0.36   345,593.00
490   2020-06-02  NAS100  9,590.00  9,670.00  9,504.75  9,647.75     52.75        0.55   389,908.00
491   2020-06-03  NAS100  9,657.50  9,728.25  9,635.50  9,684.75     37.00        0.38   376,694.00
492   2020-06-04  NAS100  9,685.50  9,742.50  9,572.25  9,626.25    -58.50       -0.60   462,358.00
493   2020-06-05  NAS100  9,643.50  9,846.25  9,601.75  9,808.50    182.25        1.89   513,656.00
494   2020-06-08  NAS100  9,819.00  9,901.00  9,747.00  9,884.75     76.25        0.78   391,647.00
495   2020-06-09  NAS100  9,887.25 10,005.25  9,811.50  9,951.00     66.25        0.67   437,442.00
496   2020-06-10  NAS100  9,960.00 10,155.50  9,958.50 10,087.25    136.25        1.37   557,713.00
497   2020-06-11  NAS100 10,086.25 10,107.00  9,584.50  9,616.75   -470.50       -4.66   828,944.00
498   2020-06-12  NAS100  9,616.00  9,849.25  9,494.75  9,645.00     28.25        0.29   508,840.00
499   2020-06-15  NAS100  9,536.75  9,815.50  9,381.75  9,800.50    155.50        1.61   319,211.00
500   2020-06-16  NAS100  9,799.75 10,001.75  9,786.50  9,961.50    161.00        1.64   596,508.00
501   2020-06-17  NAS100  9,951.50 10,047.50  9,915.25  9,983.00     21.50        0.22   404,568.00
502   2020-06-18  NAS100  9,982.25 10,029.00  9,866.50  9,983.00      0.00        0.00   431,111.00
503   2020-06-19  NAS100  9,985.00 10,112.50  9,916.00  9,923.50    -59.50       -0.60   518,436.00
504   2020-06-22  NAS100  9,868.00 10,134.50  9,843.50 10,124.75    201.25        2.03   354,768.00
505   2020-06-23  NAS100 10,121.50 10,296.25  9,972.25 10,196.00     71.25        0.70   406,477.00
506   2020-06-24  NAS100 10,183.00 10,242.00  9,927.25 10,010.75   -185.25       -1.82   661,645.00
507   2020-06-25  NAS100 10,005.25 10,107.00  9,885.50 10,088.25     77.50        0.77   514,249.00
508   2020-06-26  NAS100 10,087.00 10,120.50  9,824.25  9,865.50   -222.75       -2.21   576,150.00
509   2020-06-29  NAS100  9,785.50  9,997.00  9,728.75  9,973.75    108.25        1.10   479,544.00
510   2020-06-30  NAS100  9,983.00 10,171.50  9,940.25 10,147.25    173.50        1.74   422,348.00
511   2020-07-01  NAS100 10,141.00 10,310.00 10,076.00 10,268.75    121.50        1.20   402,791.00
512   2020-07-02  NAS100 10,258.50 10,422.25 10,246.50 10,355.75     87.00        0.85   404,764.00
513   2020-07-03  NAS100 10,352.00 10,614.50 10,308.75 10,598.50    242.75        2.34   486,369.00
514   2020-07-07  NAS100 10,600.00 10,694.50 10,505.75 10,532.25    -66.25       -0.63   465,212.00
515   2020-07-08  NAS100 10,526.00 10,673.00 10,505.25 10,662.25    130.00        1.23   481,023.00
516   2020-07-09  NAS100 10,674.25 10,774.25 10,560.00 10,727.50     65.25        0.61   607,385.00
517   2020-07-10  NAS100 10,727.00 10,847.50 10,625.50 10,837.25    109.75        1.02   527,570.00
518   2020-07-13  NAS100 10,848.25 11,058.50 10,561.50 10,600.00   -237.25       -2.19   736,178.00
519   2020-07-14  NAS100 10,602.00 10,693.00 10,358.75 10,646.25     46.25        0.44   915,009.00
520   2020-07-15  NAS100 10,706.00 10,766.50 10,551.25 10,683.25     37.00        0.35   719,947.00
521   2020-07-16  NAS100 10,693.00 10,698.25 10,475.50 10,511.75   -171.50       -1.61   628,898.00
522   2020-07-17  NAS100 10,532.25 10,669.75 10,523.75 10,622.50    110.75        1.05   443,143.00
523   2020-07-20  NAS100 10,621.25 10,964.50 10,546.25 10,951.00    328.50        3.09   496,402.00
524   2020-07-21  NAS100 10,952.25 11,058.00 10,784.75 10,851.00   -100.00       -0.91   587,994.00
525   2020-07-22  NAS100 10,850.75 10,916.25 10,761.25 10,804.25    -46.75       -0.43   483,851.00
526   2020-07-23  NAS100 10,850.00 10,938.50 10,514.50 10,548.25   -256.00       -2.37   644,189.00
527   2020-07-24  NAS100 10,565.50 10,597.00 10,301.00 10,459.00    -89.25       -0.85   652,482.00
528   2020-07-27  NAS100 10,490.00 10,684.00 10,401.00 10,675.25    216.25        2.07   444,802.00
529   2020-07-28  NAS100 10,682.50 10,758.50 10,514.00 10,540.00   -135.25       -1.27   445,252.00
530   2020-07-29  NAS100 10,558.00 10,699.75 10,512.25 10,674.25    134.25        1.27   368,010.00
531   2020-07-30  NAS100 10,700.00 10,897.25 10,502.75 10,794.00    119.75        1.12   521,157.00
532   2020-07-31  NAS100 10,906.50 10,939.00 10,691.00 10,890.50     96.50        0.89   631,553.00
533   2020-08-03  NAS100 10,933.25 11,073.00 10,876.25 11,044.25    153.75        1.41   389,622.00
534   2020-08-04  NAS100 11,054.00 11,094.75 10,983.00 11,086.00     41.75        0.38   395,698.00
535   2020-08-05  NAS100 11,080.50 11,144.00 11,055.75 11,091.75      5.75        0.05   348,822.00
536   2020-08-06  NAS100 11,094.00 11,271.75 11,051.25 11,261.25    169.50        1.53   420,437.00
537   2020-08-07  NAS100 11,260.50 11,283.25 11,035.25 11,122.75   -138.50       -1.23   532,554.00
538   2020-08-10  NAS100 11,140.25 11,156.50 10,928.25 11,072.00    -50.75       -0.46   485,730.00
539   2020-08-11  NAS100 11,072.25 11,157.75 10,845.50 10,878.50   -193.50       -1.75   561,748.00
540   2020-08-12  NAS100 10,928.50 11,185.75 10,878.50 11,126.00    247.50        2.28   434,240.00
541   2020-08-13  NAS100 11,115.50 11,266.00 11,094.25 11,175.25     49.25        0.44   413,661.00
542   2020-08-14  NAS100 11,180.50 11,237.75 11,096.00 11,133.75    -41.50       -0.37   398,616.00
543   2020-08-17  NAS100 11,145.00 11,300.50 11,142.25 11,286.75    153.00        1.37   246,403.00
544   2020-08-18  NAS100 11,285.50 11,415.25 11,268.00 11,409.25    122.50        1.09   326,816.00
545   2020-08-19  NAS100 11,414.25 11,438.00 11,299.00 11,332.00    -77.25       -0.68   410,893.00
546   2020-08-20  NAS100 11,327.00 11,496.50 11,221.50 11,477.25    145.25        1.28   401,137.00
547   2020-08-21  NAS100 11,480.00 11,573.50 11,407.00 11,562.00     84.75        0.74   414,226.00
548   2020-08-24  NAS100 11,581.00 11,722.50 11,528.25 11,636.25     74.25        0.64   617,004.00
549   2020-08-25  NAS100 11,636.00 11,742.25 11,574.75 11,726.25     90.00        0.77   495,891.00
550   2020-08-26  NAS100 11,739.50 12,001.50 11,726.75 11,991.25    265.00        2.26   578,801.00
551   2020-08-27  NAS100 11,984.50 12,046.00 11,834.75 11,952.75    -38.50       -0.32   709,346.00
552   2020-08-28  NAS100 11,953.25 12,018.25 11,920.50 11,991.75     39.00        0.33   489,066.00
553   2020-08-31  NAS100 12,002.75 12,165.00 11,988.25 12,114.00    122.25        1.02   480,979.00
554   2020-09-01  NAS100 12,109.75 12,328.75 12,093.00 12,312.50    198.50        1.64   518,997.00
555   2020-09-02  NAS100 12,325.50 12,465.25 12,172.25 12,411.50     99.00        0.80   725,395.00
556   2020-09-03  NAS100 12,408.50 12,438.75 11,658.50 11,800.50   -611.00       -4.92   931,583.00
557   2020-09-04  NAS100 11,745.00 11,843.00 11,142.00 11,548.75   -251.75       -2.13 1,202,274.00
558   2020-09-07  NAS100 11,531.00 11,585.00 11,040.50 11,060.50   -488.25       -4.23 1,012,392.00
559   2020-09-09  NAS100 11,006.00 11,478.75 10,935.25 11,392.75    332.25        3.00   720,954.00
560   2020-09-10  NAS100 11,377.75 11,566.75 11,088.00 11,178.25   -214.50       -1.88   885,270.00
561   2020-09-11  NAS100 11,187.00 11,356.25 10,937.50 11,061.50   -116.75       -1.04   495,802.00
562   2020-09-14  NAS100 11,104.00 11,362.75 11,104.00 11,280.50    219.00        1.98   322,360.00
563   2020-09-15  NAS100 11,264.50 11,481.75 11,233.00 11,450.25    169.75        1.50   518,258.00
564   2020-09-16  NAS100 11,450.25 11,539.00 11,223.75 11,255.00   -195.25       -1.71   613,797.00
565   2020-09-17  NAS100 11,257.00 11,288.50 10,904.25 11,075.25   -179.75       -1.60   818,376.00
566   2020-09-18  NAS100 11,066.50 11,163.00 10,742.00 10,927.00   -148.25       -1.34   800,279.00
567   2020-09-21  NAS100 10,920.00 11,009.75 10,656.50 10,989.00     62.00        0.57   727,984.00
568   2020-09-22  NAS100 10,966.25 11,191.00 10,897.50 11,149.50    160.50        1.46   573,572.00
569   2020-09-23  NAS100 11,160.50 11,222.00 10,786.00 10,829.00   -320.50       -2.87   656,111.00
570   2020-09-24  NAS100 10,803.50 11,011.75 10,660.25 10,891.75     62.75        0.58   791,934.00
571   2020-09-25  NAS100 10,914.25 11,166.25 10,813.75 11,136.50    244.75        2.25   600,725.00
572   2020-09-28  NAS100 11,145.00 11,404.00 11,140.25 11,394.75    258.25        2.32   568,217.00
573   2020-09-29  NAS100 11,388.00 11,448.75 11,289.50 11,337.75    -57.00       -0.50   444,170.00
574   2020-09-30  NAS100 11,321.00 11,526.00 11,167.00 11,407.25     69.50        0.61   647,968.00
575   2020-10-01  NAS100 11,375.00 11,599.25 11,375.00 11,574.75    167.50        1.47   580,589.00
576   2020-10-02  NAS100 11,566.75 11,604.75 11,204.50 11,233.25   -341.50       -2.95   806,629.00
577   2020-10-05  NAS100 11,308.50 11,497.50 11,267.50 11,469.25    236.00        2.10   398,444.00
578   2020-10-06  NAS100 11,473.00 11,524.50 11,197.50 11,273.75   -195.50       -1.70   612,278.00
579   2020-10-07  NAS100 11,220.50 11,506.50 11,208.00 11,470.00    196.25        1.74   443,046.00
580   2020-10-08  NAS100 11,473.25 11,578.75 11,469.75 11,539.00     69.00        0.60   403,379.00
581   2020-10-09  NAS100 11,562.00 11,739.00 11,552.50 11,724.75    185.75        1.61   408,445.00
582   2020-10-12  NAS100 11,722.75 12,197.00 11,687.75 12,098.25    373.50        3.19   756,438.00
583   2020-10-13  NAS100 12,100.00 12,249.00 12,019.00 12,094.00     -4.25       -0.04   754,735.00
584   2020-10-14  NAS100 12,079.75 12,178.00 11,901.75 11,974.25   -119.75       -0.99   597,198.00
585   2020-10-15  NAS100 11,950.00 11,983.25 11,736.50 11,874.00   -100.25       -0.84   595,926.00
586   2020-10-16  NAS100 11,891.00 12,022.00 11,792.00 11,798.00    -76.00       -0.64   527,026.00
587   2020-10-19  NAS100 11,816.75 11,950.50 11,591.25 11,650.25   -147.75       -1.25   623,203.00
588   2020-10-20  NAS100 11,697.50 11,792.00 11,598.50 11,660.75     10.50        0.09   622,702.00
589   2020-10-21  NAS100 11,675.25 11,779.25 11,585.00 11,691.25     30.50        0.26   599,851.00
590   2020-10-22  NAS100 11,683.50 11,724.00 11,511.00 11,649.75    -41.50       -0.35   583,669.00
591   2020-10-23  NAS100 11,669.25 11,691.75 11,551.00 11,663.50     13.75        0.12   501,243.00
592   2020-10-26  NAS100 11,634.00 11,695.50 11,343.25 11,492.25   -171.25       -1.47   674,142.00
593   2020-10-27  NAS100 11,499.50 11,623.00 11,478.25 11,588.00     95.75        0.83   551,642.00
594   2020-10-28  NAS100 11,558.50 11,566.75 11,123.75 11,132.75   -455.25       -3.93   749,420.00
595   2020-10-29  NAS100 11,180.50 11,457.75 11,145.00 11,342.75    210.00        1.89   606,325.00
596   2020-10-30  NAS100 11,213.25 11,281.25 10,944.50 11,046.25   -296.50       -2.61   801,978.00
597   2020-11-02  NAS100 11,034.50 11,212.00 10,942.25 11,063.25     17.00        0.15   602,651.00
598   2020-11-03  NAS100 11,074.75 11,347.00 11,064.50 11,265.75    202.50        1.83   509,496.00
599   2020-11-04  NAS100 11,264.00 11,843.75 11,230.25 11,763.00    497.25        4.41   842,617.00
600   2020-11-05  NAS100 11,830.00 12,119.50 11,771.25 12,076.50    313.50        2.67   578,443.00
601   2020-11-06  NAS100 12,088.50 12,109.00 11,868.25 12,075.00     -1.50       -0.01   552,483.00
602   2020-11-09  NAS100 12,139.25 12,408.75 11,812.25 11,820.50   -254.50       -2.11   731,881.00
603   2020-11-10  NAS100 11,863.50 11,901.50 11,503.25 11,618.25   -202.25       -1.71   834,533.00
604   2020-11-11  NAS100 11,632.25 11,917.75 11,575.25 11,886.00    267.75        2.30   546,218.00
605   2020-11-12  NAS100 11,898.50 11,975.75 11,775.75 11,820.00    -66.00       -0.56   554,930.00
606   2020-11-13  NAS100 11,857.00 11,952.75 11,801.75 11,933.50    113.50        0.96   445,512.00
607   2020-11-16  NAS100 11,957.25 12,065.00 11,851.75 12,005.00     71.50        0.60   471,101.00
608   2020-11-17  NAS100 12,061.25 12,096.25 11,953.75 11,975.00    -30.00       -0.25   401,505.00
609   2020-11-18  NAS100 11,972.00 12,027.50 11,861.50 11,897.00    -78.00       -0.65   475,826.00
610   2020-11-19  NAS100 11,876.00 12,000.00 11,804.50 11,987.25     90.25        0.76   421,691.00
611   2020-11-20  NAS100 11,960.00 12,021.00 11,873.50 11,905.75    -81.50       -0.68   358,180.00
612   2020-11-23  NAS100 11,894.00 12,001.75 11,808.25 11,905.25     -0.50       -0.00   425,777.00
613   2020-11-24  NAS100 11,909.75 12,104.50 11,872.75 12,076.00    170.75        1.43   401,635.00
614   2020-11-25  NAS100 12,098.50 12,177.75 12,077.50 12,152.25     76.25        0.63   386,232.00
615   2020-11-26  NAS100 12,168.25 12,307.50 12,127.00 12,257.50    105.25        0.87   296,828.00
616   2020-11-30  NAS100 12,286.50 12,337.25 12,086.00 12,277.00     19.50        0.16   493,064.00
617   2020-12-01  NAS100 12,336.00 12,512.25 12,312.00 12,452.25    175.25        1.43   464,023.00
618   2020-12-02  NAS100 12,456.25 12,473.50 12,312.50 12,454.25      2.00        0.02   400,405.00
619   2020-12-03  NAS100 12,472.00 12,540.25 12,444.00 12,462.25      8.00        0.06   376,884.00
620   2020-12-04  NAS100 12,487.00 12,535.75 12,448.50 12,526.00     63.75        0.51   321,796.00
621   2020-12-07  NAS100 12,525.00 12,612.25 12,474.75 12,596.00     70.00        0.56   323,774.00
622   2020-12-08  NAS100 12,574.00 12,652.50 12,502.00 12,637.50     41.50        0.33   365,422.00
623   2020-12-09  NAS100 12,657.25 12,675.00 12,306.75 12,367.00   -270.50       -2.14   635,769.00
624   2020-12-10  NAS100 12,342.75 12,449.00 12,218.25 12,402.00     35.00        0.28   529,843.00
625   2020-12-11  NAS100 12,391.00 12,414.25 12,234.25 12,368.00    -34.00       -0.27   361,860.00
626   2020-12-14  NAS100 12,405.50 12,545.00 12,386.50 12,456.50     88.50        0.72   296,143.00
627   2020-12-15  NAS100 12,472.50 12,608.75 12,423.00 12,596.00    139.50        1.12   401,624.00
628   2020-12-16  NAS100 12,604.00 12,704.75 12,572.00 12,670.75     74.75        0.59   407,269.00
629   2020-12-17  NAS100 12,681.25 12,766.75 12,672.00 12,751.00     80.25        0.63   388,925.00
630   2020-12-18  NAS100 12,747.50 12,789.75 12,610.00 12,712.50    -38.50       -0.30   460,979.00
631   2020-12-21  NAS100 12,760.00 12,782.50 12,461.00 12,683.50    -29.00       -0.23   606,583.00
632   2020-12-22  NAS100 12,698.25 12,760.00 12,593.50 12,710.00     26.50        0.21   457,270.00
633   2020-12-23  NAS100 12,704.75 12,738.75 12,623.50 12,651.25    -58.75       -0.46   358,011.00
634   2020-12-24  NAS100 12,660.75 12,724.00 12,631.50 12,704.50     53.25        0.42   173,464.00
635   2020-12-28  NAS100 12,676.25 12,855.50 12,655.25 12,832.75    128.25        1.01   346,691.00
636   2020-12-29  NAS100 12,845.25 12,918.25 12,808.25 12,841.00      8.25        0.06   393,995.00
637   2020-12-30  NAS100 12,860.75 12,909.75 12,820.50 12,841.50      0.50        0.00   334,304.00
638   2020-12-31  NAS100 12,840.00 12,896.00 12,796.50 12,885.50     44.00        0.34   280,573.00
639   2021-01-04  NAS100 12,889.00 12,959.75 12,522.50 12,685.50   -200.00       -1.55   650,472.00
640   2021-01-05  NAS100 12,682.75 12,809.00 12,612.00 12,793.50    108.00        0.85   483,173.00
641   2021-01-06  NAS100 12,800.25 12,844.25 12,491.25 12,616.75   -176.75       -1.38   755,618.00
642   2021-01-07  NAS100 12,658.50 12,959.00 12,646.50 12,928.00    311.25        2.47   435,939.00
643   2021-01-08  NAS100 12,927.00 13,125.00 12,919.00 13,097.25    169.25        1.31   508,107.00
644   2021-01-11  NAS100 13,093.25 13,105.25 12,871.75 12,897.00   -200.25       -1.53   454,751.00
645   2021-01-12  NAS100 12,910.75 12,959.00 12,767.25 12,890.25     -6.75       -0.05   461,733.00
646   2021-01-13  NAS100 12,882.50 13,003.00 12,820.75 12,972.25     82.00        0.64   416,295.00
647   2021-01-14  NAS100 12,975.50 13,028.75 12,881.00 12,901.00    -71.25       -0.55   417,583.00
648   2021-01-15  NAS100 12,909.00 12,931.25 12,743.50 12,802.25    -98.75       -0.77   539,769.00
649   2021-01-18  NAS100 12,774.25 13,032.75 12,727.00 12,985.50    183.25        1.43   481,603.00
650   2021-01-20  NAS100 13,030.00 13,327.00 13,017.00 13,294.25    308.75        2.38   438,765.00
651   2021-01-21  NAS100 13,288.50 13,423.50 13,283.25 13,395.50    101.25        0.76   421,922.00
652   2021-01-22  NAS100 13,394.00 13,402.25 13,300.25 13,361.50    -34.00       -0.25   407,706.00
653   2021-01-25  NAS100 13,370.00 13,554.50 13,189.00 13,475.50    114.00        0.85   663,844.00
654   2021-01-26  NAS100 13,459.75 13,599.75 13,380.25 13,485.50     10.00        0.07   502,390.00
655   2021-01-27  NAS100 13,551.00 13,586.50 12,884.75 13,105.50   -380.00       -2.82   786,471.00
656   2021-01-28  NAS100 13,052.50 13,394.00 12,906.25 13,186.00     80.50        0.61   623,570.00
657   2021-01-29  NAS100 13,156.00 13,188.00 12,829.00 12,911.25   -274.75       -2.08   738,848.00
658   2021-02-01  NAS100 12,849.00 13,271.50 12,727.25 13,236.50    325.25        2.52   549,549.00
659   2021-02-02  NAS100 13,232.50 13,509.75 13,230.50 13,449.00    212.50        1.61   491,671.00
660   2021-02-03  NAS100 13,506.00 13,584.50 13,386.75 13,394.25    -54.75       -0.41   499,098.00
661   2021-02-04  NAS100 13,429.50 13,568.75 13,345.25 13,547.50    153.25        1.14   408,023.00
662   2021-02-05  NAS100 13,560.00 13,638.50 13,519.50 13,598.00     50.50        0.37   431,935.00
663   2021-02-08  NAS100 13,623.75 13,693.00 13,596.00 13,683.00     85.00        0.63   393,927.00
664   2021-02-09  NAS100 13,683.50 13,735.25 13,634.00 13,680.25     -2.75       -0.02   367,116.00
665   2021-02-10  NAS100 13,698.00 13,769.25 13,516.75 13,643.50    -36.75       -0.27   552,643.00
666   2021-02-11  NAS100 13,662.00 13,743.75 13,612.50 13,729.00     85.50        0.63   495,131.00
667   2021-02-12  NAS100 13,711.25 13,820.75 13,646.00 13,804.75     75.75        0.55   392,927.00
668   2021-02-15  NAS100 13,829.50 13,900.50 13,716.00 13,767.75    -37.00       -0.27   604,657.00
669   2021-02-17  NAS100 13,758.25 13,785.00 13,543.00 13,699.75    -68.00       -0.49   583,565.00
670   2021-02-18  NAS100 13,699.50 13,723.25 13,468.00 13,633.00    -66.75       -0.49   574,576.00
671   2021-02-19  NAS100 13,638.25 13,729.00 13,534.75 13,576.00    -57.00       -0.42   535,194.00
672   2021-02-22  NAS100 13,585.00 13,629.00 13,215.00 13,224.25   -351.75       -2.59   648,527.00
673   2021-02-23  NAS100 13,227.00 13,335.75 12,757.25 13,192.00    -32.25       -0.24   873,273.00
674   2021-02-24  NAS100 13,170.75 13,334.00 12,958.00 13,302.00    110.00        0.83   673,353.00
675   2021-02-25  NAS100 13,304.75 13,353.75 12,764.00 12,831.75   -470.25       -3.54   894,521.00
676   2021-02-26  NAS100 12,802.50 13,089.50 12,662.25 12,911.00     79.25        0.62   841,911.00
677   2021-03-01  NAS100 12,957.50 13,318.00 12,946.25 13,279.75    368.75        2.86   513,852.00
678   2021-03-02  NAS100 13,312.25 13,328.25 13,048.25 13,055.25   -224.50       -1.69   563,138.00
679   2021-03-03  NAS100 13,061.25 13,192.00 12,663.25 12,681.75   -373.50       -2.86   756,448.00
680   2021-03-04  NAS100 12,682.00 12,797.00 12,306.50 12,455.00   -226.75       -1.79 1,049,493.00
681   2021-03-05  NAS100 12,435.00 12,697.75 12,207.25 12,663.75    208.75        1.68 1,016,317.00
682   2021-03-08  NAS100 12,715.00 12,761.25 12,281.75 12,297.25   -366.50       -2.89   749,028.00
683   2021-03-09  NAS100 12,345.75 12,867.50 12,326.00 12,788.75    491.50        4.00   644,022.00
684   2021-03-10  NAS100 12,812.00 12,993.25 12,703.00 12,749.25    -39.50       -0.31   715,961.00
685   2021-03-11  NAS100 12,795.25 13,119.25 12,724.25 13,048.25    299.00        2.35   526,139.00
686   2021-03-12  NAS100 13,055.00 13,095.00 12,768.25 12,933.50   -114.75       -0.88   476,352.00
687   2021-03-15  NAS100 12,950.00 13,099.00 12,872.00 13,078.50    145.00        1.12   297,629.00
688   2021-03-16  NAS100 13,073.00 13,287.25 13,048.25 13,141.25     62.75        0.48   524,804.00
689   2021-03-17  NAS100 13,159.50 13,271.00 12,934.25 13,189.00     47.75        0.36   652,764.00
690   2021-03-18  NAS100 13,187.00 13,267.00 12,762.00 12,779.75   -409.25       -3.10   708,016.00
691   2021-03-19  NAS100 12,793.50 12,898.25 12,681.75 12,844.50     64.75        0.51   641,117.00
692   2021-03-22  NAS100 12,807.00 13,157.00 12,788.50 13,071.75    227.25        1.77   478,667.00
693   2021-03-23  NAS100 13,069.00 13,172.00 12,979.00 13,006.25    -65.50       -0.50   604,250.00
694   2021-03-24  NAS100 13,050.25 13,145.25 12,784.00 12,794.00   -212.25       -1.63   626,538.00
695   2021-03-25  NAS100 12,803.00 12,859.50 12,609.75 12,770.50    -23.50       -0.18   745,797.00
696   2021-03-26  NAS100 12,799.75 12,988.50 12,676.25 12,966.75    196.25        1.54   622,214.00
697   2021-03-29  NAS100 12,975.75 13,003.00 12,807.50 12,944.50    -22.25       -0.17   574,193.00
698   2021-03-30  NAS100 12,975.00 12,984.00 12,776.50 12,878.25    -66.25       -0.51   516,408.00
699   2021-03-31  NAS100 12,894.75 13,158.00 12,858.25 13,089.75    211.50        1.64   478,398.00
700   2021-04-01  NAS100 13,094.50 13,332.50 13,090.25 13,316.00    226.25        1.73    41,618.00
701   2021-04-05  NAS100 13,339.00 13,615.00 13,304.25 13,585.50    269.50        2.02   356,725.00
702   2021-04-06  NAS100 13,603.75 13,655.00 13,524.25 13,570.00    -15.50       -0.11   457,218.00
703   2021-04-07  NAS100 13,580.50 13,641.00 13,512.50 13,604.75     34.75        0.26   434,828.00
704   2021-04-08  NAS100 13,620.75 13,789.75 13,615.50 13,747.75    143.00        1.05   435,060.00
705   2021-04-09  NAS100 13,786.50 13,841.75 13,648.25 13,829.50     81.75        0.59   494,768.00
706   2021-04-12  NAS100 13,817.75 13,832.25 13,732.00 13,808.75    -20.75       -0.15   453,968.00
707   2021-04-13  NAS100 13,825.00 13,994.00 13,772.75 13,975.75    167.00        1.21   485,938.00
708   2021-04-14  NAS100 13,977.75 14,029.00 13,772.75 13,798.75   -177.00       -1.27   662,204.00
709   2021-04-15  NAS100 13,827.00 14,034.25 13,789.25 14,014.00    215.25        1.56   524,814.00
710   2021-04-16  NAS100 14,002.00 14,059.50 13,952.75 14,029.50     15.50        0.11   500,612.00
711   2021-04-19  NAS100 13,989.00 14,052.25 13,821.00 13,897.25   -132.25       -0.94   613,719.00
712   2021-04-20  NAS100 13,900.00 13,933.75 13,719.25 13,794.25   -103.00       -0.74   606,019.00
713   2021-04-21  NAS100 13,740.00 13,926.50 13,700.50 13,919.25    125.00        0.91   510,093.00
714   2021-04-22  NAS100 13,896.50 13,944.75 13,701.75 13,750.25   -169.00       -1.21   623,942.00
715   2021-04-23  NAS100 13,757.00 13,981.00 13,737.00 13,927.00    176.75        1.29   450,885.00
716   2021-04-26  NAS100 13,919.75 14,039.25 13,865.50 14,011.50     84.50        0.61   403,664.00
717   2021-04-27  NAS100 14,024.75 14,050.00 13,912.50 13,953.00    -58.50       -0.42   412,801.00
718   2021-04-28  NAS100 13,955.50 13,993.50 13,878.00 13,892.25    -60.75       -0.44   501,596.00
719   2021-04-29  NAS100 13,973.50 14,064.00 13,818.50 13,953.50     61.25        0.44   595,555.00
720   2021-04-30  NAS100 13,948.25 13,956.75 13,819.75 13,850.00   -103.50       -0.74   555,237.00
721   2021-05-03  NAS100 13,880.25 13,947.50 13,772.00 13,790.00    -60.00       -0.43   473,913.00
722   2021-05-04  NAS100 13,785.00 13,792.50 13,380.75 13,536.00   -254.00       -1.84   667,316.00
723   2021-05-05  NAS100 13,525.75 13,665.50 13,462.75 13,491.00    -45.00       -0.33   520,694.00
724   2021-05-06  NAS100 13,484.00 13,611.50 13,388.75 13,597.75    106.75        0.79   567,452.00
725   2021-05-07  NAS100 13,614.50 13,818.00 13,588.25 13,709.75    112.00        0.82   550,632.00
726   2021-05-10  NAS100 13,718.00 13,752.00 13,305.50 13,356.75   -353.00       -2.57   603,725.00
727   2021-05-11  NAS100 13,316.50 13,375.75 13,065.25 13,346.00    -10.75       -0.08   787,639.00
728   2021-05-12  NAS100 13,321.25 13,351.75 12,959.75 12,998.50   -347.50       -2.60   760,916.00
729   2021-05-13  NAS100 12,968.75 13,223.75 12,915.00 13,100.25    101.75        0.78   727,348.00
730   2021-05-14  NAS100 13,095.00 13,426.25 13,071.00 13,387.00    286.75        2.19   468,758.00
731   2021-05-17  NAS100 13,380.25 13,448.50 13,182.75 13,303.50    -83.50       -0.62   488,299.00
732   2021-05-18  NAS100 13,308.50 13,432.25 13,178.50 13,212.00    -91.50       -0.69   442,088.00
733   2021-05-19  NAS100 13,182.00 13,243.00 12,954.25 13,233.50     21.50        0.16   669,351.00
734   2021-05-20  NAS100 13,220.50 13,522.75 13,150.75 13,486.50    253.00        1.91   465,782.00
735   2021-05-21  NAS100 13,492.50 13,570.00 13,395.75 13,405.00    -81.50       -0.60   457,735.00
736   2021-05-24  NAS100 13,383.25 13,686.00 13,356.50 13,635.25    230.25        1.72   368,611.00
737   2021-05-25  NAS100 13,656.50 13,738.75 13,606.75 13,656.25     21.00        0.15   436,157.00
738   2021-05-26  NAS100 13,670.25 13,728.50 13,656.00 13,700.25     44.00        0.32   343,069.00
739   2021-05-27  NAS100 13,702.50 13,720.75 13,620.25 13,665.50    -34.75       -0.25   388,603.00
740   2021-05-28  NAS100 13,694.75 13,763.50 13,662.75 13,686.50     21.00        0.15   366,218.00
741   2021-05-31  NAS100 13,699.00 13,773.00 13,592.25 13,648.75    -37.75       -0.28   448,000.00
742   2021-06-02  NAS100 13,653.25 13,712.75 13,603.25 13,673.75     25.00        0.18   371,449.00
743   2021-06-03  NAS100 13,679.50 13,707.75 13,462.25 13,529.25   -144.50       -1.06   552,987.00
744   2021-06-04  NAS100 13,531.75 13,783.75 13,467.75 13,766.75    237.50        1.76   446,994.00
745   2021-06-07  NAS100 13,773.25 13,824.00 13,691.50 13,804.25     37.50        0.27   397,545.00
746   2021-06-08  NAS100 13,823.00 13,917.25 13,741.75 13,811.50      7.25        0.05   482,546.00
747   2021-06-09  NAS100 13,813.00 13,904.25 13,803.50 13,814.25      2.75        0.02   376,893.00
748   2021-06-10  NAS100 13,817.00 13,976.50 13,726.00 13,959.75    145.50        1.05   492,336.00
749   2021-06-11  NAS100 13,975.50 13,997.75 13,932.25 13,994.25     34.50        0.25   257,733.00
750   2021-06-14  NAS100 13,999.00 14,133.50 13,965.25 14,124.75    130.50        0.93   229,733.00
751   2021-06-15  NAS100 14,111.00 14,155.25 14,000.75 14,021.75   -103.00       -0.73   449,355.00
752   2021-06-16  NAS100 14,039.00 14,095.75 13,830.25 13,972.75    -49.00       -0.35   566,333.00
753   2021-06-17  NAS100 13,941.00 14,199.00 13,841.75 14,156.25    183.50        1.31   657,540.00
754   2021-06-18  NAS100 14,180.00 14,204.75 14,010.00 14,035.00   -121.25       -0.86   575,363.00
755   2021-06-21  NAS100 14,022.75 14,144.00 13,958.50 14,130.00     95.00        0.68   503,663.00
756   2021-06-22  NAS100 14,136.75 14,279.25 14,066.50 14,258.25    128.25        0.91   420,968.00
757   2021-06-23  NAS100 14,274.00 14,315.75 14,231.75 14,263.00      4.75        0.03   366,489.00
758   2021-06-24  NAS100 14,275.25 14,422.00 14,270.00 14,354.25     91.25        0.64   409,864.00
759   2021-06-25  NAS100 14,365.75 14,394.25 14,313.25 14,339.00    -15.25       -0.11   379,758.00
760   2021-06-28  NAS100 14,350.00 14,519.75 14,333.25 14,512.50    173.50        1.21   376,860.00
761   2021-06-29  NAS100 14,504.50 14,584.75 14,468.75 14,563.00     50.50        0.35   360,169.00
762   2021-06-30  NAS100 14,584.75 14,598.50 14,518.25 14,549.00    -14.00       -0.10   384,458.00
763   2021-07-01  NAS100 14,558.50 14,606.25 14,471.00 14,548.50     -0.50       -0.00   436,419.00
764   2021-07-02  NAS100 14,543.75 14,729.00 14,513.25 14,713.75    165.25        1.14   392,168.00
765   2021-07-05  NAS100 14,704.25 14,790.00 14,625.25 14,775.50     61.75        0.42   557,682.00
766   2021-07-07  NAS100 14,764.50 14,883.75 14,726.25 14,802.25     26.75        0.18   471,450.00
767   2021-07-08  NAS100 14,812.00 14,822.00 14,540.50 14,712.25    -90.00       -0.61   631,207.00
768   2021-07-09  NAS100 14,710.25 14,832.00 14,640.75 14,810.50     98.25        0.67   424,770.00
769   2021-07-12  NAS100 14,824.00 14,888.50 14,785.00 14,869.25     58.75        0.40   362,608.00
770   2021-07-13  NAS100 14,880.00 14,994.75 14,794.50 14,865.00     -4.25       -0.03   506,392.00
771   2021-07-14  NAS100 14,869.75 14,996.00 14,841.25 14,891.75     26.75        0.18   499,191.00
772   2021-07-15  NAS100 14,895.00 14,962.75 14,708.25 14,787.50   -104.25       -0.70   634,785.00
773   2021-07-16  NAS100 14,778.50 14,869.50 14,656.00 14,670.50   -117.00       -0.79   539,012.00
774   2021-07-19  NAS100 14,675.00 14,682.50 14,445.00 14,540.75   -129.75       -0.88   720,291.00
775   2021-07-20  NAS100 14,593.75 14,782.50 14,516.75 14,722.75    182.00        1.25   529,359.00
776   2021-07-21  NAS100 14,729.75 14,839.50 14,668.25 14,827.75    105.00        0.71   404,345.00
777   2021-07-22  NAS100 14,836.75 14,982.75 14,826.75 14,928.50    100.75        0.68   425,426.00
778   2021-07-23  NAS100 14,979.50 15,117.25 14,934.25 15,098.00    169.50        1.14   449,261.00
779   2021-07-26  NAS100 15,098.00 15,134.00 15,038.75 15,117.75     19.75        0.13   391,517.00
780   2021-07-27  NAS100 15,125.25 15,131.50 14,774.25 14,947.75   -170.00       -1.12   671,793.00
781   2021-07-28  NAS100 14,875.75 15,074.50 14,866.00 15,011.50     63.75        0.43   577,186.00
782   2021-07-29  NAS100 14,984.75 15,084.00 14,905.00 15,037.75     26.25        0.17   412,593.00
783   2021-07-30  NAS100 14,905.25 14,980.00 14,811.25 14,955.75    -82.00       -0.55   505,630.00
784   2021-08-02  NAS100 14,972.75 15,056.25 14,932.25 14,952.75     -3.00       -0.02   446,142.00
785   2021-08-03  NAS100 14,962.25 15,050.00 14,849.00 15,046.25     93.50        0.63   520,377.00
786   2021-08-04  NAS100 15,038.00 15,108.00 14,997.00 15,073.50     27.25        0.18   445,703.00
787   2021-08-05  NAS100 15,081.75 15,172.50 15,069.25 15,167.75     94.25        0.63   341,554.00
788   2021-08-06  NAS100 15,167.75 15,169.75 15,047.25 15,095.50    -72.25       -0.48   425,074.00
789   2021-08-09  NAS100 15,090.25 15,145.50 15,003.25 15,125.25     29.75        0.20   361,388.00
790   2021-08-10  NAS100 15,128.75 15,157.25 14,994.50 15,044.50    -80.75       -0.53   475,298.00
791   2021-08-11  NAS100 15,045.00 15,119.00 14,963.00 15,019.50    -25.00       -0.17   479,700.00
792   2021-08-12  NAS100 15,008.50 15,090.50 14,941.25 15,078.50     59.00        0.39   384,239.00
793   2021-08-13  NAS100 15,079.75 15,141.75 15,055.25 15,125.75     47.25        0.31   364,520.00
794   2021-08-16  NAS100 15,119.25 15,139.00 14,917.25 15,134.00      8.25        0.05   590,789.00
795   2021-08-17  NAS100 15,131.50 15,133.75 14,897.00 14,997.50   -136.50       -0.90   687,897.00
796   2021-08-18  NAS100 14,970.25 15,037.25 14,806.50 14,849.25   -148.25       -0.99   568,846.00
797   2021-08-19  NAS100 14,840.00 14,999.00 14,710.50 14,928.00     78.75        0.53   734,184.00
798   2021-08-20  NAS100 14,943.25 15,100.00 14,851.00 15,086.75    158.75        1.06   504,460.00
799   2021-08-23  NAS100 15,090.00 15,337.50 15,086.50 15,304.50    217.75        1.44   412,591.00
800   2021-08-24  NAS100 15,327.00 15,384.00 15,309.50 15,355.50     51.00        0.33   365,577.00
801   2021-08-25  NAS100 15,362.25 15,397.00 15,333.00 15,364.25      8.75        0.06   405,227.00
802   2021-08-26  NAS100 15,367.25 15,368.25 15,255.25 15,274.75    -89.50       -0.58   564,382.00
803   2021-08-27  NAS100 15,286.00 15,443.75 15,265.50 15,426.50    151.75        0.99   441,045.00
804   2021-08-30  NAS100 15,432.75 15,617.75 15,420.00 15,597.50    171.00        1.11   417,563.00
805   2021-08-31  NAS100 15,605.50 15,677.25 15,517.75 15,582.50    -15.00       -0.10   521,129.00
806   2021-09-01  NAS100 15,599.50 15,699.00 15,578.50 15,609.25     26.75        0.17   465,488.00
807   2021-09-02  NAS100 15,610.00 15,682.00 15,551.75 15,601.00     -8.25       -0.05   463,636.00
808   2021-09-03  NAS100 15,601.00 15,677.50 15,552.25 15,651.50     50.50        0.32   462,870.00
809   2021-09-06  NAS100 15,656.00 15,708.75 15,606.75 15,674.75     23.25        0.15   542,055.00
810   2021-09-08  NAS100 15,671.00 15,691.00 15,523.75 15,620.00    -54.75       -0.35   559,402.00
811   2021-09-09  NAS100 15,610.00 15,675.75 15,545.75 15,558.75    -61.25       -0.39   531,288.00
812   2021-09-10  NAS100 15,561.00 15,668.00 15,433.50 15,441.50   -117.25       -0.75   402,816.00
813   2021-09-13  NAS100 15,452.50 15,565.00 15,350.25 15,436.75     -4.75       -0.03   363,283.00
814   2021-09-14  NAS100 15,444.00 15,524.25 15,344.50 15,379.75    -57.00       -0.37   536,799.00
815   2021-09-15  NAS100 15,390.00 15,514.50 15,307.75 15,496.50    116.75        0.76   511,438.00
816   2021-09-16  NAS100 15,509.75 15,532.50 15,358.75 15,509.50     13.00        0.08   476,956.00
817   2021-09-17  NAS100 15,497.75 15,528.25 15,276.25 15,326.00   -183.50       -1.18   641,864.00
818   2021-09-20  NAS100 15,284.00 15,338.25 14,807.50 15,009.50   -316.50       -2.07   845,911.00
819   2021-09-21  NAS100 14,992.00 15,163.25 14,963.25 15,024.00     14.50        0.10   659,780.00
820   2021-09-22  NAS100 14,992.75 15,227.00 14,930.50 15,163.50    139.50        0.93   601,005.00
821   2021-09-23  NAS100 15,178.25 15,347.00 15,175.25 15,303.50    140.00        0.92   514,535.00
822   2021-09-24  NAS100 15,300.25 15,334.25 15,176.75 15,318.75     15.25        0.10   470,511.00
823   2021-09-27  NAS100 15,319.00 15,399.25 15,084.00 15,194.75   -124.00       -0.81   543,381.00
824   2021-09-28  NAS100 15,172.25 15,192.25 14,740.75 14,764.75   -430.00       -2.83   836,785.00
825   2021-09-29  NAS100 14,769.25 14,926.00 14,711.00 14,739.75    -25.00       -0.17   649,554.00
826   2021-09-30  NAS100 14,769.75 14,883.50 14,670.25 14,682.50    -57.25       -0.39   699,372.00
827   2021-10-01  NAS100 14,702.25 14,818.00 14,537.00 14,761.75     79.25        0.54   663,413.00
828   2021-10-04  NAS100 14,785.00 14,835.00 14,367.75 14,462.25   -299.50       -2.03   802,849.00
829   2021-10-05  NAS100 14,493.75 14,754.75 14,410.50 14,655.25    193.00        1.33   574,640.00
830   2021-10-06  NAS100 14,662.00 14,770.00 14,422.50 14,759.00    103.75        0.71   756,883.00
831   2021-10-07  NAS100 14,768.00 15,001.25 14,767.00 14,881.25    122.25        0.83   492,756.00
832   2021-10-08  NAS100 14,891.25 14,996.00 14,790.75 14,808.25    -73.00       -0.49   550,607.00
833   2021-10-11  NAS100 14,810.25 14,897.25 14,677.00 14,700.50   -107.75       -0.73   510,490.00
834   2021-10-12  NAS100 14,688.50 14,783.25 14,585.50 14,653.25    -47.25       -0.32   599,367.00
835   2021-10-13  NAS100 14,594.00 14,795.75 14,591.00 14,764.25    111.00        0.76   556,059.00
836   2021-10-14  NAS100 14,770.25 15,071.50 14,767.50 15,037.25    273.00        1.85   425,055.00
837   2021-10-15  NAS100 15,063.75 15,145.00 15,020.75 15,134.50     97.25        0.65   442,893.00
838   2021-10-18  NAS100 15,145.00 15,297.25 15,038.75 15,290.50    156.00        1.03   423,424.00
839   2021-10-19  NAS100 15,289.75 15,428.25 15,269.00 15,398.50    108.00        0.71   384,792.00
840   2021-10-20  NAS100 15,411.00 15,446.50 15,319.00 15,377.50    -21.00       -0.14   451,735.00
841   2021-10-21  NAS100 15,357.50 15,483.75 15,301.00 15,478.75    101.25        0.66   436,644.00
842   2021-10-22  NAS100 15,383.00 15,463.50 15,273.75 15,341.00   -137.75       -0.89   545,390.00
843   2021-10-25  NAS100 15,324.25 15,546.00 15,295.75 15,495.75    154.75        1.01   456,009.00
844   2021-10-26  NAS100 15,543.00 15,701.00 15,503.00 15,545.00     49.25        0.32   586,099.00
845   2021-10-27  NAS100 15,532.25 15,717.50 15,507.25 15,587.25     42.25        0.27   534,474.00
846   2021-10-28  NAS100 15,595.00 15,777.00 15,591.75 15,764.75    177.50        1.14   498,210.00
847   2021-10-29  NAS100 15,679.75 15,864.75 15,595.50 15,838.50     73.75        0.47   484,693.00
848   2021-11-01  NAS100 15,885.25 15,914.75 15,768.50 15,894.25     55.75        0.35   411,507.00
849   2021-11-02  NAS100 15,891.00 15,980.25 15,849.50 15,961.25     67.00        0.42   418,550.00
850   2021-11-03  NAS100 15,957.75 16,145.75 15,935.25 16,129.75    168.50        1.06   448,135.00
851   2021-11-04  NAS100 16,129.50 16,376.00 16,129.50 16,330.75    201.00        1.25   524,361.00
852   2021-11-05  NAS100 16,335.00 16,448.50 16,292.00 16,351.75     21.00        0.13   525,824.00
853   2021-11-08  NAS100 16,293.00 16,394.00 16,256.00 16,327.75    -24.00       -0.15   414,326.00
854   2021-11-09  NAS100 16,315.50 16,391.75 16,160.00 16,212.75   -115.00       -0.70   560,749.00
855   2021-11-10  NAS100 16,201.25 16,243.00 15,896.50 15,980.50   -232.25       -1.43   658,266.00
856   2021-11-11  NAS100 15,989.00 16,114.00 15,976.00 16,022.75     42.25        0.26   434,778.00
857   2021-11-12  NAS100 16,043.75 16,213.25 16,001.75 16,192.75    170.00        1.06   422,493.00
858   2021-11-15  NAS100 16,212.25 16,276.50 16,082.25 16,187.75     -5.00       -0.03   483,873.00
859   2021-11-16  NAS100 16,198.50 16,323.75 16,142.00 16,300.75    113.00        0.70   424,380.00
860   2021-11-17  NAS100 16,297.75 16,396.50 16,270.00 16,311.50     10.75        0.07   455,992.00
861   2021-11-18  NAS100 16,322.50 16,508.00 16,303.50 16,481.25    169.75        1.04   602,241.00
862   2021-11-19  NAS100 16,503.25 16,628.50 16,490.25 16,575.00     93.75        0.57   549,031.00
863   2021-11-22  NAS100 16,600.25 16,767.50 16,364.50 16,382.00   -193.00       -1.16   770,668.00
864   2021-11-23  NAS100 16,399.00 16,418.75 16,118.50 16,312.00    -70.00       -0.43   901,449.00
865   2021-11-24  NAS100 16,300.25 16,368.50 16,102.00 16,366.00     54.00        0.33   656,267.00
866   2021-11-25  NAS100 16,360.00 16,436.00 15,988.00 16,051.00   -315.00       -1.92   680,753.00
867   2021-11-29  NAS100 16,046.50 16,437.75 16,038.00 16,390.75    339.75        2.12   597,936.00
868   2021-11-30  NAS100 16,419.00 16,456.25 16,068.75 16,150.50   -240.25       -1.47   854,651.00
869   2021-12-01  NAS100 16,238.75 16,427.50 15,825.25 15,869.75   -280.75       -1.74   861,888.00
870   2021-12-02  NAS100 15,891.75 16,066.25 15,762.75 15,988.50    118.75        0.75   853,707.00
871   2021-12-03  NAS100 16,020.00 16,121.75 15,538.00 15,717.75   -270.75       -1.69   898,849.00
872   2021-12-06  NAS100 15,716.25 15,897.25 15,559.25 15,842.75    125.00        0.80   695,515.00
873   2021-12-07  NAS100 15,848.75 16,374.50 15,824.50 16,318.00    475.25        3.00   594,627.00
874   2021-12-08  NAS100 16,360.50 16,436.75 16,251.50 16,392.25     74.25        0.46   494,849.00
875   2021-12-09  NAS100 16,380.50 16,420.00 16,120.25 16,148.75   -243.50       -1.49   612,576.00
876   2021-12-10  NAS100 16,158.50 16,335.75 16,133.75 16,329.75    181.00        1.12   395,288.00
877   2021-12-13  NAS100 16,321.75 16,411.25 16,064.25 16,082.00   -247.75       -1.52   286,177.00
878   2021-12-14  NAS100 16,088.00 16,132.75 15,734.00 15,922.25   -159.75       -0.99   689,272.00
879   2021-12-15  NAS100 15,929.00 16,300.00 15,740.25 16,286.25    364.00        2.29   735,796.00
880   2021-12-16  NAS100 16,288.00 16,457.00 15,793.00 15,866.75   -419.50       -2.58   789,654.00
881   2021-12-17  NAS100 15,878.00 15,956.50 15,651.75 15,788.00    -78.75       -0.50   800,579.00
882   2021-12-20  NAS100 15,809.50 15,851.75 15,492.00 15,621.25   -166.75       -1.06   676,197.00
883   2021-12-21  NAS100 15,674.25 15,987.25 15,605.00 15,980.00    358.75        2.30   530,228.00
884   2021-12-22  NAS100 15,979.00 16,183.00 15,881.50 16,169.75    189.75        1.19   476,670.00
885   2021-12-23  NAS100 16,180.00 16,356.00 16,145.25 16,299.00    129.25        0.80   349,182.00
886   2021-12-27  NAS100 16,304.25 16,580.75 16,304.25 16,560.00    261.00        1.60   351,308.00
887   2021-12-28  NAS100 16,565.75 16,659.50 16,452.25 16,488.00    -72.00       -0.43   454,633.00
888   2021-12-29  NAS100 16,513.50 16,564.25 16,387.50 16,490.50      2.50        0.02   354,985.00
889   2021-12-30  NAS100 16,484.50 16,567.50 16,411.25 16,430.25    -60.25       -0.37   304,259.00
890   2021-12-31  NAS100 16,431.00 16,464.00 16,313.75 16,320.75   -109.50       -0.67   363,720.00
891   2022-01-03  NAS100 16,356.00 16,508.00 16,292.00 16,485.50    164.75        1.01   513,549.00
892   2022-01-04  NAS100 16,497.75 16,564.00 16,139.50 16,275.75   -209.75       -1.27   669,527.00
893   2022-01-05  NAS100 16,265.00 16,269.00 15,752.75 15,766.50   -509.25       -3.13   769,790.00
894   2022-01-06  NAS100 15,763.75 15,895.75 15,598.50 15,759.00     -7.50       -0.05   802,950.00
895   2022-01-07  NAS100 15,801.75 15,852.75 15,510.00 15,581.00   -178.00       -1.13   704,406.00
896   2022-01-10  NAS100 15,590.00 15,669.00 15,152.50 15,608.00     27.00        0.17   888,780.00
897   2022-01-11  NAS100 15,622.25 15,839.50 15,475.00 15,831.00    223.00        1.43   709,363.00
898   2022-01-12  NAS100 15,826.00 16,009.25 15,762.50 15,887.25     56.25        0.36   671,265.00
899   2022-01-13  NAS100 15,901.00 15,979.75 15,458.25 15,490.25   -397.00       -2.50   763,018.00
900   2022-01-14  NAS100 15,505.00 15,621.00 15,312.50 15,595.75    105.50        0.68   795,897.00
901   2022-01-17  NAS100 15,616.75 15,653.25 15,170.75 15,206.00   -389.75       -2.50   868,066.00
902   2022-01-19  NAS100 15,238.75 15,372.00 15,011.25 15,033.50   -172.50       -1.13   776,612.00
903   2022-01-20  NAS100 15,042.25 15,340.25 14,646.75 14,841.00   -192.50       -1.28   771,410.00
904   2022-01-21  NAS100 14,722.00 14,858.50 14,408.50 14,426.50   -414.50       -2.79 1,041,723.00
905   2022-01-24  NAS100 14,410.00 14,582.00 13,706.00 14,501.00     74.50        0.52 1,323,080.00
906   2022-01-25  NAS100 14,495.00 14,499.00 13,890.00 14,140.75   -360.25       -2.48   957,800.00
907   2022-01-26  NAS100 13,945.50 14,639.75 13,945.50 14,158.50     17.75        0.13   908,549.00
908   2022-01-27  NAS100 14,194.00 14,409.25 13,844.50 13,986.75   -171.75       -1.21   866,647.00
909   2022-01-28  NAS100 14,167.75 14,442.00 13,831.00 14,433.00    446.25        3.19   878,243.00
910   2022-01-31  NAS100 14,454.00 14,914.75 14,353.25 14,905.00    472.00        3.27   654,278.00
911   2022-02-01  NAS100 14,868.75 15,137.00 14,729.25 14,994.75     89.75        0.60   597,305.00
912   2022-02-02  NAS100 15,129.00 15,260.00 14,825.00 15,114.50    119.75        0.80   645,396.00
913   2022-02-03  NAS100 14,852.50 14,870.00 14,456.25 14,492.25   -622.25       -4.12   731,581.00
914   2022-02-04  NAS100 14,770.00 14,825.75 14,362.75 14,685.50    193.25        1.33   763,735.00
915   2022-02-07  NAS100 14,682.50 14,806.25 14,511.50 14,559.75   -125.75       -0.86   562,312.00
916   2022-02-08  NAS100 14,600.00 14,776.00 14,467.50 14,734.50    174.75        1.20   611,858.00
917   2022-02-09  NAS100 14,746.25 15,068.00 14,741.00 15,038.25    303.75        2.06   529,886.00
918   2022-02-10  NAS100 15,062.25 15,062.25 14,622.00 14,701.00   -337.25       -2.24   834,478.00
919   2022-02-11  NAS100 14,698.25 14,766.75 14,181.00 14,240.50   -460.50       -3.13   835,981.00
920   2022-02-14  NAS100 14,250.00 14,394.00 14,031.00 14,253.00     12.50        0.09   734,224.00
921   2022-02-15  NAS100 14,257.00 14,614.75 14,223.25 14,609.50    356.50        2.50   558,472.00
922   2022-02-16  NAS100 14,588.00 14,668.50 14,381.00 14,600.00     -9.50       -0.07   594,304.00
923   2022-02-17  NAS100 14,592.25 14,619.50 14,131.50 14,164.75   -435.25       -2.98   631,084.00
924   2022-02-18  NAS100 14,156.25 14,299.00 13,906.25 13,996.00   -168.75       -1.19   760,914.00
925   2022-02-21  NAS100 13,952.75 14,157.50 13,580.25 13,862.75   -133.25       -0.95 1,114,720.00
926   2022-02-23  NAS100 13,928.25 14,068.75 13,471.25 13,507.50   -355.25       -2.56   713,187.00
927   2022-02-24  NAS100 13,484.25 13,983.25 13,025.75 13,966.50    459.00        3.40 1,122,732.00
928   2022-02-25  NAS100 13,909.50 14,196.25 13,760.25 14,180.50    214.00        1.53   784,997.00
929   2022-02-28  NAS100 13,900.25 14,292.25 13,683.00 14,228.00     47.50        0.33   753,711.00
930   2022-03-01  NAS100 14,219.25 14,327.75 13,900.00 14,005.50   -222.50       -1.56   645,171.00
931   2022-03-02  NAS100 14,026.25 14,290.00 13,911.50 14,239.25    233.75        1.67   629,022.00
932   2022-03-03  NAS100 14,196.50 14,391.00 13,955.00 14,030.50   -208.75       -1.47   596,925.00
933   2022-03-04  NAS100 14,069.25 14,086.50 13,733.75 13,839.75   -190.75       -1.36   725,774.00
934   2022-03-07  NAS100 13,763.50 13,879.75 13,265.00 13,320.75   -519.00       -3.75   717,846.00
935   2022-03-08  NAS100 13,283.00 13,666.00 13,103.25 13,267.00    -53.75       -0.40   841,407.00
936   2022-03-09  NAS100 13,192.25 13,821.75 13,189.75 13,734.75    467.75        3.53   650,826.00
937   2022-03-10  NAS100 13,778.00 13,778.00 13,396.25 13,586.00   -148.75       -1.08   611,077.00
938   2022-03-11  NAS100 13,577.25 13,860.75 13,281.75 13,292.00   -294.00       -2.16   439,890.00
939   2022-03-14  NAS100 13,362.00 13,447.50 13,015.50 13,045.50   -246.50       -1.85   402,608.00
940   2022-03-15  NAS100 13,079.50 13,486.50 12,942.50 13,449.50    404.00        3.10   552,399.00
941   2022-03-16  NAS100 13,445.25 14,025.75 13,417.25 13,949.75    500.25        3.72   651,016.00
942   2022-03-17  NAS100 13,991.00 14,132.50 13,819.00 14,107.75    158.00        1.13   527,113.00
943   2022-03-18  NAS100 14,056.75 14,442.75 13,966.50 14,413.50    305.75        2.17   558,776.00
944   2022-03-21  NAS100 14,404.00 14,466.75 14,183.75 14,370.50    -43.00       -0.30   589,629.00
945   2022-03-22  NAS100 14,390.00 14,690.75 14,293.50 14,654.00    283.50        1.97   509,918.00
946   2022-03-23  NAS100 14,654.00 14,682.25 14,441.00 14,447.00   -207.00       -1.41   555,130.00
947   2022-03-24  NAS100 14,462.75 14,769.75 14,433.50 14,763.75    316.75        2.19   512,267.00
948   2022-03-25  NAS100 14,765.00 14,840.50 14,572.50 14,755.75     -8.00       -0.05   553,931.00
949   2022-03-28  NAS100 14,756.00 14,997.00 14,658.75 14,985.25    229.50        1.56   532,125.00
950   2022-03-29  NAS100 14,981.00 15,268.75 14,956.50 15,237.75    252.50        1.68   552,951.00
951   2022-03-30  NAS100 15,222.00 15,262.25 15,012.25 15,071.50   -166.25       -1.09   513,516.00
952   2022-03-31  NAS100 15,100.50 15,180.75 14,855.50 14,868.75   -202.75       -1.35   560,785.00
953   2022-04-01  NAS100 14,918.75 14,960.00 14,725.00 14,863.75     -5.00       -0.03   539,029.00
954   2022-04-04  NAS100 14,846.00 15,174.50 14,801.00 15,164.25    300.50        2.02   460,171.00
955   2022-04-05  NAS100 15,155.50 15,198.00 14,780.25 14,828.00   -336.25       -2.22   563,198.00
956   2022-04-06  NAS100 14,861.00 14,861.25 14,394.75 14,505.25   -322.75       -2.18   783,213.00
957   2022-04-07  NAS100 14,496.25 14,633.75 14,317.00 14,536.00     30.75        0.21   645,737.00
958   2022-04-08  NAS100 14,536.25 14,642.25 14,310.50 14,327.00   -209.00       -1.44   640,156.00
959   2022-04-11  NAS100 14,345.00 14,382.00 13,984.75 14,000.00   -327.00       -2.28   577,477.00
960   2022-04-12  NAS100 14,006.25 14,284.25 13,881.25 13,945.00    -55.00       -0.39   704,351.00
961   2022-04-13  NAS100 13,952.75 14,266.50 13,921.00 14,221.50    276.50        1.98   530,164.00
962   2022-04-14  NAS100 14,211.50 14,296.25 13,876.50 13,893.75   -327.75       -2.30   548,400.00
963   2022-04-18  NAS100 13,892.00 14,002.50 13,729.50 13,907.75     14.00        0.10   492,103.00
964   2022-04-19  NAS100 13,962.75 14,242.00 13,828.00 14,217.25    309.50        2.23   556,357.00
965   2022-04-20  NAS100 14,104.75 14,298.00 13,956.50 14,004.75   -212.50       -1.49   604,344.00
966   2022-04-21  NAS100 14,070.00 14,283.00 13,667.50 13,728.25   -276.50       -1.97   685,788.00
967   2022-04-22  NAS100 13,720.00 13,781.00 13,297.00 13,353.50   -374.75       -2.73   732,255.00
968   2022-04-25  NAS100 13,334.25 13,549.75 13,184.00 13,535.75    182.25        1.36   749,649.00
969   2022-04-26  NAS100 13,523.50 13,583.75 12,801.50 13,016.00   -519.75       -3.84   755,330.00
970   2022-04-27  NAS100 12,881.00 13,255.25 12,878.25 13,009.00     -7.00       -0.05   817,196.00
971   2022-04-28  NAS100 13,191.00 13,542.00 13,033.00 13,454.75    445.75        3.43   756,360.00
972   2022-04-29  NAS100 13,219.50 13,433.00 12,831.75 12,852.00   -602.75       -4.48   723,386.00
973   2022-05-02  NAS100 12,892.25 13,084.50 12,709.75 13,073.00    221.00        1.72   763,818.00
974   2022-05-03  NAS100 13,051.75 13,183.75 12,968.50 13,087.50     14.50        0.11   662,216.00
975   2022-05-04  NAS100 13,121.00 13,555.25 12,883.00 13,531.25    443.75        3.39   703,191.00
976   2022-05-05  NAS100 13,500.25 13,548.00 12,705.25 12,858.00   -673.25       -4.98   877,795.00
977   2022-05-06  NAS100 12,883.25 12,928.75 12,519.00 12,695.75   -162.25       -1.26   852,234.00
978   2022-05-09  NAS100 12,605.00 12,637.25 12,135.25 12,193.75   -502.00       -3.95   816,033.00
979   2022-05-10  NAS100 12,206.00 12,547.00 12,102.25 12,349.00    155.25        1.27   853,859.00
980   2022-05-11  NAS100 12,328.75 12,553.25 11,938.50 11,969.75   -379.25       -3.07   865,890.00
981   2022-05-12  NAS100 12,004.50 12,132.75 11,689.00 11,947.25    -22.50       -0.19   878,238.00
982   2022-05-13  NAS100 11,891.50 12,432.00 11,891.50 12,382.75    435.50        3.65   663,517.00
983   2022-05-16  NAS100 12,409.00 12,498.75 12,190.25 12,244.75   -138.00       -1.11   623,715.00
984   2022-05-17  NAS100 12,235.50 12,578.00 12,234.00 12,560.25    315.50        2.58   653,222.00
985   2022-05-18  NAS100 12,572.00 12,594.00 11,862.75 11,935.50   -624.75       -4.97   735,386.00
986   2022-05-19  NAS100 11,907.00 12,076.75 11,704.00 11,878.25    -57.25       -0.48   827,741.00
987   2022-05-20  NAS100 11,898.00 12,096.75 11,491.25 11,840.75    -37.50       -0.32   806,781.00
988   2022-05-23  NAS100 11,866.00 12,075.50 11,783.75 12,035.25    194.50        1.64   660,213.00
989   2022-05-24  NAS100 11,915.00 11,918.00 11,576.25 11,771.00   -264.25       -2.20   717,429.00
990   2022-05-25  NAS100 11,808.00 12,036.00 11,672.00 11,942.25    171.25        1.45   671,096.00
991   2022-05-26  NAS100 11,887.50 12,343.00 11,848.25 12,279.25    337.00        2.82   611,884.00
992   2022-05-27  NAS100 12,250.00 12,720.25 12,222.00 12,677.75    398.50        3.25   615,992.00
993   2022-05-30  NAS100 12,705.25 12,883.00 12,480.00 12,646.50    -31.25       -0.25   832,388.00
994   2022-06-01  NAS100 12,662.50 12,823.50 12,454.75 12,551.00    -95.50       -0.76   682,211.00
995   2022-06-02  NAS100 12,549.75 12,903.75 12,442.50 12,893.75    342.75        2.73   620,008.00
996   2022-06-03  NAS100 12,896.00 12,945.25 12,503.00 12,551.00   -342.75       -2.66   652,955.00
997   2022-06-06  NAS100 12,549.75 12,810.00 12,527.00 12,605.00     54.00        0.43   536,936.00
998   2022-06-07  NAS100 12,605.25 12,740.25 12,412.50 12,711.50    106.50        0.84   577,970.00
999   2022-06-08  NAS100 12,680.50 12,783.00 12,579.25 12,615.75    -95.75       -0.75   583,652.00
1000  2022-06-09  NAS100 12,625.00 12,726.00 12,255.25 12,275.00   -340.75       -2.70   690,155.00
1001  2022-06-10  NAS100 12,301.50 12,338.75 11,823.00 11,840.00   -435.00       -3.54   617,395.00
1002  2022-06-13  NAS100 11,768.00 11,772.50 11,254.50 11,296.50   -543.50       -4.59   530,220.00
1003  2022-06-14  NAS100 11,367.50 11,534.50 11,236.00 11,346.50     50.00        0.44   690,212.00
1004  2022-06-15  NAS100 11,364.75 11,794.25 11,358.50 11,629.00    282.50        2.49   745,920.00
1005  2022-06-16  NAS100 11,646.25 11,774.25 11,068.50 11,157.25   -471.75       -4.06   831,750.00
1006  2022-06-17  NAS100 11,206.75 11,396.00 11,119.00 11,296.75    139.50        1.25   731,831.00
1007  2022-06-20  NAS100 11,332.50 11,678.25 11,273.75 11,577.25    280.50        2.48   657,209.00
1008  2022-06-22  NAS100 11,579.75 11,745.75 11,320.50 11,565.75    -11.50       -0.10   638,960.00
1009  2022-06-23  NAS100 11,542.75 11,766.75 11,460.50 11,737.50    171.75        1.48   630,125.00
1010  2022-06-24  NAS100 11,687.75 12,148.50 11,684.75 12,140.50    403.00        3.43   563,303.00
1011  2022-06-27  NAS100 12,137.50 12,262.00 11,994.25 12,040.50   -100.00       -0.82   565,803.00
1012  2022-06-28  NAS100 12,076.25 12,174.25 11,661.50 11,674.25   -366.25       -3.04   634,694.00
1013  2022-06-29  NAS100 11,680.50 11,749.00 11,564.50 11,691.00     16.75        0.14   590,173.00
1014  2022-06-30  NAS100 11,691.50 11,696.75 11,351.00 11,529.50   -161.50       -1.38   738,071.00
1015  2022-07-01  NAS100 11,507.50 11,629.75 11,381.75 11,611.25     81.75        0.71   605,401.00
1016  2022-07-04  NAS100 11,606.00 11,815.75 11,389.25 11,808.50    197.25        1.70   790,937.00
1017  2022-07-06  NAS100 11,820.25 11,974.25 11,727.75 11,880.25     71.75        0.61   649,912.00
1018  2022-07-07  NAS100 11,901.25 12,168.50 11,836.50 12,138.50    258.25        2.17   550,463.00
1019  2022-07-08  NAS100 12,115.00 12,211.00 11,952.50 12,152.00     13.50        0.11   640,445.00
1020  2022-07-11  NAS100 12,149.75 12,149.75 11,853.00 11,884.25   -267.75       -2.20   578,336.00
1021  2022-07-12  NAS100 11,900.50 12,025.50 11,712.00 11,779.00   -105.25       -0.89   607,949.00
1022  2022-07-13  NAS100 11,780.00 11,970.00 11,479.25 11,762.25    -16.75       -0.14   732,270.00
1023  2022-07-14  NAS100 11,729.50 11,835.00 11,511.25 11,797.50     35.25        0.30   654,560.00
1024  2022-07-15  NAS100 11,810.50 12,021.50 11,740.25 12,007.50    210.00        1.78   560,980.00
1025  2022-07-18  NAS100 12,043.50 12,186.50 11,857.00 11,907.00   -100.50       -0.84   553,676.00
1026  2022-07-19  NAS100 11,909.50 12,328.50 11,889.50 12,274.00    367.00        3.08   585,591.00
1027  2022-07-20  NAS100 12,330.50 12,517.50 12,235.75 12,465.25    191.25        1.56   643,607.00
1028  2022-07-21  NAS100 12,440.00 12,655.25 12,373.50 12,640.00    174.75        1.40   605,066.00
1029  2022-07-22  NAS100 12,559.25 12,698.50 12,343.75 12,423.50   -216.50       -1.71   634,548.00
1030  2022-07-25  NAS100 12,444.50 12,498.50 12,266.50 12,354.50    -69.00       -0.56   491,612.00
1031  2022-07-26  NAS100 12,311.25 12,334.00 12,072.00 12,112.50   -242.00       -1.96   536,287.00
1032  2022-07-27  NAS100 12,192.00 12,690.00 12,191.75 12,619.00    506.50        4.18   634,889.00
1033  2022-07-28  NAS100 12,580.00 12,948.00 12,449.00 12,737.50    118.50        0.94   645,261.00
1034  2022-07-29  NAS100 12,920.25 13,012.00 12,744.25 12,971.50    234.00        1.84   592,416.00
1035  2022-08-01  NAS100 12,981.00 13,108.75 12,851.75 12,962.50     -9.00       -0.07   622,511.00
1036  2022-08-02  NAS100 12,974.25 13,097.00 12,814.75 12,924.50    -38.00       -0.29   674,564.00
1037  2022-08-03  NAS100 12,921.00 13,310.25 12,867.25 13,271.50    347.00        2.68   690,056.00
1038  2022-08-04  NAS100 13,247.00 13,356.00 13,184.75 13,327.00     55.50        0.42   542,680.00
1039  2022-08-05  NAS100 13,327.25 13,384.50 13,085.00 13,228.75    -98.25       -0.74   687,792.00
1040  2022-08-08  NAS100 13,227.75 13,419.25 13,120.50 13,183.25    -45.50       -0.34   597,182.00
1041  2022-08-09  NAS100 13,206.25 13,233.75 12,963.25 13,031.50   -151.75       -1.15   553,704.00
1042  2022-08-10  NAS100 13,050.00 13,408.00 12,982.00 13,392.00    360.50        2.77   602,069.00
1043  2022-08-11  NAS100 13,380.50 13,575.00 13,285.00 13,311.25    -80.75       -0.60   614,816.00
1044  2022-08-12  NAS100 13,344.25 13,583.25 13,312.00 13,577.75    266.50        2.00   500,647.00
1045  2022-08-15  NAS100 13,571.50 13,706.00 13,495.25 13,681.25    103.50        0.76   463,768.00
1046  2022-08-16  NAS100 13,674.75 13,740.75 13,522.75 13,658.25    -23.00       -0.17   555,979.00
1047  2022-08-17  NAS100 13,658.00 13,672.00 13,406.25 13,493.25   -165.00       -1.21   610,667.00
1048  2022-08-18  NAS100 13,503.00 13,575.50 13,410.75 13,523.25     30.00        0.22   530,513.00
1049  2022-08-19  NAS100 13,534.25 13,534.50 13,228.75 13,268.50   -254.75       -1.88   618,758.00
1050  2022-08-22  NAS100 13,226.50 13,226.50 12,874.50 12,909.75   -358.75       -2.70   599,946.00
1051  2022-08-23  NAS100 12,933.75 13,018.50 12,823.50 12,896.50    -13.25       -0.10   570,278.00
1052  2022-08-24  NAS100 12,892.00 13,011.25 12,825.75 12,929.75     33.25        0.26   503,227.00
1053  2022-08-25  NAS100 12,944.00 13,161.50 12,925.00 13,156.00    226.25        1.75   543,666.00
1054  2022-08-26  NAS100 13,153.75 13,220.00 12,557.50 12,620.50   -535.50       -4.07   753,862.00
1055  2022-08-29  NAS100 12,485.00 12,610.25 12,401.50 12,492.75   -127.75       -1.01   693,093.00
1056  2022-08-30  NAS100 12,503.50 12,658.25 12,247.50 12,358.75   -134.00       -1.07   797,462.00
1057  2022-08-31  NAS100 12,366.00 12,513.00 12,276.25 12,285.25    -73.50       -0.59   672,068.00
1058  2022-09-01  NAS100 12,284.75 12,299.50 12,017.75 12,292.25      7.00        0.06   820,606.00
1059  2022-09-02  NAS100 12,297.75 12,461.50 12,040.25 12,104.25   -188.00       -1.53   835,870.00
1060  2022-09-05  NAS100 12,110.50 12,244.50 11,930.00 12,019.00    -85.25       -0.70   895,450.00
1061  2022-09-07  NAS100 12,019.75 12,306.25 11,921.50 12,263.25    244.25        2.03   677,159.00
1062  2022-09-08  NAS100 12,267.75 12,379.50 12,115.75 12,321.75     58.50        0.48   737,024.00
1063  2022-09-09  NAS100 12,345.25 12,613.75 12,329.50 12,592.50    270.75        2.20   535,984.00
1064  2022-09-12  NAS100 12,626.00 12,773.75 12,573.25 12,740.75    148.25        1.18   444,255.00
1065  2022-09-13  NAS100 12,854.00 12,987.00 12,082.25 12,115.75   -625.00       -4.91   718,899.00
1066  2022-09-14  NAS100 12,128.00 12,253.00 12,080.25 12,222.25    106.50        0.88   677,897.00
1067  2022-09-15  NAS100 12,234.00 12,268.75 11,937.50 12,007.50   -214.75       -1.76   750,084.00
1068  2022-09-16  NAS100 11,951.50 11,961.25 11,778.50 11,933.50    -74.00       -0.62   754,923.00
1069  2022-09-19  NAS100 11,920.00 12,066.25 11,792.25 12,024.00     90.50        0.76   632,663.00
1070  2022-09-20  NAS100 12,045.75 12,092.50 11,828.25 11,922.25   -101.75       -0.85   704,882.00
1071  2022-09-21  NAS100 11,946.00 12,140.50 11,647.50 11,710.00   -212.25       -1.78   822,965.00
1072  2022-09-22  NAS100 11,661.25 11,796.00 11,510.00 11,565.50   -144.50       -1.23   786,180.00
1073  2022-09-23  NAS100 11,583.75 11,600.25 11,229.00 11,376.75   -188.75       -1.63   799,378.00
1074  2022-09-26  NAS100 11,362.50 11,537.75 11,256.50 11,316.25    -60.50       -0.53   809,853.00
1075  2022-09-27  NAS100 11,315.50 11,568.25 11,233.50 11,333.75     17.50        0.15   841,073.00
1076  2022-09-28  NAS100 11,361.00 11,613.50 11,141.50 11,555.75    222.00        1.96   897,742.00
1077  2022-09-29  NAS100 11,544.00 11,567.25 11,091.50 11,228.25   -327.50       -2.83   891,823.00
1078  2022-09-30  NAS100 11,220.00 11,357.25 11,024.25 11,035.50   -192.75       -1.72   878,168.00
1079  2022-10-03  NAS100 11,030.00 11,358.25 10,890.75 11,285.75    250.25        2.27   757,581.00
1080  2022-10-04  NAS100 11,314.50 11,675.00 11,281.50 11,640.75    355.00        3.15   772,885.00
1081  2022-10-05  NAS100 11,630.25 11,711.00 11,366.50 11,623.75    -17.00       -0.15   700,889.00
1082  2022-10-06  NAS100 11,628.00 11,729.75 11,505.25 11,541.75    -82.00       -0.71   773,914.00
1083  2022-10-07  NAS100 11,494.50 11,564.50 11,043.25 11,101.50   -440.25       -3.81   759,141.00
1084  2022-10-10  NAS100 11,067.75 11,136.50 10,876.75 10,984.50   -117.00       -1.05   757,732.00
1085  2022-10-11  NAS100 10,987.00 11,039.50 10,767.25 10,845.00   -139.50       -1.27   833,906.00
1086  2022-10-12  NAS100 10,875.00 10,976.75 10,805.50 10,840.50     -4.50       -0.04   731,214.00
1087  2022-10-13  NAS100 10,859.00 11,142.75 10,484.75 11,083.75    243.25        2.24 1,050,244.00
1088  2022-10-14  NAS100 11,064.75 11,253.50 10,726.75 10,744.00   -339.75       -3.07   843,525.00
1089  2022-10-17  NAS100 10,720.00 11,146.25 10,713.00 11,110.25    366.25        3.41   638,720.00
1090  2022-10-18  NAS100 11,161.25 11,431.75 11,081.50 11,198.75     88.50        0.80   832,215.00
1091  2022-10-19  NAS100 11,320.25 11,382.75 11,049.00 11,153.25    -45.50       -0.41   733,776.00
1092  2022-10-20  NAS100 11,134.00 11,328.75 11,008.00 11,090.75    -62.50       -0.56   739,672.00
1093  2022-10-21  NAS100 11,061.25 11,386.25 10,935.50 11,358.50    267.75        2.41   840,952.00
1094  2022-10-24  NAS100 11,393.75 11,530.25 11,207.75 11,478.75    120.25        1.06   715,016.00
1095  2022-10-25  NAS100 11,453.75 11,734.00 11,430.25 11,713.50    234.75        2.05   660,210.00
1096  2022-10-26  NAS100 11,510.00 11,703.50 11,415.00 11,446.00   -267.50       -2.28   784,638.00
1097  2022-10-27  NAS100 11,417.75 11,537.50 10,921.50 11,235.25   -210.75       -1.84   769,071.00
1098  2022-10-28  NAS100 11,122.75 11,626.00 11,062.00 11,587.00    351.75        3.13   728,261.00
1099  2022-10-31  NAS100 11,592.50 11,595.00 11,367.25 11,447.25   -139.75       -1.21   607,680.00
1100  2022-11-01  NAS100 11,455.00 11,619.00 11,288.75 11,332.00   -115.25       -1.01   605,362.00
1101  2022-11-02  NAS100 11,320.25 11,460.00 10,909.00 10,944.50   -387.50       -3.42   770,983.00
1102  2022-11-03  NAS100 10,938.00 10,996.00 10,708.00 10,728.00   -216.50       -1.98   705,050.00
1103  2022-11-04  NAS100 10,712.00 10,974.25 10,636.00 10,890.25    162.25        1.51   881,129.00
1104  2022-11-07  NAS100 10,786.50 11,038.50 10,751.00 11,014.25    124.00        1.14   554,692.00
1105  2022-11-08  NAS100 11,016.00 11,231.25 10,928.75 11,094.25     80.00        0.73   728,868.00
1106  2022-11-09  NAS100 11,089.25 11,164.25 10,822.25 10,830.75   -263.50       -2.38   669,071.00
1107  2022-11-10  NAS100 10,841.00 11,677.00 10,808.00 11,632.25    801.50        7.40   862,147.00
1108  2022-11-11  NAS100 11,669.75 11,876.75 11,569.25 11,848.00    215.75        1.85   682,257.00
1109  2022-11-14  NAS100 11,791.00 11,898.50 11,702.00 11,734.75   -113.25       -0.96   576,678.00
1110  2022-11-15  NAS100 11,768.50 12,118.75 11,761.75 11,904.25    169.50        1.44   771,822.00
1111  2022-11-16  NAS100 11,882.00 11,963.00 11,706.50 11,739.50   -164.75       -1.38   577,864.00
1112  2022-11-17  NAS100 11,777.75 11,827.50 11,528.25 11,710.50    -29.00       -0.25   658,469.00
1113  2022-11-18  NAS100 11,747.75 11,843.00 11,607.00 11,708.00     -2.50       -0.02   585,873.00
1114  2022-11-21  NAS100 11,723.00 11,756.00 11,553.00 11,588.00   -120.00       -1.02   477,970.00
1115  2022-11-22  NAS100 11,588.00 11,759.25 11,526.50 11,754.50    166.50        1.44   531,087.00
1116  2022-11-23  NAS100 11,741.50 11,892.75 11,720.00 11,862.75    108.25        0.92   474,645.00
1117  2022-11-24  NAS100 11,878.00 11,933.00 11,766.25 11,782.75    -80.00       -0.67   252,366.00
1118  2022-11-28  NAS100 11,731.25 11,788.50 11,575.25 11,616.25   -166.50       -1.41   506,250.00
1119  2022-11-29  NAS100 11,625.00 11,704.50 11,465.00 11,524.75    -91.50       -0.79   555,859.00
1120  2022-11-30  NAS100 11,520.00 12,078.50 11,497.75 12,042.25    517.50        4.49   769,082.00
1121  2022-12-01  NAS100 12,079.25 12,145.00 11,943.25 12,062.75     20.50        0.17   629,297.00
1122  2022-12-02  NAS100 12,039.75 12,067.75 11,740.50 12,010.25    -52.50       -0.44   588,295.00
1123  2022-12-05  NAS100 12,000.50 12,015.75 11,745.50 11,805.75   -204.50       -1.70   537,924.00
1124  2022-12-06  NAS100 11,812.00 11,846.25 11,502.00 11,566.00   -239.75       -2.03   657,271.00
1125  2022-12-07  NAS100 11,566.00 11,596.25 11,422.50 11,509.50    -56.50       -0.49   634,691.00
1126  2022-12-08  NAS100 11,500.00 11,685.75 11,433.00 11,645.50    136.00        1.18   600,826.00
1127  2022-12-09  NAS100 11,641.50 11,748.00 11,517.00 11,569.75    -75.75       -0.65   504,052.00
1128  2022-12-12  NAS100 11,553.00 11,716.00 11,522.75 11,711.75    142.00        1.23   354,886.00
1129  2022-12-13  NAS100 11,816.75 12,339.00 11,797.25 11,958.75    247.00        2.11   759,557.00
1130  2022-12-14  NAS100 11,955.00 12,069.50 11,729.00 11,869.00    -89.75       -0.75   613,152.00
1131  2022-12-15  NAS100 11,884.25 11,898.00 11,404.00 11,457.00   -412.00       -3.47   670,390.00
1132  2022-12-16  NAS100 11,446.50 11,491.50 11,275.50 11,344.75   -112.25       -0.98   665,526.00
1133  2022-12-19  NAS100 11,328.75 11,411.00 11,131.75 11,193.25   -151.50       -1.34   562,529.00
1134  2022-12-20  NAS100 11,182.50 11,247.00 11,043.50 11,175.75    -17.50       -0.16   625,090.00
1135  2022-12-21  NAS100 11,206.50 11,389.75 11,181.00 11,334.50    158.75        1.42   631,322.00
1136  2022-12-22  NAS100 11,357.00 11,384.75 10,870.50 11,054.25   -280.25       -2.47   714,500.00
1137  2022-12-23  NAS100 11,061.00 11,143.00 10,916.25 11,075.25     21.00        0.19   534,525.00
1138  2022-12-27  NAS100 11,104.00 11,183.75 10,896.00 10,915.50   -159.75       -1.44   499,799.00
1139  2022-12-28  NAS100 10,915.75 10,996.50 10,758.75 10,772.75   -142.75       -1.31   635,572.00
1140  2022-12-29  NAS100 10,785.75 11,071.50 10,777.50 11,032.75    260.00        2.41   470,004.00
1141  2022-12-30  NAS100 11,033.50 11,051.50 10,855.50 11,022.25    -10.50       -0.10   462,484.00
1142  2023-01-03  NAS100 11,122.50 11,182.00 10,844.75 10,945.50    -76.75       -0.70   657,681.00
1143  2023-01-04  NAS100 10,941.25 11,068.50 10,863.50 10,999.25     53.75        0.49   758,003.00
1144  2023-01-05  NAS100 10,988.50 11,046.75 10,805.00 10,820.25   -179.00       -1.63   694,452.00
1145  2023-01-06  NAS100 10,838.75 11,165.75 10,751.00 11,113.50    293.25        2.71   736,332.00
1146  2023-01-09  NAS100 11,126.50 11,385.50 11,120.25 11,185.50     72.00        0.65   646,318.00
1147  2023-01-10  NAS100 11,184.75 11,288.75 11,094.00 11,282.00     96.50        0.86   559,281.00
1148  2023-01-11  NAS100 11,282.50 11,479.50 11,239.75 11,476.50    194.50        1.72   500,153.00
1149  2023-01-12  NAS100 11,474.50 11,579.75 11,291.00 11,534.25     57.75        0.50   754,571.00
1150  2023-01-13  NAS100 11,528.50 11,619.50 11,389.00 11,608.00     73.75        0.64   482,002.00
1151  2023-01-16  NAS100 11,613.50 11,685.00 11,510.25 11,624.50     16.50        0.14   576,141.00
1152  2023-01-18  NAS100 11,619.75 11,759.50 11,468.00 11,475.75   -148.75       -1.28   619,614.00
1153  2023-01-19  NAS100 11,470.50 11,487.00 11,308.50 11,356.50   -119.25       -1.04   594,769.00
1154  2023-01-20  NAS100 11,401.00 11,686.75 11,365.25 11,677.00    320.50        2.82   577,769.00
1155  2023-01-23  NAS100 11,676.75 11,983.00 11,650.50 11,934.00    257.00        2.20   593,978.00
1156  2023-01-24  NAS100 11,933.00 12,010.50 11,835.75 11,909.50    -24.50       -0.21   511,370.00
1157  2023-01-25  NAS100 11,970.50 11,976.50 11,604.50 11,873.25    -36.25       -0.30   633,473.00
1158  2023-01-26  NAS100 11,874.75 12,113.00 11,867.25 12,106.75    233.50        1.97   621,434.00
1159  2023-01-27  NAS100 12,049.00 12,308.50 12,016.00 12,222.25    115.50        0.95   588,072.00
1160  2023-01-30  NAS100 12,212.50 12,252.00 11,960.00 11,968.00   -254.25       -2.08   634,667.00
1161  2023-01-31  NAS100 11,984.00 12,156.00 11,871.00 12,152.00    184.00        1.54   585,202.00
1162  2023-02-01  NAS100 12,116.00 12,524.50 12,055.25 12,414.25    262.25        2.16   668,515.00
1163  2023-02-02  NAS100 12,520.00 12,949.75 12,501.75 12,846.75    432.50        3.48   817,822.00
1164  2023-02-03  NAS100 12,748.25 12,878.00 12,551.25 12,624.00   -222.75       -1.73   824,209.00
1165  2023-02-06  NAS100 12,572.00 12,608.50 12,455.75 12,515.50   -108.50       -0.86   535,147.00
1166  2023-02-07  NAS100 12,513.00 12,818.50 12,459.25 12,776.75    261.25        2.09   744,996.00
1167  2023-02-08  NAS100 12,747.00 12,808.50 12,512.75 12,545.25   -231.50       -1.81   590,355.00
1168  2023-02-09  NAS100 12,555.00 12,728.50 12,366.50 12,425.50   -119.75       -0.95   612,404.00
1169  2023-02-10  NAS100 12,448.75 12,451.50 12,243.25 12,346.25    -79.25       -0.64   600,244.00
1170  2023-02-13  NAS100 12,357.50 12,567.00 12,265.25 12,540.50    194.25        1.57   467,840.00
1171  2023-02-14  NAS100 12,547.25 12,687.00 12,390.50 12,631.00     90.50        0.72   719,204.00
1172  2023-02-15  NAS100 12,620.75 12,756.50 12,524.25 12,730.00     99.00        0.78   568,579.00
1173  2023-02-16  NAS100 12,740.00 12,792.75 12,455.25 12,482.50   -247.50       -1.94   682,325.00
1174  2023-02-17  NAS100 12,462.50 12,466.25 12,265.75 12,390.00    -92.50       -0.74   629,355.00
1175  2023-02-20  NAS100 12,380.00 12,417.75 12,090.25 12,096.75   -293.25       -2.37   609,494.00
1176  2023-02-22  NAS100 12,108.00 12,190.50 12,034.00 12,097.50      0.75        0.01   640,711.00
1177  2023-02-23  NAS100 12,176.25 12,261.00 12,028.50 12,207.50    110.00        0.91   640,962.00
1178  2023-02-24  NAS100 12,190.00 12,214.50 11,923.00 11,997.00   -210.50       -1.72   643,618.00
1179  2023-02-27  NAS100 12,003.00 12,189.50 11,990.00 12,083.25     86.25        0.72   578,952.00
1180  2023-02-28  NAS100 12,093.50 12,172.75 12,025.75 12,072.25    -11.00       -0.09   646,026.00
1181  2023-03-01  NAS100 12,041.25 12,141.75 11,924.75 11,961.75   -110.50       -0.92   759,645.00
1182  2023-03-02  NAS100 11,967.00 12,096.25 11,832.50 12,062.00    100.25        0.84   752,009.00
1183  2023-03-03  NAS100 12,049.00 12,329.00 12,012.00 12,311.25    249.25        2.07   675,472.00
1184  2023-03-06  NAS100 12,306.25 12,486.25 12,276.25 12,323.50     12.25        0.10   612,506.00
1185  2023-03-07  NAS100 12,320.25 12,381.25 12,142.25 12,169.00   -154.50       -1.25   685,006.00
1186  2023-03-08  NAS100 12,170.00 12,254.50 12,108.25 12,228.25     59.25        0.49   633,419.00
1187  2023-03-09  NAS100 12,231.00 12,353.50 11,977.50 12,007.25   -221.00       -1.81   816,838.00
1188  2023-03-10  NAS100 12,005.00 12,109.00 11,795.00 11,840.25   -167.00       -1.39   871,209.00
1189  2023-03-13  NAS100 11,894.75 12,095.75 11,674.25 11,931.75     91.50        0.77   694,438.00
1190  2023-03-14  NAS100 12,080.00 12,356.50 12,032.25 12,337.00    405.25        3.40   747,697.00
1191  2023-03-15  NAS100 12,329.75 12,407.50 12,096.75 12,377.75     40.75        0.33   833,272.00
1192  2023-03-16  NAS100 12,398.75 12,735.75 12,314.00 12,715.50    337.75        2.73   736,519.00
1193  2023-03-17  NAS100 12,708.00 12,811.25 12,569.50 12,644.75    -70.75       -0.56   734,052.00
1194  2023-03-20  NAS100 12,690.00 12,750.00 12,525.25 12,688.50     43.75        0.35   694,471.00
1195  2023-03-21  NAS100 12,699.75 12,898.25 12,676.50 12,867.25    178.75        1.41   565,860.00
1196  2023-03-22  NAS100 12,873.25 13,082.00 12,678.00 12,707.00   -160.25       -1.25   713,083.00
1197  2023-03-23  NAS100 12,695.00 13,031.00 12,694.25 12,854.00    147.00        1.16   838,385.00
1198  2023-03-24  NAS100 12,871.50 12,924.75 12,728.00 12,890.25     36.25        0.28   676,547.00
1199  2023-03-27  NAS100 12,916.00 12,984.50 12,765.50 12,788.50   -101.75       -0.79   562,634.00
1200  2023-03-28  NAS100 12,810.50 12,833.50 12,634.25 12,732.50    -56.00       -0.44   537,965.00
1201  2023-03-29  NAS100 12,745.50 12,994.00 12,742.00 12,965.00    232.50        1.83   566,316.00
1202  2023-03-30  NAS100 12,962.50 13,111.75 12,931.50 13,082.00    117.00        0.90   583,151.00
1203  2023-03-31  NAS100 13,084.25 13,311.50 13,057.50 13,301.75    219.75        1.68   624,955.00
1204  2023-04-03  NAS100 13,262.00 13,278.75 13,154.00 13,270.00    -31.75       -0.24   542,896.00
1205  2023-04-04  NAS100 13,259.00 13,348.75 13,168.25 13,219.00    -51.00       -0.38   577,032.00
1206  2023-04-05  NAS100 13,230.00 13,247.25 13,006.00 13,079.75   -139.25       -1.05   594,608.00
1207  2023-04-06  NAS100 13,072.75 13,191.00 12,953.25 13,170.75     91.00        0.70   598,222.00
1208  2023-04-07  NAS100 13,162.75 13,192.25 13,122.00 13,170.75      0.00        0.00    41,224.00
1209  2023-04-10  NAS100 13,179.75 13,203.25 12,967.50 13,158.00    -12.75       -0.10   553,003.00
1210  2023-04-11  NAS100 13,163.25 13,208.75 13,053.50 13,074.75    -83.25       -0.63   549,047.00
1211  2023-04-12  NAS100 13,073.75 13,241.75 12,937.75 12,952.25   -122.50       -0.94   684,779.00
1212  2023-04-13  NAS100 12,957.00 13,228.00 12,925.50 13,209.75    257.50        1.99   558,233.00
1213  2023-04-14  NAS100 13,183.00 13,255.00 13,058.00 13,181.25    -28.50       -0.22   627,824.00
1214  2023-04-17  NAS100 13,212.50 13,218.00 13,076.75 13,186.50      5.25        0.04   540,742.00
1215  2023-04-18  NAS100 13,184.00 13,298.75 13,138.00 13,193.00      6.50        0.05   576,668.00
1216  2023-04-19  NAS100 13,170.50 13,226.75 13,065.00 13,183.00    -10.00       -0.08   529,506.00
1217  2023-04-20  NAS100 13,162.00 13,200.00 13,021.75 13,074.25   -108.75       -0.82   680,299.00
1218  2023-04-21  NAS100 13,089.00 13,122.00 12,982.50 13,090.50     16.25        0.12   593,982.00
1219  2023-04-24  NAS100 13,070.00 13,134.00 12,967.25 13,056.50    -34.00       -0.26   582,286.00
1220  2023-04-25  NAS100 13,050.25 13,059.50 12,800.00 12,809.50   -247.00       -1.89   694,266.00
1221  2023-04-26  NAS100 12,940.00 13,012.25 12,863.75 12,887.75     78.25        0.61   755,124.00
1222  2023-04-27  NAS100 12,965.00 13,333.00 12,936.00 13,231.25    343.50        2.67   728,241.00
1223  2023-04-28  NAS100 13,215.00 13,336.00 13,169.00 13,320.25     89.00        0.67   671,058.00
1224  2023-05-01  NAS100 13,317.00 13,370.25 13,258.75 13,306.75    -13.50       -0.10   487,908.00
1225  2023-05-02  NAS100 13,290.00 13,334.75 13,110.25 13,184.50   -122.25       -0.92   664,855.00
1226  2023-05-03  NAS100 13,162.00 13,314.00 13,080.00 13,100.75    -83.75       -0.64   648,753.00
1227  2023-05-04  NAS100 13,064.00 13,173.00 13,001.75 13,043.75    -57.00       -0.44   656,440.00
1228  2023-05-05  NAS100 13,060.00 13,359.00 13,055.75 13,317.75    274.00        2.10   573,291.00
1229  2023-05-08  NAS100 13,316.00 13,368.00 13,254.50 13,352.25     34.50        0.26   506,054.00
1230  2023-05-09  NAS100 13,338.50 13,347.00 13,250.50 13,264.75    -87.50       -0.66   552,248.00
1231  2023-05-10  NAS100 13,258.75 13,446.75 13,202.75 13,409.50    144.75        1.09   839,699.00
1232  2023-05-11  NAS100 13,410.00 13,470.25 13,361.50 13,446.50     37.00        0.28   653,399.00
1233  2023-05-12  NAS100 13,446.00 13,494.25 13,310.50 13,396.25    -50.25       -0.37   628,035.00
1234  2023-05-15  NAS100 13,378.75 13,480.00 13,350.00 13,468.00     71.75        0.54   495,940.00
1235  2023-05-16  NAS100 13,461.00 13,554.50 13,426.25 13,483.25     15.25        0.11   561,834.00
1236  2023-05-17  NAS100 13,498.50 13,669.00 13,474.25 13,643.50    160.25        1.19   621,137.00
1237  2023-05-18  NAS100 13,640.50 13,913.00 13,628.25 13,894.00    250.50        1.84   749,496.00
1238  2023-05-19  NAS100 13,908.50 13,960.25 13,814.25 13,858.00    -36.00       -0.26   659,819.00
1239  2023-05-22  NAS100 13,805.50 13,946.75 13,794.25 13,902.50     44.50        0.32   538,203.00
1240  2023-05-23  NAS100 13,913.25 13,979.25 13,710.00 13,728.75   -173.75       -1.25   658,680.00
1241  2023-05-24  NAS100 13,729.00 13,845.75 13,566.50 13,650.25    -78.50       -0.57   704,804.00
1242  2023-05-25  NAS100 13,877.00 14,031.25 13,803.00 13,976.50    326.25        2.39   819,148.00
1243  2023-05-26  NAS100 13,977.75 14,369.00 13,924.50 14,332.50    356.00        2.55   729,047.00
1244  2023-05-29  NAS100 14,437.50 14,570.00 14,336.75 14,396.75     64.25        0.45   882,198.00
1245  2023-05-31  NAS100 14,397.25 14,429.00 14,251.25 14,300.50    -96.25       -0.67   680,429.00
1246  2023-06-01  NAS100 14,289.50 14,528.25 14,248.25 14,472.25    171.75        1.20   622,329.00
1247  2023-06-02  NAS100 14,494.00 14,627.75 14,468.25 14,575.25    103.00        0.71   623,290.00
1248  2023-06-05  NAS100 14,577.00 14,694.75 14,512.75 14,588.75     13.50        0.09   619,089.00
1249  2023-06-06  NAS100 14,582.00 14,623.75 14,504.50 14,586.50     -2.25       -0.02   572,806.00
1250  2023-06-07  NAS100 14,594.50 14,675.00 14,305.50 14,331.50   -255.00       -1.75   770,555.00
1251  2023-06-08  NAS100 14,316.00 14,526.75 14,256.75 14,503.00    171.50        1.20   631,769.00
1252  2023-06-09  NAS100 14,517.00 14,687.50 14,460.25 14,556.25     53.25        0.37   581,386.00
1253  2023-06-12  NAS100 14,560.25 14,827.00 14,554.25 14,800.50    244.25        1.68   397,388.00
1254  2023-06-13  NAS100 15,006.50 15,151.25 14,963.00 15,099.00    298.50        2.02   723,269.00
1255  2023-06-14  NAS100 15,110.25 15,243.50 14,976.00 15,199.25    100.25        0.66   732,553.00
1256  2023-06-15  NAS100 15,222.00 15,441.00 15,066.00 15,374.00    174.75        1.15   734,111.00
1257  2023-06-16  NAS100 15,368.00 15,475.50 15,258.50 15,268.00   -106.00       -0.69   636,907.00
1258  2023-06-19  NAS100 15,303.25 15,322.50 15,126.50 15,256.50    -11.50       -0.08   652,883.00
1259  2023-06-21  NAS100 15,247.50 15,273.25 15,002.25 15,044.00   -212.50       -1.39   640,702.00
1260  2023-06-22  NAS100 15,038.75 15,238.00 14,964.00 15,214.75    170.75        1.14   611,017.00
1261  2023-06-23  NAS100 15,236.00 15,236.00 14,985.25 15,058.25   -156.50       -1.03   620,593.00
1262  2023-06-26  NAS100 15,057.75 15,152.50 14,853.50 14,856.50   -201.75       -1.34   649,993.00
1263  2023-06-27  NAS100 14,875.00 15,139.25 14,862.25 15,111.50    255.00        1.72   569,198.00
1264  2023-06-28  NAS100 15,088.25 15,219.00 15,021.25 15,130.00     18.50        0.12   662,146.00
1265  2023-06-29  NAS100 15,161.00 15,202.75 15,028.50 15,100.25    -29.75       -0.20   594,134.00
1266  2023-06-30  NAS100 15,106.00 15,376.75 15,099.00 15,337.00    236.75        1.57   529,455.00
1267  2023-07-03  NAS100 15,331.00 15,392.00 15,308.00 15,364.75     27.75        0.18   265,064.00
1268  2023-07-04  NAS100 15,357.00 15,432.00 15,255.25 15,360.75     -4.00       -0.03   519,857.00
1269  2023-07-06  NAS100 15,353.75 15,366.00 15,111.50 15,238.00   -122.75       -0.80   574,681.00
1270  2023-07-07  NAS100 15,211.75 15,359.75 15,172.25 15,181.75    -56.25       -0.37   555,119.00
1271  2023-07-10  NAS100 15,198.50 15,218.25 15,063.25 15,187.00      5.25        0.03   609,953.00
1272  2023-07-11  NAS100 15,195.75 15,278.75 15,109.50 15,260.00     73.00        0.48   552,637.00
1273  2023-07-12  NAS100 15,258.00 15,507.75 15,254.50 15,444.75    184.75        1.21   649,433.00
1274  2023-07-13  NAS100 15,457.75 15,741.25 15,456.50 15,711.50    266.75        1.73   563,935.00
1275  2023-07-14  NAS100 15,699.00 15,857.25 15,663.00 15,694.25    -17.25       -0.11   629,943.00
1276  2023-07-17  NAS100 15,690.00 15,882.75 15,661.50 15,840.75    146.50        0.93   522,129.00
1277  2023-07-18  NAS100 15,832.00 16,029.75 15,733.00 15,974.75    134.00        0.85   633,272.00
1278  2023-07-19  NAS100 15,949.25 16,062.75 15,911.25 15,959.25    -15.50       -0.10   682,279.00
1279  2023-07-20  NAS100 15,922.75 15,925.75 15,547.00 15,592.25   -367.00       -2.30   810,475.00
1280  2023-07-21  NAS100 15,590.75 15,719.25 15,522.25 15,540.00    -52.25       -0.34   704,413.00
1281  2023-07-24  NAS100 15,556.00 15,618.75 15,483.75 15,561.25     21.25        0.14   561,877.00
1282  2023-07-25  NAS100 15,570.00 15,736.25 15,549.25 15,673.00    111.75        0.72   554,880.00
1283  2023-07-26  NAS100 15,730.25 15,739.25 15,515.00 15,610.75    -62.25       -0.40   683,826.00
1284  2023-07-27  NAS100 15,638.75 15,904.00 15,511.25 15,571.00    -39.75       -0.25   846,437.00
1285  2023-07-28  NAS100 15,580.00 15,896.00 15,546.25 15,847.50    276.50        1.78   689,386.00
1286  2023-07-31  NAS100 15,850.00 15,917.00 15,791.25 15,857.50     10.00        0.06   523,896.00
1287  2023-08-01  NAS100 15,869.25 15,889.25 15,728.25 15,817.25    -40.25       -0.25   529,660.00
1288  2023-08-02  NAS100 15,757.00 15,789.75 15,414.00 15,473.00   -344.25       -2.18   773,499.00
1289  2023-08-03  NAS100 15,455.75 15,551.75 15,339.50 15,438.75    -34.25       -0.22   658,841.00
1290  2023-08-04  NAS100 15,441.00 15,610.25 15,336.50 15,354.00    -84.75       -0.55   773,229.00
1291  2023-08-07  NAS100 15,370.50 15,495.50 15,334.25 15,485.50    131.50        0.86   578,299.00
1292  2023-08-08  NAS100 15,495.00 15,497.75 15,218.00 15,354.25   -131.25       -0.85   638,813.00
1293  2023-08-09  NAS100 15,351.75 15,432.50 15,146.50 15,178.25   -176.00       -1.15   652,732.00
1294  2023-08-10  NAS100 15,202.50 15,442.25 15,136.00 15,201.25     23.00        0.15   807,104.00
1295  2023-08-11  NAS100 15,219.00 15,266.75 15,037.25 15,095.75   -105.50       -0.69   613,959.00
1296  2023-08-14  NAS100 15,104.00 15,282.00 15,020.75 15,270.25    174.50        1.16   554,628.00
1297  2023-08-15  NAS100 15,279.00 15,335.00 15,074.75 15,106.50   -163.75       -1.07   593,602.00
1298  2023-08-16  NAS100 15,110.75 15,166.00 14,921.50 14,942.25   -164.25       -1.09   641,607.00
1299  2023-08-17  NAS100 14,940.25 15,018.25 14,738.25 14,778.00   -164.25       -1.10   681,399.00
1300  2023-08-18  NAS100 14,748.00 14,802.75 14,609.25 14,744.00    -34.00       -0.23   731,241.00
1301  2023-08-21  NAS100 14,762.50 15,013.75 14,720.50 14,985.75    241.75        1.64   641,685.00
1302  2023-08-22  NAS100 14,974.50 15,118.25 14,932.00 14,958.50    -27.25       -0.18   623,728.00
1303  2023-08-23  NAS100 14,959.75 15,356.75 14,957.25 15,195.50    237.00        1.58   606,168.00
1304  2023-08-24  NAS100 15,333.00 15,418.00 14,817.00 14,862.00   -333.50       -2.19   847,308.00
1305  2023-08-25  NAS100 14,833.00 15,048.75 14,751.75 14,979.25    117.25        0.79   823,889.00
1306  2023-08-28  NAS100 14,991.00 15,126.50 14,973.50 15,092.50    113.25        0.76   586,342.00
1307  2023-08-29  NAS100 15,098.75 15,430.50 15,049.75 15,415.75    323.25        2.14   616,223.00
1308  2023-08-30  NAS100 15,427.50 15,522.75 15,361.50 15,501.25     85.50        0.55   590,194.00
1309  2023-08-31  NAS100 15,513.75 15,606.75 15,460.00 15,538.50     37.25        0.24   584,743.00
1310  2023-09-01  NAS100 15,534.00 15,661.25 15,454.00 15,516.25    -22.25       -0.14   572,689.00
1311  2023-09-04  NAS100 15,517.00 15,586.75 15,418.25 15,534.50     18.25        0.12   604,891.00
1312  2023-09-06  NAS100 15,511.25 15,533.00 15,310.50 15,399.50   -135.00       -0.87   596,503.00
1313  2023-09-07  NAS100 15,385.00 15,395.75 15,157.50 15,282.25   -117.25       -0.76   644,887.00
1314  2023-09-08  NAS100 15,286.25 15,390.75 15,223.00 15,297.50     15.25        0.10   598,477.00
1315  2023-09-11  NAS100 15,308.00 15,497.50 15,298.00 15,475.75    178.25        1.17   411,385.00
1316  2023-09-12  NAS100 15,662.25 15,680.00 15,483.75 15,500.00     24.25        0.16   643,521.00
1317  2023-09-13  NAS100 15,500.75 15,619.75 15,406.00 15,552.25     52.25        0.34   752,742.00
1318  2023-09-14  NAS100 15,569.00 15,714.50 15,531.00 15,673.50    121.25        0.78   648,254.00
1319  2023-09-15  NAS100 15,677.00 15,719.75 15,356.75 15,392.25   -281.25       -1.79   708,762.00
1320  2023-09-18  NAS100 15,382.25 15,461.00 15,330.50 15,414.50     22.25        0.14   509,746.00
1321  2023-09-19  NAS100 15,424.25 15,442.25 15,248.50 15,375.25    -39.25       -0.25   552,065.00
1322  2023-09-20  NAS100 15,375.25 15,436.25 15,127.00 15,152.00   -223.25       -1.45   605,256.00
1323  2023-09-21  NAS100 15,133.25 15,149.00 14,841.00 14,862.75   -289.25       -1.91   702,742.00
1324  2023-09-22  NAS100 14,854.50 15,027.50 14,836.25 14,869.50      6.75        0.05   624,056.00
1325  2023-09-25  NAS100 14,880.25 14,955.75 14,782.25 14,935.25     65.75        0.44   568,859.00
1326  2023-09-26  NAS100 14,949.00 14,949.00 14,666.25 14,715.00   -220.25       -1.47   667,617.00
1327  2023-09-27  NAS100 14,725.25 14,821.50 14,586.00 14,739.00     24.00        0.16   716,200.00
1328  2023-09-28  NAS100 14,772.50 14,947.50 14,658.00 14,859.75    120.75        0.82   734,472.00
1329  2023-09-29  NAS100 14,876.50 15,060.75 14,811.00 14,866.50      6.75        0.05   745,541.00
1330  2023-10-02  NAS100 14,965.00 15,046.00 14,826.00 14,984.75    118.25        0.80   762,896.00
1331  2023-10-03  NAS100 14,989.50 15,031.00 14,651.50 14,714.50   -270.25       -1.80   762,964.00
1332  2023-10-04  NAS100 14,713.75 14,956.00 14,589.00 14,923.75    209.25        1.42   803,257.00
1333  2023-10-05  NAS100 14,903.00 14,958.75 14,716.25 14,861.75    -62.00       -0.42   676,461.00
1334  2023-10-06  NAS100 14,853.75 15,160.25 14,660.00 15,112.00    250.25        1.68   840,602.00
1335  2023-10-09  NAS100 15,040.25 15,212.75 14,949.50 15,187.00     75.00        0.50   617,072.00
1336  2023-10-10  NAS100 15,196.50 15,383.50 15,171.75 15,270.75     83.75        0.55   648,613.00
1337  2023-10-11  NAS100 15,282.25 15,416.75 15,253.00 15,380.00    109.25        0.72   614,965.00
1338  2023-10-12  NAS100 15,407.50 15,468.75 15,216.25 15,315.00    -65.00       -0.42   747,494.00
1339  2023-10-13  NAS100 15,324.00 15,366.75 15,062.25 15,120.25   -194.75       -1.27   777,005.00
1340  2023-10-16  NAS100 15,120.00 15,336.75 15,083.00 15,289.50    169.25        1.12   641,294.00
1341  2023-10-17  NAS100 15,305.75 15,309.25 15,050.25 15,240.75    -48.75       -0.32   781,599.00
1342  2023-10-18  NAS100 15,236.50 15,238.25 14,979.25 15,025.25   -215.50       -1.41   853,599.00
1343  2023-10-19  NAS100 15,045.00 15,138.25 14,839.50 14,890.00   -135.25       -0.90 1,019,700.00
1344  2023-10-20  NAS100 14,850.00 14,887.50 14,645.00 14,664.00   -226.00       -1.52   846,675.00
1345  2023-10-23  NAS100 14,680.00 14,853.75 14,514.25 14,712.00     48.00        0.33   765,733.00
1346  2023-10-24  NAS100 14,744.00 14,948.75 14,706.00 14,846.50    134.50        0.91   703,058.00
1347  2023-10-25  NAS100 14,828.00 14,855.00 14,444.00 14,478.25   -368.25       -2.48   820,677.00
1348  2023-10-26  NAS100 14,425.00 14,459.00 14,140.25 14,194.00   -284.25       -1.96   987,597.00
1349  2023-10-27  NAS100 14,248.25 14,407.75 14,209.75 14,265.25     71.25        0.50   782,097.00
1350  2023-10-30  NAS100 14,336.00 14,476.50 14,303.00 14,416.50    151.25        1.06   704,860.00
1351  2023-10-31  NAS100 14,410.50 14,503.75 14,311.25 14,490.25     73.75        0.51   712,605.00
1352  2023-11-01  NAS100 14,460.00 14,762.00 14,410.75 14,744.50    254.25        1.75   741,817.00
1353  2023-11-02  NAS100 14,761.25 15,017.25 14,760.00 14,998.00    253.50        1.72   652,481.00
1354  2023-11-03  NAS100 14,928.00 15,228.50 14,925.50 15,178.75    180.75        1.21   633,835.00
1355  2023-11-06  NAS100 15,187.00 15,257.50 15,138.00 15,232.50     53.75        0.35   496,129.00
1356  2023-11-07  NAS100 15,215.00 15,412.25 15,176.00 15,374.25    141.75        0.93   585,124.00
1357  2023-11-08  NAS100 15,373.00 15,417.50 15,286.75 15,386.50     12.25        0.08   547,842.00
1358  2023-11-09  NAS100 15,356.25 15,453.75 15,236.75 15,256.00   -130.50       -0.85   710,427.00
1359  2023-11-10  NAS100 15,254.75 15,612.75 15,207.25 15,596.25    340.25        2.23   679,633.00
1360  2023-11-13  NAS100 15,586.25 15,601.25 15,465.25 15,547.00    -49.25       -0.32   532,937.00
1361  2023-11-14  NAS100 15,558.00 15,918.75 15,552.00 15,879.75    332.75        2.14   656,099.00
1362  2023-11-15  NAS100 15,895.00 16,049.50 15,832.25 15,889.25      9.50        0.06   685,072.00
1363  2023-11-16  NAS100 15,846.75 15,906.75 15,796.75 15,897.50      8.25        0.05   634,456.00
1364  2023-11-17  NAS100 15,897.75 15,940.00 15,825.00 15,895.75     -1.75       -0.01   562,424.00
1365  2023-11-20  NAS100 15,895.00 16,116.75 15,837.25 16,086.50    190.75        1.20   559,493.00
1366  2023-11-21  NAS100 16,087.50 16,122.50 15,912.00 15,990.25    -96.25       -0.60   575,452.00
1367  2023-11-22  NAS100 15,967.25 16,173.50 15,942.75 16,049.25     59.00        0.37   624,552.00
1368  2023-11-23  NAS100 16,036.75 16,086.50 15,981.75 16,021.00    -28.25       -0.18   296,604.00
1369  2023-11-27  NAS100 16,008.00 16,089.25 15,938.75 16,008.75    -12.25       -0.08   502,555.00
1370  2023-11-28  NAS100 16,005.25 16,071.50 15,945.25 16,048.00     39.25        0.25   598,224.00
1371  2023-11-29  NAS100 16,055.50 16,208.50 16,013.50 16,023.75    -24.25       -0.15   634,326.00
1372  2023-11-30  NAS100 16,040.25 16,098.50 15,856.00 15,985.50    -38.25       -0.24   694,118.00
1373  2023-12-01  NAS100 15,955.00 16,050.00 15,864.00 16,023.75     38.25        0.24   621,710.00
1374  2023-12-04  NAS100 16,022.00 16,026.00 15,721.25 15,869.00   -154.75       -0.97   721,019.00
1375  2023-12-05  NAS100 15,863.25 15,961.00 15,761.25 15,908.75     39.75        0.25   683,586.00
1376  2023-12-06  NAS100 15,897.00 16,037.75 15,802.00 15,815.25    -93.50       -0.59   675,482.00
1377  2023-12-07  NAS100 15,814.50 16,066.00 15,791.00 16,038.75    223.50        1.41   632,326.00
1378  2023-12-08  NAS100 16,017.50 16,118.75 15,888.25 16,098.25     59.50        0.37   588,926.00
1379  2023-12-11  NAS100 16,093.00 16,248.00 16,045.50 16,237.00    138.75        0.86   394,184.00
1380  2023-12-12  NAS100 16,453.00 16,600.00 16,396.50 16,575.50    338.50        2.08   614,476.00
1381  2023-12-13  NAS100 16,596.00 16,806.50 16,576.00 16,777.25    201.75        1.22   672,137.00
1382  2023-12-14  NAS100 16,777.50 16,885.00 16,628.00 16,753.00    -24.25       -0.14   786,948.00
1383  2023-12-15  NAS100 16,739.25 16,887.25 16,732.25 16,820.25     67.25        0.40   668,578.00
1384  2023-12-18  NAS100 16,820.25 16,974.00 16,802.25 16,939.75    119.50        0.71   463,438.00
1385  2023-12-19  NAS100 16,917.00 17,029.50 16,910.75 17,023.00     83.25        0.49   496,518.00
1386  2023-12-20  NAS100 17,024.00 17,073.50 16,758.50 16,766.25   -256.75       -1.51   654,329.00
1387  2023-12-21  NAS100 16,790.25 16,970.25 16,790.25 16,956.50    190.25        1.13   639,818.00
1388  2023-12-22  NAS100 16,956.00 17,041.50 16,891.50 16,980.00     23.50        0.14   486,853.00
1389  2023-12-26  NAS100 16,964.50 17,111.25 16,964.50 17,083.50    103.50        0.61   292,090.00
1390  2023-12-27  NAS100 17,090.25 17,133.00 17,055.50 17,113.25     29.75        0.17   424,302.00
1391  2023-12-28  NAS100 17,127.00 17,165.25 17,077.75 17,090.50    -22.75       -0.13   357,702.00
1392  2023-12-29  NAS100 17,090.25 17,131.00 16,938.25 17,023.50    -67.00       -0.39   470,864.00
1393  2024-01-02  NAS100 17,019.00 17,038.50 16,622.50 16,720.00   -303.50       -1.78   652,714.00
1394  2024-01-03  NAS100 16,736.75 16,737.25 16,522.00 16,538.00   -182.00       -1.09   677,219.00
1395  2024-01-04  NAS100 16,545.25 16,587.25 16,436.00 16,445.00    -93.00       -0.56   559,464.00
1396  2024-01-05  NAS100 16,455.00 16,577.25 16,334.25 16,460.25     15.25        0.09   627,475.00
1397  2024-01-08  NAS100 16,470.00 16,811.25 16,378.25 16,803.75    343.50        2.09   549,900.00
1398  2024-01-09  NAS100 16,788.00 16,868.50 16,657.75 16,830.25     26.50        0.16   605,921.00
1399  2024-01-10  NAS100 16,829.50 16,983.00 16,801.50 16,945.25    115.00        0.68   550,703.00
1400  2024-01-11  NAS100 16,955.00 17,057.00 16,753.00 16,966.25     21.00        0.12   756,441.00
1401  2024-01-12  NAS100 16,957.75 17,042.50 16,866.50 16,969.25      3.00        0.02   593,445.00
1402  2024-01-15  NAS100 16,961.75 17,033.75 16,811.75 16,966.50     -2.75       -0.02   816,021.00
1403  2024-01-17  NAS100 16,978.00 16,982.00 16,689.25 16,869.75    -96.75       -0.57   722,784.00
1404  2024-01-18  NAS100 16,854.50 17,125.75 16,834.25 17,110.00    240.25        1.42   852,229.00
1405  2024-01-19  NAS100 17,116.00 17,471.25 17,107.25 17,438.50    328.50        1.92   758,132.00
1406  2024-01-22  NAS100 17,466.00 17,585.00 17,434.00 17,458.50     20.00        0.11   637,245.00
1407  2024-01-23  NAS100 17,461.00 17,558.25 17,409.50 17,531.25     72.75        0.42   508,078.00
1408  2024-01-24  NAS100 17,554.00 17,793.50 17,552.25 17,621.00     89.75        0.51   721,605.00
1409  2024-01-25  NAS100 17,614.75 17,752.00 17,542.00 17,634.50     13.50        0.08   710,822.00
1410  2024-01-26  NAS100 17,571.25 17,632.00 17,466.00 17,527.00   -107.50       -0.61   631,481.00
1411  2024-01-29  NAS100 17,502.00 17,716.25 17,457.50 17,706.00    179.00        1.02   568,739.00
1412  2024-01-30  NAS100 17,711.75 17,735.75 17,467.00 17,588.50   -117.50       -0.66   554,146.00
1413  2024-01-31  NAS100 17,415.50 17,484.00 17,221.50 17,242.25   -346.25       -1.97   816,119.00
1414  2024-02-01  NAS100 17,273.25 17,646.75 17,262.75 17,436.75    194.50        1.13   705,238.00
1415  2024-02-02  NAS100 17,588.00 17,775.50 17,465.50 17,732.75    296.00        1.70   761,167.00
1416  2024-02-05  NAS100 17,696.00 17,745.50 17,554.25 17,700.00    -32.75       -0.18   621,645.00
1417  2024-02-06  NAS100 17,698.50 17,769.00 17,560.75 17,660.00    -40.00       -0.23   623,168.00
1418  2024-02-07  NAS100 17,645.75 17,875.50 17,629.75 17,841.75    181.75        1.03   613,340.00
1419  2024-02-08  NAS100 17,856.25 17,896.50 17,792.25 17,868.25     26.50        0.15   471,370.00
1420  2024-02-09  NAS100 17,854.25 18,071.00 17,852.25 18,039.25    171.00        0.96   499,282.00
1421  2024-02-12  NAS100 18,040.00 18,121.50 17,911.25 17,965.00    -74.25       -0.41   538,132.00
1422  2024-02-13  NAS100 17,928.50 17,963.25 17,542.00 17,676.75   -288.25       -1.60   858,230.00
1423  2024-02-14  NAS100 17,703.00 17,887.00 17,669.25 17,881.00    204.25        1.16   688,088.00
1424  2024-02-15  NAS100 17,870.00 17,968.25 17,780.50 17,912.75     31.75        0.18   657,768.00
1425  2024-02-16  NAS100 17,952.00 18,026.00 17,715.00 17,744.00   -168.75       -0.94   744,628.00
1426  2024-02-19  NAS100 17,729.25 17,807.50 17,452.50 17,607.25   -136.75       -0.77   889,292.00
1427  2024-02-21  NAS100 17,573.00 17,723.00 17,372.75 17,536.75    -70.50       -0.40   731,450.00
1428  2024-02-22  NAS100 17,702.50 18,087.00 17,676.00 18,047.50    510.75        2.91   759,232.00
1429  2024-02-23  NAS100 18,023.25 18,144.75 17,946.00 17,991.00    -56.50       -0.31   659,725.00
1430  2024-02-26  NAS100 17,961.50 18,059.50 17,922.00 17,977.00    -14.00       -0.08   526,169.00
1431  2024-02-27  NAS100 17,951.00 18,040.25 17,908.75 18,021.00     44.00        0.24   567,818.00
1432  2024-02-28  NAS100 18,017.50 18,019.75 17,846.25 17,915.25   -105.75       -0.59   553,731.00
1433  2024-02-29  NAS100 17,870.00 18,109.50 17,826.00 18,082.75    167.50        0.93   680,147.00
1434  2024-03-01  NAS100 18,075.00 18,372.75 18,029.50 18,338.25    255.50        1.41   639,153.00
1435  2024-03-04  NAS100 18,336.00 18,377.75 18,234.25 18,262.00    -76.25       -0.42   569,342.00
1436  2024-03-05  NAS100 18,246.00 18,252.00 17,832.50 17,930.25   -331.75       -1.82   803,857.00
1437  2024-03-06  NAS100 17,981.00 18,174.25 17,942.50 18,044.25    114.00        0.64   806,131.00
1438  2024-03-07  NAS100 18,041.00 18,360.00 17,915.75 18,316.25    272.00        1.51   758,499.00
1439  2024-03-08  NAS100 18,279.00 18,436.50 18,012.50 18,046.75   -269.50       -1.47 1,048,847.00
1440  2024-03-11  NAS100 18,056.00 18,068.25 17,890.50 17,971.00    -75.75       -0.42   472,517.00
1441  2024-03-12  NAS100 18,253.00 18,491.00 18,174.00 18,477.25    506.25        2.82   763,543.00
1442  2024-03-13  NAS100 18,469.50 18,506.75 18,281.75 18,328.50   -148.75       -0.81   754,400.00
1443  2024-03-14  NAS100 18,342.00 18,428.25 18,161.25 18,271.75    -56.75       -0.31   818,470.00
1444  2024-03-15  NAS100 18,251.00 18,322.75 18,006.25 18,058.75   -213.00       -1.17   705,711.00
1445  2024-03-18  NAS100 18,073.50 18,381.00 18,062.25 18,231.50    172.75        0.96   656,629.00
1446  2024-03-19  NAS100 18,222.00 18,289.25 18,053.25 18,270.00     38.50        0.21   660,394.00
1447  2024-03-20  NAS100 18,274.00 18,545.00 18,227.50 18,479.75    209.75        1.15   618,809.00
1448  2024-03-21  NAS100 18,539.75 18,709.00 18,526.75 18,561.75     82.00        0.44   606,959.00
1449  2024-03-22  NAS100 18,580.50 18,626.00 18,492.00 18,574.75     13.00        0.07   511,962.00
1450  2024-03-25  NAS100 18,567.00 18,601.25 18,414.75 18,513.50    -61.25       -0.33   456,250.00
1451  2024-03-26  NAS100 18,531.25 18,619.00 18,439.25 18,449.00    -64.50       -0.35   516,507.00
1452  2024-03-27  NAS100 18,477.50 18,571.75 18,378.50 18,503.75     54.75        0.30   605,634.00
1453  2024-03-28  NAS100 18,505.00 18,538.75 18,447.50 18,475.00    -28.75       -0.16   515,193.00
1454  2024-04-01  NAS100 18,503.00 18,612.00 18,414.50 18,497.25     22.25        0.12   572,133.00
1455  2024-04-02  NAS100 18,497.25 18,511.00 18,201.50 18,330.00   -167.25       -0.90   618,982.00
1456  2024-04-03  NAS100 18,345.00 18,451.75 18,232.50 18,373.25     43.25        0.24   597,987.00
1457  2024-04-04  NAS100 18,388.50 18,568.00 18,055.25 18,076.75   -296.50       -1.61   777,140.00
1458  2024-04-05  NAS100 18,086.25 18,408.25 18,051.50 18,300.75    224.00        1.24   809,193.00
1459  2024-04-08  NAS100 18,348.25 18,376.00 18,237.50 18,295.00     -5.75       -0.03   524,203.00
1460  2024-04-09  NAS100 18,314.75 18,407.25 18,160.75 18,359.75     64.75        0.35   696,069.00
1461  2024-04-10  NAS100 18,381.00 18,474.25 18,053.50 18,196.75   -163.00       -0.89   880,504.00
1462  2024-04-11  NAS100 18,184.00 18,518.75 18,088.00 18,485.00    288.25        1.58   728,802.00
1463  2024-04-12  NAS100 18,486.25 18,507.75 18,120.25 18,179.25   -305.75       -1.65   787,334.00
1464  2024-04-15  NAS100 18,151.00 18,350.75 17,841.50 17,876.25   -303.00       -1.67   797,316.00
1465  2024-04-16  NAS100 17,879.00 17,988.00 17,792.00 17,881.25      5.00        0.03   766,364.00
1466  2024-04-17  NAS100 17,897.00 17,968.50 17,615.25 17,658.50   -222.75       -1.25   844,749.00
1467  2024-04-18  NAS100 17,669.75 17,770.75 17,506.25 17,547.25   -111.25       -0.63   756,158.00
1468  2024-04-19  NAS100 17,530.75 17,553.25 17,113.25 17,180.75   -366.50       -2.09 1,023,135.00
1469  2024-04-22  NAS100 17,228.25 17,448.00 17,148.50 17,350.00    169.25        0.99   646,130.00
1470  2024-04-23  NAS100 17,352.25 17,666.00 17,286.25 17,606.75    256.75        1.48   601,826.00
1471  2024-04-24  NAS100 17,682.00 17,795.50 17,481.75 17,664.50     57.75        0.33   667,402.00
1472  2024-04-25  NAS100 17,450.00 17,827.50 17,308.25 17,567.50    -97.00       -0.55   820,011.00
1473  2024-04-26  NAS100 17,808.25 17,901.50 17,668.25 17,845.75    278.25        1.58   628,227.00
1474  2024-04-29  NAS100 17,864.75 17,949.00 17,791.25 17,904.25     58.50        0.33   528,891.00
1475  2024-04-30  NAS100 17,918.50 17,920.25 17,473.50 17,571.25   -333.00       -1.86   677,704.00
1476  2024-05-01  NAS100 17,462.50 17,793.25 17,399.25 17,438.25   -133.00       -0.76   791,170.00
1477  2024-05-02  NAS100 17,487.00 17,755.25 17,386.25 17,649.75    211.50        1.21   635,300.00
1478  2024-05-03  NAS100 17,744.25 18,050.25 17,719.50 18,000.75    351.00        1.99   556,949.00
1479  2024-05-06  NAS100 18,047.50 18,201.25 17,983.75 18,195.50    194.75        1.08   395,489.00
1480  2024-05-07  NAS100 18,189.50 18,266.25 18,151.00 18,199.50      4.00        0.02   469,722.00
1481  2024-05-08  NAS100 18,194.00 18,242.25 18,072.50 18,186.50    -13.00       -0.07   453,714.00
1482  2024-05-09  NAS100 18,160.75 18,240.25 18,103.75 18,214.50     28.00        0.15   471,196.00
1483  2024-05-10  NAS100 18,226.00 18,348.00 18,188.50 18,255.00     40.50        0.22   473,881.00
1484  2024-05-13  NAS100 18,238.00 18,336.25 18,228.75 18,295.50     40.50        0.22   411,036.00
1485  2024-05-14  NAS100 18,282.00 18,433.00 18,165.50 18,415.00    119.50        0.65   555,369.00
1486  2024-05-15  NAS100 18,409.75 18,707.00 18,393.00 18,691.75    276.75        1.50   605,869.00
1487  2024-05-16  NAS100 18,693.25 18,760.75 18,633.25 18,650.00    -41.75       -0.22   548,582.00
1488  2024-05-17  NAS100 18,642.00 18,686.75 18,545.00 18,635.25    -14.75       -0.08   489,227.00
1489  2024-05-20  NAS100 18,633.50 18,794.50 18,633.00 18,763.00    127.75        0.69   470,381.00
1490  2024-05-21  NAS100 18,746.00 18,808.75 18,678.00 18,799.25     36.25        0.19   426,117.00
1491  2024-05-22  NAS100 18,798.25 18,891.00 18,684.25 18,786.75    -12.50       -0.07   578,439.00
1492  2024-05-23  NAS100 18,860.50 19,023.25 18,621.50 18,696.25    -90.50       -0.48   851,576.00
1493  2024-05-24  NAS100 18,684.00 18,926.00 18,680.00 18,876.00    179.75        0.96   552,083.00
1494  2024-05-27  NAS100 18,874.75 18,980.50 18,819.50 18,940.50     64.50        0.34   642,954.00
1495  2024-05-29  NAS100 18,949.50 18,949.75 18,740.00 18,802.75   -137.75       -0.73   573,938.00
1496  2024-05-30  NAS100 18,753.00 18,787.00 18,546.25 18,606.50   -196.25       -1.04   619,548.00
1497  2024-05-31  NAS100 18,590.75 18,668.25 18,241.25 18,591.00    -15.50       -0.08   834,003.00
1498  2024-06-03  NAS100 18,590.25 18,755.50 18,435.75 18,646.25     55.25        0.30   669,104.00
1499  2024-06-04  NAS100 18,662.50 18,753.25 18,511.25 18,701.00     54.75        0.29   616,703.00
1500  2024-06-05  NAS100 18,711.00 19,090.50 18,696.25 19,074.25    373.25        2.00   575,227.00
1501  2024-06-06  NAS100 19,089.50 19,124.50 19,017.25 19,060.25    -14.00       -0.07   524,900.00
1502  2024-06-07  NAS100 19,064.00 19,155.00 18,940.00 19,037.75    -22.50       -0.12   612,033.00
1503  2024-06-10  NAS100 19,025.00 19,129.75 18,974.25 19,109.75     72.00        0.38   571,666.00
1504  2024-06-11  NAS100 19,107.25 19,257.50 18,994.50 19,242.25    132.50        0.69   564,706.00
1505  2024-06-12  NAS100 19,248.00 19,612.25 19,233.50 19,496.50    254.25        1.32   691,079.00
1506  2024-06-13  NAS100 19,602.00 19,691.00 19,500.00 19,602.50    106.00        0.54   584,725.00
1507  2024-06-14  NAS100 19,602.75 19,699.50 19,501.50 19,685.50     83.00        0.42   584,288.00
1508  2024-06-17  NAS100 19,954.75 20,271.25 19,904.00 20,192.75    507.25        2.58   648,046.00
1509  2024-06-18  NAS100 20,193.00 20,270.50 20,127.00 20,196.25      3.50        0.02   578,901.00
1510  2024-06-19  NAS100 20,204.50 20,371.00 19,958.25 20,031.50   -164.75       -0.82   897,181.00
1511  2024-06-21  NAS100 20,043.25 20,086.00 19,914.25 19,982.75    -48.75       -0.24   590,839.00
1512  2024-06-24  NAS100 20,014.75 20,030.25 19,728.00 19,750.75   -232.00       -1.16   683,900.00
1513  2024-06-25  NAS100 19,756.00 19,981.25 19,726.00 19,972.25    221.50        1.12   574,518.00
1514  2024-06-26  NAS100 19,973.00 20,070.50 19,901.00 20,012.50     40.25        0.20   590,175.00
1515  2024-06-27  NAS100 19,946.00 20,116.75 19,874.25 20,039.50     27.00        0.13   589,649.00
1516  2024-06-28  NAS100 20,063.25 20,273.25 19,906.25 19,927.25   -112.25       -0.56   750,324.00
1517  2024-07-01  NAS100 19,970.00 20,074.00 19,811.75 20,052.00    124.75        0.63   639,341.00
1518  2024-07-02  NAS100 20,045.75 20,259.25 19,910.00 20,255.25    203.25        1.01   621,477.00
1519  2024-07-03  NAS100 20,241.00 20,435.25 20,205.00 20,411.50    156.25        0.77   395,129.00
1520  2024-07-04  NAS100 20,419.25 20,639.50 20,361.00 20,620.75    209.25        1.03   600,207.00
1521  2024-07-08  NAS100 20,591.50 20,688.00 20,579.25 20,659.75     39.00        0.19   497,107.00
1522  2024-07-09  NAS100 20,681.00 20,771.75 20,615.75 20,678.50     18.75        0.09   569,689.00
1523  2024-07-10  NAS100 20,686.00 20,916.75 20,684.50 20,899.75    221.25        1.07   576,694.00
1524  2024-07-11  NAS100 20,895.50 20,983.75 20,377.25 20,441.75   -458.00       -2.19   906,128.00
1525  2024-07-12  NAS100 20,432.75 20,741.00 20,335.00 20,524.00     82.25        0.40   724,343.00
1526  2024-07-15  NAS100 20,580.00 20,797.00 20,506.25 20,583.75     59.75        0.29   703,410.00
1527  2024-07-16  NAS100 20,628.00 20,684.50 20,464.50 20,598.00     14.25        0.07   629,745.00
1528  2024-07-17  NAS100 20,591.00 20,597.75 19,965.75 19,997.50   -600.50       -2.92   854,323.00
1529  2024-07-18  NAS100 20,024.25 20,162.50 19,758.75 19,899.25    -98.25       -0.49   964,287.00
1530  2024-07-19  NAS100 19,955.00 19,979.75 19,654.00 19,713.00   -186.25       -0.94   774,109.00
1531  2024-07-22  NAS100 19,749.00 20,044.75 19,718.75 20,001.00    288.00        1.46   657,854.00
1532  2024-07-23  NAS100 19,982.00 20,084.75 19,868.25 19,925.00    -76.00       -0.38   601,990.00
1533  2024-07-24  NAS100 19,883.00 19,883.00 19,168.75 19,203.25   -721.75       -3.62   846,812.00
1534  2024-07-25  NAS100 19,260.00 19,390.50 18,883.25 18,992.25   -211.00       -1.10   992,015.00
1535  2024-07-26  NAS100 19,003.00 19,297.75 18,995.00 19,174.50    182.25        0.96   694,702.00
1536  2024-07-29  NAS100 19,171.75 19,377.25 19,113.25 19,209.25     34.75        0.18   600,017.00
1537  2024-07-30  NAS100 19,217.00 19,319.75 18,725.00 18,936.25   -273.00       -1.42   745,002.00
1538  2024-07-31  NAS100 18,865.75 19,648.00 18,861.75 19,505.25    569.00        3.00   762,246.00
1539  2024-08-01  NAS100 19,593.25 19,717.00 18,854.00 19,023.25   -482.00       -2.47   920,616.00
1540  2024-08-02  NAS100 18,956.50 18,979.75 18,385.75 18,556.25   -467.00       -2.45   842,228.00
1541  2024-08-05  NAS100 18,390.00 18,390.00 17,351.00 18,013.25   -543.00       -2.93   937,137.00
1542  2024-08-06  NAS100 18,165.75 18,483.25 17,966.00 18,179.00    165.75        0.92   697,089.00
1543  2024-08-07  NAS100 18,033.00 18,558.50 17,836.25 17,966.50   -212.50       -1.17   725,244.00
1544  2024-08-08  NAS100 17,873.00 18,593.50 17,741.75 18,525.25    558.75        3.11   663,957.00
1545  2024-08-09  NAS100 18,550.25 18,674.50 18,383.00 18,616.00     90.75        0.49   501,761.00
1546  2024-08-12  NAS100 18,590.00 18,765.25 18,515.00 18,639.50     23.50        0.13   469,892.00
1547  2024-08-13  NAS100 18,648.25 19,122.50 18,628.50 19,104.25    464.75        2.49   497,670.00
1548  2024-08-14  NAS100 19,099.25 19,203.50 18,925.50 19,115.00     10.75        0.06   553,997.00
1549  2024-08-15  NAS100 19,142.50 19,603.25 19,100.50 19,581.25    466.25        2.44   522,322.00
1550  2024-08-16  NAS100 19,570.25 19,683.00 19,447.50 19,605.75     24.50        0.13   458,933.00
1551  2024-08-19  NAS100 19,629.00 19,871.75 19,525.25 19,857.75    252.00        1.29   429,305.00
1552  2024-08-20  NAS100 19,857.75 19,931.00 19,743.00 19,809.50    -48.25       -0.24   485,435.00
1553  2024-08-21  NAS100 19,803.00 19,981.75 19,771.50 19,909.50    100.00        0.50   479,077.00
1554  2024-08-22  NAS100 19,921.25 20,025.25 19,542.00 19,578.25   -331.25       -1.66   630,179.00
1555  2024-08-23  NAS100 19,621.50 19,904.25 19,591.75 19,790.75    212.50        1.09   581,201.00
1556  2024-08-26  NAS100 19,787.75 19,846.25 19,505.50 19,591.25   -199.50       -1.01   473,540.00
1557  2024-08-27  NAS100 19,558.75 19,694.25 19,441.50 19,653.75     62.50        0.32   441,146.00
1558  2024-08-28  NAS100 19,635.50 19,691.00 19,227.25 19,415.75   -238.00       -1.21   537,278.00
1559  2024-08-29  NAS100 19,217.00 19,693.50 19,140.25 19,393.25    -22.50       -0.12   669,705.00
1560  2024-08-30  NAS100 19,445.75 19,632.75 19,370.50 19,623.00    229.75        1.18   495,609.00
1561  2024-09-02  NAS100 19,599.00 19,683.00 18,911.00 19,006.50   -616.50       -3.14   698,442.00
1562  2024-09-04  NAS100 18,993.75 19,114.75 18,825.75 18,962.50    -44.00       -0.23   582,116.00
1563  2024-09-05  NAS100 18,965.75 19,150.50 18,827.25 18,963.50      1.00        0.01   585,125.00
1564  2024-09-06  NAS100 18,921.00 18,972.25 18,339.75 18,458.25   -505.25       -2.66   726,350.00
1565  2024-09-09  NAS100 18,400.00 18,734.50 18,386.00 18,692.25    234.00        1.27   536,240.00
1566  2024-09-10  NAS100 18,727.00 18,878.50 18,582.25 18,864.00    171.75        0.92   536,220.00
1567  2024-09-11  NAS100 18,837.75 19,293.50 18,547.00 19,271.00    407.00        2.16   729,344.00
1568  2024-09-12  NAS100 19,241.50 19,483.50 19,185.00 19,447.25    176.25        0.91   581,032.00
1569  2024-09-13  NAS100 19,419.50 19,577.25 19,398.25 19,530.25     83.00        0.43   467,948.00
1570  2024-09-16  NAS100 19,498.00 19,546.50 19,299.25 19,433.00    -97.25       -0.50   339,781.00
1571  2024-09-17  NAS100 19,655.00 19,850.25 19,574.50 19,675.75    242.75        1.25   509,253.00
1572  2024-09-18  NAS100 19,686.75 19,900.00 19,558.00 19,580.50    -95.25       -0.48   559,587.00
1573  2024-09-19  NAS100 19,648.75 20,203.00 19,636.75 20,088.00    507.50        2.59   615,561.00
1574  2024-09-20  NAS100 20,066.00 20,084.00 19,860.00 20,028.25    -59.75       -0.30   479,646.00
1575  2024-09-23  NAS100 20,040.00 20,164.00 19,955.25 20,080.00     51.75        0.26   394,947.00
1576  2024-09-24  NAS100 20,063.25 20,214.75 19,953.00 20,167.75     87.75        0.44   457,126.00
1577  2024-09-25  NAS100 20,183.75 20,271.00 20,064.25 20,192.00     24.25        0.12   405,050.00
1578  2024-09-26  NAS100 20,242.00 20,538.00 20,188.00 20,346.25    154.25        0.76   509,755.00
1579  2024-09-27  NAS100 20,345.00 20,395.75 20,173.00 20,221.50   -124.75       -0.61   435,634.00
1580  2024-09-30  NAS100 20,198.50 20,287.00 20,056.00 20,261.25     39.75        0.20   510,434.00
1581  2024-10-01  NAS100 20,234.25 20,331.75 19,818.00 19,975.00   -286.25       -1.41   662,776.00
1582  2024-10-02  NAS100 19,975.25 20,090.25 19,833.50 20,009.75     34.75        0.17   475,599.00
1583  2024-10-03  NAS100 20,055.50 20,113.75 19,852.00 19,990.25    -19.50       -0.10   526,765.00
1584  2024-10-04  NAS100 19,965.50 20,263.75 19,941.50 20,227.25    237.00        1.19   560,070.00
1585  2024-10-07  NAS100 20,220.00 20,267.25 19,948.00 19,992.75   -234.50       -1.16   450,371.00
1586  2024-10-08  NAS100 20,025.75 20,329.50 19,902.50 20,298.50    305.75        1.53   444,750.00
1587  2024-10-09  NAS100 20,294.25 20,482.75 20,196.00 20,463.50    165.00        0.81   421,249.00
1588  2024-10-10  NAS100 20,445.25 20,508.25 20,301.50 20,429.75    -33.75       -0.16   450,569.00
1589  2024-10-11  NAS100 20,435.00 20,494.25 20,314.75 20,450.00     20.25        0.10   385,312.00
1590  2024-10-14  NAS100 20,432.50 20,680.00 20,383.25 20,619.25    169.25        0.83   395,756.00
1591  2024-10-15  NAS100 20,638.75 20,659.25 20,254.00 20,342.00   -277.25       -1.34   522,391.00
1592  2024-10-16  NAS100 20,334.50 20,398.50 20,206.25 20,349.50      7.50        0.04   417,571.00
1593  2024-10-17  NAS100 20,328.00 20,594.75 20,276.75 20,368.00     18.50        0.09   535,486.00
1594  2024-10-18  NAS100 20,384.00 20,529.75 20,320.75 20,483.50    115.50        0.57   385,566.00
1595  2024-10-21  NAS100 20,496.25 20,554.50 20,343.75 20,519.50     36.00        0.18   456,078.00
1596  2024-10-22  NAS100 20,536.50 20,602.25 20,360.25 20,542.00     22.50        0.11   476,324.00
1597  2024-10-23  NAS100 20,521.00 20,542.50 20,079.00 20,220.50   -321.50       -1.57   619,162.00
1598  2024-10-24  NAS100 20,294.25 20,428.50 20,261.75 20,380.25    159.75        0.79   462,552.00
1599  2024-10-25  NAS100 20,388.50 20,707.25 20,364.00 20,498.75    118.50        0.58   585,929.00
1600  2024-10-28  NAS100 20,525.50 20,676.50 20,486.00 20,497.00     -1.75       -0.01   430,120.00
1601  2024-10-29  NAS100 20,513.00 20,760.25 20,432.25 20,696.50    199.50        0.97   498,020.00
1602  2024-10-30  NAS100 20,734.00 20,788.50 20,472.50 20,534.75   -161.75       -0.78   519,409.00
1603  2024-10-31  NAS100 20,482.00 20,495.75 20,008.50 20,021.75   -513.00       -2.50   686,677.00
1604  2024-11-01  NAS100 20,071.00 20,288.00 20,017.00 20,153.25    131.50        0.66   554,025.00
1605  2024-11-04  NAS100 20,138.00 20,248.50 20,013.00 20,086.00    -67.25       -0.33   520,521.00
1606  2024-11-05  NAS100 20,130.75 20,385.50 20,041.75 20,341.75    255.75        1.27   450,115.00
1607  2024-11-06  NAS100 20,360.50 20,935.25 20,323.50 20,894.00    552.25        2.71   632,408.00
1608  2024-11-07  NAS100 20,923.50 21,253.00 20,861.50 21,224.75    330.75        1.58   462,805.00
1609  2024-11-08  NAS100 21,224.25 21,265.00 21,121.75 21,231.25      6.50        0.03   401,943.00
1610  2024-11-11  NAS100 21,249.75 21,340.75 21,098.25 21,217.75    -13.50       -0.06   456,006.00
1611  2024-11-12  NAS100 21,221.00 21,251.75 21,054.75 21,189.50    -28.25       -0.13   511,372.00
1612  2024-11-13  NAS100 21,178.00 21,268.50 21,056.50 21,159.50    -30.00       -0.14   533,739.00
1613  2024-11-14  NAS100 21,167.00 21,190.25 20,950.50 21,011.75   -147.75       -0.70   561,950.00
1614  2024-11-15  NAS100 20,977.50 20,981.50 20,405.25 20,493.75   -518.00       -2.47   691,851.00
1615  2024-11-18  NAS100 20,504.00 20,724.25 20,476.00 20,633.50    139.75        0.68   525,474.00
1616  2024-11-19  NAS100 20,633.25 20,792.50 20,382.50 20,767.75    134.25        0.65   553,617.00
1617  2024-11-20  NAS100 20,762.25 20,843.25 20,477.00 20,749.00    -18.75       -0.09   619,493.00
1618  2024-11-21  NAS100 20,738.00 20,905.75 20,514.25 20,829.50     80.50        0.39   698,342.00
1619  2024-11-22  NAS100 20,794.00 20,880.00 20,693.25 20,849.75     20.25        0.10   541,554.00
1620  2024-11-25  NAS100 20,935.00 21,081.00 20,780.25 20,880.25     30.50        0.15   544,568.00
1621  2024-11-26  NAS100 20,906.25 21,024.75 20,755.00 20,993.50    113.25        0.54   505,254.00
1622  2024-11-27  NAS100 20,990.75 21,019.00 20,675.00 20,813.00   -180.50       -0.86   520,026.00
1623  2024-11-28  NAS100 20,813.00 21,017.50 20,805.50 20,993.50    180.50        0.87   339,955.00
1624  2024-12-02  NAS100 20,995.25 21,259.75 20,940.00 21,218.00    224.50        1.07   475,464.00
1625  2024-12-03  NAS100 21,220.00 21,329.00 21,134.25 21,281.50     63.50        0.30   444,143.00
1626  2024-12-04  NAS100 21,323.00 21,548.50 21,305.75 21,536.50    255.00        1.20   461,922.00
1627  2024-12-05  NAS100 21,513.25 21,567.25 21,437.50 21,473.25    -63.25       -0.29   421,035.00
1628  2024-12-06  NAS100 21,450.00 21,669.25 21,424.75 21,656.75    183.50        0.85   459,878.00
1629  2024-12-09  NAS100 21,649.00 21,706.25 21,436.00 21,483.75   -173.00       -0.80   517,123.00
1630  2024-12-10  NAS100 21,479.25 21,606.75 21,352.75 21,405.25    -78.50       -0.37   544,406.00
1631  2024-12-11  NAS100 21,436.00 21,820.00 21,405.75 21,793.50    388.25        1.81   547,213.00
1632  2024-12-12  NAS100 21,756.75 21,772.50 21,604.25 21,651.25   -142.25       -0.65   510,307.00
1633  2024-12-13  NAS100 21,720.75 21,908.00 21,666.50 21,795.75    144.50        0.67   639,403.00
1634  2024-12-16  NAS100 21,780.25 22,152.50 21,762.00 22,110.25    314.50        1.44   482,433.00
1635  2024-12-17  NAS100 22,412.25 22,425.75 22,244.25 22,314.50    204.25        0.92   568,539.00
1636  2024-12-18  NAS100 22,309.25 22,387.75 21,311.00 21,501.75   -812.75       -3.64   733,606.00
1637  2024-12-19  NAS100 21,499.75 21,697.75 21,345.75 21,379.00   -122.75       -0.57   743,114.00
1638  2024-12-20  NAS100 21,429.25 21,812.25 21,006.50 21,566.50    187.50        0.88   864,714.00
1639  2024-12-23  NAS100 21,566.00 21,776.75 21,476.75 21,753.25    186.75        0.87   508,598.00
1640  2024-12-24  NAS100 21,743.25 22,049.75 21,709.00 22,028.50    275.25        1.27   261,201.00
1641  2024-12-26  NAS100 22,049.50 22,111.25 21,870.25 22,008.00    -20.50       -0.09   407,116.00
1642  2024-12-27  NAS100 21,990.75 22,008.00 21,498.75 21,698.50   -309.50       -1.41   572,604.00
1643  2024-12-30  NAS100 21,711.00 21,742.75 21,253.00 21,416.25   -282.25       -1.30   530,975.00
1644  2024-12-31  NAS100 21,390.25 21,524.75 21,182.00 21,226.50   -189.75       -0.89   477,280.00
1645  2025-01-02  NAS100 21,269.00 21,490.50 20,983.75 21,167.50    -59.00       -0.28   664,742.00
1646  2025-01-03  NAS100 21,186.75 21,559.25 21,144.00 21,516.50    349.00        1.65   488,243.00
1647  2025-01-06  NAS100 21,532.25 21,896.75 21,478.25 21,744.50    228.00        1.06   574,300.00
1648  2025-01-07  NAS100 21,781.25 21,806.00 21,279.50 21,359.75   -384.75       -1.77   645,144.00
1649  2025-01-08  NAS100 21,380.75 21,448.25 21,166.25 21,360.75      1.00        0.00   637,114.00
1650  2025-01-09  NAS100 21,334.75 21,347.25 21,218.00 21,301.50    -59.25       -0.28    77,170.00
1651  2025-01-10  NAS100 21,302.75 21,372.50 20,874.75 21,016.00   -285.50       -1.34   703,964.00
1652  2025-01-13  NAS100 21,027.50 21,037.00 20,694.00 20,947.25    -68.75       -0.33   617,059.00
1653  2025-01-14  NAS100 21,020.00 21,143.75 20,773.50 20,919.50    -27.75       -0.13   676,188.00
1654  2025-01-15  NAS100 20,977.00 21,452.75 20,909.00 21,400.25    480.75        2.30   551,806.00
1655  2025-01-16  NAS100 21,389.00 21,567.25 21,172.25 21,249.75   -150.50       -0.70   598,631.00
1656  2025-01-17  NAS100 21,227.50 21,682.50 21,209.25 21,594.75    345.00        1.62   594,110.00
1657  2025-01-20  NAS100 21,600.00 21,783.50 21,377.75 21,709.50    114.75        0.53   662,316.00
1658  2025-01-22  NAS100 21,809.25 22,093.50 21,768.25 22,000.50    291.00        1.34   508,606.00
1659  2025-01-23  NAS100 21,981.75 22,050.50 21,855.50 22,038.25     37.75        0.17   476,286.00
1660  2025-01-24  NAS100 22,018.50 22,078.25 21,844.00 21,911.25   -127.00       -0.58   522,901.00
1661  2025-01-27  NAS100 21,771.00 21,771.00 20,763.75 21,258.50   -652.75       -2.98 1,056,136.00
1662  2025-01-28  NAS100 21,343.25 21,626.00 21,159.50 21,581.75    323.25        1.52   663,336.00
1663  2025-01-29  NAS100 21,559.00 21,697.00 21,367.00 21,523.25    -58.50       -0.27   629,631.00
1664  2025-01-30  NAS100 21,547.75 21,748.75 21,419.50 21,624.75    101.50        0.47   618,073.00
1665  2025-01-31  NAS100 21,680.00 21,966.00 21,533.75 21,589.25    -35.50       -0.16   655,811.00
1666  2025-02-03  NAS100 21,200.00 21,579.75 20,943.00 21,405.00   -184.25       -0.85   728,140.00
1667  2025-02-04  NAS100 21,592.00 21,694.00 21,242.50 21,670.25    265.25        1.24   497,143.00
1668  2025-02-05  NAS100 21,562.00 21,795.00 21,429.75 21,763.00     92.75        0.43   497,655.00
1669  2025-02-06  NAS100 21,764.50 21,882.25 21,705.75 21,871.75    108.75        0.50   438,729.00
1670  2025-02-07  NAS100 21,817.75 21,968.00 21,552.75 21,590.75   -281.00       -1.28   598,869.00
1671  2025-02-10  NAS100 21,463.25 21,894.00 21,418.00 21,846.50    255.75        1.18   391,625.00
1672  2025-02-11  NAS100 21,832.00 21,871.50 21,669.50 21,786.75    -59.75       -0.27   423,200.00
1673  2025-02-12  NAS100 21,794.25 21,862.50 21,510.75 21,804.75     18.00        0.08   545,408.00
1674  2025-02-13  NAS100 21,861.25 22,124.00 21,753.00 22,113.25    308.50        1.41   536,739.00
1675  2025-02-14  NAS100 22,071.00 22,225.00 22,042.50 22,196.25     83.00        0.38   433,212.00
1676  2025-02-17  NAS100 22,235.75 22,319.75 22,102.75 22,232.25     36.00        0.16   567,203.00
1677  2025-02-19  NAS100 22,224.50 22,299.75 22,118.00 22,250.50     18.25        0.08   496,442.00
1678  2025-02-20  NAS100 22,213.00 22,235.50 21,951.00 22,141.75   -108.75       -0.49   563,585.00
1679  2025-02-21  NAS100 22,136.00 22,245.50 21,652.75 21,679.25   -462.50       -2.09   708,349.00
1680  2025-02-24  NAS100 21,700.75 21,813.00 21,407.50 21,420.25   -259.00       -1.19   670,634.00
1681  2025-02-25  NAS100 21,442.50 21,453.75 20,990.00 21,149.00   -271.25       -1.27   805,678.00
1682  2025-02-26  NAS100 21,230.50 21,409.25 21,055.00 21,187.00     38.00        0.18   646,236.00
1683  2025-02-27  NAS100 21,249.00 21,386.50 20,583.25 20,605.75   -581.25       -2.74   854,180.00
1684  2025-02-28  NAS100 20,649.50 20,944.25 20,460.50 20,919.50    313.75        1.52   845,890.00
1685  2025-03-03  NAS100 21,005.25 21,121.00 20,316.75 20,468.25   -451.25       -2.16   833,041.00
1686  2025-03-04  NAS100 20,527.00 20,732.50 20,075.25 20,399.00    -69.25       -0.34   958,071.00
1687  2025-03-05  NAS100 20,555.00 20,725.00 20,215.00 20,665.00    266.00        1.30   783,638.00
1688  2025-03-06  NAS100 20,605.25 20,647.50 20,003.00 20,089.25   -575.75       -2.79   763,150.00
1689  2025-03-07  NAS100 20,214.50 20,286.25 19,765.50 20,229.75    140.50        0.70   763,257.00
1690  2025-03-10  NAS100 20,147.00 20,156.50 19,272.25 19,452.75   -777.00       -3.84   798,366.00
1691  2025-03-11  NAS100 19,440.00 19,686.75 19,139.25 19,399.00    -53.75       -0.28   857,876.00
1692  2025-03-12  NAS100 19,412.75 19,788.75 19,387.00 19,618.50    219.50        1.13   702,688.00
1693  2025-03-13  NAS100 19,572.00 19,694.00 19,170.00 19,249.00   -369.50       -1.88   761,160.00
1694  2025-03-14  NAS100 19,312.75 19,742.50 19,296.75 19,712.00    463.00        2.41   742,663.00
1695  2025-03-17  NAS100 19,668.25 19,959.25 19,550.50 19,831.75    119.75        0.61   584,953.00
1696  2025-03-18  NAS100 20,041.00 20,066.50 19,604.25 19,701.75   -130.00       -0.66   569,610.00
1697  2025-03-19  NAS100 19,704.75 20,143.00 19,660.00 19,951.00    249.25        1.27   574,698.00
1698  2025-03-20  NAS100 19,949.75 20,105.00 19,735.25 19,879.25    -71.75       -0.36   607,253.00
1699  2025-03-21  NAS100 19,898.50 19,977.50 19,602.25 19,961.00     81.75        0.41   605,235.00
1700  2025-03-24  NAS100 20,050.50 20,409.50 20,050.50 20,374.25    413.25        2.07   555,043.00
1701  2025-03-25  NAS100 20,353.00 20,524.75 20,293.00 20,488.50    114.25        0.56   470,886.00
1702  2025-03-26  NAS100 20,511.50 20,536.75 20,045.00 20,116.50   -372.00       -1.82   620,685.00
1703  2025-03-27  NAS100 20,046.00 20,199.50 19,937.25 19,990.25   -126.25       -0.63   634,738.00
1704  2025-03-28  NAS100 19,995.25 20,011.75 19,357.50 19,457.00   -533.25       -2.67   696,397.00
1705  2025-03-31  NAS100 19,319.75 19,489.75 18,976.75 19,439.50    -17.50       -0.09   842,547.00
1706  2025-04-01  NAS100 19,411.25 19,644.00 19,261.25 19,604.50    165.00        0.85   790,964.00
1707  2025-04-02  NAS100 19,600.50 20,044.25 19,076.75 19,758.00    153.50        0.78   835,319.00
1708  2025-04-03  NAS100 19,020.00 19,177.00 18,614.00 18,675.50 -1,082.50       -5.48   893,793.00
1709  2025-04-04  NAS100 18,660.00 18,713.00 17,387.50 17,539.00 -1,136.50       -6.09 1,199,851.00
1710  2025-04-07  NAS100 17,100.00 18,361.50 16,460.00 17,563.25     24.25        0.14 1,140,389.00
1711  2025-04-08  NAS100 17,665.00 18,357.25 16,973.50 17,243.75   -319.50       -1.82   956,641.00
1712  2025-04-09  NAS100 17,220.25 19,386.75 16,735.00 19,288.75  2,045.00       11.86 1,086,917.00
1713  2025-04-10  NAS100 19,266.75 19,383.50 17,919.00 18,484.50   -804.25       -4.17   975,104.00
1714  2025-04-11  NAS100 18,464.75 18,873.50 18,067.00 18,807.50    323.00        1.75   667,630.00
1715  2025-04-14  NAS100 19,225.00 19,256.00 18,737.50 18,934.75    127.25        0.68   570,510.00
1716  2025-04-15  NAS100 18,902.50 19,144.75 18,809.00 18,960.25     25.50        0.13   525,790.00
1717  2025-04-16  NAS100 18,790.00 18,861.25 18,116.25 18,385.25   -575.00       -3.03   683,175.00
1718  2025-04-17  NAS100 18,391.25 18,652.75 18,261.50 18,380.75     -4.50       -0.02   629,368.00
1719  2025-04-21  NAS100 18,306.25 18,383.50 17,700.00 17,922.25   -458.50       -2.49   484,750.00
1720  2025-04-22  NAS100 17,914.00 18,514.00 17,863.75 18,385.00    462.75        2.58   619,146.00
1721  2025-04-23  NAS100 18,646.00 19,165.50 18,623.75 18,804.00    419.00        2.28   733,977.00
1722  2025-04-24  NAS100 18,826.50 19,418.00 18,594.75 19,322.00    518.00        2.75   599,457.00
1723  2025-04-25  NAS100 19,405.00 19,589.00 19,216.25 19,535.25    213.25        1.10   587,589.00
1724  2025-04-28  NAS100 19,524.50 19,623.00 19,257.25 19,528.00     -7.25       -0.04   514,474.00
1725  2025-04-29  NAS100 19,478.25 19,688.50 19,378.00 19,642.00    114.00        0.58   565,539.00
1726  2025-04-30  NAS100 19,599.75 19,880.00 19,103.75 19,658.50     16.50        0.08   713,642.00
1727  2025-05-01  NAS100 19,834.00 20,125.75 19,757.25 19,870.75    212.25        1.08   588,901.00
1728  2025-05-02  NAS100 19,782.50 20,276.75 19,749.50 20,195.25    324.50        1.63   517,806.00
1729  2025-05-05  NAS100 20,181.50 20,201.75 19,966.00 20,055.50   -139.75       -0.69   418,875.00
1730  2025-05-06  NAS100 20,014.25 20,036.75 19,739.00 19,876.50   -179.00       -0.89   514,526.00
1731  2025-05-07  NAS100 19,809.00 20,133.75 19,678.75 19,961.00     84.50        0.43   597,360.00
1732  2025-05-08  NAS100 19,934.50 20,337.25 19,910.75 20,148.00    187.00        0.94   567,597.00
1733  2025-05-09  NAS100 20,157.00 20,288.75 20,058.00 20,136.75    -11.25       -0.06   453,686.00
1734  2025-05-12  NAS100 20,398.50 20,996.00 20,376.75 20,948.75    812.00        4.03   638,564.00
1735  2025-05-13  NAS100 20,954.75 21,346.50 20,818.00 21,278.00    329.25        1.57   526,706.00
1736  2025-05-14  NAS100 21,250.00 21,419.50 21,238.25 21,392.50    114.50        0.54   513,593.00
1737  2025-05-15  NAS100 21,379.75 21,529.75 21,192.00 21,400.25      7.75        0.04   542,990.00
1738  2025-05-16  NAS100 21,396.00 21,512.00 21,320.25 21,506.00    105.75        0.49   419,242.00
1739  2025-05-19  NAS100 21,310.75 21,544.50 21,112.50 21,527.00     21.00        0.10   520,282.00
1740  2025-05-20  NAS100 21,513.00 21,562.25 21,298.00 21,447.25    -79.75       -0.37   437,865.00
1741  2025-05-21  NAS100 21,414.75 21,558.50 21,072.75 21,156.75   -290.50       -1.35   605,668.00
1742  2025-05-22  NAS100 21,145.00 21,337.50 21,040.00 21,178.25     21.50        0.10   512,634.00
1743  2025-05-23  NAS100 21,223.75 21,236.00 20,727.00 20,975.00   -203.25       -0.96   528,055.00
1744  2025-05-26  NAS100 20,978.00 21,488.50 20,954.25 21,460.50    485.50        2.31   531,358.00
1745  2025-05-28  NAS100 21,480.00 21,567.50 21,321.25 21,379.75    -80.75       -0.38   421,653.00
1746  2025-05-29  NAS100 21,513.00 21,858.75 21,301.00 21,408.50     28.75        0.13   563,888.00
1747  2025-05-30  NAS100 21,371.25 21,433.50 21,071.50 21,376.75    -31.75       -0.15   551,092.00
1748  2025-06-02  NAS100 21,303.75 21,576.25 21,163.00 21,534.50    157.75        0.74   434,593.00
1749  2025-06-03  NAS100 21,555.00 21,759.75 21,399.25 21,706.00    171.50        0.80   427,859.00
1750  2025-06-04  NAS100 21,688.25 21,803.00 21,641.00 21,766.50     60.50        0.28   403,012.00
1751  2025-06-05  NAS100 21,744.75 21,935.00 21,503.50 21,582.25   -184.25       -0.85   466,591.00
1752  2025-06-06  NAS100 21,471.00 21,873.50 21,471.00 21,789.50    207.25        0.96   466,591.00
1753  2025-06-09  NAS100 21,799.25 21,890.75 21,716.00 21,821.50     32.00        0.15   354,827.00
1754  2025-06-10  NAS100 21,824.00 21,992.25 21,732.00 21,962.50    141.00        0.65   439,539.00
1755  2025-06-11  NAS100 21,945.75 22,106.00 21,790.75 21,887.50    -75.00       -0.34   523,556.00
1756  2025-06-12  NAS100 21,871.00 21,977.25 21,713.25 21,932.50     45.00        0.21   397,839.00
1757  2025-06-13  NAS100 21,909.00 21,915.75 21,471.00 21,644.25   -288.25       -1.31   556,189.00
1758  2025-06-16  NAS100 21,772.50 22,222.00 21,726.00 22,168.25    524.00        2.42   420,107.00
1759  2025-06-17  NAS100 22,176.00 22,177.25 21,909.50 21,956.00   -212.25       -0.96   476,443.00
1760  2025-06-18  NAS100 21,927.50 22,097.75 21,862.25 21,945.25    -10.75       -0.05   481,857.00
1761  2025-06-19  NAS100 21,956.75 22,130.50 21,650.25 21,844.75   -100.50       -0.46   649,884.00
1762  2025-06-23  NAS100 21,648.25 22,093.00 21,566.75 22,073.50    228.75        1.05   549,766.00
1763  2025-06-24  NAS100 22,079.00 22,448.25 22,065.75 22,412.75    339.25        1.54   447,975.00
1764  2025-06-25  NAS100 22,412.00 22,548.25 22,384.50 22,461.00     48.25        0.22   397,611.00
1765  2025-06-26  NAS100 22,461.25 22,694.00 22,437.75 22,669.25    208.25        0.93   422,397.00
1766  2025-06-27  NAS100 22,676.25 22,825.50 22,600.00 22,751.50     82.25        0.36   487,835.00
1767  2025-06-30  NAS100 22,751.50 22,934.75 22,751.50 22,893.25    141.75        0.62   434,250.00
1768  2025-07-01  NAS100 22,867.50 22,914.75 22,594.50 22,692.75   -200.50       -0.88   495,079.00
1769  2025-07-02  NAS100 22,694.50 22,858.75 22,582.00 22,843.00    150.25        0.66   408,882.00
1770  2025-07-03  NAS100 22,845.00 23,102.50 22,827.00 23,062.50    219.50        0.96   269,075.00
1771  2025-07-04  NAS100 22,970.00 23,028.50 22,779.75 22,884.75   -177.75       -0.77   537,930.00
1772  2025-07-08  NAS100 22,837.75 22,972.75 22,808.50 22,896.75     12.00        0.05   420,913.00
1773  2025-07-09  NAS100 22,906.50 23,112.00 22,843.50 23,052.75    156.00        0.68   450,523.00
1774  2025-07-10  NAS100 23,041.00 23,090.00 22,901.25 23,013.25    -39.50       -0.17   391,782.00
1775  2025-07-11  NAS100 23,011.75 23,048.75 22,831.50 22,959.00    -54.25       -0.24   461,057.00
1776  2025-07-14  NAS100 22,860.75 23,066.50 22,803.00 23,035.50     76.50        0.33   414,465.00
1777  2025-07-15  NAS100 23,034.25 23,222.75 22,996.00 23,056.75     21.25        0.09   524,056.00
1778  2025-07-16  NAS100 23,018.75 23,100.00 22,835.50 23,076.50     19.75        0.09   548,602.00
1779  2025-07-17  NAS100 23,065.50 23,279.75 23,017.00 23,251.00    174.50        0.76   445,290.00
1780  2025-07-18  NAS100 23,261.25 23,320.75 23,169.50 23,224.25    -26.75       -0.12   450,704.00
1781  2025-07-21  NAS100 23,232.50 23,424.75 23,203.75 23,342.00    117.75        0.51   398,833.00
1782  2025-07-22  NAS100 23,339.50 23,367.00 23,108.00 23,226.25   -115.75       -0.50   537,829.00
1783  2025-07-23  NAS100 23,191.25 23,418.00 23,146.75 23,310.75     84.50        0.36   512,963.00
1784  2025-07-24  NAS100 23,402.25 23,424.50 23,298.25 23,377.50     66.75        0.29   435,559.00
1785  2025-07-25  NAS100 23,391.50 23,476.00 23,330.75 23,421.25     43.75        0.19   395,469.00
1786  2025-07-28  NAS100 23,520.00 23,585.25 23,436.75 23,491.25     70.00        0.30   424,393.00
1787  2025-07-29  NAS100 23,504.25 23,652.50 23,421.25 23,452.00    -39.25       -0.17   538,169.00
1788  2025-07-30  NAS100 23,452.00 23,689.00 23,356.50 23,480.50     28.50        0.12   538,732.00
1789  2025-07-31  NAS100 23,705.00 23,845.00 23,290.50 23,365.00   -115.50       -0.49   739,642.00
1790  2025-08-01  NAS100 23,308.50 23,347.50 22,775.00 22,883.75   -481.25       -2.06   803,558.00
1791  2025-08-04  NAS100 22,850.00 23,352.50 22,821.75 23,296.50    412.75        1.80   472,671.00
1792  2025-08-05  NAS100 23,354.00 23,404.25 23,084.50 23,132.00   -164.50       -0.71   542,676.00
1793  2025-08-06  NAS100 23,091.75 23,445.25 23,045.50 23,422.75    290.75        1.26   527,514.00
1794  2025-08-07  NAS100 23,418.50 23,671.00 23,329.00 23,496.25     73.50        0.31   561,716.00
1795  2025-08-08  NAS100 23,518.25 23,767.75 23,503.00 23,713.75    217.50        0.93   454,190.00
1796  2025-08-11  NAS100 23,764.00 23,804.50 23,587.50 23,637.50    -76.25       -0.32   443,981.00
1797  2025-08-12  NAS100 23,635.00 23,953.50 23,596.00 23,938.00    300.50        1.27   488,577.00
1798  2025-08-13  NAS100 23,945.00 24,068.50 23,886.00 23,946.50      8.50        0.04   453,506.00
1799  2025-08-14  NAS100 23,927.75 24,007.75 23,793.25 23,930.50    -16.00       -0.07   492,051.00
1800  2025-08-15  NAS100 23,888.75 23,963.00 23,734.50 23,804.00   -126.50       -0.53   441,888.00
1801  2025-08-18  NAS100 23,795.00 23,881.75 23,719.00 23,797.75     -6.25       -0.03   399,622.00
1802  2025-08-19  NAS100 23,800.75 23,838.00 23,426.00 23,469.50   -328.25       -1.38   557,582.00
1803  2025-08-20  NAS100 23,461.00 23,485.50 23,035.00 23,324.00   -145.50       -0.62   713,574.00
1804  2025-08-21  NAS100 23,323.00 23,369.25 23,119.00 23,219.75   -104.25       -0.45   525,924.00
1805  2025-08-22  NAS100 23,225.25 23,650.00 23,076.75 23,569.75    350.00        1.51   490,867.00
1806  2025-08-25  NAS100 23,602.00 23,616.25 23,443.25 23,498.25    -71.50       -0.30   399,485.00
1807  2025-08-26  NAS100 23,505.75 23,611.00 23,371.50 23,591.50     93.25        0.40   443,746.00
1808  2025-08-27  NAS100 23,604.00 23,689.00 23,434.75 23,628.75     37.25        0.16   436,560.00
1809  2025-08-28  NAS100 23,542.25 23,803.75 23,487.50 23,769.00    140.25        0.59   486,265.00
1810  2025-08-29  NAS100 23,760.50 23,762.00 23,397.50 23,461.75   -307.25       -1.29   539,161.00
1811  2025-09-01  NAS100 23,479.00 23,552.50 23,025.25 23,275.00   -186.75       -0.80   744,115.00
1812  2025-09-03  NAS100 23,382.00 23,525.25 23,298.25 23,448.75    173.75        0.75   563,651.00
1813  2025-09-04  NAS100 23,456.75 23,708.75 23,410.00 23,668.00    219.25        0.94   484,986.00
1814  2025-09-05  NAS100 23,700.00 23,902.00 23,505.00 23,684.00     16.00        0.07   674,088.00
1815  2025-09-08  NAS100 23,673.50 23,888.00 23,650.25 23,799.75    115.75        0.49   457,632.00
1816  2025-09-09  NAS100 23,799.00 23,921.25 23,726.00 23,874.00     74.25        0.31   473,187.00
1817  2025-09-10  NAS100 23,898.50 24,044.25 23,785.00 23,877.75      3.75        0.02   521,709.00
1818  2025-09-11  NAS100 23,853.75 24,046.00 23,838.00 24,017.75    140.00        0.59   445,071.00
1819  2025-09-12  NAS100 24,028.25 24,159.00 23,969.00 24,113.25     95.50        0.40   425,565.00
1820  2025-09-15  NAS100 24,115.25 24,315.50 24,076.00 24,309.25    196.00        0.81   366,064.00
1821  2025-09-16  NAS100 24,533.75 24,647.25 24,499.25 24,522.25    213.00        0.88   431,717.00
1822  2025-09-17  NAS100 24,526.75 24,553.00 24,242.00 24,465.25    -57.00       -0.23   610,140.00
1823  2025-09-18  NAS100 24,498.50 24,816.00 24,495.25 24,705.50    240.25        0.98   557,622.00
1824  2025-09-19  NAS100 24,717.75 24,888.00 24,655.00 24,866.25    160.75        0.65   505,600.00
1825  2025-09-22  NAS100 24,850.00 25,027.25 24,748.75 25,003.00    136.75        0.55   481,197.00
1826  2025-09-23  NAS100 24,995.00 25,026.00 24,780.50 24,827.25   -175.75       -0.70   564,182.00
1827  2025-09-24  NAS100 24,839.50 24,913.50 24,627.00 24,739.25    -88.00       -0.35   530,441.00
1828  2025-09-25  NAS100 24,746.00 24,793.50 24,422.50 24,629.25   -110.00       -0.44   710,112.00
1829  2025-09-26  NAS100 24,642.50 24,747.50 24,520.00 24,726.75     97.50        0.40   548,790.00
1830  2025-09-29  NAS100 24,726.50 24,975.50 24,721.75 24,837.75    111.00        0.45   508,361.00
1831  2025-09-30  NAS100 24,817.75 24,913.75 24,722.25 24,901.75     64.00        0.26   513,254.00
1832  2025-10-01  NAS100 24,843.00 25,036.75 24,633.25 25,017.50    115.75        0.46   474,674.00
1833  2025-10-02  NAS100 25,009.25 25,180.00 24,993.75 25,110.00     92.50        0.37   460,294.00
1834  2025-10-03  NAS100 25,101.50 25,196.50 24,923.25 24,992.00   -118.00       -0.47   490,721.00
1835  2025-10-06  NAS100 25,000.00 25,252.75 24,995.00 25,184.75    192.75        0.77   414,908.00
1836  2025-10-07  NAS100 25,184.50 25,275.00 24,984.75 25,039.25   -145.50       -0.58   539,431.00
1837  2025-10-08  NAS100 25,059.75 25,364.75 25,026.25 25,331.00    291.75        1.17   451,309.00
1838  2025-10-09  NAS100 25,351.50 25,394.00 25,160.75 25,289.25    -41.75       -0.16   500,933.00
1839  2025-10-10  NAS100 25,287.75 25,388.00 24,158.50 24,397.00   -892.25       -3.53   934,374.00
1840  2025-10-13  NAS100 24,542.00 24,965.00 24,542.00 24,922.25    525.25        2.15   934,374.00
1841  2025-10-14  NAS100 24,913.75 25,044.25 24,421.00 24,762.50   -159.75       -0.64   729,059.00
1842  2025-10-15  NAS100 24,754.00 25,115.00 24,663.25 24,924.50    162.00        0.65   637,036.00
1843  2025-10-16  NAS100 24,937.00 25,179.50 24,643.50 24,831.25    -93.25       -0.37   738,759.00
1844  2025-10-17  NAS100 24,793.75 25,055.75 24,410.00 24,986.50    155.25        0.63   743,681.00
1845  2025-10-20  NAS100 25,065.75 25,354.50 24,955.75 25,305.25    318.75        1.28   437,206.00
1846  2025-10-21  NAS100 25,326.75 25,368.00 25,203.25 25,294.75    -10.50       -0.04   441,490.00
1847  2025-10-22  NAS100 25,283.75 25,338.25 24,804.75 25,039.25   -255.50       -1.01   695,128.00
1848  2025-10-23  NAS100 25,012.25 25,296.00 24,937.00 25,254.00    214.75        0.86   527,352.00
1849  2025-10-24  NAS100 25,283.25 25,570.75 25,276.00 25,509.25    255.25        1.01   467,727.00
1850  2025-10-27  NAS100 25,723.50 26,013.50 25,700.00 25,963.75    454.50        1.78   435,230.00
1851  2025-10-28  NAS100 26,002.50 26,231.50 25,943.00 26,163.50    199.75        0.77   452,121.00
1852  2025-10-29  NAS100 26,179.75 26,379.75 26,049.25 26,262.50     99.00        0.38   557,797.00
1853  2025-10-30  NAS100 26,154.50 26,399.00 25,853.00 25,882.75   -379.75       -1.45   665,782.00
1854  2025-10-31  NAS100 26,150.50 26,274.00 25,888.75 26,004.00    121.25        0.47   597,984.00
1855  2025-11-03  NAS100 26,028.25 26,266.00 26,012.75 26,103.25     99.25        0.38   473,749.00
1856  2025-11-04  NAS100 26,104.50 26,104.50 25,522.75 25,575.25   -528.00       -2.02   669,483.00
1857  2025-11-05  NAS100 25,545.00 25,880.00 25,282.00 25,746.25    171.00        0.67   618,171.00
1858  2025-11-06  NAS100 25,738.50 25,822.25 25,197.75 25,244.25   -502.00       -1.95   754,444.00
1859  2025-11-07  NAS100 25,314.75 25,354.75 24,709.25 25,166.25    -78.00       -0.31   765,092.00
1860  2025-11-10  NAS100 25,320.75 25,760.50 25,269.00 25,714.50    548.25        2.18   626,203.00
1861  2025-11-11  NAS100 25,722.25 25,768.75 25,478.50 25,640.75    -73.75       -0.29   537,967.00
1862  2025-11-12  NAS100 25,668.00 25,830.00 25,488.75 25,623.75    -17.00       -0.07   606,259.00
1863  2025-11-13  NAS100 25,624.00 25,721.50 25,002.50 25,094.75   -529.00       -2.06   775,125.00
1864  2025-11-14  NAS100 25,095.25 25,293.25 24,626.00 25,094.00     -0.75       -0.00   862,322.00
1865  2025-11-17  NAS100 25,142.25 25,361.25 24,731.75 24,879.00   -215.00       -0.86   738,978.00
1866  2025-11-18  NAS100 24,905.50 24,959.50 24,376.25 24,595.75   -283.25       -1.14   871,074.00
1867  2025-11-19  NAS100 24,551.00 24,988.00 24,445.00 24,721.75    126.00        0.51   770,449.00
1868  2025-11-20  NAS100 24,966.75 25,310.00 24,073.25 24,131.50   -590.25       -2.39   995,836.00
1869  2025-11-21  NAS100 24,110.00 24,596.25 23,904.50 24,305.50    174.00        0.72   918,728.00
1870  2025-11-24  NAS100 24,455.75 24,993.50 24,361.75 24,948.25    642.75        2.64   604,148.00
1871  2025-11-25  NAS100 24,966.25 25,135.25 24,602.00 25,085.50    137.25        0.55   629,575.00
1872  2025-11-26  NAS100 25,071.25 25,376.00 25,061.25 25,302.25    216.75        0.86   522,196.00
1873  2025-11-27  NAS100 25,313.00 25,499.75 25,285.75 25,482.00    179.75        0.71   199,445.00
1874  2025-12-01  NAS100 25,482.50 25,546.00 25,193.25 25,391.25    -90.75       -0.36   574,734.00
1875  2025-12-02  NAS100 25,411.50 25,670.00 25,324.75 25,606.00    214.75        0.85   561,951.00
1876  2025-12-03  NAS100 25,611.00 25,685.25 25,421.50 25,657.50     51.50        0.20   494,194.00
1877  2025-12-04  NAS100 25,650.25 25,732.50 25,488.75 25,622.75    -34.75       -0.14   509,526.00
1878  2025-12-05  NAS100 25,629.75 25,868.00 25,579.75 25,732.00    109.25        0.43   498,264.00
1879  2025-12-08  NAS100 25,750.00 25,860.75 25,564.75 25,664.00    -68.00       -0.26   473,150.00
1880  2025-12-09  NAS100 25,713.00 25,735.75 25,560.00 25,699.75     35.75        0.14   407,387.00
1881  2025-12-10  NAS100 25,680.00 25,870.75 25,528.75 25,798.00     98.25        0.38   556,710.00
1882  2025-12-11  NAS100 25,769.50 25,861.50 25,383.00 25,713.50    -84.50       -0.33   637,723.00
1883  2025-12-12  NAS100 25,701.00 25,733.25 25,118.00 25,213.50   -500.00       -1.94   760,749.00
1884  2025-12-15  NAS100 25,223.50 25,410.00 25,033.25 25,093.25   -120.25       -0.48   448,073.00
1885  2025-12-16  NAS100 25,345.75 25,444.00 25,073.25 25,380.25    287.00        1.14   671,994.00
1886  2025-12-17  NAS100 25,332.00 25,508.50 24,887.75 24,898.75   -481.50       -1.90   693,927.00
1887  2025-12-18  NAS100 24,983.50 25,412.50 24,901.25 25,261.75    363.00        1.46   711,273.00
1888  2025-12-19  NAS100 25,240.00 25,600.25 25,209.75 25,574.75    313.00        1.24   502,611.00
1889  2025-12-22  NAS100 25,635.25 25,794.75 25,628.00 25,692.25    117.50        0.46   367,322.00
1890  2025-12-23  NAS100 25,701.00 25,822.50 25,608.25 25,812.25    120.00        0.47   336,346.00
1891  2025-12-24  NAS100 25,815.75 25,892.00 25,777.50 25,880.50     68.25        0.26   163,037.00
1892  2025-12-26  NAS100 25,868.00 25,935.25 25,834.25 25,863.25    -17.25       -0.07   240,485.00
1893  2025-12-29  NAS100 25,863.25 25,893.75 25,648.00 25,739.75   -123.50       -0.48   347,055.00
1894  2025-12-30  NAS100 25,740.00 25,793.75 25,668.25 25,675.25    -64.50       -0.25   300,558.00
1895  2025-12-31  NAS100 25,683.25 25,716.75 25,429.00 25,456.75   -218.50       -0.85   329,352.00
1896  2026-01-02  NAS100 25,478.50 25,803.75 25,265.25 25,385.25    -71.50       -0.28   554,838.00
1897  2026-01-05  NAS100 25,431.75 25,708.00 25,406.50 25,577.75    192.50        0.76   461,305.00
1898  2026-01-06  NAS100 25,583.00 25,837.75 25,527.50 25,822.00    244.25        0.95   445,573.00
1899  2026-01-07  NAS100 25,831.25 25,996.25 25,727.00 25,838.75     16.75        0.06   477,861.00
1900  2026-01-08  NAS100 25,838.75 25,849.75 25,569.00 25,687.50   -151.25       -0.59   510,805.00
1901  2026-01-09  NAS100 25,725.00 25,985.50 25,615.50 25,938.25    250.75        0.98   509,669.00
1902  2026-01-12  NAS100 25,949.00 26,020.50 25,632.75 25,956.75     18.50        0.07   452,996.00
1903  2026-01-13  NAS100 25,953.50 26,045.50 25,803.25 25,906.00    -50.75       -0.20   560,438.00
1904  2026-01-14  NAS100 25,900.75 25,925.75 25,420.75 25,631.00   -275.00       -1.06   647,871.00
1905  2026-01-15  NAS100 25,593.00 25,952.75 25,562.50 25,705.75     74.75        0.29   591,058.00
1906  2026-01-16  NAS100 25,720.50 25,891.00 25,591.50 25,689.00    -16.75       -0.07   490,573.00
1907  2026-01-19  NAS100 25,471.00 25,472.00 25,095.25 25,129.25   -559.75       -2.18   864,568.00
1908  2026-01-21  NAS100 25,149.50 25,653.50 25,025.00 25,471.00    341.75        1.36   810,753.00
1909  2026-01-22  NAS100 25,529.50 25,739.75 25,483.75 25,658.25    187.25        0.74   533,607.00
1910  2026-01-23  NAS100 25,605.00 25,845.75 25,540.25 25,738.25     80.00        0.31   504,901.00
1911  2026-01-26  NAS100 25,585.50 25,936.50 25,365.25 25,848.50    110.25        0.43   450,290.00
1912  2026-01-27  NAS100 25,861.25 26,118.00 25,838.50 26,073.00    224.50        0.87   429,460.00
1913  2026-01-28  NAS100 26,111.25 26,349.00 25,993.25 26,156.25     83.25        0.32   511,937.00
1914  2026-01-29  NAS100 26,282.50 26,296.00 25,536.00 25,999.25   -157.00       -0.60   699,097.00
1915  2026-01-30  NAS100 25,998.50 26,020.00 25,568.75 25,670.00   -329.25       -1.27   712,197.00
1916  2026-02-02  NAS100 25,530.00 25,949.50 25,180.25 25,850.00    180.00        0.70   578,865.00
1917  2026-02-03  NAS100 25,876.50 26,027.75 25,219.00 25,452.00   -398.00       -1.54   696,150.00
1918  2026-02-04  NAS100 25,387.50 25,514.25 24,783.50 24,999.25   -452.75       -1.78   742,646.00
1919  2026-02-05  NAS100 25,061.75 25,169.00 24,407.25 24,651.00   -348.25       -1.39   774,469.00
1920  2026-02-06  NAS100 24,416.00 25,222.00 24,239.75 25,163.25    512.25        2.08   653,956.00
1921  2026-02-09  NAS100 25,153.75 25,428.75 24,955.50 25,354.00    190.75        0.76   492,306.00
1922  2026-02-10  NAS100 25,363.00 25,447.25 25,198.25 25,218.25   -135.75       -0.54   477,554.00
1923  2026-02-11  NAS100 25,259.00 25,465.25 25,058.25 25,288.50     70.25        0.28   531,730.00
1924  2026-02-12  NAS100 25,289.00 25,419.75 24,721.50 24,768.00   -520.50       -2.06   668,338.00
1925  2026-02-13  NAS100 24,842.25 24,995.50 24,578.75 24,803.25     35.25        0.14   688,226.00
1926  2026-02-16  NAS100 24,789.75 24,922.25 24,449.25 24,767.75    -35.50       -0.14   752,646.00
1927  2026-02-18  NAS100 24,773.75 25,128.25 24,700.75 24,956.00    188.25        0.76   540,796.00
1928  2026-02-19  NAS100 24,943.50 25,054.00 24,749.00 24,858.75    -97.25       -0.39   515,038.00
1929  2026-02-20  NAS100 24,837.75 25,139.50 24,678.50 25,067.50    208.75        0.84   615,358.00
1930  2026-02-23  NAS100 25,033.75 25,059.75 24,668.00 24,762.75   -304.75       -1.22   594,568.00
1931  2026-02-24  NAS100 24,788.00 25,078.75 24,694.50 25,028.75    266.00        1.07   520,239.00
1932  2026-02-25  NAS100 25,016.25 25,494.75 24,992.00 25,382.00    353.25        1.41   417,621.00
1933  2026-02-26  NAS100 25,388.25 25,418.25 24,861.75 25,081.00   -301.00       -1.19   605,581.00
1934  2026-02-27  NAS100 25,024.25 25,098.75 24,782.00 25,004.75    -76.25       -0.30   561,211.00
1935  2026-03-02  NAS100 24,682.50 25,101.00 24,477.00 25,025.25     20.50        0.08   627,650.00
1936  2026-03-03  NAS100 25,002.75 25,011.00 24,352.00 24,755.75   -269.50       -1.08   719,421.00
1937  2026-03-04  NAS100 24,710.75 25,217.75 24,499.00 25,128.25    372.50        1.50   603,596.00
1938  2026-03-05  NAS100 25,156.50 25,250.00 24,772.50 25,049.50    -78.75       -0.31   683,962.00
1939  2026-03-06  NAS100 25,019.75 25,141.50 24,601.00 24,670.25   -379.25       -1.51   645,082.00
1940  2026-03-09  NAS100 24,435.25 25,058.00 24,000.00 24,991.00    320.75        1.30   708,630.00
1941  2026-03-10  NAS100 24,981.50 25,217.50 24,830.00 24,982.50     -8.50       -0.03   564,644.00
1942  2026-03-11  NAS100 25,010.25 25,180.00 24,873.50 24,983.50      1.00        0.00   476,593.00
1943  2026-03-12  NAS100 24,934.50 24,949.25 24,517.75 24,560.00   -423.50       -1.70   565,145.00
1944  2026-03-13  NAS100 24,567.00 24,805.25 24,333.75 24,394.25   -165.75       -0.67   609,146.00
1945  2026-03-16  NAS100 24,285.00 24,816.25 24,278.00 24,675.75    281.50        1.15   413,547.00
1946  2026-03-17  NAS100 24,870.00 25,117.00 24,728.25 25,015.50    339.75        1.38   482,054.00
1947  2026-03-18  NAS100 25,019.75 25,210.50 24,565.50 24,651.25   -364.25       -1.46   501,039.00
1948  2026-03-19  NAS100 24,622.00 24,725.25 24,326.75 24,580.00    -71.25       -0.29   628,561.00
1949  2026-03-20  NAS100 24,632.75 24,660.50 23,971.25 24,101.50   -478.50       -1.95   611,673.00
1950  2026-03-23  NAS100 23,902.00 24,763.00 23,772.50 24,408.25    306.75        1.27   683,625.00
1951  2026-03-24  NAS100 24,417.25 24,550.00 24,134.00 24,213.75   -194.50       -0.80   544,209.00
1952  2026-03-25  NAS100 24,420.00 24,539.75 24,286.50 24,367.75    154.00        0.64   525,449.00
1953  2026-03-26  NAS100 24,373.50 24,421.25 23,763.25 23,794.25   -573.50       -2.35   557,306.00
1954  2026-03-27  NAS100 23,824.00 23,976.00 23,232.50 23,328.50   -465.75       -1.96   559,271.00
1955  2026-03-30  NAS100 23,189.50 23,574.00 23,024.50 23,139.75   -188.75       -0.81   559,453.00
1956  2026-03-31  NAS100 23,119.50 23,975.25 22,961.50 23,915.00    775.25        3.35   755,160.00
1957  2026-04-01  NAS100 23,889.00 24,348.25 23,880.00 24,194.75    279.75        1.17   579,693.00
1958  2026-04-02  NAS100 24,180.00 24,266.75 23,666.00 24,218.00     23.25        0.10   576,893.00
1959  2026-04-03  NAS100 24,219.50 24,255.00 24,106.00 24,129.75    -88.25       -0.36    42,436.00
1960  2026-04-06  NAS100 24,093.50 24,452.25 23,981.50 24,358.50    228.75        0.95   444,473.00
1961  2026-04-07  NAS100 24,348.75 24,451.50 23,941.50 24,371.00     12.50        0.05   575,961.00
1962  2026-04-08  NAS100 24,514.00 25,257.00 24,355.00 25,074.25    703.25        2.89   644,388.00
1963  2026-04-09  NAS100 25,037.75 25,269.75 24,953.00 25,251.50    177.25        0.71   514,186.00
1964  2026-04-10  NAS100 25,237.00 25,393.00 25,193.00 25,281.25     29.75        0.12   430,719.00
1965  2026-04-13  NAS100 24,980.00 25,599.25 24,904.50 25,543.50    262.25        1.04   507,117.00
1966  2026-04-14  NAS100 25,575.25 26,003.25 25,560.00 25,996.75    453.25        1.77   477,724.00
1967  2026-04-15  NAS100 25,985.75 26,377.50 25,933.75 26,365.50    368.75        1.42   521,771.00
1968  2026-04-16  NAS100 26,350.00 26,564.00 26,275.50 26,487.25    121.75        0.46   590,117.00
1969  2026-04-17  NAS100 26,460.00 26,884.75 26,440.00 26,825.50    338.25        1.28   599,136.00
1970  2026-04-20  NAS100 26,599.75 26,827.75 26,535.00 26,748.75    -76.75       -0.29   502,901.00
1971  2026-04-21  NAS100 26,776.75 26,901.75 26,551.75 26,634.75   -114.00       -0.43   610,696.00
1972  2026-04-22  NAS100 26,729.50 27,136.00 26,727.75 27,083.00    448.25        1.68   512,026.00
1973  2026-04-23  NAS100 27,075.00 27,155.75 26,681.75 26,934.00   -149.00       -0.55   644,095.00
1974  2026-04-24  NAS100 26,992.00 27,462.50 26,992.00 27,435.00    501.00        1.86   545,525.00
1975  2026-04-27  NAS100 27,403.25 27,542.50 27,298.50 27,440.50      5.50        0.02   444,514.00
1976  2026-04-28  NAS100 27,423.00 27,512.00 27,009.50 27,168.75   -271.75       -0.99   603,738.00
1977  2026-04-29  NAS100 27,197.25 27,414.00 27,094.00 27,325.25    156.50        0.58   516,846.00
1978  2026-04-30  NAS100 27,207.00 27,622.75 27,163.25 27,596.00    270.75        0.99   701,348.00
1979  2026-05-01  NAS100 27,631.75 27,917.00 27,536.25 27,835.75    239.75        0.87   509,821.00
1980  2026-05-04  NAS100 27,890.00 27,965.75 27,613.00 27,776.00    -59.75       -0.21   576,727.00
1981  2026-05-05  NAS100 27,760.00 28,247.00 27,731.75 28,136.00    360.00        1.30   458,058.00
1982  2026-05-06  NAS100 28,250.00 28,800.00 28,243.00 28,716.75    580.75        2.06   637,911.00
1983  2026-05-07  NAS100 28,662.75 28,944.75 28,552.00 28,682.25    -34.50       -0.12   657,049.00
1984  2026-05-08  NAS100 28,582.00 29,386.75 28,541.00 29,332.50    650.25        2.27   543,817.00
1985  2026-05-11  NAS100 29,294.00 29,480.00 29,225.75 29,424.00     91.50        0.31   558,723.00
1986  2026-05-12  NAS100 29,399.00 29,455.75 28,742.00 29,170.00   -254.00       -0.86   719,824.00
1987  2026-05-13  NAS100 29,143.75 29,565.50 29,055.50 29,479.25    309.25        1.06   570,739.00
1988  2026-05-14  NAS100 29,537.00 29,782.00 29,448.25 29,687.75    208.50        0.71   611,771.00
1989  2026-05-15  NAS100 29,690.00 29,734.00 29,089.75 29,231.75   -456.00       -1.54   750,779.00
1990  2026-05-18  NAS100 29,135.00 29,419.75 28,814.75 29,096.00   -135.75       -0.46   854,443.00
1991  2026-05-19  NAS100 29,100.00 29,188.50 28,663.00 28,924.25   -171.75       -0.59   717,466.00
1992  2026-05-20  NAS100 28,929.75 29,397.50 28,797.25 29,390.50    466.25        1.61   606,377.00
1993  2026-05-21  NAS100 29,253.00 29,554.00 29,113.00 29,447.25     56.75        0.19   612,220.00
1994  2026-05-22  NAS100 29,444.00 29,749.00 29,436.00 29,558.75    111.50        0.38   495,134.00
1995  2026-05-25  NAS100 29,676.25 30,118.75 29,676.25 30,073.50    514.75        1.74   668,516.00
1996  2026-05-27  NAS100 30,050.00 30,379.00 29,877.50 30,047.25    -26.25       -0.09   637,375.00
1997  2026-05-28  NAS100 30,120.00 30,344.50 29,763.00 30,307.00    259.75        0.86   549,469.00
1998  2026-05-29  NAS100 30,328.00 30,536.00 30,216.50 30,405.25     98.25        0.32   566,984.00

==================================================
      HOÀN THÀNH PHÂN TÍCH          
==================================================
