==================================================
      VNSTOCK 3.x MULTI-STOCK DEMO               
      Danh sách: NAS100
      Khung: 30m, Số lượng: 4600
==================================================

==================================================
      PHÂN TÍCH MÃ: NAS100 (Nasdaq 100 Futures) 
      Khung thời gian: 30m
==================================================

--- [ LỊCH SỬ GIÁ NAS100  ] ---
                     time  symbol      open      high       low     close  change  pct_change     volume
0     2025-12-02 14:30:00  NAS100 25,384.25 25,388.00 25,351.00 25,358.75  -25.00       -0.10   1,713.00
1     2025-12-02 15:00:00  NAS100 25,357.00 25,364.25 25,324.75 25,356.75   -2.00       -0.01   3,120.00
2     2025-12-02 15:30:00  NAS100 25,358.75 25,426.75 25,356.50 25,421.00   64.25        0.25   4,181.00
3     2025-12-02 16:00:00  NAS100 25,420.50 25,451.00 25,418.75 25,445.50   24.50        0.10   3,451.00
4     2025-12-02 16:30:00  NAS100 25,445.75 25,451.50 25,423.50 25,442.25   -3.25       -0.01   2,501.00
5     2025-12-02 17:00:00  NAS100 25,441.50 25,458.50 25,436.50 25,453.00   10.75        0.04   1,873.00
6     2025-12-02 17:30:00  NAS100 25,452.75 25,499.75 25,451.00 25,490.00   37.00        0.15   3,558.00
7     2025-12-02 18:00:00  NAS100 25,489.50 25,502.75 25,478.25 25,501.25   11.25        0.04   2,670.00
8     2025-12-02 18:30:00  NAS100 25,502.00 25,508.75 25,476.25 25,481.25  -20.00       -0.08   2,439.00
9     2025-12-02 19:00:00  NAS100 25,481.25 25,495.75 25,462.75 25,488.00    6.75        0.03   3,549.00
10    2025-12-02 19:30:00  NAS100 25,487.00 25,501.25 25,458.00 25,498.75   10.75        0.04   3,615.00
11    2025-12-02 20:00:00  NAS100 25,498.50 25,505.25 25,485.75 25,495.75   -3.00       -0.01   3,214.00
12    2025-12-02 20:30:00  NAS100 25,496.25 25,514.75 25,480.50 25,506.75   11.00        0.04   6,294.00
13    2025-12-02 21:00:00  NAS100 25,507.25 25,522.75 25,484.00 25,492.25  -14.50       -0.06   8,893.00
14    2025-12-02 21:30:00  NAS100 25,492.75 25,613.00 25,471.25 25,597.75  105.50        0.41  69,080.00
15    2025-12-02 22:00:00  NAS100 25,598.50 25,654.75 25,566.50 25,573.25  -24.50       -0.10  49,416.00
16    2025-12-02 22:30:00  NAS100 25,573.25 25,670.00 25,531.00 25,647.75   74.50        0.29  47,555.00
17    2025-12-02 23:00:00  NAS100 25,648.00 25,663.50 25,443.00 25,459.75 -188.00       -0.73  62,051.00
18    2025-12-02 23:30:00  NAS100 25,459.50 25,534.25 25,414.50 25,509.25   49.50        0.19  44,547.00
19    2025-12-03 00:00:00  NAS100 25,509.75 25,613.75 25,504.50 25,603.75   94.50        0.37  29,526.00
20    2025-12-03 00:30:00  NAS100 25,604.25 25,622.25 25,506.00 25,506.25  -97.50       -0.38  26,744.00
21    2025-12-03 01:00:00  NAS100 25,505.50 25,586.00 25,496.50 25,563.75   57.50        0.23  24,689.00
22    2025-12-03 01:30:00  NAS100 25,563.00 25,587.25 25,530.00 25,577.00   13.25        0.05  19,947.00
23    2025-12-03 02:00:00  NAS100 25,577.25 25,610.25 25,563.25 25,585.25    8.25        0.03  18,324.00
24    2025-12-03 02:30:00  NAS100 25,584.75 25,643.00 25,578.50 25,633.75   48.50        0.19  20,039.00
25    2025-12-03 03:00:00  NAS100 25,634.00 25,639.75 25,615.00 25,633.25   -0.50       -0.00  13,599.00
26    2025-12-03 03:30:00  NAS100 25,633.25 25,646.75 25,591.50 25,600.50  -32.75       -0.13  32,336.00
27    2025-12-03 04:00:00  NAS100 25,600.00 25,607.00 25,586.50 25,598.75   -1.75       -0.01   8,736.00
28    2025-12-03 04:30:00  NAS100 25,599.00 25,607.50 25,587.50 25,603.75    5.00        0.02   2,469.00
29    2025-12-03 06:00:00  NAS100 25,611.00 25,633.50 25,610.00 25,627.75   24.00        0.09   2,228.00
30    2025-12-03 06:30:00  NAS100 25,629.25 25,631.25 25,618.25 25,623.75   -4.00       -0.02   1,162.00
31    2025-12-03 07:00:00  NAS100 25,624.75 25,638.25 25,576.00 25,581.25  -42.50       -0.17   3,355.00
32    2025-12-03 07:30:00  NAS100 25,580.50 25,639.50 25,576.25 25,626.50   45.25        0.18   3,488.00
33    2025-12-03 08:00:00  NAS100 25,627.25 25,642.50 25,625.25 25,636.25    9.75        0.04   2,027.00
34    2025-12-03 08:30:00  NAS100 25,635.00 25,649.50 25,635.00 25,640.00    3.75        0.01   1,855.00
35    2025-12-03 09:00:00  NAS100 25,640.00 25,673.75 25,637.00 25,666.25   26.25        0.10   2,915.00
36    2025-12-03 09:30:00  NAS100 25,665.50 25,666.00 25,646.25 25,655.25  -11.00       -0.04   1,896.00
37    2025-12-03 10:00:00  NAS100 25,654.75 25,665.00 25,642.25 25,664.50    9.25        0.04   1,306.00
38    2025-12-03 10:30:00  NAS100 25,665.00 25,677.00 25,664.00 25,668.50    4.00        0.02   1,528.00
39    2025-12-03 11:00:00  NAS100 25,668.00 25,672.75 25,663.50 25,665.50   -3.00       -0.01     826.00
40    2025-12-03 11:30:00  NAS100 25,665.00 25,666.50 25,657.25 25,659.50   -6.00       -0.02     675.00
41    2025-12-03 12:00:00  NAS100 25,659.25 25,678.25 25,658.00 25,672.50   13.00        0.05   1,174.00
42    2025-12-03 12:30:00  NAS100 25,672.50 25,673.50 25,654.50 25,660.25  -12.25       -0.05     904.00
43    2025-12-03 13:00:00  NAS100 25,660.50 25,665.00 25,649.50 25,651.00   -9.25       -0.04     945.00
44    2025-12-03 13:30:00  NAS100 25,651.75 25,665.75 25,637.50 25,657.25    6.25        0.02   1,810.00
45    2025-12-03 14:00:00  NAS100 25,657.50 25,676.75 25,653.75 25,669.25   12.00        0.05   1,378.00
46    2025-12-03 14:30:00  NAS100 25,668.00 25,672.00 25,643.00 25,651.75  -17.50       -0.07   1,551.00
47    2025-12-03 15:00:00  NAS100 25,651.25 25,664.75 25,613.25 25,619.25  -32.50       -0.13   2,790.00
48    2025-12-03 15:30:00  NAS100 25,620.50 25,667.75 25,613.50 25,659.50   40.25        0.16   2,672.00
49    2025-12-03 16:00:00  NAS100 25,659.25 25,661.00 25,614.75 25,620.00  -39.50       -0.15   2,903.00
50    2025-12-03 16:30:00  NAS100 25,619.25 25,640.50 25,613.75 25,638.25   18.25        0.07   2,725.00
51    2025-12-03 17:00:00  NAS100 25,637.75 25,650.75 25,634.50 25,645.00    6.75        0.03   1,701.00
52    2025-12-03 17:30:00  NAS100 25,645.00 25,645.25 25,605.25 25,624.25  -20.75       -0.08   2,198.00
53    2025-12-03 18:00:00  NAS100 25,624.75 25,641.75 25,610.25 25,639.25   15.00        0.06   1,535.00
54    2025-12-03 18:30:00  NAS100 25,638.25 25,644.75 25,632.00 25,634.50   -4.75       -0.02   1,752.00
55    2025-12-03 19:00:00  NAS100 25,633.75 25,654.25 25,614.75 25,646.50   12.00        0.05   3,286.00
56    2025-12-03 19:30:00  NAS100 25,647.50 25,663.75 25,645.25 25,654.75    8.25        0.03   2,282.00
57    2025-12-03 20:00:00  NAS100 25,654.50 25,677.75 25,639.50 25,662.00    7.25        0.03   5,161.00
58    2025-12-03 20:30:00  NAS100 25,661.25 25,671.75 25,646.50 25,648.50  -13.50       -0.05   4,145.00
59    2025-12-03 21:00:00  NAS100 25,648.00 25,653.00 25,421.50 25,495.00 -153.50       -0.60  45,259.00
60    2025-12-03 21:30:00  NAS100 25,495.25 25,538.00 25,430.00 25,494.50   -0.50       -0.00  59,855.00
61    2025-12-03 22:00:00  NAS100 25,497.50 25,574.50 25,482.25 25,528.50   34.00        0.13  52,352.00
62    2025-12-03 22:30:00  NAS100 25,527.25 25,605.50 25,500.50 25,563.00   34.50        0.14  45,437.00
63    2025-12-03 23:00:00  NAS100 25,563.25 25,599.25 25,521.75 25,566.75    3.75        0.01  28,876.00
64    2025-12-03 23:30:00  NAS100 25,566.75 25,621.50 25,530.00 25,560.25   -6.50       -0.03  30,764.00
65    2025-12-04 00:00:00  NAS100 25,560.75 25,633.50 25,555.00 25,619.75   59.50        0.23  25,163.00
66    2025-12-04 00:30:00  NAS100 25,619.75 25,637.25 25,598.25 25,625.50    5.75        0.02  16,614.00
67    2025-12-04 01:00:00  NAS100 25,625.25 25,638.25 25,608.25 25,626.75    1.25        0.00  15,289.00
68    2025-12-04 01:30:00  NAS100 25,627.25 25,654.75 25,622.25 25,629.00    2.25        0.01  17,292.00
69    2025-12-04 02:00:00  NAS100 25,628.50 25,658.00 25,625.75 25,649.00   20.00        0.08  13,240.00
70    2025-12-04 02:30:00  NAS100 25,649.25 25,672.25 25,641.25 25,669.75   20.75        0.08  14,214.00
71    2025-12-04 03:00:00  NAS100 25,670.00 25,685.25 25,659.00 25,682.25   12.50        0.05  16,411.00
72    2025-12-04 03:30:00  NAS100 25,682.00 25,682.50 25,640.75 25,657.50  -24.75       -0.10  28,449.00
73    2025-12-04 04:00:00  NAS100 25,657.50 25,662.00 25,641.75 25,642.25  -15.25       -0.06   9,716.00
74    2025-12-04 04:30:00  NAS100 25,642.00 25,651.75 25,636.00 25,645.75    3.50        0.01   2,761.00
75    2025-12-04 06:00:00  NAS100 25,650.25 25,658.75 25,633.75 25,652.00    6.25        0.02   2,187.00
76    2025-12-04 06:30:00  NAS100 25,651.00 25,658.25 25,641.25 25,647.50   -4.50       -0.02     971.00
77    2025-12-04 07:00:00  NAS100 25,647.50 25,666.00 25,642.00 25,656.00    8.50        0.03   1,592.00
78    2025-12-04 07:30:00  NAS100 25,656.50 25,660.50 25,622.00 25,632.75  -23.25       -0.09   1,705.00
79    2025-12-04 08:00:00  NAS100 25,632.50 25,662.75 25,628.50 25,658.50   25.75        0.10   1,982.00
80    2025-12-04 08:30:00  NAS100 25,657.25 25,658.25 25,632.75 25,639.25  -19.25       -0.08   1,337.00
81    2025-12-04 09:00:00  NAS100 25,640.25 25,649.75 25,619.25 25,636.00   -3.25       -0.01   2,297.00
82    2025-12-04 09:30:00  NAS100 25,634.75 25,657.50 25,634.25 25,649.00   13.00        0.05   1,019.00
83    2025-12-04 10:00:00  NAS100 25,649.25 25,650.00 25,625.00 25,629.00  -20.00       -0.08   1,260.00
84    2025-12-04 10:30:00  NAS100 25,628.25 25,633.00 25,613.25 25,630.25    1.25        0.00   1,525.00
85    2025-12-04 11:00:00  NAS100 25,631.50 25,636.50 25,618.50 25,628.25   -2.00       -0.01   1,215.00
86    2025-12-04 11:30:00  NAS100 25,628.50 25,643.00 25,625.25 25,639.75   11.50        0.04     861.00
87    2025-12-04 12:00:00  NAS100 25,640.00 25,649.75 25,629.50 25,632.25   -7.50       -0.03   1,114.00
88    2025-12-04 12:30:00  NAS100 25,632.75 25,640.50 25,628.25 25,639.25    7.00        0.03     828.00
89    2025-12-04 13:00:00  NAS100 25,640.25 25,655.25 25,639.25 25,654.50   15.25        0.06   1,058.00
90    2025-12-04 13:30:00  NAS100 25,653.75 25,665.75 25,650.00 25,654.25   -0.25       -0.00   1,220.00
91    2025-12-04 14:00:00  NAS100 25,655.25 25,669.75 25,651.25 25,665.00   10.75        0.04   1,417.00
92    2025-12-04 14:30:00  NAS100 25,664.50 25,665.25 25,652.25 25,657.00   -8.00       -0.03     919.00
93    2025-12-04 15:00:00  NAS100 25,656.00 25,657.50 25,603.25 25,619.50  -37.50       -0.15   3,485.00
94    2025-12-04 15:30:00  NAS100 25,618.00 25,649.25 25,611.50 25,634.00   14.50        0.06   2,458.00
95    2025-12-04 16:00:00  NAS100 25,634.25 25,652.25 25,611.50 25,645.25   11.25        0.04   2,188.00
96    2025-12-04 16:30:00  NAS100 25,646.25 25,692.50 25,645.75 25,684.25   39.00        0.15   3,838.00
97    2025-12-04 17:00:00  NAS100 25,685.00 25,691.25 25,670.75 25,679.25   -5.00       -0.02   1,508.00
98    2025-12-04 17:30:00  NAS100 25,678.75 25,678.75 25,640.75 25,644.00  -35.25       -0.14   2,443.00
99    2025-12-04 18:00:00  NAS100 25,644.75 25,653.50 25,626.25 25,638.25   -5.75       -0.02   2,544.00
100   2025-12-04 18:30:00  NAS100 25,639.25 25,657.50 25,633.00 25,656.00   17.75        0.07   1,935.00
101   2025-12-04 19:00:00  NAS100 25,656.00 25,671.50 25,651.75 25,662.50    6.50        0.03   2,080.00
102   2025-12-04 19:30:00  NAS100 25,662.50 25,674.50 25,655.25 25,658.75   -3.75       -0.01   2,549.00
103   2025-12-04 20:00:00  NAS100 25,657.75 25,661.00 25,635.75 25,654.75   -4.00       -0.02   2,614.00
104   2025-12-04 20:30:00  NAS100 25,653.50 25,666.50 25,618.25 25,632.00  -22.75       -0.09   6,039.00
105   2025-12-04 21:00:00  NAS100 25,631.75 25,732.50 25,631.50 25,711.75   79.75        0.31  16,755.00
106   2025-12-04 21:30:00  NAS100 25,712.00 25,713.00 25,540.25 25,555.50 -156.25       -0.61  69,834.00
107   2025-12-04 22:00:00  NAS100 25,555.50 25,597.50 25,520.50 25,591.00   35.50        0.14  44,261.00
108   2025-12-04 22:30:00  NAS100 25,590.50 25,639.25 25,566.00 25,569.75  -21.25       -0.08  38,874.00
109   2025-12-04 23:00:00  NAS100 25,569.50 25,597.25 25,505.00 25,582.50   12.75        0.05  41,140.00
110   2025-12-04 23:30:00  NAS100 25,582.75 25,650.25 25,564.50 25,642.00   59.50        0.23  31,091.00
111   2025-12-05 00:00:00  NAS100 25,641.75 25,653.25 25,597.25 25,600.75  -41.25       -0.16  23,507.00
112   2025-12-05 00:30:00  NAS100 25,601.00 25,625.50 25,585.75 25,617.50   16.75        0.07  18,306.00
113   2025-12-05 01:00:00  NAS100 25,617.50 25,626.50 25,574.75 25,621.25    3.75        0.01  19,420.00
114   2025-12-05 01:30:00  NAS100 25,621.25 25,632.50 25,592.50 25,604.00  -17.25       -0.07  16,461.00
115   2025-12-05 02:00:00  NAS100 25,603.75 25,612.00 25,488.75 25,532.50  -71.50       -0.28  32,950.00
116   2025-12-05 02:30:00  NAS100 25,532.50 25,611.50 25,524.75 25,589.00   56.50        0.22  27,484.00
117   2025-12-05 03:00:00  NAS100 25,589.25 25,593.75 25,551.75 25,563.75  -25.25       -0.10  22,921.00
118   2025-12-05 03:30:00  NAS100 25,563.50 25,632.75 25,560.50 25,628.00   64.25        0.25  30,276.00
119   2025-12-05 04:00:00  NAS100 25,627.75 25,637.75 25,617.00 25,633.50    5.50        0.02  11,291.00
120   2025-12-05 04:30:00  NAS100 25,633.00 25,634.75 25,624.75 25,632.50   -1.00       -0.00   1,651.00
121   2025-12-05 06:00:00  NAS100 25,629.75 25,648.75 25,627.00 25,631.75   -0.75       -0.00   1,883.00
122   2025-12-05 06:30:00  NAS100 25,633.00 25,634.50 25,608.50 25,621.00  -10.75       -0.04   1,427.00
123   2025-12-05 07:00:00  NAS100 25,620.75 25,645.00 25,611.00 25,639.50   18.50        0.07   1,881.00
124   2025-12-05 07:30:00  NAS100 25,638.75 25,657.50 25,635.00 25,654.00   14.50        0.06   1,499.00
125   2025-12-05 08:00:00  NAS100 25,654.00 25,672.00 25,652.50 25,668.25   14.25        0.06   2,011.00
126   2025-12-05 08:30:00  NAS100 25,667.00 25,684.00 25,664.25 25,682.00   13.75        0.05   1,558.00
127   2025-12-05 09:00:00  NAS100 25,681.75 25,713.25 25,679.00 25,711.25   29.25        0.11   2,397.00
128   2025-12-05 09:30:00  NAS100 25,711.00 25,711.25 25,682.25 25,689.50  -21.75       -0.08   1,833.00
129   2025-12-05 10:00:00  NAS100 25,689.75 25,700.25 25,683.25 25,693.00    3.50        0.01   1,431.00
130   2025-12-05 10:30:00  NAS100 25,693.25 25,707.00 25,683.75 25,701.00    8.00        0.03     907.00
131   2025-12-05 11:00:00  NAS100 25,700.25 25,717.25 25,696.75 25,706.75    5.75        0.02   1,545.00
132   2025-12-05 11:30:00  NAS100 25,706.50 25,714.75 25,699.75 25,712.50    5.75        0.02   1,067.00
133   2025-12-05 12:00:00  NAS100 25,712.00 25,721.50 25,711.50 25,713.75    1.25        0.00   1,123.00
134   2025-12-05 12:30:00  NAS100 25,713.50 25,724.25 25,708.00 25,723.50    9.75        0.04     946.00
135   2025-12-05 13:00:00  NAS100 25,723.75 25,730.00 25,717.50 25,720.50   -3.00       -0.01   1,335.00
136   2025-12-05 13:30:00  NAS100 25,722.00 25,724.00 25,702.25 25,713.00   -7.50       -0.03   1,620.00
137   2025-12-05 14:00:00  NAS100 25,712.00 25,729.25 25,704.00 25,724.25   11.25        0.04   1,792.00
138   2025-12-05 14:30:00  NAS100 25,724.00 25,728.75 25,715.00 25,725.00    0.75        0.00   1,547.00
139   2025-12-05 15:00:00  NAS100 25,725.50 25,755.75 25,721.50 25,737.25   12.25        0.05   4,562.00
140   2025-12-05 15:30:00  NAS100 25,737.50 25,748.25 25,723.75 25,725.75  -11.50       -0.04   1,686.00
141   2025-12-05 16:00:00  NAS100 25,724.25 25,736.25 25,712.00 25,728.00    2.25        0.01   2,232.00
142   2025-12-05 16:30:00  NAS100 25,728.50 25,728.75 25,706.25 25,718.50   -9.50       -0.04   1,574.00
143   2025-12-05 17:00:00  NAS100 25,717.50 25,736.75 25,712.50 25,726.00    7.50        0.03   1,537.00
144   2025-12-05 17:30:00  NAS100 25,726.00 25,731.50 25,713.25 25,715.75  -10.25       -0.04     979.00
145   2025-12-05 18:00:00  NAS100 25,716.00 25,727.25 25,704.25 25,722.75    7.00        0.03   1,563.00
146   2025-12-05 18:30:00  NAS100 25,722.50 25,725.50 25,715.00 25,719.00   -3.75       -0.01   1,114.00
147   2025-12-05 19:00:00  NAS100 25,720.25 25,736.00 25,688.50 25,710.75   -8.25       -0.03   3,812.00
148   2025-12-05 19:30:00  NAS100 25,710.50 25,717.50 25,693.25 25,703.25   -7.50       -0.03   2,153.00
149   2025-12-05 20:00:00  NAS100 25,703.00 25,710.00 25,676.25 25,687.00  -16.25       -0.06   3,862.00
150   2025-12-05 20:30:00  NAS100 25,686.00 25,689.00 25,579.75 25,614.25  -72.75       -0.28  16,356.00
151   2025-12-05 21:00:00  NAS100 25,613.75 25,684.50 25,611.50 25,680.25   66.00        0.26   9,750.00
152   2025-12-05 21:30:00  NAS100 25,680.00 25,803.25 25,673.50 25,791.25  111.00        0.43  64,199.00
153   2025-12-05 22:00:00  NAS100 25,791.25 25,868.00 25,765.25 25,837.50   46.25        0.18  42,859.00
154   2025-12-05 22:30:00  NAS100 25,836.75 25,861.25 25,716.25 25,743.00  -94.50       -0.37  49,652.00
155   2025-12-05 23:00:00  NAS100 25,743.00 25,767.00 25,683.25 25,697.75  -45.25       -0.18  42,885.00
156   2025-12-05 23:30:00  NAS100 25,698.00 25,761.50 25,651.25 25,730.25   32.50        0.13  38,948.00
157   2025-12-06 00:00:00  NAS100 25,729.50 25,738.25 25,688.75 25,695.00  -35.25       -0.14  21,096.00
158   2025-12-06 00:30:00  NAS100 25,695.00 25,740.75 25,664.75 25,730.50   35.50        0.14  24,143.00
159   2025-12-06 01:00:00  NAS100 25,729.75 25,747.25 25,700.00 25,744.00   13.50        0.05  17,625.00
160   2025-12-06 01:30:00  NAS100 25,744.00 25,758.50 25,720.25 25,726.75  -17.25       -0.07  17,279.00
161   2025-12-06 02:00:00  NAS100 25,727.75 25,741.25 25,706.75 25,722.25   -4.50       -0.02  15,537.00
162   2025-12-06 02:30:00  NAS100 25,722.75 25,743.75 25,702.50 25,737.50   15.25        0.06  15,806.00
163   2025-12-06 03:00:00  NAS100 25,737.75 25,740.25 25,711.50 25,725.50  -12.00       -0.05  15,116.00
164   2025-12-06 03:30:00  NAS100 25,725.75 25,740.00 25,677.75 25,725.75    0.25        0.00  32,493.00
165   2025-12-06 04:00:00  NAS100 25,725.75 25,743.75 25,723.25 25,732.25    6.50        0.03   9,480.00
166   2025-12-06 04:30:00  NAS100 25,732.25 25,740.00 25,730.25 25,735.00    2.75        0.01   2,083.00
167   2025-12-08 06:00:00  NAS100 25,750.00 25,770.00 25,719.50 25,746.25   11.25        0.04   3,801.00
168   2025-12-08 06:30:00  NAS100 25,746.00 25,756.50 25,740.00 25,746.50    0.25        0.00   1,171.00
169   2025-12-08 07:00:00  NAS100 25,746.25 25,747.00 25,700.25 25,732.25  -14.25       -0.06   2,885.00
170   2025-12-08 07:30:00  NAS100 25,731.50 25,750.25 25,725.50 25,747.25   15.00        0.06   1,519.00
171   2025-12-08 08:00:00  NAS100 25,746.25 25,765.00 25,743.00 25,749.25    2.00        0.01   2,437.00
172   2025-12-08 08:30:00  NAS100 25,751.50 25,772.00 25,750.75 25,768.25   19.00        0.07   1,438.00
173   2025-12-08 09:00:00  NAS100 25,768.00 25,782.25 25,761.50 25,777.00    8.75        0.03   1,660.00
174   2025-12-08 09:30:00  NAS100 25,777.00 25,783.25 25,769.50 25,782.50    5.50        0.02   1,683.00
175   2025-12-08 10:00:00  NAS100 25,783.00 25,791.00 25,777.00 25,783.75    1.25        0.00   1,304.00
176   2025-12-08 10:30:00  NAS100 25,783.75 25,794.25 25,780.50 25,789.50    5.75        0.02   1,231.00
177   2025-12-08 11:00:00  NAS100 25,789.75 25,799.25 25,787.00 25,796.00    6.50        0.03     843.00
178   2025-12-08 11:30:00  NAS100 25,796.75 25,803.25 25,793.75 25,798.50    2.50        0.01     779.00
179   2025-12-08 12:00:00  NAS100 25,798.25 25,804.00 25,791.00 25,801.00    2.50        0.01     859.00
180   2025-12-08 12:30:00  NAS100 25,800.50 25,804.25 25,791.00 25,794.25   -6.75       -0.03     799.00
181   2025-12-08 13:00:00  NAS100 25,794.75 25,810.50 25,785.50 25,807.25   13.00        0.05   1,596.00
182   2025-12-08 13:30:00  NAS100 25,807.00 25,811.50 25,789.00 25,790.50  -16.75       -0.06   1,072.00
183   2025-12-08 14:00:00  NAS100 25,789.50 25,815.75 25,775.25 25,811.75   21.25        0.08   2,555.00
184   2025-12-08 14:30:00  NAS100 25,811.25 25,821.25 25,799.00 25,805.25   -6.50       -0.03   1,659.00
185   2025-12-08 15:00:00  NAS100 25,805.50 25,806.25 25,781.25 25,785.00  -20.25       -0.08   2,587.00
186   2025-12-08 15:30:00  NAS100 25,784.75 25,793.00 25,768.25 25,774.75  -10.25       -0.04   2,028.00
187   2025-12-08 16:00:00  NAS100 25,774.75 25,796.50 25,771.75 25,794.50   19.75        0.08   1,915.00
188   2025-12-08 16:30:00  NAS100 25,793.75 25,798.00 25,768.50 25,774.50  -20.00       -0.08   2,031.00
189   2025-12-08 17:00:00  NAS100 25,774.00 25,790.00 25,762.50 25,789.75   15.25        0.06   2,100.00
190   2025-12-08 17:30:00  NAS100 25,789.00 25,799.00 25,784.50 25,793.00    3.25        0.01   1,531.00
191   2025-12-08 18:00:00  NAS100 25,793.50 25,797.75 25,771.25 25,773.50  -19.50       -0.08   1,664.00
192   2025-12-08 18:30:00  NAS100 25,774.25 25,785.00 25,771.00 25,773.50    0.00        0.00   1,645.00
193   2025-12-08 19:00:00  NAS100 25,775.00 25,791.00 25,764.75 25,785.75   12.25        0.05   1,951.00
194   2025-12-08 19:30:00  NAS100 25,785.25 25,811.25 25,783.75 25,803.50   17.75        0.07   2,104.00
195   2025-12-08 20:00:00  NAS100 25,803.25 25,833.00 25,798.75 25,808.25    4.75        0.02   5,390.00
196   2025-12-08 20:30:00  NAS100 25,808.75 25,814.50 25,784.50 25,810.50    2.25        0.01   5,441.00
197   2025-12-08 21:00:00  NAS100 25,810.25 25,824.00 25,782.00 25,791.75  -18.75       -0.07   8,292.00
198   2025-12-08 21:30:00  NAS100 25,791.00 25,860.75 25,721.50 25,744.50  -47.25       -0.18  61,012.00
199   2025-12-08 22:00:00  NAS100 25,744.75 25,778.00 25,657.00 25,700.50  -44.00       -0.17  40,851.00
200   2025-12-08 22:30:00  NAS100 25,700.25 25,723.75 25,649.75 25,663.00  -37.50       -0.15  28,071.00
201   2025-12-08 23:00:00  NAS100 25,662.75 25,671.50 25,626.25 25,662.00   -1.00       -0.00  35,173.00
202   2025-12-08 23:30:00  NAS100 25,661.75 25,670.25 25,631.00 25,639.50  -22.50       -0.09  20,391.00
203   2025-12-09 00:00:00  NAS100 25,640.25 25,647.00 25,593.75 25,617.00  -22.50       -0.09  25,641.00
204   2025-12-09 00:30:00  NAS100 25,617.50 25,690.00 25,612.00 25,680.50   63.50        0.25  28,585.00
205   2025-12-09 01:00:00  NAS100 25,680.25 25,696.25 25,628.25 25,629.75  -50.75       -0.20  26,533.00
206   2025-12-09 01:30:00  NAS100 25,629.25 25,641.75 25,564.75 25,592.50  -37.25       -0.15  26,600.00
207   2025-12-09 02:00:00  NAS100 25,592.75 25,610.00 25,568.00 25,598.25    5.75        0.02  19,064.00
208   2025-12-09 02:30:00  NAS100 25,598.00 25,622.25 25,585.75 25,591.75   -6.50       -0.03  17,565.00
209   2025-12-09 03:00:00  NAS100 25,592.25 25,617.25 25,582.50 25,615.50   23.75        0.09  13,778.00
210   2025-12-09 03:30:00  NAS100 25,615.50 25,672.25 25,590.00 25,668.75   53.25        0.21  32,703.00
211   2025-12-09 04:00:00  NAS100 25,668.25 25,685.25 25,656.25 25,682.50   13.75        0.05  13,577.00
212   2025-12-09 04:30:00  NAS100 25,682.25 25,707.50 25,675.25 25,706.75   24.25        0.09   9,526.00
213   2025-12-09 06:00:00  NAS100 25,713.00 25,724.75 25,695.00 25,698.25   -8.50       -0.03   3,667.00
214   2025-12-09 06:30:00  NAS100 25,698.50 25,728.50 25,692.00 25,726.25   28.00        0.11   2,300.00
215   2025-12-09 07:00:00  NAS100 25,727.25 25,727.25 25,713.25 25,716.50   -9.75       -0.04   1,384.00
216   2025-12-09 07:30:00  NAS100 25,717.50 25,725.75 25,711.50 25,719.25    2.75        0.01   1,319.00
217   2025-12-09 08:00:00  NAS100 25,720.00 25,729.50 25,703.00 25,705.00  -14.25       -0.06   2,969.00
218   2025-12-09 08:30:00  NAS100 25,706.00 25,714.00 25,684.00 25,693.50  -11.50       -0.04   2,478.00
219   2025-12-09 09:00:00  NAS100 25,693.25 25,708.50 25,675.25 25,697.25    3.75        0.01   2,083.00
220   2025-12-09 09:30:00  NAS100 25,698.00 25,699.00 25,684.50 25,692.75   -4.50       -0.02   1,011.00
221   2025-12-09 10:00:00  NAS100 25,692.25 25,699.50 25,685.25 25,693.25    0.50        0.00     935.00
222   2025-12-09 10:30:00  NAS100 25,694.50 25,702.25 25,685.50 25,698.00    4.75        0.02   1,571.00
223   2025-12-09 11:00:00  NAS100 25,698.75 25,699.75 25,689.00 25,693.00   -5.00       -0.02     829.00
224   2025-12-09 11:30:00  NAS100 25,692.25 25,695.00 25,682.75 25,686.50   -6.50       -0.03     838.00
225   2025-12-09 12:00:00  NAS100 25,688.00 25,689.25 25,665.75 25,668.00  -18.50       -0.07   1,524.00
226   2025-12-09 12:30:00  NAS100 25,667.00 25,679.25 25,662.00 25,663.50   -4.50       -0.02   1,050.00
227   2025-12-09 13:00:00  NAS100 25,664.00 25,664.00 25,646.75 25,656.00   -7.50       -0.03   1,373.00
228   2025-12-09 13:30:00  NAS100 25,656.25 25,688.25 25,654.00 25,683.25   27.25        0.11   1,610.00
229   2025-12-09 14:00:00  NAS100 25,683.00 25,695.00 25,680.25 25,687.25    4.00        0.02   1,058.00
230   2025-12-09 14:30:00  NAS100 25,687.25 25,697.00 25,676.25 25,691.25    4.00        0.02     893.00
231   2025-12-09 15:00:00  NAS100 25,690.50 25,712.50 25,686.75 25,694.25    3.00        0.01   2,141.00
232   2025-12-09 15:30:00  NAS100 25,693.50 25,705.50 25,682.25 25,695.75    1.50        0.01   1,545.00
233   2025-12-09 16:00:00  NAS100 25,695.50 25,696.00 25,660.00 25,666.75  -29.00       -0.11   2,050.00
234   2025-12-09 16:30:00  NAS100 25,666.25 25,675.50 25,650.00 25,656.25  -10.50       -0.04   1,512.00
235   2025-12-09 17:00:00  NAS100 25,655.50 25,692.50 25,654.75 25,688.25   32.00        0.12   1,846.00
236   2025-12-09 17:30:00  NAS100 25,689.00 25,692.00 25,601.00 25,668.75  -19.50       -0.08   7,399.00
237   2025-12-09 18:00:00  NAS100 25,668.50 25,671.00 25,630.75 25,667.25   -1.50       -0.01   3,855.00
238   2025-12-09 18:30:00  NAS100 25,668.00 25,681.75 25,658.50 25,672.50    5.25        0.02   1,666.00
239   2025-12-09 19:00:00  NAS100 25,672.75 25,676.25 25,658.00 25,663.25   -9.25       -0.04   1,693.00
240   2025-12-09 19:30:00  NAS100 25,663.25 25,672.50 25,645.50 25,663.75    0.50        0.00   2,227.00
241   2025-12-09 20:00:00  NAS100 25,663.50 25,666.00 25,637.50 25,650.00  -13.75       -0.05   2,949.00
242   2025-12-09 20:30:00  NAS100 25,649.00 25,651.50 25,607.00 25,617.00  -33.00       -0.13   6,034.00
243   2025-12-09 21:00:00  NAS100 25,616.50 25,625.50 25,588.50 25,618.00    1.00        0.00   8,557.00
244   2025-12-09 21:30:00  NAS100 25,618.50 25,653.50 25,560.00 25,629.50   11.50        0.04  55,495.00
245   2025-12-09 22:00:00  NAS100 25,630.50 25,670.00 25,605.50 25,656.75   27.25        0.11  35,719.00
246   2025-12-09 22:30:00  NAS100 25,656.75 25,685.25 25,635.50 25,684.50   27.75        0.11  31,364.00
247   2025-12-09 23:00:00  NAS100 25,683.75 25,709.75 25,678.25 25,690.00    5.50        0.02  22,391.00
248   2025-12-09 23:30:00  NAS100 25,690.25 25,716.00 25,668.25 25,709.00   19.00        0.07  29,189.00
249   2025-12-10 00:00:00  NAS100 25,709.00 25,733.00 25,689.75 25,707.25   -1.75       -0.01  19,754.00
250   2025-12-10 00:30:00  NAS100 25,707.75 25,718.75 25,689.25 25,717.75   10.50        0.04  18,491.00
251   2025-12-10 01:00:00  NAS100 25,716.75 25,732.25 25,703.75 25,725.75    8.00        0.03  16,579.00
252   2025-12-10 01:30:00  NAS100 25,726.25 25,735.75 25,690.75 25,721.75   -4.00       -0.02  21,740.00
253   2025-12-10 02:00:00  NAS100 25,721.75 25,724.25 25,697.50 25,711.00  -10.75       -0.04  16,620.00
254   2025-12-10 02:30:00  NAS100 25,711.00 25,717.00 25,683.00 25,702.50   -8.50       -0.03  13,449.00
255   2025-12-10 03:00:00  NAS100 25,701.75 25,713.25 25,693.75 25,697.00   -5.50       -0.02  11,243.00
256   2025-12-10 03:30:00  NAS100 25,696.75 25,722.00 25,683.75 25,703.00    6.00        0.02  26,278.00
257   2025-12-10 04:00:00  NAS100 25,703.25 25,703.75 25,675.00 25,680.75  -22.25       -0.09   8,268.00
258   2025-12-10 04:30:00  NAS100 25,680.25 25,685.75 25,674.75 25,676.25   -4.50       -0.02   2,015.00
259   2025-12-10 06:00:00  NAS100 25,680.00 25,691.50 25,670.75 25,677.75    1.50        0.01   2,105.00
260   2025-12-10 06:30:00  NAS100 25,676.00 25,681.50 25,669.50 25,671.50   -6.25       -0.02     955.00
261   2025-12-10 07:00:00  NAS100 25,671.75 25,693.75 25,661.25 25,672.00    0.50        0.00   2,438.00
262   2025-12-10 07:30:00  NAS100 25,672.00 25,677.25 25,650.50 25,651.25  -20.75       -0.08   1,424.00
263   2025-12-10 08:00:00  NAS100 25,650.50 25,664.50 25,639.25 25,654.50    3.25        0.01   2,263.00
264   2025-12-10 08:30:00  NAS100 25,653.25 25,660.00 25,645.00 25,656.25    1.75        0.01   1,552.00
265   2025-12-10 09:00:00  NAS100 25,656.00 25,673.25 25,655.00 25,668.25   12.00        0.05   1,458.00
266   2025-12-10 09:30:00  NAS100 25,669.25 25,679.00 25,667.50 25,674.25    6.00        0.02     887.00
267   2025-12-10 10:00:00  NAS100 25,673.50 25,686.50 25,665.50 25,667.75   -6.50       -0.03   1,224.00
268   2025-12-10 10:30:00  NAS100 25,667.50 25,675.00 25,662.75 25,673.75    6.00        0.02     780.00
269   2025-12-10 11:00:00  NAS100 25,674.00 25,685.50 25,674.00 25,683.75   10.00        0.04     892.00
270   2025-12-10 11:30:00  NAS100 25,683.50 25,710.00 25,683.25 25,693.75   10.00        0.04   1,558.00
271   2025-12-10 12:00:00  NAS100 25,693.75 25,694.25 25,668.25 25,678.00  -15.75       -0.06   1,429.00
272   2025-12-10 12:30:00  NAS100 25,678.75 25,686.75 25,675.00 25,681.50    3.50        0.01     874.00
273   2025-12-10 13:00:00  NAS100 25,682.25 25,707.75 25,681.00 25,703.25   21.75        0.08   1,305.00
274   2025-12-10 13:30:00  NAS100 25,702.50 25,713.25 25,698.25 25,703.75    0.50        0.00     983.00
275   2025-12-10 14:00:00  NAS100 25,703.25 25,718.00 25,698.25 25,714.25   10.50        0.04   1,058.00
276   2025-12-10 14:30:00  NAS100 25,714.75 25,730.50 25,711.00 25,728.25   14.00        0.05   1,523.00
277   2025-12-10 15:00:00  NAS100 25,728.75 25,745.75 25,722.00 25,731.25    3.00        0.01   2,492.00
278   2025-12-10 15:30:00  NAS100 25,729.75 25,739.25 25,705.25 25,720.50  -10.75       -0.04   2,072.00
279   2025-12-10 16:00:00  NAS100 25,721.00 25,732.25 25,703.75 25,714.75   -5.75       -0.02   1,952.00
280   2025-12-10 16:30:00  NAS100 25,714.50 25,718.75 25,705.50 25,709.25   -5.50       -0.02     813.00
281   2025-12-10 17:00:00  NAS100 25,709.00 25,734.00 25,631.75 25,633.25  -76.00       -0.30   5,231.00
282   2025-12-10 17:30:00  NAS100 25,632.25 25,671.25 25,616.00 25,650.25   17.00        0.07   4,234.00
283   2025-12-10 18:00:00  NAS100 25,650.75 25,694.75 25,638.50 25,666.00   15.75        0.06   4,483.00
284   2025-12-10 18:30:00  NAS100 25,665.50 25,673.50 25,655.50 25,665.50   -0.50       -0.00   1,570.00
285   2025-12-10 19:00:00  NAS100 25,666.25 25,668.75 25,632.00 25,647.25  -18.25       -0.07   2,734.00
286   2025-12-10 19:30:00  NAS100 25,646.25 25,653.00 25,627.25 25,648.25    1.00        0.00   1,923.00
287   2025-12-10 20:00:00  NAS100 25,649.00 25,715.50 25,645.00 25,708.75   60.50        0.24   5,105.00
288   2025-12-10 20:30:00  NAS100 25,709.00 25,720.00 25,668.75 25,672.50  -36.25       -0.14   4,250.00
289   2025-12-10 21:00:00  NAS100 25,673.00 25,682.75 25,639.50 25,647.25  -25.25       -0.10   9,343.00
290   2025-12-10 21:30:00  NAS100 25,647.25 25,672.25 25,567.00 25,631.25  -16.00       -0.06  62,572.00
291   2025-12-10 22:00:00  NAS100 25,630.50 25,656.50 25,603.75 25,635.75    4.50        0.02  29,765.00
292   2025-12-10 22:30:00  NAS100 25,635.50 25,642.50 25,550.25 25,566.75  -69.00       -0.27  41,209.00
293   2025-12-10 23:00:00  NAS100 25,567.00 25,651.25 25,528.75 25,647.75   81.00        0.32  33,924.00
294   2025-12-10 23:30:00  NAS100 25,647.25 25,658.25 25,610.00 25,650.50    2.75        0.01  20,823.00
295   2025-12-11 00:00:00  NAS100 25,650.50 25,656.00 25,615.75 25,623.75  -26.75       -0.10  15,298.00
296   2025-12-11 00:30:00  NAS100 25,623.00 25,682.25 25,617.50 25,665.25   41.50        0.16  17,009.00
297   2025-12-11 01:00:00  NAS100 25,664.75 25,667.75 25,596.00 25,607.00  -58.25       -0.23  14,956.00
298   2025-12-11 01:30:00  NAS100 25,606.75 25,632.25 25,595.00 25,616.75    9.75        0.04  14,394.00
299   2025-12-11 02:00:00  NAS100 25,614.50 25,741.00 25,602.50 25,668.00   51.25        0.20  52,327.00
300   2025-12-11 02:30:00  NAS100 25,668.25 25,834.75 25,611.00 25,823.50  155.50        0.61  74,560.00
301   2025-12-11 03:00:00  NAS100 25,823.25 25,870.75 25,788.00 25,836.75   13.25        0.05  38,789.00
302   2025-12-11 03:30:00  NAS100 25,836.50 25,863.50 25,791.00 25,800.00  -36.75       -0.14  34,608.00
303   2025-12-11 04:00:00  NAS100 25,799.75 25,808.25 25,758.75 25,796.50   -3.50       -0.01  13,745.00
304   2025-12-11 04:30:00  NAS100 25,796.75 25,811.25 25,786.25 25,800.50    4.00        0.02   3,220.00
305   2025-12-11 06:00:00  NAS100 25,769.50 25,796.00 25,715.75 25,729.00  -71.50       -0.28   4,401.00
306   2025-12-11 06:30:00  NAS100 25,729.00 25,739.00 25,726.50 25,730.50    1.50        0.01   1,078.00
307   2025-12-11 07:00:00  NAS100 25,730.25 25,734.00 25,710.00 25,729.00   -1.50       -0.01   2,118.00
308   2025-12-11 07:30:00  NAS100 25,726.25 25,727.50 25,671.00 25,684.00  -45.00       -0.17   3,206.00
309   2025-12-11 08:00:00  NAS100 25,683.25 25,683.75 25,658.25 25,670.75  -13.25       -0.05   2,505.00
310   2025-12-11 08:30:00  NAS100 25,671.75 25,682.00 25,650.50 25,660.75  -10.00       -0.04   2,415.00
311   2025-12-11 09:00:00  NAS100 25,659.25 25,661.25 25,603.00 25,607.25  -53.50       -0.21   3,839.00
312   2025-12-11 09:30:00  NAS100 25,608.75 25,610.25 25,523.75 25,549.25  -58.00       -0.23   7,072.00
313   2025-12-11 10:00:00  NAS100 25,550.00 25,550.25 25,383.00 25,471.50  -77.75       -0.30  13,798.00
314   2025-12-11 10:30:00  NAS100 25,472.50 25,497.75 25,434.50 25,486.50   15.00        0.06   4,954.00
315   2025-12-11 11:00:00  NAS100 25,486.50 25,534.00 25,476.00 25,508.50   22.00        0.09   4,590.00
316   2025-12-11 11:30:00  NAS100 25,507.50 25,525.75 25,494.25 25,509.50    1.00        0.00   2,313.00
317   2025-12-11 12:00:00  NAS100 25,507.75 25,512.25 25,486.25 25,489.25  -20.25       -0.08   1,981.00
318   2025-12-11 12:30:00  NAS100 25,489.00 25,521.50 25,483.50 25,514.00   24.75        0.10   1,773.00
319   2025-12-11 13:00:00  NAS100 25,514.50 25,523.50 25,470.75 25,472.50  -41.50       -0.16   1,980.00
320   2025-12-11 13:30:00  NAS100 25,473.00 25,514.75 25,472.00 25,510.00   37.50        0.15   1,946.00
321   2025-12-11 14:00:00  NAS100 25,510.25 25,522.75 25,475.00 25,520.75   10.75        0.04   2,417.00
322   2025-12-11 14:30:00  NAS100 25,521.75 25,542.25 25,517.00 25,539.75   19.00        0.07   2,432.00
323   2025-12-11 15:00:00  NAS100 25,539.00 25,543.00 25,477.25 25,487.25  -52.50       -0.21   4,469.00
324   2025-12-11 15:30:00  NAS100 25,485.75 25,544.25 25,474.25 25,536.50   49.25        0.19   3,907.00
325   2025-12-11 16:00:00  NAS100 25,536.25 25,593.75 25,529.25 25,584.00   47.50        0.19   5,027.00
326   2025-12-11 16:30:00  NAS100 25,583.75 25,623.75 25,577.50 25,603.50   19.50        0.08   3,477.00
327   2025-12-11 17:00:00  NAS100 25,604.00 25,616.50 25,580.00 25,604.50    1.00        0.00   2,968.00
328   2025-12-11 17:30:00  NAS100 25,605.75 25,607.75 25,588.75 25,598.00   -6.50       -0.03   1,681.00
329   2025-12-11 18:00:00  NAS100 25,598.00 25,613.00 25,591.25 25,606.50    8.50        0.03   1,663.00
330   2025-12-11 18:30:00  NAS100 25,607.50 25,630.00 25,595.00 25,623.50   17.00        0.07   2,534.00
331   2025-12-11 19:00:00  NAS100 25,622.75 25,680.00 25,617.00 25,677.00   53.50        0.21   5,250.00
332   2025-12-11 19:30:00  NAS100 25,678.00 25,701.00 25,671.25 25,692.50   15.50        0.06   5,458.00
333   2025-12-11 20:00:00  NAS100 25,692.50 25,699.50 25,664.75 25,672.75  -19.75       -0.08   3,787.00
334   2025-12-11 20:30:00  NAS100 25,673.50 25,687.00 25,632.00 25,643.50  -29.25       -0.11   7,508.00
335   2025-12-11 21:00:00  NAS100 25,643.75 25,681.00 25,639.00 25,642.75   -0.75       -0.00   8,304.00
336   2025-12-11 21:30:00  NAS100 25,643.50 25,650.25 25,400.50 25,414.50 -228.25       -0.89 102,182.00
337   2025-12-11 22:00:00  NAS100 25,414.75 25,629.25 25,390.25 25,599.00  184.50        0.73  64,446.00
338   2025-12-11 22:30:00  NAS100 25,599.50 25,610.50 25,455.50 25,531.00  -68.00       -0.27  51,465.00
339   2025-12-11 23:00:00  NAS100 25,531.25 25,562.25 25,456.25 25,467.00  -64.00       -0.25  37,698.00
340   2025-12-11 23:30:00  NAS100 25,467.00 25,589.25 25,464.00 25,501.25   34.25        0.13  37,286.00
341   2025-12-12 00:00:00  NAS100 25,501.25 25,637.00 25,494.75 25,604.00  102.75        0.40  30,750.00
342   2025-12-12 00:30:00  NAS100 25,604.25 25,647.50 25,579.00 25,592.50  -11.50       -0.04  23,201.00
343   2025-12-12 01:00:00  NAS100 25,592.00 25,644.50 25,582.00 25,623.00   30.50        0.12  20,110.00
344   2025-12-12 01:30:00  NAS100 25,623.00 25,687.00 25,612.00 25,637.50   14.50        0.06  23,494.00
345   2025-12-12 02:00:00  NAS100 25,636.75 25,702.25 25,635.25 25,698.25   60.75        0.24  16,135.00
346   2025-12-12 02:30:00  NAS100 25,698.00 25,722.75 25,688.75 25,689.50   -8.75       -0.03  16,249.00
347   2025-12-12 03:00:00  NAS100 25,690.25 25,708.25 25,675.00 25,679.50  -10.00       -0.04  14,574.00
348   2025-12-12 03:30:00  NAS100 25,678.75 25,720.00 25,660.50 25,714.75   35.25        0.14  30,819.00
349   2025-12-12 04:00:00  NAS100 25,715.00 25,834.50 25,708.50 25,820.00  105.25        0.41  16,703.00
350   2025-12-12 04:30:00  NAS100 25,819.75 25,861.50 25,786.00 25,834.75   14.75        0.06   6,740.00
351   2025-12-12 06:00:00  NAS100 25,701.00 25,733.25 25,648.75 25,664.25 -170.50       -0.66   6,383.00
352   2025-12-12 06:30:00  NAS100 25,664.50 25,694.00 25,664.25 25,671.75    7.50        0.03   2,110.00
353   2025-12-12 07:00:00  NAS100 25,670.75 25,677.00 25,640.75 25,670.00   -1.75       -0.01   3,282.00
354   2025-12-12 07:30:00  NAS100 25,670.75 25,686.25 25,642.50 25,646.75  -23.25       -0.09   2,290.00
355   2025-12-12 08:00:00  NAS100 25,647.75 25,680.00 25,646.50 25,680.00   33.25        0.13   1,843.00
356   2025-12-12 08:30:00  NAS100 25,676.50 25,681.25 25,661.00 25,678.50   -1.50       -0.01   1,114.00
357   2025-12-12 09:00:00  NAS100 25,677.50 25,703.75 25,674.25 25,689.50   11.00        0.04   1,861.00
358   2025-12-12 09:30:00  NAS100 25,688.75 25,700.50 25,687.25 25,694.50    5.00        0.02     834.00
359   2025-12-12 10:00:00  NAS100 25,695.00 25,697.50 25,663.75 25,667.75  -26.75       -0.10   1,276.00
360   2025-12-12 10:30:00  NAS100 25,669.25 25,683.50 25,666.00 25,669.25    1.50        0.01     859.00
361   2025-12-12 11:00:00  NAS100 25,669.75 25,673.50 25,656.75 25,660.25   -9.00       -0.04   1,282.00
362   2025-12-12 11:30:00  NAS100 25,659.50 25,668.25 25,653.75 25,659.00   -1.25       -0.00   1,253.00
363   2025-12-12 12:00:00  NAS100 25,658.50 25,675.50 25,658.00 25,673.25   14.25        0.06   1,246.00
364   2025-12-12 12:30:00  NAS100 25,674.25 25,699.25 25,673.00 25,691.25   18.00        0.07   1,365.00
365   2025-12-12 13:00:00  NAS100 25,691.25 25,704.25 25,688.50 25,700.50    9.25        0.04   1,007.00
366   2025-12-12 13:30:00  NAS100 25,700.75 25,702.50 25,676.00 25,679.75  -20.75       -0.08   1,511.00
367   2025-12-12 14:00:00  NAS100 25,679.00 25,679.00 25,661.75 25,665.50  -14.25       -0.06   1,384.00
368   2025-12-12 14:30:00  NAS100 25,665.00 25,676.00 25,657.25 25,665.25   -0.25       -0.00   1,128.00
369   2025-12-12 15:00:00  NAS100 25,666.50 25,682.75 25,652.25 25,672.00    6.75        0.03   2,324.00
370   2025-12-12 15:30:00  NAS100 25,672.25 25,682.00 25,651.00 25,662.75   -9.25       -0.04   1,760.00
371   2025-12-12 16:00:00  NAS100 25,662.00 25,667.25 25,590.25 25,591.50  -71.25       -0.28   3,843.00
372   2025-12-12 16:30:00  NAS100 25,591.00 25,598.00 25,562.00 25,587.75   -3.75       -0.01   4,420.00
373   2025-12-12 17:00:00  NAS100 25,586.75 25,622.00 25,579.75 25,584.50   -3.25       -0.01   2,999.00
374   2025-12-12 17:30:00  NAS100 25,586.00 25,593.50 25,565.25 25,583.25   -1.25       -0.00   1,845.00
375   2025-12-12 18:00:00  NAS100 25,584.50 25,588.50 25,564.00 25,570.25  -13.00       -0.05   2,013.00
376   2025-12-12 18:30:00  NAS100 25,570.75 25,582.25 25,532.50 25,552.00  -18.25       -0.07   3,704.00
377   2025-12-12 19:00:00  NAS100 25,553.75 25,583.50 25,538.25 25,573.75   21.75        0.09   2,679.00
378   2025-12-12 19:30:00  NAS100 25,574.50 25,596.00 25,550.75 25,567.25   -6.50       -0.03   4,209.00
379   2025-12-12 20:00:00  NAS100 25,568.25 25,600.00 25,558.50 25,588.25   21.00        0.08   3,929.00
380   2025-12-12 20:30:00  NAS100 25,588.50 25,626.25 25,577.25 25,625.75   37.50        0.15   5,522.00
381   2025-12-12 21:00:00  NAS100 25,625.50 25,632.25 25,556.75 25,559.50  -66.25       -0.26  10,829.00
382   2025-12-12 21:30:00  NAS100 25,560.25 25,619.50 25,501.50 25,558.25   -1.25       -0.00  76,277.00
383   2025-12-12 22:00:00  NAS100 25,558.25 25,559.00 25,315.00 25,320.25 -238.00       -0.93  78,266.00
384   2025-12-12 22:30:00  NAS100 25,319.50 25,402.00 25,213.25 25,240.50  -79.75       -0.31  78,384.00
385   2025-12-12 23:00:00  NAS100 25,240.25 25,277.25 25,134.00 25,224.25  -16.25       -0.06  68,951.00
386   2025-12-12 23:30:00  NAS100 25,224.75 25,225.25 25,118.00 25,174.50  -49.75       -0.20  44,961.00
387   2025-12-13 00:00:00  NAS100 25,173.50 25,299.75 25,162.75 25,222.75   48.25        0.19  35,914.00
388   2025-12-13 00:30:00  NAS100 25,222.00 25,311.50 25,192.75 25,276.50   53.75        0.21  29,153.00
389   2025-12-13 01:00:00  NAS100 25,277.25 25,372.50 25,262.75 25,339.75   63.25        0.25  34,354.00
390   2025-12-13 01:30:00  NAS100 25,339.50 25,344.50 25,273.50 25,278.25  -61.50       -0.24  21,623.00
391   2025-12-13 02:00:00  NAS100 25,279.00 25,285.50 25,215.25 25,227.00  -51.25       -0.20  26,123.00
392   2025-12-13 02:30:00  NAS100 25,227.50 25,266.00 25,225.25 25,244.00   17.00        0.07  20,740.00
393   2025-12-13 03:00:00  NAS100 25,244.25 25,262.75 25,203.25 25,209.50  -34.50       -0.14  23,289.00
394   2025-12-13 03:30:00  NAS100 25,210.00 25,223.00 25,145.50 25,209.50    0.00        0.00  50,276.00
395   2025-12-13 04:00:00  NAS100 25,209.50 25,226.00 25,199.25 25,203.50   -6.00       -0.02  13,892.00
396   2025-12-13 04:30:00  NAS100 25,203.25 25,212.75 25,199.50 25,202.50   -1.00       -0.00   3,727.00
397   2025-12-15 06:00:00  NAS100 25,223.50 25,245.25 25,132.50 25,170.50  -32.00       -0.13   4,810.00
398   2025-12-15 06:30:00  NAS100 25,170.75 25,200.00 25,167.50 25,194.00   23.50        0.09   1,688.00
399   2025-12-15 07:00:00  NAS100 25,191.00 25,213.50 25,188.00 25,206.75   12.75        0.05   1,962.00
400   2025-12-15 07:30:00  NAS100 25,207.50 25,241.75 25,207.50 25,234.25   27.50        0.11   1,568.00
401   2025-12-15 08:00:00  NAS100 25,235.50 25,242.00 25,221.75 25,238.00    3.75        0.01   1,751.00
402   2025-12-15 08:30:00  NAS100 25,237.25 25,265.00 25,237.00 25,260.75   22.75        0.09   2,183.00
403   2025-12-15 09:00:00  NAS100 25,260.75 25,277.00 25,255.25 25,271.50   10.75        0.04   1,517.00
404   2025-12-15 09:30:00  NAS100 25,273.00 25,284.25 25,254.00 25,262.25   -9.25       -0.04   1,429.00
405   2025-12-15 10:00:00  NAS100 25,261.50 25,273.25 25,244.50 25,249.00  -13.25       -0.05   1,313.00
406   2025-12-15 10:30:00  NAS100 25,248.75 25,260.75 25,245.00 25,255.25    6.25        0.02     734.00
407   2025-12-15 11:00:00  NAS100 25,255.75 25,260.25 25,233.25 25,252.50   -2.75       -0.01   1,068.00
408   2025-12-15 11:30:00  NAS100 25,251.50 25,275.00 25,246.50 25,269.00   16.50        0.07   1,038.00
409   2025-12-15 12:00:00  NAS100 25,269.25 25,272.25 25,254.50 25,268.75   -0.25       -0.00     627.00
410   2025-12-15 12:30:00  NAS100 25,268.00 25,282.50 25,263.75 25,278.00    9.25        0.04     588.00
411   2025-12-15 13:00:00  NAS100 25,275.75 25,277.50 25,249.25 25,264.00  -14.00       -0.06     845.00
412   2025-12-15 13:30:00  NAS100 25,262.25 25,279.50 25,252.75 25,274.00   10.00        0.04     825.00
413   2025-12-15 14:00:00  NAS100 25,274.25 25,282.25 25,241.75 25,246.75  -27.25       -0.11   1,034.00
414   2025-12-15 14:30:00  NAS100 25,247.00 25,258.25 25,237.75 25,253.00    6.25        0.02   1,293.00
415   2025-12-15 15:00:00  NAS100 25,253.50 25,262.50 25,230.25 25,251.50   -1.50       -0.01   1,225.00
416   2025-12-15 15:30:00  NAS100 25,248.75 25,291.25 25,247.25 25,286.25   34.75        0.14   1,350.00
417   2025-12-15 16:00:00  NAS100 25,284.75 25,321.25 25,274.75 25,314.50   28.25        0.11   1,573.00
418   2025-12-15 16:30:00  NAS100 25,315.50 25,333.50 25,313.75 25,325.00   10.50        0.04     983.00
419   2025-12-15 17:00:00  NAS100 25,324.00 25,346.00 25,316.50 25,336.00   11.00        0.04   1,186.00
420   2025-12-15 17:30:00  NAS100 25,336.00 25,341.25 25,324.00 25,338.75    2.75        0.01   1,225.00
421   2025-12-15 18:00:00  NAS100 25,337.00 25,352.25 25,328.00 25,343.75    5.00        0.02     772.00
422   2025-12-15 18:30:00  NAS100 25,346.25 25,357.50 25,344.75 25,354.75   11.00        0.04   1,014.00
423   2025-12-15 19:00:00  NAS100 25,354.50 25,354.50 25,324.00 25,332.25  -22.50       -0.09   1,458.00
424   2025-12-15 19:30:00  NAS100 25,332.75 25,361.50 25,331.00 25,352.75   20.50        0.08   1,690.00
425   2025-12-15 20:00:00  NAS100 25,351.25 25,356.25 25,336.25 25,348.00   -4.75       -0.02   1,429.00
426   2025-12-15 20:30:00  NAS100 25,350.75 25,383.50 25,348.00 25,380.75   32.75        0.13   4,267.00
427   2025-12-15 21:00:00  NAS100 25,380.00 25,409.50 25,372.00 25,408.50   27.75        0.11   5,951.00
428   2025-12-15 21:30:00  NAS100 25,408.00 25,410.00 25,213.75 25,223.75 -184.75       -0.73  32,403.00
429   2025-12-15 22:00:00  NAS100 25,225.75 25,235.75 25,033.25 25,068.25 -155.50       -0.62  30,471.00
430   2025-12-15 22:30:00  NAS100 25,068.75 25,196.25 25,055.00 25,153.00   84.75        0.34  21,204.00
431   2025-12-15 23:00:00  NAS100 25,154.25 25,266.75 25,121.25 25,254.00  101.00        0.40  14,604.00
432   2025-12-15 23:30:00  NAS100 25,255.25 25,260.75 25,119.00 25,162.50  -91.50       -0.36  15,680.00
433   2025-12-16 00:00:00  NAS100 25,161.00 25,178.25 25,129.00 25,149.75  -12.75       -0.05   7,640.00
434   2025-12-16 00:30:00  NAS100 25,149.50 25,187.75 25,084.25 25,131.25  -18.50       -0.07  10,572.00
435   2025-12-16 01:00:00  NAS100 25,130.00 25,163.75 25,084.50 25,098.00  -33.25       -0.13   8,923.00
436   2025-12-16 01:30:00  NAS100 25,098.75 25,169.50 25,080.25 25,152.50   54.50        0.22   8,396.00
437   2025-12-16 02:00:00  NAS100 25,152.50 25,181.50 25,124.00 25,136.00  -16.50       -0.07   7,998.00
438   2025-12-16 02:30:00  NAS100 25,137.00 25,154.50 25,106.25 25,150.00   14.00        0.06   6,779.00
439   2025-12-16 03:00:00  NAS100 25,149.50 25,157.25 25,106.75 25,120.00  -30.00       -0.12   7,344.00
440   2025-12-16 03:30:00  NAS100 25,120.50 25,126.75 25,082.50 25,084.25  -35.75       -0.14  14,858.00
441   2025-12-16 04:00:00  NAS100 25,085.00 25,107.50 25,077.00 25,086.00    1.75        0.01   3,661.00
442   2025-12-16 04:30:00  NAS100 25,086.75 25,103.00 25,086.75 25,101.50   15.50        0.06   1,053.00
443   2025-12-16 06:00:00  NAS100 25,345.75 25,373.25 25,334.00 25,341.25  239.75        0.96   1,665.00
444   2025-12-16 06:30:00  NAS100 25,341.75 25,343.75 25,280.25 25,306.25  -35.00       -0.14   2,706.00
445   2025-12-16 07:00:00  NAS100 25,307.25 25,317.50 25,239.75 25,283.25  -23.00       -0.09   4,158.00
446   2025-12-16 07:30:00  NAS100 25,283.75 25,294.25 25,244.75 25,252.50  -30.75       -0.12   2,481.00
447   2025-12-16 08:00:00  NAS100 25,252.50 25,262.75 25,230.50 25,243.25   -9.25       -0.04   2,284.00
448   2025-12-16 08:30:00  NAS100 25,242.00 25,251.25 25,112.50 25,153.00  -90.25       -0.36   7,341.00
449   2025-12-16 09:00:00  NAS100 25,152.50 25,184.50 25,126.00 25,176.50   23.50        0.09   2,566.00
450   2025-12-16 09:30:00  NAS100 25,175.75 25,179.00 25,137.50 25,149.75  -26.75       -0.11   2,698.00
451   2025-12-16 10:00:00  NAS100 25,150.25 25,165.75 25,118.25 25,131.25  -18.50       -0.07   2,282.00
452   2025-12-16 10:30:00  NAS100 25,131.25 25,169.00 25,103.50 25,160.75   29.50        0.12   2,443.00
453   2025-12-16 11:00:00  NAS100 25,160.00 25,163.75 25,122.00 25,152.25   -8.50       -0.03   1,581.00
454   2025-12-16 11:30:00  NAS100 25,152.00 25,175.50 25,149.00 25,164.50   12.25        0.05   1,273.00
455   2025-12-16 12:00:00  NAS100 25,164.00 25,165.00 25,138.00 25,141.50  -23.00       -0.09   1,613.00
456   2025-12-16 12:30:00  NAS100 25,140.75 25,142.25 25,104.75 25,112.50  -29.00       -0.12   2,256.00
457   2025-12-16 13:00:00  NAS100 25,114.00 25,136.00 25,104.00 25,122.00    9.50        0.04   2,246.00
458   2025-12-16 13:30:00  NAS100 25,122.75 25,133.75 25,109.00 25,133.00   11.00        0.04   1,250.00
459   2025-12-16 14:00:00  NAS100 25,133.75 25,146.75 25,124.00 25,136.25    3.25        0.01   1,438.00
460   2025-12-16 14:30:00  NAS100 25,135.75 25,136.25 25,073.25 25,127.50   -8.75       -0.03   3,770.00
461   2025-12-16 15:00:00  NAS100 25,128.00 25,188.25 25,126.25 25,184.00   56.50        0.22   4,076.00
462   2025-12-16 15:30:00  NAS100 25,182.75 25,211.75 25,167.75 25,203.50   19.50        0.08   2,946.00
463   2025-12-16 16:00:00  NAS100 25,204.00 25,231.50 25,188.50 25,213.25    9.75        0.04   2,364.00
464   2025-12-16 16:30:00  NAS100 25,213.50 25,227.00 25,165.75 25,182.50  -30.75       -0.12   2,686.00
465   2025-12-16 17:00:00  NAS100 25,182.00 25,237.75 25,168.00 25,234.75   52.25        0.21   2,054.00
466   2025-12-16 17:30:00  NAS100 25,236.50 25,274.50 25,221.50 25,247.00   12.25        0.05   2,317.00
467   2025-12-16 18:00:00  NAS100 25,246.00 25,256.75 25,237.00 25,249.00    2.00        0.01   1,035.00
468   2025-12-16 18:30:00  NAS100 25,250.00 25,294.00 25,238.75 25,293.00   44.00        0.17   2,205.00
469   2025-12-16 19:00:00  NAS100 25,294.00 25,320.25 25,280.50 25,309.50   16.50        0.07   2,759.00
470   2025-12-16 19:30:00  NAS100 25,309.75 25,324.25 25,294.75 25,298.00  -11.50       -0.05   2,919.00
471   2025-12-16 20:00:00  NAS100 25,298.00 25,317.25 25,263.25 25,288.25   -9.75       -0.04   4,767.00
472   2025-12-16 20:30:00  NAS100 25,289.50 25,386.50 25,240.75 25,252.00  -36.25       -0.14  17,294.00
473   2025-12-16 21:00:00  NAS100 25,252.50 25,290.50 25,225.00 25,232.00  -20.00       -0.08  11,676.00
474   2025-12-16 21:30:00  NAS100 25,232.00 25,398.75 25,205.25 25,393.50  161.50        0.64  66,957.00
475   2025-12-16 22:00:00  NAS100 25,394.50 25,409.00 25,178.75 25,241.00 -152.50       -0.60  49,080.00
476   2025-12-16 22:30:00  NAS100 25,241.75 25,340.00 25,193.75 25,321.75   80.75        0.32  39,640.00
477   2025-12-16 23:00:00  NAS100 25,322.00 25,344.00 25,212.75 25,233.00  -88.75       -0.35  31,247.00
478   2025-12-16 23:30:00  NAS100 25,232.25 25,340.25 25,214.25 25,335.50  102.50        0.41  30,538.00
479   2025-12-17 00:00:00  NAS100 25,335.75 25,355.00 25,257.50 25,272.25  -63.25       -0.25  27,038.00
480   2025-12-17 00:30:00  NAS100 25,272.75 25,319.75 25,192.50 25,200.50  -71.75       -0.28  26,394.00
481   2025-12-17 01:00:00  NAS100 25,200.50 25,234.75 25,171.75 25,203.50    3.00        0.01  25,231.00
482   2025-12-17 01:30:00  NAS100 25,203.25 25,350.25 25,201.75 25,316.25  112.75        0.45  27,658.00
483   2025-12-17 02:00:00  NAS100 25,315.75 25,317.00 25,224.75 25,280.75  -35.50       -0.14  24,207.00
484   2025-12-17 02:30:00  NAS100 25,280.25 25,349.25 25,272.50 25,318.50   37.75        0.15  20,384.00
485   2025-12-17 03:00:00  NAS100 25,318.25 25,375.50 25,310.50 25,373.50   55.00        0.22  16,769.00
486   2025-12-17 03:30:00  NAS100 25,373.25 25,444.00 25,371.50 25,372.25   -1.25       -0.00  38,005.00
487   2025-12-17 04:00:00  NAS100 25,372.75 25,376.00 25,308.00 25,323.50  -48.75       -0.19  14,463.00
488   2025-12-17 04:30:00  NAS100 25,324.50 25,342.25 25,317.50 25,321.50   -2.00       -0.01   2,710.00
489   2025-12-17 06:00:00  NAS100 25,332.00 25,356.00 25,294.25 25,336.75   15.25        0.06   2,545.00
490   2025-12-17 06:30:00  NAS100 25,336.50 25,363.00 25,310.00 25,316.00  -20.75       -0.08   1,911.00
491   2025-12-17 07:00:00  NAS100 25,315.00 25,316.50 25,264.50 25,297.50  -18.50       -0.07   3,636.00
492   2025-12-17 07:30:00  NAS100 25,296.50 25,327.75 25,281.25 25,305.25    7.75        0.03   2,624.00
493   2025-12-17 08:00:00  NAS100 25,306.75 25,354.50 25,306.75 25,333.25   28.00        0.11   3,168.00
494   2025-12-17 08:30:00  NAS100 25,332.00 25,359.50 25,311.25 25,357.00   23.75        0.09   2,192.00
495   2025-12-17 09:00:00  NAS100 25,357.25 25,359.75 25,328.00 25,358.50    1.50        0.01   2,607.00
496   2025-12-17 09:30:00  NAS100 25,358.25 25,374.00 25,346.75 25,362.75    4.25        0.02   1,928.00
497   2025-12-17 10:00:00  NAS100 25,360.00 25,380.25 25,358.00 25,372.50    9.75        0.04   1,308.00
498   2025-12-17 10:30:00  NAS100 25,372.00 25,375.75 25,341.25 25,349.25  -23.25       -0.09   1,394.00
499   2025-12-17 11:00:00  NAS100 25,351.50 25,366.50 25,327.50 25,336.25  -13.00       -0.05   1,329.00
500   2025-12-17 11:30:00  NAS100 25,335.75 25,340.25 25,310.50 25,313.25  -23.00       -0.09   1,668.00
501   2025-12-17 12:00:00  NAS100 25,312.00 25,330.00 25,291.75 25,309.00   -4.25       -0.02   2,046.00
502   2025-12-17 12:30:00  NAS100 25,309.50 25,357.25 25,308.00 25,353.00   44.00        0.17   1,757.00
503   2025-12-17 13:00:00  NAS100 25,352.25 25,413.00 25,351.50 25,402.50   49.50        0.20   3,046.00
504   2025-12-17 13:30:00  NAS100 25,401.75 25,417.75 25,391.00 25,395.75   -6.75       -0.03   1,559.00
505   2025-12-17 14:00:00  NAS100 25,394.25 25,432.25 25,381.25 25,405.25    9.50        0.04   3,019.00
506   2025-12-17 14:30:00  NAS100 25,403.25 25,429.00 25,397.25 25,412.75    7.50        0.03   1,498.00
507   2025-12-17 15:00:00  NAS100 25,412.75 25,420.00 25,388.25 25,411.50   -1.25       -0.00   2,979.00
508   2025-12-17 15:30:00  NAS100 25,411.50 25,436.50 25,398.00 25,415.75    4.25        0.02   2,397.00
509   2025-12-17 16:00:00  NAS100 25,415.25 25,445.25 25,401.75 25,433.00   17.25        0.07   2,943.00
510   2025-12-17 16:30:00  NAS100 25,431.75 25,470.00 25,427.50 25,463.50   30.50        0.12   2,296.00
511   2025-12-17 17:00:00  NAS100 25,462.75 25,483.00 25,455.00 25,469.50    6.00        0.02   2,117.00
512   2025-12-17 17:30:00  NAS100 25,471.75 25,491.75 25,461.25 25,482.75   13.25        0.05   2,548.00
513   2025-12-17 18:00:00  NAS100 25,483.50 25,499.00 25,467.25 25,475.75   -7.00       -0.03   1,951.00
514   2025-12-17 18:30:00  NAS100 25,474.75 25,497.00 25,474.75 25,494.75   19.00        0.07   1,610.00
515   2025-12-17 19:00:00  NAS100 25,494.25 25,498.50 25,474.00 25,477.50  -17.25       -0.07   1,982.00
516   2025-12-17 19:30:00  NAS100 25,477.50 25,508.50 25,475.75 25,486.75    9.25        0.04   2,566.00
517   2025-12-17 20:00:00  NAS100 25,486.75 25,497.00 25,395.00 25,444.75  -42.00       -0.16  12,140.00
518   2025-12-17 20:30:00  NAS100 25,444.00 25,493.00 25,421.00 25,464.50   19.75        0.08  10,993.00
519   2025-12-17 21:00:00  NAS100 25,464.75 25,482.00 25,416.50 25,422.00  -42.50       -0.17   9,205.00
520   2025-12-17 21:30:00  NAS100 25,422.50 25,447.75 25,245.50 25,332.75  -89.25       -0.35  83,597.00
521   2025-12-17 22:00:00  NAS100 25,332.50 25,345.75 25,277.25 25,318.50  -14.25       -0.06  49,375.00
522   2025-12-17 22:30:00  NAS100 25,317.75 25,331.50 25,034.25 25,059.50 -259.00       -1.02  74,078.00
523   2025-12-17 23:00:00  NAS100 25,058.25 25,122.50 25,009.00 25,068.25    8.75        0.03  55,505.00
524   2025-12-17 23:30:00  NAS100 25,068.00 25,068.00 24,985.00 25,034.50  -33.75       -0.13  44,953.00
525   2025-12-18 00:00:00  NAS100 25,035.25 25,079.50 24,981.75 25,042.50    8.00        0.03  36,508.00
526   2025-12-18 00:30:00  NAS100 25,043.00 25,085.00 24,984.50 25,022.00  -20.50       -0.08  28,553.00
527   2025-12-18 01:00:00  NAS100 25,022.25 25,078.00 24,991.25 25,010.50  -11.50       -0.05  21,432.00
528   2025-12-18 01:30:00  NAS100 25,010.25 25,017.25 24,933.75 24,957.75  -52.75       -0.21  24,803.00
529   2025-12-18 02:00:00  NAS100 24,956.50 24,969.75 24,934.75 24,941.25  -16.50       -0.07  17,955.00
530   2025-12-18 02:30:00  NAS100 24,941.25 24,985.50 24,922.00 24,975.50   34.25        0.14  19,646.00
531   2025-12-18 03:00:00  NAS100 24,975.00 24,983.25 24,940.00 24,955.50  -20.00       -0.08  15,031.00
532   2025-12-18 03:30:00  NAS100 24,955.00 24,974.00 24,887.75 24,892.25  -63.25       -0.25  38,544.00
533   2025-12-18 04:00:00  NAS100 24,892.50 24,995.75 24,891.50 24,954.75   62.50        0.25  18,750.00
534   2025-12-18 04:30:00  NAS100 24,955.50 24,974.00 24,941.00 24,951.75   -3.00       -0.01   4,386.00
535   2025-12-18 06:00:00  NAS100 24,983.50 24,999.00 24,932.75 24,955.25    3.50        0.01   3,284.00
536   2025-12-18 06:30:00  NAS100 24,956.00 24,977.50 24,925.00 24,932.00  -23.25       -0.09   2,303.00
537   2025-12-18 07:00:00  NAS100 24,933.50 24,984.00 24,901.25 24,956.25   24.25        0.10   5,034.00
538   2025-12-18 07:30:00  NAS100 24,955.75 24,998.00 24,943.25 24,987.00   30.75        0.12   2,659.00
539   2025-12-18 08:00:00  NAS100 24,987.75 24,993.75 24,959.25 24,980.25   -6.75       -0.03   2,631.00
540   2025-12-18 08:30:00  NAS100 24,980.00 24,996.75 24,950.50 24,962.25  -18.00       -0.07   2,646.00
541   2025-12-18 09:00:00  NAS100 24,965.00 25,012.25 24,956.75 24,973.25   11.00        0.04   3,547.00
542   2025-12-18 09:30:00  NAS100 24,971.25 24,994.50 24,959.50 24,970.25   -3.00       -0.01   1,897.00
543   2025-12-18 10:00:00  NAS100 24,969.75 24,972.00 24,902.25 24,913.00  -57.25       -0.23   3,340.00
544   2025-12-18 10:30:00  NAS100 24,913.50 24,951.25 24,908.50 24,941.00   28.00        0.11   1,995.00
545   2025-12-18 11:00:00  NAS100 24,941.50 24,968.25 24,938.75 24,963.75   22.75        0.09   1,786.00
546   2025-12-18 11:30:00  NAS100 24,963.25 24,991.00 24,961.75 24,988.00   24.25        0.10   1,518.00
547   2025-12-18 12:00:00  NAS100 24,986.75 24,994.50 24,965.50 24,972.00  -16.00       -0.06   1,418.00
548   2025-12-18 12:30:00  NAS100 24,972.50 24,992.75 24,969.50 24,985.25   13.25        0.05   1,474.00
549   2025-12-18 13:00:00  NAS100 24,984.75 24,991.25 24,971.25 24,984.75   -0.50       -0.00   1,289.00
550   2025-12-18 13:30:00  NAS100 24,981.50 24,990.50 24,953.75 24,983.00   -1.75       -0.01   1,934.00
551   2025-12-18 14:00:00  NAS100 24,984.00 25,039.75 24,982.50 25,034.75   51.75        0.21   5,124.00
552   2025-12-18 14:30:00  NAS100 25,034.00 25,041.25 25,023.00 25,031.75   -3.00       -0.01   1,630.00
553   2025-12-18 15:00:00  NAS100 25,030.25 25,047.00 25,008.25 25,018.50  -13.25       -0.05   3,026.00
554   2025-12-18 15:30:00  NAS100 25,020.25 25,073.00 25,017.00 25,055.25   36.75        0.15   3,395.00
555   2025-12-18 16:00:00  NAS100 25,055.00 25,065.75 25,031.00 25,049.00   -6.25       -0.02   2,448.00
556   2025-12-18 16:30:00  NAS100 25,048.50 25,097.25 25,048.50 25,096.50   47.50        0.19   2,766.00
557   2025-12-18 17:00:00  NAS100 25,096.75 25,098.75 25,065.50 25,084.25  -12.25       -0.05   1,669.00
558   2025-12-18 17:30:00  NAS100 25,084.75 25,099.50 25,069.75 25,079.25   -5.00       -0.02   1,862.00
559   2025-12-18 18:00:00  NAS100 25,079.00 25,102.50 25,074.50 25,087.75    8.50        0.03   1,755.00
560   2025-12-18 18:30:00  NAS100 25,086.00 25,104.00 25,080.75 25,100.00   12.25        0.05   1,680.00
561   2025-12-18 19:00:00  NAS100 25,101.50 25,114.50 25,090.00 25,095.50   -4.50       -0.02   2,548.00
562   2025-12-18 19:30:00  NAS100 25,096.00 25,109.00 25,085.00 25,093.75   -1.75       -0.01   2,693.00
563   2025-12-18 20:00:00  NAS100 25,094.75 25,119.75 25,064.75 25,114.25   20.50        0.08   5,988.00
564   2025-12-18 20:30:00  NAS100 25,114.75 25,264.00 25,107.50 25,223.00  108.75        0.43  25,954.00
565   2025-12-18 21:00:00  NAS100 25,221.50 25,285.00 25,220.00 25,279.50   56.50        0.22  13,017.00
566   2025-12-18 21:30:00  NAS100 25,278.75 25,329.50 25,161.25 25,277.50   -2.00       -0.01  88,200.00
567   2025-12-18 22:00:00  NAS100 25,277.50 25,337.75 25,174.75 25,323.50   46.00        0.18  60,006.00
568   2025-12-18 22:30:00  NAS100 25,323.50 25,407.25 25,308.75 25,365.75   42.25        0.17  47,199.00
569   2025-12-18 23:00:00  NAS100 25,366.25 25,412.50 25,343.25 25,353.00  -12.75       -0.05  32,753.00
570   2025-12-18 23:30:00  NAS100 25,353.00 25,412.00 25,350.75 25,386.50   33.50        0.13  24,229.00
571   2025-12-19 00:00:00  NAS100 25,386.75 25,386.75 25,184.50 25,229.50 -157.00       -0.62  59,278.00
572   2025-12-19 00:30:00  NAS100 25,229.00 25,361.75 25,215.25 25,355.25  125.75        0.50  38,200.00
573   2025-12-19 01:00:00  NAS100 25,355.50 25,376.25 25,317.25 25,362.50    7.25        0.03  22,311.00
574   2025-12-19 01:30:00  NAS100 25,362.75 25,402.25 25,333.25 25,338.50  -24.00       -0.09  24,865.00
575   2025-12-19 02:00:00  NAS100 25,338.00 25,340.00 25,254.00 25,278.75  -59.75       -0.24  33,927.00
576   2025-12-19 02:30:00  NAS100 25,278.00 25,284.00 25,193.75 25,208.25  -70.50       -0.28  31,940.00
577   2025-12-19 03:00:00  NAS100 25,208.50 25,315.25 25,192.50 25,307.75   99.50        0.39  26,969.00
578   2025-12-19 03:30:00  NAS100 25,307.75 25,343.50 25,248.00 25,251.75  -56.00       -0.22  40,509.00
579   2025-12-19 04:00:00  NAS100 25,252.00 25,257.25 25,203.75 25,217.50  -34.25       -0.14  13,231.00
580   2025-12-19 04:30:00  NAS100 25,217.50 25,223.00 25,196.50 25,219.00    1.50        0.01   3,083.00
581   2025-12-19 06:00:00  NAS100 25,240.00 25,253.00 25,209.75 25,226.00    7.00        0.03   3,212.00
582   2025-12-19 06:30:00  NAS100 25,226.00 25,257.50 25,220.00 25,257.00   31.00        0.12   2,348.00
583   2025-12-19 07:00:00  NAS100 25,257.25 25,266.50 25,223.00 25,236.50  -20.50       -0.08   3,131.00
584   2025-12-19 07:30:00  NAS100 25,237.25 25,251.75 25,220.50 25,243.25    6.75        0.03   2,015.00
585   2025-12-19 08:00:00  NAS100 25,244.00 25,245.50 25,213.00 25,232.75  -10.50       -0.04   2,184.00
586   2025-12-19 08:30:00  NAS100 25,232.00 25,277.25 25,211.25 25,266.75   34.00        0.13   3,944.00
587   2025-12-19 09:00:00  NAS100 25,266.25 25,279.50 25,250.75 25,272.00    5.25        0.02   2,208.00
588   2025-12-19 09:30:00  NAS100 25,273.00 25,286.75 25,250.00 25,251.75  -20.25       -0.08   2,276.00
589   2025-12-19 10:00:00  NAS100 25,251.00 25,314.75 25,236.00 25,290.25   38.50        0.15   3,875.00
590   2025-12-19 10:30:00  NAS100 25,289.75 25,321.75 25,280.00 25,307.00   16.75        0.07   2,554.00
591   2025-12-19 11:00:00  NAS100 25,308.00 25,318.25 25,290.00 25,299.50   -7.50       -0.03   1,623.00
592   2025-12-19 11:30:00  NAS100 25,297.00 25,312.75 25,286.25 25,306.25    6.75        0.03   1,405.00
593   2025-12-19 12:00:00  NAS100 25,305.25 25,309.25 25,282.00 25,297.50   -8.75       -0.03   1,352.00
594   2025-12-19 12:30:00  NAS100 25,298.00 25,312.75 25,288.25 25,291.75   -5.75       -0.02   1,258.00
595   2025-12-19 13:00:00  NAS100 25,291.75 25,305.25 25,281.25 25,287.75   -4.00       -0.02   1,432.00
596   2025-12-19 13:30:00  NAS100 25,286.75 25,298.50 25,266.75 25,298.25   10.50        0.04   1,836.00
597   2025-12-19 14:00:00  NAS100 25,299.00 25,372.50 25,298.50 25,350.25   52.00        0.21   4,197.00
598   2025-12-19 14:30:00  NAS100 25,349.75 25,350.75 25,321.25 25,348.25   -2.00       -0.01   1,903.00
599   2025-12-19 15:00:00  NAS100 25,346.25 25,380.50 25,340.75 25,347.00   -1.25       -0.00   3,640.00
600   2025-12-19 15:30:00  NAS100 25,345.50 25,387.25 25,345.25 25,370.50   23.50        0.09   2,658.00
601   2025-12-19 16:00:00  NAS100 25,370.00 25,391.25 25,355.50 25,388.25   17.75        0.07   2,451.00
602   2025-12-19 16:30:00  NAS100 25,389.25 25,393.50 25,370.75 25,383.75   -4.50       -0.02   1,628.00
603   2025-12-19 17:00:00  NAS100 25,383.25 25,383.50 25,354.00 25,373.75  -10.00       -0.04   2,253.00
604   2025-12-19 17:30:00  NAS100 25,372.25 25,382.50 25,355.00 25,361.00  -12.75       -0.05   1,770.00
605   2025-12-19 18:00:00  NAS100 25,360.50 25,362.75 25,315.50 25,355.00   -6.00       -0.02   3,247.00
606   2025-12-19 18:30:00  NAS100 25,356.00 25,365.00 25,331.50 25,340.75  -14.25       -0.06   1,837.00
607   2025-12-19 19:00:00  NAS100 25,341.75 25,356.75 25,313.25 25,332.25   -8.50       -0.03   3,910.00
608   2025-12-19 19:30:00  NAS100 25,332.25 25,340.50 25,279.00 25,280.25  -52.00       -0.21   3,782.00
609   2025-12-19 20:00:00  NAS100 25,280.25 25,318.25 25,273.75 25,314.00   33.75        0.13   4,406.00
610   2025-12-19 20:30:00  NAS100 25,313.50 25,339.75 25,292.25 25,323.50    9.50        0.04   6,287.00
611   2025-12-19 21:00:00  NAS100 25,323.00 25,383.25 25,298.25 25,362.00   38.50        0.15  17,789.00
612   2025-12-19 21:30:00  NAS100 25,361.25 25,573.00 25,357.00 25,560.25  198.25        0.78  87,151.00
613   2025-12-19 22:00:00  NAS100 25,558.75 25,600.25 25,465.25 25,508.75  -51.50       -0.20  46,929.00
614   2025-12-19 22:30:00  NAS100 25,509.00 25,554.50 25,468.50 25,483.00  -25.75       -0.10  35,003.00
615   2025-12-19 23:00:00  NAS100 25,483.00 25,560.50 25,460.00 25,540.75   57.75        0.23  28,836.00
616   2025-12-19 23:30:00  NAS100 25,542.00 25,565.00 25,494.75 25,505.25  -35.50       -0.14  27,926.00
617   2025-12-20 00:00:00  NAS100 25,505.25 25,580.00 25,502.00 25,575.25   70.00        0.27  21,866.00
618   2025-12-20 00:30:00  NAS100 25,575.00 25,597.50 25,557.50 25,578.25    3.00        0.01  18,519.00
619   2025-12-20 01:00:00  NAS100 25,577.75 25,592.00 25,567.25 25,574.25   -4.00       -0.02  14,069.00
620   2025-12-20 01:30:00  NAS100 25,574.50 25,579.25 25,543.75 25,551.75  -22.50       -0.09  13,857.00
621   2025-12-20 02:00:00  NAS100 25,551.50 25,583.50 25,550.50 25,577.75   26.00        0.10  10,563.00
622   2025-12-20 02:30:00  NAS100 25,577.50 25,589.50 25,568.50 25,569.00   -8.75       -0.03  10,009.00
623   2025-12-20 03:00:00  NAS100 25,569.50 25,588.25 25,567.50 25,582.50   13.50        0.05  11,883.00
624   2025-12-20 03:30:00  NAS100 25,582.25 25,593.00 25,549.75 25,580.75   -1.75       -0.01  43,242.00
625   2025-12-20 04:00:00  NAS100 25,580.75 25,595.75 25,568.00 25,587.50    6.75        0.03  13,756.00
626   2025-12-20 04:30:00  NAS100 25,587.25 25,599.25 25,583.50 25,597.50   10.00        0.04   3,565.00
627   2025-12-22 06:00:00  NAS100 25,635.25 25,668.00 25,632.25 25,647.75   50.25        0.20   5,286.00
628   2025-12-22 06:30:00  NAS100 25,647.00 25,675.00 25,645.00 25,668.50   20.75        0.08   2,542.00
629   2025-12-22 07:00:00  NAS100 25,669.50 25,682.75 25,645.00 25,652.00  -16.50       -0.06   3,185.00
630   2025-12-22 07:30:00  NAS100 25,651.00 25,665.75 25,650.75 25,654.75    2.75        0.01   2,154.00
631   2025-12-22 08:00:00  NAS100 25,654.75 25,693.75 25,653.75 25,689.25   34.50        0.13   2,744.00
632   2025-12-22 08:30:00  NAS100 25,689.75 25,697.00 25,685.00 25,688.75   -0.50       -0.00   1,594.00
633   2025-12-22 09:00:00  NAS100 25,689.00 25,695.00 25,680.75 25,692.00    3.25        0.01   1,465.00
634   2025-12-22 09:30:00  NAS100 25,691.25 25,698.50 25,685.50 25,695.50    3.50        0.01   1,116.00
635   2025-12-22 10:00:00  NAS100 25,695.75 25,699.25 25,676.50 25,679.00  -16.50       -0.06   1,563.00
636   2025-12-22 10:30:00  NAS100 25,679.00 25,683.25 25,673.50 25,678.75   -0.25       -0.00   1,071.00
637   2025-12-22 11:00:00  NAS100 25,679.00 25,687.00 25,672.00 25,680.25    1.50        0.01   1,178.00
638   2025-12-22 11:30:00  NAS100 25,681.25 25,691.25 25,677.75 25,681.25    1.00        0.00     828.00
639   2025-12-22 12:00:00  NAS100 25,680.25 25,682.50 25,663.00 25,664.75  -16.50       -0.06   1,387.00
640   2025-12-22 12:30:00  NAS100 25,664.75 25,679.75 25,662.25 25,674.50    9.75        0.04     838.00
641   2025-12-22 13:00:00  NAS100 25,674.25 25,687.75 25,674.00 25,681.50    7.00        0.03     825.00
642   2025-12-22 13:30:00  NAS100 25,681.00 25,699.00 25,678.00 25,690.00    8.50        0.03     998.00
643   2025-12-22 14:00:00  NAS100 25,690.25 25,711.00 25,688.75 25,700.25   10.25        0.04   1,500.00
644   2025-12-22 14:30:00  NAS100 25,699.25 25,708.00 25,693.25 25,702.25    2.00        0.01     893.00
645   2025-12-22 15:00:00  NAS100 25,703.00 25,716.50 25,696.00 25,706.50    4.25        0.02   1,602.00
646   2025-12-22 15:30:00  NAS100 25,706.50 25,710.25 25,681.00 25,687.75  -18.75       -0.07   1,853.00
647   2025-12-22 16:00:00  NAS100 25,687.50 25,716.00 25,683.25 25,711.00   23.25        0.09   1,955.00
648   2025-12-22 16:30:00  NAS100 25,710.50 25,725.75 25,708.00 25,712.50    1.50        0.01   1,420.00
649   2025-12-22 17:00:00  NAS100 25,712.50 25,720.50 25,707.00 25,713.25    0.75        0.00     926.00
650   2025-12-22 17:30:00  NAS100 25,714.00 25,716.25 25,706.00 25,707.25   -6.00       -0.02     657.00
651   2025-12-22 18:00:00  NAS100 25,707.75 25,719.25 25,704.00 25,716.75    9.50        0.04   1,140.00
652   2025-12-22 18:30:00  NAS100 25,715.75 25,718.25 25,698.50 25,699.75  -17.00       -0.07   1,573.00
653   2025-12-22 19:00:00  NAS100 25,700.25 25,731.00 25,696.25 25,727.50   27.75        0.11   2,611.00
654   2025-12-22 19:30:00  NAS100 25,728.00 25,740.25 25,720.00 25,736.75    9.25        0.04   2,444.00
655   2025-12-22 20:00:00  NAS100 25,736.75 25,757.00 25,732.25 25,749.25   12.50        0.05   3,392.00
656   2025-12-22 20:30:00  NAS100 25,749.50 25,754.00 25,730.75 25,752.50    3.25        0.01   3,858.00
657   2025-12-22 21:00:00  NAS100 25,753.00 25,785.25 25,749.50 25,780.50   28.00        0.11   8,609.00
658   2025-12-22 21:30:00  NAS100 25,780.75 25,794.75 25,672.25 25,748.00  -32.50       -0.13  67,433.00
659   2025-12-22 22:00:00  NAS100 25,747.00 25,754.75 25,674.50 25,687.75  -60.25       -0.23  35,446.00
660   2025-12-22 22:30:00  NAS100 25,688.50 25,696.75 25,628.00 25,674.50  -13.25       -0.05  31,635.00
661   2025-12-22 23:00:00  NAS100 25,674.25 25,721.25 25,672.50 25,711.75   37.25        0.15  20,698.00
662   2025-12-22 23:30:00  NAS100 25,711.75 25,714.75 25,689.50 25,714.75    3.00        0.01  17,732.00
663   2025-12-23 00:00:00  NAS100 25,715.00 25,718.75 25,695.25 25,699.00  -15.75       -0.06  13,147.00
664   2025-12-23 00:30:00  NAS100 25,699.00 25,727.25 25,686.50 25,721.00   22.00        0.09  17,634.00
665   2025-12-23 01:00:00  NAS100 25,721.25 25,722.25 25,673.00 25,688.50  -32.50       -0.13  17,946.00
666   2025-12-23 01:30:00  NAS100 25,688.50 25,700.00 25,679.00 25,689.50    1.00        0.00  11,491.00
667   2025-12-23 02:00:00  NAS100 25,689.75 25,701.25 25,676.25 25,699.50   10.00        0.04  12,239.00
668   2025-12-23 02:30:00  NAS100 25,699.50 25,712.25 25,689.50 25,690.50   -9.00       -0.04  10,667.00
669   2025-12-23 03:00:00  NAS100 25,690.75 25,695.00 25,679.25 25,688.25   -2.25       -0.01  10,500.00
670   2025-12-23 03:30:00  NAS100 25,688.50 25,703.50 25,681.25 25,688.25    0.00        0.00  23,226.00
671   2025-12-23 04:00:00  NAS100 25,688.25 25,706.50 25,688.00 25,695.00    6.75        0.03   6,756.00
672   2025-12-23 04:30:00  NAS100 25,694.75 25,702.00 25,693.50 25,700.25    5.25        0.02   1,457.00
673   2025-12-23 06:00:00  NAS100 25,701.00 25,717.00 25,700.50 25,714.25   14.00        0.05   1,366.00
674   2025-12-23 06:30:00  NAS100 25,714.50 25,722.50 25,708.00 25,714.25    0.00        0.00   1,071.00
675   2025-12-23 07:00:00  NAS100 25,713.50 25,720.50 25,709.00 25,716.50    2.25        0.01     952.00
676   2025-12-23 07:30:00  NAS100 25,715.00 25,724.25 25,710.25 25,722.00    5.50        0.02     881.00
677   2025-12-23 08:00:00  NAS100 25,722.50 25,730.00 25,709.00 25,710.75  -11.25       -0.04   1,530.00
678   2025-12-23 08:30:00  NAS100 25,710.25 25,721.50 25,695.00 25,710.50   -0.25       -0.00   1,852.00
679   2025-12-23 09:00:00  NAS100 25,710.75 25,738.75 25,709.25 25,725.00   14.50        0.06   1,967.00
680   2025-12-23 09:30:00  NAS100 25,725.75 25,731.75 25,710.25 25,723.00   -2.00       -0.01   1,672.00
681   2025-12-23 10:00:00  NAS100 25,723.50 25,731.50 25,715.25 25,717.75   -5.25       -0.02   1,198.00
682   2025-12-23 10:30:00  NAS100 25,718.75 25,722.00 25,708.25 25,712.25   -5.50       -0.02     718.00
683   2025-12-23 11:00:00  NAS100 25,711.25 25,713.50 25,700.50 25,703.25   -9.00       -0.04     935.00
684   2025-12-23 11:30:00  NAS100 25,703.00 25,706.50 25,683.00 25,688.75  -14.50       -0.06   1,138.00
685   2025-12-23 12:00:00  NAS100 25,687.75 25,698.50 25,680.00 25,695.50    6.75        0.03   1,178.00
686   2025-12-23 12:30:00  NAS100 25,696.50 25,697.00 25,677.50 25,677.75  -17.75       -0.07     778.00
687   2025-12-23 13:00:00  NAS100 25,677.25 25,681.25 25,656.25 25,657.75  -20.00       -0.08   1,433.00
688   2025-12-23 13:30:00  NAS100 25,658.00 25,670.50 25,653.25 25,667.75   10.00        0.04   1,366.00
689   2025-12-23 14:00:00  NAS100 25,667.50 25,676.00 25,658.00 25,673.50    5.75        0.02   1,208.00
690   2025-12-23 14:30:00  NAS100 25,673.75 25,679.25 25,662.50 25,670.75   -2.75       -0.01     898.00
691   2025-12-23 15:00:00  NAS100 25,669.50 25,708.25 25,666.25 25,696.75   26.00        0.10   2,306.00
692   2025-12-23 15:30:00  NAS100 25,696.75 25,704.00 25,685.25 25,691.00   -5.75       -0.02   1,172.00
693   2025-12-23 16:00:00  NAS100 25,690.00 25,719.00 25,688.75 25,716.75   25.75        0.10   1,680.00
694   2025-12-23 16:30:00  NAS100 25,716.25 25,728.50 25,716.00 25,718.75    2.00        0.01   1,021.00
695   2025-12-23 17:00:00  NAS100 25,718.50 25,725.00 25,699.00 25,706.75  -12.00       -0.05   1,133.00
696   2025-12-23 17:30:00  NAS100 25,705.00 25,711.00 25,699.25 25,706.50   -0.25       -0.00   1,258.00
697   2025-12-23 18:00:00  NAS100 25,706.50 25,709.50 25,687.00 25,697.50   -9.00       -0.04   1,267.00
698   2025-12-23 18:30:00  NAS100 25,696.50 25,705.00 25,690.00 25,694.00   -3.50       -0.01     766.00
699   2025-12-23 19:00:00  NAS100 25,694.25 25,702.00 25,664.25 25,666.25  -27.75       -0.11   2,293.00
700   2025-12-23 19:30:00  NAS100 25,665.50 25,685.75 25,661.00 25,685.25   19.00        0.07   1,591.00
701   2025-12-23 20:00:00  NAS100 25,684.75 25,687.00 25,661.00 25,671.25  -14.00       -0.05   2,161.00
702   2025-12-23 20:30:00  NAS100 25,674.75 25,679.00 25,608.25 25,619.75  -51.50       -0.20  10,851.00
703   2025-12-23 21:00:00  NAS100 25,621.00 25,647.00 25,609.00 25,644.75   25.00        0.10   7,820.00
704   2025-12-23 21:30:00  NAS100 25,644.25 25,751.25 25,638.00 25,692.75   48.00        0.19  57,225.00
705   2025-12-23 22:00:00  NAS100 25,692.25 25,694.75 25,628.25 25,673.25  -19.50       -0.08  39,825.00
706   2025-12-23 22:30:00  NAS100 25,673.25 25,741.00 25,671.75 25,731.25   58.00        0.23  26,193.00
707   2025-12-23 23:00:00  NAS100 25,731.50 25,754.50 25,726.50 25,743.75   12.50        0.05  21,394.00
708   2025-12-23 23:30:00  NAS100 25,743.50 25,776.50 25,730.75 25,773.25   29.50        0.11  19,251.00
709   2025-12-24 00:00:00  NAS100 25,774.00 25,777.75 25,761.25 25,765.75   -7.50       -0.03  11,528.00
710   2025-12-24 00:30:00  NAS100 25,766.25 25,772.75 25,750.75 25,754.75  -11.00       -0.04  12,895.00
711   2025-12-24 01:00:00  NAS100 25,754.25 25,780.25 25,751.50 25,770.75   16.00        0.06  11,501.00
712   2025-12-24 01:30:00  NAS100 25,770.75 25,780.00 25,768.50 25,774.00    3.25        0.01   7,988.00
713   2025-12-24 02:00:00  NAS100 25,774.00 25,791.75 25,772.50 25,786.50   12.50        0.05  10,734.00
714   2025-12-24 02:30:00  NAS100 25,786.25 25,800.50 25,782.00 25,797.25   10.75        0.04   9,653.00
715   2025-12-24 03:00:00  NAS100 25,797.00 25,806.25 25,793.75 25,798.25    1.00        0.00  10,926.00
716   2025-12-24 03:30:00  NAS100 25,798.00 25,820.50 25,792.25 25,811.25   13.00        0.05  23,809.00
717   2025-12-24 04:00:00  NAS100 25,811.25 25,822.50 25,806.25 25,815.75    4.50        0.02   7,967.00
718   2025-12-24 04:30:00  NAS100 25,815.50 25,818.50 25,801.75 25,811.50   -4.25       -0.02   2,193.00
719   2025-12-24 06:00:00  NAS100 25,815.75 25,819.25 25,801.00 25,807.50   -4.00       -0.02   1,395.00
720   2025-12-24 06:30:00  NAS100 25,806.50 25,811.75 25,800.25 25,809.75    2.25        0.01     872.00
721   2025-12-24 07:00:00  NAS100 25,810.00 25,827.00 25,808.50 25,815.25    5.50        0.02   1,593.00
722   2025-12-24 07:30:00  NAS100 25,815.75 25,821.75 25,811.75 25,815.75    0.50        0.00     627.00
723   2025-12-24 08:00:00  NAS100 25,816.50 25,822.50 25,809.00 25,812.50   -3.25       -0.01     843.00
724   2025-12-24 08:30:00  NAS100 25,812.50 25,819.50 25,802.00 25,808.00   -4.50       -0.02   1,231.00
725   2025-12-24 09:00:00  NAS100 25,807.00 25,812.25 25,797.50 25,799.75   -8.25       -0.03     970.00
726   2025-12-24 09:30:00  NAS100 25,799.25 25,801.00 25,782.75 25,793.25   -6.50       -0.03   1,659.00
727   2025-12-24 10:00:00  NAS100 25,793.00 25,796.75 25,786.25 25,796.00    2.75        0.01     775.00
728   2025-12-24 10:30:00  NAS100 25,795.25 25,802.50 25,794.75 25,797.00    1.00        0.00     653.00
729   2025-12-24 11:00:00  NAS100 25,796.25 25,802.25 25,788.75 25,791.00   -6.00       -0.02     602.00
730   2025-12-24 11:30:00  NAS100 25,790.75 25,793.25 25,780.25 25,780.50  -10.50       -0.04     832.00
731   2025-12-24 12:00:00  NAS100 25,781.25 25,788.25 25,777.50 25,787.00    6.50        0.03     694.00
732   2025-12-24 12:30:00  NAS100 25,785.50 25,799.00 25,785.00 25,791.25    4.25        0.02     835.00
733   2025-12-24 13:00:00  NAS100 25,791.00 25,800.50 25,791.00 25,797.50    6.25        0.02     462.00
734   2025-12-24 13:30:00  NAS100 25,796.00 25,798.50 25,790.25 25,793.00   -4.50       -0.02     455.00
735   2025-12-24 14:00:00  NAS100 25,792.75 25,796.25 25,784.25 25,786.00   -7.00       -0.03     668.00
736   2025-12-24 14:30:00  NAS100 25,787.00 25,792.50 25,786.00 25,787.75    1.75        0.01     518.00
737   2025-12-24 15:00:00  NAS100 25,788.50 25,797.00 25,787.75 25,792.50    4.75        0.02     786.00
738   2025-12-24 15:30:00  NAS100 25,792.75 25,796.00 25,786.75 25,789.50   -3.00       -0.01     606.00
739   2025-12-24 16:00:00  NAS100 25,789.75 25,807.00 25,783.50 25,802.50   13.00        0.05   1,112.00
740   2025-12-24 16:30:00  NAS100 25,801.50 25,804.00 25,796.25 25,798.75   -3.75       -0.01     382.00
741   2025-12-24 17:00:00  NAS100 25,798.75 25,799.00 25,787.00 25,793.50   -5.25       -0.02     682.00
742   2025-12-24 17:30:00  NAS100 25,793.25 25,797.25 25,790.25 25,792.75   -0.75       -0.00     478.00
743   2025-12-24 18:00:00  NAS100 25,792.75 25,800.50 25,787.50 25,792.25   -0.50       -0.00     617.00
744   2025-12-24 18:30:00  NAS100 25,791.75 25,794.00 25,785.50 25,792.00   -0.25       -0.00     459.00
745   2025-12-24 19:00:00  NAS100 25,792.25 25,816.50 25,789.00 25,806.00   14.00        0.05   1,281.00
746   2025-12-24 19:30:00  NAS100 25,806.00 25,817.50 25,805.75 25,815.75    9.75        0.04     957.00
747   2025-12-24 20:00:00  NAS100 25,815.75 25,816.00 25,800.50 25,812.00   -3.75       -0.01   1,567.00
748   2025-12-24 20:30:00  NAS100 25,811.75 25,831.75 25,808.00 25,822.50   10.50        0.04   3,305.00
749   2025-12-24 21:00:00  NAS100 25,822.75 25,824.50 25,791.00 25,795.75  -26.75       -0.10   4,373.00
750   2025-12-24 21:30:00  NAS100 25,795.00 25,827.50 25,784.00 25,809.75   14.00        0.05  29,920.00
751   2025-12-24 22:00:00  NAS100 25,809.50 25,840.75 25,803.75 25,815.50    5.75        0.02  20,766.00
752   2025-12-24 22:30:00  NAS100 25,816.00 25,832.50 25,808.75 25,828.75   13.25        0.05  13,352.00
753   2025-12-24 23:00:00  NAS100 25,829.00 25,856.25 25,828.00 25,853.50   24.75        0.10  14,658.00
754   2025-12-24 23:30:00  NAS100 25,853.50 25,885.00 25,850.50 25,876.25   22.75        0.09  16,759.00
755   2025-12-25 00:00:00  NAS100 25,876.50 25,882.25 25,864.00 25,874.50   -1.75       -0.01  10,562.00
756   2025-12-25 00:30:00  NAS100 25,874.75 25,892.00 25,865.00 25,877.75    3.25        0.01  16,276.00
757   2025-12-25 01:00:00  NAS100 25,877.50 25,881.75 25,852.50 25,864.75  -13.00       -0.05   5,262.00
758   2025-12-26 06:00:00  NAS100 25,868.00 25,898.25 25,864.75 25,882.75   18.00        0.07   1,964.00
759   2025-12-26 06:30:00  NAS100 25,881.25 25,891.50 25,877.25 25,887.75    5.00        0.02     702.00
760   2025-12-26 07:00:00  NAS100 25,886.75 25,910.50 25,886.25 25,907.25   19.50        0.08   1,371.00
761   2025-12-26 07:30:00  NAS100 25,907.25 25,909.00 25,895.00 25,903.25   -4.00       -0.02   1,032.00
762   2025-12-26 08:00:00  NAS100 25,903.75 25,916.50 25,899.00 25,899.00   -4.25       -0.02   1,565.00
763   2025-12-26 08:30:00  NAS100 25,898.75 25,904.00 25,881.00 25,890.00   -9.00       -0.03   1,321.00
764   2025-12-26 09:00:00  NAS100 25,889.25 25,896.75 25,882.00 25,885.50   -4.50       -0.02     674.00
765   2025-12-26 09:30:00  NAS100 25,884.50 25,900.00 25,884.00 25,896.50   11.00        0.04     706.00
766   2025-12-26 10:00:00  NAS100 25,897.00 25,903.00 25,891.50 25,892.25   -4.25       -0.02     480.00
767   2025-12-26 10:30:00  NAS100 25,891.25 25,895.00 25,881.50 25,882.50   -9.75       -0.04     807.00
768   2025-12-26 11:00:00  NAS100 25,882.25 25,884.50 25,873.25 25,881.00   -1.50       -0.01     742.00
769   2025-12-26 11:30:00  NAS100 25,880.00 25,883.25 25,874.75 25,878.75   -2.25       -0.01     528.00
770   2025-12-26 12:00:00  NAS100 25,879.50 25,888.50 25,877.00 25,885.75    7.00        0.03     481.00
771   2025-12-26 12:30:00  NAS100 25,885.25 25,885.25 25,871.00 25,876.25   -9.50       -0.04     600.00
772   2025-12-26 13:00:00  NAS100 25,876.50 25,880.75 25,871.00 25,872.25   -4.00       -0.02     421.00
773   2025-12-26 13:30:00  NAS100 25,872.75 25,880.00 25,868.00 25,871.75   -0.50       -0.00     694.00
774   2025-12-26 14:00:00  NAS100 25,871.50 25,873.25 25,849.50 25,863.00   -8.75       -0.03     984.00
775   2025-12-26 14:30:00  NAS100 25,862.00 25,871.00 25,857.25 25,860.25   -2.75       -0.01     710.00
776   2025-12-26 15:00:00  NAS100 25,859.50 25,862.00 25,844.00 25,852.75   -7.50       -0.03     971.00
777   2025-12-26 15:30:00  NAS100 25,851.75 25,861.00 25,843.25 25,857.50    4.75        0.02     737.00
778   2025-12-26 16:00:00  NAS100 25,857.25 25,871.50 25,854.75 25,861.50    4.00        0.02   1,053.00
779   2025-12-26 16:30:00  NAS100 25,861.75 25,878.50 25,861.75 25,876.00   14.50        0.06     667.00
780   2025-12-26 17:00:00  NAS100 25,876.50 25,899.00 25,875.50 25,883.25    7.25        0.03   1,222.00
781   2025-12-26 17:30:00  NAS100 25,883.50 25,891.00 25,879.25 25,882.25   -1.00       -0.00     539.00
782   2025-12-26 18:00:00  NAS100 25,884.25 25,888.50 25,879.25 25,880.25   -2.00       -0.01     533.00
783   2025-12-26 18:30:00  NAS100 25,879.25 25,883.50 25,866.25 25,876.50   -3.75       -0.01   1,014.00
784   2025-12-26 19:00:00  NAS100 25,876.00 25,887.50 25,869.00 25,883.00    6.50        0.03     871.00
785   2025-12-26 19:30:00  NAS100 25,884.25 25,897.00 25,881.00 25,890.00    7.00        0.03   1,025.00
786   2025-12-26 20:00:00  NAS100 25,890.00 25,902.75 25,886.75 25,894.25    4.25        0.02   1,737.00
787   2025-12-26 20:30:00  NAS100 25,894.00 25,923.25 25,890.75 25,896.50    2.25        0.01   4,034.00
788   2025-12-26 21:00:00  NAS100 25,897.00 25,912.00 25,891.50 25,899.50    3.00        0.01   3,858.00
789   2025-12-26 21:30:00  NAS100 25,899.00 25,935.25 25,864.50 25,881.00  -18.50       -0.07  36,381.00
790   2025-12-26 22:00:00  NAS100 25,881.00 25,886.50 25,834.25 25,883.50    2.50        0.01  29,170.00
791   2025-12-26 22:30:00  NAS100 25,883.50 25,906.00 25,873.75 25,899.50   16.00        0.06  16,729.00
792   2025-12-26 23:00:00  NAS100 25,899.00 25,912.00 25,857.00 25,881.25  -18.25       -0.07  18,283.00
793   2025-12-26 23:30:00  NAS100 25,881.75 25,890.25 25,873.00 25,873.75   -7.50       -0.03   9,667.00
794   2025-12-27 00:00:00  NAS100 25,873.50 25,880.75 25,847.75 25,880.25    6.50        0.03  11,740.00
795   2025-12-27 00:30:00  NAS100 25,880.00 25,881.75 25,859.50 25,871.75   -8.50       -0.03   9,950.00
796   2025-12-27 01:00:00  NAS100 25,871.75 25,882.50 25,854.50 25,869.75   -2.00       -0.01   8,688.00
797   2025-12-27 01:30:00  NAS100 25,869.50 25,893.25 25,869.00 25,891.75   22.00        0.09   8,274.00
798   2025-12-27 02:00:00  NAS100 25,891.75 25,899.00 25,878.75 25,881.25  -10.50       -0.04   7,635.00
799   2025-12-27 02:30:00  NAS100 25,881.00 25,896.00 25,873.00 25,891.25   10.00        0.04  10,051.00
800   2025-12-27 03:00:00  NAS100 25,890.75 25,892.00 25,866.00 25,873.50  -17.75       -0.07   8,500.00
801   2025-12-27 03:30:00  NAS100 25,873.50 25,879.75 25,853.50 25,866.75   -6.75       -0.03  18,553.00
802   2025-12-27 04:00:00  NAS100 25,866.75 25,874.00 25,858.75 25,862.75   -4.00       -0.02   5,760.00
803   2025-12-27 04:30:00  NAS100 25,862.50 25,863.00 25,850.75 25,856.00   -6.75       -0.03   2,183.00
804   2025-12-29 06:00:00  NAS100 25,863.25 25,877.00 25,843.00 25,860.75    4.75        0.02   2,842.00
805   2025-12-29 06:30:00  NAS100 25,861.25 25,879.00 25,858.75 25,870.50    9.75        0.04   1,220.00
806   2025-12-29 07:00:00  NAS100 25,870.00 25,874.25 25,853.75 25,861.50   -9.00       -0.03   1,466.00
807   2025-12-29 07:30:00  NAS100 25,861.25 25,893.75 25,858.25 25,891.25   29.75        0.12   1,849.00
808   2025-12-29 08:00:00  NAS100 25,890.00 25,892.50 25,859.50 25,860.25  -31.00       -0.12   1,526.00
809   2025-12-29 08:30:00  NAS100 25,859.25 25,864.50 25,835.50 25,842.00  -18.25       -0.07   2,134.00
810   2025-12-29 09:00:00  NAS100 25,842.50 25,849.75 25,836.50 25,838.75   -3.25       -0.01   1,019.00
811   2025-12-29 09:30:00  NAS100 25,839.00 25,850.00 25,821.00 25,846.00    7.25        0.03   1,597.00
812   2025-12-29 10:00:00  NAS100 25,844.25 25,853.50 25,825.00 25,831.75  -14.25       -0.06   1,297.00
813   2025-12-29 10:30:00  NAS100 25,834.00 25,854.00 25,834.00 25,852.75   21.00        0.08     993.00
814   2025-12-29 11:00:00  NAS100 25,852.50 25,861.00 25,852.50 25,859.75    7.00        0.03     841.00
815   2025-12-29 11:30:00  NAS100 25,859.00 25,868.00 25,853.75 25,855.75   -4.00       -0.02     832.00
816   2025-12-29 12:00:00  NAS100 25,856.00 25,856.00 25,817.75 25,821.50  -34.25       -0.13   2,445.00
817   2025-12-29 12:30:00  NAS100 25,822.50 25,837.50 25,818.50 25,820.00   -1.50       -0.01   1,305.00
818   2025-12-29 13:00:00  NAS100 25,820.25 25,842.75 25,811.00 25,835.75   15.75        0.06   1,753.00
819   2025-12-29 13:30:00  NAS100 25,836.00 25,839.50 25,811.25 25,816.25  -19.50       -0.08   1,064.00
820   2025-12-29 14:00:00  NAS100 25,816.25 25,822.75 25,785.25 25,811.00   -5.25       -0.02   2,598.00
821   2025-12-29 14:30:00  NAS100 25,811.00 25,812.50 25,798.75 25,800.00  -11.00       -0.04     963.00
822   2025-12-29 15:00:00  NAS100 25,800.50 25,803.50 25,774.00 25,777.50  -22.50       -0.09   2,343.00
823   2025-12-29 15:30:00  NAS100 25,776.75 25,783.50 25,732.00 25,738.75  -38.75       -0.15   3,351.00
824   2025-12-29 16:00:00  NAS100 25,739.00 25,770.50 25,738.75 25,768.50   29.75        0.12   2,651.00
825   2025-12-29 16:30:00  NAS100 25,768.25 25,768.50 25,733.75 25,762.50   -6.00       -0.02   2,037.00
826   2025-12-29 17:00:00  NAS100 25,762.50 25,769.25 25,748.25 25,759.75   -2.75       -0.01   1,620.00
827   2025-12-29 17:30:00  NAS100 25,760.25 25,763.25 25,744.00 25,746.00  -13.75       -0.05   1,178.00
828   2025-12-29 18:00:00  NAS100 25,747.00 25,756.50 25,736.00 25,745.00   -1.00       -0.00   2,042.00
829   2025-12-29 18:30:00  NAS100 25,745.00 25,775.50 25,744.75 25,770.25   25.25        0.10   1,589.00
830   2025-12-29 19:00:00  NAS100 25,770.25 25,776.75 25,758.50 25,767.25   -3.00       -0.01   1,589.00
831   2025-12-29 19:30:00  NAS100 25,767.00 25,772.75 25,734.25 25,746.50  -20.75       -0.08   2,420.00
832   2025-12-29 20:00:00  NAS100 25,745.50 25,762.75 25,734.00 25,748.50    2.00        0.01   2,831.00
833   2025-12-29 20:30:00  NAS100 25,748.25 25,748.75 25,660.75 25,693.00  -55.50       -0.22   8,678.00
834   2025-12-29 21:00:00  NAS100 25,694.75 25,712.75 25,656.75 25,707.00   14.00        0.05  10,538.00
835   2025-12-29 21:30:00  NAS100 25,706.75 25,819.00 25,664.25 25,724.50   17.50        0.07  55,165.00
836   2025-12-29 22:00:00  NAS100 25,723.00 25,750.00 25,661.75 25,745.00   20.50        0.08  32,281.00
837   2025-12-29 22:30:00  NAS100 25,745.25 25,772.75 25,674.25 25,702.75  -42.25       -0.16  31,289.00
838   2025-12-29 23:00:00  NAS100 25,702.50 25,717.50 25,680.00 25,704.50    1.75        0.01  17,599.00
839   2025-12-29 23:30:00  NAS100 25,704.00 25,718.25 25,680.25 25,695.50   -9.00       -0.04  15,593.00
840   2025-12-30 00:00:00  NAS100 25,695.50 25,707.75 25,648.00 25,658.25  -37.25       -0.14  14,845.00
841   2025-12-30 00:30:00  NAS100 25,658.75 25,706.00 25,654.75 25,700.00   41.75        0.16  14,244.00
842   2025-12-30 01:00:00  NAS100 25,699.25 25,710.00 25,680.50 25,702.25    2.25        0.01  11,690.00
843   2025-12-30 01:30:00  NAS100 25,702.00 25,729.00 25,689.50 25,694.50   -7.75       -0.03  11,790.00
844   2025-12-30 02:00:00  NAS100 25,694.00 25,712.75 25,683.50 25,710.75   16.25        0.06   9,761.00
845   2025-12-30 02:30:00  NAS100 25,710.50 25,774.25 25,709.00 25,765.50   54.75        0.21  18,632.00
846   2025-12-30 03:00:00  NAS100 25,765.75 25,766.25 25,749.00 25,750.50  -15.00       -0.06   9,620.00
847   2025-12-30 03:30:00  NAS100 25,750.00 25,758.50 25,729.25 25,741.00   -9.50       -0.04  21,431.00
848   2025-12-30 04:00:00  NAS100 25,741.25 25,744.75 25,727.75 25,743.50    2.50        0.01   5,864.00
849   2025-12-30 04:30:00  NAS100 25,743.75 25,748.50 25,738.75 25,744.50    1.00        0.00   1,437.00
850   2025-12-30 06:00:00  NAS100 25,740.00 25,747.75 25,708.75 25,709.50  -35.00       -0.14   2,295.00
851   2025-12-30 06:30:00  NAS100 25,709.50 25,725.75 25,705.25 25,707.25   -2.25       -0.01   1,348.00
852   2025-12-30 07:00:00  NAS100 25,707.50 25,724.00 25,702.00 25,721.50   14.25        0.06   1,036.00
853   2025-12-30 07:30:00  NAS100 25,722.25 25,727.00 25,700.25 25,704.50  -17.00       -0.07   1,500.00
854   2025-12-30 08:00:00  NAS100 25,705.00 25,716.50 25,696.75 25,708.25    3.75        0.01   1,166.00
855   2025-12-30 08:30:00  NAS100 25,707.00 25,725.25 25,702.50 25,724.00   15.75        0.06   1,115.00
856   2025-12-30 09:00:00  NAS100 25,724.50 25,728.50 25,708.00 25,708.00  -16.00       -0.06   1,205.00
857   2025-12-30 09:30:00  NAS100 25,707.75 25,713.00 25,700.75 25,710.25    2.25        0.01     787.00
858   2025-12-30 10:00:00  NAS100 25,711.50 25,724.00 25,709.50 25,723.25   13.00        0.05     798.00
859   2025-12-30 10:30:00  NAS100 25,723.00 25,742.00 25,722.75 25,734.50   11.25        0.04   1,184.00
860   2025-12-30 11:00:00  NAS100 25,736.25 25,751.00 25,729.00 25,745.75   11.25        0.04   1,174.00
861   2025-12-30 11:30:00  NAS100 25,746.25 25,752.50 25,746.00 25,749.25    3.50        0.01     588.00
862   2025-12-30 12:00:00  NAS100 25,749.50 25,755.00 25,733.25 25,734.50  -14.75       -0.06   1,184.00
863   2025-12-30 12:30:00  NAS100 25,734.00 25,748.00 25,721.00 25,744.50   10.00        0.04   1,054.00
864   2025-12-30 13:00:00  NAS100 25,744.50 25,744.50 25,715.50 25,715.50  -29.00       -0.11     980.00
865   2025-12-30 13:30:00  NAS100 25,716.75 25,731.75 25,715.25 25,726.50   11.00        0.04     601.00
866   2025-12-30 14:00:00  NAS100 25,725.75 25,726.50 25,684.75 25,696.75  -29.75       -0.12   1,649.00
867   2025-12-30 14:30:00  NAS100 25,695.50 25,706.25 25,684.75 25,703.75    7.00        0.03     813.00
868   2025-12-30 15:00:00  NAS100 25,704.25 25,730.00 25,703.00 25,722.00   18.25        0.07   1,518.00
869   2025-12-30 15:30:00  NAS100 25,722.00 25,741.25 25,721.00 25,738.75   16.75        0.07   1,201.00
870   2025-12-30 16:00:00  NAS100 25,739.50 25,750.75 25,729.25 25,749.50   10.75        0.04   1,391.00
871   2025-12-30 16:30:00  NAS100 25,748.50 25,752.25 25,730.00 25,739.00  -10.50       -0.04     940.00
872   2025-12-30 17:00:00  NAS100 25,738.75 25,745.75 25,733.50 25,737.75   -1.25       -0.00     860.00
873   2025-12-30 17:30:00  NAS100 25,737.75 25,741.75 25,718.75 25,727.25  -10.50       -0.04   1,351.00
874   2025-12-30 18:00:00  NAS100 25,728.50 25,728.50 25,702.50 25,707.00  -20.25       -0.08   1,830.00
875   2025-12-30 18:30:00  NAS100 25,707.00 25,736.00 25,705.00 25,732.50   25.50        0.10   1,292.00
876   2025-12-30 19:00:00  NAS100 25,732.50 25,743.50 25,724.75 25,728.00   -4.50       -0.02   1,412.00
877   2025-12-30 19:30:00  NAS100 25,728.00 25,736.50 25,712.25 25,726.50   -1.50       -0.01   1,617.00
878   2025-12-30 20:00:00  NAS100 25,726.25 25,744.75 25,723.50 25,733.75    7.25        0.03   2,061.00
879   2025-12-30 20:30:00  NAS100 25,733.25 25,735.25 25,691.25 25,713.75  -20.00       -0.08   4,824.00
880   2025-12-30 21:00:00  NAS100 25,714.25 25,722.25 25,688.75 25,693.00  -20.75       -0.08   5,520.00
881   2025-12-30 21:30:00  NAS100 25,692.75 25,774.75 25,674.25 25,756.75   63.75        0.25  49,829.00
882   2025-12-30 22:00:00  NAS100 25,756.00 25,761.50 25,683.50 25,697.50  -59.25       -0.23  30,151.00
883   2025-12-30 22:30:00  NAS100 25,697.00 25,753.25 25,681.50 25,744.00   46.50        0.18  22,604.00
884   2025-12-30 23:00:00  NAS100 25,744.50 25,793.75 25,739.50 25,774.25   30.25        0.12  21,465.00
885   2025-12-30 23:30:00  NAS100 25,774.00 25,776.50 25,717.00 25,720.00  -54.25       -0.21  17,154.00
886   2025-12-31 00:00:00  NAS100 25,719.75 25,723.75 25,699.50 25,721.50    1.50        0.01  14,244.00
887   2025-12-31 00:30:00  NAS100 25,721.50 25,739.00 25,712.00 25,728.75    7.25        0.03  11,225.00
888   2025-12-31 01:00:00  NAS100 25,728.75 25,739.50 25,707.50 25,736.75    8.00        0.03  10,072.00
889   2025-12-31 01:30:00  NAS100 25,736.75 25,744.25 25,718.00 25,732.50   -4.25       -0.02   9,510.00
890   2025-12-31 02:00:00  NAS100 25,732.50 25,743.00 25,714.50 25,736.00    3.50        0.01  11,224.00
891   2025-12-31 02:30:00  NAS100 25,736.00 25,741.00 25,705.50 25,712.00  -24.00       -0.09  10,474.00
892   2025-12-31 03:00:00  NAS100 25,711.50 25,717.75 25,682.25 25,704.75   -7.25       -0.03  12,811.00
893   2025-12-31 03:30:00  NAS100 25,704.75 25,715.25 25,668.25 25,678.00  -26.75       -0.10  20,807.00
894   2025-12-31 04:00:00  NAS100 25,678.25 25,691.75 25,669.75 25,685.75    7.75        0.03   6,962.00
895   2025-12-31 04:30:00  NAS100 25,685.75 25,688.50 25,673.50 25,676.00   -9.75       -0.04   1,602.00
896   2025-12-31 06:00:00  NAS100 25,683.25 25,689.50 25,657.25 25,664.75  -11.25       -0.04   2,114.00
897   2025-12-31 06:30:00  NAS100 25,664.50 25,667.50 25,643.75 25,657.00   -7.75       -0.03   1,483.00
898   2025-12-31 07:00:00  NAS100 25,656.75 25,657.00 25,634.00 25,648.00   -9.00       -0.04   1,518.00
899   2025-12-31 07:30:00  NAS100 25,647.25 25,648.25 25,604.75 25,614.25  -33.75       -0.13   3,292.00
900   2025-12-31 08:00:00  NAS100 25,614.00 25,624.50 25,588.00 25,619.00    4.75        0.02   3,506.00
901   2025-12-31 08:30:00  NAS100 25,618.00 25,623.25 25,608.00 25,618.00   -1.00       -0.00   1,200.00
902   2025-12-31 09:00:00  NAS100 25,617.50 25,631.25 25,611.50 25,629.00   11.00        0.04   1,414.00
903   2025-12-31 09:30:00  NAS100 25,629.25 25,635.75 25,605.00 25,626.25   -2.75       -0.01   2,052.00
904   2025-12-31 10:00:00  NAS100 25,626.25 25,633.50 25,614.00 25,614.00  -12.25       -0.05     719.00
905   2025-12-31 10:30:00  NAS100 25,614.75 25,616.75 25,606.75 25,615.75    1.75        0.01     751.00
906   2025-12-31 11:00:00  NAS100 25,616.75 25,633.75 25,615.75 25,626.75   11.00        0.04     912.00
907   2025-12-31 11:30:00  NAS100 25,626.25 25,629.75 25,614.00 25,616.25  -10.50       -0.04     645.00
908   2025-12-31 12:00:00  NAS100 25,616.75 25,624.25 25,612.50 25,621.00    4.75        0.02     779.00
909   2025-12-31 12:30:00  NAS100 25,621.25 25,626.25 25,593.75 25,599.00  -22.00       -0.09   1,302.00
910   2025-12-31 13:00:00  NAS100 25,599.00 25,606.00 25,579.25 25,585.00  -14.00       -0.05   1,630.00
911   2025-12-31 13:30:00  NAS100 25,585.00 25,597.25 25,584.75 25,596.00   11.00        0.04     889.00
912   2025-12-31 14:00:00  NAS100 25,595.50 25,602.25 25,576.50 25,599.50    3.50        0.01   1,899.00
913   2025-12-31 14:30:00  NAS100 25,600.50 25,609.75 25,591.00 25,598.25   -1.25       -0.00   1,404.00
914   2025-12-31 15:00:00  NAS100 25,597.25 25,603.50 25,577.75 25,578.25  -20.00       -0.08   1,761.00
915   2025-12-31 15:30:00  NAS100 25,577.75 25,580.25 25,552.50 25,559.00  -19.25       -0.08   2,629.00
916   2025-12-31 16:00:00  NAS100 25,558.50 25,584.75 25,555.75 25,570.25   11.25        0.04   2,567.00
917   2025-12-31 16:30:00  NAS100 25,569.50 25,580.00 25,567.50 25,569.50   -0.75       -0.00     888.00
918   2025-12-31 17:00:00  NAS100 25,569.25 25,587.00 25,561.00 25,585.75   16.25        0.06   1,130.00
919   2025-12-31 17:30:00  NAS100 25,585.50 25,591.50 25,576.00 25,584.50   -1.25       -0.00     820.00
920   2025-12-31 18:00:00  NAS100 25,585.00 25,599.00 25,581.50 25,595.75   11.25        0.04   1,086.00
921   2025-12-31 18:30:00  NAS100 25,595.25 25,611.75 25,594.00 25,609.50   13.75        0.05   1,275.00
922   2025-12-31 19:00:00  NAS100 25,609.25 25,628.75 25,598.25 25,622.75   13.25        0.05   2,184.00
923   2025-12-31 19:30:00  NAS100 25,622.50 25,632.00 25,620.00 25,629.00    6.25        0.02   1,656.00
924   2025-12-31 20:00:00  NAS100 25,629.25 25,650.00 25,621.75 25,647.25   18.25        0.07   2,343.00
925   2025-12-31 20:30:00  NAS100 25,649.00 25,714.75 25,641.25 25,703.00   55.75        0.22   7,724.00
926   2025-12-31 21:00:00  NAS100 25,702.75 25,716.75 25,678.50 25,678.50  -24.50       -0.10   5,823.00
927   2025-12-31 21:30:00  NAS100 25,678.75 25,692.00 25,581.50 25,605.50  -73.00       -0.28  44,911.00
928   2025-12-31 22:00:00  NAS100 25,606.25 25,618.00 25,568.00 25,602.50   -3.00       -0.01  24,566.00
929   2025-12-31 22:30:00  NAS100 25,602.25 25,608.75 25,542.50 25,555.00  -47.50       -0.19  17,873.00
930   2025-12-31 23:00:00  NAS100 25,554.25 25,597.50 25,552.75 25,596.00   41.00        0.16  13,835.00
931   2025-12-31 23:30:00  NAS100 25,596.50 25,607.50 25,572.00 25,605.00    9.00        0.04  13,471.00
932   2026-01-01 00:00:00  NAS100 25,605.00 25,606.50 25,568.00 25,587.25  -17.75       -0.07  11,807.00
933   2026-01-01 00:30:00  NAS100 25,587.00 25,604.75 25,571.75 25,581.50   -5.75       -0.02  10,367.00
934   2026-01-01 01:00:00  NAS100 25,581.50 25,604.75 25,572.50 25,603.25   21.75        0.09   8,816.00
935   2026-01-01 01:30:00  NAS100 25,603.50 25,629.50 25,596.50 25,614.25   11.00        0.04  11,396.00
936   2026-01-01 02:00:00  NAS100 25,614.50 25,634.50 25,580.50 25,582.00  -32.25       -0.13  11,003.00
937   2026-01-01 02:30:00  NAS100 25,582.00 25,585.25 25,532.00 25,535.75  -46.25       -0.18  17,952.00
938   2026-01-01 03:00:00  NAS100 25,535.75 25,539.50 25,471.75 25,478.00  -57.75       -0.23  20,662.00
939   2026-01-01 03:30:00  NAS100 25,478.00 25,513.50 25,444.50 25,455.25  -22.75       -0.09  36,878.00
940   2026-01-01 04:00:00  NAS100 25,455.00 25,471.50 25,440.00 25,445.00  -10.25       -0.04  13,198.00
941   2026-01-01 04:30:00  NAS100 25,445.00 25,445.50 25,429.00 25,434.75  -10.25       -0.04   3,150.00
942   2026-01-02 06:00:00  NAS100 25,478.50 25,494.75 25,448.50 25,484.00   49.25        0.19   3,148.00
943   2026-01-02 06:30:00  NAS100 25,485.00 25,504.00 25,478.25 25,497.00   13.00        0.05   1,509.00
944   2026-01-02 07:00:00  NAS100 25,497.00 25,508.50 25,473.75 25,505.00    8.00        0.03   1,786.00
945   2026-01-02 07:30:00  NAS100 25,505.00 25,514.00 25,493.25 25,510.75    5.75        0.02   1,204.00
946   2026-01-02 08:00:00  NAS100 25,511.00 25,536.00 25,510.25 25,532.75   22.00        0.09   2,324.00
947   2026-01-02 08:30:00  NAS100 25,532.25 25,556.25 25,531.50 25,555.50   22.75        0.09   2,529.00
948   2026-01-02 09:00:00  NAS100 25,555.25 25,595.25 25,555.00 25,590.00   34.50        0.14   3,028.00
949   2026-01-02 09:30:00  NAS100 25,589.50 25,607.50 25,583.50 25,603.75   13.75        0.05   2,180.00
950   2026-01-02 10:00:00  NAS100 25,603.25 25,608.75 25,596.00 25,604.00    0.25        0.00   1,448.00
951   2026-01-02 10:30:00  NAS100 25,604.50 25,625.75 25,596.00 25,625.25   21.25        0.08   2,384.00
952   2026-01-02 11:00:00  NAS100 25,625.50 25,638.25 25,619.50 25,629.25    4.00        0.02   1,850.00
953   2026-01-02 11:30:00  NAS100 25,629.25 25,634.50 25,617.25 25,625.75   -3.50       -0.01   1,482.00
954   2026-01-02 12:00:00  NAS100 25,625.75 25,633.25 25,612.50 25,630.25    4.50        0.02   1,402.00
955   2026-01-02 12:30:00  NAS100 25,631.00 25,644.00 25,621.50 25,639.00    8.75        0.03   1,613.00
956   2026-01-02 13:00:00  NAS100 25,638.25 25,644.00 25,634.00 25,639.50    0.50        0.00     959.00
957   2026-01-02 13:30:00  NAS100 25,639.50 25,650.00 25,634.50 25,636.50   -3.00       -0.01   1,295.00
958   2026-01-02 14:00:00  NAS100 25,636.25 25,647.50 25,624.75 25,637.25    0.75        0.00   1,704.00
959   2026-01-02 14:30:00  NAS100 25,637.25 25,643.75 25,627.00 25,637.50    0.25        0.00   1,194.00
960   2026-01-02 15:00:00  NAS100 25,637.75 25,701.00 25,637.00 25,687.50   50.00        0.20   5,647.00
961   2026-01-02 15:30:00  NAS100 25,687.75 25,718.50 25,676.00 25,710.25   22.75        0.09   3,102.00
962   2026-01-02 16:00:00  NAS100 25,709.00 25,740.50 25,705.25 25,732.75   22.50        0.09   3,952.00
963   2026-01-02 16:30:00  NAS100 25,733.75 25,737.00 25,721.75 25,733.00    0.25        0.00   2,287.00
964   2026-01-02 17:00:00  NAS100 25,734.00 25,737.25 25,712.25 25,717.00  -16.00       -0.06   1,951.00
965   2026-01-02 17:30:00  NAS100 25,716.50 25,736.50 25,707.50 25,730.75   13.75        0.05   1,750.00
966   2026-01-02 18:00:00  NAS100 25,730.25 25,742.75 25,714.00 25,717.50  -13.25       -0.05   2,123.00
967   2026-01-02 18:30:00  NAS100 25,717.25 25,729.25 25,716.50 25,727.25    9.75        0.04   1,493.00
968   2026-01-02 19:00:00  NAS100 25,726.25 25,727.25 25,680.00 25,694.50  -32.75       -0.13   4,304.00
969   2026-01-02 19:30:00  NAS100 25,695.25 25,705.50 25,687.50 25,703.00    8.50        0.03   2,143.00
970   2026-01-02 20:00:00  NAS100 25,703.25 25,709.00 25,688.00 25,697.75   -5.25       -0.02   2,772.00
971   2026-01-02 20:30:00  NAS100 25,697.00 25,703.00 25,679.25 25,692.75   -5.00       -0.02   4,236.00
972   2026-01-02 21:00:00  NAS100 25,692.00 25,707.00 25,662.25 25,686.50   -6.25       -0.02   9,256.00
973   2026-01-02 21:30:00  NAS100 25,687.00 25,803.75 25,638.25 25,733.00   46.50        0.18  68,791.00
974   2026-01-02 22:00:00  NAS100 25,733.75 25,780.00 25,457.25 25,489.50 -243.50       -0.95  66,322.00
975   2026-01-02 22:30:00  NAS100 25,489.25 25,604.50 25,360.50 25,375.00 -114.50       -0.45  57,066.00
976   2026-01-02 23:00:00  NAS100 25,375.75 25,406.25 25,293.75 25,376.75    1.75        0.01  50,174.00
977   2026-01-02 23:30:00  NAS100 25,376.00 25,427.25 25,303.50 25,341.50  -35.25       -0.14  35,706.00
978   2026-01-03 00:00:00  NAS100 25,341.25 25,405.50 25,315.25 25,385.50   44.00        0.17  18,868.00
979   2026-01-03 00:30:00  NAS100 25,388.25 25,400.75 25,310.75 25,323.75  -61.75       -0.24  21,484.00
980   2026-01-03 01:00:00  NAS100 25,323.50 25,363.75 25,305.25 25,332.50    8.75        0.03  16,890.00
981   2026-01-03 01:30:00  NAS100 25,332.75 25,351.75 25,265.25 25,295.00  -37.50       -0.15  20,038.00
982   2026-01-03 02:00:00  NAS100 25,294.50 25,420.00 25,288.50 25,411.00  116.00        0.46  21,537.00
983   2026-01-03 02:30:00  NAS100 25,410.75 25,457.00 25,387.25 25,399.50  -11.50       -0.05  21,314.00
984   2026-01-03 03:00:00  NAS100 25,399.50 25,450.50 25,387.50 25,432.00   32.50        0.13  15,110.00
985   2026-01-03 03:30:00  NAS100 25,431.50 25,440.25 25,362.00 25,385.50  -46.50       -0.18  34,555.00
986   2026-01-03 04:00:00  NAS100 25,385.00 25,415.00 25,381.50 25,395.00    9.50        0.04  10,853.00
987   2026-01-03 04:30:00  NAS100 25,395.00 25,401.25 25,379.25 25,394.50   -0.50       -0.00   1,771.00
988   2026-01-05 06:00:00  NAS100 25,431.75 25,463.25 25,406.50 25,459.25   64.75        0.25   5,802.00
989   2026-01-05 06:30:00  NAS100 25,459.00 25,461.75 25,417.50 25,457.00   -2.25       -0.01   3,919.00
990   2026-01-05 07:00:00  NAS100 25,459.25 25,479.50 25,448.25 25,469.25   12.25        0.05   3,956.00
991   2026-01-05 07:30:00  NAS100 25,470.00 25,472.50 25,434.75 25,466.75   -2.50       -0.01   2,657.00
992   2026-01-05 08:00:00  NAS100 25,467.00 25,487.50 25,450.00 25,468.75    2.00        0.01   4,007.00
993   2026-01-05 08:30:00  NAS100 25,468.50 25,486.00 25,452.00 25,458.25  -10.50       -0.04   2,785.00
994   2026-01-05 09:00:00  NAS100 25,459.25 25,483.25 25,459.00 25,466.25    8.00        0.03   1,692.00
995   2026-01-05 09:30:00  NAS100 25,466.75 25,480.00 25,452.25 25,474.00    7.75        0.03   1,608.00
996   2026-01-05 10:00:00  NAS100 25,474.25 25,482.75 25,467.25 25,474.75    0.75        0.00   1,201.00
997   2026-01-05 10:30:00  NAS100 25,473.50 25,473.75 25,457.50 25,464.00  -10.75       -0.04   1,029.00
998   2026-01-05 11:00:00  NAS100 25,463.75 25,472.50 25,457.75 25,462.50   -1.50       -0.01     948.00
999   2026-01-05 11:30:00  NAS100 25,462.25 25,491.75 25,461.00 25,487.50   25.00        0.10   1,453.00
1000  2026-01-05 12:00:00  NAS100 25,488.00 25,488.50 25,465.50 25,479.00   -8.50       -0.03   1,402.00
1001  2026-01-05 12:30:00  NAS100 25,479.75 25,497.00 25,475.25 25,495.25   16.25        0.06   1,270.00
1002  2026-01-05 13:00:00  NAS100 25,494.50 25,504.25 25,478.00 25,479.25  -16.00       -0.06   1,672.00
1003  2026-01-05 13:30:00  NAS100 25,479.75 25,507.25 25,468.75 25,506.25   27.00        0.11   1,593.00
1004  2026-01-05 14:00:00  NAS100 25,506.25 25,509.00 25,460.25 25,471.25  -35.00       -0.14   1,993.00
1005  2026-01-05 14:30:00  NAS100 25,470.25 25,483.50 25,455.00 25,478.00    6.75        0.03   1,690.00
1006  2026-01-05 15:00:00  NAS100 25,478.00 25,556.75 25,467.75 25,537.50   59.50        0.23   5,078.00
1007  2026-01-05 15:30:00  NAS100 25,536.50 25,544.75 25,507.50 25,512.00  -25.50       -0.10   2,586.00
1008  2026-01-05 16:00:00  NAS100 25,511.25 25,532.25 25,495.75 25,499.50  -12.50       -0.05   2,481.00
1009  2026-01-05 16:30:00  NAS100 25,498.00 25,524.50 25,496.00 25,512.00   12.50        0.05   1,731.00
1010  2026-01-05 17:00:00  NAS100 25,512.25 25,555.00 25,511.25 25,544.25   32.25        0.13   2,147.00
1011  2026-01-05 17:30:00  NAS100 25,544.50 25,559.00 25,534.00 25,553.75    9.50        0.04   1,760.00
1012  2026-01-05 18:00:00  NAS100 25,554.25 25,567.75 25,544.00 25,548.50   -5.25       -0.02   1,762.00
1013  2026-01-05 18:30:00  NAS100 25,548.25 25,577.00 25,548.00 25,567.50   19.00        0.07   2,067.00
1014  2026-01-05 19:00:00  NAS100 25,567.50 25,588.25 25,557.50 25,559.50   -8.00       -0.03   2,419.00
1015  2026-01-05 19:30:00  NAS100 25,560.00 25,572.25 25,544.50 25,557.25   -2.25       -0.01   2,681.00
1016  2026-01-05 20:00:00  NAS100 25,558.25 25,572.25 25,520.25 25,537.50  -19.75       -0.08   4,591.00
1017  2026-01-05 20:30:00  NAS100 25,537.75 25,592.75 25,537.75 25,576.00   38.50        0.15   5,888.00
1018  2026-01-05 21:00:00  NAS100 25,576.00 25,647.00 25,575.50 25,642.75   66.75        0.26  13,610.00
1019  2026-01-05 21:30:00  NAS100 25,642.50 25,672.50 25,538.50 25,599.75  -43.00       -0.17  86,447.00
1020  2026-01-05 22:00:00  NAS100 25,593.25 25,683.75 25,566.00 25,673.00   73.25        0.29  42,745.00
1021  2026-01-05 22:30:00  NAS100 25,674.25 25,690.50 25,637.00 25,665.00   -8.00       -0.03  29,251.00
1022  2026-01-05 23:00:00  NAS100 25,665.25 25,696.75 25,651.25 25,683.50   18.50        0.07  22,950.00
1023  2026-01-05 23:30:00  NAS100 25,683.25 25,708.00 25,657.00 25,658.25  -25.25       -0.10  21,891.00
1024  2026-01-06 00:00:00  NAS100 25,659.00 25,673.50 25,615.25 25,629.25  -29.00       -0.11  24,163.00
1025  2026-01-06 00:30:00  NAS100 25,629.50 25,635.00 25,607.50 25,626.75   -2.50       -0.01  17,439.00
1026  2026-01-06 01:00:00  NAS100 25,627.00 25,632.25 25,557.00 25,605.25  -21.50       -0.08  23,242.00
1027  2026-01-06 01:30:00  NAS100 25,605.25 25,625.50 25,589.00 25,612.75    7.50        0.03  13,390.00
1028  2026-01-06 02:00:00  NAS100 25,612.75 25,618.75 25,584.00 25,585.50  -27.25       -0.11  11,653.00
1029  2026-01-06 02:30:00  NAS100 25,585.50 25,591.25 25,549.50 25,577.50   -8.00       -0.03  19,121.00
1030  2026-01-06 03:00:00  NAS100 25,577.00 25,605.25 25,565.00 25,600.50   23.00        0.09  13,607.00
1031  2026-01-06 03:30:00  NAS100 25,600.50 25,613.00 25,566.00 25,586.75  -13.75       -0.05  29,264.00
1032  2026-01-06 04:00:00  NAS100 25,587.00 25,590.75 25,573.25 25,584.50   -2.25       -0.01   7,749.00
1033  2026-01-06 04:30:00  NAS100 25,585.25 25,588.50 25,576.25 25,578.25   -6.25       -0.02   1,571.00
1034  2026-01-06 06:00:00  NAS100 25,583.00 25,598.75 25,577.75 25,587.50    9.25        0.04   1,780.00
1035  2026-01-06 06:30:00  NAS100 25,587.75 25,588.00 25,560.75 25,565.50  -22.00       -0.09   2,080.00
1036  2026-01-06 07:00:00  NAS100 25,566.00 25,582.25 25,554.25 25,572.25    6.75        0.03   2,397.00
1037  2026-01-06 07:30:00  NAS100 25,571.75 25,574.25 25,552.25 25,563.25   -9.00       -0.04   1,690.00
1038  2026-01-06 08:00:00  NAS100 25,563.50 25,598.50 25,555.25 25,594.25   31.00        0.12   2,473.00
1039  2026-01-06 08:30:00  NAS100 25,593.25 25,602.75 25,590.75 25,597.50    3.25        0.01   1,425.00
1040  2026-01-06 09:00:00  NAS100 25,598.00 25,608.00 25,592.25 25,603.50    6.00        0.02   1,332.00
1041  2026-01-06 09:30:00  NAS100 25,604.00 25,625.50 25,600.75 25,623.50   20.00        0.08   1,494.00
1042  2026-01-06 10:00:00  NAS100 25,623.75 25,629.25 25,620.50 25,622.25   -1.25       -0.00     930.00
1043  2026-01-06 10:30:00  NAS100 25,623.00 25,627.25 25,616.00 25,620.25   -2.00       -0.01     962.00
1044  2026-01-06 11:00:00  NAS100 25,620.75 25,640.75 25,620.50 25,640.50   20.25        0.08   1,338.00
1045  2026-01-06 11:30:00  NAS100 25,640.75 25,648.00 25,632.50 25,646.25    5.75        0.02   1,924.00
1046  2026-01-06 12:00:00  NAS100 25,647.00 25,653.25 25,640.50 25,647.50    1.25        0.00     984.00
1047  2026-01-06 12:30:00  NAS100 25,647.75 25,650.50 25,638.50 25,642.75   -4.75       -0.02     744.00
1048  2026-01-06 13:00:00  NAS100 25,643.00 25,668.00 25,641.75 25,661.00   18.25        0.07   1,520.00
1049  2026-01-06 13:30:00  NAS100 25,661.75 25,674.25 25,660.50 25,668.25    7.25        0.03   1,067.00
1050  2026-01-06 14:00:00  NAS100 25,669.50 25,670.00 25,649.25 25,653.00  -15.25       -0.06   1,005.00
1051  2026-01-06 14:30:00  NAS100 25,653.00 25,657.75 25,642.25 25,646.75   -6.25       -0.02     908.00
1052  2026-01-06 15:00:00  NAS100 25,647.50 25,647.75 25,546.75 25,554.50  -92.25       -0.36   6,006.00
1053  2026-01-06 15:30:00  NAS100 25,553.75 25,578.25 25,527.50 25,572.25   17.75        0.07   4,941.00
1054  2026-01-06 16:00:00  NAS100 25,572.50 25,587.50 25,557.00 25,572.00   -0.25       -0.00   2,976.00
1055  2026-01-06 16:30:00  NAS100 25,569.50 25,608.00 25,564.25 25,586.75   14.75        0.06   2,773.00
1056  2026-01-06 17:00:00  NAS100 25,585.50 25,591.50 25,571.75 25,580.25   -6.50       -0.03   1,383.00
1057  2026-01-06 17:30:00  NAS100 25,578.25 25,597.00 25,577.00 25,592.00   11.75        0.05   1,146.00
1058  2026-01-06 18:00:00  NAS100 25,593.50 25,605.25 25,590.25 25,592.00    0.00        0.00   1,445.00
1059  2026-01-06 18:30:00  NAS100 25,592.50 25,610.25 25,590.50 25,596.75    4.75        0.02   1,664.00
1060  2026-01-06 19:00:00  NAS100 25,596.00 25,617.25 25,591.50 25,616.00   19.25        0.08   1,749.00
1061  2026-01-06 19:30:00  NAS100 25,615.50 25,649.00 25,611.50 25,641.25   25.25        0.10   3,141.00
1062  2026-01-06 20:00:00  NAS100 25,640.25 25,650.50 25,619.75 25,625.00  -16.25       -0.06   3,675.00
1063  2026-01-06 20:30:00  NAS100 25,624.00 25,637.25 25,590.50 25,616.50   -8.50       -0.03   4,921.00
1064  2026-01-06 21:00:00  NAS100 25,616.75 25,638.50 25,592.50 25,635.75   19.25        0.08   8,142.00
1065  2026-01-06 21:30:00  NAS100 25,636.00 25,761.25 25,608.00 25,753.00  117.25        0.46  76,939.00
1066  2026-01-06 22:00:00  NAS100 25,753.00 25,779.00 25,726.50 25,772.25   19.25        0.07  39,893.00
1067  2026-01-06 22:30:00  NAS100 25,771.50 25,773.00 25,673.00 25,687.50  -84.75       -0.33  38,298.00
1068  2026-01-06 23:00:00  NAS100 25,687.00 25,707.75 25,639.25 25,676.25  -11.25       -0.04  36,996.00
1069  2026-01-06 23:30:00  NAS100 25,676.75 25,701.00 25,658.75 25,695.50   19.25        0.07  24,543.00
1070  2026-01-07 00:00:00  NAS100 25,696.00 25,744.00 25,674.50 25,735.00   39.50        0.15  21,266.00
1071  2026-01-07 00:30:00  NAS100 25,735.50 25,785.50 25,734.25 25,760.25   25.25        0.10  22,223.00
1072  2026-01-07 01:00:00  NAS100 25,759.75 25,780.75 25,745.00 25,759.50   -0.75       -0.00  13,929.00
1073  2026-01-07 01:30:00  NAS100 25,759.75 25,805.75 25,750.00 25,804.75   45.25        0.18  18,116.00
1074  2026-01-07 02:00:00  NAS100 25,805.00 25,814.50 25,794.00 25,809.00    4.25        0.02  13,630.00
1075  2026-01-07 02:30:00  NAS100 25,809.00 25,821.00 25,806.00 25,807.75   -1.25       -0.00  10,908.00
1076  2026-01-07 03:00:00  NAS100 25,807.75 25,824.00 25,801.25 25,810.50    2.75        0.01  12,027.00
1077  2026-01-07 03:30:00  NAS100 25,810.00 25,837.75 25,807.75 25,813.50    3.00        0.01  29,961.00
1078  2026-01-07 04:00:00  NAS100 25,813.50 25,826.75 25,809.75 25,822.75    9.25        0.04   8,443.00
1079  2026-01-07 04:30:00  NAS100 25,822.75 25,833.00 25,818.50 25,831.25    8.50        0.03   1,960.00
1080  2026-01-07 06:00:00  NAS100 25,831.25 25,844.75 25,820.00 25,825.25   -6.00       -0.02   2,313.00
1081  2026-01-07 06:30:00  NAS100 25,825.00 25,831.00 25,815.50 25,824.75   -0.50       -0.00   1,568.00
1082  2026-01-07 07:00:00  NAS100 25,825.25 25,842.25 25,820.75 25,831.50    6.75        0.03   2,562.00
1083  2026-01-07 07:30:00  NAS100 25,831.50 25,838.75 25,819.00 25,829.50   -2.00       -0.01   1,818.00
1084  2026-01-07 08:00:00  NAS100 25,828.75 25,835.00 25,812.00 25,815.50  -14.00       -0.05   1,928.00
1085  2026-01-07 08:30:00  NAS100 25,815.75 25,829.75 25,811.50 25,817.50    2.00        0.01   1,764.00
1086  2026-01-07 09:00:00  NAS100 25,815.75 25,832.75 25,808.50 25,809.25   -8.25       -0.03   1,688.00
1087  2026-01-07 09:30:00  NAS100 25,808.50 25,813.00 25,801.75 25,806.25   -3.00       -0.01   1,253.00
1088  2026-01-07 10:00:00  NAS100 25,807.25 25,822.00 25,806.00 25,816.50   10.25        0.04   1,335.00
1089  2026-01-07 10:30:00  NAS100 25,817.25 25,819.75 25,796.75 25,799.50  -17.00       -0.07   1,376.00
1090  2026-01-07 11:00:00  NAS100 25,800.00 25,804.00 25,781.25 25,781.75  -17.75       -0.07   1,928.00
1091  2026-01-07 11:30:00  NAS100 25,781.50 25,794.75 25,780.50 25,785.75    4.00        0.02   1,170.00
1092  2026-01-07 12:00:00  NAS100 25,785.75 25,790.00 25,775.50 25,784.50   -1.25       -0.00   1,197.00
1093  2026-01-07 12:30:00  NAS100 25,785.00 25,794.25 25,779.00 25,783.50   -1.00       -0.00   1,098.00
1094  2026-01-07 13:00:00  NAS100 25,782.75 25,799.75 25,782.75 25,785.50    2.00        0.01   1,343.00
1095  2026-01-07 13:30:00  NAS100 25,785.50 25,792.75 25,768.25 25,769.25  -16.25       -0.06   1,493.00
1096  2026-01-07 14:00:00  NAS100 25,768.75 25,779.50 25,764.75 25,776.00    6.75        0.03   1,274.00
1097  2026-01-07 14:30:00  NAS100 25,775.00 25,776.25 25,765.00 25,766.50   -9.50       -0.04     913.00
1098  2026-01-07 15:00:00  NAS100 25,766.00 25,788.00 25,759.50 25,770.25    3.75        0.01   2,491.00
1099  2026-01-07 15:30:00  NAS100 25,770.75 25,775.75 25,753.50 25,753.75  -16.50       -0.06   2,090.00
1100  2026-01-07 16:00:00  NAS100 25,753.75 25,758.75 25,727.00 25,744.25   -9.50       -0.04   4,514.00
1101  2026-01-07 16:30:00  NAS100 25,744.25 25,757.75 25,740.25 25,753.00    8.75        0.03   1,981.00
1102  2026-01-07 17:00:00  NAS100 25,752.50 25,762.00 25,734.25 25,735.25  -17.75       -0.07   1,806.00
1103  2026-01-07 17:30:00  NAS100 25,735.25 25,741.50 25,727.75 25,739.50    4.25        0.02   1,464.00
1104  2026-01-07 18:00:00  NAS100 25,740.25 25,749.75 25,732.00 25,742.00    2.50        0.01   1,498.00
1105  2026-01-07 18:30:00  NAS100 25,742.25 25,768.50 25,740.50 25,768.00   26.00        0.10   2,498.00
1106  2026-01-07 19:00:00  NAS100 25,768.00 25,782.25 25,762.50 25,774.50    6.50        0.03   2,565.00
1107  2026-01-07 19:30:00  NAS100 25,774.00 25,778.00 25,753.00 25,766.25   -8.25       -0.03   2,868.00
1108  2026-01-07 20:00:00  NAS100 25,765.00 25,776.00 25,755.25 25,775.00    8.75        0.03   3,659.00
1109  2026-01-07 20:30:00  NAS100 25,775.75 25,793.75 25,766.00 25,788.75   13.75        0.05   6,198.00
1110  2026-01-07 21:00:00  NAS100 25,788.25 25,791.25 25,761.50 25,790.25    1.50        0.01   8,875.00
1111  2026-01-07 21:30:00  NAS100 25,790.75 25,880.00 25,771.00 25,855.00   64.75        0.25  58,562.00
1112  2026-01-07 22:00:00  NAS100 25,857.25 25,875.75 25,812.25 25,866.75   11.75        0.05  39,499.00
1113  2026-01-07 22:30:00  NAS100 25,866.00 25,911.25 25,810.75 25,905.00   38.25        0.15  41,859.00
1114  2026-01-07 23:00:00  NAS100 25,905.50 25,929.25 25,879.25 25,895.75   -9.25       -0.04  24,980.00
1115  2026-01-07 23:30:00  NAS100 25,895.25 25,971.00 25,890.00 25,970.25   74.50        0.29  32,078.00
1116  2026-01-08 00:00:00  NAS100 25,969.75 25,990.00 25,964.25 25,984.25   14.00        0.05  22,581.00
1117  2026-01-08 00:30:00  NAS100 25,984.50 25,996.25 25,960.00 25,971.00  -13.25       -0.05  19,437.00
1118  2026-01-08 01:00:00  NAS100 25,971.00 25,972.00 25,926.00 25,930.25  -40.75       -0.16  20,899.00
1119  2026-01-08 01:30:00  NAS100 25,930.50 25,979.00 25,929.00 25,955.50   25.25        0.10  19,899.00
1120  2026-01-08 02:00:00  NAS100 25,956.00 25,956.25 25,890.00 25,899.25  -56.25       -0.22  25,509.00
1121  2026-01-08 02:30:00  NAS100 25,899.50 25,921.25 25,891.75 25,902.75    3.50        0.01  15,290.00
1122  2026-01-08 03:00:00  NAS100 25,902.75 25,913.50 25,852.50 25,860.75  -42.00       -0.16  27,413.00
1123  2026-01-08 03:30:00  NAS100 25,860.25 25,862.25 25,814.50 25,835.00  -25.75       -0.10  39,264.00
1124  2026-01-08 04:00:00  NAS100 25,835.00 25,836.00 25,820.00 25,831.00   -4.00       -0.02   9,729.00
1125  2026-01-08 04:30:00  NAS100 25,830.25 25,839.25 25,827.25 25,835.75    4.75        0.02   3,203.00
1126  2026-01-08 06:00:00  NAS100 25,838.75 25,849.75 25,822.75 25,830.00   -5.75       -0.02   2,672.00
1127  2026-01-08 06:30:00  NAS100 25,830.00 25,835.25 25,818.75 25,822.75   -7.25       -0.03     974.00
1128  2026-01-08 07:00:00  NAS100 25,822.75 25,828.25 25,805.75 25,810.50  -12.25       -0.05   1,659.00
1129  2026-01-08 07:30:00  NAS100 25,810.50 25,843.50 25,810.00 25,842.50   32.00        0.12   1,950.00
1130  2026-01-08 08:00:00  NAS100 25,842.00 25,844.50 25,817.00 25,837.00   -5.50       -0.02   2,263.00
1131  2026-01-08 08:30:00  NAS100 25,837.50 25,840.25 25,820.75 25,837.75    0.75        0.00   1,400.00
1132  2026-01-08 09:00:00  NAS100 25,837.00 25,840.50 25,820.00 25,824.75  -13.00       -0.05   1,487.00
1133  2026-01-08 09:30:00  NAS100 25,825.50 25,827.50 25,774.00 25,786.25  -38.50       -0.15   3,031.00
1134  2026-01-08 10:00:00  NAS100 25,786.50 25,795.25 25,777.75 25,784.25   -2.00       -0.01   1,782.00
1135  2026-01-08 10:30:00  NAS100 25,784.75 25,790.50 25,769.75 25,776.75   -7.50       -0.03   1,344.00
1136  2026-01-08 11:00:00  NAS100 25,776.25 25,794.00 25,773.75 25,784.00    7.25        0.03   1,062.00
1137  2026-01-08 11:30:00  NAS100 25,783.50 25,785.75 25,772.75 25,778.50   -5.50       -0.02     840.00
1138  2026-01-08 12:00:00  NAS100 25,779.25 25,784.75 25,759.00 25,763.50  -15.00       -0.06   1,505.00
1139  2026-01-08 12:30:00  NAS100 25,763.50 25,763.50 25,737.25 25,738.25  -25.25       -0.10   1,820.00
1140  2026-01-08 13:00:00  NAS100 25,738.50 25,742.50 25,670.00 25,675.00  -63.25       -0.25   5,355.00
1141  2026-01-08 13:30:00  NAS100 25,675.25 25,710.25 25,672.00 25,705.75   30.75        0.12   2,785.00
1142  2026-01-08 14:00:00  NAS100 25,705.75 25,805.25 25,680.50 25,759.50   53.75        0.21   6,898.00
1143  2026-01-08 14:30:00  NAS100 25,757.75 25,779.50 25,741.75 25,749.75   -9.75       -0.04   3,007.00
1144  2026-01-08 15:00:00  NAS100 25,749.00 25,787.50 25,747.50 25,787.25   37.50        0.15   3,221.00
1145  2026-01-08 15:30:00  NAS100 25,787.50 25,803.50 25,777.25 25,780.50   -6.75       -0.03   3,221.00
1146  2026-01-08 16:00:00  NAS100 25,780.75 25,795.50 25,762.25 25,769.50  -11.00       -0.04   2,290.00
1147  2026-01-08 16:30:00  NAS100 25,770.25 25,773.25 25,751.00 25,770.00    0.50        0.00   2,048.00
1148  2026-01-08 17:00:00  NAS100 25,769.00 25,770.00 25,744.00 25,748.50  -21.50       -0.08   1,673.00
1149  2026-01-08 17:30:00  NAS100 25,748.00 25,774.25 25,745.75 25,772.25   23.75        0.09   1,674.00
1150  2026-01-08 18:00:00  NAS100 25,772.75 25,785.75 25,764.00 25,779.00    6.75        0.03   1,843.00
1151  2026-01-08 18:30:00  NAS100 25,778.25 25,786.00 25,738.75 25,771.75   -7.25       -0.03   3,688.00
1152  2026-01-08 19:00:00  NAS100 25,770.25 25,778.00 25,746.50 25,774.25    2.50        0.01   3,300.00
1153  2026-01-08 19:30:00  NAS100 25,774.00 25,777.00 25,754.75 25,767.00   -7.25       -0.03   1,967.00
1154  2026-01-08 20:00:00  NAS100 25,766.50 25,810.25 25,758.00 25,804.75   37.75        0.15   3,669.00
1155  2026-01-08 20:30:00  NAS100 25,805.25 25,818.00 25,786.00 25,799.50   -5.25       -0.02   4,787.00
1156  2026-01-08 21:00:00  NAS100 25,799.50 25,811.00 25,773.75 25,786.00  -13.50       -0.05   7,414.00
1157  2026-01-08 21:30:00  NAS100 25,786.50 25,803.00 25,597.25 25,603.25 -182.75       -0.71  94,199.00
1158  2026-01-08 22:00:00  NAS100 25,603.75 25,713.50 25,569.00 25,696.75   93.50        0.37  56,473.00
1159  2026-01-08 22:30:00  NAS100 25,696.75 25,705.25 25,611.00 25,684.25  -12.50       -0.05  44,036.00
1160  2026-01-08 23:00:00  NAS100 25,684.25 25,686.50 25,614.25 25,624.75  -59.50       -0.23  29,918.00
1161  2026-01-08 23:30:00  NAS100 25,624.50 25,679.50 25,583.75 25,671.25   46.50        0.18  30,447.00
1162  2026-01-09 00:00:00  NAS100 25,670.75 25,680.00 25,627.00 25,636.50  -34.75       -0.14  18,822.00
1163  2026-01-09 00:30:00  NAS100 25,636.00 25,703.75 25,634.50 25,680.50   44.00        0.17  16,814.00
1164  2026-01-09 01:00:00  NAS100 25,681.00 25,684.75 25,619.25 25,658.25  -22.25       -0.09  21,478.00
1165  2026-01-09 01:30:00  NAS100 25,658.50 25,676.25 25,624.50 25,631.75  -26.50       -0.10  13,801.00
1166  2026-01-09 02:00:00  NAS100 25,631.25 25,657.75 25,595.00 25,627.50   -4.25       -0.02  19,791.00
1167  2026-01-09 02:30:00  NAS100 25,627.50 25,645.75 25,613.00 25,634.25    6.75        0.03  14,886.00
1168  2026-01-09 03:00:00  NAS100 25,633.50 25,684.00 25,625.50 25,676.25   42.00        0.16  16,816.00
1169  2026-01-09 03:30:00  NAS100 25,676.00 25,700.00 25,666.75 25,682.50    6.25        0.02  27,968.00
1170  2026-01-09 04:00:00  NAS100 25,682.75 25,701.75 25,680.75 25,696.25   13.75        0.05   8,686.00
1171  2026-01-09 04:30:00  NAS100 25,695.75 25,741.75 25,695.75 25,712.00   15.75        0.06   4,618.00
1172  2026-01-09 06:00:00  NAS100 25,725.00 25,727.25 25,692.50 25,694.00  -18.00       -0.07   1,946.00
1173  2026-01-09 06:30:00  NAS100 25,694.50 25,698.00 25,671.75 25,675.75  -18.25       -0.07   1,579.00
1174  2026-01-09 07:00:00  NAS100 25,675.25 25,695.00 25,672.25 25,685.50    9.75        0.04   1,616.00
1175  2026-01-09 07:30:00  NAS100 25,685.50 25,695.00 25,664.25 25,666.00  -19.50       -0.08   2,200.00
1176  2026-01-09 08:00:00  NAS100 25,666.50 25,679.25 25,630.00 25,637.00  -29.00       -0.11   2,749.00
1177  2026-01-09 08:30:00  NAS100 25,637.75 25,654.00 25,627.50 25,651.75   14.75        0.06   2,463.00
1178  2026-01-09 09:00:00  NAS100 25,651.50 25,690.00 25,649.50 25,688.00   36.25        0.14   2,673.00
1179  2026-01-09 09:30:00  NAS100 25,688.00 25,694.00 25,673.50 25,684.00   -4.00       -0.02   1,544.00
1180  2026-01-09 10:00:00  NAS100 25,682.75 25,690.50 25,669.00 25,672.25  -11.75       -0.05   1,253.00
1181  2026-01-09 10:30:00  NAS100 25,672.75 25,684.00 25,666.00 25,674.50    2.25        0.01   1,047.00
1182  2026-01-09 11:00:00  NAS100 25,675.25 25,680.25 25,657.00 25,670.00   -4.50       -0.02   1,100.00
1183  2026-01-09 11:30:00  NAS100 25,669.25 25,680.75 25,665.50 25,677.25    7.25        0.03     825.00
1184  2026-01-09 12:00:00  NAS100 25,678.25 25,689.50 25,672.75 25,681.00    3.75        0.01   1,328.00
1185  2026-01-09 12:30:00  NAS100 25,679.75 25,695.25 25,666.75 25,693.50   12.50        0.05   1,164.00
1186  2026-01-09 13:00:00  NAS100 25,693.25 25,702.50 25,672.50 25,681.25  -12.25       -0.05     993.00
1187  2026-01-09 13:30:00  NAS100 25,682.00 25,699.25 25,681.50 25,689.75    8.50        0.03     821.00
1188  2026-01-09 14:00:00  NAS100 25,691.50 25,691.75 25,653.75 25,658.75  -31.00       -0.12   1,292.00
1189  2026-01-09 14:30:00  NAS100 25,657.50 25,681.25 25,652.25 25,672.75   14.00        0.05   1,414.00
1190  2026-01-09 15:00:00  NAS100 25,673.75 25,701.75 25,671.50 25,690.50   17.75        0.07   2,550.00
1191  2026-01-09 15:30:00  NAS100 25,690.75 25,698.50 25,665.25 25,674.50  -16.00       -0.06   2,486.00
1192  2026-01-09 16:00:00  NAS100 25,674.25 25,696.75 25,662.75 25,696.25   21.75        0.08   1,627.00
1193  2026-01-09 16:30:00  NAS100 25,696.50 25,725.25 25,696.50 25,721.75   25.50        0.10   3,020.00
1194  2026-01-09 17:00:00  NAS100 25,722.50 25,738.00 25,717.00 25,729.50    7.75        0.03   1,712.00
1195  2026-01-09 17:30:00  NAS100 25,730.25 25,735.50 25,721.75 25,727.75   -1.75       -0.01   1,363.00
1196  2026-01-09 18:00:00  NAS100 25,729.00 25,748.75 25,721.25 25,745.50   17.75        0.07   1,756.00
1197  2026-01-09 18:30:00  NAS100 25,745.25 25,767.25 25,738.00 25,740.50   -5.00       -0.02   2,487.00
1198  2026-01-09 19:00:00  NAS100 25,740.00 25,753.75 25,720.75 25,726.50  -14.00       -0.05   2,169.00
1199  2026-01-09 19:30:00  NAS100 25,726.50 25,749.25 25,712.00 25,748.75   22.25        0.09   2,582.00
1200  2026-01-09 20:00:00  NAS100 25,749.00 25,752.50 25,726.50 25,741.75   -7.00       -0.03   4,385.00
1201  2026-01-09 20:30:00  NAS100 25,742.75 25,807.50 25,736.50 25,804.75   63.00        0.24  13,481.00
1202  2026-01-09 21:00:00  NAS100 25,805.25 25,824.75 25,700.00 25,714.50  -90.25       -0.35  18,932.00
1203  2026-01-09 21:30:00  NAS100 25,714.00 25,790.25 25,648.50 25,734.75   20.25        0.08  75,389.00
1204  2026-01-09 22:00:00  NAS100 25,734.00 25,860.75 25,615.50 25,854.00  119.25        0.46  66,675.00
1205  2026-01-09 22:30:00  NAS100 25,854.25 25,879.00 25,761.25 25,812.25  -41.75       -0.16  50,285.00
1206  2026-01-09 23:00:00  NAS100 25,811.75 25,901.50 25,810.75 25,864.50   52.25        0.20  34,616.00
1207  2026-01-09 23:30:00  NAS100 25,864.50 25,920.50 25,845.00 25,910.25   45.75        0.18  27,303.00
1208  2026-01-10 00:00:00  NAS100 25,909.75 25,926.25 25,885.50 25,913.50    3.25        0.01  20,421.00
1209  2026-01-10 00:30:00  NAS100 25,913.00 25,936.00 25,904.00 25,923.50   10.00        0.04  18,971.00
1210  2026-01-10 01:00:00  NAS100 25,923.50 25,923.50 25,882.00 25,908.00  -15.50       -0.06  19,840.00
1211  2026-01-10 01:30:00  NAS100 25,908.50 25,967.75 25,906.75 25,961.25   53.25        0.21  21,298.00
1212  2026-01-10 02:00:00  NAS100 25,961.25 25,966.75 25,948.00 25,959.00   -2.25       -0.01  10,570.00
1213  2026-01-10 02:30:00  NAS100 25,959.25 25,972.75 25,952.25 25,954.50   -4.50       -0.02  12,695.00
1214  2026-01-10 03:00:00  NAS100 25,954.25 25,985.50 25,949.50 25,967.50   13.00        0.05  14,044.00
1215  2026-01-10 03:30:00  NAS100 25,967.25 25,973.25 25,930.25 25,933.25  -34.25       -0.13  29,501.00
1216  2026-01-10 04:00:00  NAS100 25,933.00 25,943.00 25,924.25 25,933.75    0.50        0.00  10,997.00
1217  2026-01-10 04:30:00  NAS100 25,933.50 25,934.25 25,923.25 25,931.75   -2.00       -0.01   3,066.00
1218  2026-01-12 06:00:00  NAS100 25,949.00 25,960.00 25,870.00 25,902.50  -29.25       -0.11   4,706.00
1219  2026-01-12 06:30:00  NAS100 25,902.75 25,912.00 25,894.00 25,894.25   -8.25       -0.03   1,703.00
1220  2026-01-12 07:00:00  NAS100 25,893.25 25,902.75 25,855.25 25,861.75  -32.50       -0.13   4,080.00
1221  2026-01-12 07:30:00  NAS100 25,861.00 25,862.50 25,772.50 25,789.50  -72.25       -0.28   7,819.00
1222  2026-01-12 08:00:00  NAS100 25,789.75 25,797.00 25,748.75 25,757.25  -32.25       -0.13   7,621.00
1223  2026-01-12 08:30:00  NAS100 25,756.25 25,785.00 25,723.25 25,778.50   21.25        0.08   5,821.00
1224  2026-01-12 09:00:00  NAS100 25,777.50 25,778.25 25,731.50 25,741.50  -37.00       -0.14   5,644.00
1225  2026-01-12 09:30:00  NAS100 25,740.50 25,764.25 25,740.00 25,748.00    6.50        0.03   3,124.00
1226  2026-01-12 10:00:00  NAS100 25,748.25 25,753.25 25,738.00 25,745.25   -2.75       -0.01   1,871.00
1227  2026-01-12 10:30:00  NAS100 25,745.25 25,753.25 25,710.25 25,737.75   -7.50       -0.03   3,909.00
1228  2026-01-12 11:00:00  NAS100 25,738.25 25,739.50 25,715.00 25,728.75   -9.00       -0.03   1,672.00
1229  2026-01-12 11:30:00  NAS100 25,728.25 25,738.00 25,722.50 25,727.00   -1.75       -0.01   1,364.00
1230  2026-01-12 12:00:00  NAS100 25,727.00 25,742.50 25,693.25 25,702.75  -24.25       -0.09   2,814.00
1231  2026-01-12 12:30:00  NAS100 25,702.25 25,702.25 25,676.25 25,698.75   -4.00       -0.02   3,545.00
1232  2026-01-12 13:00:00  NAS100 25,699.75 25,726.00 25,696.75 25,711.00   12.25        0.05   2,092.00
1233  2026-01-12 13:30:00  NAS100 25,710.25 25,721.50 25,705.50 25,716.75    5.75        0.02   1,106.00
1234  2026-01-12 14:00:00  NAS100 25,718.00 25,746.25 25,715.75 25,733.50   16.75        0.07   2,599.00
1235  2026-01-12 14:30:00  NAS100 25,733.50 25,736.00 25,723.25 25,731.50   -2.00       -0.01   1,477.00
1236  2026-01-12 15:00:00  NAS100 25,731.75 25,750.00 25,659.25 25,676.75  -54.75       -0.21   7,677.00
1237  2026-01-12 15:30:00  NAS100 25,677.00 25,677.25 25,632.75 25,660.50  -16.25       -0.06   6,049.00
1238  2026-01-12 16:00:00  NAS100 25,660.00 25,701.00 25,660.00 25,679.50   19.00        0.07   4,565.00
1239  2026-01-12 16:30:00  NAS100 25,679.75 25,706.50 25,666.00 25,698.00   18.50        0.07   3,240.00
1240  2026-01-12 17:00:00  NAS100 25,698.50 25,707.00 25,686.25 25,704.25    6.25        0.02   1,951.00
1241  2026-01-12 17:30:00  NAS100 25,705.25 25,723.00 25,702.00 25,707.25    3.00        0.01   2,768.00
1242  2026-01-12 18:00:00  NAS100 25,707.50 25,733.00 25,705.25 25,718.75   11.50        0.04   3,203.00
1243  2026-01-12 18:30:00  NAS100 25,718.25 25,724.50 25,710.00 25,718.75    0.00        0.00   1,623.00
1244  2026-01-12 19:00:00  NAS100 25,718.50 25,741.75 25,713.50 25,729.00   10.25        0.04   3,540.00
1245  2026-01-12 19:30:00  NAS100 25,729.00 25,761.50 25,728.25 25,752.75   23.75        0.09   4,773.00
1246  2026-01-12 20:00:00  NAS100 25,752.50 25,763.00 25,728.25 25,754.50    1.75        0.01   5,256.00
1247  2026-01-12 20:30:00  NAS100 25,754.00 25,760.00 25,737.00 25,743.50  -11.00       -0.04   4,486.00
1248  2026-01-12 21:00:00  NAS100 25,743.75 25,754.25 25,719.75 25,746.00    2.50        0.01   9,466.00
1249  2026-01-12 21:30:00  NAS100 25,746.25 25,924.00 25,743.50 25,901.00  155.00        0.60  74,323.00
1250  2026-01-12 22:00:00  NAS100 25,901.25 25,933.50 25,867.50 25,921.50   20.50        0.08  39,978.00
1251  2026-01-12 22:30:00  NAS100 25,921.75 25,922.50 25,863.75 25,915.50   -6.00       -0.02  30,212.00
1252  2026-01-12 23:00:00  NAS100 25,915.50 25,960.00 25,901.00 25,941.50   26.00        0.10  24,264.00
1253  2026-01-12 23:30:00  NAS100 25,941.75 25,969.50 25,922.00 25,961.00   19.50        0.08  22,567.00
1254  2026-01-13 00:00:00  NAS100 25,961.00 25,974.00 25,949.25 25,963.00    2.00        0.01  15,273.00
1255  2026-01-13 00:30:00  NAS100 25,962.25 25,972.75 25,938.25 25,968.00    5.00        0.02  11,653.00
1256  2026-01-13 01:00:00  NAS100 25,968.50 25,997.50 25,965.00 25,991.00   23.00        0.09  16,352.00
1257  2026-01-13 01:30:00  NAS100 25,991.00 25,993.50 25,974.00 25,978.50  -12.50       -0.05   9,581.00
1258  2026-01-13 02:00:00  NAS100 25,978.50 26,002.25 25,962.00 25,996.00   17.50        0.07  13,130.00
1259  2026-01-13 02:30:00  NAS100 25,996.25 26,016.50 25,995.25 26,014.75   18.75        0.07  13,568.00
1260  2026-01-13 03:00:00  NAS100 26,015.00 26,020.50 25,986.00 25,992.25  -22.50       -0.09  14,101.00
1261  2026-01-13 03:30:00  NAS100 25,991.00 25,995.50 25,950.50 25,952.25  -40.00       -0.15  30,364.00
1262  2026-01-13 04:00:00  NAS100 25,952.25 25,974.00 25,948.50 25,971.00   18.75        0.07   8,529.00
1263  2026-01-13 04:30:00  NAS100 25,971.00 25,971.50 25,932.75 25,942.25  -28.75       -0.11   3,849.00
1264  2026-01-13 06:00:00  NAS100 25,953.50 25,954.00 25,913.25 25,928.00  -14.25       -0.05   2,711.00
1265  2026-01-13 06:30:00  NAS100 25,928.00 25,932.00 25,893.50 25,895.50  -32.50       -0.13   3,117.00
1266  2026-01-13 07:00:00  NAS100 25,895.25 25,898.25 25,882.00 25,884.50  -11.00       -0.04   2,676.00
1267  2026-01-13 07:30:00  NAS100 25,884.00 25,888.50 25,871.50 25,875.25   -9.25       -0.04   2,330.00
1268  2026-01-13 08:00:00  NAS100 25,875.00 25,881.75 25,870.25 25,872.50   -2.75       -0.01   1,815.00
1269  2026-01-13 08:30:00  NAS100 25,873.00 25,891.25 25,845.75 25,878.75    6.25        0.02   4,349.00
1270  2026-01-13 09:00:00  NAS100 25,879.75 25,897.75 25,875.50 25,879.75    1.00        0.00   2,498.00
1271  2026-01-13 09:30:00  NAS100 25,878.75 25,892.25 25,874.25 25,878.25   -1.50       -0.01   1,328.00
1272  2026-01-13 10:00:00  NAS100 25,877.75 25,892.25 25,867.00 25,885.75    7.50        0.03   1,392.00
1273  2026-01-13 10:30:00  NAS100 25,885.50 25,886.75 25,861.50 25,882.25   -3.50       -0.01   1,684.00
1274  2026-01-13 11:00:00  NAS100 25,883.50 25,891.75 25,875.00 25,884.25    2.00        0.01   1,118.00
1275  2026-01-13 11:30:00  NAS100 25,884.50 25,890.75 25,869.00 25,885.00    0.75        0.00   1,179.00
1276  2026-01-13 12:00:00  NAS100 25,884.50 25,906.00 25,877.50 25,905.25   20.25        0.08   1,279.00
1277  2026-01-13 12:30:00  NAS100 25,905.50 25,907.25 25,883.75 25,901.50   -3.75       -0.01   1,415.00
1278  2026-01-13 13:00:00  NAS100 25,902.00 25,921.00 25,900.75 25,917.50   16.00        0.06   1,519.00
1279  2026-01-13 13:30:00  NAS100 25,918.25 25,932.75 25,910.75 25,917.00   -0.50       -0.00   1,573.00
1280  2026-01-13 14:00:00  NAS100 25,916.25 25,925.25 25,906.50 25,916.00   -1.00       -0.00   1,606.00
1281  2026-01-13 14:30:00  NAS100 25,914.00 25,923.75 25,909.25 25,917.25    1.25        0.00     870.00
1282  2026-01-13 15:00:00  NAS100 25,917.25 25,924.25 25,901.00 25,918.00    0.75        0.00   2,325.00
1283  2026-01-13 15:30:00  NAS100 25,919.50 25,923.50 25,895.50 25,906.25  -11.75       -0.05   2,051.00
1284  2026-01-13 16:00:00  NAS100 25,907.00 25,936.75 25,907.00 25,923.75   17.50        0.07   2,339.00
1285  2026-01-13 16:30:00  NAS100 25,923.25 25,927.75 25,893.50 25,909.75  -14.00       -0.05   1,911.00
1286  2026-01-13 17:00:00  NAS100 25,908.75 25,914.25 25,871.75 25,881.50  -28.25       -0.11   2,559.00
1287  2026-01-13 17:30:00  NAS100 25,881.50 25,896.00 25,875.75 25,878.00   -3.50       -0.01   1,493.00
1288  2026-01-13 18:00:00  NAS100 25,878.50 25,895.75 25,876.50 25,888.50   10.50        0.04   1,613.00
1289  2026-01-13 18:30:00  NAS100 25,889.75 25,900.75 25,870.50 25,900.50   12.00        0.05   2,866.00
1290  2026-01-13 19:00:00  NAS100 25,901.25 25,918.25 25,888.50 25,915.50   15.00        0.06   2,207.00
1291  2026-01-13 19:30:00  NAS100 25,915.00 25,918.75 25,888.25 25,895.25  -20.25       -0.08   2,771.00
1292  2026-01-13 20:00:00  NAS100 25,895.25 25,912.00 25,887.00 25,911.75   16.50        0.06   3,528.00
1293  2026-01-13 20:30:00  NAS100 25,912.00 26,045.50 25,905.50 25,971.25   59.50        0.23  24,401.00
1294  2026-01-13 21:00:00  NAS100 25,970.25 26,000.50 25,948.00 25,950.25  -21.00       -0.08  10,901.00
1295  2026-01-13 21:30:00  NAS100 25,950.50 26,042.75 25,930.75 25,948.75   -1.50       -0.01  75,176.00
1296  2026-01-13 22:00:00  NAS100 25,947.25 25,969.75 25,812.00 25,842.75 -106.00       -0.41  58,023.00
1297  2026-01-13 22:30:00  NAS100 25,841.75 25,904.75 25,809.25 25,894.50   51.75        0.20  46,561.00
1298  2026-01-13 23:00:00  NAS100 25,894.50 25,924.50 25,847.25 25,905.50   11.00        0.04  31,165.00
1299  2026-01-13 23:30:00  NAS100 25,904.50 26,025.75 25,893.75 26,008.50  103.00        0.40  35,240.00
1300  2026-01-14 00:00:00  NAS100 26,008.75 26,018.25 25,944.00 25,966.25  -42.25       -0.16  25,334.00
1301  2026-01-14 00:30:00  NAS100 25,966.50 25,978.75 25,857.75 25,877.25  -89.00       -0.34  32,906.00
1302  2026-01-14 01:00:00  NAS100 25,876.50 25,910.75 25,851.50 25,874.00   -3.25       -0.01  26,109.00
1303  2026-01-14 01:30:00  NAS100 25,873.75 25,904.00 25,833.75 25,839.75  -34.25       -0.13  21,389.00
1304  2026-01-14 02:00:00  NAS100 25,840.25 25,871.25 25,821.25 25,866.00   26.25        0.10  24,717.00
1305  2026-01-14 02:30:00  NAS100 25,865.50 25,885.25 25,844.25 25,866.25    0.25        0.00  17,746.00
1306  2026-01-14 03:00:00  NAS100 25,866.00 25,866.50 25,825.00 25,827.50  -38.75       -0.15  15,759.00
1307  2026-01-14 03:30:00  NAS100 25,827.25 25,912.00 25,803.25 25,903.75   76.25        0.30  35,681.00
1308  2026-01-14 04:00:00  NAS100 25,904.25 25,926.50 25,903.75 25,914.25   10.50        0.04  11,715.00
1309  2026-01-14 04:30:00  NAS100 25,914.25 25,914.25 25,896.00 25,898.25  -16.00       -0.06   1,887.00
1310  2026-01-14 06:00:00  NAS100 25,900.75 25,913.75 25,886.50 25,891.75   -6.50       -0.03   1,962.00
1311  2026-01-14 06:30:00  NAS100 25,891.25 25,902.50 25,888.75 25,891.00   -0.75       -0.00     835.00
1312  2026-01-14 07:00:00  NAS100 25,891.00 25,923.25 25,882.50 25,922.00   31.00        0.12   2,317.00
1313  2026-01-14 07:30:00  NAS100 25,923.25 25,924.75 25,906.50 25,907.25  -14.75       -0.06   1,104.00
1314  2026-01-14 08:00:00  NAS100 25,906.75 25,924.50 25,899.00 25,921.00   13.75        0.05   1,744.00
1315  2026-01-14 08:30:00  NAS100 25,920.25 25,923.00 25,879.00 25,886.50  -34.50       -0.13   2,066.00
1316  2026-01-14 09:00:00  NAS100 25,885.50 25,898.75 25,876.00 25,895.00    8.50        0.03   1,413.00
1317  2026-01-14 09:30:00  NAS100 25,895.75 25,896.00 25,886.50 25,894.00   -1.00       -0.00     498.00
1318  2026-01-14 10:00:00  NAS100 25,893.00 25,920.00 25,890.00 25,916.75   22.75        0.09   1,474.00
1319  2026-01-14 10:30:00  NAS100 25,916.50 25,925.75 25,913.75 25,915.00   -1.75       -0.01   1,101.00
1320  2026-01-14 11:00:00  NAS100 25,914.75 25,919.25 25,895.50 25,900.75  -14.25       -0.05   1,172.00
1321  2026-01-14 11:30:00  NAS100 25,900.75 25,900.75 25,873.25 25,882.00  -18.75       -0.07   1,267.00
1322  2026-01-14 12:00:00  NAS100 25,881.50 25,883.25 25,860.25 25,864.50  -17.50       -0.07   1,534.00
1323  2026-01-14 12:30:00  NAS100 25,864.50 25,875.00 25,852.75 25,856.25   -8.25       -0.03   1,379.00
1324  2026-01-14 13:00:00  NAS100 25,856.50 25,859.00 25,839.00 25,850.00   -6.25       -0.02   1,587.00
1325  2026-01-14 13:30:00  NAS100 25,851.25 25,863.75 25,835.50 25,859.50    9.50        0.04   2,037.00
1326  2026-01-14 14:00:00  NAS100 25,861.25 25,866.25 25,848.75 25,859.75    0.25        0.00   1,225.00
1327  2026-01-14 14:30:00  NAS100 25,859.75 25,871.75 25,855.25 25,862.75    3.00        0.01     939.00
1328  2026-01-14 15:00:00  NAS100 25,862.25 25,876.00 25,851.75 25,864.75    2.00        0.01   1,898.00
1329  2026-01-14 15:30:00  NAS100 25,865.00 25,865.75 25,840.25 25,858.00   -6.75       -0.03   1,810.00
1330  2026-01-14 16:00:00  NAS100 25,858.50 25,879.00 25,854.50 25,864.25    6.25        0.02   2,048.00
1331  2026-01-14 16:30:00  NAS100 25,865.75 25,869.75 25,835.75 25,852.00  -12.25       -0.05   1,778.00
1332  2026-01-14 17:00:00  NAS100 25,852.75 25,852.75 25,756.25 25,770.50  -81.50       -0.32   5,859.00
1333  2026-01-14 17:30:00  NAS100 25,770.50 25,774.50 25,712.25 25,737.50  -33.00       -0.13   6,813.00
1334  2026-01-14 18:00:00  NAS100 25,737.75 25,766.50 25,714.25 25,758.50   21.00        0.08   4,866.00
1335  2026-01-14 18:30:00  NAS100 25,760.00 25,769.25 25,739.00 25,743.00  -15.50       -0.06   2,498.00
1336  2026-01-14 19:00:00  NAS100 25,743.00 25,780.00 25,701.25 25,774.75   31.75        0.12   5,403.00
1337  2026-01-14 19:30:00  NAS100 25,773.75 25,784.50 25,769.25 25,779.75    5.00        0.02   2,372.00
1338  2026-01-14 20:00:00  NAS100 25,779.00 25,798.00 25,752.00 25,797.50   17.75        0.07   5,532.00
1339  2026-01-14 20:30:00  NAS100 25,797.50 25,805.50 25,732.50 25,754.75  -42.75       -0.17   9,491.00
1340  2026-01-14 21:00:00  NAS100 25,754.25 25,772.75 25,733.50 25,740.50  -14.25       -0.06   9,909.00
1341  2026-01-14 21:30:00  NAS100 25,739.75 25,790.25 25,582.00 25,585.00 -155.50       -0.60  92,741.00
1342  2026-01-14 22:00:00  NAS100 25,586.25 25,693.50 25,530.50 25,613.00   28.00        0.11  69,488.00
1343  2026-01-14 22:30:00  NAS100 25,612.50 25,634.25 25,469.50 25,492.00 -121.00       -0.47  57,911.00
1344  2026-01-14 23:00:00  NAS100 25,491.75 25,589.50 25,486.75 25,578.75   86.75        0.34  33,011.00
1345  2026-01-14 23:30:00  NAS100 25,578.75 25,592.25 25,440.00 25,460.25 -118.50       -0.46  39,976.00
1346  2026-01-15 00:00:00  NAS100 25,459.50 25,505.75 25,435.50 25,493.25   33.00        0.13  29,138.00
1347  2026-01-15 00:30:00  NAS100 25,493.25 25,509.00 25,433.25 25,449.75  -43.50       -0.17  26,756.00
1348  2026-01-15 01:00:00  NAS100 25,449.75 25,500.00 25,444.75 25,497.00   47.25        0.19  19,797.00
1349  2026-01-15 01:30:00  NAS100 25,497.50 25,526.00 25,420.75 25,515.00   18.00        0.07  30,000.00
1350  2026-01-15 02:00:00  NAS100 25,515.25 25,524.75 25,486.00 25,513.50   -1.50       -0.01  18,756.00
1351  2026-01-15 02:30:00  NAS100 25,513.25 25,534.00 25,492.75 25,500.50  -13.00       -0.05  16,698.00
1352  2026-01-15 03:00:00  NAS100 25,500.00 25,594.00 25,460.50 25,564.75   64.25        0.25  39,007.00
1353  2026-01-15 03:30:00  NAS100 25,564.50 25,644.25 25,563.25 25,636.50   71.75        0.28  54,690.00
1354  2026-01-15 04:00:00  NAS100 25,637.00 25,659.00 25,615.25 25,621.50  -15.00       -0.06  14,731.00
1355  2026-01-15 04:30:00  NAS100 25,621.50 25,629.00 25,553.25 25,612.00   -9.50       -0.04   6,001.00
1356  2026-01-15 06:00:00  NAS100 25,593.00 25,615.25 25,563.50 25,595.50  -16.50       -0.06   3,280.00
1357  2026-01-15 06:30:00  NAS100 25,597.25 25,610.75 25,586.25 25,605.25    9.75        0.04   2,061.00
1358  2026-01-15 07:00:00  NAS100 25,605.00 25,610.00 25,587.25 25,593.25  -12.00       -0.05   2,023.00
1359  2026-01-15 07:30:00  NAS100 25,594.00 25,610.75 25,586.00 25,603.25   10.00        0.04   1,753.00
1360  2026-01-15 08:00:00  NAS100 25,602.50 25,643.00 25,601.50 25,614.50   11.25        0.04   3,809.00
1361  2026-01-15 08:30:00  NAS100 25,614.75 25,632.50 25,562.50 25,629.75   15.25        0.06   4,419.00
1362  2026-01-15 09:00:00  NAS100 25,630.25 25,634.25 25,605.50 25,607.00  -22.75       -0.09   1,914.00
1363  2026-01-15 09:30:00  NAS100 25,607.75 25,617.25 25,595.75 25,609.00    2.00        0.01   1,229.00
1364  2026-01-15 10:00:00  NAS100 25,609.75 25,627.25 25,596.00 25,597.75  -11.25       -0.04   1,505.00
1365  2026-01-15 10:30:00  NAS100 25,597.00 25,615.50 25,579.50 25,581.50  -16.25       -0.06   2,113.00
1366  2026-01-15 11:00:00  NAS100 25,581.50 25,599.75 25,577.50 25,590.25    8.75        0.03   1,938.00
1367  2026-01-15 11:30:00  NAS100 25,591.00 25,593.00 25,569.50 25,578.25  -12.00       -0.05   1,581.00
1368  2026-01-15 12:00:00  NAS100 25,578.00 25,619.50 25,576.50 25,610.75   32.50        0.13   2,649.00
1369  2026-01-15 12:30:00  NAS100 25,611.50 25,647.50 25,608.75 25,622.75   12.00        0.05   3,604.00
1370  2026-01-15 13:00:00  NAS100 25,622.00 25,719.25 25,611.25 25,698.50   75.75        0.30   7,180.00
1371  2026-01-15 13:30:00  NAS100 25,699.25 25,723.00 25,685.50 25,700.75    2.25        0.01   3,508.00
1372  2026-01-15 14:00:00  NAS100 25,700.50 25,708.00 25,678.50 25,683.75  -17.00       -0.07   2,551.00
1373  2026-01-15 14:30:00  NAS100 25,683.75 25,702.50 25,677.75 25,689.00    5.25        0.02   2,782.00
1374  2026-01-15 15:00:00  NAS100 25,689.00 25,747.25 25,673.75 25,713.50   24.50        0.10   6,474.00
1375  2026-01-15 15:30:00  NAS100 25,712.25 25,742.00 25,710.25 25,738.25   24.75        0.10   2,681.00
1376  2026-01-15 16:00:00  NAS100 25,737.50 25,808.25 25,733.25 25,803.75   65.50        0.25   6,296.00
1377  2026-01-15 16:30:00  NAS100 25,804.50 25,832.75 25,804.00 25,812.75    9.00        0.03   5,270.00
1378  2026-01-15 17:00:00  NAS100 25,812.25 25,830.25 25,800.00 25,813.00    0.25        0.00   3,348.00
1379  2026-01-15 17:30:00  NAS100 25,813.50 25,828.25 25,809.00 25,817.00    4.00        0.02   1,730.00
1380  2026-01-15 18:00:00  NAS100 25,817.75 25,848.00 25,816.25 25,833.25   16.25        0.06   3,393.00
1381  2026-01-15 18:30:00  NAS100 25,833.25 25,855.75 25,830.00 25,842.50    9.25        0.04   2,567.00
1382  2026-01-15 19:00:00  NAS100 25,841.25 25,844.50 25,815.75 25,830.75  -11.75       -0.05   4,143.00
1383  2026-01-15 19:30:00  NAS100 25,830.75 25,854.25 25,811.25 25,852.75   22.00        0.09   4,252.00
1384  2026-01-15 20:00:00  NAS100 25,852.00 25,873.50 25,834.00 25,868.75   16.00        0.06   5,536.00
1385  2026-01-15 20:30:00  NAS100 25,868.25 25,916.75 25,855.50 25,893.75   25.00        0.10  10,643.00
1386  2026-01-15 21:00:00  NAS100 25,893.75 25,951.00 25,891.25 25,924.50   30.75        0.12  16,053.00
1387  2026-01-15 21:30:00  NAS100 25,924.75 25,952.75 25,843.00 25,864.00  -60.50       -0.23  85,473.00
1388  2026-01-15 22:00:00  NAS100 25,863.50 25,915.75 25,841.50 25,862.75   -1.25       -0.00  42,757.00
1389  2026-01-15 22:30:00  NAS100 25,863.00 25,925.75 25,803.25 25,884.25   21.50        0.08  50,951.00
1390  2026-01-15 23:00:00  NAS100 25,884.50 25,932.00 25,877.25 25,905.00   20.75        0.08  29,418.00
1391  2026-01-15 23:30:00  NAS100 25,904.75 25,937.25 25,882.00 25,924.75   19.75        0.08  23,363.00
1392  2026-01-16 00:00:00  NAS100 25,924.50 25,938.00 25,877.50 25,880.50  -44.25       -0.17  18,859.00
1393  2026-01-16 00:30:00  NAS100 25,881.00 25,894.75 25,849.25 25,853.50  -27.00       -0.10  20,623.00
1394  2026-01-16 01:00:00  NAS100 25,853.25 25,898.25 25,848.75 25,897.25   43.75        0.17  16,364.00
1395  2026-01-16 01:30:00  NAS100 25,896.50 25,911.00 25,878.00 25,886.00  -11.25       -0.04  14,408.00
1396  2026-01-16 02:00:00  NAS100 25,885.00 25,885.00 25,791.00 25,800.00  -86.00       -0.33  30,130.00
1397  2026-01-16 02:30:00  NAS100 25,799.00 25,804.75 25,746.25 25,757.50  -42.50       -0.16  37,233.00
1398  2026-01-16 03:00:00  NAS100 25,756.00 25,771.75 25,690.50 25,718.75  -38.75       -0.15  35,621.00
1399  2026-01-16 03:30:00  NAS100 25,719.00 25,726.25 25,676.50 25,719.25    0.50        0.00  42,339.00
1400  2026-01-16 04:00:00  NAS100 25,718.50 25,727.25 25,693.75 25,699.75  -19.50       -0.08  11,000.00
1401  2026-01-16 04:30:00  NAS100 25,699.50 25,709.50 25,695.00 25,707.00    7.25        0.03   2,500.00
1402  2026-01-16 06:00:00  NAS100 25,720.50 25,733.75 25,704.25 25,732.25   25.25        0.10   2,138.00
1403  2026-01-16 06:30:00  NAS100 25,732.50 25,750.75 25,722.25 25,741.50    9.25        0.04   1,586.00
1404  2026-01-16 07:00:00  NAS100 25,741.00 25,754.00 25,731.00 25,749.50    8.00        0.03   1,893.00
1405  2026-01-16 07:30:00  NAS100 25,749.50 25,762.25 25,747.00 25,760.75   11.25        0.04   1,337.00
1406  2026-01-16 08:00:00  NAS100 25,760.00 25,776.50 25,748.50 25,760.50   -0.25       -0.00   2,772.00
1407  2026-01-16 08:30:00  NAS100 25,760.00 25,783.25 25,759.50 25,769.50    9.00        0.03   2,182.00
1408  2026-01-16 09:00:00  NAS100 25,769.75 25,789.50 25,762.50 25,789.50   20.00        0.08   1,701.00
1409  2026-01-16 09:30:00  NAS100 25,788.50 25,797.00 25,786.50 25,787.25   -2.25       -0.01   1,436.00
1410  2026-01-16 10:00:00  NAS100 25,787.75 25,800.00 25,785.50 25,790.25    3.00        0.01     967.00
1411  2026-01-16 10:30:00  NAS100 25,789.50 25,795.75 25,784.00 25,786.50   -3.75       -0.01     867.00
1412  2026-01-16 11:00:00  NAS100 25,787.25 25,810.00 25,784.75 25,802.50   16.00        0.06   1,201.00
1413  2026-01-16 11:30:00  NAS100 25,801.75 25,811.00 25,795.75 25,809.50    7.00        0.03     767.00
1414  2026-01-16 12:00:00  NAS100 25,810.00 25,820.25 25,803.00 25,818.25    8.75        0.03   1,307.00
1415  2026-01-16 12:30:00  NAS100 25,818.25 25,820.25 25,804.25 25,807.75  -10.50       -0.04   1,092.00
1416  2026-01-16 13:00:00  NAS100 25,808.00 25,821.00 25,803.25 25,812.75    5.00        0.02   1,206.00
1417  2026-01-16 13:30:00  NAS100 25,812.50 25,827.00 25,809.50 25,823.00   10.25        0.04   1,213.00
1418  2026-01-16 14:00:00  NAS100 25,823.75 25,829.75 25,815.25 25,822.50   -0.50       -0.00   1,189.00
1419  2026-01-16 14:30:00  NAS100 25,822.75 25,838.00 25,807.50 25,824.50    2.00        0.01   1,840.00
1420  2026-01-16 15:00:00  NAS100 25,823.50 25,845.25 25,813.25 25,817.25   -7.25       -0.03   2,580.00
1421  2026-01-16 15:30:00  NAS100 25,817.50 25,834.25 25,795.50 25,817.25    0.00        0.00   3,002.00
1422  2026-01-16 16:00:00  NAS100 25,816.25 25,840.75 25,810.00 25,839.50   22.25        0.09   2,178.00
1423  2026-01-16 16:30:00  NAS100 25,839.75 25,842.50 25,813.75 25,815.50  -24.00       -0.09   1,507.00
1424  2026-01-16 17:00:00  NAS100 25,815.50 25,841.75 25,810.25 25,836.75   21.25        0.08   1,921.00
1425  2026-01-16 17:30:00  NAS100 25,837.50 25,864.25 25,837.00 25,855.00   18.25        0.07   2,669.00
1426  2026-01-16 18:00:00  NAS100 25,855.50 25,873.25 25,847.00 25,867.50   12.50        0.05   2,096.00
1427  2026-01-16 18:30:00  NAS100 25,867.75 25,868.50 25,825.75 25,833.25  -34.25       -0.13   2,369.00
1428  2026-01-16 19:00:00  NAS100 25,832.75 25,843.75 25,820.75 25,834.00    0.75        0.00   2,435.00
1429  2026-01-16 19:30:00  NAS100 25,834.00 25,853.00 25,805.75 25,831.00   -3.00       -0.01   4,600.00
1430  2026-01-16 20:00:00  NAS100 25,830.25 25,834.25 25,802.00 25,824.25   -6.75       -0.03   4,532.00
1431  2026-01-16 20:30:00  NAS100 25,823.25 25,838.50 25,808.75 25,826.50    2.25        0.01   5,683.00
1432  2026-01-16 21:00:00  NAS100 25,826.00 25,878.00 25,823.00 25,868.50   42.00        0.16  15,009.00
1433  2026-01-16 21:30:00  NAS100 25,868.00 25,891.00 25,726.25 25,728.50 -140.00       -0.54  67,561.00
1434  2026-01-16 22:00:00  NAS100 25,729.00 25,765.50 25,663.75 25,668.25  -60.25       -0.23  56,088.00
1435  2026-01-16 22:30:00  NAS100 25,668.75 25,682.25 25,591.50 25,680.50   12.25        0.05  51,883.00
1436  2026-01-16 23:00:00  NAS100 25,680.25 25,719.75 25,661.00 25,716.25   35.75        0.14  27,645.00
1437  2026-01-16 23:30:00  NAS100 25,717.00 25,752.75 25,686.50 25,716.50    0.25        0.00  29,390.00
1438  2026-01-17 00:00:00  NAS100 25,716.50 25,721.50 25,695.25 25,701.50  -15.00       -0.06  16,619.00
1439  2026-01-17 00:30:00  NAS100 25,700.50 25,713.50 25,657.75 25,660.00  -41.50       -0.16  18,698.00
1440  2026-01-17 01:00:00  NAS100 25,660.75 25,729.25 25,654.00 25,719.50   59.50        0.23  18,811.00
1441  2026-01-17 01:30:00  NAS100 25,719.50 25,732.25 25,709.75 25,716.50   -3.00       -0.01   9,680.00
1442  2026-01-17 02:00:00  NAS100 25,716.25 25,748.00 25,672.75 25,681.25  -35.25       -0.14  22,707.00
1443  2026-01-17 02:30:00  NAS100 25,681.75 25,729.25 25,678.75 25,716.25   35.00        0.14  15,897.00
1444  2026-01-17 03:00:00  NAS100 25,715.75 25,729.50 25,704.00 25,711.50   -4.75       -0.02  12,921.00
1445  2026-01-17 03:30:00  NAS100 25,711.25 25,722.50 25,681.50 25,684.50  -27.00       -0.11  42,718.00
1446  2026-01-17 04:00:00  NAS100 25,684.25 25,702.25 25,671.00 25,686.25    1.75        0.01  12,024.00
1447  2026-01-17 04:30:00  NAS100 25,686.00 25,689.75 25,680.00 25,681.25   -5.00       -0.02   2,355.00
1448  2026-01-19 06:00:00  NAS100 25,471.00 25,472.00 25,396.00 25,440.50 -240.75       -0.94   8,272.00
1449  2026-01-19 06:30:00  NAS100 25,440.00 25,468.75 25,421.75 25,466.75   26.25        0.10   3,340.00
1450  2026-01-19 07:00:00  NAS100 25,466.25 25,470.00 25,378.75 25,386.25  -80.50       -0.32   5,715.00
1451  2026-01-19 07:30:00  NAS100 25,388.00 25,448.75 25,373.25 25,427.50   41.25        0.16   4,374.00
1452  2026-01-19 08:00:00  NAS100 25,428.75 25,452.00 25,399.00 25,406.75  -20.75       -0.08   3,579.00
1453  2026-01-19 08:30:00  NAS100 25,408.75 25,422.75 25,386.50 25,397.75   -9.00       -0.04   3,171.00
1454  2026-01-19 09:00:00  NAS100 25,399.25 25,424.75 25,392.00 25,411.00   13.25        0.05   2,420.00
1455  2026-01-19 09:30:00  NAS100 25,412.00 25,419.50 25,407.50 25,417.50    6.50        0.03   1,099.00
1456  2026-01-19 10:00:00  NAS100 25,415.75 25,418.25 25,368.00 25,381.25  -36.25       -0.14   2,477.00
1457  2026-01-19 10:30:00  NAS100 25,381.50 25,395.00 25,363.00 25,387.00    5.75        0.02   2,353.00
1458  2026-01-19 11:00:00  NAS100 25,388.25 25,392.50 25,371.75 25,388.75    1.75        0.01   1,057.00
1459  2026-01-19 11:30:00  NAS100 25,389.25 25,395.00 25,374.75 25,379.75   -9.00       -0.04     806.00
1460  2026-01-19 12:00:00  NAS100 25,380.00 25,415.75 25,371.00 25,415.00   35.25        0.14   1,847.00
1461  2026-01-19 12:30:00  NAS100 25,415.25 25,419.00 25,393.00 25,393.25  -21.75       -0.09   1,265.00
1462  2026-01-19 13:00:00  NAS100 25,393.25 25,410.50 25,390.50 25,401.25    8.00        0.03   1,131.00
1463  2026-01-19 13:30:00  NAS100 25,401.00 25,414.25 25,381.00 25,384.75  -16.50       -0.06   1,876.00
1464  2026-01-19 14:00:00  NAS100 25,384.75 25,392.50 25,350.00 25,359.75  -25.00       -0.10   4,000.00
1465  2026-01-19 14:30:00  NAS100 25,360.00 25,369.25 25,325.75 25,351.75   -8.00       -0.03   4,005.00
1466  2026-01-19 15:00:00  NAS100 25,352.75 25,406.25 25,348.00 25,382.25   30.50        0.12   5,020.00
1467  2026-01-19 15:30:00  NAS100 25,382.25 25,410.75 25,373.25 25,391.00    8.75        0.03   2,132.00
1468  2026-01-19 16:00:00  NAS100 25,391.75 25,396.00 25,299.50 25,324.75  -66.25       -0.26   5,111.00
1469  2026-01-19 16:30:00  NAS100 25,324.00 25,335.75 25,262.00 25,280.75  -44.00       -0.17   5,461.00
1470  2026-01-19 17:00:00  NAS100 25,280.25 25,312.50 25,257.75 25,306.25   25.50        0.10   3,465.00
1471  2026-01-19 17:30:00  NAS100 25,305.75 25,309.00 25,265.25 25,270.00  -36.25       -0.14   2,542.00
1472  2026-01-19 18:00:00  NAS100 25,269.00 25,314.50 25,264.50 25,313.50   43.50        0.17   2,794.00
1473  2026-01-19 18:30:00  NAS100 25,314.00 25,317.75 25,279.75 25,291.25  -22.25       -0.09   2,296.00
1474  2026-01-19 19:00:00  NAS100 25,290.25 25,308.50 25,271.00 25,303.75   12.50        0.05   2,480.00
1475  2026-01-19 19:30:00  NAS100 25,304.00 25,348.50 25,294.25 25,329.00   25.25        0.10   3,501.00
1476  2026-01-19 20:00:00  NAS100 25,329.00 25,344.00 25,283.75 25,300.00  -29.00       -0.11   4,126.00
1477  2026-01-19 20:30:00  NAS100 25,299.00 25,333.75 25,290.50 25,321.50   21.50        0.08   3,278.00
1478  2026-01-19 21:00:00  NAS100 25,318.50 25,347.75 25,281.50 25,293.00  -28.50       -0.11   6,529.00
1479  2026-01-19 21:30:00  NAS100 25,291.25 25,317.75 25,236.50 25,316.00   23.00        0.09  15,268.00
1480  2026-01-19 22:00:00  NAS100 25,316.00 25,344.00 25,287.00 25,318.25    2.25        0.01  11,733.00
1481  2026-01-19 22:30:00  NAS100 25,319.00 25,334.25 25,299.00 25,327.50    9.25        0.04   9,215.00
1482  2026-01-19 23:00:00  NAS100 25,327.75 25,383.50 25,321.00 25,336.50    9.00        0.04  12,790.00
1483  2026-01-19 23:30:00  NAS100 25,335.75 25,383.50 25,334.25 25,378.25   41.75        0.16   7,414.00
1484  2026-01-20 00:00:00  NAS100 25,378.50 25,411.50 25,372.00 25,408.50   30.25        0.12   6,055.00
1485  2026-01-20 00:30:00  NAS100 25,409.00 25,417.25 25,393.50 25,398.25  -10.25       -0.04   4,253.00
1486  2026-01-20 06:00:00  NAS100 25,394.75 25,405.00 25,367.25 25,388.00  -10.25       -0.04   3,230.00
1487  2026-01-20 06:30:00  NAS100 25,388.75 25,401.50 25,372.75 25,378.00  -10.00       -0.04   1,568.00
1488  2026-01-20 07:00:00  NAS100 25,379.00 25,381.25 25,323.75 25,332.50  -45.50       -0.18   3,732.00
1489  2026-01-20 07:30:00  NAS100 25,332.50 25,404.25 25,329.25 25,361.25   28.75        0.11   3,877.00
1490  2026-01-20 08:00:00  NAS100 25,362.25 25,423.25 25,362.25 25,420.75   59.50        0.23   4,942.00
1491  2026-01-20 08:30:00  NAS100 25,419.75 25,432.50 25,412.75 25,420.25   -0.50       -0.00   2,213.00
1492  2026-01-20 09:00:00  NAS100 25,420.00 25,435.50 25,391.50 25,406.00  -14.25       -0.06   2,698.00
1493  2026-01-20 09:30:00  NAS100 25,409.00 25,439.75 25,409.00 25,424.50   18.50        0.07   2,347.00
1494  2026-01-20 10:00:00  NAS100 25,424.75 25,431.50 25,413.00 25,418.25   -6.25       -0.02   1,822.00
1495  2026-01-20 10:30:00  NAS100 25,417.25 25,420.75 25,402.50 25,410.00   -8.25       -0.03   1,702.00
1496  2026-01-20 11:00:00  NAS100 25,409.00 25,412.00 25,391.75 25,403.00   -7.00       -0.03   1,463.00
1497  2026-01-20 11:30:00  NAS100 25,402.75 25,410.25 25,370.00 25,380.75  -22.25       -0.09   1,836.00
1498  2026-01-20 12:00:00  NAS100 25,379.75 25,412.00 25,367.25 25,406.50   25.75        0.10   2,160.00
1499  2026-01-20 12:30:00  NAS100 25,408.00 25,412.50 25,380.25 25,383.50  -23.00       -0.09   1,841.00
1500  2026-01-20 13:00:00  NAS100 25,382.50 25,390.50 25,293.75 25,302.75  -80.75       -0.32   5,073.00
1501  2026-01-20 13:30:00  NAS100 25,303.50 25,315.50 25,260.00 25,310.50    7.75        0.03   6,302.00
1502  2026-01-20 14:00:00  NAS100 25,311.00 25,320.50 25,256.75 25,297.25  -13.25       -0.05   5,193.00
1503  2026-01-20 14:30:00  NAS100 25,296.25 25,301.25 25,257.25 25,284.25  -13.00       -0.05   3,131.00
1504  2026-01-20 15:00:00  NAS100 25,284.00 25,288.25 25,225.25 25,237.25  -47.00       -0.19   8,309.00
1505  2026-01-20 15:30:00  NAS100 25,235.75 25,235.75 25,166.75 25,201.00  -36.25       -0.14   8,981.00
1506  2026-01-20 16:00:00  NAS100 25,201.75 25,220.25 25,130.00 25,143.50  -57.50       -0.23   9,347.00
1507  2026-01-20 16:30:00  NAS100 25,143.25 25,144.50 25,095.25 25,134.25   -9.25       -0.04   8,579.00
1508  2026-01-20 17:00:00  NAS100 25,134.50 25,207.50 25,109.50 25,195.50   61.25        0.24   6,062.00
1509  2026-01-20 17:30:00  NAS100 25,196.50 25,204.00 25,166.25 25,176.00  -19.50       -0.08   3,779.00
1510  2026-01-20 18:00:00  NAS100 25,174.75 25,228.00 25,172.75 25,201.25   25.25        0.10   4,809.00
1511  2026-01-20 18:30:00  NAS100 25,200.50 25,221.00 25,175.25 25,205.50    4.25        0.02   3,575.00
1512  2026-01-20 19:00:00  NAS100 25,204.75 25,255.50 25,191.75 25,234.25   28.75        0.11   7,495.00
1513  2026-01-20 19:30:00  NAS100 25,233.50 25,283.75 25,226.75 25,256.75   22.50        0.09   6,558.00
1514  2026-01-20 20:00:00  NAS100 25,258.00 25,277.25 25,223.00 25,247.25   -9.50       -0.04   8,750.00
1515  2026-01-20 20:30:00  NAS100 25,248.50 25,251.00 25,181.00 25,212.50  -34.75       -0.14  17,867.00
1516  2026-01-20 21:00:00  NAS100 25,211.75 25,253.25 25,201.50 25,242.75   30.25        0.12  13,007.00
1517  2026-01-20 21:30:00  NAS100 25,243.50 25,368.50 25,233.75 25,324.75   82.00        0.32  94,386.00
1518  2026-01-20 22:00:00  NAS100 25,322.00 25,363.50 25,254.75 25,361.25   36.50        0.14  49,476.00
1519  2026-01-20 22:30:00  NAS100 25,361.75 25,417.00 25,313.25 25,362.75    1.50        0.01  45,843.00
1520  2026-01-20 23:00:00  NAS100 25,363.00 25,428.25 25,333.75 25,404.25   41.50        0.16  38,019.00
1521  2026-01-20 23:30:00  NAS100 25,404.25 25,429.75 25,335.75 25,398.50   -5.75       -0.02  36,854.00
1522  2026-01-21 00:00:00  NAS100 25,398.75 25,406.75 25,326.75 25,339.25  -59.25       -0.23  26,490.00
1523  2026-01-21 00:30:00  NAS100 25,339.00 25,339.00 25,257.50 25,292.75  -46.50       -0.18  30,707.00
1524  2026-01-21 01:00:00  NAS100 25,293.00 25,311.25 25,244.00 25,247.75  -45.00       -0.18  17,539.00
1525  2026-01-21 01:30:00  NAS100 25,247.50 25,256.00 25,170.50 25,199.25  -48.50       -0.19  29,243.00
1526  2026-01-21 02:00:00  NAS100 25,199.00 25,225.00 25,149.25 25,161.25  -38.00       -0.15  24,186.00
1527  2026-01-21 02:30:00  NAS100 25,161.00 25,179.25 25,128.00 25,169.25    8.00        0.03  28,227.00
1528  2026-01-21 03:00:00  NAS100 25,169.25 25,169.75 25,116.00 25,129.50  -39.75       -0.16  30,537.00
1529  2026-01-21 03:30:00  NAS100 25,129.25 25,143.75 25,098.00 25,142.25   12.75        0.05  50,122.00
1530  2026-01-21 04:00:00  NAS100 25,142.50 25,167.25 25,127.25 25,144.00    1.75        0.01  15,114.00
1531  2026-01-21 04:30:00  NAS100 25,143.25 25,145.75 25,122.50 25,142.75   -1.25       -0.00   4,018.00
1532  2026-01-21 06:00:00  NAS100 25,149.50 25,175.25 25,137.25 25,153.75   11.00        0.04   2,853.00
1533  2026-01-21 06:30:00  NAS100 25,155.00 25,164.50 25,103.50 25,116.50  -37.25       -0.15   2,989.00
1534  2026-01-21 07:00:00  NAS100 25,117.25 25,158.75 25,116.25 25,157.00   40.50        0.16   2,715.00
1535  2026-01-21 07:30:00  NAS100 25,157.75 25,186.00 25,154.00 25,179.00   22.00        0.09   3,737.00
1536  2026-01-21 08:00:00  NAS100 25,179.00 25,217.50 25,179.00 25,211.25   32.25        0.13   3,454.00
1537  2026-01-21 08:30:00  NAS100 25,211.50 25,218.75 25,197.50 25,202.00   -9.25       -0.04   2,740.00
1538  2026-01-21 09:00:00  NAS100 25,202.25 25,209.00 25,177.25 25,178.25  -23.75       -0.09   2,834.00
1539  2026-01-21 09:30:00  NAS100 25,178.00 25,191.50 25,168.00 25,179.00    0.75        0.00   2,353.00
1540  2026-01-21 10:00:00  NAS100 25,179.75 25,227.50 25,178.75 25,221.25   42.25        0.17   3,385.00
1541  2026-01-21 10:30:00  NAS100 25,222.25 25,226.25 25,186.00 25,197.50  -23.75       -0.09   3,467.00
1542  2026-01-21 11:00:00  NAS100 25,196.75 25,213.25 25,183.00 25,206.75    9.25        0.04   1,963.00
1543  2026-01-21 11:30:00  NAS100 25,206.00 25,212.00 25,193.00 25,197.00   -9.75       -0.04   1,595.00
1544  2026-01-21 12:00:00  NAS100 25,197.25 25,220.00 25,184.75 25,210.50   13.50        0.05   2,318.00
1545  2026-01-21 12:30:00  NAS100 25,210.00 25,225.50 25,210.00 25,220.25    9.75        0.04   1,622.00
1546  2026-01-21 13:00:00  NAS100 25,219.75 25,230.25 25,209.25 25,219.25   -1.00       -0.00   2,568.00
1547  2026-01-21 13:30:00  NAS100 25,220.25 25,231.50 25,191.75 25,196.25  -23.00       -0.09   2,604.00
1548  2026-01-21 14:00:00  NAS100 25,196.25 25,246.50 25,193.25 25,240.50   44.25        0.18   4,046.00
1549  2026-01-21 14:30:00  NAS100 25,240.50 25,240.75 25,205.00 25,213.50  -27.00       -0.11   2,161.00
1550  2026-01-21 15:00:00  NAS100 25,212.50 25,234.00 25,194.25 25,221.00    7.50        0.03   3,474.00
1551  2026-01-21 15:30:00  NAS100 25,221.25 25,228.50 25,203.50 25,204.75  -16.25       -0.06   2,335.00
1552  2026-01-21 16:00:00  NAS100 25,204.50 25,225.25 25,182.50 25,196.50   -8.25       -0.03   3,887.00
1553  2026-01-21 16:30:00  NAS100 25,196.00 25,196.25 25,128.75 25,129.00  -67.50       -0.27   5,006.00
1554  2026-01-21 17:00:00  NAS100 25,129.50 25,183.25 25,121.75 25,176.75   47.75        0.19   4,260.00
1555  2026-01-21 17:30:00  NAS100 25,177.50 25,188.25 25,151.50 25,153.25  -23.50       -0.09   2,460.00
1556  2026-01-21 18:00:00  NAS100 25,153.00 25,159.25 25,134.25 25,142.00  -11.25       -0.04   3,690.00
1557  2026-01-21 18:30:00  NAS100 25,144.25 25,158.00 25,040.50 25,045.50  -96.50       -0.38   8,329.00
1558  2026-01-21 19:00:00  NAS100 25,047.00 25,089.25 25,025.00 25,071.25   25.75        0.10   7,684.00
1559  2026-01-21 19:30:00  NAS100 25,071.25 25,089.75 25,032.75 25,085.75   14.50        0.06   6,273.00
1560  2026-01-21 20:00:00  NAS100 25,086.50 25,113.25 25,070.25 25,075.25  -10.50       -0.04   6,563.00
1561  2026-01-21 20:30:00  NAS100 25,075.25 25,125.50 25,041.00 25,085.00    9.75        0.04  14,383.00
1562  2026-01-21 21:00:00  NAS100 25,083.00 25,258.00 25,072.25 25,197.00  112.00        0.45  40,582.00
1563  2026-01-21 21:30:00  NAS100 25,196.50 25,339.25 25,127.50 25,324.75  127.75        0.51  76,813.00
1564  2026-01-21 22:00:00  NAS100 25,323.50 25,386.75 25,294.75 25,379.50   54.75        0.22  50,918.00
1565  2026-01-21 22:30:00  NAS100 25,380.00 25,488.00 25,378.00 25,470.00   90.50        0.36  45,237.00
1566  2026-01-21 23:00:00  NAS100 25,469.75 25,494.25 25,442.75 25,457.50  -12.50       -0.05  34,771.00
1567  2026-01-21 23:30:00  NAS100 25,458.00 25,460.25 25,220.50 25,229.25 -228.25       -0.90  66,156.00
1568  2026-01-22 00:00:00  NAS100 25,229.75 25,262.75 25,142.00 25,205.75  -23.50       -0.09  52,231.00
1569  2026-01-22 00:30:00  NAS100 25,206.00 25,260.75 25,166.75 25,246.25   40.50        0.16  36,387.00
1570  2026-01-22 01:00:00  NAS100 25,244.75 25,251.50 25,150.75 25,235.50  -10.75       -0.04  34,995.00
1571  2026-01-22 01:30:00  NAS100 25,236.00 25,294.75 25,204.00 25,283.25   47.75        0.19  29,058.00
1572  2026-01-22 02:00:00  NAS100 25,282.25 25,457.00 25,232.75 25,429.50  146.25        0.58  37,188.00
1573  2026-01-22 02:30:00  NAS100 25,430.25 25,648.25 25,421.00 25,638.75  209.25        0.82  69,572.00
1574  2026-01-22 03:00:00  NAS100 25,639.00 25,653.50 25,485.00 25,486.50 -152.25       -0.59  37,678.00
1575  2026-01-22 03:30:00  NAS100 25,486.50 25,515.75 25,446.00 25,471.50  -15.00       -0.06  49,804.00
1576  2026-01-22 04:00:00  NAS100 25,471.50 25,530.75 25,470.50 25,512.50   41.00        0.16  12,593.00
1577  2026-01-22 04:30:00  NAS100 25,513.00 25,515.00 25,500.00 25,509.50   -3.00       -0.01   2,943.00
1578  2026-01-22 06:00:00  NAS100 25,529.50 25,569.25 25,529.50 25,558.00   48.50        0.19   2,850.00
1579  2026-01-22 06:30:00  NAS100 25,557.75 25,559.00 25,523.25 25,552.50   -5.50       -0.02   2,355.00
1580  2026-01-22 07:00:00  NAS100 25,553.00 25,583.25 25,538.50 25,567.00   14.50        0.06   3,425.00
1581  2026-01-22 07:30:00  NAS100 25,568.00 25,578.50 25,546.50 25,558.50   -8.50       -0.03   2,415.00
1582  2026-01-22 08:00:00  NAS100 25,559.50 25,591.75 25,552.75 25,590.50   32.00        0.13   2,563.00
1583  2026-01-22 08:30:00  NAS100 25,589.75 25,601.00 25,585.50 25,594.50    4.00        0.02   2,475.00
1584  2026-01-22 09:00:00  NAS100 25,595.25 25,602.50 25,577.75 25,583.50  -11.00       -0.04   1,806.00
1585  2026-01-22 09:30:00  NAS100 25,583.75 25,583.75 25,565.00 25,568.00  -15.50       -0.06   1,500.00
1586  2026-01-22 10:00:00  NAS100 25,568.25 25,595.00 25,568.25 25,584.75   16.75        0.07   1,767.00
1587  2026-01-22 10:30:00  NAS100 25,585.00 25,592.00 25,575.75 25,589.50    4.75        0.02     931.00
1588  2026-01-22 11:00:00  NAS100 25,589.75 25,590.25 25,566.00 25,575.25  -14.25       -0.06   1,138.00
1589  2026-01-22 11:30:00  NAS100 25,574.75 25,580.00 25,566.25 25,574.50   -0.75       -0.00     768.00
1590  2026-01-22 12:00:00  NAS100 25,574.75 25,577.25 25,562.00 25,567.00   -7.50       -0.03   1,135.00
1591  2026-01-22 12:30:00  NAS100 25,567.25 25,568.75 25,527.75 25,534.25  -32.75       -0.13   2,740.00
1592  2026-01-22 13:00:00  NAS100 25,533.50 25,548.00 25,483.75 25,489.50  -44.75       -0.18   4,092.00
1593  2026-01-22 13:30:00  NAS100 25,490.00 25,546.50 25,486.75 25,539.75   50.25        0.20   3,064.00
1594  2026-01-22 14:00:00  NAS100 25,539.25 25,550.25 25,499.00 25,534.50   -5.25       -0.02   2,870.00
1595  2026-01-22 14:30:00  NAS100 25,535.25 25,593.50 25,534.00 25,588.50   54.00        0.21   3,622.00
1596  2026-01-22 15:00:00  NAS100 25,587.75 25,669.75 25,583.00 25,651.75   63.25        0.25   7,522.00
1597  2026-01-22 15:30:00  NAS100 25,651.25 25,707.25 25,640.50 25,683.25   31.50        0.12   6,270.00
1598  2026-01-22 16:00:00  NAS100 25,682.50 25,715.75 25,672.25 25,694.00   10.75        0.04   4,022.00
1599  2026-01-22 16:30:00  NAS100 25,694.00 25,712.75 25,689.50 25,698.50    4.50        0.02   1,913.00
1600  2026-01-22 17:00:00  NAS100 25,699.25 25,703.75 25,670.50 25,688.00  -10.50       -0.04   3,842.00
1601  2026-01-22 17:30:00  NAS100 25,688.25 25,698.00 25,683.00 25,688.25    0.25        0.00   1,709.00
1602  2026-01-22 18:00:00  NAS100 25,688.75 25,714.00 25,667.00 25,681.50   -6.75       -0.03   3,965.00
1603  2026-01-22 18:30:00  NAS100 25,681.75 25,703.00 25,670.75 25,675.00   -6.50       -0.03   3,422.00
1604  2026-01-22 19:00:00  NAS100 25,674.75 25,690.75 25,659.00 25,684.25    9.25        0.04   3,502.00
1605  2026-01-22 19:30:00  NAS100 25,683.25 25,696.25 25,671.25 25,691.50    7.25        0.03   2,936.00
1606  2026-01-22 20:00:00  NAS100 25,691.50 25,708.50 25,677.75 25,703.50   12.00        0.05   5,088.00
1607  2026-01-22 20:30:00  NAS100 25,702.50 25,739.75 25,678.25 25,736.25   32.75        0.13   9,704.00
1608  2026-01-22 21:00:00  NAS100 25,735.75 25,739.00 25,704.50 25,729.00   -7.25       -0.03  10,515.00
1609  2026-01-22 21:30:00  NAS100 25,729.00 25,731.75 25,554.25 25,578.00 -151.00       -0.59  83,245.00
1610  2026-01-22 22:00:00  NAS100 25,582.00 25,610.00 25,536.75 25,592.25   14.25        0.06  54,893.00
1611  2026-01-22 22:30:00  NAS100 25,592.75 25,658.75 25,572.00 25,606.00   13.75        0.05  36,932.00
1612  2026-01-22 23:00:00  NAS100 25,605.25 25,685.25 25,603.75 25,672.50   66.50        0.26  28,842.00
1613  2026-01-22 23:30:00  NAS100 25,672.50 25,700.00 25,660.25 25,669.50   -3.00       -0.01  21,718.00
1614  2026-01-23 00:00:00  NAS100 25,668.75 25,694.00 25,652.50 25,679.25    9.75        0.04  23,240.00
1615  2026-01-23 00:30:00  NAS100 25,680.50 25,722.00 25,679.50 25,712.25   33.00        0.13  16,908.00
1616  2026-01-23 01:00:00  NAS100 25,711.75 25,723.50 25,683.00 25,697.75  -14.50       -0.06  18,311.00
1617  2026-01-23 01:30:00  NAS100 25,698.00 25,710.00 25,667.00 25,673.50  -24.25       -0.09  14,524.00
1618  2026-01-23 02:00:00  NAS100 25,673.50 25,715.25 25,671.50 25,709.25   35.75        0.14  15,311.00
1619  2026-01-23 02:30:00  NAS100 25,709.75 25,713.50 25,634.00 25,639.75  -69.50       -0.27  21,343.00
1620  2026-01-23 03:00:00  NAS100 25,639.50 25,664.00 25,607.75 25,609.00  -30.75       -0.12  23,900.00
1621  2026-01-23 03:30:00  NAS100 25,608.75 25,665.75 25,584.75 25,662.00   53.00        0.21  45,552.00
1622  2026-01-23 04:00:00  NAS100 25,661.75 25,676.50 25,627.50 25,661.00   -1.00       -0.00  13,002.00
1623  2026-01-23 04:30:00  NAS100 25,661.25 25,662.50 25,609.75 25,630.00  -31.00       -0.12   3,010.00
1624  2026-01-23 06:00:00  NAS100 25,605.00 25,621.75 25,575.50 25,614.25  -15.75       -0.06   3,593.00
1625  2026-01-23 06:30:00  NAS100 25,615.75 25,629.25 25,600.75 25,617.75    3.50        0.01   2,183.00
1626  2026-01-23 07:00:00  NAS100 25,616.75 25,638.50 25,597.50 25,626.75    9.00        0.04   2,111.00
1627  2026-01-23 07:30:00  NAS100 25,626.75 25,654.75 25,622.50 25,654.25   27.50        0.11   1,536.00
1628  2026-01-23 08:00:00  NAS100 25,653.50 25,682.75 25,649.25 25,665.75   11.50        0.04   3,488.00
1629  2026-01-23 08:30:00  NAS100 25,664.25 25,688.00 25,660.75 25,686.75   21.00        0.08   2,093.00
1630  2026-01-23 09:00:00  NAS100 25,686.75 25,689.50 25,673.00 25,677.00   -9.75       -0.04   1,403.00
1631  2026-01-23 09:30:00  NAS100 25,676.00 25,677.50 25,665.00 25,668.75   -8.25       -0.03   1,015.00
1632  2026-01-23 10:00:00  NAS100 25,668.25 25,707.75 25,667.75 25,702.00   33.25        0.13   1,973.00
1633  2026-01-23 10:30:00  NAS100 25,702.25 25,704.25 25,690.00 25,695.75   -6.25       -0.02   1,436.00
1634  2026-01-23 11:00:00  NAS100 25,696.00 25,700.25 25,684.25 25,697.50    1.75        0.01   1,105.00
1635  2026-01-23 11:30:00  NAS100 25,697.25 25,707.50 25,689.50 25,700.00    2.50        0.01   1,222.00
1636  2026-01-23 12:00:00  NAS100 25,701.50 25,712.00 25,694.00 25,702.25    2.25        0.01   1,003.00
1637  2026-01-23 12:30:00  NAS100 25,702.50 25,714.50 25,698.75 25,713.50   11.25        0.04     948.00
1638  2026-01-23 13:00:00  NAS100 25,713.50 25,731.50 25,712.75 25,723.75   10.25        0.04   1,988.00
1639  2026-01-23 13:30:00  NAS100 25,722.25 25,726.50 25,703.25 25,704.75  -19.00       -0.07   1,170.00
1640  2026-01-23 14:00:00  NAS100 25,705.75 25,724.75 25,697.00 25,718.00   13.25        0.05   1,841.00
1641  2026-01-23 14:30:00  NAS100 25,718.75 25,719.25 25,682.25 25,691.75  -26.25       -0.10   2,118.00
1642  2026-01-23 15:00:00  NAS100 25,692.00 25,692.00 25,620.25 25,628.50  -63.25       -0.25   5,009.00
1643  2026-01-23 15:30:00  NAS100 25,628.75 25,635.00 25,581.00 25,600.75  -27.75       -0.11   4,855.00
1644  2026-01-23 16:00:00  NAS100 25,602.25 25,629.50 25,592.50 25,602.75    2.00        0.01   4,623.00
1645  2026-01-23 16:30:00  NAS100 25,603.00 25,603.00 25,540.25 25,558.25  -44.50       -0.17   5,504.00
1646  2026-01-23 17:00:00  NAS100 25,558.25 25,574.75 25,550.00 25,562.75    4.50        0.02   2,864.00
1647  2026-01-23 17:30:00  NAS100 25,561.75 25,574.75 25,550.75 25,574.25   11.50        0.04   2,096.00
1648  2026-01-23 18:00:00  NAS100 25,574.75 25,646.25 25,571.00 25,644.75   70.50        0.28   8,493.00
1649  2026-01-23 18:30:00  NAS100 25,645.25 25,658.00 25,596.25 25,606.75  -38.00       -0.15   4,559.00
1650  2026-01-23 19:00:00  NAS100 25,606.50 25,627.50 25,597.00 25,616.75   10.00        0.04   4,163.00
1651  2026-01-23 19:30:00  NAS100 25,617.25 25,632.75 25,584.00 25,628.75   12.00        0.05   4,279.00
1652  2026-01-23 20:00:00  NAS100 25,628.75 25,635.50 25,572.25 25,573.00  -55.75       -0.22   4,179.00
1653  2026-01-23 20:30:00  NAS100 25,572.50 25,605.00 25,560.25 25,570.75   -2.25       -0.01   6,981.00
1654  2026-01-23 21:00:00  NAS100 25,570.75 25,612.25 25,556.75 25,607.75   37.00        0.14   9,726.00
1655  2026-01-23 21:30:00  NAS100 25,608.00 25,668.00 25,562.50 25,663.75   56.00        0.22  60,558.00
1656  2026-01-23 22:00:00  NAS100 25,668.00 25,763.50 25,661.50 25,746.00   82.25        0.32  51,145.00
1657  2026-01-23 22:30:00  NAS100 25,747.00 25,827.50 25,745.00 25,826.50   80.50        0.31  34,238.00
1658  2026-01-23 23:00:00  NAS100 25,826.50 25,845.75 25,779.75 25,791.50  -35.00       -0.14  30,399.00
1659  2026-01-23 23:30:00  NAS100 25,791.25 25,828.50 25,761.00 25,789.00   -2.50       -0.01  30,630.00
1660  2026-01-24 00:00:00  NAS100 25,789.00 25,808.00 25,766.50 25,798.25    9.25        0.04  19,659.00
1661  2026-01-24 00:30:00  NAS100 25,798.50 25,800.25 25,683.00 25,693.75 -104.50       -0.41  32,542.00
1662  2026-01-24 01:00:00  NAS100 25,693.75 25,764.25 25,688.50 25,753.00   59.25        0.23  24,779.00
1663  2026-01-24 01:30:00  NAS100 25,752.75 25,762.75 25,714.25 25,725.50  -27.50       -0.11  16,494.00
1664  2026-01-24 02:00:00  NAS100 25,726.25 25,774.75 25,723.75 25,745.25   19.75        0.08  15,944.00
1665  2026-01-24 02:30:00  NAS100 25,745.50 25,758.50 25,719.50 25,748.00    2.75        0.01  15,802.00
1666  2026-01-24 03:00:00  NAS100 25,748.00 25,751.50 25,691.25 25,710.50  -37.50       -0.15  20,532.00
1667  2026-01-24 03:30:00  NAS100 25,710.25 25,755.75 25,696.00 25,735.50   25.00        0.10  33,261.00
1668  2026-01-24 04:00:00  NAS100 25,735.00 25,738.25 25,672.25 25,687.50  -48.00       -0.19  11,016.00
1669  2026-01-24 04:30:00  NAS100 25,687.50 25,696.25 25,677.25 25,680.50   -7.00       -0.03   3,027.00
1670  2026-01-26 06:00:00  NAS100 25,585.50 25,585.50 25,365.25 25,530.75 -149.75       -0.58   7,410.00
1671  2026-01-26 06:30:00  NAS100 25,531.50 25,572.25 25,492.50 25,559.00   28.25        0.11   5,501.00
1672  2026-01-26 07:00:00  NAS100 25,559.75 25,610.00 25,544.75 25,607.00   48.00        0.19   4,943.00
1673  2026-01-26 07:30:00  NAS100 25,606.50 25,618.25 25,562.75 25,582.00  -25.00       -0.10   4,027.00
1674  2026-01-26 08:00:00  NAS100 25,582.00 25,661.75 25,571.25 25,650.50   68.50        0.27   6,774.00
1675  2026-01-26 08:30:00  NAS100 25,650.00 25,668.75 25,630.75 25,649.50   -1.00       -0.00   3,832.00
1676  2026-01-26 09:00:00  NAS100 25,649.25 25,665.75 25,641.50 25,648.75   -0.75       -0.00   2,412.00
1677  2026-01-26 09:30:00  NAS100 25,649.75 25,650.75 25,595.25 25,609.25  -39.50       -0.15   3,468.00
1678  2026-01-26 10:00:00  NAS100 25,611.00 25,657.50 25,610.50 25,638.50   29.25        0.11   3,861.00
1679  2026-01-26 10:30:00  NAS100 25,638.25 25,645.50 25,623.00 25,634.75   -3.75       -0.01   3,321.00
1680  2026-01-26 11:00:00  NAS100 25,634.50 25,651.50 25,623.50 25,650.00   15.25        0.06   1,795.00
1681  2026-01-26 11:30:00  NAS100 25,650.75 25,659.00 25,622.75 25,636.00  -14.00       -0.05   2,353.00
1682  2026-01-26 12:00:00  NAS100 25,635.75 25,668.50 25,627.25 25,663.75   27.75        0.11   1,664.00
1683  2026-01-26 12:30:00  NAS100 25,663.75 25,676.00 25,657.25 25,674.00   10.25        0.04   1,756.00
1684  2026-01-26 13:00:00  NAS100 25,675.50 25,702.00 25,673.50 25,693.75   19.75        0.08   2,578.00
1685  2026-01-26 13:30:00  NAS100 25,694.25 25,697.00 25,665.75 25,668.00  -25.75       -0.10   2,885.00
1686  2026-01-26 14:00:00  NAS100 25,669.50 25,696.00 25,666.75 25,693.50   25.50        0.10   1,572.00
1687  2026-01-26 14:30:00  NAS100 25,693.75 25,711.00 25,678.50 25,700.00    6.50        0.03   2,058.00
1688  2026-01-26 15:00:00  NAS100 25,700.75 25,742.00 25,699.75 25,729.00   29.00        0.11   3,108.00
1689  2026-01-26 15:30:00  NAS100 25,728.25 25,741.50 25,713.75 25,727.50   -1.50       -0.01   1,777.00
1690  2026-01-26 16:00:00  NAS100 25,727.75 25,735.00 25,687.25 25,688.00  -39.50       -0.15   2,918.00
1691  2026-01-26 16:30:00  NAS100 25,687.50 25,689.75 25,582.00 25,618.25  -69.75       -0.27   7,195.00
1692  2026-01-26 17:00:00  NAS100 25,618.25 25,656.75 25,614.25 25,651.00   32.75        0.13   3,451.00
1693  2026-01-26 17:30:00  NAS100 25,651.00 25,674.50 25,647.75 25,651.25    0.25        0.00   2,587.00
1694  2026-01-26 18:00:00  NAS100 25,651.50 25,659.75 25,641.75 25,648.25   -3.00       -0.01   1,587.00
1695  2026-01-26 18:30:00  NAS100 25,649.25 25,673.00 25,647.25 25,670.50   22.25        0.09   1,464.00
1696  2026-01-26 19:00:00  NAS100 25,669.50 25,714.50 25,668.75 25,690.50   20.00        0.08   3,513.00
1697  2026-01-26 19:30:00  NAS100 25,690.00 25,696.00 25,675.50 25,688.00   -2.50       -0.01   2,544.00
1698  2026-01-26 20:00:00  NAS100 25,688.50 25,707.25 25,676.50 25,688.75    0.75        0.00   4,253.00
1699  2026-01-26 20:30:00  NAS100 25,688.25 25,721.75 25,658.00 25,716.25   27.50        0.11   5,964.00
1700  2026-01-26 21:00:00  NAS100 25,716.25 25,749.25 25,714.00 25,748.50   32.25        0.13   8,793.00
1701  2026-01-26 21:30:00  NAS100 25,749.00 25,853.50 25,704.25 25,837.25   88.75        0.34  58,023.00
1702  2026-01-26 22:00:00  NAS100 25,837.00 25,886.50 25,803.00 25,845.75    8.50        0.03  39,353.00
1703  2026-01-26 22:30:00  NAS100 25,846.00 25,898.50 25,834.00 25,881.25   35.50        0.14  32,659.00
1704  2026-01-26 23:00:00  NAS100 25,881.00 25,909.50 25,850.75 25,905.75   24.50        0.09  28,070.00
1705  2026-01-26 23:30:00  NAS100 25,906.00 25,928.50 25,888.00 25,906.25    0.50        0.00  22,442.00
1706  2026-01-27 00:00:00  NAS100 25,906.50 25,936.50 25,902.75 25,912.50    6.25        0.02  15,144.00
1707  2026-01-27 00:30:00  NAS100 25,912.50 25,915.50 25,881.75 25,891.25  -21.25       -0.08  15,836.00
1708  2026-01-27 01:00:00  NAS100 25,890.50 25,913.75 25,873.50 25,907.50   16.25        0.06  14,946.00
1709  2026-01-27 01:30:00  NAS100 25,907.25 25,932.25 25,885.00 25,898.75   -8.75       -0.03  15,466.00
1710  2026-01-27 02:00:00  NAS100 25,898.25 25,913.25 25,884.50 25,899.50    0.75        0.00  12,157.00
1711  2026-01-27 02:30:00  NAS100 25,900.00 25,913.75 25,877.75 25,878.50  -21.00       -0.08  13,382.00
1712  2026-01-27 03:00:00  NAS100 25,879.00 25,890.50 25,866.50 25,880.75    2.25        0.01  13,150.00
1713  2026-01-27 03:30:00  NAS100 25,881.00 25,895.00 25,840.50 25,845.00  -35.75       -0.14  34,002.00
1714  2026-01-27 04:00:00  NAS100 25,845.00 25,871.00 25,834.00 25,868.50   23.50        0.09  12,943.00
1715  2026-01-27 04:30:00  NAS100 25,867.25 25,869.25 25,851.75 25,861.25   -7.25       -0.03   3,368.00
1716  2026-01-27 06:00:00  NAS100 25,861.25 25,897.00 25,838.50 25,878.75   17.50        0.07   3,320.00
1717  2026-01-27 06:30:00  NAS100 25,879.25 25,890.75 25,871.25 25,890.50   11.75        0.05   1,454.00
1718  2026-01-27 07:00:00  NAS100 25,890.50 25,899.50 25,875.00 25,890.00   -0.50       -0.00   1,437.00
1719  2026-01-27 07:30:00  NAS100 25,889.75 25,902.75 25,885.50 25,898.75    8.75        0.03   1,507.00
1720  2026-01-27 08:00:00  NAS100 25,898.50 25,916.25 25,895.25 25,911.50   12.75        0.05   1,586.00
1721  2026-01-27 08:30:00  NAS100 25,910.75 25,927.00 25,910.00 25,922.00   10.50        0.04   1,644.00
1722  2026-01-27 09:00:00  NAS100 25,922.00 25,957.00 25,921.25 25,948.75   26.75        0.10   2,930.00
1723  2026-01-27 09:30:00  NAS100 25,949.25 25,975.00 25,943.50 25,971.25   22.50        0.09   2,375.00
1724  2026-01-27 10:00:00  NAS100 25,970.50 25,977.00 25,964.75 25,966.50   -4.75       -0.02   1,365.00
1725  2026-01-27 10:30:00  NAS100 25,966.75 25,979.50 25,962.50 25,975.50    9.00        0.03   1,527.00
1726  2026-01-27 11:00:00  NAS100 25,975.75 26,002.75 25,971.50 25,986.75   11.25        0.04   2,706.00
1727  2026-01-27 11:30:00  NAS100 25,986.25 25,993.50 25,986.00 25,989.50    2.75        0.01     714.00
1728  2026-01-27 12:00:00  NAS100 25,989.00 25,990.00 25,972.00 25,980.75   -8.75       -0.03   1,284.00
1729  2026-01-27 12:30:00  NAS100 25,981.75 26,009.75 25,981.75 26,008.25   27.50        0.11   1,727.00
1730  2026-01-27 13:00:00  NAS100 26,007.75 26,028.25 26,007.50 26,024.50   16.25        0.06   2,677.00
1731  2026-01-27 13:30:00  NAS100 26,024.00 26,024.75 25,999.00 26,001.25  -23.25       -0.09   1,710.00
1732  2026-01-27 14:00:00  NAS100 26,002.50 26,014.00 25,992.00 25,999.00   -2.25       -0.01   1,929.00
1733  2026-01-27 14:30:00  NAS100 25,998.75 26,020.50 25,995.75 26,006.25    7.25        0.03   2,113.00
1734  2026-01-27 15:00:00  NAS100 26,006.00 26,011.75 25,974.50 25,980.50  -25.75       -0.10   3,518.00
1735  2026-01-27 15:30:00  NAS100 25,981.00 25,989.75 25,967.00 25,984.50    4.00        0.02   2,818.00
1736  2026-01-27 16:00:00  NAS100 25,983.75 25,994.75 25,970.00 25,983.75   -0.75       -0.00   2,898.00
1737  2026-01-27 16:30:00  NAS100 25,983.00 25,989.25 25,967.25 25,973.75  -10.00       -0.04   2,095.00
1738  2026-01-27 17:00:00  NAS100 25,974.00 25,999.75 25,970.00 25,996.00   22.25        0.09   1,689.00
1739  2026-01-27 17:30:00  NAS100 25,997.00 26,007.75 25,992.00 26,005.75    9.75        0.04   2,154.00
1740  2026-01-27 18:00:00  NAS100 26,005.50 26,008.75 25,991.75 26,005.00   -0.75       -0.00   2,210.00
1741  2026-01-27 18:30:00  NAS100 26,005.00 26,043.00 26,002.50 26,032.00   27.00        0.10   4,398.00
1742  2026-01-27 19:00:00  NAS100 26,031.50 26,033.50 25,995.00 25,996.75  -35.25       -0.14   3,426.00
1743  2026-01-27 19:30:00  NAS100 25,997.25 26,018.00 25,991.00 26,004.00    7.25        0.03   3,176.00
1744  2026-01-27 20:00:00  NAS100 26,003.75 26,018.00 26,001.00 26,003.25   -0.75       -0.00   3,664.00
1745  2026-01-27 20:30:00  NAS100 26,002.50 26,008.00 25,982.50 25,989.75  -13.50       -0.05   4,928.00
1746  2026-01-27 21:00:00  NAS100 25,990.50 26,010.00 25,981.00 25,982.50   -7.25       -0.03   9,030.00
1747  2026-01-27 21:30:00  NAS100 25,982.75 26,058.00 25,917.25 26,053.25   70.75        0.27  73,073.00
1748  2026-01-27 22:00:00  NAS100 26,052.50 26,074.75 26,021.50 26,043.00  -10.25       -0.04  41,994.00
1749  2026-01-27 22:30:00  NAS100 26,043.00 26,098.50 26,038.75 26,078.50   35.50        0.14  32,119.00
1750  2026-01-27 23:00:00  NAS100 26,078.50 26,106.75 26,073.25 26,090.50   12.00        0.05  21,318.00
1751  2026-01-27 23:30:00  NAS100 26,090.50 26,099.75 26,077.00 26,079.75  -10.75       -0.04  18,997.00
1752  2026-01-28 00:00:00  NAS100 26,080.00 26,088.75 26,050.25 26,083.50    3.75        0.01  20,613.00
1753  2026-01-28 00:30:00  NAS100 26,083.00 26,092.00 26,057.50 26,061.75  -21.75       -0.08  14,845.00
1754  2026-01-28 01:00:00  NAS100 26,062.00 26,085.50 26,038.00 26,076.50   14.75        0.06  18,001.00
1755  2026-01-28 01:30:00  NAS100 26,076.75 26,097.75 26,076.25 26,090.25   13.75        0.05  12,472.00
1756  2026-01-28 02:00:00  NAS100 26,090.00 26,095.00 26,072.75 26,092.75    2.50        0.01  11,929.00
1757  2026-01-28 02:30:00  NAS100 26,092.75 26,099.75 26,077.75 26,091.75   -1.00       -0.00  11,344.00
1758  2026-01-28 03:00:00  NAS100 26,092.00 26,114.25 26,083.75 26,096.25    4.50        0.02  14,583.00
1759  2026-01-28 03:30:00  NAS100 26,096.00 26,101.75 26,068.25 26,076.00  -20.25       -0.08  32,290.00
1760  2026-01-28 04:00:00  NAS100 26,076.00 26,106.00 26,058.75 26,095.50   19.50        0.07  12,927.00
1761  2026-01-28 04:30:00  NAS100 26,095.75 26,118.00 26,093.25 26,110.00   14.50        0.06   3,730.00
1762  2026-01-28 06:00:00  NAS100 26,111.25 26,148.00 26,111.25 26,136.50   26.50        0.10   3,683.00
1763  2026-01-28 06:30:00  NAS100 26,136.50 26,142.75 26,131.50 26,137.50    1.00        0.00     966.00
1764  2026-01-28 07:00:00  NAS100 26,138.25 26,171.75 26,135.50 26,168.25   30.75        0.12   2,828.00
1765  2026-01-28 07:30:00  NAS100 26,168.25 26,208.50 26,167.50 26,206.00   37.75        0.14   4,577.00
1766  2026-01-28 08:00:00  NAS100 26,206.75 26,228.25 26,206.75 26,224.00   18.00        0.07   3,044.00
1767  2026-01-28 08:30:00  NAS100 26,224.25 26,226.00 26,201.75 26,205.25  -18.75       -0.07   2,253.00
1768  2026-01-28 09:00:00  NAS100 26,204.00 26,221.75 26,203.75 26,212.75    7.50        0.03   1,729.00
1769  2026-01-28 09:30:00  NAS100 26,213.50 26,221.00 26,206.75 26,214.00    1.25        0.00   1,231.00
1770  2026-01-28 10:00:00  NAS100 26,213.75 26,218.75 26,195.75 26,203.25  -10.75       -0.04   1,462.00
1771  2026-01-28 10:30:00  NAS100 26,203.00 26,209.25 26,192.50 26,199.00   -4.25       -0.02   1,680.00
1772  2026-01-28 11:00:00  NAS100 26,200.50 26,227.50 26,200.50 26,225.25   26.25        0.10   1,854.00
1773  2026-01-28 11:30:00  NAS100 26,225.50 26,226.50 26,213.50 26,220.00   -5.25       -0.02     881.00
1774  2026-01-28 12:00:00  NAS100 26,220.25 26,233.00 26,220.25 26,231.25   11.25        0.04   1,257.00
1775  2026-01-28 12:30:00  NAS100 26,232.00 26,248.75 26,231.00 26,245.50   14.25        0.05   1,648.00
1776  2026-01-28 13:00:00  NAS100 26,246.00 26,320.75 26,246.00 26,302.25   56.75        0.22   7,929.00
1777  2026-01-28 13:30:00  NAS100 26,302.50 26,349.00 26,300.50 26,302.75    0.50        0.00   5,301.00
1778  2026-01-28 14:00:00  NAS100 26,301.75 26,324.00 26,292.00 26,304.00    1.25        0.00   2,965.00
1779  2026-01-28 14:30:00  NAS100 26,303.50 26,322.25 26,289.00 26,316.00   12.00        0.05   3,130.00
1780  2026-01-28 15:00:00  NAS100 26,315.50 26,331.50 26,276.75 26,302.50  -13.50       -0.05   4,420.00
1781  2026-01-28 15:30:00  NAS100 26,302.00 26,314.75 26,271.00 26,279.00  -23.50       -0.09   3,618.00
1782  2026-01-28 16:00:00  NAS100 26,279.50 26,284.50 26,255.00 26,262.50  -16.50       -0.06   4,268.00
1783  2026-01-28 16:30:00  NAS100 26,262.25 26,290.50 26,252.50 26,284.50   22.00        0.08   2,941.00
1784  2026-01-28 17:00:00  NAS100 26,285.25 26,297.00 26,272.50 26,294.50   10.00        0.04   2,003.00
1785  2026-01-28 17:30:00  NAS100 26,294.75 26,320.75 26,292.25 26,316.75   22.25        0.08   3,069.00
1786  2026-01-28 18:00:00  NAS100 26,317.25 26,318.25 26,287.50 26,308.75   -8.00       -0.03   2,847.00
1787  2026-01-28 18:30:00  NAS100 26,309.25 26,326.75 26,306.25 26,318.75   10.00        0.04   2,551.00
1788  2026-01-28 19:00:00  NAS100 26,319.25 26,320.75 26,264.75 26,277.75  -41.00       -0.16   6,193.00
1789  2026-01-28 19:30:00  NAS100 26,278.00 26,301.50 26,270.25 26,281.00    3.25        0.01   3,938.00
1790  2026-01-28 20:00:00  NAS100 26,281.25 26,306.00 26,267.75 26,278.50   -2.50       -0.01   4,414.00
1791  2026-01-28 20:30:00  NAS100 26,278.00 26,285.25 26,255.25 26,273.50   -5.00       -0.02   6,243.00
1792  2026-01-28 21:00:00  NAS100 26,273.50 26,278.75 26,234.50 26,253.00  -20.50       -0.08   9,876.00
1793  2026-01-28 21:30:00  NAS100 26,252.50 26,301.00 26,213.75 26,253.50    0.50        0.00  63,218.00
1794  2026-01-28 22:00:00  NAS100 26,253.00 26,265.50 26,205.00 26,220.75  -32.75       -0.12  39,466.00
1795  2026-01-28 22:30:00  NAS100 26,220.50 26,236.50 26,159.50 26,162.75  -58.00       -0.22  32,917.00
1796  2026-01-28 23:00:00  NAS100 26,162.50 26,198.50 26,149.50 26,182.75   20.00        0.08  21,436.00
1797  2026-01-28 23:30:00  NAS100 26,182.50 26,182.75 26,100.75 26,116.75  -66.00       -0.25  24,515.00
1798  2026-01-29 00:00:00  NAS100 26,117.25 26,163.50 26,114.00 26,127.00   10.25        0.04  21,333.00
1799  2026-01-29 00:30:00  NAS100 26,127.00 26,165.50 26,110.50 26,140.75   13.75        0.05  18,358.00
1800  2026-01-29 01:00:00  NAS100 26,140.50 26,170.75 26,122.00 26,159.75   19.00        0.07  13,432.00
1801  2026-01-29 01:30:00  NAS100 26,160.50 26,180.00 26,145.25 26,171.50   11.75        0.04  12,034.00
1802  2026-01-29 02:00:00  NAS100 26,171.00 26,195.50 26,116.00 26,122.75  -48.75       -0.19  21,091.00
1803  2026-01-29 02:30:00  NAS100 26,121.75 26,210.25 26,112.75 26,160.75   38.00        0.15  38,073.00
1804  2026-01-29 03:00:00  NAS100 26,161.00 26,212.25 26,153.50 26,174.50   13.75        0.05  20,111.00
1805  2026-01-29 03:30:00  NAS100 26,174.25 26,188.50 26,131.25 26,149.25  -25.25       -0.10  30,172.00
1806  2026-01-29 04:00:00  NAS100 26,149.50 26,264.75 25,993.25 26,262.50  113.25        0.43  36,919.00
1807  2026-01-29 04:30:00  NAS100 26,263.00 26,287.75 26,244.00 26,268.25    5.75        0.02   8,549.00
1808  2026-01-29 06:00:00  NAS100 26,282.50 26,296.00 26,160.50 26,208.75  -59.50       -0.23   7,617.00
1809  2026-01-29 06:30:00  NAS100 26,209.50 26,217.25 26,160.00 26,170.25  -38.50       -0.15   5,183.00
1810  2026-01-29 07:00:00  NAS100 26,173.25 26,180.50 26,104.25 26,171.00    0.75        0.00   7,198.00
1811  2026-01-29 07:30:00  NAS100 26,170.50 26,171.00 26,126.50 26,163.75   -7.25       -0.03   3,728.00
1812  2026-01-29 08:00:00  NAS100 26,164.25 26,168.25 26,085.50 26,111.00  -52.75       -0.20   4,753.00
1813  2026-01-29 08:30:00  NAS100 26,112.25 26,130.00 26,091.50 26,128.75   17.75        0.07   3,279.00
1814  2026-01-29 09:00:00  NAS100 26,129.25 26,177.00 26,122.75 26,171.25   42.50        0.16   3,343.00
1815  2026-01-29 09:30:00  NAS100 26,172.00 26,177.25 26,148.00 26,162.50   -8.75       -0.03   2,329.00
1816  2026-01-29 10:00:00  NAS100 26,163.00 26,194.25 26,162.00 26,184.25   21.75        0.08   1,964.00
1817  2026-01-29 10:30:00  NAS100 26,185.00 26,199.75 26,178.00 26,198.75   14.50        0.06   1,632.00
1818  2026-01-29 11:00:00  NAS100 26,198.00 26,225.75 26,195.25 26,214.25   15.50        0.06   1,789.00
1819  2026-01-29 11:30:00  NAS100 26,215.00 26,233.25 26,215.00 26,228.00   13.75        0.05   1,090.00
1820  2026-01-29 12:00:00  NAS100 26,227.75 26,233.00 26,210.25 26,230.50    2.50        0.01   1,408.00
1821  2026-01-29 12:30:00  NAS100 26,232.25 26,249.50 26,227.75 26,234.25    3.75        0.01   1,637.00
1822  2026-01-29 13:00:00  NAS100 26,233.25 26,268.50 26,232.50 26,256.00   21.75        0.08   1,916.00
1823  2026-01-29 13:30:00  NAS100 26,255.25 26,262.75 26,231.75 26,246.75   -9.25       -0.04   1,349.00
1824  2026-01-29 14:00:00  NAS100 26,246.50 26,258.50 26,231.50 26,250.00    3.25        0.01   1,530.00
1825  2026-01-29 14:30:00  NAS100 26,249.75 26,276.50 26,245.00 26,255.25    5.25        0.02   2,057.00
1826  2026-01-29 15:00:00  NAS100 26,255.50 26,280.50 26,226.50 26,268.00   12.75        0.05   4,145.00
1827  2026-01-29 15:30:00  NAS100 26,268.25 26,271.25 26,233.25 26,248.75  -19.25       -0.07   2,957.00
1828  2026-01-29 16:00:00  NAS100 26,248.75 26,273.25 26,245.00 26,252.75    4.00        0.02   2,329.00
1829  2026-01-29 16:30:00  NAS100 26,252.00 26,265.75 26,210.00 26,211.75  -41.00       -0.16   3,001.00
1830  2026-01-29 17:00:00  NAS100 26,211.00 26,237.00 26,197.50 26,228.50   16.75        0.06   3,801.00
1831  2026-01-29 17:30:00  NAS100 26,228.75 26,230.00 26,187.00 26,191.75  -36.75       -0.14   2,145.00
1832  2026-01-29 18:00:00  NAS100 26,191.75 26,206.75 26,175.25 26,196.25    4.50        0.02   3,552.00
1833  2026-01-29 18:30:00  NAS100 26,194.25 26,208.75 26,178.50 26,200.00    3.75        0.01   3,418.00
1834  2026-01-29 19:00:00  NAS100 26,201.00 26,221.75 26,188.50 26,199.00   -1.00       -0.00   2,893.00
1835  2026-01-29 19:30:00  NAS100 26,198.25 26,200.25 26,156.50 26,176.25  -22.75       -0.09   4,135.00
1836  2026-01-29 20:00:00  NAS100 26,176.00 26,188.25 26,150.50 26,173.50   -2.75       -0.01   3,780.00
1837  2026-01-29 20:30:00  NAS100 26,173.25 26,203.50 26,158.75 26,194.75   21.25        0.08   5,333.00
1838  2026-01-29 21:00:00  NAS100 26,194.25 26,196.75 26,132.00 26,133.25  -61.50       -0.23  11,157.00
1839  2026-01-29 21:30:00  NAS100 26,133.50 26,175.00 25,858.00 25,864.50 -268.75       -1.03  99,645.00
1840  2026-01-29 22:00:00  NAS100 25,864.50 25,868.25 25,718.25 25,735.75 -128.75       -0.50  91,121.00
1841  2026-01-29 22:30:00  NAS100 25,735.25 25,753.25 25,536.00 25,576.75 -159.00       -0.62  69,092.00
1842  2026-01-29 23:00:00  NAS100 25,576.75 25,714.25 25,538.00 25,684.00  107.25        0.42  54,974.00
1843  2026-01-29 23:30:00  NAS100 25,684.00 25,739.75 25,667.50 25,711.25   27.25        0.11  35,885.00
1844  2026-01-30 00:00:00  NAS100 25,711.25 25,852.25 25,708.75 25,839.50  128.25        0.50  28,723.00
1845  2026-01-30 00:30:00  NAS100 25,839.25 25,878.75 25,749.00 25,760.50  -79.00       -0.31  33,184.00
1846  2026-01-30 01:00:00  NAS100 25,760.25 25,861.25 25,758.25 25,846.00   85.50        0.33  24,791.00
1847  2026-01-30 01:30:00  NAS100 25,846.25 25,891.50 25,820.75 25,836.75   -9.25       -0.04  20,283.00
1848  2026-01-30 02:00:00  NAS100 25,836.25 25,898.50 25,820.00 25,878.50   41.75        0.16  18,407.00
1849  2026-01-30 02:30:00  NAS100 25,878.50 25,887.25 25,834.00 25,849.00  -29.50       -0.11  16,821.00
1850  2026-01-30 03:00:00  NAS100 25,849.25 25,881.25 25,841.50 25,854.00    5.00        0.02  15,787.00
1851  2026-01-30 03:30:00  NAS100 25,854.00 26,020.00 25,846.50 25,991.50  137.50        0.53  46,125.00
1852  2026-01-30 04:00:00  NAS100 25,991.50 26,024.00 25,951.00 25,987.00   -4.50       -0.02  15,485.00
1853  2026-01-30 04:30:00  NAS100 25,987.75 26,050.00 25,963.75 25,982.50   -4.50       -0.02  10,921.00
1854  2026-01-30 06:00:00  NAS100 25,998.50 26,010.50 25,882.75 25,941.25  -41.25       -0.16   6,994.00
1855  2026-01-30 06:30:00  NAS100 25,941.75 26,020.00 25,940.00 25,972.25   31.00        0.12   4,384.00
1856  2026-01-30 07:00:00  NAS100 25,972.50 25,991.25 25,907.25 25,926.25  -46.00       -0.18   5,191.00
1857  2026-01-30 07:30:00  NAS100 25,926.00 25,993.75 25,914.75 25,930.00    3.75        0.01   4,185.00
1858  2026-01-30 08:00:00  NAS100 25,931.00 25,933.75 25,880.00 25,886.00  -44.00       -0.17   3,979.00
1859  2026-01-30 08:30:00  NAS100 25,887.00 25,888.00 25,796.75 25,852.25  -33.75       -0.13   7,169.00
1860  2026-01-30 09:00:00  NAS100 25,852.25 25,866.25 25,751.50 25,751.50 -100.75       -0.39   6,855.00
1861  2026-01-30 09:30:00  NAS100 25,754.50 25,847.00 25,736.00 25,843.00   91.50        0.36   5,249.00
1862  2026-01-30 10:00:00  NAS100 25,843.75 25,888.00 25,827.75 25,849.00    6.00        0.02   5,262.00
1863  2026-01-30 10:30:00  NAS100 25,849.00 25,879.50 25,843.25 25,847.00   -2.00       -0.01   2,723.00
1864  2026-01-30 11:00:00  NAS100 25,846.75 25,896.00 25,843.25 25,879.00   32.00        0.12   2,150.00
1865  2026-01-30 11:30:00  NAS100 25,880.25 25,896.00 25,851.75 25,857.50  -21.50       -0.08   1,497.00
1866  2026-01-30 12:00:00  NAS100 25,859.50 25,887.00 25,850.00 25,868.25   10.75        0.04   1,710.00
1867  2026-01-30 12:30:00  NAS100 25,867.25 25,867.75 25,832.25 25,833.00  -35.25       -0.14   1,533.00
1868  2026-01-30 13:00:00  NAS100 25,833.75 25,838.50 25,756.75 25,787.25  -45.75       -0.18   3,980.00
1869  2026-01-30 13:30:00  NAS100 25,782.75 25,814.00 25,737.00 25,751.50  -35.75       -0.14   4,106.00
1870  2026-01-30 14:00:00  NAS100 25,750.75 25,804.00 25,744.50 25,762.00   10.50        0.04   3,244.00
1871  2026-01-30 14:30:00  NAS100 25,761.50 25,780.00 25,700.00 25,707.25  -54.75       -0.21   4,648.00
1872  2026-01-30 15:00:00  NAS100 25,710.50 25,771.00 25,682.00 25,747.75   40.50        0.16   6,430.00
1873  2026-01-30 15:30:00  NAS100 25,746.75 25,792.50 25,691.75 25,768.75   21.00        0.08   5,250.00
1874  2026-01-30 16:00:00  NAS100 25,768.75 25,786.75 25,688.75 25,706.25  -62.50       -0.24   5,218.00
1875  2026-01-30 16:30:00  NAS100 25,706.50 25,731.00 25,649.75 25,696.75   -9.50       -0.04   6,039.00
1876  2026-01-30 17:00:00  NAS100 25,696.50 25,749.50 25,694.00 25,728.25   31.50        0.12   4,101.00
1877  2026-01-30 17:30:00  NAS100 25,727.50 25,790.00 25,727.25 25,764.75   36.50        0.14   4,354.00
1878  2026-01-30 18:00:00  NAS100 25,765.25 25,819.25 25,763.75 25,817.75   53.00        0.21   3,591.00
1879  2026-01-30 18:30:00  NAS100 25,817.50 25,884.00 25,788.00 25,871.00   53.25        0.21   6,718.00
1880  2026-01-30 19:00:00  NAS100 25,870.25 25,905.25 25,854.50 25,866.75   -4.25       -0.02   5,374.00
1881  2026-01-30 19:30:00  NAS100 25,867.25 25,894.75 25,821.75 25,846.50  -20.25       -0.08   4,969.00
1882  2026-01-30 20:00:00  NAS100 25,847.00 25,888.00 25,827.75 25,875.50   29.00        0.11   4,623.00
1883  2026-01-30 20:30:00  NAS100 25,842.25 25,875.50 25,752.50 25,826.25  -49.25       -0.19  10,545.00
1884  2026-01-30 21:00:00  NAS100 25,825.75 25,850.00 25,805.50 25,833.50    7.25        0.03  10,010.00
1885  2026-01-30 21:30:00  NAS100 25,834.25 25,940.00 25,806.25 25,827.00   -6.50       -0.03  73,415.00
1886  2026-01-30 22:00:00  NAS100 25,826.50 25,925.50 25,790.75 25,794.00  -33.00       -0.13  48,875.00
1887  2026-01-30 22:30:00  NAS100 25,794.00 25,934.00 25,770.75 25,841.50   47.50        0.18  48,163.00
1888  2026-01-30 23:00:00  NAS100 25,842.00 25,869.00 25,753.25 25,799.00  -42.50       -0.16  33,453.00
1889  2026-01-30 23:30:00  NAS100 25,798.75 25,860.00 25,744.25 25,757.50  -41.50       -0.16  34,967.00
1890  2026-01-31 00:00:00  NAS100 25,758.25 25,789.25 25,686.00 25,782.25   24.75        0.10  36,118.00
1891  2026-01-31 00:30:00  NAS100 25,782.50 25,795.75 25,678.25 25,679.50 -102.75       -0.40  33,259.00
1892  2026-01-31 01:00:00  NAS100 25,677.75 25,715.25 25,568.75 25,671.25   -8.25       -0.03  37,319.00
1893  2026-01-31 01:30:00  NAS100 25,671.50 25,771.75 25,597.25 25,741.25   70.00        0.27  34,592.00
1894  2026-01-31 02:00:00  NAS100 25,741.25 25,781.50 25,715.00 25,716.75  -24.50       -0.10  31,335.00
1895  2026-01-31 02:30:00  NAS100 25,716.50 25,738.00 25,652.00 25,658.25  -58.50       -0.23  30,854.00
1896  2026-01-31 03:00:00  NAS100 25,658.25 25,682.75 25,571.25 25,596.00  -62.25       -0.24  30,759.00
1897  2026-01-31 03:30:00  NAS100 25,595.75 25,731.75 25,591.00 25,675.50   79.50        0.31  55,931.00
1898  2026-01-31 04:00:00  NAS100 25,675.75 25,707.00 25,625.50 25,650.50  -25.00       -0.10  15,571.00
1899  2026-01-31 04:30:00  NAS100 25,650.25 25,656.75 25,629.50 25,639.25  -11.25       -0.04   4,187.00
1900  2026-02-02 06:00:00  NAS100 25,530.00 25,537.25 25,373.75 25,433.75 -205.50       -0.80  10,909.00
1901  2026-02-02 06:30:00  NAS100 25,433.00 25,571.75 25,418.50 25,532.75   99.00        0.39   7,022.00
1902  2026-02-02 07:00:00  NAS100 25,532.50 25,634.25 25,487.00 25,612.75   80.00        0.31   7,182.00
1903  2026-02-02 07:30:00  NAS100 25,614.00 25,645.75 25,591.00 25,605.50   -7.25       -0.03   4,098.00
1904  2026-02-02 08:00:00  NAS100 25,605.25 25,637.00 25,477.00 25,526.75  -78.75       -0.31   8,901.00
1905  2026-02-02 08:30:00  NAS100 25,527.50 25,531.25 25,400.00 25,407.25 -119.50       -0.47  12,374.00
1906  2026-02-02 09:00:00  NAS100 25,408.25 25,449.75 25,386.25 25,421.75   14.50        0.06   8,899.00
1907  2026-02-02 09:30:00  NAS100 25,420.50 25,448.75 25,357.25 25,367.75  -54.00       -0.21   5,996.00
1908  2026-02-02 10:00:00  NAS100 25,366.75 25,386.75 25,315.00 25,332.75  -35.00       -0.14   6,636.00
1909  2026-02-02 10:30:00  NAS100 25,333.75 25,343.50 25,262.75 25,278.75  -54.00       -0.21   8,594.00
1910  2026-02-02 11:00:00  NAS100 25,281.50 25,332.25 25,216.25 25,310.50   31.75        0.13   9,508.00
1911  2026-02-02 11:30:00  NAS100 25,309.50 25,376.00 25,307.25 25,341.75   31.25        0.12   5,215.00
1912  2026-02-02 12:00:00  NAS100 25,341.50 25,348.50 25,266.00 25,273.75  -68.00       -0.27   5,382.00
1913  2026-02-02 12:30:00  NAS100 25,274.25 25,282.75 25,235.75 25,250.75  -23.00       -0.09   6,182.00
1914  2026-02-02 13:00:00  NAS100 25,250.00 25,274.00 25,185.75 25,246.25   -4.50       -0.02   6,840.00
1915  2026-02-02 13:30:00  NAS100 25,244.00 25,257.00 25,180.25 25,232.00  -14.25       -0.06   5,505.00
1916  2026-02-02 14:00:00  NAS100 25,233.00 25,307.00 25,233.00 25,300.75   68.75        0.27   7,150.00
1917  2026-02-02 14:30:00  NAS100 25,303.00 25,351.00 25,276.25 25,348.50   47.75        0.19   5,203.00
1918  2026-02-02 15:00:00  NAS100 25,348.50 25,402.75 25,340.50 25,390.50   42.00        0.17   6,963.00
1919  2026-02-02 15:30:00  NAS100 25,391.00 25,426.00 25,379.75 25,401.75   11.25        0.04   4,776.00
1920  2026-02-02 16:00:00  NAS100 25,401.50 25,458.50 25,355.75 25,438.75   37.00        0.15   6,954.00
1921  2026-02-02 16:30:00  NAS100 25,436.75 25,463.00 25,432.50 25,454.00   15.25        0.06   3,557.00
1922  2026-02-02 17:00:00  NAS100 25,453.25 25,473.50 25,435.25 25,448.75   -5.25       -0.02   3,187.00
1923  2026-02-02 17:30:00  NAS100 25,447.50 25,452.50 25,391.25 25,406.50  -42.25       -0.17   4,004.00
1924  2026-02-02 18:00:00  NAS100 25,407.75 25,458.50 25,401.00 25,458.25   51.75        0.20   3,803.00
1925  2026-02-02 18:30:00  NAS100 25,456.00 25,491.25 25,440.00 25,452.25   -6.00       -0.02   4,352.00
1926  2026-02-02 19:00:00  NAS100 25,451.00 25,514.75 25,450.00 25,509.75   57.50        0.23   7,152.00
1927  2026-02-02 19:30:00  NAS100 25,509.25 25,527.25 25,475.75 25,487.75  -22.00       -0.09   5,184.00
1928  2026-02-02 20:00:00  NAS100 25,486.75 25,501.75 25,456.00 25,478.50   -9.25       -0.04   6,065.00
1929  2026-02-02 20:30:00  NAS100 25,476.75 25,540.00 25,457.75 25,529.25   50.75        0.20   6,592.00
1930  2026-02-02 21:00:00  NAS100 25,529.75 25,547.25 25,520.25 25,542.25   13.00        0.05   9,785.00
1931  2026-02-02 21:30:00  NAS100 25,542.50 25,799.50 25,539.75 25,749.25  207.00        0.81  81,826.00
1932  2026-02-02 22:00:00  NAS100 25,746.75 25,912.25 25,733.00 25,866.00  116.75        0.45  48,711.00
1933  2026-02-02 22:30:00  NAS100 25,865.50 25,906.50 25,815.75 25,840.50  -25.50       -0.10  33,827.00
1934  2026-02-02 23:00:00  NAS100 25,840.25 25,898.75 25,803.00 25,893.00   52.50        0.20  25,031.00
1935  2026-02-02 23:30:00  NAS100 25,892.75 25,905.25 25,836.00 25,893.50    0.50        0.00  20,623.00
1936  2026-02-03 00:00:00  NAS100 25,893.50 25,924.50 25,888.50 25,915.50   22.00        0.08  17,682.00
1937  2026-02-03 00:30:00  NAS100 25,915.50 25,941.75 25,901.25 25,923.50    8.00        0.03  12,809.00
1938  2026-02-03 01:00:00  NAS100 25,923.75 25,936.75 25,897.50 25,911.50  -12.00       -0.05  10,619.00
1939  2026-02-03 01:30:00  NAS100 25,912.00 25,949.50 25,907.50 25,941.75   30.25        0.12  11,945.00
1940  2026-02-03 02:00:00  NAS100 25,941.75 25,945.00 25,919.00 25,922.00  -19.75       -0.08   9,839.00
1941  2026-02-03 02:30:00  NAS100 25,922.25 25,922.25 25,841.50 25,847.00  -75.00       -0.29  17,840.00
1942  2026-02-03 03:00:00  NAS100 25,847.25 25,900.00 25,821.75 25,864.25   17.25        0.07  27,938.00
1943  2026-02-03 03:30:00  NAS100 25,864.00 25,867.50 25,831.75 25,856.50   -7.75       -0.03  31,020.00
1944  2026-02-03 04:00:00  NAS100 25,856.75 25,896.00 25,835.75 25,884.50   28.00        0.11  13,740.00
1945  2026-02-03 04:30:00  NAS100 25,884.00 25,891.75 25,866.00 25,873.25  -11.25       -0.04   2,618.00
1946  2026-02-03 06:00:00  NAS100 25,876.50 25,940.50 25,866.50 25,938.25   65.00        0.25   3,483.00
1947  2026-02-03 06:30:00  NAS100 25,937.75 25,977.00 25,932.00 25,948.25   10.00        0.04   3,306.00
1948  2026-02-03 07:00:00  NAS100 25,947.75 25,984.75 25,913.50 25,973.25   25.00        0.10   3,460.00
1949  2026-02-03 07:30:00  NAS100 25,972.25 25,977.25 25,943.50 25,953.00  -20.25       -0.08   2,007.00
1950  2026-02-03 08:00:00  NAS100 25,954.00 25,990.75 25,952.00 25,973.75   20.75        0.08   2,834.00
1951  2026-02-03 08:30:00  NAS100 25,972.25 25,977.00 25,948.00 25,960.25  -13.50       -0.05   2,270.00
1952  2026-02-03 09:00:00  NAS100 25,959.00 25,960.00 25,920.25 25,926.75  -33.50       -0.13   2,687.00
1953  2026-02-03 09:30:00  NAS100 25,924.75 25,935.25 25,900.50 25,928.75    2.00        0.01   2,736.00
1954  2026-02-03 10:00:00  NAS100 25,926.50 25,948.25 25,913.00 25,939.25   10.50        0.04   1,931.00
1955  2026-02-03 10:30:00  NAS100 25,937.75 25,964.75 25,928.00 25,956.50   17.25        0.07   1,673.00
1956  2026-02-03 11:00:00  NAS100 25,955.75 25,976.25 25,953.00 25,960.75    4.25        0.02   1,123.00
1957  2026-02-03 11:30:00  NAS100 25,962.00 25,988.00 25,962.00 25,980.50   19.75        0.08   1,352.00
1958  2026-02-03 12:00:00  NAS100 25,980.50 25,986.25 25,952.00 25,968.75  -11.75       -0.05   1,440.00
1959  2026-02-03 12:30:00  NAS100 25,970.00 25,996.75 25,965.50 25,986.25   17.50        0.07   1,279.00
1960  2026-02-03 13:00:00  NAS100 25,987.75 26,001.75 25,973.50 25,986.00   -0.25       -0.00   1,878.00
1961  2026-02-03 13:30:00  NAS100 25,985.75 26,007.25 25,982.50 25,992.25    6.25        0.02   2,051.00
1962  2026-02-03 14:00:00  NAS100 25,991.25 26,003.25 25,974.25 25,987.75   -4.50       -0.02   1,918.00
1963  2026-02-03 14:30:00  NAS100 25,988.00 26,027.75 25,983.50 26,012.50   24.75        0.10   2,528.00
1964  2026-02-03 15:00:00  NAS100 26,012.00 26,024.00 25,990.50 26,002.75   -9.75       -0.04   3,575.00
1965  2026-02-03 15:30:00  NAS100 26,002.50 26,004.50 25,970.25 25,977.75  -25.00       -0.10   2,468.00
1966  2026-02-03 16:00:00  NAS100 25,977.00 26,009.75 25,958.25 25,963.50  -14.25       -0.05   3,208.00
1967  2026-02-03 16:30:00  NAS100 25,965.00 25,979.00 25,958.25 25,969.25    5.75        0.02   1,719.00
1968  2026-02-03 17:00:00  NAS100 25,970.50 25,990.00 25,967.00 25,971.75    2.50        0.01   1,377.00
1969  2026-02-03 17:30:00  NAS100 25,971.00 25,971.00 25,944.75 25,955.75  -16.00       -0.06   1,978.00
1970  2026-02-03 18:00:00  NAS100 25,955.75 25,965.25 25,940.25 25,946.50   -9.25       -0.04   1,915.00
1971  2026-02-03 18:30:00  NAS100 25,946.50 25,963.75 25,935.00 25,945.50   -1.00       -0.00   2,366.00
1972  2026-02-03 19:00:00  NAS100 25,945.25 25,988.50 25,923.50 25,986.25   40.75        0.16   3,857.00
1973  2026-02-03 19:30:00  NAS100 25,986.25 25,996.25 25,978.00 25,981.75   -4.50       -0.02   2,829.00
1974  2026-02-03 20:00:00  NAS100 25,983.00 26,003.50 25,975.75 25,991.50    9.75        0.04   3,598.00
1975  2026-02-03 20:30:00  NAS100 25,991.50 25,999.50 25,961.50 25,967.25  -24.25       -0.09   4,242.00
1976  2026-02-03 21:00:00  NAS100 25,967.00 25,976.75 25,927.50 25,934.00  -33.25       -0.13   7,700.00
1977  2026-02-03 21:30:00  NAS100 25,934.75 25,952.25 25,623.25 25,633.00 -301.00       -1.16  91,536.00
1978  2026-02-03 22:00:00  NAS100 25,632.75 25,646.75 25,470.25 25,546.00  -87.00       -0.34  84,756.00
1979  2026-02-03 22:30:00  NAS100 25,546.50 25,631.50 25,481.50 25,617.50   71.50        0.28  54,094.00
1980  2026-02-03 23:00:00  NAS100 25,617.50 25,619.75 25,493.75 25,497.00 -120.50       -0.47  40,262.00
1981  2026-02-03 23:30:00  NAS100 25,497.50 25,534.25 25,467.75 25,491.25   -5.75       -0.02  35,301.00
1982  2026-02-04 00:00:00  NAS100 25,491.50 25,502.50 25,401.25 25,415.00  -76.25       -0.30  36,664.00
1983  2026-02-04 00:30:00  NAS100 25,414.25 25,427.75 25,345.00 25,387.25  -27.75       -0.11  35,201.00
1984  2026-02-04 01:00:00  NAS100 25,386.50 25,423.50 25,312.50 25,331.75  -55.50       -0.22  31,863.00
1985  2026-02-04 01:30:00  NAS100 25,331.00 25,331.00 25,245.50 25,245.50  -86.25       -0.34  25,906.00
1986  2026-02-04 02:00:00  NAS100 25,245.50 25,359.25 25,219.00 25,295.25   49.75        0.20  40,635.00
1987  2026-02-04 02:30:00  NAS100 25,294.25 25,329.00 25,234.50 25,316.25   21.00        0.08  31,753.00
1988  2026-02-04 03:00:00  NAS100 25,316.25 25,343.00 25,269.50 25,330.75   14.50        0.06  24,511.00
1989  2026-02-04 03:30:00  NAS100 25,330.25 25,459.00 25,329.25 25,445.50  114.75        0.45  44,272.00
1990  2026-02-04 04:00:00  NAS100 25,445.50 25,477.00 25,380.50 25,425.50  -20.00       -0.08  20,987.00
1991  2026-02-04 04:30:00  NAS100 25,424.75 25,427.75 25,400.25 25,421.25   -4.25       -0.02   7,076.00
1992  2026-02-04 06:00:00  NAS100 25,387.50 25,442.00 25,362.00 25,395.00  -26.25       -0.10   5,191.00
1993  2026-02-04 06:30:00  NAS100 25,397.25 25,433.75 25,385.00 25,428.00   33.00        0.13   2,067.00
1994  2026-02-04 07:00:00  NAS100 25,427.75 25,435.75 25,390.25 25,407.25  -20.75       -0.08   3,417.00
1995  2026-02-04 07:30:00  NAS100 25,409.75 25,429.50 25,375.75 25,376.50  -30.75       -0.12   2,301.00
1996  2026-02-04 08:00:00  NAS100 25,377.50 25,452.00 25,377.50 25,444.75   68.25        0.27   4,173.00
1997  2026-02-04 08:30:00  NAS100 25,444.25 25,454.75 25,414.50 25,440.75   -4.00       -0.02   2,430.00
1998  2026-02-04 09:00:00  NAS100 25,441.50 25,473.75 25,414.00 25,425.50  -15.25       -0.06   3,103.00
1999  2026-02-04 09:30:00  NAS100 25,423.25 25,437.25 25,399.50 25,412.25  -13.25       -0.05   2,033.00
2000  2026-02-04 10:00:00  NAS100 25,412.75 25,436.50 25,402.25 25,423.50   11.25        0.04   2,165.00
2001  2026-02-04 10:30:00  NAS100 25,423.00 25,451.75 25,411.50 25,433.25    9.75        0.04   1,985.00
2002  2026-02-04 11:00:00  NAS100 25,433.50 25,439.50 25,418.00 25,423.25  -10.00       -0.04   1,055.00
2003  2026-02-04 11:30:00  NAS100 25,425.00 25,448.00 25,423.50 25,433.75   10.50        0.04   1,402.00
2004  2026-02-04 12:00:00  NAS100 25,434.50 25,438.25 25,416.50 25,431.75   -2.00       -0.01   1,045.00
2005  2026-02-04 12:30:00  NAS100 25,432.00 25,443.25 25,408.75 25,443.00   11.25        0.04   1,316.00
2006  2026-02-04 13:00:00  NAS100 25,442.50 25,465.25 25,435.50 25,456.00   13.00        0.05   1,894.00
2007  2026-02-04 13:30:00  NAS100 25,456.00 25,489.75 25,447.75 25,471.50   15.50        0.06   2,460.00
2008  2026-02-04 14:00:00  NAS100 25,470.75 25,499.00 25,469.25 25,491.25   19.75        0.08   1,973.00
2009  2026-02-04 14:30:00  NAS100 25,490.00 25,514.25 25,474.75 25,503.00   11.75        0.05   2,960.00
2010  2026-02-04 15:00:00  NAS100 25,502.25 25,509.50 25,410.00 25,412.75  -90.25       -0.35   5,319.00
2011  2026-02-04 15:30:00  NAS100 25,412.25 25,455.75 25,400.75 25,426.50   13.75        0.05   4,013.00
2012  2026-02-04 16:00:00  NAS100 25,427.75 25,449.50 25,358.00 25,382.25  -44.25       -0.17   5,457.00
2013  2026-02-04 16:30:00  NAS100 25,382.75 25,407.25 25,354.50 25,403.75   21.50        0.08   3,327.00
2014  2026-02-04 17:00:00  NAS100 25,402.25 25,449.25 25,395.25 25,443.50   39.75        0.16   4,127.00
2015  2026-02-04 17:30:00  NAS100 25,443.75 25,466.25 25,434.50 25,449.50    6.00        0.02   3,651.00
2016  2026-02-04 18:00:00  NAS100 25,450.75 25,462.25 25,436.75 25,449.75    0.25        0.00   1,973.00
2017  2026-02-04 18:30:00  NAS100 25,449.50 25,483.50 25,445.25 25,474.25   24.50        0.10   3,960.00
2018  2026-02-04 19:00:00  NAS100 25,474.75 25,490.50 25,419.50 25,430.50  -43.75       -0.17   3,367.00
2019  2026-02-04 19:30:00  NAS100 25,430.50 25,448.00 25,396.75 25,405.75  -24.75       -0.10   4,266.00
2020  2026-02-04 20:00:00  NAS100 25,406.25 25,416.75 25,369.50 25,394.25  -11.50       -0.05   5,537.00
2021  2026-02-04 20:30:00  NAS100 25,391.75 25,418.00 25,342.00 25,358.00  -36.25       -0.14   8,889.00
2022  2026-02-04 21:00:00  NAS100 25,356.25 25,388.50 25,325.00 25,386.00   28.00        0.11  11,489.00
2023  2026-02-04 21:30:00  NAS100 25,385.50 25,390.00 25,186.00 25,194.25 -191.75       -0.76  85,490.00
2024  2026-02-04 22:00:00  NAS100 25,194.25 25,305.00 25,108.00 25,248.50   54.25        0.22  71,744.00
2025  2026-02-04 22:30:00  NAS100 25,248.00 25,271.00 25,119.50 25,151.50  -97.00       -0.38  53,842.00
2026  2026-02-04 23:00:00  NAS100 25,152.25 25,171.50 25,041.50 25,131.50  -20.00       -0.08  46,842.00
2027  2026-02-04 23:30:00  NAS100 25,130.75 25,136.75 24,928.00 25,035.50  -96.00       -0.38  42,954.00
2028  2026-02-05 00:00:00  NAS100 25,035.75 25,057.50 24,874.00 24,889.50 -146.00       -0.58  39,756.00
2029  2026-02-05 00:30:00  NAS100 24,889.00 24,947.00 24,783.50 24,874.25  -15.25       -0.06  45,025.00
2030  2026-02-05 01:00:00  NAS100 24,873.75 24,950.00 24,819.00 24,941.25   67.00        0.27  33,688.00
2031  2026-02-05 01:30:00  NAS100 24,942.00 24,959.75 24,833.75 24,925.00  -16.25       -0.07  34,990.00
2032  2026-02-05 02:00:00  NAS100 24,923.50 24,967.75 24,863.75 24,963.50   38.50        0.15  31,177.00
2033  2026-02-05 02:30:00  NAS100 24,963.25 25,115.50 24,959.50 25,106.25  142.75        0.57  41,169.00
2034  2026-02-05 03:00:00  NAS100 25,106.00 25,123.75 25,020.50 25,059.75  -46.50       -0.19  26,213.00
2035  2026-02-05 03:30:00  NAS100 25,059.25 25,098.50 24,979.00 24,994.50  -65.25       -0.26  33,642.00
2036  2026-02-05 04:00:00  NAS100 24,998.00 25,063.50 24,876.00 25,043.25   48.75        0.20  25,142.00
2037  2026-02-05 04:30:00  NAS100 25,042.25 25,181.25 25,036.25 25,116.25   73.00        0.29  12,789.00
2038  2026-02-05 06:00:00  NAS100 25,061.75 25,114.00 25,055.00 25,095.50  -20.75       -0.08   3,568.00
2039  2026-02-05 06:30:00  NAS100 25,093.75 25,125.00 25,042.00 25,067.00  -28.50       -0.11   2,814.00
2040  2026-02-05 07:00:00  NAS100 25,067.50 25,121.00 25,030.75 25,113.25   46.25        0.18   3,755.00
2041  2026-02-05 07:30:00  NAS100 25,114.50 25,135.50 25,102.25 25,107.25   -6.00       -0.02   2,267.00
2042  2026-02-05 08:00:00  NAS100 25,109.25 25,169.00 25,099.25 25,127.00   19.75        0.08   4,595.00
2043  2026-02-05 08:30:00  NAS100 25,133.00 25,153.50 25,116.50 25,122.75   -4.25       -0.02   1,927.00
2044  2026-02-05 09:00:00  NAS100 25,124.00 25,135.00 24,959.25 25,059.75  -63.00       -0.25   7,618.00
2045  2026-02-05 09:30:00  NAS100 25,059.50 25,094.50 24,959.75 24,961.75  -98.00       -0.39   6,170.00
2046  2026-02-05 10:00:00  NAS100 24,962.00 25,037.00 24,948.25 25,013.75   52.00        0.21   5,142.00
2047  2026-02-05 10:30:00  NAS100 25,016.00 25,018.50 24,929.75 24,947.50  -66.25       -0.26   4,237.00
2048  2026-02-05 11:00:00  NAS100 24,949.00 24,985.25 24,915.75 24,950.00    2.50        0.01   3,592.00
2049  2026-02-05 11:30:00  NAS100 24,949.25 25,027.00 24,940.75 25,009.50   59.50        0.24   2,816.00
2050  2026-02-05 12:00:00  NAS100 25,012.00 25,023.50 24,963.75 25,002.50   -7.00       -0.03   2,350.00
2051  2026-02-05 12:30:00  NAS100 25,002.75 25,045.50 24,983.25 24,996.75   -5.75       -0.02   2,748.00
2052  2026-02-05 13:00:00  NAS100 24,996.75 25,052.75 24,992.50 25,028.75   32.00        0.13   2,595.00
2053  2026-02-05 13:30:00  NAS100 25,026.00 25,077.25 25,021.75 25,073.00   44.25        0.18   2,575.00
2054  2026-02-05 14:00:00  NAS100 25,072.50 25,089.75 25,055.25 25,081.00    8.00        0.03   2,438.00
2055  2026-02-05 14:30:00  NAS100 25,078.75 25,089.75 25,041.25 25,044.75  -36.25       -0.14   3,286.00
2056  2026-02-05 15:00:00  NAS100 25,043.75 25,123.75 25,043.25 25,092.75   48.00        0.19   5,975.00
2057  2026-02-05 15:30:00  NAS100 25,092.25 25,113.50 24,998.00 24,998.25  -94.50       -0.38   5,916.00
2058  2026-02-05 16:00:00  NAS100 25,000.00 25,072.00 24,978.75 25,071.75   73.50        0.29   6,417.00
2059  2026-02-05 16:30:00  NAS100 25,070.00 25,096.75 25,011.00 25,030.75  -41.00       -0.16   3,862.00
2060  2026-02-05 17:00:00  NAS100 25,031.00 25,092.00 25,022.50 25,084.75   54.00        0.22   2,961.00
2061  2026-02-05 17:30:00  NAS100 25,086.25 25,088.25 25,026.75 25,033.75  -51.00       -0.20   3,036.00
2062  2026-02-05 18:00:00  NAS100 25,033.75 25,065.00 25,011.50 25,022.00  -11.75       -0.05   2,826.00
2063  2026-02-05 18:30:00  NAS100 25,022.00 25,034.25 24,991.00 25,028.25    6.25        0.02   3,923.00
2064  2026-02-05 19:00:00  NAS100 25,031.50 25,056.50 24,880.75 24,903.50 -124.75       -0.50   8,467.00
2065  2026-02-05 19:30:00  NAS100 24,903.50 24,917.75 24,707.50 24,793.50 -110.00       -0.44  22,040.00
2066  2026-02-05 20:00:00  NAS100 24,792.50 24,839.25 24,771.25 24,791.50   -2.00       -0.01  11,077.00
2067  2026-02-05 20:30:00  NAS100 24,793.25 24,869.25 24,758.75 24,767.75  -23.75       -0.10  16,510.00
2068  2026-02-05 21:00:00  NAS100 24,768.25 24,838.75 24,725.25 24,770.75    3.00        0.01  19,392.00
2069  2026-02-05 21:30:00  NAS100 24,770.25 24,960.75 24,652.00 24,769.25   -1.50       -0.01  96,699.00
2070  2026-02-05 22:00:00  NAS100 24,769.00 24,800.75 24,550.00 24,577.75 -191.50       -0.77  76,302.00
2071  2026-02-05 22:30:00  NAS100 24,578.50 24,700.25 24,552.75 24,634.00   56.25        0.23  53,668.00
2072  2026-02-05 23:00:00  NAS100 24,635.00 24,783.50 24,543.25 24,780.00  146.00        0.59  48,489.00
2073  2026-02-05 23:30:00  NAS100 24,780.25 24,856.50 24,730.25 24,829.00   49.00        0.20  44,751.00
2074  2026-02-06 00:00:00  NAS100 24,829.50 24,864.75 24,722.25 24,838.00    9.00        0.04  28,726.00
2075  2026-02-06 00:30:00  NAS100 24,839.25 24,887.50 24,768.00 24,782.25  -55.75       -0.22  26,619.00
2076  2026-02-06 01:00:00  NAS100 24,783.75 24,834.50 24,710.50 24,732.75  -49.50       -0.20  23,496.00
2077  2026-02-06 01:30:00  NAS100 24,732.50 24,773.50 24,662.00 24,700.25  -32.50       -0.13  20,638.00
2078  2026-02-06 02:00:00  NAS100 24,700.25 24,839.25 24,684.00 24,764.00   63.75        0.26  23,996.00
2079  2026-02-06 02:30:00  NAS100 24,765.00 24,765.00 24,672.50 24,712.00  -52.00       -0.21  23,984.00
2080  2026-02-06 03:00:00  NAS100 24,711.75 24,808.00 24,630.50 24,638.00  -74.00       -0.30  29,417.00
2081  2026-02-06 03:30:00  NAS100 24,637.75 24,679.00 24,567.75 24,638.25    0.25        0.00  46,441.00
2082  2026-02-06 04:00:00  NAS100 24,638.50 24,720.00 24,530.00 24,545.00  -93.25       -0.38  29,220.00
2083  2026-02-06 04:30:00  NAS100 24,544.75 24,547.00 24,407.25 24,425.25 -119.75       -0.49  12,772.00
2084  2026-02-06 06:00:00  NAS100 24,416.00 24,474.00 24,358.75 24,425.75    0.50        0.00   7,591.00
2085  2026-02-06 06:30:00  NAS100 24,425.75 24,434.50 24,294.00 24,336.00  -89.75       -0.37   8,252.00
2086  2026-02-06 07:00:00  NAS100 24,334.75 24,376.75 24,239.75 24,368.50   32.50        0.13  10,271.00
2087  2026-02-06 07:30:00  NAS100 24,368.25 24,409.25 24,343.75 24,400.00   31.50        0.13   8,001.00
2088  2026-02-06 08:00:00  NAS100 24,401.00 24,439.25 24,340.75 24,362.00  -38.00       -0.16   7,763.00
2089  2026-02-06 08:30:00  NAS100 24,365.00 24,536.00 24,365.00 24,531.25  169.25        0.69   6,824.00
2090  2026-02-06 09:00:00  NAS100 24,531.00 24,571.00 24,520.50 24,557.00   25.75        0.10   6,234.00
2091  2026-02-06 09:30:00  NAS100 24,556.25 24,579.50 24,510.75 24,534.25  -22.75       -0.09   3,981.00
2092  2026-02-06 10:00:00  NAS100 24,534.25 24,565.50 24,503.00 24,522.50  -11.75       -0.05   2,940.00
2093  2026-02-06 10:30:00  NAS100 24,522.25 24,553.00 24,472.25 24,528.25    5.75        0.02   3,437.00
2094  2026-02-06 11:00:00  NAS100 24,527.50 24,527.50 24,486.25 24,491.50  -36.75       -0.15   1,651.00
2095  2026-02-06 11:30:00  NAS100 24,493.00 24,496.75 24,425.25 24,454.50  -37.00       -0.15   3,566.00
2096  2026-02-06 12:00:00  NAS100 24,456.00 24,491.50 24,430.75 24,491.00   36.50        0.15   3,089.00
2097  2026-02-06 12:30:00  NAS100 24,490.00 24,597.25 24,488.00 24,582.75   91.75        0.37   3,652.00
2098  2026-02-06 13:00:00  NAS100 24,582.00 24,611.75 24,577.00 24,596.75   14.00        0.06   2,631.00
2099  2026-02-06 13:30:00  NAS100 24,595.75 24,613.75 24,540.25 24,547.75  -49.00       -0.20   2,721.00
2100  2026-02-06 14:00:00  NAS100 24,546.75 24,577.25 24,506.00 24,572.50   24.75        0.10   3,592.00
2101  2026-02-06 14:30:00  NAS100 24,572.50 24,578.25 24,528.50 24,557.25  -15.25       -0.06   3,089.00
2102  2026-02-06 15:00:00  NAS100 24,556.75 24,590.75 24,490.75 24,551.00   -6.25       -0.03   6,046.00
2103  2026-02-06 15:30:00  NAS100 24,551.00 24,606.00 24,529.75 24,583.75   32.75        0.13   4,529.00
2104  2026-02-06 16:00:00  NAS100 24,584.00 24,726.50 24,562.25 24,721.75  138.00        0.56   9,003.00
2105  2026-02-06 16:30:00  NAS100 24,721.75 24,783.75 24,720.00 24,750.75   29.00        0.12   8,932.00
2106  2026-02-06 17:00:00  NAS100 24,749.50 24,753.00 24,713.75 24,718.50  -32.25       -0.13   4,546.00
2107  2026-02-06 17:30:00  NAS100 24,719.50 24,798.50 24,712.00 24,794.75   76.25        0.31   4,850.00
2108  2026-02-06 18:00:00  NAS100 24,793.00 24,833.25 24,789.00 24,812.25   17.50        0.07   6,979.00
2109  2026-02-06 18:30:00  NAS100 24,811.00 24,873.25 24,809.50 24,855.00   42.75        0.17   6,334.00
2110  2026-02-06 19:00:00  NAS100 24,854.00 24,860.50 24,783.50 24,794.00  -61.00       -0.25   6,739.00
2111  2026-02-06 19:30:00  NAS100 24,793.00 24,824.00 24,761.00 24,782.00  -12.00       -0.05   5,337.00
2112  2026-02-06 20:00:00  NAS100 24,782.75 24,848.75 24,758.25 24,820.50   38.50        0.16   8,073.00
2113  2026-02-06 20:30:00  NAS100 24,820.50 24,851.75 24,776.75 24,799.75  -20.75       -0.08  10,641.00
2114  2026-02-06 21:00:00  NAS100 24,797.00 24,817.75 24,748.00 24,760.50  -39.25       -0.16  10,909.00
2115  2026-02-06 21:30:00  NAS100 24,760.50 24,984.00 24,700.75 24,850.75   90.25        0.36  94,577.00
2116  2026-02-06 22:00:00  NAS100 24,856.75 24,916.25 24,743.25 24,903.25   52.50        0.21  69,855.00
2117  2026-02-06 22:30:00  NAS100 24,904.50 24,962.25 24,819.75 24,895.75   -7.50       -0.03  44,940.00
2118  2026-02-06 23:00:00  NAS100 24,895.25 25,036.25 24,880.50 25,006.75  111.00        0.45  37,795.00
2119  2026-02-06 23:30:00  NAS100 25,006.75 25,051.75 24,979.00 25,000.75   -6.00       -0.02  30,768.00
2120  2026-02-07 00:00:00  NAS100 25,001.00 25,074.25 24,986.50 25,069.25   68.50        0.27  22,832.00
2121  2026-02-07 00:30:00  NAS100 25,070.00 25,108.75 25,037.00 25,092.25   23.00        0.09  22,306.00
2122  2026-02-07 01:00:00  NAS100 25,092.75 25,124.00 25,074.00 25,090.00   -2.25       -0.01  18,438.00
2123  2026-02-07 01:30:00  NAS100 25,089.75 25,110.25 25,080.25 25,084.50   -5.50       -0.02  11,896.00
2124  2026-02-07 02:00:00  NAS100 25,084.25 25,107.25 25,065.25 25,105.00   20.50        0.08  12,266.00
2125  2026-02-07 02:30:00  NAS100 25,105.50 25,108.75 25,069.25 25,070.75  -34.25       -0.14  11,908.00
2126  2026-02-07 03:00:00  NAS100 25,070.25 25,127.00 25,052.75 25,109.75   39.00        0.16  14,647.00
2127  2026-02-07 03:30:00  NAS100 25,109.50 25,222.00 25,099.50 25,146.75   37.00        0.15  45,211.00
2128  2026-02-07 04:00:00  NAS100 25,146.25 25,164.00 25,108.50 25,111.25  -35.50       -0.14  14,781.00
2129  2026-02-07 04:30:00  NAS100 25,111.25 25,113.75 25,090.00 25,107.75   -3.50       -0.01   4,531.00
2130  2026-02-09 06:00:00  NAS100 25,153.75 25,266.00 25,153.75 25,235.50  127.75        0.51   4,125.00
2131  2026-02-09 06:30:00  NAS100 25,236.75 25,294.50 25,223.25 25,276.75   41.25        0.16   4,160.00
2132  2026-02-09 07:00:00  NAS100 25,275.00 25,346.50 25,269.25 25,294.50   17.75        0.07   7,145.00
2133  2026-02-09 07:30:00  NAS100 25,294.50 25,329.50 25,258.00 25,262.75  -31.75       -0.13   3,427.00
2134  2026-02-09 08:00:00  NAS100 25,263.75 25,266.00 25,235.00 25,236.25  -26.50       -0.10   4,149.00
2135  2026-02-09 08:30:00  NAS100 25,236.00 25,262.50 25,194.50 25,217.75  -18.50       -0.07   3,996.00
2136  2026-02-09 09:00:00  NAS100 25,216.50 25,251.00 25,208.75 25,226.25    8.50        0.03   2,757.00
2137  2026-02-09 09:30:00  NAS100 25,226.25 25,263.75 25,221.25 25,227.75    1.50        0.01   2,386.00
2138  2026-02-09 10:00:00  NAS100 25,228.00 25,242.00 25,215.00 25,215.00  -12.75       -0.05   1,555.00
2139  2026-02-09 10:30:00  NAS100 25,215.00 25,228.50 25,188.75 25,189.25  -25.75       -0.10   2,706.00
2140  2026-02-09 11:00:00  NAS100 25,189.50 25,223.00 25,188.75 25,214.00   24.75        0.10   1,723.00
2141  2026-02-09 11:30:00  NAS100 25,213.75 25,213.75 25,179.50 25,187.00  -27.00       -0.11   1,841.00
2142  2026-02-09 12:00:00  NAS100 25,187.50 25,222.25 25,176.50 25,210.00   23.00        0.09   1,760.00
2143  2026-02-09 12:30:00  NAS100 25,210.25 25,228.00 25,191.00 25,215.25    5.25        0.02   2,210.00
2144  2026-02-09 13:00:00  NAS100 25,216.00 25,222.00 25,159.00 25,166.75  -48.50       -0.19   3,975.00
2145  2026-02-09 13:30:00  NAS100 25,166.75 25,200.75 25,156.50 25,166.75    0.00        0.00   2,711.00
2146  2026-02-09 14:00:00  NAS100 25,167.00 25,181.25 25,132.00 25,141.25  -25.50       -0.10   2,908.00
2147  2026-02-09 14:30:00  NAS100 25,139.50 25,174.50 25,120.75 25,159.75   18.50        0.07   2,365.00
2148  2026-02-09 15:00:00  NAS100 25,158.25 25,215.25 25,154.50 25,181.25   21.50        0.09   4,527.00
2149  2026-02-09 15:30:00  NAS100 25,180.00 25,189.75 25,148.25 25,161.00  -20.25       -0.08   3,000.00
2150  2026-02-09 16:00:00  NAS100 25,160.50 25,185.25 25,144.25 25,156.75   -4.25       -0.02   2,720.00
2151  2026-02-09 16:30:00  NAS100 25,155.75 25,162.50 25,073.00 25,089.00  -67.75       -0.27   4,810.00
2152  2026-02-09 17:00:00  NAS100 25,088.25 25,093.75 25,035.00 25,038.50  -50.50       -0.20   4,879.00
2153  2026-02-09 17:30:00  NAS100 25,039.50 25,055.00 24,968.50 25,044.00    5.50        0.02  10,386.00
2154  2026-02-09 18:00:00  NAS100 25,045.75 25,070.75 25,018.75 25,065.75   21.75        0.09   3,534.00
2155  2026-02-09 18:30:00  NAS100 25,064.75 25,071.75 25,033.75 25,047.50  -18.25       -0.07   2,993.00
2156  2026-02-09 19:00:00  NAS100 25,049.25 25,100.25 25,015.25 25,091.00   43.50        0.17   4,994.00
2157  2026-02-09 19:30:00  NAS100 25,091.00 25,104.00 25,072.75 25,101.00   10.00        0.04   3,744.00
2158  2026-02-09 20:00:00  NAS100 25,101.00 25,155.75 25,100.00 25,121.75   20.75        0.08   6,221.00
2159  2026-02-09 20:30:00  NAS100 25,120.75 25,123.50 25,074.25 25,079.00  -42.75       -0.17   5,855.00
2160  2026-02-09 21:00:00  NAS100 25,080.00 25,094.25 25,037.75 25,057.75  -21.25       -0.08  12,148.00
2161  2026-02-09 21:30:00  NAS100 25,057.75 25,188.50 24,955.50 25,113.25   55.50        0.22  77,023.00
2162  2026-02-09 22:00:00  NAS100 25,112.25 25,254.00 25,102.75 25,181.50   68.25        0.27  37,867.00
2163  2026-02-09 22:30:00  NAS100 25,182.75 25,329.00 25,181.50 25,312.25  130.75        0.52  31,053.00
2164  2026-02-09 23:00:00  NAS100 25,311.50 25,358.25 25,305.75 25,355.75   43.50        0.17  24,476.00
2165  2026-02-09 23:30:00  NAS100 25,355.75 25,404.00 25,340.00 25,391.00   35.25        0.14  24,612.00
2166  2026-02-10 00:00:00  NAS100 25,390.75 25,416.50 25,378.50 25,384.00   -7.00       -0.03  19,815.00
2167  2026-02-10 00:30:00  NAS100 25,384.50 25,401.25 25,349.50 25,355.25  -28.75       -0.11  16,978.00
2168  2026-02-10 01:00:00  NAS100 25,355.00 25,381.75 25,312.00 25,342.75  -12.50       -0.05  23,371.00
2169  2026-02-10 01:30:00  NAS100 25,342.50 25,388.75 25,330.50 25,369.50   26.75        0.11  14,778.00
2170  2026-02-10 02:00:00  NAS100 25,370.00 25,423.25 25,363.75 25,418.25   48.75        0.19  13,694.00
2171  2026-02-10 02:30:00  NAS100 25,418.75 25,428.75 25,397.00 25,399.00  -19.25       -0.08  10,759.00
2172  2026-02-10 03:00:00  NAS100 25,399.25 25,413.00 25,354.75 25,364.25  -34.75       -0.14  14,751.00
2173  2026-02-10 03:30:00  NAS100 25,364.00 25,392.25 25,332.25 25,337.75  -26.50       -0.10  34,732.00
2174  2026-02-10 04:00:00  NAS100 25,338.25 25,374.75 25,334.25 25,365.25   27.50        0.11  10,573.00
2175  2026-02-10 04:30:00  NAS100 25,364.75 25,372.50 25,358.75 25,361.50   -3.75       -0.01   2,572.00
2176  2026-02-10 06:00:00  NAS100 25,363.00 25,395.50 25,341.00 25,352.75   -8.75       -0.03   2,971.00
2177  2026-02-10 06:30:00  NAS100 25,352.50 25,373.00 25,328.00 25,344.25   -8.50       -0.03   3,025.00
2178  2026-02-10 07:00:00  NAS100 25,344.75 25,362.75 25,315.00 25,326.50  -17.75       -0.07   3,280.00
2179  2026-02-10 07:30:00  NAS100 25,326.75 25,342.50 25,310.00 25,335.25    8.75        0.03   2,964.00
2180  2026-02-10 08:00:00  NAS100 25,335.50 25,342.00 25,313.50 25,317.00  -18.25       -0.07   3,004.00
2181  2026-02-10 08:30:00  NAS100 25,317.00 25,352.00 25,300.00 25,334.75   17.75        0.07   4,597.00
2182  2026-02-10 09:00:00  NAS100 25,334.00 25,336.00 25,308.75 25,320.75  -14.00       -0.06   2,054.00
2183  2026-02-10 09:30:00  NAS100 25,320.25 25,323.00 25,287.25 25,306.25  -14.50       -0.06   2,497.00
2184  2026-02-10 10:00:00  NAS100 25,307.00 25,309.25 25,278.50 25,289.75  -16.50       -0.07   1,954.00
2185  2026-02-10 10:30:00  NAS100 25,290.00 25,313.75 25,287.25 25,300.25   10.50        0.04   1,619.00
2186  2026-02-10 11:00:00  NAS100 25,299.00 25,323.00 25,298.75 25,321.75   21.50        0.08   1,233.00
2187  2026-02-10 11:30:00  NAS100 25,321.00 25,348.00 25,314.50 25,344.50   22.75        0.09   1,844.00
2188  2026-02-10 12:00:00  NAS100 25,345.25 25,347.00 25,312.00 25,315.25  -29.25       -0.12   1,681.00
2189  2026-02-10 12:30:00  NAS100 25,314.25 25,358.25 25,311.75 25,351.75   36.50        0.14   2,430.00
2190  2026-02-10 13:00:00  NAS100 25,352.50 25,354.25 25,310.00 25,319.50  -32.25       -0.13   1,922.00
2191  2026-02-10 13:30:00  NAS100 25,318.50 25,327.00 25,291.75 25,313.25   -6.25       -0.02   1,749.00
2192  2026-02-10 14:00:00  NAS100 25,314.25 25,340.00 25,307.00 25,332.50   19.25        0.08   2,245.00
2193  2026-02-10 14:30:00  NAS100 25,331.25 25,349.00 25,326.75 25,348.50   16.00        0.06   1,297.00
2194  2026-02-10 15:00:00  NAS100 25,349.75 25,367.00 25,322.75 25,341.75   -6.75       -0.03   3,745.00
2195  2026-02-10 15:30:00  NAS100 25,341.25 25,353.00 25,326.00 25,334.25   -7.50       -0.03   2,513.00
2196  2026-02-10 16:00:00  NAS100 25,335.00 25,407.50 25,334.25 25,396.25   62.00        0.24   3,953.00
2197  2026-02-10 16:30:00  NAS100 25,395.50 25,398.25 25,354.25 25,364.00  -32.25       -0.13   2,256.00
2198  2026-02-10 17:00:00  NAS100 25,363.75 25,367.50 25,341.75 25,362.75   -1.25       -0.00   2,974.00
2199  2026-02-10 17:30:00  NAS100 25,362.25 25,374.25 25,343.00 25,355.25   -7.50       -0.03   2,619.00
2200  2026-02-10 18:00:00  NAS100 25,355.00 25,363.50 25,334.00 25,352.75   -2.50       -0.01   2,735.00
2201  2026-02-10 18:30:00  NAS100 25,354.25 25,373.75 25,351.75 25,370.00   17.25        0.07   1,914.00
2202  2026-02-10 19:00:00  NAS100 25,369.75 25,415.00 25,369.25 25,414.75   44.75        0.18   3,073.00
2203  2026-02-10 19:30:00  NAS100 25,414.75 25,421.50 25,337.00 25,339.25  -75.50       -0.30   6,068.00
2204  2026-02-10 20:00:00  NAS100 25,339.00 25,342.00 25,292.25 25,330.00   -9.25       -0.04   7,560.00
2205  2026-02-10 20:30:00  NAS100 25,329.75 25,374.75 25,301.50 25,372.75   42.75        0.17   8,445.00
2206  2026-02-10 21:00:00  NAS100 25,372.75 25,398.00 25,367.25 25,376.25    3.50        0.01   8,008.00
2207  2026-02-10 21:30:00  NAS100 25,376.50 25,410.00 25,255.75 25,392.25   16.00        0.06  67,420.00
2208  2026-02-10 22:00:00  NAS100 25,392.50 25,447.25 25,357.75 25,401.50    9.25        0.04  44,846.00
2209  2026-02-10 22:30:00  NAS100 25,400.50 25,438.75 25,348.00 25,375.00  -26.50       -0.10  28,916.00
2210  2026-02-10 23:00:00  NAS100 25,375.00 25,400.25 25,331.25 25,351.25  -23.75       -0.09  26,425.00
2211  2026-02-10 23:30:00  NAS100 25,350.25 25,366.75 25,316.25 25,327.00  -24.25       -0.10  24,538.00
2212  2026-02-11 00:00:00  NAS100 25,327.25 25,385.50 25,304.00 25,367.75   40.75        0.16  20,344.00
2213  2026-02-11 00:30:00  NAS100 25,367.25 25,397.75 25,353.00 25,383.75   16.00        0.06  12,465.00
2214  2026-02-11 01:00:00  NAS100 25,383.50 25,386.00 25,288.50 25,292.50  -91.25       -0.36  22,186.00
2215  2026-02-11 01:30:00  NAS100 25,292.00 25,322.75 25,270.75 25,312.50   20.00        0.08  26,330.00
2216  2026-02-11 02:00:00  NAS100 25,312.50 25,323.25 25,275.00 25,300.00  -12.50       -0.05  16,775.00
2217  2026-02-11 02:30:00  NAS100 25,299.75 25,313.00 25,274.50 25,294.50   -5.50       -0.02  12,953.00
2218  2026-02-11 03:00:00  NAS100 25,292.50 25,296.75 25,244.00 25,254.25  -40.25       -0.16  17,304.00
2219  2026-02-11 03:30:00  NAS100 25,254.25 25,268.50 25,198.25 25,219.75  -34.50       -0.14  34,883.00
2220  2026-02-11 04:00:00  NAS100 25,219.75 25,240.00 25,208.00 25,231.50   11.75        0.05   8,803.00
2221  2026-02-11 04:30:00  NAS100 25,232.50 25,258.00 25,231.00 25,257.25   25.75        0.10   2,698.00
2222  2026-02-11 06:00:00  NAS100 25,259.00 25,287.75 25,252.75 25,279.00   21.75        0.09   2,096.00
2223  2026-02-11 06:30:00  NAS100 25,277.50 25,284.50 25,267.75 25,272.75   -6.25       -0.02   1,552.00
2224  2026-02-11 07:00:00  NAS100 25,273.50 25,286.25 25,266.25 25,276.75    4.00        0.02   1,475.00
2225  2026-02-11 07:30:00  NAS100 25,277.75 25,297.00 25,276.50 25,290.50   13.75        0.05   1,111.00
2226  2026-02-11 08:00:00  NAS100 25,291.00 25,314.75 25,290.25 25,306.25   15.75        0.06   1,865.00
2227  2026-02-11 08:30:00  NAS100 25,305.00 25,326.25 25,300.25 25,316.25   10.00        0.04   1,909.00
2228  2026-02-11 09:00:00  NAS100 25,315.75 25,330.00 25,308.00 25,320.25    4.00        0.02   1,924.00
2229  2026-02-11 09:30:00  NAS100 25,319.75 25,327.50 25,306.75 25,322.25    2.00        0.01   1,265.00
2230  2026-02-11 10:00:00  NAS100 25,322.25 25,325.75 25,303.25 25,322.75    0.50        0.00   1,304.00
2231  2026-02-11 10:30:00  NAS100 25,323.00 25,345.50 25,317.00 25,337.75   15.00        0.06   1,708.00
2232  2026-02-11 11:00:00  NAS100 25,338.50 25,340.00 25,313.00 25,313.75  -24.00       -0.09   1,334.00
2233  2026-02-11 11:30:00  NAS100 25,314.25 25,317.50 25,295.75 25,306.75   -7.00       -0.03   1,153.00
2234  2026-02-11 12:00:00  NAS100 25,305.50 25,325.75 25,302.50 25,304.75   -2.00       -0.01   1,209.00
2235  2026-02-11 12:30:00  NAS100 25,304.50 25,306.75 25,278.75 25,287.50  -17.25       -0.07   1,880.00
2236  2026-02-11 13:00:00  NAS100 25,287.75 25,316.00 25,273.50 25,274.75  -12.75       -0.05   2,157.00
2237  2026-02-11 13:30:00  NAS100 25,275.50 25,286.00 25,267.50 25,270.75   -4.00       -0.02   1,212.00
2238  2026-02-11 14:00:00  NAS100 25,270.25 25,290.00 25,253.00 25,283.75   13.00        0.05   2,238.00
2239  2026-02-11 14:30:00  NAS100 25,284.25 25,285.50 25,260.75 25,271.00  -12.75       -0.05   1,323.00
2240  2026-02-11 15:00:00  NAS100 25,271.00 25,278.50 25,209.75 25,237.00  -34.00       -0.13   4,052.00
2241  2026-02-11 15:30:00  NAS100 25,238.25 25,265.50 25,238.25 25,250.25   13.25        0.05   1,899.00
2242  2026-02-11 16:00:00  NAS100 25,250.00 25,279.00 25,236.50 25,254.50    4.25        0.02   2,964.00
2243  2026-02-11 16:30:00  NAS100 25,255.75 25,257.25 25,204.00 25,205.25  -49.25       -0.20   3,139.00
2244  2026-02-11 17:00:00  NAS100 25,204.25 25,206.00 25,146.25 25,190.25  -15.00       -0.06   6,141.00
2245  2026-02-11 17:30:00  NAS100 25,190.75 25,207.50 25,166.75 25,207.50   17.25        0.07   2,752.00
2246  2026-02-11 18:00:00  NAS100 25,207.50 25,248.00 25,205.75 25,247.75   40.25        0.16   2,919.00
2247  2026-02-11 18:30:00  NAS100 25,248.50 25,250.00 25,207.25 25,209.00  -38.75       -0.15   3,551.00
2248  2026-02-11 19:00:00  NAS100 25,210.00 25,276.00 25,206.00 25,252.75   43.75        0.17   4,444.00
2249  2026-02-11 19:30:00  NAS100 25,253.75 25,259.25 25,222.75 25,247.50   -5.25       -0.02   3,018.00
2250  2026-02-11 20:00:00  NAS100 25,245.75 25,270.50 25,236.25 25,238.00   -9.50       -0.04   3,188.00
2251  2026-02-11 20:30:00  NAS100 25,251.25 25,452.00 25,238.75 25,444.25  206.25        0.82  24,325.00
2252  2026-02-11 21:00:00  NAS100 25,443.50 25,446.50 25,407.75 25,418.75  -25.50       -0.10  13,072.00
2253  2026-02-11 21:30:00  NAS100 25,418.50 25,465.25 25,290.00 25,305.25 -113.50       -0.45  71,531.00
2254  2026-02-11 22:00:00  NAS100 25,306.50 25,343.25 25,058.25 25,077.25 -228.00       -0.90  73,344.00
2255  2026-02-11 22:30:00  NAS100 25,077.00 25,271.50 25,068.75 25,244.00  166.75        0.66  49,003.00
2256  2026-02-11 23:00:00  NAS100 25,244.25 25,275.00 25,181.75 25,193.00  -51.00       -0.20  28,379.00
2257  2026-02-11 23:30:00  NAS100 25,193.00 25,256.75 25,175.00 25,180.75  -12.25       -0.05  22,516.00
2258  2026-02-12 00:00:00  NAS100 25,180.75 25,298.25 25,141.75 25,289.50  108.75        0.43  26,119.00
2259  2026-02-12 00:30:00  NAS100 25,290.00 25,325.00 25,255.25 25,263.75  -25.75       -0.10  20,813.00
2260  2026-02-12 01:00:00  NAS100 25,264.50 25,280.25 25,200.75 25,276.50   12.75        0.05  22,582.00
2261  2026-02-12 01:30:00  NAS100 25,277.00 25,312.50 25,254.50 25,301.25   24.75        0.10  18,454.00
2262  2026-02-12 02:00:00  NAS100 25,302.00 25,360.50 25,257.75 25,348.75   47.50        0.19  18,804.00
2263  2026-02-12 02:30:00  NAS100 25,349.00 25,356.50 25,281.75 25,309.00  -39.75       -0.16  16,226.00
2264  2026-02-12 03:00:00  NAS100 25,308.75 25,322.50 25,284.00 25,284.75  -24.25       -0.10  11,534.00
2265  2026-02-12 03:30:00  NAS100 25,285.00 25,321.50 25,271.75 25,278.50   -6.25       -0.02  28,411.00
2266  2026-02-12 04:00:00  NAS100 25,278.75 25,308.00 25,268.00 25,286.50    8.00        0.03   9,729.00
2267  2026-02-12 04:30:00  NAS100 25,288.00 25,296.25 25,277.25 25,278.75   -7.75       -0.03   2,911.00
2268  2026-02-12 06:00:00  NAS100 25,289.00 25,296.50 25,237.25 25,239.25  -39.50       -0.16   2,792.00
2269  2026-02-12 06:30:00  NAS100 25,239.25 25,246.25 25,206.00 25,235.25   -4.00       -0.02   3,129.00
2270  2026-02-12 07:00:00  NAS100 25,233.25 25,254.75 25,214.25 25,230.25   -5.00       -0.02   2,772.00
2271  2026-02-12 07:30:00  NAS100 25,231.00 25,273.00 25,229.25 25,265.25   35.00        0.14   2,072.00
2272  2026-02-12 08:00:00  NAS100 25,266.25 25,288.25 25,242.50 25,282.75   17.50        0.07   2,423.00
2273  2026-02-12 08:30:00  NAS100 25,280.25 25,314.75 25,274.00 25,301.00   18.25        0.07   2,656.00
2274  2026-02-12 09:00:00  NAS100 25,301.75 25,310.50 25,268.75 25,282.00  -19.00       -0.08   2,021.00
2275  2026-02-12 09:30:00  NAS100 25,283.00 25,299.25 25,269.00 25,293.50   11.50        0.05   1,387.00
2276  2026-02-12 10:00:00  NAS100 25,292.50 25,306.25 25,282.00 25,306.25   12.75        0.05   1,417.00
2277  2026-02-12 10:30:00  NAS100 25,306.25 25,320.75 25,303.75 25,310.00    3.75        0.01   1,312.00
2278  2026-02-12 11:00:00  NAS100 25,311.50 25,339.50 25,303.00 25,338.00   28.00        0.11   1,878.00
2279  2026-02-12 11:30:00  NAS100 25,338.00 25,338.00 25,316.25 25,326.50  -11.50       -0.05   1,093.00
2280  2026-02-12 12:00:00  NAS100 25,328.00 25,343.50 25,327.50 25,334.25    7.75        0.03   1,054.00
2281  2026-02-12 12:30:00  NAS100 25,333.00 25,344.75 25,327.75 25,337.00    2.75        0.01   1,035.00
2282  2026-02-12 13:00:00  NAS100 25,338.50 25,344.50 25,312.50 25,320.25  -16.75       -0.07   1,609.00
2283  2026-02-12 13:30:00  NAS100 25,322.00 25,332.50 25,292.00 25,319.75   -0.50       -0.00   2,302.00
2284  2026-02-12 14:00:00  NAS100 25,319.25 25,357.25 25,313.00 25,351.25   31.50        0.12   2,118.00
2285  2026-02-12 14:30:00  NAS100 25,351.25 25,359.25 25,342.00 25,351.00   -0.25       -0.00   1,509.00
2286  2026-02-12 15:00:00  NAS100 25,350.25 25,369.25 25,339.00 25,345.75   -5.25       -0.02   3,229.00
2287  2026-02-12 15:30:00  NAS100 25,344.50 25,360.50 25,324.75 25,353.50    7.75        0.03   2,025.00
2288  2026-02-12 16:00:00  NAS100 25,352.75 25,364.25 25,341.75 25,349.50   -4.00       -0.02   1,856.00
2289  2026-02-12 16:30:00  NAS100 25,349.00 25,361.50 25,330.00 25,355.75    6.25        0.02   1,690.00
2290  2026-02-12 17:00:00  NAS100 25,354.75 25,374.00 25,334.00 25,340.50  -15.25       -0.06   2,340.00
2291  2026-02-12 17:30:00  NAS100 25,342.25 25,351.75 25,338.50 25,349.75    9.25        0.04   1,399.00
2292  2026-02-12 18:00:00  NAS100 25,349.75 25,370.25 25,338.25 25,367.50   17.75        0.07   1,895.00
2293  2026-02-12 18:30:00  NAS100 25,366.25 25,370.50 25,342.50 25,366.50   -1.00       -0.00   1,638.00
2294  2026-02-12 19:00:00  NAS100 25,365.75 25,369.00 25,343.00 25,365.00   -1.50       -0.01   2,115.00
2295  2026-02-12 19:30:00  NAS100 25,364.00 25,384.00 25,351.75 25,356.75   -8.25       -0.03   2,951.00
2296  2026-02-12 20:00:00  NAS100 25,356.25 25,358.50 25,320.25 25,342.25  -14.50       -0.06   3,991.00
2297  2026-02-12 20:30:00  NAS100 25,342.75 25,419.75 25,331.25 25,395.75   53.50        0.21   9,366.00
2298  2026-02-12 21:00:00  NAS100 25,396.25 25,400.25 25,346.00 25,346.75  -49.00       -0.19   7,701.00
2299  2026-02-12 21:30:00  NAS100 25,346.25 25,392.50 25,186.25 25,208.25 -138.50       -0.55  71,577.00
2300  2026-02-12 22:00:00  NAS100 25,208.25 25,260.25 25,169.75 25,232.25   24.00        0.10  47,820.00
2301  2026-02-12 22:30:00  NAS100 25,232.50 25,253.75 25,006.50 25,010.25 -222.00       -0.88  52,961.00
2302  2026-02-12 23:00:00  NAS100 25,011.00 25,031.75 24,811.25 24,818.75 -191.50       -0.77  63,989.00
2303  2026-02-12 23:30:00  NAS100 24,819.00 24,921.75 24,805.75 24,878.50   59.75        0.24  52,103.00
2304  2026-02-13 00:00:00  NAS100 24,878.00 24,924.00 24,831.25 24,871.25   -7.25       -0.03  37,546.00
2305  2026-02-13 00:30:00  NAS100 24,871.00 24,940.75 24,823.75 24,825.25  -46.00       -0.18  29,826.00
2306  2026-02-13 01:00:00  NAS100 24,825.50 24,881.75 24,800.25 24,841.75   16.50        0.07  32,082.00
2307  2026-02-13 01:30:00  NAS100 24,842.25 24,929.75 24,824.75 24,905.50   63.75        0.26  28,972.00
2308  2026-02-13 02:00:00  NAS100 24,906.25 24,928.00 24,846.50 24,871.75  -33.75       -0.14  28,698.00
2309  2026-02-13 02:30:00  NAS100 24,870.75 24,943.75 24,870.50 24,898.50   26.75        0.11  28,095.00
2310  2026-02-13 03:00:00  NAS100 24,899.75 24,912.75 24,797.00 24,805.50  -93.00       -0.37  27,166.00
2311  2026-02-13 03:30:00  NAS100 24,804.50 24,834.50 24,721.50 24,763.50  -42.00       -0.17  54,518.00
2312  2026-02-13 04:00:00  NAS100 24,764.50 24,823.25 24,743.75 24,823.25   59.75        0.24  16,593.00
2313  2026-02-13 04:30:00  NAS100 24,823.25 24,839.75 24,817.75 24,822.00   -1.25       -0.01   5,088.00
2314  2026-02-13 06:00:00  NAS100 24,842.25 24,856.75 24,797.75 24,841.00   19.00        0.08   5,241.00
2315  2026-02-13 06:30:00  NAS100 24,842.25 24,849.50 24,744.75 24,824.00  -17.00       -0.07   7,446.00
2316  2026-02-13 07:00:00  NAS100 24,820.00 24,864.75 24,765.50 24,781.50  -42.50       -0.17   7,437.00
2317  2026-02-13 07:30:00  NAS100 24,781.25 24,796.00 24,709.75 24,731.25  -50.25       -0.20   7,722.00
2318  2026-02-13 08:00:00  NAS100 24,731.25 24,820.00 24,730.25 24,796.75   65.50        0.26   7,112.00
2319  2026-02-13 08:30:00  NAS100 24,796.75 24,821.25 24,765.00 24,786.25  -10.50       -0.04   4,518.00
2320  2026-02-13 09:00:00  NAS100 24,788.25 24,825.50 24,788.25 24,813.00   26.75        0.11   3,396.00
2321  2026-02-13 09:30:00  NAS100 24,813.75 24,832.25 24,794.00 24,802.75  -10.25       -0.04   2,345.00
2322  2026-02-13 10:00:00  NAS100 24,803.75 24,820.75 24,769.50 24,776.25  -26.50       -0.11   2,004.00
2323  2026-02-13 10:30:00  NAS100 24,775.50 24,796.50 24,745.25 24,750.25  -26.00       -0.10   2,045.00
2324  2026-02-13 11:00:00  NAS100 24,750.50 24,802.50 24,744.50 24,784.00   33.75        0.14   1,976.00
2325  2026-02-13 11:30:00  NAS100 24,783.50 24,787.75 24,753.00 24,757.25  -26.75       -0.11   1,648.00
2326  2026-02-13 12:00:00  NAS100 24,757.75 24,771.00 24,704.75 24,707.00  -50.25       -0.20   3,159.00
2327  2026-02-13 12:30:00  NAS100 24,707.50 24,736.75 24,690.75 24,712.50    5.50        0.02   3,807.00
2328  2026-02-13 13:00:00  NAS100 24,711.75 24,731.00 24,677.50 24,686.50  -26.00       -0.11   3,610.00
2329  2026-02-13 13:30:00  NAS100 24,686.75 24,724.50 24,642.25 24,714.25   27.75        0.11   4,897.00
2330  2026-02-13 14:00:00  NAS100 24,713.50 24,762.25 24,711.25 24,738.50   24.25        0.10   4,507.00
2331  2026-02-13 14:30:00  NAS100 24,739.00 24,750.50 24,715.00 24,747.00    8.50        0.03   3,132.00
2332  2026-02-13 15:00:00  NAS100 24,746.75 24,776.00 24,675.00 24,744.75   -2.25       -0.01   7,808.00
2333  2026-02-13 15:30:00  NAS100 24,743.00 24,785.50 24,716.00 24,775.25   30.50        0.12   4,697.00
2334  2026-02-13 16:00:00  NAS100 24,775.50 24,807.00 24,732.00 24,795.50   20.25        0.08   4,728.00
2335  2026-02-13 16:30:00  NAS100 24,795.50 24,808.00 24,766.00 24,774.00  -21.50       -0.09   4,607.00
2336  2026-02-13 17:00:00  NAS100 24,773.25 24,799.50 24,759.50 24,788.25   14.25        0.06   3,187.00
2337  2026-02-13 17:30:00  NAS100 24,788.50 24,793.25 24,727.50 24,729.75  -58.50       -0.24   3,717.00
2338  2026-02-13 18:00:00  NAS100 24,730.75 24,738.50 24,650.50 24,665.50  -64.25       -0.26   8,148.00
2339  2026-02-13 18:30:00  NAS100 24,663.00 24,723.00 24,624.00 24,721.25   55.75        0.23   6,566.00
2340  2026-02-13 19:00:00  NAS100 24,721.50 24,745.75 24,670.50 24,708.00  -13.25       -0.05   5,855.00
2341  2026-02-13 19:30:00  NAS100 24,707.75 24,734.75 24,667.25 24,695.50  -12.50       -0.05   6,213.00
2342  2026-02-13 20:00:00  NAS100 24,694.00 24,719.25 24,620.50 24,706.25   10.75        0.04  12,066.00
2343  2026-02-13 20:30:00  NAS100 24,706.00 24,823.25 24,695.50 24,781.50   75.25        0.30  26,561.00
2344  2026-02-13 21:00:00  NAS100 24,780.75 24,820.00 24,713.50 24,742.00  -39.50       -0.16  16,624.00
2345  2026-02-13 21:30:00  NAS100 24,743.00 24,849.50 24,578.75 24,699.00  -43.00       -0.17 114,040.00
2346  2026-02-13 22:00:00  NAS100 24,697.50 24,870.50 24,692.25 24,848.50  149.50        0.61  61,288.00
2347  2026-02-13 22:30:00  NAS100 24,848.75 24,928.50 24,721.00 24,810.25  -38.25       -0.15  46,264.00
2348  2026-02-13 23:00:00  NAS100 24,811.00 24,888.75 24,762.75 24,851.25   41.00        0.17  32,715.00
2349  2026-02-13 23:30:00  NAS100 24,851.00 24,934.50 24,810.50 24,894.50   43.25        0.17  25,813.00
2350  2026-02-14 00:00:00  NAS100 24,894.25 24,969.75 24,883.50 24,950.00   55.50        0.22  22,719.00
2351  2026-02-14 00:30:00  NAS100 24,950.25 24,993.50 24,932.25 24,938.50  -11.50       -0.05  19,860.00
2352  2026-02-14 01:00:00  NAS100 24,939.00 24,991.50 24,900.75 24,954.75   16.25        0.07  22,754.00
2353  2026-02-14 01:30:00  NAS100 24,955.00 24,995.50 24,923.00 24,939.75  -15.00       -0.06  18,051.00
2354  2026-02-14 02:00:00  NAS100 24,940.50 24,968.50 24,912.00 24,924.00  -15.75       -0.06  16,942.00
2355  2026-02-14 02:30:00  NAS100 24,924.50 24,949.25 24,848.75 24,852.75  -71.25       -0.29  21,231.00
2356  2026-02-14 03:00:00  NAS100 24,852.25 24,890.50 24,754.75 24,764.75  -88.00       -0.35  25,521.00
2357  2026-02-14 03:30:00  NAS100 24,766.00 24,812.00 24,731.75 24,802.00   37.25        0.15  49,502.00
2358  2026-02-14 04:00:00  NAS100 24,802.50 24,828.00 24,776.00 24,781.75  -20.25       -0.08  12,969.00
2359  2026-02-14 04:30:00  NAS100 24,782.50 24,795.00 24,771.00 24,773.50   -8.25       -0.03   2,376.00
2360  2026-02-16 06:00:00  NAS100 24,789.75 24,834.75 24,754.50 24,818.00   44.50        0.18   4,772.00
2361  2026-02-16 06:30:00  NAS100 24,818.75 24,838.75 24,793.25 24,836.25   18.25        0.07   2,190.00
2362  2026-02-16 07:00:00  NAS100 24,831.75 24,847.75 24,810.50 24,840.25    4.00        0.02   2,333.00
2363  2026-02-16 07:30:00  NAS100 24,838.75 24,849.25 24,827.25 24,834.25   -6.00       -0.02   1,242.00
2364  2026-02-16 08:00:00  NAS100 24,835.00 24,847.00 24,822.25 24,835.25    1.00        0.00   1,264.00
2365  2026-02-16 08:30:00  NAS100 24,835.25 24,868.75 24,827.75 24,861.00   25.75        0.10   1,494.00
2366  2026-02-16 09:00:00  NAS100 24,860.50 24,872.50 24,838.25 24,844.25  -16.75       -0.07   1,460.00
2367  2026-02-16 09:30:00  NAS100 24,845.00 24,850.50 24,827.50 24,832.00  -12.25       -0.05     836.00
2368  2026-02-16 10:00:00  NAS100 24,832.75 24,836.50 24,815.00 24,817.50  -14.50       -0.06   1,135.00
2369  2026-02-16 10:30:00  NAS100 24,817.00 24,825.25 24,808.25 24,823.50    6.00        0.02     768.00
2370  2026-02-16 11:00:00  NAS100 24,824.25 24,839.75 24,820.00 24,836.75   13.25        0.05     955.00
2371  2026-02-16 11:30:00  NAS100 24,837.00 24,840.00 24,821.25 24,825.50  -11.25       -0.05     498.00
2372  2026-02-16 12:00:00  NAS100 24,825.25 24,828.00 24,813.75 24,826.75    1.25        0.01     584.00
2373  2026-02-16 12:30:00  NAS100 24,826.00 24,827.50 24,794.25 24,811.00  -15.75       -0.06   1,028.00
2374  2026-02-16 13:00:00  NAS100 24,811.00 24,819.00 24,793.75 24,811.50    0.50        0.00     979.00
2375  2026-02-16 13:30:00  NAS100 24,809.75 24,827.25 24,799.50 24,823.75   12.25        0.05     844.00
2376  2026-02-16 14:00:00  NAS100 24,822.25 24,864.00 24,821.50 24,853.25   29.50        0.12   1,679.00
2377  2026-02-16 14:30:00  NAS100 24,853.50 24,874.00 24,847.25 24,861.50    8.25        0.03   1,050.00
2378  2026-02-16 15:00:00  NAS100 24,862.25 24,897.50 24,841.00 24,874.00   12.50        0.05   2,378.00
2379  2026-02-16 15:30:00  NAS100 24,873.75 24,904.00 24,852.75 24,894.75   20.75        0.08   1,973.00
2380  2026-02-16 16:00:00  NAS100 24,895.75 24,922.25 24,888.00 24,910.75   16.00        0.06   1,671.00
2381  2026-02-16 16:30:00  NAS100 24,909.00 24,919.00 24,906.50 24,911.25    0.50        0.00     976.00
2382  2026-02-16 17:00:00  NAS100 24,909.75 24,911.50 24,879.00 24,885.50  -25.75       -0.10   1,333.00
2383  2026-02-16 17:30:00  NAS100 24,886.75 24,899.75 24,868.25 24,878.25   -7.25       -0.03   1,387.00
2384  2026-02-16 18:00:00  NAS100 24,878.50 24,879.25 24,842.50 24,869.00   -9.25       -0.04   1,448.00
2385  2026-02-16 18:30:00  NAS100 24,869.00 24,874.75 24,851.00 24,863.25   -5.75       -0.02     864.00
2386  2026-02-16 19:00:00  NAS100 24,863.25 24,880.50 24,847.75 24,877.75   14.50        0.06   1,187.00
2387  2026-02-16 19:30:00  NAS100 24,877.50 24,877.50 24,852.25 24,869.50   -8.25       -0.03   1,023.00
2388  2026-02-16 20:00:00  NAS100 24,869.75 24,871.50 24,853.75 24,864.50   -5.00       -0.02     911.00
2389  2026-02-16 20:30:00  NAS100 24,863.00 24,875.75 24,844.25 24,844.25  -20.25       -0.08   1,399.00
2390  2026-02-16 21:00:00  NAS100 24,844.25 24,844.25 24,754.75 24,764.00  -80.25       -0.32   7,465.00
2391  2026-02-16 21:30:00  NAS100 24,762.75 24,782.75 24,692.75 24,768.00    4.00        0.02  15,343.00
2392  2026-02-16 22:00:00  NAS100 24,768.00 24,797.50 24,709.75 24,709.75  -58.25       -0.24   9,241.00
2393  2026-02-16 22:30:00  NAS100 24,709.00 24,731.50 24,678.50 24,692.25  -17.50       -0.07  10,400.00
2394  2026-02-16 23:00:00  NAS100 24,692.25 24,753.50 24,683.75 24,727.50   35.25        0.14   7,927.00
2395  2026-02-16 23:30:00  NAS100 24,727.50 24,741.75 24,670.75 24,728.75    1.25        0.01   7,501.00
2396  2026-02-17 00:00:00  NAS100 24,728.00 24,746.00 24,713.50 24,743.25   14.50        0.06   3,618.00
2397  2026-02-17 00:30:00  NAS100 24,744.00 24,770.75 24,734.75 24,747.25    4.00        0.02   3,637.00
2398  2026-02-17 06:00:00  NAS100 24,746.25 24,781.75 24,739.00 24,777.75   30.50        0.12   2,407.00
2399  2026-02-17 06:30:00  NAS100 24,777.50 24,842.50 24,777.50 24,817.75   40.00        0.16   3,689.00
2400  2026-02-17 07:00:00  NAS100 24,818.75 24,834.75 24,784.00 24,826.25    8.50        0.03   3,809.00
2401  2026-02-17 07:30:00  NAS100 24,824.75 24,830.00 24,774.25 24,788.25  -38.00       -0.15   3,174.00
2402  2026-02-17 08:00:00  NAS100 24,790.50 24,824.25 24,777.25 24,782.25   -6.00       -0.02   2,953.00
2403  2026-02-17 08:30:00  NAS100 24,782.75 24,797.00 24,651.00 24,669.00 -113.25       -0.46   8,222.00
2404  2026-02-17 09:00:00  NAS100 24,666.50 24,686.00 24,617.50 24,675.00    6.00        0.02   6,788.00
2405  2026-02-17 09:30:00  NAS100 24,675.50 24,684.25 24,651.75 24,662.00  -13.00       -0.05   3,337.00
2406  2026-02-17 10:00:00  NAS100 24,662.00 24,665.50 24,594.75 24,623.00  -39.00       -0.16   5,133.00
2407  2026-02-17 10:30:00  NAS100 24,622.00 24,622.50 24,573.25 24,609.25  -13.75       -0.06   4,289.00
2408  2026-02-17 11:00:00  NAS100 24,611.00 24,630.00 24,606.75 24,624.25   15.00        0.06   1,652.00
2409  2026-02-17 11:30:00  NAS100 24,624.25 24,625.00 24,593.00 24,623.50   -0.75       -0.00   1,557.00
2410  2026-02-17 12:00:00  NAS100 24,623.75 24,626.00 24,567.50 24,598.50  -25.00       -0.10   2,464.00
2411  2026-02-17 12:30:00  NAS100 24,600.25 24,611.25 24,558.25 24,582.75  -15.75       -0.06   3,046.00
2412  2026-02-17 13:00:00  NAS100 24,582.75 24,633.75 24,582.75 24,610.25   27.50        0.11   2,151.00
2413  2026-02-17 13:30:00  NAS100 24,610.25 24,641.00 24,602.00 24,627.25   17.00        0.07   2,384.00
2414  2026-02-17 14:00:00  NAS100 24,628.00 24,630.25 24,584.50 24,591.50  -35.75       -0.15   2,604.00
2415  2026-02-17 14:30:00  NAS100 24,594.75 24,663.75 24,584.00 24,660.00   68.50        0.28   3,861.00
2416  2026-02-17 15:00:00  NAS100 24,659.75 24,726.75 24,651.50 24,686.50   26.50        0.11   5,844.00
2417  2026-02-17 15:30:00  NAS100 24,686.25 24,690.00 24,623.75 24,639.50  -47.00       -0.19   3,743.00
2418  2026-02-17 16:00:00  NAS100 24,641.25 24,680.00 24,636.75 24,671.00   31.50        0.13   3,921.00
2419  2026-02-17 16:30:00  NAS100 24,673.00 24,695.50 24,667.25 24,686.75   15.75        0.06   2,080.00
2420  2026-02-17 17:00:00  NAS100 24,687.50 24,697.50 24,647.00 24,661.50  -25.25       -0.10   1,683.00
2421  2026-02-17 17:30:00  NAS100 24,661.00 24,661.00 24,590.00 24,607.50  -54.00       -0.22   3,865.00
2422  2026-02-17 18:00:00  NAS100 24,606.75 24,623.00 24,572.25 24,618.75   11.25        0.05   3,594.00
2423  2026-02-17 18:30:00  NAS100 24,618.75 24,638.00 24,600.25 24,623.75    5.00        0.02   2,572.00
2424  2026-02-17 19:00:00  NAS100 24,622.75 24,666.75 24,609.25 24,619.00   -4.75       -0.02   3,688.00
2425  2026-02-17 19:30:00  NAS100 24,620.25 24,621.00 24,577.75 24,584.50  -34.50       -0.14   3,513.00
2426  2026-02-17 20:00:00  NAS100 24,584.25 24,622.50 24,518.00 24,605.00   20.50        0.08  11,215.00
2427  2026-02-17 20:30:00  NAS100 24,607.75 24,705.25 24,577.00 24,612.00    7.00        0.03  12,582.00
2428  2026-02-17 21:00:00  NAS100 24,613.00 24,671.25 24,611.50 24,658.25   46.25        0.19   8,964.00
2429  2026-02-17 21:30:00  NAS100 24,659.25 24,815.75 24,475.00 24,485.75 -172.50       -0.70  85,116.00
2430  2026-02-17 22:00:00  NAS100 24,483.75 24,641.00 24,462.25 24,527.50   41.75        0.17  59,392.00
2431  2026-02-17 22:30:00  NAS100 24,526.00 24,603.75 24,449.25 24,600.25   72.75        0.30  54,503.00
2432  2026-02-17 23:00:00  NAS100 24,599.25 24,796.75 24,593.25 24,727.75  127.50        0.52  45,527.00
2433  2026-02-17 23:30:00  NAS100 24,726.50 24,788.00 24,693.25 24,759.25   31.50        0.13  30,353.00
2434  2026-02-18 00:00:00  NAS100 24,759.00 24,764.50 24,668.50 24,755.00   -4.25       -0.02  21,350.00
2435  2026-02-18 00:30:00  NAS100 24,755.75 24,759.25 24,608.75 24,697.50  -57.50       -0.23  30,517.00
2436  2026-02-18 01:00:00  NAS100 24,698.00 24,785.25 24,649.25 24,768.25   70.75        0.29  29,291.00
2437  2026-02-18 01:30:00  NAS100 24,768.25 24,874.75 24,750.50 24,845.00   76.75        0.31  26,360.00
2438  2026-02-18 02:00:00  NAS100 24,845.50 24,867.25 24,826.50 24,836.25   -8.75       -0.04  21,950.00
2439  2026-02-18 02:30:00  NAS100 24,836.50 24,889.75 24,807.75 24,815.00  -21.25       -0.09  21,065.00
2440  2026-02-18 03:00:00  NAS100 24,815.00 24,841.75 24,765.75 24,773.50  -41.50       -0.17  25,286.00
2441  2026-02-18 03:30:00  NAS100 24,773.00 24,795.75 24,735.75 24,776.75    3.25        0.01  37,566.00
2442  2026-02-18 04:00:00  NAS100 24,776.75 24,818.50 24,765.50 24,789.00   12.25        0.05  13,239.00
2443  2026-02-18 04:30:00  NAS100 24,787.00 24,788.75 24,755.25 24,768.25  -20.75       -0.08   4,220.00
2444  2026-02-18 06:00:00  NAS100 24,773.75 24,783.25 24,723.50 24,743.50  -24.75       -0.10   3,240.00
2445  2026-02-18 06:30:00  NAS100 24,744.50 24,755.50 24,700.75 24,711.00  -32.50       -0.13   3,481.00
2446  2026-02-18 07:00:00  NAS100 24,711.25 24,754.75 24,708.50 24,738.75   27.75        0.11   3,405.00
2447  2026-02-18 07:30:00  NAS100 24,739.75 24,752.75 24,714.00 24,727.00  -11.75       -0.05   3,097.00
2448  2026-02-18 08:00:00  NAS100 24,724.75 24,742.00 24,709.50 24,718.25   -8.75       -0.04   2,494.00
2449  2026-02-18 08:30:00  NAS100 24,721.00 24,746.25 24,709.50 24,744.50   26.25        0.11   1,399.00
2450  2026-02-18 09:00:00  NAS100 24,745.75 24,762.00 24,736.00 24,749.25    4.75        0.02   1,486.00
2451  2026-02-18 09:30:00  NAS100 24,749.25 24,770.75 24,749.25 24,758.00    8.75        0.04   1,378.00
2452  2026-02-18 10:00:00  NAS100 24,758.75 24,770.00 24,736.50 24,747.50  -10.50       -0.04   1,292.00
2453  2026-02-18 10:30:00  NAS100 24,747.75 24,798.75 24,746.00 24,794.25   46.75        0.19   1,784.00
2454  2026-02-18 11:00:00  NAS100 24,794.00 24,818.25 24,783.25 24,813.50   19.25        0.08   1,997.00
2455  2026-02-18 11:30:00  NAS100 24,812.75 24,840.00 24,811.00 24,836.25   22.75        0.09   2,119.00
2456  2026-02-18 12:00:00  NAS100 24,835.00 24,840.00 24,823.25 24,830.75   -5.50       -0.02     995.00
2457  2026-02-18 12:30:00  NAS100 24,831.00 24,847.00 24,820.00 24,825.50   -5.25       -0.02   1,139.00
2458  2026-02-18 13:00:00  NAS100 24,826.00 24,830.75 24,809.00 24,824.75   -0.75       -0.00   1,623.00
2459  2026-02-18 13:30:00  NAS100 24,824.75 24,846.75 24,812.50 24,823.50   -1.25       -0.01   1,498.00
2460  2026-02-18 14:00:00  NAS100 24,823.00 24,828.75 24,802.00 24,822.25   -1.25       -0.01   1,297.00
2461  2026-02-18 14:30:00  NAS100 24,822.25 24,842.00 24,819.75 24,834.75   12.50        0.05   1,400.00
2462  2026-02-18 15:00:00  NAS100 24,833.50 24,915.25 24,833.50 24,895.50   60.75        0.24   7,516.00
2463  2026-02-18 15:30:00  NAS100 24,896.50 24,916.00 24,890.00 24,903.50    8.00        0.03   3,193.00
2464  2026-02-18 16:00:00  NAS100 24,903.25 24,926.75 24,899.75 24,919.75   16.25        0.07   3,264.00
2465  2026-02-18 16:30:00  NAS100 24,920.00 24,941.50 24,905.50 24,909.00  -10.75       -0.04   3,242.00
2466  2026-02-18 17:00:00  NAS100 24,910.00 24,938.00 24,908.00 24,933.00   24.00        0.10   2,274.00
2467  2026-02-18 17:30:00  NAS100 24,933.75 24,940.50 24,913.75 24,921.75  -11.25       -0.05   2,462.00
2468  2026-02-18 18:00:00  NAS100 24,921.75 24,928.00 24,896.50 24,907.50  -14.25       -0.06   2,121.00
2469  2026-02-18 18:30:00  NAS100 24,907.50 24,916.50 24,889.75 24,895.00  -12.50       -0.05   2,677.00
2470  2026-02-18 19:00:00  NAS100 24,894.50 24,962.50 24,894.25 24,900.75    5.75        0.02   7,788.00
2471  2026-02-18 19:30:00  NAS100 24,902.00 24,903.75 24,844.00 24,889.50  -11.25       -0.05   6,391.00
2472  2026-02-18 20:00:00  NAS100 24,890.50 24,901.25 24,867.00 24,895.25    5.75        0.02   4,472.00
2473  2026-02-18 20:30:00  NAS100 24,896.00 24,921.75 24,817.25 24,828.00  -67.25       -0.27   9,683.00
2474  2026-02-18 21:00:00  NAS100 24,828.75 24,848.25 24,808.50 24,809.00  -19.00       -0.08   7,991.00
2475  2026-02-18 21:30:00  NAS100 24,809.50 24,958.50 24,752.00 24,940.75  131.75        0.53  87,225.00
2476  2026-02-18 22:00:00  NAS100 24,941.00 25,074.00 24,937.50 25,058.00  117.25        0.47  54,520.00
2477  2026-02-18 22:30:00  NAS100 25,057.25 25,099.75 25,021.50 25,086.75   28.75        0.11  30,068.00
2478  2026-02-18 23:00:00  NAS100 25,086.50 25,115.75 25,077.25 25,093.50    6.75        0.03  21,892.00
2479  2026-02-18 23:30:00  NAS100 25,094.00 25,117.25 25,057.50 25,061.50  -32.00       -0.13  22,404.00
2480  2026-02-19 00:00:00  NAS100 25,061.25 25,128.25 25,058.75 25,090.00   28.50        0.11  22,987.00
2481  2026-02-19 00:30:00  NAS100 25,089.50 25,114.25 25,069.75 25,098.25    8.25        0.03  15,431.00
2482  2026-02-19 01:00:00  NAS100 25,097.75 25,127.25 25,051.00 25,063.00  -35.25       -0.14  17,300.00
2483  2026-02-19 01:30:00  NAS100 25,063.25 25,076.75 24,981.75 25,027.50  -35.50       -0.14  24,511.00
2484  2026-02-19 02:00:00  NAS100 25,025.75 25,036.75 24,985.25 24,991.75  -35.75       -0.14  21,949.00
2485  2026-02-19 02:30:00  NAS100 24,992.50 25,000.25 24,862.00 24,883.00 -108.75       -0.44  35,223.00
2486  2026-02-19 03:00:00  NAS100 24,884.00 24,920.75 24,856.00 24,875.50   -7.50       -0.03  26,367.00
2487  2026-02-19 03:30:00  NAS100 24,875.50 24,998.00 24,870.75 24,957.50   82.00        0.33  40,688.00
2488  2026-02-19 04:00:00  NAS100 24,957.50 24,967.00 24,928.75 24,938.75  -18.75       -0.08  10,855.00
2489  2026-02-19 04:30:00  NAS100 24,938.25 24,950.75 24,926.50 24,936.50   -2.25       -0.01   2,491.00
2490  2026-02-19 06:00:00  NAS100 24,943.50 24,995.00 24,942.25 24,980.75   44.25        0.18   3,341.00
2491  2026-02-19 06:30:00  NAS100 24,982.00 24,989.00 24,962.25 24,964.50  -16.25       -0.07   1,893.00
2492  2026-02-19 07:00:00  NAS100 24,964.50 24,974.00 24,916.25 24,925.00  -39.50       -0.16   3,240.00
2493  2026-02-19 07:30:00  NAS100 24,927.50 24,951.25 24,921.00 24,948.00   23.00        0.09   1,794.00
2494  2026-02-19 08:00:00  NAS100 24,946.75 24,994.50 24,939.75 24,961.50   13.50        0.05   3,032.00
2495  2026-02-19 08:30:00  NAS100 24,962.00 24,973.50 24,937.75 24,972.50   11.00        0.04   1,979.00
2496  2026-02-19 09:00:00  NAS100 24,972.75 24,985.25 24,953.50 24,982.50   10.00        0.04   1,569.00
2497  2026-02-19 09:30:00  NAS100 24,983.25 24,988.25 24,970.00 24,978.75   -3.75       -0.02   1,033.00
2498  2026-02-19 10:00:00  NAS100 24,980.00 24,996.75 24,975.50 24,995.50   16.75        0.07   1,134.00
2499  2026-02-19 10:30:00  NAS100 24,994.50 24,999.50 24,966.00 24,984.00  -11.50       -0.05   1,459.00
2500  2026-02-19 11:00:00  NAS100 24,985.50 24,994.25 24,973.00 24,973.50  -10.50       -0.04     963.00
2501  2026-02-19 11:30:00  NAS100 24,974.00 24,983.25 24,953.50 24,956.00  -17.50       -0.07   1,011.00
2502  2026-02-19 12:00:00  NAS100 24,957.00 24,975.50 24,940.75 24,973.50   17.50        0.07   1,319.00
2503  2026-02-19 12:30:00  NAS100 24,973.25 25,005.50 24,973.00 24,996.50   23.00        0.09   1,529.00
2504  2026-02-19 13:00:00  NAS100 24,996.00 25,004.00 24,988.25 24,998.75    2.25        0.01   1,031.00
2505  2026-02-19 13:30:00  NAS100 24,998.25 25,023.50 24,997.00 25,018.50   19.75        0.08   2,164.00
2506  2026-02-19 14:00:00  NAS100 25,019.50 25,045.00 25,008.00 25,041.25   22.75        0.09   1,842.00
2507  2026-02-19 14:30:00  NAS100 25,041.25 25,047.25 25,018.25 25,020.75  -20.50       -0.08   1,691.00
2508  2026-02-19 15:00:00  NAS100 25,019.75 25,054.00 25,011.75 25,039.25   18.50        0.07   3,165.00
2509  2026-02-19 15:30:00  NAS100 25,040.00 25,049.00 24,946.00 24,954.25  -85.00       -0.34   4,440.00
2510  2026-02-19 16:00:00  NAS100 24,955.00 24,973.00 24,928.75 24,933.75  -20.50       -0.08   3,932.00
2511  2026-02-19 16:30:00  NAS100 24,934.50 24,948.50 24,850.50 24,894.25  -39.50       -0.16   5,908.00
2512  2026-02-19 17:00:00  NAS100 24,892.50 24,902.75 24,831.25 24,840.25  -54.00       -0.22   5,516.00
2513  2026-02-19 17:30:00  NAS100 24,839.75 24,870.25 24,825.00 24,854.25   14.00        0.06   4,145.00
2514  2026-02-19 18:00:00  NAS100 24,855.00 24,882.75 24,836.25 24,874.25   20.00        0.08   2,831.00
2515  2026-02-19 18:30:00  NAS100 24,874.50 24,885.75 24,843.75 24,878.50    4.25        0.02   2,625.00
2516  2026-02-19 19:00:00  NAS100 24,877.75 24,897.00 24,815.00 24,880.75    2.25        0.01   5,179.00
2517  2026-02-19 19:30:00  NAS100 24,879.50 24,895.50 24,865.25 24,868.00  -12.75       -0.05   3,190.00
2518  2026-02-19 20:00:00  NAS100 24,869.00 24,878.00 24,810.50 24,831.75  -36.25       -0.15   4,933.00
2519  2026-02-19 20:30:00  NAS100 24,832.00 24,881.00 24,798.00 24,853.50   21.75        0.09   9,076.00
2520  2026-02-19 21:00:00  NAS100 24,855.00 24,874.00 24,828.00 24,833.75  -19.75       -0.08   9,069.00
2521  2026-02-19 21:30:00  NAS100 24,833.75 24,920.00 24,763.00 24,881.50   47.75        0.19  72,038.00
2522  2026-02-19 22:00:00  NAS100 24,880.00 24,956.50 24,848.25 24,858.50  -23.00       -0.09  48,712.00
2523  2026-02-19 22:30:00  NAS100 24,858.50 24,944.50 24,849.00 24,924.25   65.75        0.26  31,795.00
2524  2026-02-19 23:00:00  NAS100 24,925.00 24,959.50 24,852.25 24,872.75  -51.50       -0.21  31,108.00
2525  2026-02-19 23:30:00  NAS100 24,874.25 24,921.00 24,801.25 24,843.75  -29.00       -0.12  31,241.00
2526  2026-02-20 00:00:00  NAS100 24,844.25 24,904.75 24,810.00 24,860.00   16.25        0.07  22,516.00
2527  2026-02-20 00:30:00  NAS100 24,859.00 24,871.00 24,764.75 24,780.00  -80.00       -0.32  25,327.00
2528  2026-02-20 01:00:00  NAS100 24,779.50 24,839.25 24,749.00 24,788.75    8.75        0.04  26,166.00
2529  2026-02-20 01:30:00  NAS100 24,787.50 24,849.00 24,766.00 24,842.00   53.25        0.21  19,557.00
2530  2026-02-20 02:00:00  NAS100 24,840.75 24,849.25 24,794.75 24,809.00  -33.00       -0.13  14,687.00
2531  2026-02-20 02:30:00  NAS100 24,808.75 24,825.50 24,751.50 24,782.00  -27.00       -0.11  20,345.00
2532  2026-02-20 03:00:00  NAS100 24,781.25 24,820.75 24,777.50 24,788.50    6.50        0.03  16,731.00
2533  2026-02-20 03:30:00  NAS100 24,787.00 24,866.00 24,783.00 24,863.50   75.00        0.30  29,339.00
2534  2026-02-20 04:00:00  NAS100 24,863.50 24,871.50 24,831.75 24,848.50  -15.00       -0.06  11,665.00
2535  2026-02-20 04:30:00  NAS100 24,848.75 24,848.75 24,828.75 24,836.00  -12.50       -0.05   3,209.00
2536  2026-02-20 06:00:00  NAS100 24,837.75 24,867.25 24,826.00 24,859.50   23.50        0.09   2,531.00
2537  2026-02-20 06:30:00  NAS100 24,860.25 24,889.25 24,859.00 24,877.25   17.75        0.07   2,067.00
2538  2026-02-20 07:00:00  NAS100 24,878.25 24,896.50 24,858.50 24,890.00   12.75        0.05   3,701.00
2539  2026-02-20 07:30:00  NAS100 24,889.50 24,912.50 24,889.25 24,901.00   11.00        0.04   2,767.00
2540  2026-02-20 08:00:00  NAS100 24,901.50 24,936.00 24,897.75 24,921.75   20.75        0.08   3,454.00
2541  2026-02-20 08:30:00  NAS100 24,917.00 24,925.75 24,892.00 24,906.75  -15.00       -0.06   2,451.00
2542  2026-02-20 09:00:00  NAS100 24,908.25 24,934.00 24,884.25 24,888.50  -18.25       -0.07   2,962.00
2543  2026-02-20 09:30:00  NAS100 24,889.75 24,907.50 24,878.00 24,897.00    8.50        0.03   1,785.00
2544  2026-02-20 10:00:00  NAS100 24,897.75 24,911.00 24,894.25 24,902.00    5.00        0.02   1,078.00
2545  2026-02-20 10:30:00  NAS100 24,902.50 24,906.00 24,888.25 24,891.00  -11.00       -0.04     951.00
2546  2026-02-20 11:00:00  NAS100 24,889.25 24,913.75 24,885.50 24,903.50   12.50        0.05   1,490.00
2547  2026-02-20 11:30:00  NAS100 24,903.00 24,909.00 24,893.25 24,900.75   -2.75       -0.01     819.00
2548  2026-02-20 12:00:00  NAS100 24,903.00 24,926.00 24,901.00 24,925.25   24.50        0.10   1,336.00
2549  2026-02-20 12:30:00  NAS100 24,926.00 24,948.50 24,925.00 24,943.00   17.75        0.07   2,219.00
2550  2026-02-20 13:00:00  NAS100 24,944.00 24,956.00 24,940.00 24,945.25    2.25        0.01   1,212.00
2551  2026-02-20 13:30:00  NAS100 24,944.50 24,945.25 24,930.75 24,943.00   -2.25       -0.01   1,135.00
2552  2026-02-20 14:00:00  NAS100 24,942.75 24,954.50 24,938.00 24,941.75   -1.25       -0.01   1,810.00
2553  2026-02-20 14:30:00  NAS100 24,940.25 24,945.75 24,907.50 24,921.50  -20.25       -0.08   2,257.00
2554  2026-02-20 15:00:00  NAS100 24,921.25 24,935.25 24,896.75 24,929.25    7.75        0.03   2,764.00
2555  2026-02-20 15:30:00  NAS100 24,929.50 24,942.50 24,898.00 24,936.75    7.50        0.03   2,034.00
2556  2026-02-20 16:00:00  NAS100 24,936.50 24,984.75 24,932.50 24,976.25   39.50        0.16   3,946.00
2557  2026-02-20 16:30:00  NAS100 24,975.00 24,982.00 24,931.75 24,937.25  -39.00       -0.16   2,347.00
2558  2026-02-20 17:00:00  NAS100 24,935.75 24,946.75 24,919.75 24,927.25  -10.00       -0.04   1,987.00
2559  2026-02-20 17:30:00  NAS100 24,927.50 24,937.25 24,900.75 24,902.00  -25.25       -0.10   1,926.00
2560  2026-02-20 18:00:00  NAS100 24,902.50 24,902.50 24,840.75 24,879.25  -22.75       -0.09   4,992.00
2561  2026-02-20 18:30:00  NAS100 24,878.00 24,888.00 24,811.25 24,830.50  -48.75       -0.20   4,198.00
2562  2026-02-20 19:00:00  NAS100 24,829.00 24,849.50 24,799.25 24,807.75  -22.75       -0.09   5,223.00
2563  2026-02-20 19:30:00  NAS100 24,807.50 24,831.25 24,791.00 24,829.00   21.25        0.09   4,876.00
2564  2026-02-20 20:00:00  NAS100 24,828.00 24,864.00 24,816.00 24,857.50   28.50        0.11   4,750.00
2565  2026-02-20 20:30:00  NAS100 24,856.00 24,863.00 24,722.50 24,769.25  -88.25       -0.36  16,894.00
2566  2026-02-20 21:00:00  NAS100 24,769.75 24,784.00 24,696.75 24,715.50  -53.75       -0.22  14,071.00
2567  2026-02-20 21:30:00  NAS100 24,715.25 24,957.50 24,678.50 24,897.50  182.00        0.74  74,024.00
2568  2026-02-20 22:00:00  NAS100 24,900.50 25,083.00 24,858.25 24,974.00   76.50        0.31  73,371.00
2569  2026-02-20 22:30:00  NAS100 24,974.50 25,127.00 24,908.00 25,118.75  144.75        0.58  47,155.00
2570  2026-02-20 23:00:00  NAS100 25,118.25 25,139.50 24,975.50 24,977.50 -141.25       -0.56  37,478.00
2571  2026-02-20 23:30:00  NAS100 24,977.50 25,130.50 24,967.25 25,098.00  120.50        0.48  32,357.00
2572  2026-02-21 00:00:00  NAS100 25,098.50 25,109.25 24,879.25 24,926.25 -171.75       -0.68  44,153.00
2573  2026-02-21 00:30:00  NAS100 24,926.75 25,043.75 24,912.00 25,034.25  108.00        0.43  35,043.00
2574  2026-02-21 01:00:00  NAS100 25,034.25 25,045.50 24,929.25 24,964.75  -69.50       -0.28  28,941.00
2575  2026-02-21 01:30:00  NAS100 24,966.25 25,122.25 24,928.00 25,097.75  133.00        0.53  39,178.00
2576  2026-02-21 02:00:00  NAS100 25,098.50 25,118.75 25,037.25 25,052.75  -45.00       -0.18  18,398.00
2577  2026-02-21 02:30:00  NAS100 25,054.00 25,077.50 25,018.00 25,023.00  -29.75       -0.12  14,613.00
2578  2026-02-21 03:00:00  NAS100 25,023.00 25,077.25 25,014.25 25,020.25   -2.75       -0.01  16,002.00
2579  2026-02-21 03:30:00  NAS100 25,021.25 25,079.25 25,018.00 25,074.75   54.50        0.22  28,298.00
2580  2026-02-21 04:00:00  NAS100 25,074.75 25,088.00 25,064.25 25,068.50   -6.25       -0.02  11,829.00
2581  2026-02-21 04:30:00  NAS100 25,067.75 25,081.00 25,066.50 25,077.50    9.00        0.04   2,317.00
2582  2026-02-23 06:00:00  NAS100 25,033.75 25,059.75 24,968.25 24,980.00  -97.50       -0.39   5,656.00
2583  2026-02-23 06:30:00  NAS100 24,979.50 24,990.00 24,936.50 24,971.00   -9.00       -0.04   5,842.00
2584  2026-02-23 07:00:00  NAS100 24,970.00 24,971.00 24,884.00 24,907.75  -63.25       -0.25   6,211.00
2585  2026-02-23 07:30:00  NAS100 24,906.75 24,907.75 24,848.50 24,852.75  -55.00       -0.22   5,887.00
2586  2026-02-23 08:00:00  NAS100 24,853.75 24,882.75 24,839.25 24,858.75    6.00        0.02   7,155.00
2587  2026-02-23 08:30:00  NAS100 24,858.75 24,881.75 24,832.50 24,844.25  -14.50       -0.06   4,876.00
2588  2026-02-23 09:00:00  NAS100 24,844.25 24,857.25 24,808.00 24,832.00  -12.25       -0.05   5,200.00
2589  2026-02-23 09:30:00  NAS100 24,831.75 24,845.00 24,828.50 24,839.00    7.00        0.03   2,286.00
2590  2026-02-23 10:00:00  NAS100 24,839.50 24,863.50 24,815.25 24,833.50   -5.50       -0.02   3,684.00
2591  2026-02-23 10:30:00  NAS100 24,833.50 24,844.00 24,813.25 24,841.75    8.25        0.03   2,111.00
2592  2026-02-23 11:00:00  NAS100 24,842.50 24,853.00 24,821.25 24,830.50  -11.25       -0.05   1,705.00
2593  2026-02-23 11:30:00  NAS100 24,831.25 24,839.50 24,811.00 24,834.25    3.75        0.02   1,567.00
2594  2026-02-23 12:00:00  NAS100 24,833.50 24,835.00 24,807.25 24,827.75   -6.50       -0.03   1,706.00
2595  2026-02-23 12:30:00  NAS100 24,827.00 24,844.25 24,822.75 24,838.25   10.50        0.04   2,057.00
2596  2026-02-23 13:00:00  NAS100 24,838.50 24,854.75 24,832.25 24,847.25    9.00        0.04   1,322.00
2597  2026-02-23 13:30:00  NAS100 24,845.50 24,869.50 24,841.00 24,867.00   19.75        0.08   1,516.00
2598  2026-02-23 14:00:00  NAS100 24,868.50 24,914.75 24,863.25 24,903.75   36.75        0.15   4,344.00
2599  2026-02-23 14:30:00  NAS100 24,901.50 24,912.00 24,891.75 24,898.00   -5.75       -0.02   1,610.00
2600  2026-02-23 15:00:00  NAS100 24,898.75 24,913.50 24,877.50 24,899.00    1.00        0.00   2,812.00
2601  2026-02-23 15:30:00  NAS100 24,900.25 24,934.50 24,878.25 24,929.75   30.75        0.12   3,038.00
2602  2026-02-23 16:00:00  NAS100 24,931.00 24,998.50 24,930.75 24,994.25   64.50        0.26   5,324.00
2603  2026-02-23 16:30:00  NAS100 24,994.50 25,004.00 24,975.00 24,983.50  -10.75       -0.04   2,761.00
2604  2026-02-23 17:00:00  NAS100 24,985.50 25,002.75 24,945.00 24,970.00  -13.50       -0.05   3,547.00
2605  2026-02-23 17:30:00  NAS100 24,969.50 24,985.75 24,959.00 24,969.50   -0.50       -0.00   1,882.00
2606  2026-02-23 18:00:00  NAS100 24,970.75 24,987.25 24,959.50 24,967.75   -1.75       -0.01   1,649.00
2607  2026-02-23 18:30:00  NAS100 24,967.75 24,970.00 24,907.25 24,929.50  -38.25       -0.15   3,328.00
2608  2026-02-23 19:00:00  NAS100 24,928.25 24,943.50 24,901.25 24,910.25  -19.25       -0.08   3,541.00
2609  2026-02-23 19:30:00  NAS100 24,910.25 24,926.75 24,883.75 24,904.75   -5.50       -0.02   4,250.00
2610  2026-02-23 20:00:00  NAS100 24,903.75 24,938.00 24,887.25 24,926.75   22.00        0.09   4,497.00
2611  2026-02-23 20:30:00  NAS100 24,927.25 24,954.50 24,910.00 24,934.75    8.00        0.03   6,033.00
2612  2026-02-23 21:00:00  NAS100 24,935.00 24,982.50 24,931.50 24,981.25   46.50        0.19   8,053.00
2613  2026-02-23 21:30:00  NAS100 24,981.00 25,040.00 24,857.75 24,913.25  -68.00       -0.27  77,841.00
2614  2026-02-23 22:00:00  NAS100 24,912.75 24,952.25 24,840.50 24,871.50  -41.75       -0.17  51,384.00
2615  2026-02-23 22:30:00  NAS100 24,871.00 24,900.50 24,738.75 24,743.25 -128.25       -0.52  46,913.00
2616  2026-02-23 23:00:00  NAS100 24,743.25 24,781.75 24,668.00 24,778.00   34.75        0.14  51,707.00
2617  2026-02-23 23:30:00  NAS100 24,777.75 24,789.25 24,727.50 24,734.75  -43.25       -0.17  26,688.00
2618  2026-02-24 00:00:00  NAS100 24,735.00 24,763.75 24,725.25 24,743.00    8.25        0.03  19,213.00
2619  2026-02-24 00:30:00  NAS100 24,742.50 24,755.50 24,677.50 24,744.75    1.75        0.01  28,366.00
2620  2026-02-24 01:00:00  NAS100 24,744.50 24,820.25 24,739.00 24,810.50   65.75        0.27  21,381.00
2621  2026-02-24 01:30:00  NAS100 24,810.50 24,819.75 24,720.00 24,727.50  -83.00       -0.33  23,786.00
2622  2026-02-24 02:00:00  NAS100 24,727.75 24,755.00 24,708.75 24,714.75  -12.75       -0.05  19,026.00
2623  2026-02-24 02:30:00  NAS100 24,714.25 24,730.25 24,683.75 24,692.00  -22.75       -0.09  21,757.00
2624  2026-02-24 03:00:00  NAS100 24,692.00 24,714.75 24,678.75 24,706.50   14.50        0.06  20,111.00
2625  2026-02-24 03:30:00  NAS100 24,707.00 24,772.75 24,704.50 24,768.00   61.50        0.25  43,595.00
2626  2026-02-24 04:00:00  NAS100 24,768.50 24,786.75 24,758.00 24,779.50   11.50        0.05  13,361.00
2627  2026-02-24 04:30:00  NAS100 24,779.25 24,796.50 24,777.00 24,786.25    6.75        0.03   2,773.00
2628  2026-02-24 06:00:00  NAS100 24,788.00 24,815.00 24,767.00 24,806.75   20.50        0.08   3,686.00
2629  2026-02-24 06:30:00  NAS100 24,805.75 24,826.75 24,784.75 24,788.00  -18.75       -0.08   3,217.00
2630  2026-02-24 07:00:00  NAS100 24,789.00 24,818.50 24,773.50 24,781.25   -6.75       -0.03   4,210.00
2631  2026-02-24 07:30:00  NAS100 24,780.75 24,823.50 24,776.75 24,816.00   34.75        0.14   2,486.00
2632  2026-02-24 08:00:00  NAS100 24,815.50 24,829.00 24,795.00 24,821.00    5.00        0.02   3,004.00
2633  2026-02-24 08:30:00  NAS100 24,820.50 24,835.50 24,798.75 24,822.00    1.00        0.00   2,593.00
2634  2026-02-24 09:00:00  NAS100 24,822.00 24,868.00 24,816.75 24,862.50   40.50        0.16   2,357.00
2635  2026-02-24 09:30:00  NAS100 24,863.00 24,879.00 24,858.25 24,869.75    7.25        0.03   2,581.00
2636  2026-02-24 10:00:00  NAS100 24,869.75 24,884.25 24,866.75 24,878.25    8.50        0.03   2,273.00
2637  2026-02-24 10:30:00  NAS100 24,878.25 24,880.50 24,868.75 24,873.25   -5.00       -0.02   1,161.00
2638  2026-02-24 11:00:00  NAS100 24,874.00 24,882.00 24,865.75 24,877.25    4.00        0.02   1,229.00
2639  2026-02-24 11:30:00  NAS100 24,878.00 24,884.00 24,867.25 24,876.00   -1.25       -0.01   1,050.00
2640  2026-02-24 12:00:00  NAS100 24,876.00 24,888.25 24,854.50 24,863.50  -12.50       -0.05   1,803.00
2641  2026-02-24 12:30:00  NAS100 24,861.50 24,861.50 24,825.75 24,841.00  -22.50       -0.09   2,096.00
2642  2026-02-24 13:00:00  NAS100 24,840.50 24,853.25 24,822.75 24,832.75   -8.25       -0.03   1,829.00
2643  2026-02-24 13:30:00  NAS100 24,832.75 24,844.00 24,824.00 24,837.75    5.00        0.02   1,048.00
2644  2026-02-24 14:00:00  NAS100 24,837.50 24,862.00 24,835.25 24,859.75   22.00        0.09   1,785.00
2645  2026-02-24 14:30:00  NAS100 24,861.00 24,868.50 24,830.50 24,833.25  -26.50       -0.11   1,395.00
2646  2026-02-24 15:00:00  NAS100 24,834.00 24,834.00 24,773.50 24,807.25  -26.00       -0.10   5,990.00
2647  2026-02-24 15:30:00  NAS100 24,809.00 24,821.25 24,761.00 24,791.75  -15.50       -0.06   3,313.00
2648  2026-02-24 16:00:00  NAS100 24,791.25 24,843.00 24,788.25 24,825.25   33.50        0.14   3,560.00
2649  2026-02-24 16:30:00  NAS100 24,825.00 24,848.00 24,794.25 24,846.50   21.25        0.09   2,940.00
2650  2026-02-24 17:00:00  NAS100 24,847.00 24,865.50 24,834.50 24,840.00   -6.50       -0.03   2,486.00
2651  2026-02-24 17:30:00  NAS100 24,841.50 24,847.00 24,825.75 24,842.00    2.00        0.01   1,530.00
2652  2026-02-24 18:00:00  NAS100 24,842.50 24,853.25 24,814.25 24,822.25  -19.75       -0.08   2,353.00
2653  2026-02-24 18:30:00  NAS100 24,822.00 24,834.00 24,808.75 24,833.00   10.75        0.04   2,139.00
2654  2026-02-24 19:00:00  NAS100 24,832.50 24,902.25 24,828.50 24,840.75    7.75        0.03   8,407.00
2655  2026-02-24 19:30:00  NAS100 24,840.00 24,847.25 24,795.25 24,816.25  -24.50       -0.10   6,253.00
2656  2026-02-24 20:00:00  NAS100 24,816.75 24,858.50 24,814.25 24,857.00   40.75        0.16   5,969.00
2657  2026-02-24 20:30:00  NAS100 24,857.50 24,892.00 24,838.25 24,877.25   20.25        0.08   6,104.00
2658  2026-02-24 21:00:00  NAS100 24,876.75 24,878.75 24,797.25 24,804.75  -72.50       -0.29   9,171.00
2659  2026-02-24 21:30:00  NAS100 24,805.00 24,964.25 24,694.50 24,877.25   72.50        0.29  91,480.00
2660  2026-02-24 22:00:00  NAS100 24,878.50 25,014.50 24,819.50 25,011.75  134.50        0.54  55,713.00
2661  2026-02-24 22:30:00  NAS100 25,011.25 25,031.00 24,967.50 24,976.50  -35.25       -0.14  36,268.00
2662  2026-02-24 23:00:00  NAS100 24,976.50 25,047.25 24,974.25 25,014.25   37.75        0.15  28,832.00
2663  2026-02-24 23:30:00  NAS100 25,015.25 25,040.75 24,969.25 25,028.75   14.50        0.06  26,716.00
2664  2026-02-25 00:00:00  NAS100 25,028.75 25,076.25 25,021.25 25,060.75   32.00        0.13  23,043.00
2665  2026-02-25 00:30:00  NAS100 25,060.25 25,070.00 25,032.00 25,046.00  -14.75       -0.06  14,394.00
2666  2026-02-25 01:00:00  NAS100 25,046.00 25,078.75 25,015.50 25,019.25  -26.75       -0.11  18,434.00
2667  2026-02-25 01:30:00  NAS100 25,019.75 25,051.00 25,011.50 25,030.00   10.75        0.04  14,722.00
2668  2026-02-25 02:00:00  NAS100 25,030.00 25,037.25 24,988.50 25,002.75  -27.25       -0.11  14,588.00
2669  2026-02-25 02:30:00  NAS100 25,003.00 25,060.25 25,000.25 25,021.50   18.75        0.07  18,040.00
2670  2026-02-25 03:00:00  NAS100 25,021.75 25,028.75 24,995.75 24,998.75  -22.75       -0.09  16,682.00
2671  2026-02-25 03:30:00  NAS100 24,998.75 25,072.00 24,994.75 25,030.00   31.25        0.13  36,517.00
2672  2026-02-25 04:00:00  NAS100 25,030.00 25,037.75 25,003.25 25,023.75   -6.25       -0.02  11,690.00
2673  2026-02-25 04:30:00  NAS100 25,023.75 25,028.75 25,012.50 25,016.25   -7.50       -0.03   2,927.00
2674  2026-02-25 06:00:00  NAS100 25,016.25 25,030.25 24,992.00 25,023.50    7.25        0.03   2,459.00
2675  2026-02-25 06:30:00  NAS100 25,022.00 25,051.00 25,017.25 25,043.50   20.00        0.08   1,975.00
2676  2026-02-25 07:00:00  NAS100 25,044.50 25,045.25 25,021.25 25,028.50  -15.00       -0.06   2,309.00
2677  2026-02-25 07:30:00  NAS100 25,029.00 25,075.00 25,018.50 25,071.00   42.50        0.17   3,393.00
2678  2026-02-25 08:00:00  NAS100 25,071.25 25,108.25 25,061.50 25,080.50    9.50        0.04   5,024.00
2679  2026-02-25 08:30:00  NAS100 25,079.50 25,113.25 25,073.00 25,103.50   23.00        0.09   2,898.00
2680  2026-02-25 09:00:00  NAS100 25,103.00 25,110.50 25,082.25 25,101.00   -2.50       -0.01   2,447.00
2681  2026-02-25 09:30:00  NAS100 25,102.00 25,114.50 25,092.00 25,107.50    6.50        0.03   2,327.00
2682  2026-02-25 10:00:00  NAS100 25,106.75 25,109.50 25,054.75 25,069.50  -38.00       -0.15   2,935.00
2683  2026-02-25 10:30:00  NAS100 25,070.00 25,081.25 24,994.00 25,066.75   -2.75       -0.01   5,160.00
2684  2026-02-25 11:00:00  NAS100 25,066.75 25,067.75 25,034.50 25,054.00  -12.75       -0.05   1,951.00
2685  2026-02-25 11:30:00  NAS100 25,053.50 25,063.00 25,046.50 25,050.25   -3.75       -0.01   1,069.00
2686  2026-02-25 12:00:00  NAS100 25,051.75 25,067.50 25,035.00 25,041.25   -9.00       -0.04   1,343.00
2687  2026-02-25 12:30:00  NAS100 25,042.00 25,057.25 25,030.75 25,040.75   -0.50       -0.00   1,558.00
2688  2026-02-25 13:00:00  NAS100 25,041.50 25,058.75 25,032.00 25,041.00    0.25        0.00   1,395.00
2689  2026-02-25 13:30:00  NAS100 25,040.00 25,058.75 25,036.50 25,041.75    0.75        0.00   1,020.00
2690  2026-02-25 14:00:00  NAS100 25,043.00 25,053.50 25,035.00 25,041.75    0.00        0.00   1,178.00
2691  2026-02-25 14:30:00  NAS100 25,040.25 25,042.75 25,017.50 25,036.00   -5.75       -0.02   1,741.00
2692  2026-02-25 15:00:00  NAS100 25,036.50 25,090.00 25,036.50 25,075.00   39.00        0.16   3,793.00
2693  2026-02-25 15:30:00  NAS100 25,075.75 25,083.75 25,061.75 25,074.50   -0.50       -0.00   1,780.00
2694  2026-02-25 16:00:00  NAS100 25,072.50 25,087.25 25,055.25 25,068.50   -6.00       -0.02   2,198.00
2695  2026-02-25 16:30:00  NAS100 25,070.00 25,087.75 25,064.00 25,082.50   14.00        0.06   1,576.00
2696  2026-02-25 17:00:00  NAS100 25,082.75 25,086.00 25,065.50 25,076.25   -6.25       -0.02   1,781.00
2697  2026-02-25 17:30:00  NAS100 25,077.25 25,094.75 25,067.25 25,073.25   -3.00       -0.01   1,510.00
2698  2026-02-25 18:00:00  NAS100 25,074.25 25,085.00 25,068.50 25,081.00    7.75        0.03   1,117.00
2699  2026-02-25 18:30:00  NAS100 25,081.50 25,128.50 25,081.50 25,124.75   43.75        0.17   3,337.00
2700  2026-02-25 19:00:00  NAS100 25,124.50 25,150.00 25,105.00 25,133.25    8.50        0.03   5,014.00
2701  2026-02-25 19:30:00  NAS100 25,132.75 25,146.75 25,123.00 25,138.50    5.25        0.02   3,233.00
2702  2026-02-25 20:00:00  NAS100 25,139.25 25,153.00 25,131.50 25,143.00    4.50        0.02   3,212.00
2703  2026-02-25 20:30:00  NAS100 25,143.75 25,165.75 25,123.75 25,150.25    7.25        0.03   5,091.00
2704  2026-02-25 21:00:00  NAS100 25,150.75 25,177.50 25,129.75 25,160.50   10.25        0.04  14,060.00
2705  2026-02-25 21:30:00  NAS100 25,160.25 25,353.25 25,156.75 25,343.25  182.75        0.73  67,369.00
2706  2026-02-25 22:00:00  NAS100 25,343.00 25,361.75 25,282.75 25,334.25   -9.00       -0.04  40,209.00
2707  2026-02-25 22:30:00  NAS100 25,334.00 25,341.50 25,264.50 25,295.25  -39.00       -0.15  32,456.00
2708  2026-02-25 23:00:00  NAS100 25,295.25 25,310.75 25,282.75 25,300.75    5.50        0.02  21,130.00
2709  2026-02-25 23:30:00  NAS100 25,300.50 25,333.25 25,293.25 25,316.50   15.75        0.06  18,467.00
2710  2026-02-26 00:00:00  NAS100 25,316.75 25,341.00 25,310.50 25,321.25    4.75        0.02  13,632.00
2711  2026-02-26 00:30:00  NAS100 25,321.00 25,355.00 25,315.00 25,352.25   31.00        0.12  14,602.00
2712  2026-02-26 01:00:00  NAS100 25,352.75 25,358.00 25,336.50 25,339.25  -13.00       -0.05   9,927.00
2713  2026-02-26 01:30:00  NAS100 25,339.50 25,356.00 25,334.25 25,350.50   11.25        0.04   7,132.00
2714  2026-02-26 02:00:00  NAS100 25,350.25 25,378.00 25,349.50 25,371.00   20.50        0.08  10,921.00
2715  2026-02-26 02:30:00  NAS100 25,371.25 25,378.50 25,364.25 25,368.75   -2.25       -0.01   7,863.00
2716  2026-02-26 03:00:00  NAS100 25,368.50 25,376.50 25,359.50 25,366.75   -2.00       -0.01   9,841.00
2717  2026-02-26 03:30:00  NAS100 25,366.75 25,396.50 25,352.00 25,384.50   17.75        0.07  35,322.00
2718  2026-02-26 04:00:00  NAS100 25,383.75 25,423.75 25,370.00 25,395.50   11.00        0.04  13,416.00
2719  2026-02-26 04:30:00  NAS100 25,395.50 25,494.75 25,382.00 25,461.75   66.25        0.26  16,898.00
2720  2026-02-26 06:00:00  NAS100 25,388.25 25,418.25 25,361.25 25,383.50  -78.25       -0.31   6,132.00
2721  2026-02-26 06:30:00  NAS100 25,383.50 25,387.50 25,274.75 25,317.25  -66.25       -0.26   7,854.00
2722  2026-02-26 07:00:00  NAS100 25,315.75 25,340.00 25,304.50 25,337.00   19.75        0.08   4,479.00
2723  2026-02-26 07:30:00  NAS100 25,337.75 25,341.50 25,302.00 25,315.75  -21.25       -0.08   3,662.00
2724  2026-02-26 08:00:00  NAS100 25,316.25 25,320.00 25,273.75 25,274.25  -41.50       -0.16   4,760.00
2725  2026-02-26 08:30:00  NAS100 25,273.75 25,319.75 25,264.75 25,316.25   42.00        0.17   2,978.00
2726  2026-02-26 09:00:00  NAS100 25,315.50 25,319.25 25,291.00 25,300.25  -16.00       -0.06   2,115.00
2727  2026-02-26 09:30:00  NAS100 25,300.00 25,309.50 25,288.75 25,308.00    7.75        0.03   1,419.00
2728  2026-02-26 10:00:00  NAS100 25,306.75 25,312.25 25,294.75 25,306.00   -2.00       -0.01   1,171.00
2729  2026-02-26 10:30:00  NAS100 25,305.25 25,323.50 25,298.50 25,301.75   -4.25       -0.02   1,494.00
2730  2026-02-26 11:00:00  NAS100 25,300.50 25,310.50 25,295.25 25,298.75   -3.00       -0.01   1,285.00
2731  2026-02-26 11:30:00  NAS100 25,299.50 25,306.25 25,293.25 25,300.25    1.50        0.01     842.00
2732  2026-02-26 12:00:00  NAS100 25,299.50 25,303.75 25,283.25 25,295.75   -4.50       -0.02   1,592.00
2733  2026-02-26 12:30:00  NAS100 25,295.50 25,309.75 25,291.75 25,308.00   12.25        0.05   1,130.00
2734  2026-02-26 13:00:00  NAS100 25,308.00 25,333.50 25,307.00 25,320.00   12.00        0.05   1,904.00
2735  2026-02-26 13:30:00  NAS100 25,319.00 25,345.00 25,316.75 25,327.50    7.50        0.03   2,107.00
2736  2026-02-26 14:00:00  NAS100 25,327.25 25,355.75 25,326.25 25,341.25   13.75        0.05   2,394.00
2737  2026-02-26 14:30:00  NAS100 25,341.00 25,364.75 25,339.25 25,347.25    6.00        0.02   2,144.00
2738  2026-02-26 15:00:00  NAS100 25,348.00 25,392.25 25,344.00 25,372.00   24.75        0.10   4,037.00
2739  2026-02-26 15:30:00  NAS100 25,372.75 25,375.00 25,343.25 25,350.00  -22.00       -0.09   2,227.00
2740  2026-02-26 16:00:00  NAS100 25,349.75 25,380.25 25,346.00 25,379.75   29.75        0.12   2,385.00
2741  2026-02-26 16:30:00  NAS100 25,379.25 25,401.50 25,375.25 25,378.50   -1.25       -0.00   2,732.00
2742  2026-02-26 17:00:00  NAS100 25,379.25 25,388.25 25,362.25 25,363.50  -15.00       -0.06   1,659.00
2743  2026-02-26 17:30:00  NAS100 25,363.50 25,373.25 25,347.50 25,356.50   -7.00       -0.03   1,893.00
2744  2026-02-26 18:00:00  NAS100 25,357.50 25,369.50 25,345.25 25,365.00    8.50        0.03   1,604.00
2745  2026-02-26 18:30:00  NAS100 25,362.75 25,370.00 25,350.75 25,362.00   -3.00       -0.01   1,765.00
2746  2026-02-26 19:00:00  NAS100 25,361.75 25,389.00 25,360.25 25,386.75   24.75        0.10   2,261.00
2747  2026-02-26 19:30:00  NAS100 25,386.75 25,390.75 25,369.25 25,374.00  -12.75       -0.05   2,170.00
2748  2026-02-26 20:00:00  NAS100 25,372.75 25,399.25 25,361.25 25,398.25   24.25        0.10   3,907.00
2749  2026-02-26 20:30:00  NAS100 25,398.25 25,415.25 25,380.50 25,383.75  -14.50       -0.06   6,146.00
2750  2026-02-26 21:00:00  NAS100 25,383.00 25,398.75 25,341.00 25,341.25  -42.50       -0.17   9,083.00
2751  2026-02-26 21:30:00  NAS100 25,342.00 25,342.00 25,181.25 25,193.00 -148.25       -0.59  82,299.00
2752  2026-02-26 22:00:00  NAS100 25,193.50 25,210.75 24,885.00 24,932.25 -260.75       -1.04  83,750.00
2753  2026-02-26 22:30:00  NAS100 24,933.00 25,026.75 24,861.75 24,998.75   66.50        0.27  57,234.00
2754  2026-02-26 23:00:00  NAS100 24,999.50 25,085.50 24,985.50 25,058.75   60.00        0.24  32,753.00
2755  2026-02-26 23:30:00  NAS100 25,058.75 25,070.00 24,954.25 24,963.50  -95.25       -0.38  32,951.00
2756  2026-02-27 00:00:00  NAS100 24,963.75 25,009.25 24,953.00 24,968.00    4.50        0.02  19,757.00
2757  2026-02-27 00:30:00  NAS100 24,966.75 25,008.00 24,912.00 24,934.75  -33.25       -0.13  22,756.00
2758  2026-02-27 01:00:00  NAS100 24,935.25 24,939.00 24,888.75 24,919.75  -15.00       -0.06  22,849.00
2759  2026-02-27 01:30:00  NAS100 24,918.75 25,030.75 24,908.25 25,001.50   81.75        0.33  26,461.00
2760  2026-02-27 02:00:00  NAS100 25,002.00 25,086.25 24,988.25 25,048.25   46.75        0.19  23,013.00
2761  2026-02-27 02:30:00  NAS100 25,048.75 25,099.00 25,039.50 25,063.00   14.75        0.06  17,642.00
2762  2026-02-27 03:00:00  NAS100 25,062.75 25,094.75 25,024.00 25,029.75  -33.25       -0.13  19,358.00
2763  2026-02-27 03:30:00  NAS100 25,028.75 25,086.75 25,027.50 25,083.25   53.50        0.21  33,056.00
2764  2026-02-27 04:00:00  NAS100 25,082.75 25,090.00 25,058.00 25,068.00  -15.25       -0.06  11,253.00
2765  2026-02-27 04:30:00  NAS100 25,068.25 25,072.00 25,024.75 25,028.00  -40.00       -0.16   4,745.00
2766  2026-02-27 06:00:00  NAS100 25,024.25 25,038.00 24,955.00 25,022.00   -6.00       -0.02   7,555.00
2767  2026-02-27 06:30:00  NAS100 25,023.25 25,023.50 24,975.00 24,995.25  -26.75       -0.11   4,011.00
2768  2026-02-27 07:00:00  NAS100 24,995.00 25,026.50 24,981.25 24,999.00    3.75        0.02   3,859.00
2769  2026-02-27 07:30:00  NAS100 24,998.50 25,003.25 24,954.75 24,986.00  -13.00       -0.05   4,300.00
2770  2026-02-27 08:00:00  NAS100 24,986.00 25,018.25 24,975.75 24,989.00    3.00        0.01   3,680.00
2771  2026-02-27 08:30:00  NAS100 24,987.25 25,006.50 24,971.00 24,991.75    2.75        0.01   3,210.00
2772  2026-02-27 09:00:00  NAS100 24,994.50 25,019.00 24,985.25 25,016.25   24.50        0.10   2,386.00
2773  2026-02-27 09:30:00  NAS100 25,015.00 25,033.25 24,993.50 25,031.75   15.50        0.06   2,206.00
2774  2026-02-27 10:00:00  NAS100 25,032.00 25,036.00 25,011.25 25,015.00  -16.75       -0.07   1,748.00
2775  2026-02-27 10:30:00  NAS100 25,015.00 25,034.25 25,001.75 25,024.75    9.75        0.04   1,622.00
2776  2026-02-27 11:00:00  NAS100 25,026.50 25,036.25 25,012.00 25,027.50    2.75        0.01   1,398.00
2777  2026-02-27 11:30:00  NAS100 25,027.25 25,034.50 25,017.25 25,023.75   -3.75       -0.01     969.00
2778  2026-02-27 12:00:00  NAS100 25,024.75 25,057.25 25,024.00 25,055.50   31.75        0.13   1,711.00
2779  2026-02-27 12:30:00  NAS100 25,055.25 25,061.00 25,035.50 25,039.50  -16.00       -0.06   1,319.00
2780  2026-02-27 13:00:00  NAS100 25,040.00 25,046.25 24,991.75 25,006.00  -33.50       -0.13   2,333.00
2781  2026-02-27 13:30:00  NAS100 25,004.25 25,037.25 25,003.00 25,032.00   26.00        0.10   1,575.00
2782  2026-02-27 14:00:00  NAS100 25,033.00 25,073.25 25,032.75 25,071.00   39.00        0.16   2,350.00
2783  2026-02-27 14:30:00  NAS100 25,070.50 25,079.00 25,061.25 25,074.50    3.50        0.01   1,909.00
2784  2026-02-27 15:00:00  NAS100 25,072.50 25,089.75 25,038.25 25,056.00  -18.50       -0.07   3,804.00
2785  2026-02-27 15:30:00  NAS100 25,057.25 25,076.50 25,046.25 25,067.25   11.25        0.04   1,968.00
2786  2026-02-27 16:00:00  NAS100 25,067.75 25,098.75 25,050.50 25,078.50   11.25        0.04   4,278.00
2787  2026-02-27 16:30:00  NAS100 25,078.00 25,078.50 25,024.50 25,029.25  -49.25       -0.20   3,334.00
2788  2026-02-27 17:00:00  NAS100 25,030.00 25,032.75 24,966.75 25,017.75  -11.50       -0.05   5,013.00
2789  2026-02-27 17:30:00  NAS100 25,017.50 25,045.00 24,984.75 25,001.25  -16.50       -0.07   4,318.00
2790  2026-02-27 18:00:00  NAS100 25,000.25 25,012.75 24,986.25 24,991.00  -10.25       -0.04   3,074.00
2791  2026-02-27 18:30:00  NAS100 24,991.00 25,002.50 24,928.75 24,954.00  -37.00       -0.15   5,682.00
2792  2026-02-27 19:00:00  NAS100 24,952.75 24,994.00 24,921.25 24,973.75   19.75        0.08   5,743.00
2793  2026-02-27 19:30:00  NAS100 24,974.25 24,985.50 24,898.00 24,921.75  -52.00       -0.21   6,823.00
2794  2026-02-27 20:00:00  NAS100 24,919.50 24,942.75 24,874.00 24,880.25  -41.50       -0.17   7,777.00
2795  2026-02-27 20:30:00  NAS100 24,881.25 24,883.25 24,793.75 24,870.50   -9.75       -0.04  20,340.00
2796  2026-02-27 21:00:00  NAS100 24,871.00 24,878.00 24,796.00 24,814.25  -56.25       -0.23  14,004.00
2797  2026-02-27 21:30:00  NAS100 24,815.25 24,938.50 24,782.00 24,880.00   65.75        0.26  69,548.00
2798  2026-02-27 22:00:00  NAS100 24,879.50 24,997.50 24,866.50 24,971.25   91.25        0.37  43,848.00
2799  2026-02-27 22:30:00  NAS100 24,971.00 25,017.25 24,922.50 24,982.75   11.50        0.05  34,903.00
2800  2026-02-27 23:00:00  NAS100 24,983.50 25,021.50 24,943.25 24,968.00  -14.75       -0.06  28,018.00
2801  2026-02-27 23:30:00  NAS100 24,969.00 25,009.75 24,931.50 24,968.75    0.75        0.00  24,900.00
2802  2026-02-28 00:00:00  NAS100 24,969.25 25,036.75 24,900.25 24,952.75  -16.00       -0.06  28,913.00
2803  2026-02-28 00:30:00  NAS100 24,952.50 24,994.00 24,914.00 24,945.50   -7.25       -0.03  24,681.00
2804  2026-02-28 01:00:00  NAS100 24,945.00 24,955.25 24,874.75 24,911.00  -34.50       -0.14  18,928.00
2805  2026-02-28 01:30:00  NAS100 24,911.00 24,931.25 24,886.00 24,902.75   -8.25       -0.03  16,902.00
2806  2026-02-28 02:00:00  NAS100 24,902.50 24,963.00 24,897.25 24,906.75    4.00        0.02  17,394.00
2807  2026-02-28 02:30:00  NAS100 24,906.25 24,919.50 24,873.00 24,895.25  -11.50       -0.05  14,063.00
2808  2026-02-28 03:00:00  NAS100 24,894.25 25,004.50 24,893.50 24,978.75   83.50        0.34  23,625.00
2809  2026-02-28 03:30:00  NAS100 24,978.50 25,022.75 24,921.75 24,998.25   19.50        0.08  51,030.00
2810  2026-02-28 04:00:00  NAS100 24,998.25 24,998.75 24,939.25 24,960.50  -37.75       -0.15  17,051.00
2811  2026-02-28 04:30:00  NAS100 24,961.25 24,978.25 24,942.25 24,952.75   -7.75       -0.03   4,395.00
2812  2026-03-02 06:00:00  NAS100 24,682.50 24,815.00 24,635.50 24,765.25 -187.50       -0.75  13,520.00
2813  2026-03-02 06:30:00  NAS100 24,764.75 24,779.25 24,714.50 24,742.00  -23.25       -0.09   6,483.00
2814  2026-03-02 07:00:00  NAS100 24,739.25 24,778.50 24,712.75 24,733.00   -9.00       -0.04   6,723.00
2815  2026-03-02 07:30:00  NAS100 24,732.00 24,796.25 24,714.00 24,786.00   53.00        0.21   6,551.00
2816  2026-03-02 08:00:00  NAS100 24,785.50 24,893.25 24,772.50 24,869.50   83.50        0.34  10,747.00
2817  2026-03-02 08:30:00  NAS100 24,870.50 24,901.25 24,853.00 24,861.75   -7.75       -0.03   5,369.00
2818  2026-03-02 09:00:00  NAS100 24,864.00 24,873.75 24,807.75 24,809.50  -52.25       -0.21   3,816.00
2819  2026-03-02 09:30:00  NAS100 24,811.00 24,847.25 24,796.50 24,821.00   11.50        0.05   3,329.00
2820  2026-03-02 10:00:00  NAS100 24,821.25 24,835.50 24,802.75 24,819.75   -1.25       -0.01   2,130.00
2821  2026-03-02 10:30:00  NAS100 24,823.00 24,823.00 24,785.25 24,791.50  -28.25       -0.11   2,286.00
2822  2026-03-02 11:00:00  NAS100 24,792.75 24,809.50 24,740.75 24,799.50    8.00        0.03   4,396.00
2823  2026-03-02 11:30:00  NAS100 24,800.00 24,817.75 24,757.50 24,760.00  -39.50       -0.16   2,405.00
2824  2026-03-02 12:00:00  NAS100 24,759.00 24,769.50 24,718.00 24,729.00  -31.00       -0.13   2,961.00
2825  2026-03-02 12:30:00  NAS100 24,731.75 24,749.25 24,672.00 24,677.25  -51.75       -0.21   3,342.00
2826  2026-03-02 13:00:00  NAS100 24,675.75 24,703.00 24,633.50 24,668.25   -9.00       -0.04   4,613.00
2827  2026-03-02 13:30:00  NAS100 24,669.75 24,679.25 24,528.00 24,590.75  -77.50       -0.31   7,946.00
2828  2026-03-02 14:00:00  NAS100 24,588.00 24,602.50 24,533.00 24,567.25  -23.50       -0.10   8,155.00
2829  2026-03-02 14:30:00  NAS100 24,566.25 24,583.50 24,531.00 24,540.50  -26.75       -0.11   5,303.00
2830  2026-03-02 15:00:00  NAS100 24,542.00 24,556.00 24,477.00 24,489.75  -50.75       -0.21  11,984.00
2831  2026-03-02 15:30:00  NAS100 24,487.75 24,591.00 24,485.25 24,563.50   73.75        0.30   8,131.00
2832  2026-03-02 16:00:00  NAS100 24,562.25 24,652.50 24,552.00 24,637.50   74.00        0.30   8,624.00
2833  2026-03-02 16:30:00  NAS100 24,638.75 24,654.25 24,610.25 24,629.00   -8.50       -0.03   5,193.00
2834  2026-03-02 17:00:00  NAS100 24,628.50 24,684.25 24,625.50 24,656.75   27.75        0.11   7,176.00
2835  2026-03-02 17:30:00  NAS100 24,657.25 24,684.50 24,640.75 24,657.75    1.00        0.00   3,525.00
2836  2026-03-02 18:00:00  NAS100 24,657.75 24,671.00 24,635.00 24,655.75   -2.00       -0.01   3,514.00
2837  2026-03-02 18:30:00  NAS100 24,655.75 24,729.00 24,655.75 24,688.00   32.25        0.13   6,795.00
2838  2026-03-02 19:00:00  NAS100 24,685.75 24,705.50 24,630.75 24,634.00  -54.00       -0.22   6,121.00
2839  2026-03-02 19:30:00  NAS100 24,634.00 24,664.00 24,609.75 24,629.00   -5.00       -0.02   5,644.00
2840  2026-03-02 20:00:00  NAS100 24,630.00 24,739.25 24,621.50 24,700.75   71.75        0.29  10,652.00
2841  2026-03-02 20:30:00  NAS100 24,701.75 24,710.25 24,592.75 24,620.75  -80.00       -0.32   9,096.00
2842  2026-03-02 21:00:00  NAS100 24,621.50 24,652.00 24,607.75 24,644.75   24.00        0.10   9,611.00
2843  2026-03-02 21:30:00  NAS100 24,644.50 24,898.50 24,605.00 24,862.00  217.25        0.88  71,401.00
2844  2026-03-02 22:00:00  NAS100 24,862.00 24,947.75 24,802.00 24,881.75   19.75        0.08  43,358.00
2845  2026-03-02 22:30:00  NAS100 24,881.00 24,958.50 24,842.00 24,924.50   42.75        0.17  33,066.00
2846  2026-03-02 23:00:00  NAS100 24,923.75 24,991.25 24,852.00 24,867.50  -57.00       -0.23  30,005.00
2847  2026-03-02 23:30:00  NAS100 24,866.50 25,044.25 24,861.00 25,033.50  166.00        0.67  37,957.00
2848  2026-03-03 00:00:00  NAS100 25,033.75 25,076.50 25,007.50 25,045.00   11.50        0.05  21,199.00
2849  2026-03-03 00:30:00  NAS100 25,044.00 25,075.75 25,026.25 25,065.75   20.75        0.08  16,127.00
2850  2026-03-03 01:00:00  NAS100 25,066.00 25,074.75 25,013.50 25,036.00  -29.75       -0.12  15,244.00
2851  2026-03-03 01:30:00  NAS100 25,036.25 25,039.50 24,968.50 24,972.50  -63.50       -0.25  17,867.00
2852  2026-03-03 02:00:00  NAS100 24,972.00 25,089.00 24,966.25 25,079.25  106.75        0.43  26,549.00
2853  2026-03-03 02:30:00  NAS100 25,079.75 25,101.00 25,068.50 25,082.75    3.50        0.01  16,988.00
2854  2026-03-03 03:00:00  NAS100 25,082.50 25,090.50 24,946.75 24,966.25 -116.50       -0.46  40,303.00
2855  2026-03-03 03:30:00  NAS100 24,967.50 25,062.75 24,962.00 25,023.25   57.00        0.23  34,613.00
2856  2026-03-03 04:00:00  NAS100 25,022.25 25,028.75 24,976.50 24,997.50  -25.75       -0.10  11,836.00
2857  2026-03-03 04:30:00  NAS100 24,996.25 25,007.75 24,978.50 24,995.75   -1.75       -0.01   2,818.00
2858  2026-03-03 06:00:00  NAS100 25,002.75 25,011.00 24,947.00 24,960.75  -35.00       -0.14   4,344.00
2859  2026-03-03 06:30:00  NAS100 24,963.00 24,978.75 24,944.25 24,971.00   10.25        0.04   2,461.00
2860  2026-03-03 07:00:00  NAS100 24,972.50 24,982.25 24,927.00 24,939.50  -31.50       -0.13   3,816.00
2861  2026-03-03 07:30:00  NAS100 24,942.00 24,952.00 24,925.00 24,931.50   -8.00       -0.03   1,924.00
2862  2026-03-03 08:00:00  NAS100 24,931.75 24,960.00 24,904.00 24,923.50   -8.00       -0.03   4,194.00
2863  2026-03-03 08:30:00  NAS100 24,923.25 24,934.00 24,869.00 24,872.75  -50.75       -0.20   3,792.00
2864  2026-03-03 09:00:00  NAS100 24,874.00 24,878.25 24,806.50 24,837.50  -35.25       -0.14   6,489.00
2865  2026-03-03 09:30:00  NAS100 24,837.25 24,879.25 24,831.00 24,861.25   23.75        0.10   4,215.00
2866  2026-03-03 10:00:00  NAS100 24,862.75 24,883.25 24,816.00 24,823.25  -38.00       -0.15   3,008.00
2867  2026-03-03 10:30:00  NAS100 24,823.25 24,880.00 24,804.25 24,846.00   22.75        0.09   3,693.00
2868  2026-03-03 11:00:00  NAS100 24,846.50 24,864.00 24,800.75 24,815.25  -30.75       -0.12   3,148.00
2869  2026-03-03 11:30:00  NAS100 24,816.00 24,830.50 24,788.75 24,810.25   -5.00       -0.02   3,693.00
2870  2026-03-03 12:00:00  NAS100 24,811.25 24,829.00 24,796.75 24,813.25    3.00        0.01   2,914.00
2871  2026-03-03 12:30:00  NAS100 24,811.50 24,811.50 24,744.00 24,765.50  -47.75       -0.19   4,822.00
2872  2026-03-03 13:00:00  NAS100 24,765.25 24,797.75 24,736.00 24,797.25   31.75        0.13   4,420.00
2873  2026-03-03 13:30:00  NAS100 24,795.25 24,800.00 24,737.00 24,754.00  -43.25       -0.17   3,801.00
2874  2026-03-03 14:00:00  NAS100 24,753.25 24,767.50 24,692.75 24,703.75  -50.25       -0.20   6,404.00
2875  2026-03-03 14:30:00  NAS100 24,703.75 24,713.50 24,668.50 24,676.00  -27.75       -0.11   5,185.00
2876  2026-03-03 15:00:00  NAS100 24,674.75 24,694.50 24,597.75 24,598.75  -77.25       -0.31  12,175.00
2877  2026-03-03 15:30:00  NAS100 24,598.00 24,621.50 24,505.00 24,516.50  -82.25       -0.33  14,083.00
2878  2026-03-03 16:00:00  NAS100 24,516.25 24,581.75 24,509.00 24,520.25    3.75        0.02   9,938.00
2879  2026-03-03 16:30:00  NAS100 24,520.00 24,543.25 24,444.00 24,453.75  -66.50       -0.27  10,588.00
2880  2026-03-03 17:00:00  NAS100 24,454.00 24,484.00 24,422.00 24,436.75  -17.00       -0.07   9,337.00
2881  2026-03-03 17:30:00  NAS100 24,436.50 24,483.00 24,393.00 24,452.75   16.00        0.07  13,219.00
2882  2026-03-03 18:00:00  NAS100 24,450.25 24,486.75 24,370.00 24,455.00    2.25        0.01   9,751.00
2883  2026-03-03 18:30:00  NAS100 24,457.75 24,514.25 24,455.50 24,488.50   33.50        0.14   7,935.00
2884  2026-03-03 19:00:00  NAS100 24,487.00 24,601.25 24,478.50 24,571.50   83.00        0.34  11,122.00
2885  2026-03-03 19:30:00  NAS100 24,570.50 24,606.75 24,549.75 24,583.50   12.00        0.05   8,170.00
2886  2026-03-03 20:00:00  NAS100 24,584.00 24,590.00 24,515.00 24,529.75  -53.75       -0.22   8,743.00
2887  2026-03-03 20:30:00  NAS100 24,530.25 24,532.75 24,447.75 24,496.00  -33.75       -0.14  13,918.00
2888  2026-03-03 21:00:00  NAS100 24,497.00 24,543.50 24,456.00 24,535.00   39.00        0.16  14,887.00
2889  2026-03-03 21:30:00  NAS100 24,535.00 24,661.25 24,480.25 24,489.25  -45.75       -0.19  85,930.00
2890  2026-03-03 22:00:00  NAS100 24,489.00 24,562.50 24,352.00 24,358.50 -130.75       -0.53  58,962.00
2891  2026-03-03 22:30:00  NAS100 24,358.75 24,472.75 24,356.25 24,446.75   88.25        0.36  45,602.00
2892  2026-03-03 23:00:00  NAS100 24,447.25 24,642.50 24,436.50 24,618.75  172.00        0.70  43,130.00
2893  2026-03-03 23:30:00  NAS100 24,618.00 24,724.75 24,563.25 24,672.00   53.25        0.22  39,775.00
2894  2026-03-04 00:00:00  NAS100 24,671.00 24,712.25 24,620.50 24,704.75   32.75        0.13  26,504.00
2895  2026-03-04 00:30:00  NAS100 24,705.25 24,707.50 24,602.50 24,641.50  -63.25       -0.26  21,989.00
2896  2026-03-04 01:00:00  NAS100 24,641.00 24,772.25 24,640.75 24,746.75  105.25        0.43  24,607.00
2897  2026-03-04 01:30:00  NAS100 24,746.25 24,832.50 24,742.00 24,800.25   53.50        0.22  25,046.00
2898  2026-03-04 02:00:00  NAS100 24,799.50 24,813.50 24,730.25 24,759.25  -41.00       -0.17  19,484.00
2899  2026-03-04 02:30:00  NAS100 24,759.50 24,850.00 24,709.50 24,787.25   28.00        0.11  29,601.00
2900  2026-03-04 03:00:00  NAS100 24,787.25 24,821.75 24,741.50 24,782.75   -4.50       -0.02  19,830.00
2901  2026-03-04 03:30:00  NAS100 24,782.25 24,807.75 24,718.00 24,757.25  -25.50       -0.10  33,683.00
2902  2026-03-04 04:00:00  NAS100 24,757.25 24,758.25 24,717.00 24,723.50  -33.75       -0.14   9,910.00
2903  2026-03-04 04:30:00  NAS100 24,723.50 24,731.25 24,691.50 24,709.75  -13.75       -0.06   4,255.00
2904  2026-03-04 06:00:00  NAS100 24,710.75 24,765.00 24,669.75 24,706.75   -3.00       -0.01   5,691.00
2905  2026-03-04 06:30:00  NAS100 24,708.50 24,742.00 24,698.00 24,703.00   -3.75       -0.02   2,055.00
2906  2026-03-04 07:00:00  NAS100 24,702.00 24,803.50 24,676.00 24,766.75   63.75        0.26   6,073.00
2907  2026-03-04 07:30:00  NAS100 24,768.25 24,770.50 24,688.75 24,747.50  -19.25       -0.08   6,111.00
2908  2026-03-04 08:00:00  NAS100 24,749.00 24,772.25 24,637.50 24,653.00  -94.50       -0.38   6,362.00
2909  2026-03-04 08:30:00  NAS100 24,651.75 24,721.50 24,630.75 24,676.00   23.00        0.09   6,300.00
2910  2026-03-04 09:00:00  NAS100 24,676.50 24,703.25 24,619.00 24,622.50  -53.50       -0.22   4,639.00
2911  2026-03-04 09:30:00  NAS100 24,621.75 24,666.75 24,588.00 24,637.00   14.50        0.06   5,020.00
2912  2026-03-04 10:00:00  NAS100 24,637.00 24,638.00 24,555.50 24,569.50  -67.50       -0.27   5,170.00
2913  2026-03-04 10:30:00  NAS100 24,568.25 24,600.75 24,525.00 24,599.25   29.75        0.12   5,599.00
2914  2026-03-04 11:00:00  NAS100 24,600.25 24,644.75 24,586.00 24,593.25   -6.00       -0.02   4,183.00
2915  2026-03-04 11:30:00  NAS100 24,591.75 24,607.50 24,566.00 24,588.25   -5.00       -0.02   2,988.00
2916  2026-03-04 12:00:00  NAS100 24,590.75 24,613.00 24,532.50 24,557.50  -30.75       -0.13   3,515.00
2917  2026-03-04 12:30:00  NAS100 24,557.00 24,617.75 24,541.00 24,574.25   16.75        0.07   2,932.00
2918  2026-03-04 13:00:00  NAS100 24,573.50 24,573.50 24,499.00 24,547.25  -27.00       -0.11   4,839.00
2919  2026-03-04 13:30:00  NAS100 24,547.00 24,590.00 24,541.00 24,572.25   25.00        0.10   3,772.00
2920  2026-03-04 14:00:00  NAS100 24,570.25 24,615.25 24,535.50 24,601.00   28.75        0.12   4,731.00
2921  2026-03-04 14:30:00  NAS100 24,602.50 24,677.75 24,597.50 24,657.00   56.00        0.23   5,048.00
2922  2026-03-04 15:00:00  NAS100 24,657.00 24,688.25 24,611.50 24,629.75  -27.25       -0.11   6,634.00
2923  2026-03-04 15:30:00  NAS100 24,629.75 24,678.00 24,619.75 24,644.00   14.25        0.06   3,688.00
2924  2026-03-04 16:00:00  NAS100 24,648.25 24,720.75 24,621.00 24,706.75   62.75        0.25   4,902.00
2925  2026-03-04 16:30:00  NAS100 24,707.25 24,771.25 24,694.75 24,754.75   48.00        0.19   5,604.00
2926  2026-03-04 17:00:00  NAS100 24,754.25 24,866.25 24,734.25 24,805.25   50.50        0.20  12,509.00
2927  2026-03-04 17:30:00  NAS100 24,806.00 24,854.50 24,805.25 24,842.50   37.25        0.15   4,852.00
2928  2026-03-04 18:00:00  NAS100 24,842.75 24,895.00 24,839.50 24,864.00   21.50        0.09   7,057.00
2929  2026-03-04 18:30:00  NAS100 24,864.50 24,872.50 24,801.25 24,805.50  -58.50       -0.24   5,578.00
2930  2026-03-04 19:00:00  NAS100 24,806.25 24,844.25 24,728.00 24,731.25  -74.25       -0.30   8,221.00
2931  2026-03-04 19:30:00  NAS100 24,732.25 24,803.25 24,720.50 24,800.75   69.50        0.28   6,761.00
2932  2026-03-04 20:00:00  NAS100 24,800.50 24,930.25 24,795.50 24,882.00   81.25        0.33  14,259.00
2933  2026-03-04 20:30:00  NAS100 24,882.75 24,925.00 24,860.25 24,889.25    7.25        0.03  12,259.00
2934  2026-03-04 21:00:00  NAS100 24,889.50 24,911.50 24,846.50 24,853.00  -36.25       -0.15  10,857.00
2935  2026-03-04 21:30:00  NAS100 24,853.50 24,970.25 24,826.00 24,919.25   66.25        0.27  68,966.00
2936  2026-03-04 22:00:00  NAS100 24,922.75 25,146.25 24,891.50 25,139.00  219.75        0.88  60,685.00
2937  2026-03-04 22:30:00  NAS100 25,139.25 25,148.50 25,036.75 25,127.50  -11.50       -0.05  40,476.00
2938  2026-03-04 23:00:00  NAS100 25,127.25 25,158.25 25,051.00 25,105.75  -21.75       -0.09  34,718.00
2939  2026-03-04 23:30:00  NAS100 25,105.75 25,170.50 25,097.25 25,145.50   39.75        0.16  28,373.00
2940  2026-03-05 00:00:00  NAS100 25,146.25 25,174.25 25,131.00 25,132.75  -12.75       -0.05  16,896.00
2941  2026-03-05 00:30:00  NAS100 25,133.25 25,181.50 25,105.00 25,168.75   36.00        0.14  20,485.00
2942  2026-03-05 01:00:00  NAS100 25,170.00 25,183.00 25,140.50 25,171.75    3.00        0.01  13,738.00
2943  2026-03-05 01:30:00  NAS100 25,172.00 25,214.25 25,170.50 25,192.75   21.00        0.08  19,965.00
2944  2026-03-05 02:00:00  NAS100 25,192.50 25,217.75 25,186.25 25,194.50    1.75        0.01  13,155.00
2945  2026-03-05 02:30:00  NAS100 25,194.75 25,207.00 25,180.25 25,189.00   -5.50       -0.02  10,171.00
2946  2026-03-05 03:00:00  NAS100 25,188.75 25,195.25 25,124.00 25,151.25  -37.75       -0.15  18,796.00
2947  2026-03-05 03:30:00  NAS100 25,150.75 25,167.75 25,113.50 25,120.00  -31.25       -0.12  33,782.00
2948  2026-03-05 04:00:00  NAS100 25,120.00 25,163.25 25,092.50 25,139.25   19.25        0.08  17,663.00
2949  2026-03-05 04:30:00  NAS100 25,139.50 25,153.50 25,127.75 25,138.00   -1.25       -0.00   2,720.00
2950  2026-03-05 06:00:00  NAS100 25,156.50 25,177.25 25,140.00 25,151.50   13.50        0.05   3,578.00
2951  2026-03-05 06:30:00  NAS100 25,152.00 25,190.75 25,145.00 25,171.75   20.25        0.08   2,978.00
2952  2026-03-05 07:00:00  NAS100 25,171.00 25,250.00 25,160.25 25,212.25   40.50        0.16   6,105.00
2953  2026-03-05 07:30:00  NAS100 25,213.00 25,228.75 25,198.50 25,208.25   -4.00       -0.02   3,532.00
2954  2026-03-05 08:00:00  NAS100 25,209.75 25,217.50 25,134.25 25,140.75  -67.50       -0.27   5,916.00
2955  2026-03-05 08:30:00  NAS100 25,140.00 25,174.75 25,044.00 25,071.00  -69.75       -0.28  10,538.00
2956  2026-03-05 09:00:00  NAS100 25,070.75 25,095.00 25,056.50 25,068.00   -3.00       -0.01   3,934.00
2957  2026-03-05 09:30:00  NAS100 25,070.00 25,125.50 25,050.00 25,091.25   23.25        0.09   4,285.00
2958  2026-03-05 10:00:00  NAS100 25,090.75 25,101.50 25,029.75 25,047.50  -43.75       -0.17   3,486.00
2959  2026-03-05 10:30:00  NAS100 25,048.50 25,070.75 25,025.25 25,048.25    0.75        0.00   4,721.00
2960  2026-03-05 11:00:00  NAS100 25,046.75 25,088.75 25,031.75 25,088.75   40.50        0.16   2,951.00
2961  2026-03-05 11:30:00  NAS100 25,088.75 25,106.75 25,066.75 25,102.50   13.75        0.05   2,212.00
2962  2026-03-05 12:00:00  NAS100 25,103.25 25,104.50 25,067.75 25,077.25  -25.25       -0.10   1,989.00
2963  2026-03-05 12:30:00  NAS100 25,077.50 25,081.00 25,033.00 25,034.75  -42.50       -0.17   2,833.00
2964  2026-03-05 13:00:00  NAS100 25,035.00 25,041.00 24,981.00 25,010.75  -24.00       -0.10   5,664.00
2965  2026-03-05 13:30:00  NAS100 25,010.50 25,092.75 24,986.75 25,092.00   81.25        0.32   5,501.00
2966  2026-03-05 14:00:00  NAS100 25,091.75 25,098.00 25,050.75 25,088.75   -3.25       -0.01   4,303.00
2967  2026-03-05 14:30:00  NAS100 25,088.00 25,089.25 25,041.00 25,073.00  -15.75       -0.06   3,215.00
2968  2026-03-05 15:00:00  NAS100 25,072.00 25,078.25 24,990.00 24,995.00  -78.00       -0.31   7,706.00
2969  2026-03-05 15:30:00  NAS100 24,995.50 25,053.50 24,973.25 25,051.75   56.75        0.23   5,906.00
2970  2026-03-05 16:00:00  NAS100 25,052.50 25,205.75 25,041.00 25,128.25   76.50        0.31  16,530.00
2971  2026-03-05 16:30:00  NAS100 25,128.50 25,146.00 25,082.00 25,114.00  -14.25       -0.06   6,039.00
2972  2026-03-05 17:00:00  NAS100 25,115.00 25,143.25 25,085.00 25,135.00   21.00        0.08   3,890.00
2973  2026-03-05 17:30:00  NAS100 25,135.75 25,142.75 25,092.25 25,106.25  -28.75       -0.11   3,453.00
2974  2026-03-05 18:00:00  NAS100 25,107.50 25,148.25 25,085.25 25,136.00   29.75        0.12   4,569.00
2975  2026-03-05 18:30:00  NAS100 25,134.50 25,153.75 25,089.00 25,093.50  -42.50       -0.17   3,996.00
2976  2026-03-05 19:00:00  NAS100 25,094.50 25,157.75 25,078.50 25,117.75   24.25        0.10   5,787.00
2977  2026-03-05 19:30:00  NAS100 25,118.75 25,125.00 25,036.75 25,069.00  -48.75       -0.19   7,202.00
2978  2026-03-05 20:00:00  NAS100 25,069.50 25,076.00 25,024.00 25,054.25  -14.75       -0.06   7,432.00
2979  2026-03-05 20:30:00  NAS100 25,054.00 25,072.25 24,980.75 24,993.75  -60.50       -0.24  11,880.00
2980  2026-03-05 21:00:00  NAS100 24,994.50 25,013.00 24,962.75 24,987.25   -6.50       -0.03  14,170.00
2981  2026-03-05 21:30:00  NAS100 24,987.75 25,187.75 24,985.25 25,185.50  198.25        0.79  68,706.00
2982  2026-03-05 22:00:00  NAS100 25,185.25 25,209.75 24,991.75 25,011.25 -174.25       -0.69  51,211.00
2983  2026-03-05 22:30:00  NAS100 25,012.00 25,098.00 24,930.50 25,082.50   71.25        0.28  48,316.00
2984  2026-03-05 23:00:00  NAS100 25,080.25 25,093.25 24,942.00 24,967.25 -115.25       -0.46  38,231.00
2985  2026-03-05 23:30:00  NAS100 24,967.75 25,054.25 24,965.50 25,042.50   75.25        0.30  24,032.00
2986  2026-03-06 00:00:00  NAS100 25,043.00 25,123.00 24,927.00 24,928.00 -114.50       -0.46  37,411.00
2987  2026-03-06 00:30:00  NAS100 24,927.75 24,944.00 24,789.00 24,807.00 -121.00       -0.49  43,710.00
2988  2026-03-06 01:00:00  NAS100 24,807.00 24,888.75 24,781.75 24,794.00  -13.00       -0.05  29,045.00
2989  2026-03-06 01:30:00  NAS100 24,792.50 24,869.75 24,772.50 24,814.00   20.00        0.08  23,887.00
2990  2026-03-06 02:00:00  NAS100 24,814.00 24,880.75 24,803.00 24,839.00   25.00        0.10  17,595.00
2991  2026-03-06 02:30:00  NAS100 24,839.25 24,882.25 24,792.50 24,858.00   19.00        0.08  19,657.00
2992  2026-03-06 03:00:00  NAS100 24,857.75 24,994.25 24,826.75 24,955.00   97.00        0.39  34,464.00
2993  2026-03-06 03:30:00  NAS100 24,954.25 25,056.00 24,941.00 25,047.75   92.75        0.37  40,455.00
2994  2026-03-06 04:00:00  NAS100 25,048.50 25,051.00 25,010.00 25,029.00  -18.75       -0.07  13,064.00
2995  2026-03-06 04:30:00  NAS100 25,029.50 25,029.50 25,000.25 25,010.50  -18.50       -0.07   4,336.00
2996  2026-03-06 06:00:00  NAS100 25,019.75 25,055.50 25,001.00 25,047.50   37.00        0.15   2,962.00
2997  2026-03-06 06:30:00  NAS100 25,049.00 25,070.00 25,037.25 25,060.00   12.50        0.05   2,900.00
2998  2026-03-06 07:00:00  NAS100 25,059.75 25,098.00 25,059.25 25,072.75   12.75        0.05   3,550.00
2999  2026-03-06 07:30:00  NAS100 25,074.00 25,092.75 25,066.75 25,075.00    2.25        0.01   3,188.00
3000  2026-03-06 08:00:00  NAS100 25,073.50 25,091.25 25,038.00 25,052.00  -23.00       -0.09   3,722.00
3001  2026-03-06 08:30:00  NAS100 25,053.00 25,089.00 25,041.50 25,066.00   14.00        0.06   3,335.00
3002  2026-03-06 09:00:00  NAS100 25,069.75 25,116.00 25,060.00 25,109.50   43.50        0.17   3,128.00
3003  2026-03-06 09:30:00  NAS100 25,109.25 25,112.00 25,067.00 25,071.75  -37.75       -0.15   2,273.00
3004  2026-03-06 10:00:00  NAS100 25,070.25 25,099.75 25,070.00 25,083.75   12.00        0.05   1,526.00
3005  2026-03-06 10:30:00  NAS100 25,084.75 25,115.00 25,074.00 25,114.50   30.75        0.12   2,106.00
3006  2026-03-06 11:00:00  NAS100 25,113.00 25,115.25 25,093.50 25,097.00  -17.50       -0.07   1,529.00
3007  2026-03-06 11:30:00  NAS100 25,096.75 25,137.75 25,095.50 25,108.75   11.75        0.05   2,128.00
3008  2026-03-06 12:00:00  NAS100 25,109.00 25,130.00 25,106.25 25,121.25   12.50        0.05   1,571.00
3009  2026-03-06 12:30:00  NAS100 25,120.25 25,141.50 25,106.75 25,118.75   -2.50       -0.01   1,937.00
3010  2026-03-06 13:00:00  NAS100 25,117.50 25,135.50 25,107.50 25,111.50   -7.25       -0.03   1,810.00
3011  2026-03-06 13:30:00  NAS100 25,111.75 25,122.25 25,100.75 25,106.50   -5.00       -0.02   1,725.00
3012  2026-03-06 14:00:00  NAS100 25,106.50 25,140.50 25,091.75 25,131.25   24.75        0.10   3,162.00
3013  2026-03-06 14:30:00  NAS100 25,130.50 25,139.25 25,114.75 25,125.00   -6.25       -0.02   1,956.00
3014  2026-03-06 15:00:00  NAS100 25,125.50 25,128.50 25,034.75 25,038.50  -86.50       -0.34   6,518.00
3015  2026-03-06 15:30:00  NAS100 25,039.25 25,108.75 25,033.00 25,074.00   35.50        0.14   4,821.00
3016  2026-03-06 16:00:00  NAS100 25,074.25 25,082.00 24,957.75 24,962.25 -111.75       -0.45   7,159.00
3017  2026-03-06 16:30:00  NAS100 24,960.75 24,979.25 24,882.25 24,920.25  -42.00       -0.17   9,613.00
3018  2026-03-06 17:00:00  NAS100 24,920.75 24,981.00 24,918.25 24,972.50   52.25        0.21   5,924.00
3019  2026-03-06 17:30:00  NAS100 24,972.75 24,974.50 24,928.00 24,949.75  -22.75       -0.09   3,969.00
3020  2026-03-06 18:00:00  NAS100 24,948.00 24,962.75 24,887.25 24,947.75   -2.00       -0.01   7,303.00
3021  2026-03-06 18:30:00  NAS100 24,948.75 24,951.50 24,835.00 24,856.25  -91.50       -0.37   9,297.00
3022  2026-03-06 19:00:00  NAS100 24,858.75 24,884.75 24,838.00 24,859.25    3.00        0.01   8,410.00
3023  2026-03-06 19:30:00  NAS100 24,857.00 24,862.00 24,805.50 24,835.75  -23.50       -0.09   8,639.00
3024  2026-03-06 20:00:00  NAS100 24,835.00 24,878.00 24,822.00 24,863.50   27.75        0.11   7,525.00
3025  2026-03-06 20:30:00  NAS100 24,873.75 24,908.75 24,618.25 24,645.75 -217.75       -0.88  34,757.00
3026  2026-03-06 21:00:00  NAS100 24,644.50 24,687.00 24,612.50 24,685.75   40.00        0.16  20,153.00
3027  2026-03-06 21:30:00  NAS100 24,685.25 24,742.50 24,608.75 24,691.25    5.50        0.02  72,848.00
3028  2026-03-06 22:00:00  NAS100 24,691.50 24,829.00 24,664.50 24,822.00  130.75        0.53  49,389.00
3029  2026-03-06 22:30:00  NAS100 24,821.75 24,893.25 24,752.00 24,858.50   36.50        0.15  42,678.00
3030  2026-03-06 23:00:00  NAS100 24,859.00 24,899.50 24,790.00 24,844.25  -14.25       -0.06  30,852.00
3031  2026-03-06 23:30:00  NAS100 24,845.00 24,915.00 24,796.00 24,880.75   36.50        0.15  30,355.00
3032  2026-03-07 00:00:00  NAS100 24,881.00 24,926.25 24,793.00 24,813.25  -67.50       -0.27  23,956.00
3033  2026-03-07 00:30:00  NAS100 24,812.50 24,826.00 24,744.25 24,784.25  -29.00       -0.12  22,952.00
3034  2026-03-07 01:00:00  NAS100 24,783.75 24,898.50 24,779.00 24,830.50   46.25        0.19  26,566.00
3035  2026-03-07 01:30:00  NAS100 24,830.25 24,861.50 24,790.75 24,800.50  -30.00       -0.12  19,836.00
3036  2026-03-07 02:00:00  NAS100 24,801.00 24,854.00 24,783.25 24,820.00   19.50        0.08  19,587.00
3037  2026-03-07 02:30:00  NAS100 24,818.50 24,840.75 24,773.50 24,808.25  -11.75       -0.05  16,953.00
3038  2026-03-07 03:00:00  NAS100 24,808.00 24,853.25 24,643.50 24,654.00 -154.25       -0.62  30,494.00
3039  2026-03-07 03:30:00  NAS100 24,652.75 24,708.00 24,601.00 24,667.75   13.75        0.06  44,424.00
3040  2026-03-07 04:00:00  NAS100 24,667.75 24,677.75 24,618.00 24,632.50  -35.25       -0.14  15,194.00
3041  2026-03-07 04:30:00  NAS100 24,632.75 24,682.25 24,631.25 24,661.25   28.75        0.12   5,297.00
3042  2026-03-09 05:00:00  NAS100 24,435.25 24,473.00 24,223.00 24,293.50 -367.75       -1.49  18,371.00
3043  2026-03-09 05:30:00  NAS100 24,291.25 24,320.00 24,275.50 24,306.25   12.75        0.05   6,839.00
3044  2026-03-09 06:00:00  NAS100 24,304.50 24,326.25 24,259.50 24,276.50  -29.75       -0.12   4,808.00
3045  2026-03-09 06:30:00  NAS100 24,277.75 24,280.25 24,168.25 24,215.25  -61.25       -0.25   8,672.00
3046  2026-03-09 07:00:00  NAS100 24,215.50 24,238.75 24,122.25 24,164.00  -51.25       -0.21  10,442.00
3047  2026-03-09 07:30:00  NAS100 24,164.00 24,206.50 24,092.00 24,117.75  -46.25       -0.19   7,240.00
3048  2026-03-09 08:00:00  NAS100 24,118.50 24,137.75 24,062.50 24,070.75  -47.00       -0.19   7,467.00
3049  2026-03-09 08:30:00  NAS100 24,071.75 24,118.00 24,004.50 24,007.50  -63.25       -0.26   9,122.00
3050  2026-03-09 09:00:00  NAS100 24,009.50 24,066.25 24,000.00 24,047.75   40.25        0.17   9,172.00
3051  2026-03-09 09:30:00  NAS100 24,048.50 24,103.00 24,027.50 24,084.00   36.25        0.15   6,394.00
3052  2026-03-09 10:00:00  NAS100 24,085.00 24,130.00 24,081.50 24,099.50   15.50        0.06   4,837.00
3053  2026-03-09 10:30:00  NAS100 24,100.00 24,132.00 24,077.00 24,093.50   -6.00       -0.02   4,562.00
3054  2026-03-09 11:00:00  NAS100 24,095.00 24,133.75 24,092.50 24,131.50   38.00        0.16   3,381.00
3055  2026-03-09 11:30:00  NAS100 24,130.50 24,134.25 24,098.75 24,101.00  -30.50       -0.13   2,008.00
3056  2026-03-09 12:00:00  NAS100 24,102.00 24,204.75 24,086.25 24,203.00  102.00        0.42   6,602.00
3057  2026-03-09 12:30:00  NAS100 24,204.50 24,258.50 24,162.00 24,258.50   55.50        0.23   6,695.00
3058  2026-03-09 13:00:00  NAS100 24,258.50 24,315.75 24,230.75 24,294.75   36.25        0.15   7,287.00
3059  2026-03-09 13:30:00  NAS100 24,295.00 24,307.25 24,226.75 24,245.25  -49.50       -0.20   5,573.00
3060  2026-03-09 14:00:00  NAS100 24,247.75 24,315.25 24,210.00 24,298.75   53.50        0.22   7,293.00
3061  2026-03-09 14:30:00  NAS100 24,299.50 24,303.50 24,258.75 24,277.00  -21.75       -0.09   5,715.00
3062  2026-03-09 15:00:00  NAS100 24,278.00 24,315.75 24,233.25 24,276.75   -0.25       -0.00  11,220.00
3063  2026-03-09 15:30:00  NAS100 24,276.50 24,337.25 24,268.00 24,312.50   35.75        0.15   7,326.00
3064  2026-03-09 16:00:00  NAS100 24,315.75 24,427.50 24,284.50 24,409.25   96.75        0.40   8,179.00
3065  2026-03-09 16:30:00  NAS100 24,408.75 24,495.75 24,380.25 24,419.75   10.50        0.04  11,745.00
3066  2026-03-09 17:00:00  NAS100 24,420.25 24,434.25 24,368.00 24,380.50  -39.25       -0.16   7,424.00
3067  2026-03-09 17:30:00  NAS100 24,379.00 24,417.00 24,340.00 24,370.75   -9.75       -0.04   7,403.00
3068  2026-03-09 18:00:00  NAS100 24,372.00 24,413.25 24,348.00 24,361.25   -9.50       -0.04   6,126.00
3069  2026-03-09 18:30:00  NAS100 24,361.00 24,423.50 24,355.75 24,384.75   23.50        0.10   6,556.00
3070  2026-03-09 19:00:00  NAS100 24,384.50 24,459.25 24,378.75 24,451.75   67.00        0.27   6,980.00
3071  2026-03-09 19:30:00  NAS100 24,451.75 24,457.25 24,350.00 24,379.75  -72.00       -0.29   8,864.00
3072  2026-03-09 20:00:00  NAS100 24,380.75 24,445.75 24,375.50 24,432.75   53.00        0.22  13,843.00
3073  2026-03-09 20:30:00  NAS100 24,432.25 24,525.25 24,313.00 24,370.75  -62.00       -0.25  62,671.00
3074  2026-03-09 21:00:00  NAS100 24,370.75 24,479.75 24,320.00 24,401.50   30.75        0.13  48,556.00
3075  2026-03-09 21:30:00  NAS100 24,401.00 24,585.50 24,398.25 24,549.00  147.50        0.60  39,978.00
3076  2026-03-09 22:00:00  NAS100 24,549.50 24,650.00 24,549.50 24,642.75   93.75        0.38  28,642.00
3077  2026-03-09 22:30:00  NAS100 24,643.25 24,659.25 24,590.25 24,642.50   -0.25       -0.00  22,973.00
3078  2026-03-09 23:00:00  NAS100 24,642.75 24,727.75 24,631.25 24,691.50   49.00        0.20  24,329.00
3079  2026-03-09 23:30:00  NAS100 24,690.75 24,749.25 24,653.75 24,709.25   17.75        0.07  21,871.00
3080  2026-03-10 00:00:00  NAS100 24,709.75 24,712.25 24,606.00 24,613.50  -95.75       -0.39  21,256.00
3081  2026-03-10 00:30:00  NAS100 24,612.50 24,630.25 24,575.75 24,611.00   -2.50       -0.01  18,550.00
3082  2026-03-10 01:00:00  NAS100 24,611.25 24,683.25 24,609.00 24,650.25   39.25        0.16  18,922.00
3083  2026-03-10 01:30:00  NAS100 24,650.00 24,708.25 24,647.50 24,655.50    5.25        0.02  17,157.00
3084  2026-03-10 02:00:00  NAS100 24,655.50 24,959.75 24,640.00 24,952.50  297.00        1.20  42,055.00
3085  2026-03-10 02:30:00  NAS100 24,952.00 25,058.00 24,894.75 24,992.25   39.75        0.16  67,187.00
3086  2026-03-10 03:00:00  NAS100 24,992.25 25,025.75 24,907.50 24,963.75  -28.50       -0.11  17,482.00
3087  2026-03-10 03:30:00  NAS100 24,962.00 24,978.00 24,937.00 24,958.00   -5.75       -0.02   6,769.00
3088  2026-03-10 05:00:00  NAS100 24,981.50 24,981.50 24,870.00 24,932.75  -25.25       -0.10   7,926.00
3089  2026-03-10 05:30:00  NAS100 24,934.00 24,936.25 24,888.00 24,908.75  -24.00       -0.10   3,238.00
3090  2026-03-10 06:00:00  NAS100 24,908.25 24,933.50 24,889.75 24,917.50    8.75        0.04   2,501.00
3091  2026-03-10 06:30:00  NAS100 24,915.75 24,918.75 24,858.00 24,883.25  -34.25       -0.14   3,076.00
3092  2026-03-10 07:00:00  NAS100 24,881.00 24,919.75 24,830.00 24,918.00   34.75        0.14   4,924.00
3093  2026-03-10 07:30:00  NAS100 24,917.25 24,970.00 24,893.50 24,936.00   18.00        0.07   3,987.00
3094  2026-03-10 08:00:00  NAS100 24,935.00 24,977.25 24,925.25 24,954.50   18.50        0.07   3,625.00
3095  2026-03-10 08:30:00  NAS100 24,954.75 24,998.00 24,935.00 24,988.00   33.50        0.13   2,791.00
3096  2026-03-10 09:00:00  NAS100 24,987.00 24,999.00 24,967.25 24,974.75  -13.25       -0.05   1,818.00
3097  2026-03-10 09:30:00  NAS100 24,973.00 24,975.25 24,907.00 24,927.00  -47.75       -0.19   3,533.00
3098  2026-03-10 10:00:00  NAS100 24,926.75 24,963.00 24,909.50 24,922.75   -4.25       -0.02   2,530.00
3099  2026-03-10 10:30:00  NAS100 24,922.75 24,924.75 24,854.75 24,886.25  -36.50       -0.15   3,490.00
3100  2026-03-10 11:00:00  NAS100 24,889.50 24,906.50 24,863.25 24,886.75    0.50        0.00   1,903.00
3101  2026-03-10 11:30:00  NAS100 24,888.75 24,919.75 24,879.25 24,903.75   17.00        0.07   1,726.00
3102  2026-03-10 12:00:00  NAS100 24,905.00 24,957.50 24,903.75 24,934.00   30.25        0.12   2,034.00
3103  2026-03-10 12:30:00  NAS100 24,935.25 24,963.00 24,920.25 24,955.50   21.50        0.09   1,608.00
3104  2026-03-10 13:00:00  NAS100 24,957.50 24,967.50 24,941.00 24,965.25    9.75        0.04   1,389.00
3105  2026-03-10 13:30:00  NAS100 24,964.00 24,986.25 24,943.25 24,954.50  -10.75       -0.04   2,392.00
3106  2026-03-10 14:00:00  NAS100 24,953.00 25,065.75 24,939.00 25,060.00  105.50        0.42   5,854.00
3107  2026-03-10 14:30:00  NAS100 25,058.75 25,076.50 25,024.00 25,072.50   12.50        0.05   4,458.00
3108  2026-03-10 15:00:00  NAS100 25,073.00 25,150.50 25,063.50 25,123.75   51.25        0.20   8,901.00
3109  2026-03-10 15:30:00  NAS100 25,123.50 25,146.00 25,078.25 25,087.75  -36.00       -0.14   5,095.00
3110  2026-03-10 16:00:00  NAS100 25,088.00 25,134.00 25,080.75 25,107.00   19.25        0.08   3,348.00
3111  2026-03-10 16:30:00  NAS100 25,107.75 25,128.00 25,085.00 25,089.50  -17.50       -0.07   3,439.00
3112  2026-03-10 17:00:00  NAS100 25,090.50 25,095.75 25,045.00 25,078.50  -11.00       -0.04   4,610.00
3113  2026-03-10 17:30:00  NAS100 25,079.50 25,092.00 25,020.25 25,066.00  -12.50       -0.05   4,608.00
3114  2026-03-10 18:00:00  NAS100 25,065.25 25,109.00 24,994.75 25,023.50  -42.50       -0.17   7,622.00
3115  2026-03-10 18:30:00  NAS100 25,024.00 25,027.00 24,958.75 24,972.00  -51.50       -0.21   5,311.00
3116  2026-03-10 19:00:00  NAS100 24,972.75 24,975.50 24,900.50 24,919.00  -53.00       -0.21   8,708.00
3117  2026-03-10 19:30:00  NAS100 24,919.25 24,999.50 24,892.00 24,968.50   49.50        0.20   8,542.00
3118  2026-03-10 20:00:00  NAS100 24,970.25 25,008.25 24,958.75 24,990.75   22.25        0.09   9,024.00
3119  2026-03-10 20:30:00  NAS100 24,991.00 25,081.75 24,947.25 24,962.25  -28.50       -0.11  54,498.00
3120  2026-03-10 21:00:00  NAS100 24,964.75 25,024.75 24,892.25 25,003.50   41.25        0.17  44,541.00
3121  2026-03-10 21:30:00  NAS100 25,003.75 25,152.75 25,001.75 25,151.25  147.75        0.59  32,243.00
3122  2026-03-10 22:00:00  NAS100 25,151.25 25,182.00 25,117.75 25,143.25   -8.00       -0.03  28,222.00
3123  2026-03-10 22:30:00  NAS100 25,143.50 25,172.25 25,109.75 25,148.75    5.50        0.02  22,389.00
3124  2026-03-10 23:00:00  NAS100 25,149.50 25,163.25 25,080.25 25,131.75  -17.00       -0.07  22,435.00
3125  2026-03-10 23:30:00  NAS100 25,131.75 25,169.25 25,117.75 25,156.25   24.50        0.10  18,232.00
3126  2026-03-11 00:00:00  NAS100 25,155.75 25,217.50 25,145.75 25,212.75   56.50        0.22  25,013.00
3127  2026-03-11 00:30:00  NAS100 25,212.00 25,212.00 25,102.25 25,170.25  -42.50       -0.17  26,912.00
3128  2026-03-11 01:00:00  NAS100 25,169.75 25,181.00 24,987.75 25,068.00 -102.25       -0.41  43,995.00
3129  2026-03-11 01:30:00  NAS100 25,067.00 25,107.00 25,024.50 25,030.00  -38.00       -0.15  23,794.00
3130  2026-03-11 02:00:00  NAS100 25,030.25 25,072.50 24,985.50 24,987.75  -42.25       -0.17  26,114.00
3131  2026-03-11 02:30:00  NAS100 24,988.75 25,034.00 24,940.25 24,986.50   -1.25       -0.01  36,407.00
3132  2026-03-11 03:00:00  NAS100 24,986.50 25,039.00 24,985.00 25,023.50   37.00        0.15   9,917.00
3133  2026-03-11 03:30:00  NAS100 25,024.75 25,029.00 24,993.00 25,010.50  -13.00       -0.05   3,665.00
3134  2026-03-11 05:00:00  NAS100 25,010.25 25,018.50 24,967.50 24,971.25  -39.25       -0.16   3,205.00
3135  2026-03-11 05:30:00  NAS100 24,971.75 24,977.75 24,951.50 24,970.25   -1.00       -0.00   1,628.00
3136  2026-03-11 06:00:00  NAS100 24,969.75 24,994.00 24,963.75 24,985.25   15.00        0.06   1,612.00
3137  2026-03-11 06:30:00  NAS100 24,985.75 25,025.50 24,975.00 25,016.00   30.75        0.12   2,388.00
3138  2026-03-11 07:00:00  NAS100 25,019.50 25,086.00 25,009.75 25,069.25   53.25        0.21   4,544.00
3139  2026-03-11 07:30:00  NAS100 25,068.75 25,076.75 25,052.00 25,062.00   -7.25       -0.03   1,621.00
3140  2026-03-11 08:00:00  NAS100 25,063.50 25,082.50 25,051.00 25,076.25   14.25        0.06   1,748.00
3141  2026-03-11 08:30:00  NAS100 25,074.00 25,098.00 25,072.50 25,091.00   14.75        0.06   2,003.00
3142  2026-03-11 09:00:00  NAS100 25,091.50 25,102.75 25,075.25 25,088.25   -2.75       -0.01   1,630.00
3143  2026-03-11 09:30:00  NAS100 25,087.25 25,099.25 25,074.00 25,094.25    6.00        0.02   1,350.00
3144  2026-03-11 10:00:00  NAS100 25,094.00 25,100.25 25,086.25 25,093.00   -1.25       -0.00     774.00
3145  2026-03-11 10:30:00  NAS100 25,092.75 25,125.00 25,092.75 25,118.50   25.50        0.10   1,682.00
3146  2026-03-11 11:00:00  NAS100 25,118.50 25,121.25 25,110.75 25,117.25   -1.25       -0.00     745.00
3147  2026-03-11 11:30:00  NAS100 25,117.50 25,118.00 25,086.50 25,090.75  -26.50       -0.11   1,245.00
3148  2026-03-11 12:00:00  NAS100 25,092.00 25,095.50 25,056.25 25,064.75  -26.00       -0.10   1,643.00
3149  2026-03-11 12:30:00  NAS100 25,064.00 25,065.00 25,025.75 25,030.50  -34.25       -0.14   1,896.00
3150  2026-03-11 13:00:00  NAS100 25,029.25 25,041.50 25,007.00 25,020.50  -10.00       -0.04   2,502.00
3151  2026-03-11 13:30:00  NAS100 25,020.00 25,053.25 25,020.00 25,041.00   20.50        0.08   1,911.00
3152  2026-03-11 14:00:00  NAS100 25,041.25 25,047.25 24,997.75 25,002.00  -39.00       -0.16   2,789.00
3153  2026-03-11 14:30:00  NAS100 25,003.75 25,008.75 24,945.00 25,005.50    3.50        0.01   5,377.00
3154  2026-03-11 15:00:00  NAS100 25,006.00 25,033.50 24,997.50 25,011.25    5.75        0.02   4,188.00
3155  2026-03-11 15:30:00  NAS100 25,013.50 25,037.50 24,934.00 24,967.50  -43.75       -0.17   5,141.00
3156  2026-03-11 16:00:00  NAS100 24,968.25 24,970.75 24,920.00 24,923.00  -44.50       -0.18   3,991.00
3157  2026-03-11 16:30:00  NAS100 24,923.50 24,948.00 24,899.50 24,903.25  -19.75       -0.08   3,563.00
3158  2026-03-11 17:00:00  NAS100 24,902.00 24,985.75 24,895.75 24,977.00   73.75        0.30   3,931.00
3159  2026-03-11 17:30:00  NAS100 24,978.50 25,025.00 24,971.25 25,017.50   40.50        0.16   3,831.00
3160  2026-03-11 18:00:00  NAS100 25,017.00 25,043.50 24,971.00 24,977.50  -40.00       -0.16   4,284.00
3161  2026-03-11 18:30:00  NAS100 24,977.25 24,999.75 24,928.25 24,947.50  -30.00       -0.12   7,560.00
3162  2026-03-11 19:00:00  NAS100 24,947.25 25,000.00 24,938.50 25,000.00   52.50        0.21   4,099.00
3163  2026-03-11 19:30:00  NAS100 24,991.00 25,058.00 24,909.25 24,945.25  -54.75       -0.22   9,793.00
3164  2026-03-11 20:00:00  NAS100 24,946.25 25,035.25 24,943.50 25,034.50   89.25        0.36  10,128.00
3165  2026-03-11 20:30:00  NAS100 25,034.75 25,115.50 25,015.25 25,101.25   66.75        0.27  49,191.00
3166  2026-03-11 21:00:00  NAS100 25,101.50 25,180.00 24,978.75 25,027.75  -73.50       -0.29  50,444.00
3167  2026-03-11 21:30:00  NAS100 25,027.75 25,080.00 24,958.25 25,065.00   37.25        0.15  27,460.00
3168  2026-03-11 22:00:00  NAS100 25,065.75 25,090.00 24,933.00 24,935.25 -129.75       -0.52  35,033.00
3169  2026-03-11 22:30:00  NAS100 24,934.50 24,963.25 24,888.00 24,934.75   -0.50       -0.00  32,345.00
3170  2026-03-11 23:00:00  NAS100 24,934.25 24,953.00 24,897.75 24,952.50   17.75        0.07  21,381.00
3171  2026-03-11 23:30:00  NAS100 24,951.00 25,012.50 24,949.25 25,007.25   54.75        0.22  19,457.00
3172  2026-03-12 00:00:00  NAS100 25,006.50 25,026.50 24,970.50 25,007.50    0.25        0.00  15,603.00
3173  2026-03-12 00:30:00  NAS100 25,007.50 25,016.75 24,873.50 24,951.00  -56.50       -0.23  29,722.00
3174  2026-03-12 01:00:00  NAS100 24,951.50 24,961.75 24,888.75 24,947.00   -4.00       -0.02  18,816.00
3175  2026-03-12 01:30:00  NAS100 24,948.25 24,977.00 24,930.00 24,957.50   10.50        0.04  17,475.00
3176  2026-03-12 02:00:00  NAS100 24,958.00 24,965.75 24,913.50 24,934.75  -22.75       -0.09  14,917.00
3177  2026-03-12 02:30:00  NAS100 24,935.00 25,006.75 24,928.50 24,984.00   49.25        0.20  22,112.00
3178  2026-03-12 03:00:00  NAS100 24,984.00 24,990.75 24,947.50 24,965.50  -18.50       -0.07   9,036.00
3179  2026-03-12 03:30:00  NAS100 24,964.25 24,969.00 24,940.00 24,945.50  -20.00       -0.08   2,186.00
3180  2026-03-12 05:00:00  NAS100 24,934.50 24,949.25 24,842.00 24,858.50  -87.00       -0.35   5,848.00
3181  2026-03-12 05:30:00  NAS100 24,862.50 24,870.50 24,816.50 24,849.50   -9.00       -0.04   5,184.00
3182  2026-03-12 06:00:00  NAS100 24,848.25 24,853.75 24,787.25 24,804.50  -45.00       -0.18   4,703.00
3183  2026-03-12 06:30:00  NAS100 24,803.75 24,804.50 24,733.25 24,787.75  -16.75       -0.07   8,173.00
3184  2026-03-12 07:00:00  NAS100 24,788.00 24,791.00 24,740.00 24,769.25  -18.50       -0.07   5,085.00
3185  2026-03-12 07:30:00  NAS100 24,768.50 24,805.00 24,765.25 24,791.25   22.00        0.09   3,011.00
3186  2026-03-12 08:00:00  NAS100 24,790.75 24,819.75 24,770.00 24,819.50   28.25        0.11   3,305.00
3187  2026-03-12 08:30:00  NAS100 24,819.25 24,842.25 24,772.00 24,789.50  -30.00       -0.12   3,460.00
3188  2026-03-12 09:00:00  NAS100 24,790.50 24,796.00 24,749.25 24,754.50  -35.00       -0.14   2,601.00
3189  2026-03-12 09:30:00  NAS100 24,753.75 24,760.00 24,704.25 24,731.00  -23.50       -0.09   4,350.00
3190  2026-03-12 10:00:00  NAS100 24,729.75 24,758.50 24,721.00 24,721.50   -9.50       -0.04   2,181.00
3191  2026-03-12 10:30:00  NAS100 24,723.25 24,730.50 24,695.50 24,729.50    8.00        0.03   2,688.00
3192  2026-03-12 11:00:00  NAS100 24,728.75 24,752.00 24,723.25 24,745.50   16.00        0.06   1,873.00
3193  2026-03-12 11:30:00  NAS100 24,744.00 24,746.25 24,709.50 24,718.50  -27.00       -0.11   1,540.00
3194  2026-03-12 12:00:00  NAS100 24,718.25 24,777.75 24,717.75 24,752.75   34.25        0.14   2,998.00
3195  2026-03-12 12:30:00  NAS100 24,752.75 24,777.50 24,732.50 24,771.00   18.25        0.07   2,493.00
3196  2026-03-12 13:00:00  NAS100 24,769.75 24,787.25 24,746.50 24,784.50   13.50        0.05   2,914.00
3197  2026-03-12 13:30:00  NAS100 24,788.00 24,814.50 24,780.00 24,809.50   25.00        0.10   2,049.00
3198  2026-03-12 14:00:00  NAS100 24,809.75 24,839.00 24,807.75 24,835.00   25.50        0.10   2,723.00
3199  2026-03-12 14:30:00  NAS100 24,834.25 24,872.00 24,809.00 24,871.75   36.75        0.15   3,373.00
3200  2026-03-12 15:00:00  NAS100 24,872.00 24,902.50 24,856.25 24,856.75  -15.00       -0.06   5,450.00
3201  2026-03-12 15:30:00  NAS100 24,856.50 24,890.00 24,836.75 24,878.00   21.25        0.09   3,397.00
3202  2026-03-12 16:00:00  NAS100 24,879.25 24,883.75 24,813.00 24,852.25  -25.75       -0.10   3,408.00
3203  2026-03-12 16:30:00  NAS100 24,852.25 24,921.50 24,851.00 24,917.00   64.75        0.26   4,528.00
3204  2026-03-12 17:00:00  NAS100 24,917.75 24,927.00 24,882.00 24,889.50  -27.50       -0.11   2,997.00
3205  2026-03-12 17:30:00  NAS100 24,890.25 24,926.50 24,875.25 24,884.75   -4.75       -0.02   3,080.00
3206  2026-03-12 18:00:00  NAS100 24,883.00 24,890.00 24,847.50 24,875.50   -9.25       -0.04   3,913.00
3207  2026-03-12 18:30:00  NAS100 24,877.25 24,928.00 24,852.50 24,857.00  -18.50       -0.07   4,993.00
3208  2026-03-12 19:00:00  NAS100 24,858.25 24,862.75 24,810.25 24,843.25  -13.75       -0.06   5,935.00
3209  2026-03-12 19:30:00  NAS100 24,843.25 24,843.25 24,801.25 24,834.25   -9.00       -0.04   5,137.00
3210  2026-03-12 20:00:00  NAS100 24,834.50 24,852.75 24,750.50 24,775.75  -58.50       -0.24  13,771.00
3211  2026-03-12 20:30:00  NAS100 24,775.75 24,834.50 24,630.50 24,657.75 -118.00       -0.48  60,125.00
3212  2026-03-12 21:00:00  NAS100 24,658.75 24,747.50 24,616.75 24,617.50  -40.25       -0.16  41,005.00
3213  2026-03-12 21:30:00  NAS100 24,617.25 24,720.00 24,572.50 24,619.75    2.25        0.01  46,422.00
3214  2026-03-12 22:00:00  NAS100 24,620.50 24,639.75 24,561.00 24,619.75    0.00        0.00  28,936.00
3215  2026-03-12 22:30:00  NAS100 24,619.50 24,709.75 24,579.00 24,665.50   45.75        0.19  36,552.00
3216  2026-03-12 23:00:00  NAS100 24,666.00 24,735.25 24,587.75 24,640.75  -24.75       -0.10  37,824.00
3217  2026-03-12 23:30:00  NAS100 24,639.75 24,716.00 24,624.00 24,662.25   21.50        0.09  24,113.00
3218  2026-03-13 00:00:00  NAS100 24,661.50 24,724.00 24,630.50 24,651.25  -11.00       -0.04  19,697.00
3219  2026-03-13 00:30:00  NAS100 24,651.00 24,692.50 24,585.25 24,625.50  -25.75       -0.10  18,983.00
3220  2026-03-13 01:00:00  NAS100 24,625.25 24,671.50 24,612.25 24,636.25   10.75        0.04  16,205.00
3221  2026-03-13 01:30:00  NAS100 24,637.25 24,646.50 24,595.25 24,599.75  -36.50       -0.15  14,964.00
3222  2026-03-13 02:00:00  NAS100 24,599.50 24,630.25 24,570.00 24,615.75   16.00        0.07  19,415.00
3223  2026-03-13 02:30:00  NAS100 24,615.50 24,643.00 24,542.75 24,555.25  -60.50       -0.25  34,273.00
3224  2026-03-13 03:00:00  NAS100 24,555.25 24,574.00 24,517.75 24,550.25   -5.00       -0.02  13,877.00
3225  2026-03-13 03:30:00  NAS100 24,549.50 24,577.50 24,546.00 24,568.50   18.25        0.07   3,157.00
3226  2026-03-13 05:00:00  NAS100 24,567.00 24,586.75 24,540.00 24,581.25   12.75        0.05   4,441.00
3227  2026-03-13 05:30:00  NAS100 24,580.50 24,601.75 24,570.50 24,586.75    5.50        0.02   3,060.00
3228  2026-03-13 06:00:00  NAS100 24,587.00 24,614.00 24,562.25 24,575.25  -11.50       -0.05   2,512.00
3229  2026-03-13 06:30:00  NAS100 24,576.25 24,586.75 24,526.50 24,528.00  -47.25       -0.19   3,000.00
3230  2026-03-13 07:00:00  NAS100 24,529.00 24,639.25 24,491.25 24,619.00   91.00        0.37   7,401.00
3231  2026-03-13 07:30:00  NAS100 24,619.25 24,643.00 24,605.25 24,624.00    5.00        0.02   3,130.00
3232  2026-03-13 08:00:00  NAS100 24,624.50 24,662.25 24,624.50 24,645.50   21.50        0.09   3,491.00
3233  2026-03-13 08:30:00  NAS100 24,645.50 24,653.50 24,618.25 24,629.50  -16.00       -0.06   2,106.00
3234  2026-03-13 09:00:00  NAS100 24,629.25 24,651.50 24,615.00 24,619.50  -10.00       -0.04   1,992.00
3235  2026-03-13 09:30:00  NAS100 24,620.00 24,640.00 24,599.25 24,603.75  -15.75       -0.06   2,359.00
3236  2026-03-13 10:00:00  NAS100 24,605.00 24,620.50 24,581.75 24,600.75   -3.00       -0.01   2,431.00
3237  2026-03-13 10:30:00  NAS100 24,599.25 24,629.00 24,584.00 24,625.00   24.25        0.10   1,755.00
3238  2026-03-13 11:00:00  NAS100 24,625.00 24,628.25 24,579.50 24,584.25  -40.75       -0.17   1,854.00
3239  2026-03-13 11:30:00  NAS100 24,584.25 24,588.25 24,562.75 24,576.50   -7.75       -0.03   1,762.00
3240  2026-03-13 12:00:00  NAS100 24,576.50 24,585.50 24,553.50 24,581.25    4.75        0.02   1,814.00
3241  2026-03-13 12:30:00  NAS100 24,581.50 24,599.50 24,568.00 24,585.75    4.50        0.02   1,649.00
3242  2026-03-13 13:00:00  NAS100 24,584.00 24,596.00 24,539.00 24,548.00  -37.75       -0.15   2,050.00
3243  2026-03-13 13:30:00  NAS100 24,550.00 24,560.50 24,476.50 24,479.75  -68.25       -0.28   4,480.00
3244  2026-03-13 14:00:00  NAS100 24,479.25 24,488.00 24,410.50 24,458.25  -21.50       -0.09   6,408.00
3245  2026-03-13 14:30:00  NAS100 24,457.25 24,475.50 24,423.25 24,447.50  -10.75       -0.04   3,822.00
3246  2026-03-13 15:00:00  NAS100 24,448.75 24,459.25 24,397.00 24,415.75  -31.75       -0.13   6,747.00
3247  2026-03-13 15:30:00  NAS100 24,415.00 24,524.25 24,414.25 24,512.50   96.75        0.40   5,078.00
3248  2026-03-13 16:00:00  NAS100 24,513.75 24,574.25 24,512.75 24,528.00   15.50        0.06   6,739.00
3249  2026-03-13 16:30:00  NAS100 24,528.25 24,553.00 24,508.50 24,532.00    4.00        0.02   3,422.00
3250  2026-03-13 17:00:00  NAS100 24,531.75 24,613.50 24,525.25 24,585.50   53.50        0.22   4,687.00
3251  2026-03-13 17:30:00  NAS100 24,585.50 24,623.00 24,568.75 24,619.00   33.50        0.14   4,714.00
3252  2026-03-13 18:00:00  NAS100 24,617.50 24,653.00 24,602.00 24,630.50   11.50        0.05   7,583.00
3253  2026-03-13 18:30:00  NAS100 24,628.25 24,665.25 24,620.75 24,662.75   32.25        0.13   5,274.00
3254  2026-03-13 19:00:00  NAS100 24,663.75 24,676.50 24,630.50 24,653.00   -9.75       -0.04   5,367.00
3255  2026-03-13 19:30:00  NAS100 24,650.50 24,738.00 24,634.00 24,681.00   28.00        0.11  11,301.00
3256  2026-03-13 20:00:00  NAS100 24,680.50 24,691.00 24,637.75 24,645.50  -35.50       -0.14   9,832.00
3257  2026-03-13 20:30:00  NAS100 24,645.50 24,805.25 24,611.00 24,726.00   80.50        0.33  58,004.00
3258  2026-03-13 21:00:00  NAS100 24,728.50 24,765.00 24,634.00 24,674.25  -51.75       -0.21  41,319.00
3259  2026-03-13 21:30:00  NAS100 24,674.75 24,728.25 24,482.00 24,489.75 -184.50       -0.75  47,431.00
3260  2026-03-13 22:00:00  NAS100 24,490.50 24,569.25 24,461.75 24,469.75  -20.00       -0.08  35,187.00
3261  2026-03-13 22:30:00  NAS100 24,469.00 24,496.00 24,391.75 24,408.75  -61.00       -0.25  38,229.00
3262  2026-03-13 23:00:00  NAS100 24,408.75 24,475.00 24,406.75 24,444.25   35.50        0.15  24,018.00
3263  2026-03-13 23:30:00  NAS100 24,443.50 24,488.50 24,382.00 24,397.25  -47.00       -0.19  24,964.00
3264  2026-03-14 00:00:00  NAS100 24,396.00 24,473.75 24,390.75 24,450.25   53.00        0.22  20,780.00
3265  2026-03-14 00:30:00  NAS100 24,448.75 24,456.25 24,353.00 24,374.25  -76.00       -0.31  20,523.00
3266  2026-03-14 01:00:00  NAS100 24,374.75 24,415.75 24,367.25 24,411.50   37.25        0.15  17,485.00
3267  2026-03-14 01:30:00  NAS100 24,411.50 24,472.50 24,398.50 24,448.50   37.00        0.15  17,387.00
3268  2026-03-14 02:00:00  NAS100 24,448.25 24,449.50 24,367.75 24,376.75  -71.75       -0.29  17,805.00
3269  2026-03-14 02:30:00  NAS100 24,376.50 24,404.00 24,350.50 24,398.00   21.25        0.09  28,672.00
3270  2026-03-14 03:00:00  NAS100 24,397.75 24,400.25 24,360.25 24,368.75  -29.25       -0.12  11,137.00
3271  2026-03-14 03:30:00  NAS100 24,369.50 24,383.75 24,333.75 24,335.25  -33.50       -0.14   4,079.00
3272  2026-03-16 05:00:00  NAS100 24,285.00 24,405.00 24,278.00 24,338.75    3.50        0.01   4,898.00
3273  2026-03-16 05:30:00  NAS100 24,340.00 24,475.50 24,323.75 24,464.75  126.00        0.52   3,214.00
3274  2026-03-16 06:00:00  NAS100 24,468.75 24,496.75 24,426.00 24,434.25  -30.50       -0.12   3,292.00
3275  2026-03-16 06:30:00  NAS100 24,433.25 24,460.50 24,408.50 24,439.50    5.25        0.02   1,987.00
3276  2026-03-16 07:00:00  NAS100 24,439.00 24,525.50 24,437.25 24,491.00   51.50        0.21   4,098.00
3277  2026-03-16 07:30:00  NAS100 24,490.50 24,521.75 24,485.25 24,508.25   17.25        0.07   2,131.00
3278  2026-03-16 08:00:00  NAS100 24,511.50 24,523.50 24,490.00 24,494.25  -14.00       -0.06   2,158.00
3279  2026-03-16 08:30:00  NAS100 24,494.50 24,523.75 24,468.75 24,514.50   20.25        0.08   3,018.00
3280  2026-03-16 09:00:00  NAS100 24,516.00 24,518.50 24,480.00 24,487.25  -27.25       -0.11   1,582.00
3281  2026-03-16 09:30:00  NAS100 24,485.75 24,500.00 24,474.25 24,492.00    4.75        0.02   1,203.00
3282  2026-03-16 10:00:00  NAS100 24,490.50 24,509.75 24,488.25 24,509.25   17.25        0.07     522.00
3283  2026-03-16 10:30:00  NAS100 24,510.00 24,540.25 24,508.50 24,530.50   21.25        0.09   1,261.00
3284  2026-03-16 11:00:00  NAS100 24,531.25 24,550.00 24,527.50 24,533.00    2.50        0.01     936.00
3285  2026-03-16 11:30:00  NAS100 24,535.00 24,535.00 24,506.00 24,507.25  -25.75       -0.10   1,074.00
3286  2026-03-16 12:00:00  NAS100 24,506.25 24,525.75 24,506.25 24,516.00    8.75        0.04     718.00
3287  2026-03-16 12:30:00  NAS100 24,515.25 24,561.25 24,509.25 24,560.00   44.00        0.18   1,491.00
3288  2026-03-16 13:00:00  NAS100 24,558.75 24,564.25 24,536.25 24,539.00  -21.00       -0.09     956.00
3289  2026-03-16 13:30:00  NAS100 24,539.25 24,566.00 24,539.00 24,563.25   24.25        0.10     955.00
3290  2026-03-16 14:00:00  NAS100 24,564.50 24,583.25 24,527.75 24,530.50  -32.75       -0.13   2,383.00
3291  2026-03-16 14:30:00  NAS100 24,532.25 24,541.00 24,503.75 24,513.75  -16.75       -0.07   1,822.00
3292  2026-03-16 15:00:00  NAS100 24,512.00 24,570.00 24,504.50 24,529.50   15.75        0.06   3,039.00
3293  2026-03-16 15:30:00  NAS100 24,528.75 24,542.00 24,497.50 24,525.25   -4.25       -0.02   2,208.00
3294  2026-03-16 16:00:00  NAS100 24,531.25 24,536.25 24,486.50 24,512.75  -12.50       -0.05   1,868.00
3295  2026-03-16 16:30:00  NAS100 24,512.00 24,515.75 24,478.00 24,494.00  -18.75       -0.08   1,718.00
3296  2026-03-16 17:00:00  NAS100 24,491.25 24,581.75 24,487.00 24,570.75   76.75        0.31   2,288.00
3297  2026-03-16 17:30:00  NAS100 24,573.00 24,614.00 24,554.50 24,604.25   33.50        0.14   3,386.00
3298  2026-03-16 18:00:00  NAS100 24,603.75 24,611.75 24,576.25 24,579.25  -25.00       -0.10   2,190.00
3299  2026-03-16 18:30:00  NAS100 24,580.25 24,636.00 24,577.00 24,626.00   46.75        0.19   3,350.00
3300  2026-03-16 19:00:00  NAS100 24,624.25 24,679.25 24,623.75 24,665.75   39.75        0.16   3,604.00
3301  2026-03-16 19:30:00  NAS100 24,668.25 24,688.75 24,647.00 24,658.00   -7.75       -0.03   4,705.00
3302  2026-03-16 20:00:00  NAS100 24,658.50 24,682.00 24,649.25 24,655.75   -2.25       -0.01   5,066.00
3303  2026-03-16 20:30:00  NAS100 24,655.75 24,741.00 24,623.00 24,736.75   81.00        0.33  28,823.00
3304  2026-03-16 21:00:00  NAS100 24,735.50 24,764.50 24,684.00 24,718.25  -18.50       -0.07  18,381.00
3305  2026-03-16 21:30:00  NAS100 24,717.50 24,721.50 24,610.75 24,693.75  -24.50       -0.10  20,336.00
3306  2026-03-16 22:00:00  NAS100 24,694.25 24,736.50 24,647.50 24,716.25   22.50        0.09  11,657.00
3307  2026-03-16 22:30:00  NAS100 24,715.75 24,739.00 24,668.75 24,675.00  -41.25       -0.17  10,407.00
3308  2026-03-16 23:00:00  NAS100 24,675.00 24,703.75 24,619.25 24,633.00  -42.00       -0.17  10,608.00
3309  2026-03-16 23:30:00  NAS100 24,632.75 24,697.75 24,617.50 24,673.75   40.75        0.17   9,603.00
3310  2026-03-17 00:00:00  NAS100 24,674.75 24,725.00 24,674.75 24,697.00   23.25        0.09   9,209.00
3311  2026-03-17 00:30:00  NAS100 24,697.00 24,712.00 24,652.75 24,681.25  -15.75       -0.06   6,748.00
3312  2026-03-17 01:00:00  NAS100 24,682.50 24,728.00 24,676.25 24,719.50   38.25        0.15   8,323.00
3313  2026-03-17 01:30:00  NAS100 24,719.25 24,734.75 24,701.75 24,704.00  -15.50       -0.06   5,631.00
3314  2026-03-17 02:00:00  NAS100 24,704.75 24,816.25 24,659.50 24,683.50  -20.50       -0.08  15,123.00
3315  2026-03-17 02:30:00  NAS100 24,683.25 24,693.00 24,637.25 24,670.25  -13.25       -0.05  14,095.00
3316  2026-03-17 03:00:00  NAS100 24,670.25 24,685.00 24,649.25 24,650.25  -20.00       -0.08   5,186.00
3317  2026-03-17 03:30:00  NAS100 24,650.50 24,665.25 24,643.50 24,654.75    4.50        0.02   2,090.00
3318  2026-03-17 05:00:00  NAS100 24,870.00 24,880.25 24,840.00 24,862.50  207.75        0.84   2,828.00
3319  2026-03-17 05:30:00  NAS100 24,865.00 24,866.25 24,833.75 24,839.75  -22.75       -0.09   1,347.00
3320  2026-03-17 06:00:00  NAS100 24,841.50 24,862.25 24,836.25 24,852.25   12.50        0.05   1,895.00
3321  2026-03-17 06:30:00  NAS100 24,853.50 24,882.00 24,848.75 24,881.75   29.50        0.12   1,492.00
3322  2026-03-17 07:00:00  NAS100 24,880.25 24,881.75 24,817.50 24,830.50  -51.25       -0.21   3,102.00
3323  2026-03-17 07:30:00  NAS100 24,832.75 24,862.25 24,805.00 24,813.00  -17.50       -0.07   2,496.00
3324  2026-03-17 08:00:00  NAS100 24,813.75 24,839.50 24,811.50 24,826.50   13.50        0.05   2,053.00
3325  2026-03-17 08:30:00  NAS100 24,826.25 24,848.00 24,810.25 24,835.00    8.50        0.03   2,320.00
3326  2026-03-17 09:00:00  NAS100 24,835.75 24,839.50 24,814.50 24,823.25  -11.75       -0.05   1,400.00
3327  2026-03-17 09:30:00  NAS100 24,822.25 24,832.50 24,786.75 24,791.75  -31.50       -0.13   1,994.00
3328  2026-03-17 10:00:00  NAS100 24,791.50 24,811.50 24,785.25 24,800.25    8.50        0.03   1,709.00
3329  2026-03-17 10:30:00  NAS100 24,801.00 24,805.50 24,780.50 24,790.75   -9.50       -0.04   1,744.00
3330  2026-03-17 11:00:00  NAS100 24,790.75 24,814.75 24,789.75 24,811.00   20.25        0.08     960.00
3331  2026-03-17 11:30:00  NAS100 24,812.75 24,847.75 24,811.00 24,835.50   24.50        0.10   1,525.00
3332  2026-03-17 12:00:00  NAS100 24,836.50 24,852.50 24,829.25 24,842.00    6.50        0.03   1,018.00
3333  2026-03-17 12:30:00  NAS100 24,843.25 24,846.75 24,752.50 24,755.50  -86.50       -0.35   2,694.00
3334  2026-03-17 13:00:00  NAS100 24,754.25 24,773.50 24,728.25 24,766.25   10.75        0.04   3,657.00
3335  2026-03-17 13:30:00  NAS100 24,764.00 24,774.00 24,742.00 24,754.50  -11.75       -0.05   1,511.00
3336  2026-03-17 14:00:00  NAS100 24,754.00 24,800.25 24,737.50 24,795.25   40.75        0.16   2,272.00
3337  2026-03-17 14:30:00  NAS100 24,793.50 24,816.00 24,764.00 24,772.25  -23.00       -0.09   2,285.00
3338  2026-03-17 15:00:00  NAS100 24,770.75 24,809.00 24,754.25 24,756.50  -15.75       -0.06   3,621.00
3339  2026-03-17 15:30:00  NAS100 24,758.75 24,798.75 24,739.75 24,769.75   13.25        0.05   3,023.00
3340  2026-03-17 16:00:00  NAS100 24,768.50 24,845.75 24,768.25 24,841.00   71.25        0.29   3,515.00
3341  2026-03-17 16:30:00  NAS100 24,840.00 24,850.00 24,822.00 24,844.25    3.25        0.01   2,263.00
3342  2026-03-17 17:00:00  NAS100 24,843.00 24,843.75 24,793.50 24,808.75  -35.50       -0.14   2,307.00
3343  2026-03-17 17:30:00  NAS100 24,808.00 24,835.00 24,802.50 24,834.25   25.50        0.10   1,628.00
3344  2026-03-17 18:00:00  NAS100 24,832.50 24,860.25 24,818.50 24,847.50   13.25        0.05   4,093.00
3345  2026-03-17 18:30:00  NAS100 24,844.50 24,858.50 24,812.50 24,814.75  -32.75       -0.13   3,417.00
3346  2026-03-17 19:00:00  NAS100 24,814.75 24,915.75 24,812.75 24,910.50   95.75        0.39   6,555.00
3347  2026-03-17 19:30:00  NAS100 24,908.75 24,940.25 24,908.75 24,932.75   22.25        0.09   6,374.00
3348  2026-03-17 20:00:00  NAS100 24,932.75 25,025.75 24,929.50 25,000.50   67.75        0.27  12,434.00
3349  2026-03-17 20:30:00  NAS100 25,000.75 25,117.00 24,964.00 25,093.00   92.50        0.37  43,427.00
3350  2026-03-17 21:00:00  NAS100 25,092.75 25,098.00 24,995.75 25,062.25  -30.75       -0.12  31,820.00
3351  2026-03-17 21:30:00  NAS100 25,062.25 25,092.00 25,036.50 25,075.75   13.50        0.05  21,453.00
3352  2026-03-17 22:00:00  NAS100 25,076.00 25,089.50 25,008.75 25,009.75  -66.00       -0.26  23,010.00
3353  2026-03-17 22:30:00  NAS100 25,009.00 25,032.25 24,951.25 24,991.00  -18.75       -0.07  26,552.00
3354  2026-03-17 23:00:00  NAS100 24,990.75 25,026.25 24,946.25 25,012.25   21.25        0.09  20,931.00
3355  2026-03-17 23:30:00  NAS100 25,012.25 25,026.25 24,988.25 24,995.50  -16.75       -0.07  12,306.00
3356  2026-03-18 00:00:00  NAS100 24,995.50 25,037.00 24,994.00 25,016.75   21.25        0.09  10,816.00
3357  2026-03-18 00:30:00  NAS100 25,015.75 25,044.25 24,994.50 25,034.50   17.75        0.07  12,110.00
3358  2026-03-18 01:00:00  NAS100 25,034.25 25,057.75 25,000.25 25,001.50  -33.00       -0.13  12,290.00
3359  2026-03-18 01:30:00  NAS100 25,001.75 25,017.75 24,989.75 25,003.25    1.75        0.01  10,996.00
3360  2026-03-18 02:00:00  NAS100 25,003.50 25,025.00 24,982.00 25,007.25    4.00        0.02  11,285.00
3361  2026-03-18 02:30:00  NAS100 25,006.50 25,027.75 24,994.75 25,010.25    3.00        0.01  17,914.00
3362  2026-03-18 03:00:00  NAS100 25,010.00 25,030.00 25,004.25 25,022.25   12.00        0.05   8,652.00
3363  2026-03-18 03:30:00  NAS100 25,022.25 25,028.50 25,019.50 25,027.50    5.25        0.02   1,803.00
3364  2026-03-18 05:00:00  NAS100 25,019.75 25,028.25 25,002.00 25,006.50  -21.00       -0.08   1,849.00
3365  2026-03-18 05:30:00  NAS100 25,007.25 25,011.50 24,990.75 25,006.75    0.25        0.00   1,699.00
3366  2026-03-18 06:00:00  NAS100 25,006.75 25,023.75 24,995.50 25,007.50    0.75        0.00   1,569.00
3367  2026-03-18 06:30:00  NAS100 25,006.50 25,017.75 24,997.75 25,003.50   -4.00       -0.02   1,329.00
3368  2026-03-18 07:00:00  NAS100 25,003.25 25,055.00 24,998.00 25,045.50   42.00        0.17   3,304.00
3369  2026-03-18 07:30:00  NAS100 25,046.00 25,083.00 25,038.75 25,078.50   33.00        0.13   2,383.00
3370  2026-03-18 08:00:00  NAS100 25,079.50 25,098.50 25,079.50 25,090.50   12.00        0.05   2,505.00
3371  2026-03-18 08:30:00  NAS100 25,090.50 25,097.00 25,080.75 25,096.50    6.00        0.02   1,680.00
3372  2026-03-18 09:00:00  NAS100 25,096.00 25,130.00 25,094.25 25,123.50   27.00        0.11   2,521.00
3373  2026-03-18 09:30:00  NAS100 25,124.50 25,130.00 25,112.50 25,118.50   -5.00       -0.02   1,556.00
3374  2026-03-18 10:00:00  NAS100 25,117.75 25,127.75 25,107.00 25,121.75    3.25        0.01   1,321.00
3375  2026-03-18 10:30:00  NAS100 25,121.50 25,144.25 25,116.50 25,137.00   15.25        0.06   1,649.00
3376  2026-03-18 11:00:00  NAS100 25,136.25 25,146.25 25,135.75 25,139.00    2.00        0.01   1,440.00
3377  2026-03-18 11:30:00  NAS100 25,139.00 25,148.50 25,130.50 25,139.50    0.50        0.00   1,158.00
3378  2026-03-18 12:00:00  NAS100 25,140.00 25,166.50 25,135.25 25,159.75   20.25        0.08   1,423.00
3379  2026-03-18 12:30:00  NAS100 25,159.75 25,170.50 25,158.75 25,168.50    8.75        0.03   1,274.00
3380  2026-03-18 13:00:00  NAS100 25,169.00 25,210.50 25,166.00 25,204.75   36.25        0.14   3,266.00
3381  2026-03-18 13:30:00  NAS100 25,204.25 25,206.75 25,178.25 25,181.75  -23.00       -0.09   2,252.00
3382  2026-03-18 14:00:00  NAS100 25,183.00 25,188.75 25,167.00 25,174.25   -7.50       -0.03   2,304.00
3383  2026-03-18 14:30:00  NAS100 25,174.75 25,181.25 25,158.50 25,161.75  -12.50       -0.05   2,027.00
3384  2026-03-18 15:00:00  NAS100 25,161.25 25,186.00 25,157.50 25,162.25    0.50        0.00   2,811.00
3385  2026-03-18 15:30:00  NAS100 25,161.75 25,183.50 25,153.50 25,171.75    9.50        0.04   2,410.00
3386  2026-03-18 16:00:00  NAS100 25,171.00 25,190.25 25,158.50 25,184.75   13.00        0.05   2,329.00
3387  2026-03-18 16:30:00  NAS100 25,186.50 25,190.50 25,167.25 25,169.50  -15.25       -0.06   1,789.00
3388  2026-03-18 17:00:00  NAS100 25,169.75 25,198.25 25,165.00 25,187.75   18.25        0.07   2,632.00
3389  2026-03-18 17:30:00  NAS100 25,187.75 25,196.75 25,158.50 25,161.50  -26.25       -0.10   2,075.00
3390  2026-03-18 18:00:00  NAS100 25,161.25 25,177.25 25,104.00 25,106.25  -55.25       -0.22   5,528.00
3391  2026-03-18 18:30:00  NAS100 25,106.25 25,149.75 25,097.50 25,113.00    6.75        0.03   5,932.00
3392  2026-03-18 19:00:00  NAS100 25,112.50 25,119.00 24,999.00 25,024.50  -88.50       -0.35  13,039.00
3393  2026-03-18 19:30:00  NAS100 25,026.25 25,026.25 24,869.75 24,881.25 -143.25       -0.57  23,403.00
3394  2026-03-18 20:00:00  NAS100 24,880.75 24,937.00 24,864.00 24,928.50   47.25        0.19  15,474.00
3395  2026-03-18 20:30:00  NAS100 24,928.25 24,998.25 24,904.25 24,971.75   43.25        0.17  42,757.00
3396  2026-03-18 21:00:00  NAS100 24,969.00 24,984.75 24,811.75 24,821.75 -150.00       -0.60  34,987.00
3397  2026-03-18 21:30:00  NAS100 24,822.50 24,883.25 24,817.50 24,882.25   60.50        0.24  23,968.00
3398  2026-03-18 22:00:00  NAS100 24,883.25 24,931.75 24,860.00 24,888.00    5.75        0.02  24,645.00
3399  2026-03-18 22:30:00  NAS100 24,888.00 24,916.75 24,875.75 24,899.25   11.25        0.05  16,871.00
3400  2026-03-18 23:00:00  NAS100 24,899.00 24,912.00 24,866.00 24,888.00  -11.25       -0.05  13,699.00
3401  2026-03-18 23:30:00  NAS100 24,887.50 24,895.25 24,830.75 24,845.00  -43.00       -0.17  14,752.00
3402  2026-03-19 00:00:00  NAS100 24,844.25 24,848.00 24,795.50 24,831.50  -13.50       -0.05  14,175.00
3403  2026-03-19 00:30:00  NAS100 24,831.75 24,884.75 24,811.75 24,880.00   48.50        0.20  12,318.00
3404  2026-03-19 01:00:00  NAS100 24,881.50 24,916.50 24,825.75 24,857.00  -23.00       -0.09  17,967.00
3405  2026-03-19 01:30:00  NAS100 24,855.50 24,864.00 24,741.25 24,743.75 -113.25       -0.46  27,136.00
3406  2026-03-19 02:00:00  NAS100 24,742.75 24,801.50 24,709.25 24,722.00  -21.75       -0.09  23,817.00
3407  2026-03-19 02:30:00  NAS100 24,720.75 24,742.25 24,641.75 24,651.50  -70.50       -0.29  38,477.00
3408  2026-03-19 03:00:00  NAS100 24,651.25 24,690.00 24,565.50 24,578.50  -73.00       -0.30  16,770.00
3409  2026-03-19 03:30:00  NAS100 24,579.00 24,630.25 24,579.00 24,606.25   27.75        0.11   5,807.00
3410  2026-03-19 05:00:00  NAS100 24,622.00 24,628.50 24,577.25 24,581.25  -25.00       -0.10   4,521.00
3411  2026-03-19 05:30:00  NAS100 24,580.25 24,596.50 24,562.25 24,593.50   12.25        0.05   2,936.00
3412  2026-03-19 06:00:00  NAS100 24,594.25 24,623.25 24,592.50 24,622.75   29.25        0.12   2,709.00
3413  2026-03-19 06:30:00  NAS100 24,621.75 24,644.25 24,586.75 24,616.75   -6.00       -0.02   5,215.00
3414  2026-03-19 07:00:00  NAS100 24,618.25 24,644.25 24,594.00 24,625.00    8.25        0.03   4,248.00
3415  2026-03-19 07:30:00  NAS100 24,624.25 24,634.25 24,586.50 24,619.50   -5.50       -0.02   3,422.00
3416  2026-03-19 08:00:00  NAS100 24,619.75 24,641.00 24,605.00 24,639.25   19.75        0.08   2,138.00
3417  2026-03-19 08:30:00  NAS100 24,639.75 24,670.00 24,630.75 24,640.00    0.75        0.00   3,507.00
3418  2026-03-19 09:00:00  NAS100 24,639.75 24,706.75 24,600.50 24,694.75   54.75        0.22   6,504.00
3419  2026-03-19 09:30:00  NAS100 24,695.75 24,725.25 24,687.25 24,695.75    1.00        0.00   3,080.00
3420  2026-03-19 10:00:00  NAS100 24,696.00 24,715.00 24,692.00 24,693.75   -2.00       -0.01   1,884.00
3421  2026-03-19 10:30:00  NAS100 24,693.50 24,694.00 24,663.00 24,664.75  -29.00       -0.12   2,318.00
3422  2026-03-19 11:00:00  NAS100 24,663.25 24,664.00 24,635.25 24,638.00  -26.75       -0.11   2,601.00
3423  2026-03-19 11:30:00  NAS100 24,640.25 24,648.00 24,610.50 24,629.75   -8.25       -0.03   2,379.00
3424  2026-03-19 12:00:00  NAS100 24,630.25 24,648.00 24,614.50 24,615.25  -14.50       -0.06   2,350.00
3425  2026-03-19 12:30:00  NAS100 24,615.00 24,622.00 24,576.00 24,597.75  -17.50       -0.07   3,783.00
3426  2026-03-19 13:00:00  NAS100 24,596.50 24,639.00 24,589.25 24,602.50    4.75        0.02   3,371.00
3427  2026-03-19 13:30:00  NAS100 24,605.00 24,610.50 24,573.75 24,605.25    2.75        0.01   3,258.00
3428  2026-03-19 14:00:00  NAS100 24,605.25 24,626.75 24,558.00 24,589.75  -15.50       -0.06   5,272.00
3429  2026-03-19 14:30:00  NAS100 24,590.50 24,595.50 24,543.50 24,557.25  -32.50       -0.13   4,912.00
3430  2026-03-19 15:00:00  NAS100 24,557.25 24,593.50 24,540.00 24,548.50   -8.75       -0.04   7,774.00
3431  2026-03-19 15:30:00  NAS100 24,549.75 24,571.50 24,505.50 24,546.00   -2.50       -0.01   8,670.00
3432  2026-03-19 16:00:00  NAS100 24,546.00 24,596.50 24,500.00 24,517.50  -28.50       -0.12  11,083.00
3433  2026-03-19 16:30:00  NAS100 24,516.25 24,650.25 24,511.25 24,627.25  109.75        0.45  12,706.00
3434  2026-03-19 17:00:00  NAS100 24,627.75 24,627.75 24,590.75 24,606.50  -20.75       -0.08   5,537.00
3435  2026-03-19 17:30:00  NAS100 24,606.00 24,618.75 24,572.00 24,591.00  -15.50       -0.06   3,902.00
3436  2026-03-19 18:00:00  NAS100 24,591.50 24,613.50 24,529.00 24,546.25  -44.75       -0.18   5,944.00
3437  2026-03-19 18:30:00  NAS100 24,546.25 24,557.25 24,509.00 24,545.75   -0.50       -0.00   6,768.00
3438  2026-03-19 19:00:00  NAS100 24,546.50 24,558.25 24,458.25 24,478.00  -67.75       -0.28  13,490.00
3439  2026-03-19 19:30:00  NAS100 24,478.00 24,513.25 24,422.50 24,446.75  -31.25       -0.13  13,661.00
3440  2026-03-19 20:00:00  NAS100 24,447.00 24,508.50 24,401.25 24,428.75  -18.00       -0.07  18,500.00
3441  2026-03-19 20:30:00  NAS100 24,428.25 24,521.25 24,326.75 24,501.75   73.00        0.30  55,975.00
3442  2026-03-19 21:00:00  NAS100 24,501.50 24,546.75 24,407.25 24,426.75  -75.00       -0.31  36,617.00
3443  2026-03-19 21:30:00  NAS100 24,426.50 24,540.50 24,422.50 24,489.00   62.25        0.25  29,913.00
3444  2026-03-19 22:00:00  NAS100 24,488.75 24,577.50 24,445.25 24,461.00  -28.00       -0.11  31,216.00
3445  2026-03-19 22:30:00  NAS100 24,461.75 24,475.75 24,397.00 24,475.00   14.00        0.06  29,575.00
3446  2026-03-19 23:00:00  NAS100 24,474.75 24,522.75 24,435.50 24,468.50   -6.50       -0.03  22,304.00
3447  2026-03-19 23:30:00  NAS100 24,470.50 24,502.75 24,423.75 24,454.75  -13.75       -0.06  17,435.00
3448  2026-03-20 00:00:00  NAS100 24,454.50 24,463.50 24,377.75 24,449.75   -5.00       -0.02  21,944.00
3449  2026-03-20 00:30:00  NAS100 24,449.50 24,488.25 24,411.25 24,453.50    3.75        0.02  16,674.00
3450  2026-03-20 01:00:00  NAS100 24,452.75 24,520.75 24,425.00 24,468.75   15.25        0.06  19,186.00
3451  2026-03-20 01:30:00  NAS100 24,469.50 24,524.50 24,418.00 24,509.75   41.00        0.17  20,268.00
3452  2026-03-20 02:00:00  NAS100 24,508.75 24,691.50 24,506.00 24,597.75   88.00        0.36  58,189.00
3453  2026-03-20 02:30:00  NAS100 24,597.25 24,614.50 24,544.00 24,574.75  -23.00       -0.09  31,576.00
3454  2026-03-20 03:00:00  NAS100 24,574.75 24,633.00 24,563.50 24,622.25   47.50        0.19  13,340.00
3455  2026-03-20 03:30:00  NAS100 24,622.00 24,627.25 24,611.00 24,617.00   -5.25       -0.02   3,583.00
3456  2026-03-20 05:00:00  NAS100 24,632.75 24,658.50 24,603.50 24,639.00   22.00        0.09   3,983.00
3457  2026-03-20 05:30:00  NAS100 24,639.25 24,649.00 24,621.50 24,635.25   -3.75       -0.02   1,942.00
3458  2026-03-20 06:00:00  NAS100 24,636.75 24,658.75 24,608.25 24,615.75  -19.50       -0.08   3,099.00
3459  2026-03-20 06:30:00  NAS100 24,617.00 24,635.00 24,605.00 24,620.00    4.25        0.02   2,370.00
3460  2026-03-20 07:00:00  NAS100 24,619.50 24,642.75 24,581.75 24,595.50  -24.50       -0.10   4,252.00
3461  2026-03-20 07:30:00  NAS100 24,595.00 24,611.25 24,582.25 24,598.25    2.75        0.01   2,313.00
3462  2026-03-20 08:00:00  NAS100 24,599.00 24,632.75 24,590.00 24,615.00   16.75        0.07   3,414.00
3463  2026-03-20 08:30:00  NAS100 24,615.00 24,660.50 24,608.75 24,617.25    2.25        0.01   2,887.00
3464  2026-03-20 09:00:00  NAS100 24,619.75 24,637.25 24,611.50 24,623.75    6.50        0.03   1,405.00
3465  2026-03-20 09:30:00  NAS100 24,622.75 24,641.75 24,611.75 24,620.00   -3.75       -0.02   1,425.00
3466  2026-03-20 10:00:00  NAS100 24,622.75 24,624.25 24,597.75 24,610.25   -9.75       -0.04   1,368.00
3467  2026-03-20 10:30:00  NAS100 24,610.50 24,628.75 24,603.25 24,611.00    0.75        0.00   1,626.00
3468  2026-03-20 11:00:00  NAS100 24,612.25 24,622.50 24,589.50 24,601.00  -10.00       -0.04   1,196.00
3469  2026-03-20 11:30:00  NAS100 24,601.25 24,605.00 24,585.00 24,586.00  -15.00       -0.06     866.00
3470  2026-03-20 12:00:00  NAS100 24,585.00 24,601.50 24,559.50 24,594.00    8.00        0.03   2,005.00
3471  2026-03-20 12:30:00  NAS100 24,595.25 24,603.00 24,581.75 24,592.50   -1.50       -0.01   1,238.00
3472  2026-03-20 13:00:00  NAS100 24,592.25 24,604.25 24,551.50 24,558.25  -34.25       -0.14   1,776.00
3473  2026-03-20 13:30:00  NAS100 24,558.50 24,570.50 24,518.50 24,529.00  -29.25       -0.12   2,459.00
3474  2026-03-20 14:00:00  NAS100 24,527.75 24,563.00 24,482.75 24,554.50   25.50        0.10   4,619.00
3475  2026-03-20 14:30:00  NAS100 24,554.50 24,607.50 24,552.50 24,594.00   39.50        0.16   3,316.00
3476  2026-03-20 15:00:00  NAS100 24,594.50 24,616.25 24,565.50 24,565.75  -28.25       -0.11   4,799.00
3477  2026-03-20 15:30:00  NAS100 24,565.50 24,603.50 24,553.00 24,559.25   -6.50       -0.03   5,542.00
3478  2026-03-20 16:00:00  NAS100 24,560.00 24,585.50 24,495.00 24,500.25  -59.00       -0.24   5,425.00
3479  2026-03-20 16:30:00  NAS100 24,500.00 24,521.00 24,408.50 24,432.00  -68.25       -0.28   9,875.00
3480  2026-03-20 17:00:00  NAS100 24,430.75 24,440.25 24,319.00 24,362.25  -69.75       -0.29  12,275.00
3481  2026-03-20 17:30:00  NAS100 24,362.50 24,430.50 24,361.25 24,406.75   44.50        0.18   6,948.00
3482  2026-03-20 18:00:00  NAS100 24,408.00 24,468.50 24,397.50 24,452.00   45.25        0.19   6,573.00
3483  2026-03-20 18:30:00  NAS100 24,453.50 24,463.00 24,410.00 24,444.25   -7.75       -0.03   5,602.00
3484  2026-03-20 19:00:00  NAS100 24,444.25 24,499.00 24,424.75 24,493.25   49.00        0.20   9,295.00
3485  2026-03-20 19:30:00  NAS100 24,493.75 24,502.00 24,440.25 24,496.50    3.25        0.01   9,062.00
3486  2026-03-20 20:00:00  NAS100 24,496.25 24,527.50 24,458.50 24,488.25   -8.25       -0.03  13,113.00
3487  2026-03-20 20:30:00  NAS100 24,487.25 24,491.25 24,279.75 24,285.75 -202.50       -0.83  58,497.00
3488  2026-03-20 21:00:00  NAS100 24,285.75 24,328.00 24,240.50 24,270.50  -15.25       -0.06  44,976.00
3489  2026-03-20 21:30:00  NAS100 24,271.25 24,327.25 24,231.25 24,271.00    0.50        0.00  32,884.00
3490  2026-03-20 22:00:00  NAS100 24,270.00 24,343.25 24,237.00 24,264.50   -6.50       -0.03  35,104.00
3491  2026-03-20 22:30:00  NAS100 24,265.50 24,321.75 24,254.50 24,310.75   46.25        0.19  19,389.00
3492  2026-03-20 23:00:00  NAS100 24,311.75 24,356.75 24,301.50 24,305.50   -5.25       -0.02  23,212.00
3493  2026-03-20 23:30:00  NAS100 24,306.25 24,306.25 24,235.50 24,272.25  -33.25       -0.14  21,810.00
3494  2026-03-21 00:00:00  NAS100 24,272.50 24,292.50 24,225.75 24,235.75  -36.50       -0.15  21,410.00
3495  2026-03-21 00:30:00  NAS100 24,236.00 24,242.75 24,164.00 24,212.25  -23.50       -0.10  23,521.00
3496  2026-03-21 01:00:00  NAS100 24,211.75 24,222.25 24,114.50 24,146.25  -66.00       -0.27  23,238.00
3497  2026-03-21 01:30:00  NAS100 24,146.25 24,154.00 24,070.50 24,094.25  -52.00       -0.22  22,443.00
3498  2026-03-21 02:00:00  NAS100 24,094.50 24,118.00 24,047.50 24,059.75  -34.50       -0.14  25,444.00
3499  2026-03-21 02:30:00  NAS100 24,059.75 24,114.50 23,971.25 24,113.50   53.75        0.22  62,329.00
3500  2026-03-21 03:00:00  NAS100 24,114.00 24,151.25 24,096.00 24,135.25   21.75        0.09  18,734.00
3501  2026-03-21 03:30:00  NAS100 24,134.25 24,219.75 24,131.25 24,217.25   82.00        0.34  10,122.00
3502  2026-03-23 05:00:00  NAS100 23,902.00 24,095.00 23,890.00 24,068.25 -149.00       -0.62  13,192.00
3503  2026-03-23 05:30:00  NAS100 24,070.75 24,093.75 24,020.75 24,044.00  -24.25       -0.10   5,864.00
3504  2026-03-23 06:00:00  NAS100 24,046.75 24,084.50 24,031.00 24,036.50   -7.50       -0.03   3,426.00
3505  2026-03-23 06:30:00  NAS100 24,033.50 24,051.00 23,975.50 24,007.25  -29.25       -0.12   5,614.00
3506  2026-03-23 07:00:00  NAS100 24,008.00 24,091.00 23,973.00 24,050.25   43.00        0.18   7,511.00
3507  2026-03-23 07:30:00  NAS100 24,049.00 24,056.75 23,940.25 23,949.25 -101.00       -0.42   8,026.00
3508  2026-03-23 08:00:00  NAS100 23,950.25 24,036.50 23,936.25 24,028.00   78.75        0.33   6,276.00
3509  2026-03-23 08:30:00  NAS100 24,029.50 24,072.75 24,013.00 24,044.50   16.50        0.07   4,924.00
3510  2026-03-23 09:00:00  NAS100 24,045.00 24,068.50 24,022.50 24,044.50    0.00        0.00   3,553.00
3511  2026-03-23 09:30:00  NAS100 24,043.50 24,047.75 23,989.75 24,009.25  -35.25       -0.15   3,301.00
3512  2026-03-23 10:00:00  NAS100 24,010.00 24,027.25 23,972.25 23,994.25  -15.00       -0.06   3,076.00
3513  2026-03-23 10:30:00  NAS100 23,996.50 24,003.00 23,950.00 23,950.75  -43.50       -0.18   2,596.00
3514  2026-03-23 11:00:00  NAS100 23,955.75 23,995.50 23,946.00 23,990.50   39.75        0.17   2,392.00
3515  2026-03-23 11:30:00  NAS100 23,989.00 24,004.00 23,976.75 23,996.00    5.50        0.02   1,877.00
3516  2026-03-23 12:00:00  NAS100 23,995.75 24,033.75 23,979.00 23,985.50  -10.50       -0.04   2,837.00
3517  2026-03-23 12:30:00  NAS100 23,985.50 24,002.25 23,932.75 23,974.50  -11.00       -0.05   4,111.00
3518  2026-03-23 13:00:00  NAS100 23,972.75 23,975.75 23,915.00 23,928.50  -46.00       -0.19   3,841.00
3519  2026-03-23 13:30:00  NAS100 23,928.75 23,929.00 23,827.00 23,854.50  -74.00       -0.31   6,309.00
3520  2026-03-23 14:00:00  NAS100 23,855.75 23,913.25 23,772.50 23,799.75  -54.75       -0.23   8,357.00
3521  2026-03-23 14:30:00  NAS100 23,801.25 23,878.50 23,790.75 23,842.75   43.00        0.18   5,635.00
3522  2026-03-23 15:00:00  NAS100 23,841.50 23,926.75 23,839.75 23,898.00   55.25        0.23   8,933.00
3523  2026-03-23 15:30:00  NAS100 23,898.50 23,955.25 23,891.75 23,932.00   34.00        0.14   6,560.00
3524  2026-03-23 16:00:00  NAS100 23,932.25 23,971.50 23,896.25 23,933.50    1.50        0.01   6,028.00
3525  2026-03-23 16:30:00  NAS100 23,932.00 23,935.25 23,845.25 23,882.25  -51.25       -0.21   7,083.00
3526  2026-03-23 17:00:00  NAS100 23,884.00 23,929.00 23,843.75 23,852.50  -29.75       -0.12   6,311.00
3527  2026-03-23 17:30:00  NAS100 23,851.00 23,925.75 23,815.75 23,881.25   28.75        0.12   7,991.00
3528  2026-03-23 18:00:00  NAS100 23,881.25 24,763.00 23,875.50 24,516.75  635.50        2.66  44,045.00
3529  2026-03-23 18:30:00  NAS100 24,516.00 24,697.00 24,370.00 24,390.00 -126.75       -0.52  20,464.00
3530  2026-03-23 19:00:00  NAS100 24,392.75 24,522.00 24,345.00 24,497.75  107.75        0.44  16,587.00
3531  2026-03-23 19:30:00  NAS100 24,496.75 24,621.00 24,453.25 24,608.50  110.75        0.45  22,804.00
3532  2026-03-23 20:00:00  NAS100 24,610.00 24,648.00 24,481.75 24,492.75 -115.75       -0.47  19,902.00
3533  2026-03-23 20:30:00  NAS100 24,493.25 24,610.00 24,432.50 24,599.25  106.50        0.43  53,353.00
3534  2026-03-23 21:00:00  NAS100 24,600.50 24,688.25 24,527.50 24,637.25   38.00        0.15  43,629.00
3535  2026-03-23 21:30:00  NAS100 24,636.75 24,654.25 24,579.25 24,609.50  -27.75       -0.11  28,481.00
3536  2026-03-23 22:00:00  NAS100 24,611.00 24,690.00 24,597.25 24,612.25    2.75        0.01  29,627.00
3537  2026-03-23 22:30:00  NAS100 24,612.25 24,631.50 24,370.25 24,381.50 -230.75       -0.94  38,394.00
3538  2026-03-23 23:00:00  NAS100 24,382.00 24,465.50 24,308.50 24,317.50  -64.00       -0.26  35,399.00
3539  2026-03-23 23:30:00  NAS100 24,317.50 24,426.00 24,311.75 24,368.75   51.25        0.21  28,124.00
3540  2026-03-24 00:00:00  NAS100 24,369.00 24,393.25 24,311.25 24,355.25  -13.50       -0.06  18,250.00
3541  2026-03-24 00:30:00  NAS100 24,355.75 24,473.75 24,354.75 24,468.25  113.00        0.46  23,272.00
3542  2026-03-24 01:00:00  NAS100 24,468.50 24,489.00 24,416.75 24,446.50  -21.75       -0.09  16,908.00
3543  2026-03-24 01:30:00  NAS100 24,446.75 24,536.75 24,446.25 24,514.00   67.50        0.28  21,927.00
3544  2026-03-24 02:00:00  NAS100 24,514.25 24,516.50 24,459.25 24,474.25  -39.75       -0.16  16,380.00
3545  2026-03-24 02:30:00  NAS100 24,473.50 24,514.00 24,398.25 24,398.75  -75.50       -0.31  32,961.00
3546  2026-03-24 03:00:00  NAS100 24,398.75 24,425.00 24,359.00 24,411.25   12.50        0.05  13,221.00
3547  2026-03-24 03:30:00  NAS100 24,412.75 24,433.75 24,391.00 24,400.00  -11.25       -0.05   3,065.00
3548  2026-03-24 05:00:00  NAS100 24,417.25 24,440.25 24,377.25 24,431.50   31.50        0.13   3,391.00
3549  2026-03-24 05:30:00  NAS100 24,430.50 24,489.75 24,413.75 24,482.00   50.50        0.21   2,649.00
3550  2026-03-24 06:00:00  NAS100 24,483.25 24,484.00 24,460.00 24,466.25  -15.75       -0.06   1,644.00
3551  2026-03-24 06:30:00  NAS100 24,465.25 24,474.25 24,426.75 24,455.50  -10.75       -0.04   3,239.00
3552  2026-03-24 07:00:00  NAS100 24,454.75 24,457.75 24,301.75 24,391.25  -64.25       -0.26   7,515.00
3553  2026-03-24 07:30:00  NAS100 24,389.25 24,401.00 24,266.75 24,322.50  -68.75       -0.28   5,548.00
3554  2026-03-24 08:00:00  NAS100 24,326.25 24,326.50 24,257.00 24,303.25  -19.25       -0.08   4,564.00
3555  2026-03-24 08:30:00  NAS100 24,302.00 24,302.00 24,232.25 24,263.75  -39.50       -0.16   3,202.00
3556  2026-03-24 09:00:00  NAS100 24,263.00 24,294.00 24,222.75 24,275.75   12.00        0.05   3,371.00
3557  2026-03-24 09:30:00  NAS100 24,274.75 24,290.75 24,245.50 24,249.50  -26.25       -0.11   2,652.00
3558  2026-03-24 10:00:00  NAS100 24,250.00 24,282.50 24,234.00 24,274.00   24.50        0.10   1,701.00
3559  2026-03-24 10:30:00  NAS100 24,272.00 24,278.00 24,231.00 24,277.00    3.00        0.01   1,797.00
3560  2026-03-24 11:00:00  NAS100 24,276.75 24,303.50 24,256.75 24,259.00  -18.00       -0.07   2,077.00
3561  2026-03-24 11:30:00  NAS100 24,258.75 24,272.25 24,241.25 24,256.50   -2.50       -0.01   1,572.00
3562  2026-03-24 12:00:00  NAS100 24,258.00 24,305.00 24,193.50 24,198.25  -58.25       -0.24   5,118.00
3563  2026-03-24 12:30:00  NAS100 24,196.25 24,269.00 24,195.00 24,262.50   64.25        0.27   2,033.00
3564  2026-03-24 13:00:00  NAS100 24,263.00 24,345.00 24,259.75 24,323.50   61.00        0.25   3,199.00
3565  2026-03-24 13:30:00  NAS100 24,323.75 24,397.75 24,323.75 24,376.50   53.00        0.22   3,326.00
3566  2026-03-24 14:00:00  NAS100 24,376.50 24,507.25 24,371.25 24,467.50   91.00        0.37   8,160.00
3567  2026-03-24 14:30:00  NAS100 24,466.25 24,473.50 24,434.00 24,467.00   -0.50       -0.00   3,440.00
3568  2026-03-24 15:00:00  NAS100 24,466.50 24,491.00 24,392.00 24,398.00  -69.00       -0.28   6,232.00
3569  2026-03-24 15:30:00  NAS100 24,397.50 24,424.25 24,361.00 24,377.50  -20.50       -0.08   5,058.00
3570  2026-03-24 16:00:00  NAS100 24,379.25 24,399.00 24,304.25 24,359.50  -18.00       -0.07   5,059.00
3571  2026-03-24 16:30:00  NAS100 24,358.00 24,429.25 24,343.25 24,420.25   60.75        0.25   4,051.00
3572  2026-03-24 17:00:00  NAS100 24,421.50 24,434.00 24,374.75 24,388.00  -32.25       -0.13   3,524.00
3573  2026-03-24 17:30:00  NAS100 24,390.50 24,430.00 24,369.50 24,406.50   18.50        0.08   3,297.00
3574  2026-03-24 18:00:00  NAS100 24,407.00 24,424.25 24,366.75 24,385.00  -21.50       -0.09   3,745.00
3575  2026-03-24 18:30:00  NAS100 24,383.25 24,415.75 24,297.50 24,383.00   -2.00       -0.01   7,163.00
3576  2026-03-24 19:00:00  NAS100 24,384.00 24,397.75 24,319.50 24,356.25  -26.75       -0.11   5,447.00
3577  2026-03-24 19:30:00  NAS100 24,355.75 24,359.75 24,263.75 24,280.25  -76.00       -0.31   9,846.00
3578  2026-03-24 20:00:00  NAS100 24,279.50 24,295.00 24,205.25 24,254.50  -25.75       -0.11  14,849.00
3579  2026-03-24 20:30:00  NAS100 24,254.25 24,317.50 24,134.00 24,215.75  -38.75       -0.16  53,866.00
3580  2026-03-24 21:00:00  NAS100 24,215.75 24,283.00 24,175.75 24,204.75  -11.00       -0.05  37,436.00
3581  2026-03-24 21:30:00  NAS100 24,205.00 24,343.00 24,182.75 24,242.50   37.75        0.16  46,027.00
3582  2026-03-24 22:00:00  NAS100 24,244.50 24,385.25 24,240.50 24,341.50   99.00        0.41  29,564.00
3583  2026-03-24 22:30:00  NAS100 24,341.00 24,378.25 24,285.75 24,295.50  -46.00       -0.19  22,110.00
3584  2026-03-24 23:00:00  NAS100 24,295.00 24,346.25 24,266.25 24,331.00   35.50        0.15  17,721.00
3585  2026-03-24 23:30:00  NAS100 24,330.75 24,338.50 24,244.25 24,281.25  -49.75       -0.20  19,538.00
3586  2026-03-25 00:00:00  NAS100 24,280.75 24,294.75 24,165.25 24,200.00  -81.25       -0.33  25,580.00
3587  2026-03-25 00:30:00  NAS100 24,199.00 24,253.25 24,160.25 24,242.50   42.50        0.18  23,026.00
3588  2026-03-25 01:00:00  NAS100 24,243.00 24,275.25 24,209.25 24,259.75   17.25        0.07  16,987.00
3589  2026-03-25 01:30:00  NAS100 24,259.75 24,348.00 24,247.50 24,276.25   16.50        0.07  24,648.00
3590  2026-03-25 02:00:00  NAS100 24,275.25 24,319.75 24,264.75 24,267.75   -8.50       -0.04  14,646.00
3591  2026-03-25 02:30:00  NAS100 24,266.25 24,280.75 24,188.50 24,219.25  -48.50       -0.20  29,616.00
3592  2026-03-25 03:00:00  NAS100 24,219.25 24,550.00 24,214.25 24,422.00  202.75        0.84  23,628.00
3593  2026-03-25 03:30:00  NAS100 24,421.50 24,540.00 24,374.50 24,403.75  -18.25       -0.07  15,360.00
3594  2026-03-25 05:00:00  NAS100 24,420.00 24,458.50 24,380.75 24,398.75   -5.00       -0.02   5,636.00
3595  2026-03-25 05:30:00  NAS100 24,399.00 24,431.25 24,399.00 24,426.50   27.75        0.11   2,465.00
3596  2026-03-25 06:00:00  NAS100 24,425.25 24,444.00 24,402.25 24,430.00    3.50        0.01   2,685.00
3597  2026-03-25 06:30:00  NAS100 24,433.00 24,438.25 24,407.50 24,411.75  -18.25       -0.07   2,246.00
3598  2026-03-25 07:00:00  NAS100 24,412.00 24,454.50 24,382.75 24,427.75   16.00        0.07   5,318.00
3599  2026-03-25 07:30:00  NAS100 24,427.00 24,494.00 24,388.50 24,449.75   22.00        0.09   4,804.00
3600  2026-03-25 08:00:00  NAS100 24,449.00 24,468.50 24,429.00 24,442.25   -7.50       -0.03   3,057.00
3601  2026-03-25 08:30:00  NAS100 24,441.50 24,448.50 24,392.50 24,395.25  -47.00       -0.19   3,345.00
3602  2026-03-25 09:00:00  NAS100 24,396.50 24,401.00 24,350.25 24,372.75  -22.50       -0.09   3,851.00
3603  2026-03-25 09:30:00  NAS100 24,370.50 24,378.50 24,334.00 24,335.25  -37.50       -0.15   2,458.00
3604  2026-03-25 10:00:00  NAS100 24,337.00 24,356.25 24,320.50 24,339.75    4.50        0.02   2,167.00
3605  2026-03-25 10:30:00  NAS100 24,339.50 24,389.00 24,335.00 24,381.25   41.50        0.17   2,031.00
3606  2026-03-25 11:00:00  NAS100 24,381.00 24,420.50 24,375.50 24,412.75   31.50        0.13   1,910.00
3607  2026-03-25 11:30:00  NAS100 24,412.75 24,421.50 24,392.75 24,418.50    5.75        0.02   1,636.00
3608  2026-03-25 12:00:00  NAS100 24,419.25 24,429.00 24,402.50 24,409.00   -9.50       -0.04   1,626.00
3609  2026-03-25 12:30:00  NAS100 24,408.00 24,425.25 24,372.50 24,382.00  -27.00       -0.11   1,782.00
3610  2026-03-25 13:00:00  NAS100 24,382.50 24,383.00 24,341.00 24,345.00  -37.00       -0.15   2,344.00
3611  2026-03-25 13:30:00  NAS100 24,343.75 24,390.00 24,323.75 24,378.00   33.00        0.14   3,602.00
3612  2026-03-25 14:00:00  NAS100 24,377.00 24,403.00 24,352.00 24,362.75  -15.25       -0.06   3,286.00
3613  2026-03-25 14:30:00  NAS100 24,364.75 24,419.75 24,360.75 24,408.25   45.50        0.19   2,378.00
3614  2026-03-25 15:00:00  NAS100 24,408.50 24,535.00 24,408.50 24,503.75   95.50        0.39   8,687.00
3615  2026-03-25 15:30:00  NAS100 24,504.50 24,524.75 24,424.75 24,439.00  -64.75       -0.26   6,557.00
3616  2026-03-25 16:00:00  NAS100 24,441.25 24,481.25 24,422.50 24,449.00   10.00        0.04   4,274.00
3617  2026-03-25 16:30:00  NAS100 24,449.75 24,480.25 24,412.50 24,453.75    4.75        0.02   5,334.00
3618  2026-03-25 17:00:00  NAS100 24,454.75 24,487.50 24,441.50 24,443.75  -10.00       -0.04   4,274.00
3619  2026-03-25 17:30:00  NAS100 24,443.50 24,462.50 24,426.75 24,449.00    5.25        0.02   3,590.00
3620  2026-03-25 18:00:00  NAS100 24,447.75 24,500.50 24,446.00 24,487.25   38.25        0.16   4,307.00
3621  2026-03-25 18:30:00  NAS100 24,487.75 24,522.00 24,440.25 24,495.00    7.75        0.03   8,598.00
3622  2026-03-25 19:00:00  NAS100 24,494.50 24,539.75 24,394.00 24,432.75  -62.25       -0.25  15,046.00
3623  2026-03-25 19:30:00  NAS100 24,432.00 24,477.75 24,373.00 24,448.00   15.25        0.06   9,917.00
3624  2026-03-25 20:00:00  NAS100 24,448.75 24,485.25 24,419.50 24,430.00  -18.00       -0.07   9,641.00
3625  2026-03-25 20:30:00  NAS100 24,430.75 24,526.00 24,360.75 24,368.75  -61.25       -0.25  49,967.00
3626  2026-03-25 21:00:00  NAS100 24,368.50 24,507.00 24,327.50 24,480.50  111.75        0.46  46,026.00
3627  2026-03-25 21:30:00  NAS100 24,479.75 24,519.50 24,456.50 24,484.25    3.75        0.02  24,348.00
3628  2026-03-25 22:00:00  NAS100 24,483.75 24,494.25 24,286.50 24,426.25  -58.00       -0.24  46,998.00
3629  2026-03-25 22:30:00  NAS100 24,426.00 24,444.75 24,342.75 24,378.25  -48.00       -0.20  28,513.00
3630  2026-03-25 23:00:00  NAS100 24,377.50 24,438.75 24,330.75 24,412.25   34.00        0.14  24,656.00
3631  2026-03-25 23:30:00  NAS100 24,412.25 24,450.25 24,394.25 24,422.00    9.75        0.04  19,851.00
3632  2026-03-26 00:00:00  NAS100 24,422.50 24,445.75 24,377.25 24,430.50    8.50        0.03  18,095.00
3633  2026-03-26 00:30:00  NAS100 24,431.50 24,493.75 24,402.25 24,427.75   -2.75       -0.01  26,620.00
3634  2026-03-26 01:00:00  NAS100 24,426.00 24,453.00 24,406.50 24,413.00  -14.75       -0.06  13,046.00
3635  2026-03-26 01:30:00  NAS100 24,412.75 24,422.50 24,322.75 24,354.50  -58.50       -0.24  19,490.00
3636  2026-03-26 02:00:00  NAS100 24,354.75 24,395.00 24,311.75 24,354.25   -0.25       -0.00  24,122.00
3637  2026-03-26 02:30:00  NAS100 24,354.00 24,391.50 24,325.00 24,371.75   17.50        0.07  24,242.00
3638  2026-03-26 03:00:00  NAS100 24,371.50 24,393.00 24,351.00 24,352.25  -19.50       -0.08   8,538.00
3639  2026-03-26 03:30:00  NAS100 24,352.75 24,373.50 24,349.25 24,367.75   15.50        0.06   2,037.00
3640  2026-03-26 05:00:00  NAS100 24,373.50 24,373.50 24,320.50 24,323.75  -44.00       -0.18   2,445.00
3641  2026-03-26 05:30:00  NAS100 24,325.00 24,345.25 24,308.00 24,316.25   -7.50       -0.03   2,392.00
3642  2026-03-26 06:00:00  NAS100 24,314.75 24,330.00 24,292.75 24,310.50   -5.75       -0.02   2,489.00
3643  2026-03-26 06:30:00  NAS100 24,309.25 24,332.50 24,283.25 24,323.75   13.25        0.05   3,069.00
3644  2026-03-26 07:00:00  NAS100 24,323.50 24,410.00 24,316.25 24,391.50   67.75        0.28   4,538.00
3645  2026-03-26 07:30:00  NAS100 24,391.25 24,406.00 24,343.00 24,354.75  -36.75       -0.15   3,069.00
3646  2026-03-26 08:00:00  NAS100 24,355.75 24,381.75 24,330.75 24,346.75   -8.00       -0.03   2,794.00
3647  2026-03-26 08:30:00  NAS100 24,345.00 24,365.75 24,338.50 24,363.75   17.00        0.07   1,808.00
3648  2026-03-26 09:00:00  NAS100 24,360.25 24,378.75 24,315.75 24,321.00  -42.75       -0.18   2,773.00
3649  2026-03-26 09:30:00  NAS100 24,322.25 24,329.50 24,247.75 24,284.25  -36.75       -0.15   5,474.00
3650  2026-03-26 10:00:00  NAS100 24,284.00 24,346.50 24,281.75 24,335.75   51.50        0.21   3,160.00
3651  2026-03-26 10:30:00  NAS100 24,336.50 24,421.25 24,334.00 24,380.00   44.25        0.18   4,736.00
3652  2026-03-26 11:00:00  NAS100 24,379.25 24,385.00 24,354.00 24,361.50  -18.50       -0.08   1,727.00
3653  2026-03-26 11:30:00  NAS100 24,363.50 24,367.25 24,317.00 24,324.75  -36.75       -0.15   1,549.00
3654  2026-03-26 12:00:00  NAS100 24,326.00 24,340.25 24,260.50 24,277.00  -47.75       -0.20   3,544.00
3655  2026-03-26 12:30:00  NAS100 24,278.00 24,294.25 24,251.00 24,255.50  -21.50       -0.09   2,416.00
3656  2026-03-26 13:00:00  NAS100 24,255.75 24,287.25 24,232.00 24,282.75   27.25        0.11   3,198.00
3657  2026-03-26 13:30:00  NAS100 24,280.50 24,295.75 24,265.75 24,288.25    5.50        0.02   1,821.00
3658  2026-03-26 14:00:00  NAS100 24,288.75 24,298.00 24,199.00 24,255.50  -32.75       -0.13   4,239.00
3659  2026-03-26 14:30:00  NAS100 24,252.00 24,274.00 24,236.75 24,259.50    4.00        0.02   2,017.00
3660  2026-03-26 15:00:00  NAS100 24,258.50 24,288.00 24,188.25 24,193.00  -66.50       -0.27   5,464.00
3661  2026-03-26 15:30:00  NAS100 24,193.00 24,218.50 24,152.50 24,193.75    0.75        0.00   5,042.00
3662  2026-03-26 16:00:00  NAS100 24,194.50 24,197.75 24,143.75 24,152.75  -41.00       -0.17   5,110.00
3663  2026-03-26 16:30:00  NAS100 24,151.75 24,166.00 24,107.00 24,155.00    2.25        0.01   5,783.00
3664  2026-03-26 17:00:00  NAS100 24,155.75 24,202.25 24,132.25 24,196.50   41.50        0.17   4,179.00
3665  2026-03-26 17:30:00  NAS100 24,196.25 24,202.00 24,147.75 24,176.50  -20.00       -0.08   4,566.00
3666  2026-03-26 18:00:00  NAS100 24,178.25 24,188.50 24,126.00 24,143.50  -33.00       -0.14   4,693.00
3667  2026-03-26 18:30:00  NAS100 24,143.50 24,152.50 24,098.75 24,101.75  -41.75       -0.17   5,185.00
3668  2026-03-26 19:00:00  NAS100 24,104.00 24,147.75 24,078.00 24,132.00   30.25        0.13   7,083.00
3669  2026-03-26 19:30:00  NAS100 24,131.25 24,131.75 24,069.00 24,118.00  -14.00       -0.06   9,841.00
3670  2026-03-26 20:00:00  NAS100 24,117.25 24,159.75 24,110.75 24,156.25   38.25        0.16   9,778.00
3671  2026-03-26 20:30:00  NAS100 24,156.25 24,233.25 24,064.00 24,216.00   59.75        0.25  58,921.00
3672  2026-03-26 21:00:00  NAS100 24,215.75 24,242.50 24,168.75 24,170.75  -45.25       -0.19  30,444.00
3673  2026-03-26 21:30:00  NAS100 24,171.25 24,225.75 24,030.25 24,103.00  -67.75       -0.28  43,772.00
3674  2026-03-26 22:00:00  NAS100 24,104.00 24,129.75 24,067.75 24,085.50  -17.50       -0.07  24,331.00
3675  2026-03-26 22:30:00  NAS100 24,084.50 24,127.25 24,051.25 24,092.50    7.00        0.03  23,134.00
3676  2026-03-26 23:00:00  NAS100 24,092.50 24,101.75 24,001.00 24,007.25  -85.25       -0.35  25,983.00
3677  2026-03-26 23:30:00  NAS100 24,007.50 24,014.50 23,970.00 23,998.00   -9.25       -0.04  22,824.00
3678  2026-03-27 00:00:00  NAS100 23,998.50 24,018.00 23,932.75 23,954.50  -43.50       -0.18  17,457.00
3679  2026-03-27 00:30:00  NAS100 23,954.50 23,972.50 23,851.50 23,861.25  -93.25       -0.39  23,002.00
3680  2026-03-27 01:00:00  NAS100 23,860.75 23,900.75 23,844.50 23,848.25  -13.00       -0.05  19,908.00
3681  2026-03-27 01:30:00  NAS100 23,849.00 23,889.75 23,848.00 23,882.75   34.50        0.14  18,016.00
3682  2026-03-27 02:00:00  NAS100 23,882.75 23,886.50 23,820.25 23,842.50  -40.25       -0.17  23,228.00
3683  2026-03-27 02:30:00  NAS100 23,842.75 23,845.75 23,775.00 23,786.75  -55.75       -0.23  42,847.00
3684  2026-03-27 03:00:00  NAS100 23,787.25 24,022.25 23,763.25 23,864.50   77.75        0.33  31,333.00
3685  2026-03-27 03:30:00  NAS100 23,866.25 23,901.75 23,812.50 23,822.00  -42.50       -0.18   7,621.00
3686  2026-03-27 05:00:00  NAS100 23,824.00 23,882.50 23,824.00 23,864.00   42.00        0.18   5,022.00
3687  2026-03-27 05:30:00  NAS100 23,863.00 23,890.75 23,847.75 23,870.50    6.50        0.03   3,323.00
3688  2026-03-27 06:00:00  NAS100 23,868.75 23,879.25 23,841.50 23,850.50  -20.00       -0.08   2,552.00
3689  2026-03-27 06:30:00  NAS100 23,849.25 23,892.25 23,849.25 23,876.75   26.25        0.11   3,019.00
3690  2026-03-27 07:00:00  NAS100 23,877.00 23,908.75 23,822.00 23,836.50  -40.25       -0.17   5,936.00
3691  2026-03-27 07:30:00  NAS100 23,838.00 23,849.25 23,807.00 23,818.25  -18.25       -0.08   3,619.00
3692  2026-03-27 08:00:00  NAS100 23,818.75 23,865.50 23,806.00 23,864.00   45.75        0.19   3,231.00
3693  2026-03-27 08:30:00  NAS100 23,863.00 23,875.00 23,850.25 23,872.00    8.00        0.03   2,331.00
3694  2026-03-27 09:00:00  NAS100 23,872.25 23,886.00 23,845.00 23,861.00  -11.00       -0.05   2,547.00
3695  2026-03-27 09:30:00  NAS100 23,861.25 23,882.00 23,850.50 23,854.25   -6.75       -0.03   1,828.00
3696  2026-03-27 10:00:00  NAS100 23,855.50 23,868.00 23,839.00 23,848.25   -6.00       -0.03   1,509.00
3697  2026-03-27 10:30:00  NAS100 23,849.00 23,898.00 23,849.00 23,895.25   47.00        0.20   2,146.00
3698  2026-03-27 11:00:00  NAS100 23,895.75 23,902.75 23,882.00 23,893.75   -1.50       -0.01   1,561.00
3699  2026-03-27 11:30:00  NAS100 23,893.00 23,921.00 23,890.50 23,917.75   24.00        0.10   1,879.00
3700  2026-03-27 12:00:00  NAS100 23,916.25 23,976.00 23,914.50 23,940.50   22.75        0.10   5,411.00
3701  2026-03-27 12:30:00  NAS100 23,941.00 23,946.25 23,924.50 23,927.25  -13.25       -0.06   2,326.00
3702  2026-03-27 13:00:00  NAS100 23,926.50 23,955.25 23,910.50 23,945.75   18.50        0.08   3,167.00
3703  2026-03-27 13:30:00  NAS100 23,946.00 23,946.75 23,894.75 23,905.25  -40.50       -0.17   3,164.00
3704  2026-03-27 14:00:00  NAS100 23,905.00 23,906.75 23,856.75 23,857.50  -47.75       -0.20   3,105.00
3705  2026-03-27 14:30:00  NAS100 23,859.75 23,893.75 23,853.75 23,872.00   14.50        0.06   3,354.00
3706  2026-03-27 15:00:00  NAS100 23,872.00 23,897.50 23,792.50 23,797.00  -75.00       -0.31   9,027.00
3707  2026-03-27 15:30:00  NAS100 23,797.50 23,823.00 23,770.50 23,779.25  -17.75       -0.07   6,557.00
3708  2026-03-27 16:00:00  NAS100 23,779.50 23,798.25 23,710.00 23,789.25   10.00        0.04   8,820.00
3709  2026-03-27 16:30:00  NAS100 23,790.75 23,812.50 23,731.25 23,738.75  -50.50       -0.21   5,043.00
3710  2026-03-27 17:00:00  NAS100 23,739.50 23,769.25 23,720.50 23,731.00   -7.75       -0.03   4,329.00
3711  2026-03-27 17:30:00  NAS100 23,731.50 23,742.50 23,633.00 23,649.50  -81.50       -0.34   8,741.00
3712  2026-03-27 18:00:00  NAS100 23,649.50 23,659.75 23,608.25 23,653.25    3.75        0.02   9,349.00
3713  2026-03-27 18:30:00  NAS100 23,653.50 23,690.00 23,638.75 23,664.00   10.75        0.05   6,075.00
3714  2026-03-27 19:00:00  NAS100 23,663.00 23,667.50 23,610.75 23,649.00  -15.00       -0.06   6,386.00
3715  2026-03-27 19:30:00  NAS100 23,650.25 23,654.50 23,596.75 23,613.00  -36.00       -0.15   7,723.00
3716  2026-03-27 20:00:00  NAS100 23,615.50 23,661.00 23,574.00 23,654.25   41.25        0.17  14,323.00
3717  2026-03-27 20:30:00  NAS100 23,654.50 23,664.00 23,470.00 23,478.75 -175.50       -0.74  56,474.00
3718  2026-03-27 21:00:00  NAS100 23,481.00 23,558.50 23,453.00 23,477.00   -1.75       -0.01  40,089.00
3719  2026-03-27 21:30:00  NAS100 23,477.25 23,537.75 23,440.00 23,511.50   34.50        0.15  30,353.00
3720  2026-03-27 22:00:00  NAS100 23,511.50 23,568.00 23,458.50 23,556.25   44.75        0.19  33,379.00
3721  2026-03-27 22:30:00  NAS100 23,557.25 23,610.50 23,518.75 23,549.50   -6.75       -0.03  30,016.00
3722  2026-03-27 23:00:00  NAS100 23,550.50 23,556.75 23,473.50 23,482.00  -67.50       -0.29  19,042.00
3723  2026-03-27 23:30:00  NAS100 23,481.75 23,515.00 23,444.25 23,473.50   -8.50       -0.04  19,404.00
3724  2026-03-28 00:00:00  NAS100 23,473.50 23,529.50 23,377.00 23,380.50  -93.00       -0.40  26,130.00
3725  2026-03-28 00:30:00  NAS100 23,379.00 23,409.00 23,344.00 23,360.25  -20.25       -0.09  20,939.00
3726  2026-03-28 01:00:00  NAS100 23,359.75 23,376.75 23,328.00 23,362.00    1.75        0.01  21,189.00
3727  2026-03-28 01:30:00  NAS100 23,362.25 23,396.25 23,325.25 23,340.00  -22.00       -0.09  17,893.00
3728  2026-03-28 02:00:00  NAS100 23,339.25 23,360.50 23,309.25 23,331.25   -8.75       -0.04  19,982.00
3729  2026-03-28 02:30:00  NAS100 23,331.25 23,351.50 23,269.00 23,308.75  -22.50       -0.10  43,679.00
3730  2026-03-28 03:00:00  NAS100 23,308.75 23,330.50 23,232.50 23,257.25  -51.50       -0.22  17,780.00
3731  2026-03-28 03:30:00  NAS100 23,257.25 23,278.25 23,243.00 23,254.25   -3.00       -0.01   6,606.00
3732  2026-03-30 05:00:00  NAS100 23,189.50 23,242.25 23,135.00 23,219.00  -35.25       -0.15   9,715.00
3733  2026-03-30 05:30:00  NAS100 23,220.00 23,238.75 23,154.75 23,208.25  -10.75       -0.05   5,499.00
3734  2026-03-30 06:00:00  NAS100 23,209.50 23,224.00 23,156.75 23,166.25  -42.00       -0.18   4,295.00
3735  2026-03-30 06:30:00  NAS100 23,164.00 23,169.25 23,108.50 23,127.50  -38.75       -0.17   6,384.00
3736  2026-03-30 07:00:00  NAS100 23,128.25 23,263.75 23,093.00 23,222.75   95.25        0.41  11,267.00
3737  2026-03-30 07:30:00  NAS100 23,222.25 23,239.00 23,126.00 23,149.75  -73.00       -0.31   6,348.00
3738  2026-03-30 08:00:00  NAS100 23,151.25 23,188.00 23,136.00 23,162.75   13.00        0.06   4,259.00
3739  2026-03-30 08:30:00  NAS100 23,164.75 23,210.00 23,158.50 23,201.00   38.25        0.17   3,548.00
3740  2026-03-30 09:00:00  NAS100 23,201.75 23,231.25 23,195.50 23,200.00   -1.00       -0.00   3,407.00
3741  2026-03-30 09:30:00  NAS100 23,201.50 23,275.00 23,195.25 23,252.25   52.25        0.23   4,732.00
3742  2026-03-30 10:00:00  NAS100 23,252.00 23,306.50 23,250.25 23,293.25   41.00        0.18   4,816.00
3743  2026-03-30 10:30:00  NAS100 23,294.00 23,299.75 23,278.75 23,296.25    3.00        0.01   2,241.00
3744  2026-03-30 11:00:00  NAS100 23,296.25 23,352.50 23,288.25 23,338.25   42.00        0.18   5,055.00
3745  2026-03-30 11:30:00  NAS100 23,338.25 23,356.25 23,314.50 23,321.50  -16.75       -0.07   2,702.00
3746  2026-03-30 12:00:00  NAS100 23,321.50 23,362.75 23,319.00 23,341.50   20.00        0.09   2,463.00
3747  2026-03-30 12:30:00  NAS100 23,340.50 23,358.00 23,322.75 23,345.50    4.00        0.02   2,660.00
3748  2026-03-30 13:00:00  NAS100 23,345.50 23,384.50 23,337.25 23,368.25   22.75        0.10   3,714.00
3749  2026-03-30 13:30:00  NAS100 23,369.00 23,416.00 23,368.25 23,390.50   22.25        0.10   3,931.00
3750  2026-03-30 14:00:00  NAS100 23,389.50 23,404.50 23,363.75 23,381.25   -9.25       -0.04   4,566.00
3751  2026-03-30 14:30:00  NAS100 23,382.25 23,414.25 23,360.00 23,396.75   15.50        0.07   3,727.00
3752  2026-03-30 15:00:00  NAS100 23,397.50 23,434.25 23,374.00 23,426.75   30.00        0.13   5,829.00
3753  2026-03-30 15:30:00  NAS100 23,424.75 23,449.50 23,417.75 23,443.50   16.75        0.07   3,724.00
3754  2026-03-30 16:00:00  NAS100 23,443.50 23,451.25 23,395.00 23,409.25  -34.25       -0.15   4,787.00
3755  2026-03-30 16:30:00  NAS100 23,410.25 23,421.75 23,390.00 23,403.00   -6.25       -0.03   3,385.00
3756  2026-03-30 17:00:00  NAS100 23,403.75 23,416.25 23,392.75 23,405.50    2.50        0.01   2,386.00
3757  2026-03-30 17:30:00  NAS100 23,405.00 23,417.00 23,373.25 23,410.50    5.00        0.02   3,293.00
3758  2026-03-30 18:00:00  NAS100 23,412.00 23,574.00 23,406.25 23,486.00   75.50        0.32  11,223.00
3759  2026-03-30 18:30:00  NAS100 23,488.75 23,505.25 23,448.00 23,457.75  -28.25       -0.12   8,312.00
3760  2026-03-30 19:00:00  NAS100 23,459.75 23,510.00 23,436.50 23,501.00   43.25        0.18   5,969.00
3761  2026-03-30 19:30:00  NAS100 23,501.25 23,524.00 23,490.25 23,506.00    5.00        0.02   5,774.00
3762  2026-03-30 20:00:00  NAS100 23,505.75 23,523.50 23,482.25 23,509.75    3.75        0.02   9,623.00
3763  2026-03-30 20:30:00  NAS100 23,508.75 23,538.25 23,292.75 23,302.00 -207.75       -0.88  52,938.00
3764  2026-03-30 21:00:00  NAS100 23,302.50 23,382.75 23,298.00 23,325.25   23.25        0.10  35,482.00
3765  2026-03-30 21:30:00  NAS100 23,325.00 23,379.50 23,262.25 23,377.50   52.25        0.22  37,714.00
3766  2026-03-30 22:00:00  NAS100 23,377.50 23,436.25 23,282.00 23,330.00  -47.50       -0.20  33,528.00
3767  2026-03-30 22:30:00  NAS100 23,329.25 23,434.50 23,313.50 23,375.00   45.00        0.19  29,814.00
3768  2026-03-30 23:00:00  NAS100 23,374.50 23,380.25 23,272.75 23,275.00 -100.00       -0.43  22,932.00
3769  2026-03-30 23:30:00  NAS100 23,275.50 23,315.50 23,267.00 23,288.00   13.00        0.06  16,111.00
3770  2026-03-31 00:00:00  NAS100 23,288.00 23,306.25 23,192.00 23,197.00  -91.00       -0.39  23,850.00
3771  2026-03-31 00:30:00  NAS100 23,196.25 23,254.00 23,169.50 23,210.75   13.75        0.06  23,306.00
3772  2026-03-31 01:00:00  NAS100 23,210.50 23,212.75 23,153.75 23,155.00  -55.75       -0.24  16,092.00
3773  2026-03-31 01:30:00  NAS100 23,154.75 23,194.50 23,115.25 23,120.75  -34.25       -0.15  15,542.00
3774  2026-03-31 02:00:00  NAS100 23,120.75 23,130.00 23,024.50 23,036.75  -84.00       -0.36  25,199.00
3775  2026-03-31 02:30:00  NAS100 23,037.25 23,165.25 23,025.00 23,135.50   98.75        0.43  41,342.00
3776  2026-03-31 03:00:00  NAS100 23,136.00 23,144.50 23,091.75 23,099.50  -36.00       -0.16  12,542.00
3777  2026-03-31 03:30:00  NAS100 23,099.50 23,107.75 23,094.00 23,106.25    6.75        0.03   3,442.00
3778  2026-03-31 05:00:00  NAS100 23,119.50 23,147.75 23,108.75 23,123.25   17.00        0.07   3,353.00
3779  2026-03-31 05:30:00  NAS100 23,122.50 23,127.50 23,097.75 23,100.25  -23.00       -0.10   2,710.00
3780  2026-03-31 06:00:00  NAS100 23,100.00 23,100.00 23,021.25 23,056.00  -44.25       -0.19   6,621.00
3781  2026-03-31 06:30:00  NAS100 23,057.00 23,059.75 23,023.25 23,046.00  -10.00       -0.04   3,264.00
3782  2026-03-31 07:00:00  NAS100 23,045.50 23,083.25 22,961.50 23,011.75  -34.25       -0.15   8,966.00
3783  2026-03-31 07:30:00  NAS100 23,011.75 23,283.75 22,992.00 23,202.25  190.50        0.83  18,064.00
3784  2026-03-31 08:00:00  NAS100 23,203.00 23,328.25 23,160.25 23,315.75  113.50        0.49  12,467.00
3785  2026-03-31 08:30:00  NAS100 23,314.75 23,397.25 23,313.00 23,339.25   23.50        0.10  10,588.00
3786  2026-03-31 09:00:00  NAS100 23,340.00 23,364.25 23,322.75 23,349.50   10.25        0.04   4,652.00
3787  2026-03-31 09:30:00  NAS100 23,346.75 23,405.00 23,325.25 23,345.50   -4.00       -0.02   5,596.00
3788  2026-03-31 10:00:00  NAS100 23,346.25 23,397.50 23,340.75 23,351.00    5.50        0.02   3,669.00
3789  2026-03-31 10:30:00  NAS100 23,352.50 23,360.75 23,310.00 23,318.25  -32.75       -0.14   2,991.00
3790  2026-03-31 11:00:00  NAS100 23,319.50 23,342.00 23,295.25 23,302.50  -15.75       -0.07   2,805.00
3791  2026-03-31 11:30:00  NAS100 23,300.25 23,321.00 23,277.75 23,283.75  -18.75       -0.08   2,764.00
3792  2026-03-31 12:00:00  NAS100 23,283.00 23,303.75 23,235.00 23,288.75    5.00        0.02   3,746.00
3793  2026-03-31 12:30:00  NAS100 23,289.25 23,338.50 23,279.50 23,310.50   21.75        0.09   3,209.00
3794  2026-03-31 13:00:00  NAS100 23,311.25 23,319.00 23,266.50 23,288.75  -21.75       -0.09   3,482.00
3795  2026-03-31 13:30:00  NAS100 23,290.00 23,308.00 23,265.25 23,292.00    3.25        0.01   2,640.00
3796  2026-03-31 14:00:00  NAS100 23,292.25 23,309.50 23,238.25 23,274.50  -17.50       -0.08   4,628.00
3797  2026-03-31 14:30:00  NAS100 23,274.75 23,371.50 23,274.75 23,369.75   95.25        0.41   6,734.00
3798  2026-03-31 15:00:00  NAS100 23,369.50 23,390.25 23,322.50 23,327.50  -42.25       -0.18   5,675.00
3799  2026-03-31 15:30:00  NAS100 23,328.25 23,338.00 23,293.25 23,313.25  -14.25       -0.06   4,915.00
3800  2026-03-31 16:00:00  NAS100 23,311.75 23,351.75 23,309.75 23,324.00   10.75        0.05   3,515.00
3801  2026-03-31 16:30:00  NAS100 23,323.25 23,337.00 23,293.75 23,305.75  -18.25       -0.08   4,507.00
3802  2026-03-31 17:00:00  NAS100 23,306.50 23,332.50 23,296.00 23,314.00    8.25        0.04   3,341.00
3803  2026-03-31 17:30:00  NAS100 23,315.25 23,321.00 23,238.50 23,286.75  -27.25       -0.12   6,586.00
3804  2026-03-31 18:00:00  NAS100 23,284.50 23,398.00 23,264.00 23,348.50   61.75        0.27  13,604.00
3805  2026-03-31 18:30:00  NAS100 23,348.50 23,382.00 23,326.00 23,360.00   11.50        0.05   6,920.00
3806  2026-03-31 19:00:00  NAS100 23,359.75 23,428.00 23,312.00 23,403.00   43.00        0.18  16,400.00
3807  2026-03-31 19:30:00  NAS100 23,400.25 23,439.25 23,368.25 23,370.25  -32.75       -0.14  10,901.00
3808  2026-03-31 20:00:00  NAS100 23,370.75 23,405.50 23,357.00 23,380.75   10.50        0.04   9,282.00
3809  2026-03-31 20:30:00  NAS100 23,381.75 23,575.00 23,378.75 23,565.00  184.25        0.79  60,960.00
3810  2026-03-31 21:00:00  NAS100 23,569.00 23,580.75 23,495.75 23,567.50    2.50        0.01  36,975.00
3811  2026-03-31 21:30:00  NAS100 23,567.75 23,587.75 23,376.50 23,409.50 -158.00       -0.67  40,936.00
3812  2026-03-31 22:00:00  NAS100 23,409.25 23,558.75 23,407.50 23,492.00   82.50        0.35  36,523.00
3813  2026-03-31 22:30:00  NAS100 23,492.00 23,520.75 23,442.25 23,446.50  -45.50       -0.19  25,347.00
3814  2026-03-31 23:00:00  NAS100 23,446.25 23,568.00 23,435.75 23,550.25  103.75        0.44  24,821.00
3815  2026-03-31 23:30:00  NAS100 23,550.25 23,857.25 23,531.25 23,775.25  225.00        0.96  84,321.00
3816  2026-04-01 00:00:00  NAS100 23,775.75 23,876.00 23,761.00 23,804.75   29.50        0.12  46,349.00
3817  2026-04-01 00:30:00  NAS100 23,805.25 23,872.00 23,747.50 23,761.00  -43.75       -0.18  35,056.00
3818  2026-04-01 01:00:00  NAS100 23,760.00 23,848.50 23,760.00 23,827.00   66.00        0.28  21,287.00
3819  2026-04-01 01:30:00  NAS100 23,826.25 23,872.00 23,804.00 23,855.50   28.50        0.12  20,651.00
3820  2026-04-01 02:00:00  NAS100 23,856.25 23,912.50 23,833.50 23,882.75   27.25        0.11  22,017.00
3821  2026-04-01 02:30:00  NAS100 23,882.00 23,975.25 23,875.00 23,909.75   27.00        0.11  55,905.00
3822  2026-04-01 03:00:00  NAS100 23,909.50 23,944.50 23,868.25 23,942.25   32.50        0.14  20,714.00
3823  2026-04-01 03:30:00  NAS100 23,942.75 23,945.50 23,894.50 23,905.50  -36.75       -0.15   4,699.00
3824  2026-04-01 05:00:00  NAS100 23,889.00 23,974.00 23,880.00 23,958.50   53.00        0.22   6,337.00
3825  2026-04-01 05:30:00  NAS100 23,959.25 23,973.50 23,938.25 23,958.00   -0.50       -0.00   2,934.00
3826  2026-04-01 06:00:00  NAS100 23,957.00 23,984.50 23,943.00 23,980.50   22.50        0.09   2,990.00
3827  2026-04-01 06:30:00  NAS100 23,977.00 24,045.75 23,973.75 24,038.00   57.50        0.24   6,204.00
3828  2026-04-01 07:00:00  NAS100 24,036.25 24,048.25 24,005.25 24,022.25  -15.75       -0.07   5,456.00
3829  2026-04-01 07:30:00  NAS100 24,022.00 24,036.25 23,992.25 24,036.25   14.00        0.06   3,358.00
3830  2026-04-01 08:00:00  NAS100 24,037.00 24,042.25 23,975.00 24,010.25  -26.00       -0.11   5,735.00
3831  2026-04-01 08:30:00  NAS100 24,008.50 24,013.50 23,967.00 23,976.25  -34.00       -0.14   2,849.00
3832  2026-04-01 09:00:00  NAS100 23,978.25 23,996.25 23,965.50 23,969.00   -7.25       -0.03   2,141.00
3833  2026-04-01 09:30:00  NAS100 23,969.00 23,983.50 23,956.25 23,966.25   -2.75       -0.01   2,124.00
3834  2026-04-01 10:00:00  NAS100 23,966.75 23,988.50 23,963.25 23,975.75    9.50        0.04   1,308.00
3835  2026-04-01 10:30:00  NAS100 23,976.50 23,993.50 23,976.50 23,981.75    6.00        0.03   1,279.00
3836  2026-04-01 11:00:00  NAS100 23,982.00 24,009.00 23,978.50 24,008.00   26.25        0.11   1,963.00
3837  2026-04-01 11:30:00  NAS100 24,007.00 24,022.50 23,999.50 24,011.75    3.75        0.02   1,437.00
3838  2026-04-01 12:00:00  NAS100 24,013.75 24,073.75 24,007.50 24,053.00   41.25        0.17   2,883.00
3839  2026-04-01 12:30:00  NAS100 24,053.50 24,064.50 24,030.75 24,041.25  -11.75       -0.05   3,173.00
3840  2026-04-01 13:00:00  NAS100 24,041.50 24,126.75 24,039.00 24,119.25   78.00        0.32   6,300.00
3841  2026-04-01 13:30:00  NAS100 24,118.50 24,176.75 24,112.75 24,169.00   49.75        0.21   7,844.00
3842  2026-04-01 14:00:00  NAS100 24,169.50 24,181.25 24,131.00 24,147.50  -21.50       -0.09   5,154.00
3843  2026-04-01 14:30:00  NAS100 24,147.75 24,179.25 24,072.25 24,079.25  -68.25       -0.28   7,443.00
3844  2026-04-01 15:00:00  NAS100 24,078.75 24,106.50 24,033.50 24,081.25    2.00        0.01   7,371.00
3845  2026-04-01 15:30:00  NAS100 24,082.50 24,102.50 24,026.75 24,071.75   -9.50       -0.04   6,435.00
3846  2026-04-01 16:00:00  NAS100 24,072.00 24,084.50 24,003.50 24,029.50  -42.25       -0.18   4,867.00
3847  2026-04-01 16:30:00  NAS100 24,029.25 24,090.75 24,029.00 24,068.00   38.50        0.16   4,776.00
3848  2026-04-01 17:00:00  NAS100 24,070.75 24,087.50 24,050.75 24,067.25   -0.75       -0.00   4,206.00
3849  2026-04-01 17:30:00  NAS100 24,069.50 24,140.00 24,062.50 24,127.00   59.75        0.25   5,046.00
3850  2026-04-01 18:00:00  NAS100 24,128.50 24,166.00 24,123.50 24,150.50   23.50        0.10   5,373.00
3851  2026-04-01 18:30:00  NAS100 24,151.25 24,205.00 24,146.00 24,191.00   40.50        0.17   7,262.00
3852  2026-04-01 19:00:00  NAS100 24,189.75 24,196.50 24,123.50 24,141.75  -49.25       -0.20   7,723.00
3853  2026-04-01 19:30:00  NAS100 24,144.25 24,246.00 24,050.00 24,062.25  -79.50       -0.33  19,025.00
3854  2026-04-01 20:00:00  NAS100 24,061.00 24,101.50 24,036.00 24,088.25   26.00        0.11  15,307.00
3855  2026-04-01 20:30:00  NAS100 24,087.75 24,194.75 24,043.25 24,120.75   32.50        0.13  56,805.00
3856  2026-04-01 21:00:00  NAS100 24,121.75 24,210.75 24,108.75 24,187.50   66.75        0.28  39,199.00
3857  2026-04-01 21:30:00  NAS100 24,186.75 24,270.00 24,131.00 24,260.00   72.50        0.30  41,967.00
3858  2026-04-01 22:00:00  NAS100 24,260.25 24,286.75 24,248.50 24,250.00  -10.00       -0.04  26,040.00
3859  2026-04-01 22:30:00  NAS100 24,249.50 24,327.00 24,229.75 24,313.25   63.25        0.26  24,712.00
3860  2026-04-01 23:00:00  NAS100 24,314.00 24,329.75 24,294.50 24,304.75   -8.50       -0.03  19,587.00
3861  2026-04-01 23:30:00  NAS100 24,304.75 24,330.75 24,288.25 24,318.75   14.00        0.06  11,563.00
3862  2026-04-02 00:00:00  NAS100 24,319.75 24,348.25 24,314.25 24,331.50   12.75        0.05  13,772.00
3863  2026-04-02 00:30:00  NAS100 24,331.50 24,341.00 24,265.50 24,266.75  -64.75       -0.27  16,765.00
3864  2026-04-02 01:00:00  NAS100 24,266.75 24,273.50 24,140.50 24,154.00 -112.75       -0.46  38,860.00
3865  2026-04-02 01:30:00  NAS100 24,154.00 24,204.75 24,124.50 24,159.00    5.00        0.02  26,786.00
3866  2026-04-02 02:00:00  NAS100 24,159.00 24,245.75 24,153.75 24,233.75   74.75        0.31  21,196.00
3867  2026-04-02 02:30:00  NAS100 24,234.00 24,255.75 24,171.50 24,200.75  -33.00       -0.14  45,836.00
3868  2026-04-02 03:00:00  NAS100 24,201.00 24,215.75 24,176.50 24,180.00  -20.75       -0.09  11,276.00
3869  2026-04-02 03:30:00  NAS100 24,181.25 24,202.50 24,177.25 24,187.25    7.25        0.03   2,735.00
3870  2026-04-02 05:00:00  NAS100 24,180.00 24,206.00 24,167.50 24,194.50    7.25        0.03   2,888.00
3871  2026-04-02 05:30:00  NAS100 24,193.25 24,201.75 24,158.00 24,170.50  -24.00       -0.10   2,410.00
3872  2026-04-02 06:00:00  NAS100 24,170.50 24,203.75 24,163.50 24,201.50   31.00        0.13   1,770.00
3873  2026-04-02 06:30:00  NAS100 24,198.50 24,200.50 24,159.25 24,183.50  -18.00       -0.07   2,231.00
3874  2026-04-02 07:00:00  NAS100 24,183.00 24,186.75 24,156.75 24,163.50  -20.00       -0.08   3,467.00
3875  2026-04-02 07:30:00  NAS100 24,164.50 24,245.75 24,154.50 24,236.25   72.75        0.30   5,429.00
3876  2026-04-02 08:00:00  NAS100 24,236.00 24,240.00 23,962.00 23,973.00 -263.25       -1.09  19,237.00
3877  2026-04-02 08:30:00  NAS100 23,974.75 23,978.75 23,912.50 23,938.50  -34.50       -0.14  10,252.00
3878  2026-04-02 09:00:00  NAS100 23,940.50 23,967.00 23,862.00 23,868.00  -70.50       -0.29   8,318.00
3879  2026-04-02 09:30:00  NAS100 23,868.25 23,894.75 23,856.00 23,884.75   16.75        0.07   4,401.00
3880  2026-04-02 10:00:00  NAS100 23,885.50 23,894.75 23,851.75 23,879.75   -5.00       -0.02   2,774.00
3881  2026-04-02 10:30:00  NAS100 23,879.50 23,884.75 23,815.00 23,821.50  -58.25       -0.24   4,241.00
3882  2026-04-02 11:00:00  NAS100 23,821.75 23,841.25 23,809.25 23,819.00   -2.50       -0.01   2,932.00
3883  2026-04-02 11:30:00  NAS100 23,819.00 23,828.50 23,795.00 23,803.00  -16.00       -0.07   2,645.00
3884  2026-04-02 12:00:00  NAS100 23,805.25 23,826.00 23,793.25 23,814.75   11.75        0.05   2,590.00
3885  2026-04-02 12:30:00  NAS100 23,815.25 23,827.00 23,753.75 23,756.00  -58.75       -0.25   4,421.00
3886  2026-04-02 13:00:00  NAS100 23,757.50 23,795.75 23,752.50 23,789.25   33.25        0.14   4,503.00
3887  2026-04-02 13:30:00  NAS100 23,789.00 23,819.00 23,783.25 23,815.50   26.25        0.11   3,590.00
3888  2026-04-02 14:00:00  NAS100 23,815.75 23,838.75 23,795.25 23,823.00    7.50        0.03   4,944.00
3889  2026-04-02 14:30:00  NAS100 23,824.00 23,882.00 23,819.00 23,879.25   56.25        0.24   4,103.00
3890  2026-04-02 15:00:00  NAS100 23,878.50 23,881.75 23,823.25 23,838.50  -40.75       -0.17   4,510.00
3891  2026-04-02 15:30:00  NAS100 23,837.25 23,870.00 23,831.50 23,834.75   -3.75       -0.02   3,066.00
3892  2026-04-02 16:00:00  NAS100 23,835.25 23,860.00 23,823.75 23,848.00   13.25        0.06   2,195.00
3893  2026-04-02 16:30:00  NAS100 23,849.50 23,850.25 23,818.50 23,830.25  -17.75       -0.07   2,045.00
3894  2026-04-02 17:00:00  NAS100 23,831.50 23,840.75 23,776.00 23,781.50  -48.75       -0.20   3,409.00
3895  2026-04-02 17:30:00  NAS100 23,781.50 23,819.25 23,775.00 23,813.25   31.75        0.13   3,513.00
3896  2026-04-02 18:00:00  NAS100 23,811.75 23,822.00 23,723.50 23,726.25  -87.00       -0.37   6,149.00
3897  2026-04-02 18:30:00  NAS100 23,727.75 23,750.00 23,682.00 23,682.75  -43.50       -0.18   6,496.00
3898  2026-04-02 19:00:00  NAS100 23,684.00 23,734.00 23,666.00 23,727.00   44.25        0.19   8,418.00
3899  2026-04-02 19:30:00  NAS100 23,726.00 23,757.75 23,712.00 23,725.50   -1.50       -0.01   8,905.00
3900  2026-04-02 20:00:00  NAS100 23,725.25 23,767.75 23,707.25 23,762.75   37.25        0.16  12,142.00
3901  2026-04-02 20:30:00  NAS100 23,763.50 23,908.25 23,678.00 23,898.00  135.25        0.57  59,003.00
3902  2026-04-02 21:00:00  NAS100 23,897.75 24,004.25 23,859.00 23,942.00   44.00        0.18  47,962.00
3903  2026-04-02 21:30:00  NAS100 23,941.50 24,266.75 23,931.75 24,175.00  233.00        0.97  75,922.00
3904  2026-04-02 22:00:00  NAS100 24,174.50 24,214.50 24,105.00 24,180.75    5.75        0.02  38,153.00
3905  2026-04-02 22:30:00  NAS100 24,181.50 24,213.50 24,089.00 24,136.00  -44.75       -0.19  29,119.00
3906  2026-04-02 23:00:00  NAS100 24,136.00 24,166.25 24,057.50 24,086.75  -49.25       -0.20  21,656.00
3907  2026-04-02 23:30:00  NAS100 24,085.25 24,177.00 24,069.00 24,121.00   34.25        0.14  20,948.00
3908  2026-04-03 00:00:00  NAS100 24,120.50 24,182.75 24,098.50 24,164.75   43.75        0.18  15,213.00
3909  2026-04-03 00:30:00  NAS100 24,164.50 24,169.50 24,063.50 24,090.75  -74.00       -0.31  16,376.00
3910  2026-04-03 01:00:00  NAS100 24,091.25 24,144.75 24,091.00 24,107.00   16.25        0.07  16,050.00
3911  2026-04-03 01:30:00  NAS100 24,107.75 24,165.00 24,101.00 24,140.50   33.50        0.14  12,963.00
3912  2026-04-03 02:00:00  NAS100 24,141.00 24,182.00 24,135.00 24,146.50    6.00        0.02  14,665.00
3913  2026-04-03 02:30:00  NAS100 24,146.50 24,225.75 24,136.75 24,220.75   74.25        0.31  25,259.00
3914  2026-04-03 03:00:00  NAS100 24,220.75 24,233.75 24,199.75 24,226.00    5.25        0.02  12,036.00
3915  2026-04-03 03:30:00  NAS100 24,225.00 24,228.75 24,203.50 24,219.50   -6.50       -0.03   3,053.00
3916  2026-04-03 05:00:00  NAS100 24,219.50 24,219.50 24,177.50 24,205.50  -14.00       -0.06   3,642.00
3917  2026-04-03 05:30:00  NAS100 24,205.50 24,218.75 24,200.00 24,203.50   -2.00       -0.01     994.00
3918  2026-04-03 06:00:00  NAS100 24,203.00 24,212.25 24,189.00 24,208.75    5.25        0.02   1,149.00
3919  2026-04-03 06:30:00  NAS100 24,209.00 24,216.75 24,204.75 24,213.25    4.50        0.02   1,205.00
3920  2026-04-03 07:00:00  NAS100 24,214.75 24,255.00 24,214.75 24,236.50   23.25        0.10   2,941.00
3921  2026-04-03 07:30:00  NAS100 24,237.00 24,240.00 24,212.50 24,225.25  -11.25       -0.05   1,409.00
3922  2026-04-03 08:00:00  NAS100 24,226.00 24,231.75 24,206.75 24,217.50   -7.75       -0.03   1,380.00
3923  2026-04-03 08:30:00  NAS100 24,217.50 24,220.00 24,195.75 24,196.75  -20.75       -0.09   1,057.00
3924  2026-04-03 09:00:00  NAS100 24,196.00 24,205.50 24,162.25 24,169.00  -27.75       -0.11   1,572.00
3925  2026-04-03 09:30:00  NAS100 24,169.00 24,197.75 24,150.50 24,181.25   12.25        0.05   2,784.00
3926  2026-04-03 10:00:00  NAS100 24,180.25 24,192.50 24,170.25 24,172.75   -8.50       -0.04   1,933.00
3927  2026-04-03 10:30:00  NAS100 24,172.50 24,179.75 24,161.00 24,167.25   -5.50       -0.02     586.00
3928  2026-04-03 11:00:00  NAS100 24,166.25 24,183.00 24,165.00 24,177.00    9.75        0.04     664.00
3929  2026-04-03 11:30:00  NAS100 24,177.25 24,179.50 24,157.25 24,166.25  -10.75       -0.04     735.00
3930  2026-04-03 12:00:00  NAS100 24,167.50 24,191.00 24,159.25 24,168.75    2.50        0.01     869.00
3931  2026-04-03 12:30:00  NAS100 24,170.25 24,193.50 24,170.25 24,180.75   12.00        0.05     779.00
3932  2026-04-03 13:00:00  NAS100 24,183.00 24,184.25 24,167.75 24,171.50   -9.25       -0.04     396.00
3933  2026-04-03 13:30:00  NAS100 24,171.25 24,171.50 24,139.25 24,152.75  -18.75       -0.08   1,388.00
3934  2026-04-03 14:00:00  NAS100 24,152.75 24,154.25 24,120.00 24,149.75   -3.00       -0.01   1,505.00
3935  2026-04-03 14:30:00  NAS100 24,150.00 24,163.50 24,149.25 24,155.25    5.50        0.02     942.00
3936  2026-04-03 15:00:00  NAS100 24,154.25 24,167.50 24,142.00 24,146.25   -9.00       -0.04     696.00
3937  2026-04-03 15:30:00  NAS100 24,146.25 24,158.50 24,142.25 24,149.00    2.75        0.01     466.00
3938  2026-04-03 16:00:00  NAS100 24,150.50 24,153.50 24,131.75 24,144.00   -5.00       -0.02     752.00
3939  2026-04-03 16:30:00  NAS100 24,145.25 24,148.75 24,139.25 24,140.25   -3.75       -0.02     264.00
3940  2026-04-03 17:00:00  NAS100 24,140.25 24,145.00 24,126.00 24,134.50   -5.75       -0.02     848.00
3941  2026-04-03 17:30:00  NAS100 24,133.75 24,144.25 24,129.00 24,138.50    4.00        0.02     658.00
3942  2026-04-03 18:00:00  NAS100 24,139.75 24,154.25 24,114.25 24,150.75   12.25        0.05   1,397.00
3943  2026-04-03 18:30:00  NAS100 24,150.50 24,159.50 24,146.50 24,151.25    0.50        0.00     861.00
3944  2026-04-03 19:00:00  NAS100 24,151.25 24,180.00 24,128.75 24,166.25   15.00        0.06   2,079.00
3945  2026-04-03 19:30:00  NAS100 24,167.75 24,245.25 24,112.75 24,116.50  -49.75       -0.21   5,268.00
3946  2026-04-03 20:00:00  NAS100 24,115.75 24,137.25 24,106.00 24,129.75   13.25        0.05   1,211.00
3947  2026-04-06 05:00:00  NAS100 24,093.50 24,094.25 23,981.50 24,063.50  -66.25       -0.27  12,670.00
3948  2026-04-06 05:30:00  NAS100 24,061.75 24,097.00 24,034.00 24,079.25   15.75        0.07   6,380.00
3949  2026-04-06 06:00:00  NAS100 24,079.25 24,094.50 24,041.00 24,070.50   -8.75       -0.04   9,335.00
3950  2026-04-06 06:30:00  NAS100 24,070.75 24,092.50 24,068.25 24,091.75   21.25        0.09   1,282.00
3951  2026-04-06 07:00:00  NAS100 24,091.50 24,204.25 24,087.75 24,171.50   79.75        0.33   6,404.00
3952  2026-04-06 07:30:00  NAS100 24,172.50 24,216.00 24,172.50 24,208.75   37.25        0.15   3,361.00
3953  2026-04-06 08:00:00  NAS100 24,209.75 24,240.00 24,196.25 24,234.00   25.25        0.10   3,485.00
3954  2026-04-06 08:30:00  NAS100 24,234.25 24,234.25 24,183.75 24,193.75  -40.25       -0.17   2,701.00
3955  2026-04-06 09:00:00  NAS100 24,193.25 24,326.75 24,188.25 24,311.25  117.50        0.49   6,613.00
3956  2026-04-06 09:30:00  NAS100 24,311.75 24,316.25 24,222.00 24,223.00  -88.25       -0.36   4,445.00
3957  2026-04-06 10:00:00  NAS100 24,223.00 24,230.00 24,120.50 24,185.00  -38.00       -0.16   5,625.00
3958  2026-04-06 10:30:00  NAS100 24,186.50 24,216.50 24,176.50 24,213.00   28.00        0.12   1,990.00
3959  2026-04-06 11:00:00  NAS100 24,213.00 24,237.25 24,207.75 24,227.25   14.25        0.06   2,048.00
3960  2026-04-06 11:30:00  NAS100 24,227.50 24,265.00 24,221.50 24,253.50   26.25        0.11   2,395.00
3961  2026-04-06 12:00:00  NAS100 24,253.00 24,268.00 24,251.00 24,251.25   -2.25       -0.01   1,335.00
3962  2026-04-06 12:30:00  NAS100 24,251.75 24,253.25 24,212.00 24,232.75  -18.50       -0.08   1,965.00
3963  2026-04-06 13:00:00  NAS100 24,232.25 24,277.25 24,219.00 24,228.00   -4.75       -0.02   2,874.00
3964  2026-04-06 13:30:00  NAS100 24,225.25 24,290.75 24,215.75 24,255.50   27.50        0.11   4,014.00
3965  2026-04-06 14:00:00  NAS100 24,257.25 24,261.75 24,207.25 24,237.25  -18.25       -0.08   3,350.00
3966  2026-04-06 14:30:00  NAS100 24,235.25 24,325.50 24,234.75 24,309.50   72.25        0.30   3,844.00
3967  2026-04-06 15:00:00  NAS100 24,310.00 24,360.25 24,308.75 24,350.00   40.50        0.17   4,524.00
3968  2026-04-06 15:30:00  NAS100 24,349.75 24,393.25 24,344.00 24,370.50   20.50        0.08   3,513.00
3969  2026-04-06 16:00:00  NAS100 24,370.50 24,398.25 24,367.75 24,381.25   10.75        0.04   2,532.00
3970  2026-04-06 16:30:00  NAS100 24,382.25 24,388.75 24,332.00 24,337.50  -43.75       -0.18   2,969.00
3971  2026-04-06 17:00:00  NAS100 24,338.00 24,359.00 24,326.50 24,344.50    7.00        0.03   2,485.00
3972  2026-04-06 17:30:00  NAS100 24,343.50 24,356.75 24,262.50 24,315.50  -29.00       -0.12   4,559.00
3973  2026-04-06 18:00:00  NAS100 24,315.50 24,316.50 24,282.00 24,300.75  -14.75       -0.06   3,709.00
3974  2026-04-06 18:30:00  NAS100 24,302.00 24,316.25 24,292.50 24,306.50    5.75        0.02   2,904.00
3975  2026-04-06 19:00:00  NAS100 24,306.00 24,317.50 24,288.25 24,310.00    3.50        0.01   3,459.00
3976  2026-04-06 19:30:00  NAS100 24,310.75 24,338.00 24,300.00 24,307.00   -3.00       -0.01   4,843.00
3977  2026-04-06 20:00:00  NAS100 24,307.50 24,314.00 24,257.25 24,265.00  -42.00       -0.17   8,524.00
3978  2026-04-06 20:30:00  NAS100 24,265.25 24,416.75 24,245.75 24,411.00  146.00        0.60  54,265.00
3979  2026-04-06 21:00:00  NAS100 24,411.00 24,452.25 24,271.50 24,364.75  -46.25       -0.19  41,529.00
3980  2026-04-06 21:30:00  NAS100 24,366.00 24,390.00 24,262.25 24,306.25  -58.50       -0.24  34,100.00
3981  2026-04-06 22:00:00  NAS100 24,306.25 24,337.50 24,267.25 24,280.75  -25.50       -0.10  19,757.00
3982  2026-04-06 22:30:00  NAS100 24,281.25 24,332.75 24,252.25 24,324.00   43.25        0.18  17,915.00
3983  2026-04-06 23:00:00  NAS100 24,324.25 24,329.00 24,283.25 24,312.50  -11.50       -0.05  12,131.00
3984  2026-04-06 23:30:00  NAS100 24,312.50 24,346.75 24,301.75 24,309.25   -3.25       -0.01  13,408.00
3985  2026-04-07 00:00:00  NAS100 24,309.00 24,312.50 24,202.75 24,305.75   -3.50       -0.01  23,039.00
3986  2026-04-07 00:30:00  NAS100 24,305.75 24,334.25 24,261.50 24,263.50  -42.25       -0.17  14,032.00
3987  2026-04-07 01:00:00  NAS100 24,264.50 24,364.25 24,245.50 24,341.75   78.25        0.32  20,651.00
3988  2026-04-07 01:30:00  NAS100 24,342.25 24,358.00 24,324.00 24,351.25    9.50        0.04  11,230.00
3989  2026-04-07 02:00:00  NAS100 24,351.50 24,356.00 24,330.50 24,336.25  -15.00       -0.06   9,406.00
3990  2026-04-07 02:30:00  NAS100 24,336.25 24,376.25 24,326.25 24,363.75   27.50        0.11  21,647.00
3991  2026-04-07 03:00:00  NAS100 24,363.50 24,370.00 24,334.00 24,344.25  -19.50       -0.08   8,489.00
3992  2026-04-07 03:30:00  NAS100 24,344.75 24,356.50 24,340.00 24,349.75    5.50        0.02   2,504.00
3993  2026-04-07 05:00:00  NAS100 24,348.75 24,384.00 24,301.75 24,322.25  -27.50       -0.11   4,111.00
3994  2026-04-07 05:30:00  NAS100 24,323.00 24,328.00 24,299.75 24,303.25  -19.00       -0.08   2,042.00
3995  2026-04-07 06:00:00  NAS100 24,302.25 24,333.00 24,302.00 24,313.00    9.75        0.04   1,808.00
3996  2026-04-07 06:30:00  NAS100 24,312.75 24,325.25 24,298.25 24,299.50  -13.50       -0.06   1,139.00
3997  2026-04-07 07:00:00  NAS100 24,299.25 24,358.50 24,278.75 24,330.00   30.50        0.13   4,605.00
3998  2026-04-07 07:30:00  NAS100 24,331.50 24,335.50 24,290.50 24,303.50  -26.50       -0.11   2,917.00
3999  2026-04-07 08:00:00  NAS100 24,303.00 24,310.50 24,248.50 24,279.50  -24.00       -0.10   4,330.00
4000  2026-04-07 08:30:00  NAS100 24,278.00 24,282.75 24,168.25 24,177.00 -102.50       -0.42   5,394.00
4001  2026-04-07 09:00:00  NAS100 24,178.75 24,197.50 24,153.00 24,193.75   16.75        0.07   4,356.00
4002  2026-04-07 09:30:00  NAS100 24,195.00 24,220.25 24,191.25 24,211.00   17.25        0.07   2,463.00
4003  2026-04-07 10:00:00  NAS100 24,212.50 24,219.25 24,192.75 24,216.25    5.25        0.02   1,973.00
4004  2026-04-07 10:30:00  NAS100 24,213.25 24,231.50 24,212.75 24,220.25    4.00        0.02   1,144.00
4005  2026-04-07 11:00:00  NAS100 24,221.50 24,242.00 24,198.25 24,226.00    5.75        0.02   1,775.00
4006  2026-04-07 11:30:00  NAS100 24,227.00 24,264.00 24,227.00 24,247.25   21.25        0.09   2,015.00
4007  2026-04-07 12:00:00  NAS100 24,248.25 24,259.50 24,220.75 24,224.00  -23.25       -0.10   1,989.00
4008  2026-04-07 12:30:00  NAS100 24,224.75 24,232.00 24,204.50 24,228.50    4.50        0.02   1,927.00
4009  2026-04-07 13:00:00  NAS100 24,228.50 24,243.00 24,207.00 24,238.50   10.00        0.04   1,746.00
4010  2026-04-07 13:30:00  NAS100 24,239.75 24,244.75 24,219.50 24,241.25    2.75        0.01   1,414.00
4011  2026-04-07 14:00:00  NAS100 24,242.75 24,257.50 24,209.25 24,218.50  -22.75       -0.09   2,801.00
4012  2026-04-07 14:30:00  NAS100 24,219.75 24,251.25 24,217.50 24,246.25   27.75        0.11   1,353.00
4013  2026-04-07 15:00:00  NAS100 24,247.75 24,369.50 24,246.75 24,338.50   92.25        0.38   8,587.00
4014  2026-04-07 15:30:00  NAS100 24,336.50 24,382.50 24,333.00 24,359.25   20.75        0.09   3,779.00
4015  2026-04-07 16:00:00  NAS100 24,359.50 24,412.00 24,352.75 24,401.75   42.50        0.17   3,933.00
4016  2026-04-07 16:30:00  NAS100 24,401.50 24,422.00 24,371.50 24,385.25  -16.50       -0.07   3,547.00
4017  2026-04-07 17:00:00  NAS100 24,387.00 24,400.25 24,295.00 24,347.25  -38.00       -0.16   8,666.00
4018  2026-04-07 17:30:00  NAS100 24,347.50 24,351.75 24,185.25 24,202.75 -144.50       -0.59   7,458.00
4019  2026-04-07 18:00:00  NAS100 24,205.50 24,258.00 24,195.75 24,223.75   21.00        0.09   7,041.00
4020  2026-04-07 18:30:00  NAS100 24,223.75 24,227.50 24,178.25 24,210.75  -13.00       -0.05   5,303.00
4021  2026-04-07 19:00:00  NAS100 24,211.00 24,244.00 24,133.00 24,242.50   31.75        0.13  13,831.00
4022  2026-04-07 19:30:00  NAS100 24,242.75 24,281.00 24,179.50 24,214.75  -27.75       -0.11   9,083.00
4023  2026-04-07 20:00:00  NAS100 24,216.25 24,250.50 24,196.25 24,243.50   28.75        0.12  10,473.00
4024  2026-04-07 20:30:00  NAS100 24,243.50 24,308.00 24,118.00 24,120.25 -123.25       -0.51  50,002.00
4025  2026-04-07 21:00:00  NAS100 24,121.25 24,132.00 23,994.00 24,107.50  -12.75       -0.05  50,904.00
4026  2026-04-07 21:30:00  NAS100 24,108.25 24,144.50 24,006.00 24,009.25  -98.25       -0.41  31,501.00
4027  2026-04-07 22:00:00  NAS100 24,008.75 24,087.25 23,941.50 24,065.75   56.50        0.24  38,894.00
4028  2026-04-07 22:30:00  NAS100 24,066.75 24,133.00 24,042.00 24,108.50   42.75        0.18  22,206.00
4029  2026-04-07 23:00:00  NAS100 24,107.50 24,237.50 24,105.50 24,189.75   81.25        0.34  33,643.00
4030  2026-04-07 23:30:00  NAS100 24,189.50 24,241.75 24,175.25 24,202.25   12.50        0.05  16,419.00
4031  2026-04-08 00:00:00  NAS100 24,201.75 24,238.50 24,169.75 24,188.50  -13.75       -0.06  17,483.00
4032  2026-04-08 00:30:00  NAS100 24,188.75 24,299.75 24,183.25 24,225.50   37.00        0.15  25,182.00
4033  2026-04-08 01:00:00  NAS100 24,226.00 24,238.25 24,187.00 24,194.00  -31.50       -0.13  14,977.00
4034  2026-04-08 01:30:00  NAS100 24,194.25 24,203.00 24,076.75 24,102.00  -92.00       -0.38  22,377.00
4035  2026-04-08 02:00:00  NAS100 24,102.50 24,297.75 24,083.25 24,216.75  114.75        0.48  39,297.00
4036  2026-04-08 02:30:00  NAS100 24,216.50 24,381.00 24,191.50 24,369.50  152.75        0.63  46,576.00
4037  2026-04-08 03:00:00  NAS100 24,369.25 24,416.00 24,345.75 24,367.75   -1.75       -0.01  18,534.00
4038  2026-04-08 03:30:00  NAS100 24,368.00 24,451.50 24,363.75 24,399.25   31.50        0.13   8,406.00
4039  2026-04-08 05:00:00  NAS100 24,514.00 24,666.00 24,502.50 24,604.75  205.50        0.84  12,302.00
4040  2026-04-08 05:30:00  NAS100 24,605.50 24,924.50 24,355.00 24,914.00  309.25        1.26  23,273.00
4041  2026-04-08 06:00:00  NAS100 24,915.00 25,086.00 24,913.50 25,046.25  132.25        0.53  17,961.00
4042  2026-04-08 06:30:00  NAS100 25,047.25 25,066.00 25,010.75 25,050.75    4.50        0.02  11,428.00
4043  2026-04-08 07:00:00  NAS100 25,049.75 25,091.25 25,026.75 25,042.25   -8.50       -0.03  11,771.00
4044  2026-04-08 07:30:00  NAS100 25,042.25 25,101.50 25,007.75 25,080.25   38.00        0.15   8,354.00
4045  2026-04-08 08:00:00  NAS100 25,080.00 25,107.75 25,040.75 25,067.00  -13.25       -0.05   5,367.00
4046  2026-04-08 08:30:00  NAS100 25,066.25 25,109.50 25,064.75 25,095.25   28.25        0.11   3,739.00
4047  2026-04-08 09:00:00  NAS100 25,095.50 25,109.75 25,093.75 25,097.25    2.00        0.01   2,966.00
4048  2026-04-08 09:30:00  NAS100 25,098.00 25,111.50 25,091.75 25,110.50   13.25        0.05   2,473.00
4049  2026-04-08 10:00:00  NAS100 25,110.25 25,118.75 25,086.75 25,094.25  -16.25       -0.06   2,554.00
4050  2026-04-08 10:30:00  NAS100 25,094.25 25,104.50 25,089.75 25,102.00    7.75        0.03   1,627.00
4051  2026-04-08 11:00:00  NAS100 25,103.25 25,156.25 25,102.50 25,148.75   46.75        0.19   3,812.00
4052  2026-04-08 11:30:00  NAS100 25,147.25 25,153.25 25,121.00 25,125.25  -23.50       -0.09   2,383.00
4053  2026-04-08 12:00:00  NAS100 25,125.25 25,163.00 25,119.00 25,159.00   33.75        0.13   2,619.00
4054  2026-04-08 12:30:00  NAS100 25,158.50 25,195.25 25,139.75 25,192.25   33.25        0.13   5,273.00
4055  2026-04-08 13:00:00  NAS100 25,192.00 25,202.00 25,161.25 25,172.75  -19.50       -0.08   5,993.00
4056  2026-04-08 13:30:00  NAS100 25,172.50 25,188.50 25,164.00 25,171.25   -1.50       -0.01   4,249.00
4057  2026-04-08 14:00:00  NAS100 25,171.25 25,190.00 25,142.25 25,167.25   -4.00       -0.02   5,962.00
4058  2026-04-08 14:30:00  NAS100 25,167.00 25,167.00 25,136.00 25,141.75  -25.50       -0.10   4,836.00
4059  2026-04-08 15:00:00  NAS100 25,141.50 25,176.25 25,134.25 25,173.00   31.25        0.12   3,870.00
4060  2026-04-08 15:30:00  NAS100 25,173.25 25,225.00 25,147.00 25,215.25   42.25        0.17   5,680.00
4061  2026-04-08 16:00:00  NAS100 25,216.00 25,245.25 25,203.75 25,215.50    0.25        0.00   4,608.00
4062  2026-04-08 16:30:00  NAS100 25,216.50 25,221.50 25,184.50 25,200.00  -15.50       -0.06   3,877.00
4063  2026-04-08 17:00:00  NAS100 25,199.50 25,221.25 25,185.50 25,219.75   19.75        0.08   3,009.00
4064  2026-04-08 17:30:00  NAS100 25,220.75 25,231.75 25,202.00 25,204.50  -15.25       -0.06   3,698.00
4065  2026-04-08 18:00:00  NAS100 25,204.75 25,233.00 25,180.25 25,226.75   22.25        0.09   5,916.00
4066  2026-04-08 18:30:00  NAS100 25,226.75 25,235.00 25,205.25 25,209.25  -17.50       -0.07   4,774.00
4067  2026-04-08 19:00:00  NAS100 25,210.75 25,257.00 25,155.00 25,190.00  -19.25       -0.08  15,355.00
4068  2026-04-08 19:30:00  NAS100 25,189.00 25,221.25 25,176.50 25,212.75   22.75        0.09  11,186.00
4069  2026-04-08 20:00:00  NAS100 25,213.00 25,237.25 25,186.75 25,199.50  -13.25       -0.05  11,985.00
4070  2026-04-08 20:30:00  NAS100 25,199.50 25,249.75 25,064.00 25,080.75 -118.75       -0.47  72,695.00
4071  2026-04-08 21:00:00  NAS100 25,080.75 25,105.00 25,042.50 25,055.25  -25.50       -0.10  38,655.00
4072  2026-04-08 21:30:00  NAS100 25,055.75 25,067.50 24,926.50 24,993.00  -62.25       -0.25  47,071.00
4073  2026-04-08 22:00:00  NAS100 24,993.25 25,044.00 24,978.75 25,011.25   18.25        0.07  27,613.00
4074  2026-04-08 22:30:00  NAS100 25,011.25 25,089.00 25,004.75 25,078.50   67.25        0.27  24,697.00
4075  2026-04-08 23:00:00  NAS100 25,078.75 25,116.00 25,061.75 25,094.75   16.25        0.06  20,731.00
4076  2026-04-08 23:30:00  NAS100 25,095.00 25,157.50 25,087.00 25,142.25   47.50        0.19  16,920.00
4077  2026-04-09 00:00:00  NAS100 25,142.50 25,156.75 25,072.25 25,083.00  -59.25       -0.24  19,648.00
4078  2026-04-09 00:30:00  NAS100 25,082.50 25,101.00 25,065.00 25,094.25   11.25        0.04  14,751.00
4079  2026-04-09 01:00:00  NAS100 25,094.50 25,131.75 25,032.00 25,053.75  -40.50       -0.16  26,194.00
4080  2026-04-09 01:30:00  NAS100 25,054.50 25,072.50 24,948.75 24,953.25 -100.50       -0.40  20,601.00
4081  2026-04-09 02:00:00  NAS100 24,953.25 25,012.00 24,943.25 24,957.75    4.50        0.02  25,784.00
4082  2026-04-09 02:30:00  NAS100 24,957.50 25,097.00 24,956.00 25,080.00  122.25        0.49  41,808.00
4083  2026-04-09 03:00:00  NAS100 25,079.75 25,095.25 25,048.25 25,050.00  -30.00       -0.12  13,835.00
4084  2026-04-09 03:30:00  NAS100 25,049.75 25,052.25 25,033.25 25,039.00  -11.00       -0.04   2,852.00
4085  2026-04-09 05:00:00  NAS100 25,037.75 25,065.00 25,010.75 25,026.75  -12.25       -0.05   3,967.00
4086  2026-04-09 05:30:00  NAS100 25,028.75 25,049.50 25,026.50 25,034.50    7.75        0.03   1,965.00
4087  2026-04-09 06:00:00  NAS100 25,034.25 25,055.50 25,023.75 25,033.50   -1.00       -0.00   2,538.00
4088  2026-04-09 06:30:00  NAS100 25,034.25 25,038.00 25,022.50 25,026.00   -7.50       -0.03   1,958.00
4089  2026-04-09 07:00:00  NAS100 25,026.50 25,034.25 24,999.00 25,013.50  -12.50       -0.05   4,354.00
4090  2026-04-09 07:30:00  NAS100 25,011.75 25,033.00 25,007.00 25,012.25   -1.25       -0.00   2,448.00
4091  2026-04-09 08:00:00  NAS100 25,012.00 25,021.00 24,980.50 24,987.00  -25.25       -0.10   3,634.00
4092  2026-04-09 08:30:00  NAS100 24,989.50 25,025.50 24,983.75 25,022.75   35.75        0.14   2,887.00
4093  2026-04-09 09:00:00  NAS100 25,022.75 25,041.75 25,022.75 25,026.75    4.00        0.02   2,636.00
4094  2026-04-09 09:30:00  NAS100 25,026.75 25,050.75 25,026.25 25,031.00    4.25        0.02   1,537.00
4095  2026-04-09 10:00:00  NAS100 25,031.75 25,037.25 25,016.25 25,019.50  -11.50       -0.05   1,169.00
4096  2026-04-09 10:30:00  NAS100 25,019.25 25,034.00 25,009.00 25,018.50   -1.00       -0.00   2,134.00
4097  2026-04-09 11:00:00  NAS100 25,019.50 25,022.50 25,007.75 25,013.50   -5.00       -0.02   1,357.00
4098  2026-04-09 11:30:00  NAS100 25,013.50 25,023.75 25,006.00 25,014.00    0.50        0.00   1,119.00
4099  2026-04-09 12:00:00  NAS100 25,014.50 25,033.00 24,994.25 25,032.75   18.75        0.07   2,114.00
4100  2026-04-09 12:30:00  NAS100 25,032.75 25,047.00 25,022.00 25,028.50   -4.25       -0.02   1,582.00
4101  2026-04-09 13:00:00  NAS100 25,030.00 25,059.00 25,024.75 25,037.25    8.75        0.03   3,455.00
4102  2026-04-09 13:30:00  NAS100 25,037.00 25,042.25 25,017.00 25,039.00    1.75        0.01   2,437.00
4103  2026-04-09 14:00:00  NAS100 25,039.75 25,048.75 24,996.75 25,010.50  -28.50       -0.11   3,476.00
4104  2026-04-09 14:30:00  NAS100 25,013.00 25,017.75 24,965.00 24,985.00  -25.50       -0.10   4,592.00
4105  2026-04-09 15:00:00  NAS100 24,986.00 24,991.00 24,953.00 24,962.25  -22.75       -0.09   4,545.00
4106  2026-04-09 15:30:00  NAS100 24,962.00 25,006.75 24,962.00 24,972.75   10.50        0.04   3,718.00
4107  2026-04-09 16:00:00  NAS100 24,972.50 25,016.00 24,964.25 25,012.75   40.00        0.16   3,778.00
4108  2026-04-09 16:30:00  NAS100 25,012.00 25,018.50 24,993.00 25,016.25    3.50        0.01   2,462.00
4109  2026-04-09 17:00:00  NAS100 25,017.25 25,027.00 25,002.25 25,022.50    6.25        0.02   3,499.00
4110  2026-04-09 17:30:00  NAS100 25,021.00 25,024.50 24,981.00 24,984.50  -38.00       -0.15   4,023.00
4111  2026-04-09 18:00:00  NAS100 24,983.75 24,998.75 24,976.75 24,984.00   -0.50       -0.00   4,315.00
4112  2026-04-09 18:30:00  NAS100 24,985.00 25,039.00 24,983.00 25,030.00   46.00        0.18   6,320.00
4113  2026-04-09 19:00:00  NAS100 25,030.25 25,050.75 25,027.00 25,037.75    7.75        0.03   5,204.00
4114  2026-04-09 19:30:00  NAS100 25,037.50 25,063.50 25,016.50 25,028.75   -9.00       -0.04   8,609.00
4115  2026-04-09 20:00:00  NAS100 25,029.25 25,082.75 25,026.50 25,080.50   51.75        0.21   9,277.00
4116  2026-04-09 20:30:00  NAS100 25,081.00 25,111.50 25,005.50 25,033.25  -47.25       -0.19  49,751.00
4117  2026-04-09 21:00:00  NAS100 25,033.00 25,056.00 24,963.75 24,981.75  -51.50       -0.21  38,664.00
4118  2026-04-09 21:30:00  NAS100 24,981.75 25,053.50 24,960.50 25,041.25   59.50        0.24  28,496.00
4119  2026-04-09 22:00:00  NAS100 25,041.50 25,105.75 25,016.00 25,058.00   16.75        0.07  31,579.00
4120  2026-04-09 22:30:00  NAS100 25,058.25 25,197.75 25,048.50 25,189.00  131.00        0.52  46,018.00
4121  2026-04-09 23:00:00  NAS100 25,189.00 25,265.75 25,188.50 25,216.50   27.50        0.11  34,452.00
4122  2026-04-09 23:30:00  NAS100 25,217.00 25,220.25 25,161.75 25,196.50  -20.00       -0.08  22,026.00
4123  2026-04-10 00:00:00  NAS100 25,196.75 25,253.00 25,188.00 25,223.25   26.75        0.11  18,122.00
4124  2026-04-10 00:30:00  NAS100 25,224.25 25,257.00 25,189.00 25,226.75    3.50        0.01  18,222.00
4125  2026-04-10 01:00:00  NAS100 25,227.00 25,231.25 25,145.00 25,162.50  -64.25       -0.25  29,661.00
4126  2026-04-10 01:30:00  NAS100 25,162.25 25,191.50 25,145.75 25,179.75   17.25        0.07  18,121.00
4127  2026-04-10 02:00:00  NAS100 25,180.25 25,230.25 25,175.75 25,222.75   43.00        0.17  18,304.00
4128  2026-04-10 02:30:00  NAS100 25,222.50 25,269.75 25,220.50 25,249.00   26.25        0.10  32,044.00
4129  2026-04-10 03:00:00  NAS100 25,248.75 25,254.25 25,220.25 25,239.75   -9.25       -0.04  10,501.00
4130  2026-04-10 03:30:00  NAS100 25,239.75 25,253.75 25,235.50 25,244.75    5.00        0.02   2,731.00
4131  2026-04-10 05:00:00  NAS100 25,237.00 25,254.75 25,212.25 25,216.25  -28.50       -0.11   3,093.00
4132  2026-04-10 05:30:00  NAS100 25,216.25 25,233.25 25,202.75 25,206.75   -9.50       -0.04   3,218.00
4133  2026-04-10 06:00:00  NAS100 25,209.25 25,215.25 25,193.00 25,209.75    3.00        0.01   1,732.00
4134  2026-04-10 06:30:00  NAS100 25,210.50 25,238.00 25,207.50 25,224.00   14.25        0.06   2,136.00
4135  2026-04-10 07:00:00  NAS100 25,224.00 25,236.75 25,206.00 25,234.50   10.50        0.04   2,184.00
4136  2026-04-10 07:30:00  NAS100 25,234.75 25,280.00 25,231.50 25,270.50   36.00        0.14   3,658.00
4137  2026-04-10 08:00:00  NAS100 25,270.50 25,279.25 25,255.75 25,279.25    8.75        0.03   2,369.00
4138  2026-04-10 08:30:00  NAS100 25,278.50 25,298.50 25,274.25 25,285.00    5.75        0.02   2,796.00
4139  2026-04-10 09:00:00  NAS100 25,284.75 25,290.25 25,254.00 25,262.00  -23.00       -0.09   2,248.00
4140  2026-04-10 09:30:00  NAS100 25,261.75 25,278.50 25,260.00 25,273.00   11.00        0.04   1,012.00
4141  2026-04-10 10:00:00  NAS100 25,274.25 25,288.25 25,271.00 25,272.25   -0.75       -0.00   1,190.00
4142  2026-04-10 10:30:00  NAS100 25,272.00 25,303.75 25,272.00 25,291.75   19.50        0.08   1,655.00
4143  2026-04-10 11:00:00  NAS100 25,291.75 25,293.25 25,272.50 25,277.00  -14.75       -0.06   1,075.00
4144  2026-04-10 11:30:00  NAS100 25,276.75 25,279.75 25,265.50 25,269.25   -7.75       -0.03     844.00
4145  2026-04-10 12:00:00  NAS100 25,269.50 25,284.75 25,268.50 25,269.25    0.00        0.00   1,090.00
4146  2026-04-10 12:30:00  NAS100 25,270.75 25,278.50 25,257.50 25,263.00   -6.25       -0.02   1,303.00
4147  2026-04-10 13:00:00  NAS100 25,261.75 25,268.00 25,235.50 25,237.75  -25.25       -0.10   2,739.00
4148  2026-04-10 13:30:00  NAS100 25,238.25 25,243.00 25,218.75 25,228.25   -9.50       -0.04   2,408.00
4149  2026-04-10 14:00:00  NAS100 25,229.25 25,248.00 25,223.00 25,246.25   18.00        0.07   2,649.00
4150  2026-04-10 14:30:00  NAS100 25,247.75 25,256.00 25,228.75 25,242.00   -4.25       -0.02   2,691.00
4151  2026-04-10 15:00:00  NAS100 25,243.00 25,243.75 25,202.75 25,227.50  -14.50       -0.06   4,244.00
4152  2026-04-10 15:30:00  NAS100 25,227.50 25,235.75 25,203.00 25,209.50  -18.00       -0.07   2,857.00
4153  2026-04-10 16:00:00  NAS100 25,209.50 25,274.75 25,206.00 25,237.75   28.25        0.11   5,924.00
4154  2026-04-10 16:30:00  NAS100 25,237.50 25,262.00 25,221.75 25,259.00   21.25        0.08   3,401.00
4155  2026-04-10 17:00:00  NAS100 25,258.50 25,282.00 25,240.50 25,270.50   11.50        0.05   2,989.00
4156  2026-04-10 17:30:00  NAS100 25,271.25 25,283.75 25,255.50 25,271.25    0.75        0.00   2,833.00
4157  2026-04-10 18:00:00  NAS100 25,272.00 25,299.25 25,270.00 25,292.25   21.00        0.08   3,295.00
4158  2026-04-10 18:30:00  NAS100 25,291.25 25,302.25 25,261.75 25,268.75  -23.50       -0.09   3,436.00
4159  2026-04-10 19:00:00  NAS100 25,269.25 25,386.00 25,263.75 25,336.25   67.50        0.27   4,520.00
4160  2026-04-10 19:30:00  NAS100 25,324.50 25,371.75 25,291.75 25,304.50  -31.75       -0.13   8,603.00
4161  2026-04-10 20:00:00  NAS100 25,304.00 25,322.25 25,292.00 25,315.25   10.75        0.04   7,994.00
4162  2026-04-10 20:30:00  NAS100 25,315.25 25,369.25 25,290.50 25,320.50    5.25        0.02  47,601.00
4163  2026-04-10 21:00:00  NAS100 25,319.00 25,353.00 25,268.00 25,340.50   20.00        0.08  32,755.00
4164  2026-04-10 21:30:00  NAS100 25,341.50 25,373.75 25,306.25 25,352.50   12.00        0.05  32,558.00
4165  2026-04-10 22:00:00  NAS100 25,352.50 25,393.00 25,328.25 25,348.00   -4.50       -0.02  27,994.00
4166  2026-04-10 22:30:00  NAS100 25,348.25 25,357.50 25,244.75 25,264.50  -83.50       -0.33  31,717.00
4167  2026-04-10 23:00:00  NAS100 25,264.50 25,301.50 25,248.25 25,275.75   11.25        0.04  22,431.00
4168  2026-04-10 23:30:00  NAS100 25,275.75 25,284.00 25,222.25 25,264.50  -11.25       -0.04  21,255.00
4169  2026-04-11 00:00:00  NAS100 25,265.50 25,266.25 25,227.75 25,233.50  -31.00       -0.12  16,036.00
4170  2026-04-11 00:30:00  NAS100 25,232.75 25,276.00 25,223.25 25,272.00   38.50        0.15  13,531.00
4171  2026-04-11 01:00:00  NAS100 25,271.75 25,281.25 25,240.25 25,267.50   -4.50       -0.02  16,524.00
4172  2026-04-11 01:30:00  NAS100 25,267.00 25,271.00 25,238.50 25,260.75   -6.75       -0.03  12,504.00
4173  2026-04-11 02:00:00  NAS100 25,261.25 25,302.00 25,259.00 25,294.50   33.75        0.13  15,345.00
4174  2026-04-11 02:30:00  NAS100 25,295.25 25,295.25 25,259.50 25,284.25  -10.25       -0.04  28,832.00
4175  2026-04-11 03:00:00  NAS100 25,284.25 25,310.50 25,276.75 25,305.25   21.00        0.08   9,233.00
4176  2026-04-11 03:30:00  NAS100 25,305.00 25,338.00 25,301.00 25,333.00   27.75        0.11   3,410.00
4177  2026-04-13 05:00:00  NAS100 24,980.00 25,019.25 24,904.50 24,954.00 -379.00       -1.50  15,329.00
4178  2026-04-13 05:30:00  NAS100 24,954.75 24,965.50 24,928.25 24,956.25    2.25        0.01   6,160.00
4179  2026-04-13 06:00:00  NAS100 24,957.25 24,958.25 24,929.50 24,944.50  -11.75       -0.05   3,046.00
4180  2026-04-13 06:30:00  NAS100 24,945.00 24,989.25 24,922.00 24,984.00   39.50        0.16   4,139.00
4181  2026-04-13 07:00:00  NAS100 24,984.00 25,009.50 24,950.00 24,996.50   12.50        0.05   6,924.00
4182  2026-04-13 07:30:00  NAS100 24,996.00 25,056.00 24,988.50 25,055.00   58.50        0.23   4,949.00
4183  2026-04-13 08:00:00  NAS100 25,055.50 25,083.25 25,052.00 25,073.75   18.75        0.07   4,674.00
4184  2026-04-13 08:30:00  NAS100 25,072.50 25,093.75 25,059.00 25,083.00    9.25        0.04   3,475.00
4185  2026-04-13 09:00:00  NAS100 25,083.25 25,085.50 25,056.50 25,061.50  -21.50       -0.09   2,444.00
4186  2026-04-13 09:30:00  NAS100 25,062.00 25,082.50 25,056.50 25,077.25   15.75        0.06   1,690.00
4187  2026-04-13 10:00:00  NAS100 25,077.75 25,084.25 25,054.00 25,072.00   -5.25       -0.02   2,124.00
4188  2026-04-13 10:30:00  NAS100 25,071.25 25,074.00 25,056.75 25,059.75  -12.25       -0.05   1,236.00
4189  2026-04-13 11:00:00  NAS100 25,059.75 25,076.00 25,049.50 25,070.75   11.00        0.04   1,965.00
4190  2026-04-13 11:30:00  NAS100 25,071.75 25,096.00 25,063.25 25,081.00   10.25        0.04   1,759.00
4191  2026-04-13 12:00:00  NAS100 25,081.00 25,089.25 25,059.25 25,078.50   -2.50       -0.01   1,723.00
4192  2026-04-13 12:30:00  NAS100 25,079.75 25,085.00 25,064.00 25,079.75    1.25        0.00   1,655.00
4193  2026-04-13 13:00:00  NAS100 25,080.00 25,119.00 25,078.00 25,108.50   28.75        0.11   3,073.00
4194  2026-04-13 13:30:00  NAS100 25,109.75 25,115.50 25,097.50 25,115.50    7.00        0.03   1,747.00
4195  2026-04-13 14:00:00  NAS100 25,115.50 25,128.25 25,088.00 25,109.75   -5.75       -0.02   3,447.00
4196  2026-04-13 14:30:00  NAS100 25,110.50 25,117.00 25,093.00 25,101.50   -8.25       -0.03   1,830.00
4197  2026-04-13 15:00:00  NAS100 25,101.00 25,130.25 25,099.75 25,118.50   17.00        0.07   3,869.00
4198  2026-04-13 15:30:00  NAS100 25,118.25 25,123.00 25,089.75 25,097.75  -20.75       -0.08   3,877.00
4199  2026-04-13 16:00:00  NAS100 25,098.00 25,129.50 25,097.75 25,122.00   24.25        0.10   2,796.00
4200  2026-04-13 16:30:00  NAS100 25,122.00 25,133.00 25,108.00 25,116.00   -6.00       -0.02   1,690.00
4201  2026-04-13 17:00:00  NAS100 25,116.50 25,123.75 25,109.50 25,119.00    3.00        0.01   1,748.00
4202  2026-04-13 17:30:00  NAS100 25,120.75 25,164.25 25,112.00 25,156.75   37.75        0.15   3,065.00
4203  2026-04-13 18:00:00  NAS100 25,156.50 25,194.75 25,134.50 25,139.00  -17.75       -0.07   6,085.00
4204  2026-04-13 18:30:00  NAS100 25,138.00 25,141.50 25,084.50 25,089.25  -49.75       -0.20   6,805.00
4205  2026-04-13 19:00:00  NAS100 25,090.25 25,129.00 25,073.50 25,124.75   35.50        0.14   6,096.00
4206  2026-04-13 19:30:00  NAS100 25,125.75 25,179.50 25,120.25 25,168.75   44.00        0.18   7,447.00
4207  2026-04-13 20:00:00  NAS100 25,168.25 25,217.50 25,156.50 25,215.25   46.50        0.18  10,742.00
4208  2026-04-13 20:30:00  NAS100 25,215.75 25,310.00 25,160.00 25,308.00   92.75        0.37  63,781.00
4209  2026-04-13 21:00:00  NAS100 25,306.75 25,333.00 25,245.50 25,296.25  -11.75       -0.05  42,913.00
4210  2026-04-13 21:30:00  NAS100 25,296.25 25,360.75 25,277.00 25,351.75   55.50        0.22  28,564.00
4211  2026-04-13 22:00:00  NAS100 25,352.00 25,352.75 25,306.25 25,312.25  -39.50       -0.16  24,225.00
4212  2026-04-13 22:30:00  NAS100 25,313.00 25,355.00 25,296.50 25,309.50   -2.75       -0.01  19,455.00
4213  2026-04-13 23:00:00  NAS100 25,309.00 25,396.50 25,282.50 25,385.00   75.50        0.30  28,858.00
4214  2026-04-13 23:30:00  NAS100 25,385.25 25,435.00 25,345.25 25,410.75   25.75        0.10  36,095.00
4215  2026-04-14 00:00:00  NAS100 25,411.00 25,439.50 25,396.75 25,430.00   19.25        0.08  16,159.00
4216  2026-04-14 00:30:00  NAS100 25,429.50 25,438.50 25,398.75 25,404.00  -26.00       -0.10  14,554.00
4217  2026-04-14 01:00:00  NAS100 25,404.50 25,425.25 25,396.00 25,399.75   -4.25       -0.02  10,944.00
4218  2026-04-14 01:30:00  NAS100 25,399.25 25,454.50 25,397.00 25,445.25   45.50        0.18  15,178.00
4219  2026-04-14 02:00:00  NAS100 25,445.50 25,461.25 25,431.00 25,458.75   13.50        0.05  12,469.00
4220  2026-04-14 02:30:00  NAS100 25,458.50 25,550.25 25,450.75 25,538.25   79.50        0.31  40,890.00
4221  2026-04-14 03:00:00  NAS100 25,537.75 25,563.75 25,533.50 25,551.50   13.25        0.05  14,127.00
4222  2026-04-14 03:30:00  NAS100 25,551.50 25,599.25 25,549.75 25,585.50   34.00        0.13   4,965.00
4223  2026-04-14 05:00:00  NAS100 25,575.25 25,597.25 25,564.25 25,581.25   -4.25       -0.02   3,097.00
4224  2026-04-14 05:30:00  NAS100 25,581.25 25,597.50 25,577.50 25,594.00   12.75        0.05   2,285.00
4225  2026-04-14 06:00:00  NAS100 25,593.75 25,619.25 25,587.00 25,601.25    7.25        0.03   3,777.00
4226  2026-04-14 06:30:00  NAS100 25,601.00 25,613.00 25,583.00 25,585.25  -16.00       -0.06   3,139.00
4227  2026-04-14 07:00:00  NAS100 25,585.00 25,588.75 25,560.00 25,575.25  -10.00       -0.04   4,037.00
4228  2026-04-14 07:30:00  NAS100 25,574.75 25,600.00 25,574.25 25,590.25   15.00        0.06   2,332.00
4229  2026-04-14 08:00:00  NAS100 25,590.75 25,593.50 25,571.25 25,585.50   -4.75       -0.02   1,684.00
4230  2026-04-14 08:30:00  NAS100 25,584.00 25,588.50 25,572.75 25,581.25   -4.25       -0.02   1,560.00
4231  2026-04-14 09:00:00  NAS100 25,582.00 25,597.75 25,575.75 25,590.75    9.50        0.04   1,489.00
4232  2026-04-14 09:30:00  NAS100 25,590.50 25,597.00 25,582.50 25,596.50    5.75        0.02   1,205.00
4233  2026-04-14 10:00:00  NAS100 25,595.75 25,595.75 25,574.50 25,578.50  -18.00       -0.07   1,293.00
4234  2026-04-14 10:30:00  NAS100 25,578.25 25,586.00 25,575.25 25,582.75    4.25        0.02     791.00
4235  2026-04-14 11:00:00  NAS100 25,583.00 25,592.75 25,580.75 25,588.75    6.00        0.02     935.00
4236  2026-04-14 11:30:00  NAS100 25,588.00 25,594.50 25,584.00 25,593.75    5.00        0.02     720.00
4237  2026-04-14 12:00:00  NAS100 25,593.50 25,598.25 25,584.50 25,593.50   -0.25       -0.00     949.00
4238  2026-04-14 12:30:00  NAS100 25,593.00 25,593.00 25,571.50 25,574.25  -19.25       -0.08   1,557.00
4239  2026-04-14 13:00:00  NAS100 25,574.50 25,580.75 25,564.50 25,574.25    0.00        0.00   1,966.00
4240  2026-04-14 13:30:00  NAS100 25,573.75 25,593.25 25,569.75 25,584.75   10.50        0.04   2,126.00
4241  2026-04-14 14:00:00  NAS100 25,586.00 25,637.50 25,581.50 25,621.75   37.00        0.14   5,806.00
4242  2026-04-14 14:30:00  NAS100 25,622.75 25,643.50 25,606.50 25,618.00   -3.75       -0.01   3,146.00
4243  2026-04-14 15:00:00  NAS100 25,618.25 25,645.00 25,609.75 25,644.75   26.75        0.10   3,121.00
4244  2026-04-14 15:30:00  NAS100 25,643.75 25,665.00 25,634.75 25,662.50   17.75        0.07   2,631.00
4245  2026-04-14 16:00:00  NAS100 25,663.00 25,674.00 25,651.25 25,652.00  -10.50       -0.04   2,977.00
4246  2026-04-14 16:30:00  NAS100 25,651.00 25,651.25 25,631.75 25,638.25  -13.75       -0.05   2,433.00
4247  2026-04-14 17:00:00  NAS100 25,638.00 25,655.50 25,627.00 25,648.00    9.75        0.04   2,763.00
4248  2026-04-14 17:30:00  NAS100 25,648.50 25,649.25 25,622.75 25,625.75  -22.25       -0.09   2,766.00
4249  2026-04-14 18:00:00  NAS100 25,625.00 25,659.75 25,620.00 25,657.00   31.25        0.12   2,758.00
4250  2026-04-14 18:30:00  NAS100 25,655.75 25,698.00 25,650.25 25,666.75    9.75        0.04   5,151.00
4251  2026-04-14 19:00:00  NAS100 25,667.50 25,701.00 25,656.50 25,694.50   27.75        0.11   6,448.00
4252  2026-04-14 19:30:00  NAS100 25,692.75 25,723.00 25,660.00 25,676.25  -18.25       -0.07   8,407.00
4253  2026-04-14 20:00:00  NAS100 25,675.50 25,682.25 25,651.75 25,656.50  -19.75       -0.08   7,960.00
4254  2026-04-14 20:30:00  NAS100 25,656.25 25,763.75 25,656.00 25,722.25   65.75        0.26  54,774.00
4255  2026-04-14 21:00:00  NAS100 25,721.50 25,806.25 25,712.00 25,803.75   81.50        0.32  36,660.00
4256  2026-04-14 21:30:00  NAS100 25,803.75 25,820.25 25,780.50 25,806.00    2.25        0.01  27,483.00
4257  2026-04-14 22:00:00  NAS100 25,805.75 25,846.00 25,762.50 25,834.00   28.00        0.11  29,363.00
4258  2026-04-14 22:30:00  NAS100 25,833.50 25,899.75 25,832.50 25,875.75   41.75        0.16  27,356.00
4259  2026-04-14 23:00:00  NAS100 25,876.00 25,931.50 25,872.00 25,927.75   52.00        0.20  19,798.00
4260  2026-04-14 23:30:00  NAS100 25,927.75 25,938.00 25,904.00 25,914.00  -13.75       -0.05  20,459.00
4261  2026-04-15 00:00:00  NAS100 25,914.25 25,959.50 25,911.75 25,943.25   29.25        0.11  17,661.00
4262  2026-04-15 00:30:00  NAS100 25,943.00 25,969.25 25,941.50 25,958.00   14.75        0.06  13,624.00
4263  2026-04-15 01:00:00  NAS100 25,958.75 25,964.75 25,884.25 25,909.75  -48.25       -0.19  23,799.00
4264  2026-04-15 01:30:00  NAS100 25,909.75 25,936.00 25,902.25 25,917.75    8.00        0.03  16,733.00
4265  2026-04-15 02:00:00  NAS100 25,917.50 25,990.00 25,915.00 25,987.75   70.00        0.27  22,834.00
4266  2026-04-15 02:30:00  NAS100 25,988.25 26,003.25 25,954.00 26,000.75   13.00        0.05  43,238.00
4267  2026-04-15 03:00:00  NAS100 26,000.50 26,003.00 25,972.00 25,993.25   -7.50       -0.03  13,166.00
4268  2026-04-15 03:30:00  NAS100 25,993.25 25,999.75 25,981.75 25,990.00   -3.25       -0.01   3,062.00
4269  2026-04-15 05:00:00  NAS100 25,985.75 26,015.00 25,976.50 26,004.00   14.00        0.05   3,979.00
4270  2026-04-15 05:30:00  NAS100 26,003.25 26,007.75 25,991.75 25,995.75   -8.25       -0.03   1,650.00
4271  2026-04-15 06:00:00  NAS100 25,995.75 26,015.00 25,993.50 26,012.25   16.50        0.06   1,522.00
4272  2026-04-15 06:30:00  NAS100 26,011.75 26,035.50 26,005.00 26,018.25    6.00        0.02   4,152.00
4273  2026-04-15 07:00:00  NAS100 26,017.50 26,023.00 26,006.25 26,018.50    0.25        0.00   2,961.00
4274  2026-04-15 07:30:00  NAS100 26,018.25 26,021.50 25,995.00 26,018.75    0.25        0.00   3,431.00
4275  2026-04-15 08:00:00  NAS100 26,017.75 26,040.75 26,014.00 26,037.25   18.50        0.07   2,956.00
4276  2026-04-15 08:30:00  NAS100 26,036.25 26,042.50 26,024.00 26,038.50    1.25        0.00   1,828.00
4277  2026-04-15 09:00:00  NAS100 26,037.75 26,038.50 26,011.75 26,012.25  -26.25       -0.10   1,794.00
4278  2026-04-15 09:30:00  NAS100 26,011.75 26,013.00 25,990.00 25,996.00  -16.25       -0.06   3,002.00
4279  2026-04-15 10:00:00  NAS100 25,995.50 26,004.50 25,995.00 26,002.00    6.00        0.02   1,414.00
4280  2026-04-15 10:30:00  NAS100 26,002.75 26,026.25 26,001.25 26,021.75   19.75        0.08   1,795.00
4281  2026-04-15 11:00:00  NAS100 26,021.50 26,025.50 26,017.25 26,023.25    1.50        0.01     788.00
4282  2026-04-15 11:30:00  NAS100 26,024.00 26,025.25 26,009.75 26,014.00   -9.25       -0.04   1,104.00
4283  2026-04-15 12:00:00  NAS100 26,014.00 26,058.00 25,978.75 25,986.75  -27.25       -0.10   5,591.00
4284  2026-04-15 12:30:00  NAS100 25,987.25 25,988.25 25,966.00 25,978.50   -8.25       -0.03   3,142.00
4285  2026-04-15 13:00:00  NAS100 25,979.00 25,989.50 25,968.00 25,983.00    4.50        0.02   1,953.00
4286  2026-04-15 13:30:00  NAS100 25,982.00 25,998.00 25,981.50 25,988.00    5.00        0.02   2,082.00
4287  2026-04-15 14:00:00  NAS100 25,988.50 25,999.00 25,977.00 25,987.00   -1.00       -0.00   2,681.00
4288  2026-04-15 14:30:00  NAS100 25,987.50 26,009.25 25,970.50 26,004.75   17.75        0.07   3,570.00
4289  2026-04-15 15:00:00  NAS100 26,004.50 26,024.50 26,000.00 26,022.75   18.00        0.07   3,130.00
4290  2026-04-15 15:30:00  NAS100 26,022.50 26,038.00 26,019.25 26,032.00    9.25        0.04   2,023.00
4291  2026-04-15 16:00:00  NAS100 26,032.00 26,038.25 25,982.75 25,991.00  -41.00       -0.16   4,514.00
4292  2026-04-15 16:30:00  NAS100 25,990.50 25,998.50 25,975.00 25,978.25  -12.75       -0.05   1,923.00
4293  2026-04-15 17:00:00  NAS100 25,978.75 25,998.50 25,940.50 25,949.00  -29.25       -0.11   5,957.00
4294  2026-04-15 17:30:00  NAS100 25,949.25 25,989.25 25,933.75 25,985.25   36.25        0.14   5,309.00
4295  2026-04-15 18:00:00  NAS100 25,985.50 25,999.75 25,972.50 25,980.50   -4.75       -0.02   4,337.00
4296  2026-04-15 18:30:00  NAS100 25,979.75 26,048.00 25,977.50 25,998.25   17.75        0.07   6,389.00
4297  2026-04-15 19:00:00  NAS100 25,998.50 26,006.25 25,960.50 25,975.00  -23.25       -0.09   6,132.00
4298  2026-04-15 19:30:00  NAS100 25,974.50 26,007.25 25,970.00 25,990.00   15.00        0.06   5,027.00
4299  2026-04-15 20:00:00  NAS100 25,990.00 26,026.00 25,979.00 26,023.75   33.75        0.13   9,070.00
4300  2026-04-15 20:30:00  NAS100 26,023.50 26,072.25 25,982.25 26,068.50   44.75        0.17  53,952.00
4301  2026-04-15 21:00:00  NAS100 26,069.25 26,134.25 26,048.50 26,133.25   64.75        0.25  36,806.00
4302  2026-04-15 21:30:00  NAS100 26,133.25 26,176.25 26,106.50 26,163.00   29.75        0.11  32,319.00
4303  2026-04-15 22:00:00  NAS100 26,163.00 26,202.00 26,138.75 26,191.75   28.75        0.11  28,620.00
4304  2026-04-15 22:30:00  NAS100 26,191.75 26,215.50 26,167.00 26,196.75    5.00        0.02  23,309.00
4305  2026-04-15 23:00:00  NAS100 26,197.25 26,251.50 26,187.00 26,216.25   19.50        0.07  20,083.00
4306  2026-04-15 23:30:00  NAS100 26,216.00 26,220.00 26,102.25 26,144.25  -72.00       -0.27  38,696.00
4307  2026-04-16 00:00:00  NAS100 26,144.25 26,199.75 26,136.75 26,187.25   43.00        0.16  19,571.00
4308  2026-04-16 00:30:00  NAS100 26,187.50 26,220.00 26,177.25 26,190.75    3.50        0.01  18,130.00
4309  2026-04-16 01:00:00  NAS100 26,190.25 26,258.00 26,173.25 26,247.75   57.00        0.22  23,937.00
4310  2026-04-16 01:30:00  NAS100 26,247.50 26,315.25 26,247.25 26,303.25   55.50        0.21  21,969.00
4311  2026-04-16 02:00:00  NAS100 26,303.00 26,338.25 26,292.25 26,336.50   33.25        0.13  22,570.00
4312  2026-04-16 02:30:00  NAS100 26,336.25 26,377.50 26,329.25 26,364.25   27.75        0.11  42,695.00
4313  2026-04-16 03:00:00  NAS100 26,364.25 26,371.25 26,330.00 26,350.00  -14.25       -0.05  12,057.00
4314  2026-04-16 03:30:00  NAS100 26,350.50 26,361.00 26,343.00 26,359.50    9.50        0.04   4,336.00
4315  2026-04-16 05:00:00  NAS100 26,350.00 26,376.75 26,345.00 26,370.50   11.00        0.04   2,685.00
4316  2026-04-16 05:30:00  NAS100 26,371.75 26,393.25 26,371.75 26,389.75   19.25        0.07   2,133.00
4317  2026-04-16 06:00:00  NAS100 26,389.50 26,399.00 26,383.50 26,389.75    0.00        0.00   1,680.00
4318  2026-04-16 06:30:00  NAS100 26,389.75 26,419.00 26,385.75 26,407.00   17.25        0.07   2,476.00
4319  2026-04-16 07:00:00  NAS100 26,408.00 26,424.50 26,388.75 26,404.50   -2.50       -0.01   4,043.00
4320  2026-04-16 07:30:00  NAS100 26,406.00 26,445.00 26,405.00 26,437.75   33.25        0.13   3,367.00
4321  2026-04-16 08:00:00  NAS100 26,437.50 26,449.75 26,426.00 26,440.75    3.00        0.01   3,017.00
4322  2026-04-16 08:30:00  NAS100 26,439.75 26,465.25 26,430.25 26,440.75    0.00        0.00   3,327.00
4323  2026-04-16 09:00:00  NAS100 26,440.75 26,453.75 26,440.25 26,448.25    7.50        0.03   1,633.00
4324  2026-04-16 09:30:00  NAS100 26,448.50 26,459.00 26,439.75 26,442.50   -5.75       -0.02   1,668.00
4325  2026-04-16 10:00:00  NAS100 26,442.00 26,460.50 26,442.00 26,445.50    3.00        0.01   1,794.00
4326  2026-04-16 10:30:00  NAS100 26,446.75 26,453.25 26,437.50 26,443.50   -2.00       -0.01   1,581.00
4327  2026-04-16 11:00:00  NAS100 26,442.75 26,444.50 26,430.75 26,433.50  -10.00       -0.04   1,617.00
4328  2026-04-16 11:30:00  NAS100 26,434.50 26,439.25 26,429.00 26,434.50    1.00        0.00     866.00
4329  2026-04-16 12:00:00  NAS100 26,435.00 26,445.75 26,416.50 26,443.00    8.50        0.03   2,341.00
4330  2026-04-16 12:30:00  NAS100 26,443.50 26,461.25 26,442.75 26,455.00   12.00        0.05   2,759.00
4331  2026-04-16 13:00:00  NAS100 26,455.75 26,486.00 26,455.25 26,475.75   20.75        0.08   4,779.00
4332  2026-04-16 13:30:00  NAS100 26,478.00 26,485.00 26,464.50 26,480.75    5.00        0.02   2,228.00
4333  2026-04-16 14:00:00  NAS100 26,479.75 26,481.50 26,456.50 26,476.25   -4.50       -0.02   2,994.00
4334  2026-04-16 14:30:00  NAS100 26,476.25 26,488.00 26,452.25 26,460.00  -16.25       -0.06   2,993.00
4335  2026-04-16 15:00:00  NAS100 26,459.50 26,464.50 26,423.00 26,428.25  -31.75       -0.12   5,526.00
4336  2026-04-16 15:30:00  NAS100 26,428.75 26,444.00 26,408.50 26,440.50   12.25        0.05   3,330.00
4337  2026-04-16 16:00:00  NAS100 26,440.50 26,458.00 26,437.50 26,446.75    6.25        0.02   2,431.00
4338  2026-04-16 16:30:00  NAS100 26,446.75 26,455.00 26,433.75 26,453.25    6.50        0.02   1,978.00
4339  2026-04-16 17:00:00  NAS100 26,453.75 26,465.75 26,431.25 26,432.75  -20.50       -0.08   2,382.00
4340  2026-04-16 17:30:00  NAS100 26,433.25 26,433.25 26,364.50 26,406.00  -26.75       -0.10   7,445.00
4341  2026-04-16 18:00:00  NAS100 26,407.50 26,422.50 26,383.00 26,396.25   -9.75       -0.04   4,686.00
4342  2026-04-16 18:30:00  NAS100 26,397.00 26,425.25 26,397.00 26,418.25   22.00        0.08   3,256.00
4343  2026-04-16 19:00:00  NAS100 26,419.00 26,430.50 26,400.00 26,425.50    7.25        0.03   4,038.00
4344  2026-04-16 19:30:00  NAS100 26,427.75 26,432.50 26,392.75 26,402.00  -23.50       -0.09   5,287.00
4345  2026-04-16 20:00:00  NAS100 26,402.00 26,451.00 26,394.75 26,439.75   37.75        0.14  10,556.00
4346  2026-04-16 20:30:00  NAS100 26,439.00 26,453.25 26,275.50 26,321.25 -118.50       -0.45  72,218.00
4347  2026-04-16 21:00:00  NAS100 26,321.25 26,386.50 26,290.50 26,352.00   30.75        0.12  46,135.00
4348  2026-04-16 21:30:00  NAS100 26,352.75 26,422.75 26,348.50 26,404.25   52.25        0.20  35,458.00
4349  2026-04-16 22:00:00  NAS100 26,403.75 26,506.00 26,403.75 26,458.00   53.75        0.20  38,235.00
4350  2026-04-16 22:30:00  NAS100 26,458.25 26,543.00 26,452.25 26,533.25   75.25        0.28  36,336.00
4351  2026-04-16 23:00:00  NAS100 26,533.75 26,564.00 26,515.00 26,517.75  -15.50       -0.06  21,821.00
4352  2026-04-16 23:30:00  NAS100 26,518.00 26,523.00 26,430.50 26,473.25  -44.50       -0.17  35,153.00
4353  2026-04-17 00:00:00  NAS100 26,474.25 26,488.75 26,431.00 26,476.00    2.75        0.01  28,894.00
4354  2026-04-17 00:30:00  NAS100 26,476.50 26,509.75 26,436.50 26,460.75  -15.25       -0.06  22,617.00
4355  2026-04-17 01:00:00  NAS100 26,460.25 26,484.25 26,355.00 26,373.50  -87.25       -0.33  38,902.00
4356  2026-04-17 01:30:00  NAS100 26,373.75 26,452.25 26,372.00 26,438.00   64.50        0.24  30,077.00
4357  2026-04-17 02:00:00  NAS100 26,438.00 26,466.75 26,434.25 26,445.25    7.25        0.03  20,299.00
4358  2026-04-17 02:30:00  NAS100 26,445.25 26,498.50 26,439.75 26,484.75   39.50        0.15  34,085.00
4359  2026-04-17 03:00:00  NAS100 26,484.25 26,490.75 26,440.75 26,458.00  -26.75       -0.10  12,846.00
4360  2026-04-17 03:30:00  NAS100 26,458.50 26,471.50 26,454.50 26,464.25    6.25        0.02   3,569.00
4361  2026-04-17 05:00:00  NAS100 26,460.00 26,484.50 26,445.25 26,482.25   18.00        0.07   3,327.00
4362  2026-04-17 05:30:00  NAS100 26,482.25 26,487.25 26,473.00 26,475.25   -7.00       -0.03   1,342.00
4363  2026-04-17 06:00:00  NAS100 26,473.50 26,488.00 26,470.25 26,477.25    2.00        0.01   1,583.00
4364  2026-04-17 06:30:00  NAS100 26,477.00 26,488.50 26,472.00 26,479.50    2.25        0.01   1,423.00
4365  2026-04-17 07:00:00  NAS100 26,479.75 26,494.50 26,456.00 26,490.50   11.00        0.04   4,433.00
4366  2026-04-17 07:30:00  NAS100 26,490.50 26,497.25 26,484.25 26,487.50   -3.00       -0.01   1,794.00
4367  2026-04-17 08:00:00  NAS100 26,487.50 26,497.75 26,480.50 26,482.75   -4.75       -0.02   2,867.00
4368  2026-04-17 08:30:00  NAS100 26,484.25 26,497.00 26,483.50 26,488.25    5.50        0.02   1,236.00
4369  2026-04-17 09:00:00  NAS100 26,489.25 26,495.00 26,455.00 26,467.75  -20.50       -0.08   2,229.00
4370  2026-04-17 09:30:00  NAS100 26,467.50 26,476.50 26,461.00 26,465.00   -2.75       -0.01   1,228.00
4371  2026-04-17 10:00:00  NAS100 26,464.75 26,468.25 26,451.25 26,457.00   -8.00       -0.03   1,229.00
4372  2026-04-17 10:30:00  NAS100 26,458.00 26,462.50 26,449.50 26,459.25    2.25        0.01   1,101.00
4373  2026-04-17 11:00:00  NAS100 26,459.25 26,481.75 26,456.00 26,475.75   16.50        0.06   1,388.00
4374  2026-04-17 11:30:00  NAS100 26,476.25 26,479.00 26,461.50 26,463.25  -12.50       -0.05     955.00
4375  2026-04-17 12:00:00  NAS100 26,463.25 26,464.25 26,440.00 26,456.25   -7.00       -0.03   1,744.00
4376  2026-04-17 12:30:00  NAS100 26,456.50 26,470.00 26,443.25 26,465.50    9.25        0.03   1,374.00
4377  2026-04-17 13:00:00  NAS100 26,466.00 26,480.25 26,458.50 26,459.00   -6.50       -0.02   2,279.00
4378  2026-04-17 13:30:00  NAS100 26,458.00 26,465.25 26,446.75 26,456.75   -2.25       -0.01   1,498.00
4379  2026-04-17 14:00:00  NAS100 26,457.00 26,486.50 26,457.00 26,470.25   13.50        0.05   2,636.00
4380  2026-04-17 14:30:00  NAS100 26,470.75 26,492.25 26,468.75 26,488.25   18.00        0.07   2,033.00
4381  2026-04-17 15:00:00  NAS100 26,488.75 26,500.00 26,476.75 26,497.75    9.50        0.04   2,290.00
4382  2026-04-17 15:30:00  NAS100 26,497.75 26,521.00 26,491.50 26,518.75   21.00        0.08   2,464.00
4383  2026-04-17 16:00:00  NAS100 26,518.75 26,528.50 26,506.25 26,527.50    8.75        0.03   2,539.00
4384  2026-04-17 16:30:00  NAS100 26,527.50 26,541.50 26,508.75 26,537.00    9.50        0.04   3,319.00
4385  2026-04-17 17:00:00  NAS100 26,537.00 26,547.00 26,520.25 26,523.75  -13.25       -0.05   3,193.00
4386  2026-04-17 17:30:00  NAS100 26,523.75 26,531.00 26,505.50 26,526.50    2.75        0.01   2,462.00
4387  2026-04-17 18:00:00  NAS100 26,525.75 26,547.50 26,521.75 26,543.00   16.50        0.06   2,774.00
4388  2026-04-17 18:30:00  NAS100 26,543.25 26,568.25 26,540.25 26,565.75   22.75        0.09   4,179.00
4389  2026-04-17 19:00:00  NAS100 26,566.50 26,625.00 26,561.50 26,620.00   54.25        0.20   9,549.00
4390  2026-04-17 19:30:00  NAS100 26,620.25 26,745.75 26,602.25 26,741.50  121.50        0.46  23,244.00
4391  2026-04-17 20:00:00  NAS100 26,742.00 26,817.75 26,684.00 26,692.25  -49.25       -0.18  36,597.00
4392  2026-04-17 20:30:00  NAS100 26,692.50 26,739.00 26,629.50 26,731.25   39.00        0.15  70,540.00
4393  2026-04-17 21:00:00  NAS100 26,731.75 26,776.00 26,714.50 26,739.75    8.50        0.03  38,642.00
4394  2026-04-17 21:30:00  NAS100 26,740.00 26,855.75 26,740.00 26,827.25   87.50        0.33  44,375.00
4395  2026-04-17 22:00:00  NAS100 26,827.75 26,855.25 26,807.00 26,842.25   15.00        0.06  32,558.00
4396  2026-04-17 22:30:00  NAS100 26,842.75 26,877.00 26,799.25 26,804.75  -37.50       -0.14  31,734.00
4397  2026-04-17 23:00:00  NAS100 26,804.75 26,862.50 26,791.50 26,856.00   51.25        0.19  24,027.00
4398  2026-04-17 23:30:00  NAS100 26,856.75 26,884.75 26,853.50 26,859.25    3.25        0.01  20,039.00
4399  2026-04-18 00:00:00  NAS100 26,859.50 26,877.25 26,735.50 26,771.75  -87.50       -0.33  45,409.00
4400  2026-04-18 00:30:00  NAS100 26,771.75 26,828.75 26,760.00 26,808.00   36.25        0.14  24,895.00
4401  2026-04-18 01:00:00  NAS100 26,808.25 26,822.00 26,755.50 26,784.50  -23.50       -0.09  31,119.00
4402  2026-04-18 01:30:00  NAS100 26,785.00 26,814.00 26,768.00 26,784.75    0.25        0.00  19,789.00
4403  2026-04-18 02:00:00  NAS100 26,785.00 26,796.75 26,757.75 26,778.75   -6.00       -0.02  17,071.00
4404  2026-04-18 02:30:00  NAS100 26,778.75 26,831.00 26,778.50 26,827.50   48.75        0.18  37,548.00
4405  2026-04-18 03:00:00  NAS100 26,827.75 26,845.00 26,816.00 26,819.75   -7.75       -0.03  10,974.00
4406  2026-04-18 03:30:00  NAS100 26,820.25 26,844.75 26,818.50 26,840.75   21.00        0.08   3,343.00
4407  2026-04-20 05:00:00  NAS100 26,599.75 26,659.25 26,535.00 26,623.00 -217.75       -0.81  13,597.00
4408  2026-04-20 05:30:00  NAS100 26,623.50 26,675.00 26,618.50 26,665.00   42.00        0.16   4,983.00
4409  2026-04-20 06:00:00  NAS100 26,665.75 26,682.00 26,646.75 26,658.75   -6.25       -0.02   3,772.00
4410  2026-04-20 06:30:00  NAS100 26,660.00 26,665.25 26,636.75 26,659.75    1.00        0.00   3,065.00
4411  2026-04-20 07:00:00  NAS100 26,658.25 26,662.25 26,616.00 26,652.50   -7.25       -0.03   6,626.00
4412  2026-04-20 07:30:00  NAS100 26,652.00 26,665.00 26,640.00 26,656.75    4.25        0.02   2,592.00
4413  2026-04-20 08:00:00  NAS100 26,657.75 26,700.00 26,653.00 26,689.00   32.25        0.12   4,947.00
4414  2026-04-20 08:30:00  NAS100 26,688.25 26,714.75 26,688.25 26,705.25   16.25        0.06   2,555.00
4415  2026-04-20 09:00:00  NAS100 26,705.75 26,706.25 26,688.00 26,697.00   -8.25       -0.03   2,085.00
4416  2026-04-20 09:30:00  NAS100 26,697.25 26,698.75 26,684.75 26,694.50   -2.50       -0.01   1,248.00
4417  2026-04-20 10:00:00  NAS100 26,694.25 26,700.75 26,682.00 26,691.25   -3.25       -0.01   1,472.00
4418  2026-04-20 10:30:00  NAS100 26,692.00 26,701.25 26,677.00 26,679.25  -12.00       -0.04   1,290.00
4419  2026-04-20 11:00:00  NAS100 26,679.00 26,682.25 26,665.50 26,666.50  -12.75       -0.05   1,437.00
4420  2026-04-20 11:30:00  NAS100 26,666.50 26,681.25 26,654.25 26,675.50    9.00        0.03   1,773.00
4421  2026-04-20 12:00:00  NAS100 26,675.50 26,678.50 26,646.00 26,648.25  -27.25       -0.10   1,678.00
4422  2026-04-20 12:30:00  NAS100 26,648.25 26,649.75 26,612.00 26,635.00  -13.25       -0.05   3,733.00
4423  2026-04-20 13:00:00  NAS100 26,636.00 26,660.75 26,633.25 26,655.00   20.00        0.08   2,607.00
4424  2026-04-20 13:30:00  NAS100 26,656.75 26,701.25 26,648.00 26,687.25   32.25        0.12   4,062.00
4425  2026-04-20 14:00:00  NAS100 26,689.00 26,721.25 26,682.25 26,689.25    2.00        0.01   4,882.00
4426  2026-04-20 14:30:00  NAS100 26,688.25 26,693.50 26,646.25 26,669.00  -20.25       -0.08   4,241.00
4427  2026-04-20 15:00:00  NAS100 26,668.50 26,677.00 26,619.00 26,672.75    3.75        0.01   4,709.00
4428  2026-04-20 15:30:00  NAS100 26,673.75 26,708.25 26,660.00 26,695.75   23.00        0.09   3,098.00
4429  2026-04-20 16:00:00  NAS100 26,697.00 26,720.00 26,685.50 26,698.25    2.50        0.01   2,810.00
4430  2026-04-20 16:30:00  NAS100 26,697.50 26,712.50 26,693.00 26,694.25   -4.00       -0.01   1,819.00
4431  2026-04-20 17:00:00  NAS100 26,695.25 26,732.50 26,691.50 26,710.50   16.25        0.06   3,262.00
4432  2026-04-20 17:30:00  NAS100 26,711.50 26,711.50 26,693.00 26,700.25  -10.25       -0.04   2,056.00
4433  2026-04-20 18:00:00  NAS100 26,701.00 26,708.75 26,680.75 26,688.25  -12.00       -0.04   3,114.00
4434  2026-04-20 18:30:00  NAS100 26,689.00 26,723.50 26,683.00 26,710.00   21.75        0.08   4,561.00
4435  2026-04-20 19:00:00  NAS100 26,710.50 26,727.50 26,702.00 26,716.25    6.25        0.02   4,829.00
4436  2026-04-20 19:30:00  NAS100 26,717.50 26,776.00 26,710.75 26,750.50   34.25        0.13   7,269.00
4437  2026-04-20 20:00:00  NAS100 26,751.75 26,803.00 26,739.00 26,796.25   45.75        0.17  12,560.00
4438  2026-04-20 20:30:00  NAS100 26,796.50 26,827.75 26,715.75 26,780.75  -15.50       -0.06  51,194.00
4439  2026-04-20 21:00:00  NAS100 26,782.75 26,788.25 26,717.50 26,729.50  -51.25       -0.19  37,607.00
4440  2026-04-20 21:30:00  NAS100 26,730.00 26,740.25 26,611.25 26,637.75  -91.75       -0.34  47,902.00
4441  2026-04-20 22:00:00  NAS100 26,638.25 26,710.75 26,568.75 26,699.00   61.25        0.23  45,847.00
4442  2026-04-20 22:30:00  NAS100 26,700.25 26,700.25 26,634.25 26,658.50  -40.50       -0.15  23,543.00
4443  2026-04-20 23:00:00  NAS100 26,658.25 26,687.75 26,639.25 26,675.00   16.50        0.06  18,528.00
4444  2026-04-20 23:30:00  NAS100 26,675.00 26,699.75 26,666.25 26,679.25    4.25        0.02  15,620.00
4445  2026-04-21 00:00:00  NAS100 26,679.50 26,717.25 26,660.50 26,697.00   17.75        0.07  17,087.00
4446  2026-04-21 00:30:00  NAS100 26,697.00 26,727.00 26,684.75 26,707.50   10.50        0.04  16,165.00
4447  2026-04-21 01:00:00  NAS100 26,707.50 26,743.00 26,696.75 26,733.75   26.25        0.10  19,724.00
4448  2026-04-21 01:30:00  NAS100 26,733.75 26,748.50 26,710.00 26,732.00   -1.75       -0.01  15,355.00
4449  2026-04-21 02:00:00  NAS100 26,732.75 26,742.50 26,720.25 26,727.75   -4.25       -0.02  10,750.00
4450  2026-04-21 02:30:00  NAS100 26,727.50 26,752.00 26,709.25 26,745.75   18.00        0.07  28,840.00
4451  2026-04-21 03:00:00  NAS100 26,745.25 26,752.75 26,734.50 26,743.50   -2.25       -0.01   8,974.00
4452  2026-04-21 03:30:00  NAS100 26,743.25 26,809.75 26,729.25 26,774.25   30.75        0.11  10,709.00
4453  2026-04-21 05:00:00  NAS100 26,776.75 26,817.50 26,756.50 26,800.00   25.75        0.10   2,942.00
4454  2026-04-21 05:30:00  NAS100 26,800.75 26,813.75 26,794.50 26,810.25   10.25        0.04   1,216.00
4455  2026-04-21 06:00:00  NAS100 26,810.50 26,812.50 26,793.50 26,798.00  -12.25       -0.05   1,072.00
4456  2026-04-21 06:30:00  NAS100 26,796.75 26,802.25 26,791.50 26,796.75   -1.25       -0.00   1,378.00
4457  2026-04-21 07:00:00  NAS100 26,796.75 26,819.00 26,794.25 26,797.50    0.75        0.00   3,214.00
4458  2026-04-21 07:30:00  NAS100 26,798.75 26,838.50 26,785.00 26,824.00   26.50        0.10   4,456.00
4459  2026-04-21 08:00:00  NAS100 26,825.00 26,831.00 26,812.25 26,830.00    6.00        0.02   1,896.00
4460  2026-04-21 08:30:00  NAS100 26,829.75 26,837.25 26,807.25 26,812.75  -17.25       -0.06   2,435.00
4461  2026-04-21 09:00:00  NAS100 26,813.00 26,823.00 26,808.25 26,821.75    9.00        0.03   1,165.00
4462  2026-04-21 09:30:00  NAS100 26,821.75 26,822.50 26,810.50 26,812.00   -9.75       -0.04   1,089.00
4463  2026-04-21 10:00:00  NAS100 26,813.25 26,817.00 26,790.00 26,805.25   -6.75       -0.03   1,746.00
4464  2026-04-21 10:30:00  NAS100 26,804.50 26,813.75 26,800.50 26,812.25    7.00        0.03     887.00
4465  2026-04-21 11:00:00  NAS100 26,812.25 26,827.50 26,811.75 26,824.00   11.75        0.04   1,159.00
4466  2026-04-21 11:30:00  NAS100 26,824.25 26,831.25 26,822.75 26,825.50    1.50        0.01     745.00
4467  2026-04-21 12:00:00  NAS100 26,825.50 26,844.25 26,820.75 26,838.50   13.00        0.05   1,996.00
4468  2026-04-21 12:30:00  NAS100 26,838.00 26,838.25 26,819.00 26,826.75  -11.75       -0.04   1,195.00
4469  2026-04-21 13:00:00  NAS100 26,826.50 26,857.25 26,823.25 26,845.25   18.50        0.07   2,559.00
4470  2026-04-21 13:30:00  NAS100 26,846.25 26,856.25 26,842.25 26,846.25    1.00        0.00   1,211.00
4471  2026-04-21 14:00:00  NAS100 26,846.25 26,847.25 26,808.00 26,819.25  -27.00       -0.10   2,847.00
4472  2026-04-21 14:30:00  NAS100 26,820.50 26,839.75 26,806.50 26,813.25   -6.00       -0.02   2,121.00
4473  2026-04-21 15:00:00  NAS100 26,813.25 26,832.75 26,797.25 26,827.25   14.00        0.05   2,443.00
4474  2026-04-21 15:30:00  NAS100 26,826.75 26,854.75 26,819.00 26,837.00    9.75        0.04   2,364.00
4475  2026-04-21 16:00:00  NAS100 26,837.25 26,837.25 26,805.50 26,821.00  -16.00       -0.06   2,499.00
4476  2026-04-21 16:30:00  NAS100 26,822.25 26,847.00 26,820.50 26,840.75   19.75        0.07   1,965.00
4477  2026-04-21 17:00:00  NAS100 26,841.25 26,860.75 26,834.50 26,846.75    6.00        0.02   1,839.00
4478  2026-04-21 17:30:00  NAS100 26,847.00 26,882.50 26,845.00 26,872.00   25.25        0.09   2,707.00
4479  2026-04-21 18:00:00  NAS100 26,871.75 26,884.25 26,840.00 26,875.00    3.00        0.01   5,002.00
4480  2026-04-21 18:30:00  NAS100 26,875.50 26,901.75 26,868.50 26,871.25   -3.75       -0.01   5,148.00
4481  2026-04-21 19:00:00  NAS100 26,871.50 26,880.25 26,828.00 26,859.75  -11.50       -0.04   6,406.00
4482  2026-04-21 19:30:00  NAS100 26,860.50 26,872.75 26,812.00 26,820.75  -39.00       -0.15   9,966.00
4483  2026-04-21 20:00:00  NAS100 26,823.25 26,827.25 26,798.50 26,808.75  -12.00       -0.04   8,114.00
4484  2026-04-21 20:30:00  NAS100 26,808.00 26,839.00 26,726.75 26,838.50   29.75        0.11  53,133.00
4485  2026-04-21 21:00:00  NAS100 26,838.75 26,885.25 26,815.00 26,842.00    3.50        0.01  36,876.00
4486  2026-04-21 21:30:00  NAS100 26,842.00 26,859.50 26,730.00 26,736.75 -105.25       -0.39  39,432.00
4487  2026-04-21 22:00:00  NAS100 26,737.75 26,786.25 26,662.50 26,723.75  -13.00       -0.05  54,085.00
4488  2026-04-21 22:30:00  NAS100 26,723.25 26,762.50 26,692.50 26,731.50    7.75        0.03  30,814.00
4489  2026-04-21 23:00:00  NAS100 26,733.00 26,782.75 26,702.00 26,704.50  -27.00       -0.10  27,948.00
4490  2026-04-21 23:30:00  NAS100 26,704.25 26,746.75 26,668.25 26,670.75  -33.75       -0.13  25,264.00
4491  2026-04-22 00:00:00  NAS100 26,670.75 26,706.75 26,600.00 26,634.25  -36.50       -0.14  40,800.00
4492  2026-04-22 00:30:00  NAS100 26,635.00 26,765.75 26,632.25 26,699.25   65.00        0.24  40,831.00
4493  2026-04-22 01:00:00  NAS100 26,699.00 26,730.50 26,659.50 26,678.75  -20.50       -0.08  24,371.00
4494  2026-04-22 01:30:00  NAS100 26,679.00 26,746.25 26,664.75 26,724.00   45.25        0.17  22,154.00
4495  2026-04-22 02:00:00  NAS100 26,724.25 26,780.50 26,719.00 26,777.25   53.25        0.20  28,927.00
4496  2026-04-22 02:30:00  NAS100 26,777.50 26,786.50 26,551.75 26,642.25 -135.00       -0.50  58,917.00
4497  2026-04-22 03:00:00  NAS100 26,642.00 26,794.25 26,601.75 26,738.00   95.75        0.36  24,146.00
4498  2026-04-22 03:30:00  NAS100 26,738.50 26,746.75 26,706.50 26,721.25  -16.75       -0.06   6,194.00
4499  2026-04-22 05:00:00  NAS100 26,729.50 26,760.50 26,727.75 26,752.00   30.75        0.12   3,227.00
4500  2026-04-22 05:30:00  NAS100 26,752.25 26,757.25 26,733.75 26,740.25  -11.75       -0.04   1,615.00
4501  2026-04-22 06:00:00  NAS100 26,740.25 26,754.00 26,735.00 26,747.50    7.25        0.03   1,591.00
4502  2026-04-22 06:30:00  NAS100 26,748.75 26,777.25 26,739.00 26,773.50   26.00        0.10   2,522.00
4503  2026-04-22 07:00:00  NAS100 26,774.75 26,817.50 26,771.75 26,803.50   30.00        0.11   4,470.00
4504  2026-04-22 07:30:00  NAS100 26,803.25 26,818.00 26,790.00 26,797.75   -5.75       -0.02   2,206.00
4505  2026-04-22 08:00:00  NAS100 26,797.25 26,813.25 26,792.75 26,803.50    5.75        0.02   2,096.00
4506  2026-04-22 08:30:00  NAS100 26,803.00 26,832.75 26,802.25 26,821.75   18.25        0.07   3,371.00
4507  2026-04-22 09:00:00  NAS100 26,821.25 26,837.75 26,816.75 26,828.50    6.75        0.03   1,945.00
4508  2026-04-22 09:30:00  NAS100 26,828.75 26,831.00 26,816.00 26,817.25  -11.25       -0.04   1,431.00
4509  2026-04-22 10:00:00  NAS100 26,817.25 26,826.25 26,804.00 26,811.25   -6.00       -0.02   1,565.00
4510  2026-04-22 10:30:00  NAS100 26,812.00 26,824.75 26,804.75 26,808.00   -3.25       -0.01   1,734.00
4511  2026-04-22 11:00:00  NAS100 26,808.50 26,817.50 26,795.25 26,797.75  -10.25       -0.04   1,869.00
4512  2026-04-22 11:30:00  NAS100 26,797.50 26,802.00 26,774.50 26,778.25  -19.50       -0.07   1,677.00
4513  2026-04-22 12:00:00  NAS100 26,777.25 26,856.75 26,765.50 26,827.75   49.50        0.18   6,195.00
4514  2026-04-22 12:30:00  NAS100 26,827.75 26,842.75 26,820.50 26,831.25    3.50        0.01   1,787.00
4515  2026-04-22 13:00:00  NAS100 26,833.00 26,835.00 26,802.00 26,821.75   -9.50       -0.04   2,208.00
4516  2026-04-22 13:30:00  NAS100 26,821.50 26,845.00 26,821.00 26,836.00   14.25        0.05   2,189.00
4517  2026-04-22 14:00:00  NAS100 26,835.75 26,852.75 26,825.75 26,849.50   13.50        0.05   2,980.00
4518  2026-04-22 14:30:00  NAS100 26,850.00 26,864.50 26,839.75 26,844.75   -4.75       -0.02   3,262.00
4519  2026-04-22 15:00:00  NAS100 26,845.50 26,850.25 26,808.00 26,810.25  -34.50       -0.13   3,804.00
4520  2026-04-22 15:30:00  NAS100 26,811.00 26,821.50 26,779.75 26,819.50    9.25        0.03   4,373.00
4521  2026-04-22 16:00:00  NAS100 26,818.00 26,860.75 26,815.50 26,855.75   36.25        0.14   4,033.00
4522  2026-04-22 16:30:00  NAS100 26,856.50 26,863.25 26,807.75 26,825.75  -30.00       -0.11   3,482.00
4523  2026-04-22 17:00:00  NAS100 26,826.00 26,840.75 26,806.00 26,832.75    7.00        0.03   4,994.00
4524  2026-04-22 17:30:00  NAS100 26,832.75 26,849.75 26,822.75 26,826.00   -6.75       -0.03   2,868.00
4525  2026-04-22 18:00:00  NAS100 26,826.25 26,834.25 26,811.00 26,815.75  -10.25       -0.04   3,406.00
4526  2026-04-22 18:30:00  NAS100 26,815.50 26,839.50 26,806.00 26,833.75   18.00        0.07   4,060.00
4527  2026-04-22 19:00:00  NAS100 26,835.00 26,900.50 26,834.75 26,868.75   35.00        0.13  11,099.00
4528  2026-04-22 19:30:00  NAS100 26,867.00 26,877.00 26,819.50 26,821.50  -47.25       -0.18   9,677.00
4529  2026-04-22 20:00:00  NAS100 26,821.75 26,888.00 26,817.00 26,881.25   59.75        0.22  17,440.00
4530  2026-04-22 20:30:00  NAS100 26,881.00 26,892.75 26,811.50 26,864.50  -16.75       -0.06  47,418.00
4531  2026-04-22 21:00:00  NAS100 26,864.25 26,991.25 26,852.00 26,990.00  125.50        0.47  47,732.00
4532  2026-04-22 21:30:00  NAS100 26,989.50 27,006.25 26,944.75 26,972.00  -18.00       -0.07  37,311.00
4533  2026-04-22 22:00:00  NAS100 26,972.25 27,008.75 26,940.25 26,990.25   18.25        0.07  28,672.00
4534  2026-04-22 22:30:00  NAS100 26,990.25 27,005.50 26,963.00 26,980.50   -9.75       -0.04  23,177.00
4535  2026-04-22 23:00:00  NAS100 26,980.50 27,005.00 26,967.00 26,974.25   -6.25       -0.02  19,581.00
4536  2026-04-22 23:30:00  NAS100 26,973.50 26,991.25 26,957.25 26,966.75   -7.50       -0.03  18,743.00
4537  2026-04-23 00:00:00  NAS100 26,966.50 27,050.00 26,965.75 27,028.00   61.25        0.23  26,484.00
4538  2026-04-23 00:30:00  NAS100 27,028.00 27,048.50 27,020.75 27,030.00    2.00        0.01  15,512.00
4539  2026-04-23 01:00:00  NAS100 27,029.75 27,041.00 26,992.50 26,999.25  -30.75       -0.11  16,337.00
4540  2026-04-23 01:30:00  NAS100 26,999.75 27,040.25 26,997.00 27,013.75   14.50        0.05  13,976.00
4541  2026-04-23 02:00:00  NAS100 27,014.00 27,057.25 26,978.00 27,045.00   31.25        0.12  25,501.00
4542  2026-04-23 02:30:00  NAS100 27,045.25 27,093.00 27,036.75 27,080.00   35.00        0.13  36,725.00
4543  2026-04-23 03:00:00  NAS100 27,079.75 27,136.00 27,069.00 27,105.00   25.00        0.09  18,250.00
4544  2026-04-23 03:30:00  NAS100 27,105.00 27,112.50 27,073.00 27,106.50    1.50        0.01   4,032.00
4545  2026-04-23 05:00:00  NAS100 27,075.00 27,098.00 27,066.00 27,081.50  -25.00       -0.09   2,665.00
4546  2026-04-23 05:30:00  NAS100 27,082.75 27,091.50 27,077.00 27,087.25    5.75        0.02   1,017.00
4547  2026-04-23 06:00:00  NAS100 27,088.00 27,099.75 27,082.00 27,094.25    7.00        0.03     821.00
4548  2026-04-23 06:30:00  NAS100 27,093.50 27,098.75 27,087.00 27,096.00    1.75        0.01     759.00
4549  2026-04-23 07:00:00  NAS100 27,095.50 27,098.00 26,848.00 27,052.25  -43.75       -0.16  19,488.00
4550  2026-04-23 07:30:00  NAS100 27,050.50 27,075.00 27,036.00 27,060.75    8.50        0.03   4,393.00
4551  2026-04-23 08:00:00  NAS100 27,060.50 27,062.50 27,013.50 27,017.50  -43.25       -0.16   3,106.00
4552  2026-04-23 08:30:00  NAS100 27,018.75 27,033.00 26,993.00 27,000.25  -17.25       -0.06   2,889.00
4553  2026-04-23 09:00:00  NAS100 27,000.75 27,000.75 26,950.00 26,966.25  -34.00       -0.13   4,193.00
4554  2026-04-23 09:30:00  NAS100 26,965.75 26,981.25 26,943.75 26,950.50  -15.75       -0.06   3,513.00
4555  2026-04-23 10:00:00  NAS100 26,952.50 26,962.00 26,895.25 26,898.00  -52.50       -0.19   5,333.00
4556  2026-04-23 10:30:00  NAS100 26,896.75 26,911.25 26,865.00 26,908.25   10.25        0.04   4,918.00
4557  2026-04-23 11:00:00  NAS100 26,906.25 26,937.25 26,893.25 26,932.25   24.00        0.09   2,469.00
4558  2026-04-23 11:30:00  NAS100 26,930.75 26,957.25 26,930.50 26,956.00   23.75        0.09   1,613.00
4559  2026-04-23 12:00:00  NAS100 26,956.00 26,966.75 26,939.00 26,951.50   -4.50       -0.02   2,259.00
4560  2026-04-23 12:30:00  NAS100 26,952.75 26,981.75 26,939.00 26,978.25   26.75        0.10   2,845.00
4561  2026-04-23 13:00:00  NAS100 26,979.00 27,007.25 26,977.00 27,000.50   22.25        0.08   3,291.00
4562  2026-04-23 13:30:00  NAS100 27,000.25 27,006.50 26,981.50 26,990.75   -9.75       -0.04   2,185.00
4563  2026-04-23 14:00:00  NAS100 26,991.25 27,000.00 26,974.75 26,988.00   -2.75       -0.01   2,556.00
4564  2026-04-23 14:30:00  NAS100 26,987.00 27,013.50 26,970.25 26,997.50    9.50        0.04   3,316.00
4565  2026-04-23 15:00:00  NAS100 26,995.75 27,002.00 26,955.00 26,976.75  -20.75       -0.08   3,274.00
4566  2026-04-23 15:30:00  NAS100 26,977.50 26,977.50 26,918.00 26,928.00  -48.75       -0.18   3,787.00
4567  2026-04-23 16:00:00  NAS100 26,927.25 26,952.25 26,890.00 26,942.25   14.25        0.05   4,500.00
4568  2026-04-23 16:30:00  NAS100 26,942.50 26,961.50 26,940.25 26,941.75   -0.50       -0.00   2,075.00
4569  2026-04-23 17:00:00  NAS100 26,941.75 26,953.25 26,916.25 26,941.50   -0.25       -0.00   3,697.00
4570  2026-04-23 17:30:00  NAS100 26,942.25 26,985.00 26,937.25 26,978.75   37.25        0.14   3,727.00
4571  2026-04-23 18:00:00  NAS100 26,979.50 26,995.00 26,955.75 26,967.00  -11.75       -0.04   4,178.00
4572  2026-04-23 18:30:00  NAS100 26,970.00 27,048.50 26,941.75 27,032.50   65.50        0.24   8,374.00
4573  2026-04-23 19:00:00  NAS100 27,032.50 27,079.75 27,020.75 27,032.75    0.25        0.00   8,648.00
4574  2026-04-23 19:30:00  NAS100 27,032.25 27,049.50 26,956.75 27,009.25  -23.50       -0.09  11,038.00
4575  2026-04-23 20:00:00  NAS100 27,009.25 27,028.75 26,977.25 27,014.75    5.50        0.02   9,975.00
4576  2026-04-23 20:30:00  NAS100 27,014.25 27,102.75 26,965.00 27,016.75    2.00        0.01  49,252.00
4577  2026-04-23 21:00:00  NAS100 27,017.25 27,031.00 26,970.00 27,016.00   -0.75       -0.00  39,111.00
4578  2026-04-23 21:30:00  NAS100 27,016.00 27,106.25 27,004.75 27,094.25   78.25        0.29  35,496.00
4579  2026-04-23 22:00:00  NAS100 27,094.50 27,149.75 27,093.75 27,131.25   37.00        0.14  25,034.00
4580  2026-04-23 22:30:00  NAS100 27,131.50 27,155.75 27,061.00 27,093.00  -38.25       -0.14  32,353.00
4581  2026-04-23 23:00:00  NAS100 27,093.25 27,104.75 27,038.75 27,089.00   -4.00       -0.01  23,984.00
4582  2026-04-23 23:30:00  NAS100 27,088.25 27,119.00 27,073.75 27,087.75   -1.25       -0.00  16,064.00
4583  2026-04-24 00:00:00  NAS100 27,089.00 27,099.00 26,860.00 26,870.75 -217.00       -0.80  67,751.00
4584  2026-04-24 00:30:00  NAS100 26,871.00 26,950.75 26,681.75 26,880.50    9.75        0.04  75,239.00
4585  2026-04-24 01:00:00  NAS100 26,879.00 26,948.00 26,860.25 26,938.50   58.00        0.22  33,692.00
4586  2026-04-24 01:30:00  NAS100 26,938.00 26,982.25 26,842.50 26,860.50  -78.00       -0.29  25,452.00
4587  2026-04-24 02:00:00  NAS100 26,861.00 26,926.25 26,842.25 26,915.00   54.50        0.20  19,868.00
4588  2026-04-24 02:30:00  NAS100 26,915.25 26,944.50 26,840.25 26,926.25   11.25        0.04  35,405.00
4589  2026-04-24 03:00:00  NAS100 26,926.00 26,988.50 26,909.25 26,960.50   34.25        0.13  16,287.00
4590  2026-04-24 03:30:00  NAS100 26,960.50 26,969.25 26,932.75 26,942.75  -17.75       -0.07   3,394.00
4591  2026-04-24 05:00:00  NAS100 26,992.00 27,046.25 26,992.00 27,032.50   89.75        0.33   4,563.00
4592  2026-04-24 05:30:00  NAS100 27,032.75 27,053.00 27,021.00 27,042.75   10.25        0.04   2,780.00
4593  2026-04-24 06:00:00  NAS100 27,041.75 27,052.75 27,033.50 27,051.25    8.50        0.03   1,678.00
4594  2026-04-24 06:30:00  NAS100 27,050.25 27,080.50 27,050.00 27,080.25   29.00        0.11   2,410.00
4595  2026-04-24 07:00:00  NAS100 27,081.00 27,126.75 27,070.75 27,125.00   44.75        0.17   5,090.00
4596  2026-04-24 07:30:00  NAS100 27,125.50 27,135.75 27,106.50 27,118.25   -6.75       -0.02   4,078.00
4597  2026-04-24 08:00:00  NAS100 27,119.75 27,128.50 27,110.25 27,123.25    5.00        0.02   2,756.00
4598  2026-04-24 08:30:00  NAS100 27,122.50 27,126.25 27,099.50 27,118.75   -4.50       -0.02   2,411.00
4599  2026-04-24 09:00:00  NAS100 27,118.00 27,121.00 27,105.25 27,109.25   -9.50       -0.04     473.00

==================================================
      HOÀN THÀNH PHÂN TÍCH TẤT CẢ CÁC MÃ          
==================================================
