
  ╭──────────────────────────────────────────────────────────╮
  │  ⚠️  VNSTOCK DEPRECATION NOTICE (31/08/2025)             │
  │                                                          │
  │  Lớp Vnstock và các phương thức cũ (stock, fx, crypto,   │
  │  world_index, fund...) đã chính thức bị ngừng hỗ trợ.    │
  │                                                          │
  │  Để hệ thống ổn định và nhận được cập nhật mới nhất,     │
  │  vui lòng chuyển sang dùng bộ thư viện `vnstock.api`.    │
  │                                                          │
  │  👉 Xem hướng dẫn Migration: /vnstock-migration          │
  ╰──────────────────────────────────────────────────────────╯

Mẫu code chuyển đổi (Migration Example):
--------------------------------------
Cũ (Old):  stock = Vnstock().stock('ACB')
Mới (New): from vnstock.api.quote import Quote
          q = Quote(symbol='ACB', source='VCI')

==================================================
      VNSTOCK 4.x OPTIMIZED ANALYZER
      Danh sách: BTC
      Khung: 1H, Số lượng: 1000
==================================================

==================================================
      PHÂN TÍCH MÃ: BTC (Bitcoin / USD) 
      Khung thời gian: 1H
==================================================

--- [ LỊCH SỬ GIÁ BTC  ] ---
                    time symbol      open      high       low     close    change  pct_change      volume
0    2026-05-08 23:00:00    BTC 80,150.32 80,165.32 79,720.80 79,777.04   -347.21       -0.43           0
1    2026-05-09 00:00:00    BTC 79,761.99 80,259.74 79,716.30 80,046.86    269.82        0.34   157646848
2    2026-05-09 01:00:00    BTC 80,063.84 80,294.75 80,063.84 80,075.68     28.82        0.04    92106752
3    2026-05-09 02:00:00    BTC 80,066.50 80,128.21 79,962.96 80,101.31     25.63        0.03           0
4    2026-05-09 03:00:00    BTC 80,121.37 80,284.08 80,077.70 80,129.06     27.75        0.03           0
5    2026-05-09 04:00:00    BTC 80,147.74 80,261.36 80,104.70 80,258.17    129.11        0.16   116869120
6    2026-05-09 05:00:00    BTC 80,227.70 80,418.79 80,227.70 80,270.12     11.95        0.01           0
7    2026-05-09 06:00:00    BTC 80,265.35 80,289.12 80,100.26 80,188.82    -81.30       -0.10   419674112
8    2026-05-09 07:00:00    BTC 80,188.38 80,238.00 80,116.98 80,230.23     41.41        0.05           0
9    2026-05-09 08:00:00    BTC 80,219.50 80,436.23 80,219.50 80,318.26     88.03        0.11           0
10   2026-05-09 09:00:00    BTC 80,321.09 80,472.35 80,321.09 80,407.30     89.04        0.11           0
11   2026-05-09 10:00:00    BTC 80,410.63 80,518.63 80,305.00 80,380.30    -27.00       -0.03           0
12   2026-05-09 11:00:00    BTC 80,385.06 80,647.10 80,366.14 80,385.06      4.77        0.01    25501696
13   2026-05-09 12:00:00    BTC 80,383.85 80,480.99 80,345.93 80,374.00    -11.06       -0.01           0
14   2026-05-09 13:00:00    BTC 80,374.00 80,425.58 80,190.13 80,248.13   -125.87       -0.16           0
15   2026-05-09 14:00:00    BTC 80,250.95 80,296.61 80,133.59 80,214.86    -33.27       -0.04           0
16   2026-05-09 15:00:00    BTC 80,214.87 80,434.62 80,204.47 80,399.99    185.13        0.23           0
17   2026-05-09 16:00:00    BTC 80,400.00 80,406.13 80,200.01 80,236.74   -163.25       -0.20           0
18   2026-05-09 17:00:00    BTC 80,236.74 80,330.89 80,160.00 80,259.32     22.58        0.03           0
19   2026-05-09 18:00:00    BTC 80,249.61 80,365.96 80,241.73 80,330.50     71.18        0.09           0
20   2026-05-09 19:00:00    BTC 80,315.97 80,411.22 80,257.66 80,400.01     69.51        0.09           0
21   2026-05-09 20:00:00    BTC 80,393.59 80,422.79 80,306.80 80,391.53     -8.48       -0.01           0
22   2026-05-09 21:00:00    BTC 80,391.52 80,416.25 80,241.38 80,325.34    -66.19       -0.08           0
23   2026-05-09 22:00:00    BTC 80,314.22 80,590.49 80,220.80 80,523.95    198.61        0.25           0
24   2026-05-09 23:00:00    BTC 80,556.22 80,761.19 80,478.38 80,609.30     85.34        0.11           0
25   2026-05-10 00:00:00    BTC 80,609.30 80,906.74 80,609.30 80,795.45    186.16        0.23           0
26   2026-05-10 01:00:00    BTC 80,815.43 81,061.96 80,773.70 80,898.41    102.95        0.13           0
27   2026-05-10 02:00:00    BTC 80,905.24 80,950.72 80,769.00 80,933.44     35.03        0.04           0
28   2026-05-10 03:00:00    BTC 80,939.01 80,939.01 80,731.20 80,797.42   -136.02       -0.17           0
29   2026-05-10 04:00:00    BTC 80,808.74 80,882.55 80,732.00 80,767.34    -30.08       -0.04           0
30   2026-05-10 05:00:00    BTC 80,767.34 80,812.48 80,661.00 80,757.00    -10.34       -0.01           0
31   2026-05-10 06:00:00    BTC 80,743.26 80,829.86 80,605.98 80,658.98    -98.02       -0.12           0
32   2026-05-10 07:00:00    BTC 80,653.46 80,758.30 80,609.74 80,658.96     -0.02       -0.00    22407168
33   2026-05-10 08:00:00    BTC 80,658.96 80,675.21 80,552.73 80,664.00      5.04        0.01           0
34   2026-05-10 09:00:00    BTC 80,659.94 80,774.70 80,586.73 80,765.02    101.02        0.13           0
35   2026-05-10 10:00:00    BTC 80,759.45 80,871.67 80,693.82 80,752.23    -12.80       -0.02           0
36   2026-05-10 11:00:00    BTC 80,757.46 80,830.54 80,716.07 80,747.12     -5.11       -0.01           0
37   2026-05-10 12:00:00    BTC 80,739.01 80,801.41 80,673.63 80,679.99    -67.12       -0.08           0
38   2026-05-10 13:00:00    BTC 80,684.10 80,748.00 80,635.74 80,724.06     44.07        0.05           0
39   2026-05-10 14:00:00    BTC 80,731.54 80,794.00 80,713.15 80,725.85      1.79        0.00           0
40   2026-05-10 15:00:00    BTC 80,722.96 80,891.87 80,704.81 80,818.99     93.14        0.12           0
41   2026-05-10 16:00:00    BTC 80,827.52 80,896.75 80,734.23 80,794.02    -24.97       -0.03           0
42   2026-05-10 17:00:00    BTC 80,794.03 80,871.40 80,676.00 80,848.06     54.04        0.07    70102016
43   2026-05-10 18:00:00    BTC 80,859.94 80,956.77 80,737.22 80,790.01    -58.05       -0.07   156567552
44   2026-05-10 19:00:00    BTC 80,795.99 80,942.00 80,765.38 80,929.83    139.82        0.17           0
45   2026-05-10 20:00:00    BTC 80,921.34 80,998.99 80,853.50 80,962.33     32.50        0.04    12219392
46   2026-05-10 21:00:00    BTC 80,954.02 80,993.11 80,800.03 80,988.49     26.16        0.03    84151296
47   2026-05-10 22:00:00    BTC 80,987.76 81,420.00 80,922.14 81,404.64    416.15        0.51   697543680
48   2026-05-10 23:00:00    BTC 81,415.42 81,489.25 81,175.68 81,357.27    -47.37       -0.06   486647808
49   2026-05-11 00:00:00    BTC 81,360.00 81,567.98 81,207.25 81,471.42    114.15        0.14   361115648
50   2026-05-11 01:00:00    BTC 81,474.78 81,486.53 81,210.87 81,268.56   -202.86       -0.25   478963712
51   2026-05-11 02:00:00    BTC 81,265.54 81,475.99 81,144.00 81,425.14    156.58        0.19   275552256
52   2026-05-11 03:00:00    BTC 81,435.00 81,447.56 80,295.10 80,724.00   -701.14       -0.86  1811384320
53   2026-05-11 04:00:00    BTC 80,712.95 80,936.47 80,571.69 80,702.61    -21.39       -0.03   874268672
54   2026-05-11 05:00:00    BTC 80,665.00 82,147.98 80,665.00 82,034.53  1,331.92        1.65  2956120064
55   2026-05-11 06:00:00    BTC 82,068.79 82,448.00 82,067.62 82,199.99    165.46        0.20  2202535936
56   2026-05-11 07:00:00    BTC 82,218.16 82,335.53 81,276.48 81,462.64   -737.35       -0.90  1581203456
57   2026-05-11 08:00:00    BTC 81,468.66 81,719.75 81,268.79 81,483.72     21.08        0.03   864929792
58   2026-05-11 09:00:00    BTC 81,498.76 81,546.92 81,100.88 81,158.62   -325.10       -0.40   122085376
59   2026-05-11 10:00:00    BTC 81,158.62 81,164.33 80,508.47 80,721.76   -436.86       -0.54  1743525888
60   2026-05-11 11:00:00    BTC 80,704.12 80,854.53 80,619.84 80,798.00     76.24        0.09   289626112
61   2026-05-11 12:00:00    BTC 80,794.94 80,959.05 80,738.14 80,809.99     11.99        0.01   141926400
62   2026-05-11 13:00:00    BTC 80,800.44 81,025.47 80,743.50 80,814.08      4.09        0.01   519299072
63   2026-05-11 14:00:00    BTC 80,810.88 80,820.00 80,665.29 80,721.78    -92.30       -0.11   559378432
64   2026-05-11 15:00:00    BTC 80,707.13 80,846.46 80,595.35 80,754.85     33.07        0.04   385521664
65   2026-05-11 16:00:00    BTC 80,734.00 80,987.63 80,734.00 80,944.65    189.80        0.24   247339008
66   2026-05-11 17:00:00    BTC 80,965.00 81,187.01 80,927.28 80,927.28    -17.37       -0.02   425041920
67   2026-05-11 18:00:00    BTC 80,927.27 81,185.99 80,896.49 81,185.99    258.71        0.32   124577792
68   2026-05-11 19:00:00    BTC 81,193.48 81,337.33 81,007.91 81,027.98   -158.02       -0.19   421584896
69   2026-05-11 20:00:00    BTC 81,037.35 81,311.50 80,734.51 81,041.37     13.39        0.02  1015132160
70   2026-05-11 21:00:00    BTC 81,029.01 81,222.18 80,453.94 80,908.87   -132.50       -0.16   949366784
71   2026-05-11 22:00:00    BTC 80,913.12 81,431.25 80,789.76 81,422.95    514.09        0.64   140636160
72   2026-05-11 23:00:00    BTC 81,429.18 81,899.37 81,319.93 81,562.70    139.75        0.17   406462464
73   2026-05-12 00:00:00    BTC 81,555.12 82,024.00 81,348.84 81,931.60    368.90        0.45   796422144
74   2026-05-12 01:00:00    BTC 81,913.02 82,131.17 81,821.32 81,843.32    -88.28       -0.11   460042240
75   2026-05-12 02:00:00    BTC 81,852.41 82,084.19 81,722.13 81,955.43    112.11        0.14   384733184
76   2026-05-12 03:00:00    BTC 81,969.28 82,068.63 81,748.99 81,812.20   -143.23       -0.17           0
77   2026-05-12 04:00:00    BTC 81,812.20 81,898.05 81,580.00 81,812.46      0.26        0.00           0
78   2026-05-12 05:00:00    BTC 81,831.20 81,955.43 81,715.54 81,813.03      0.57        0.00           0
79   2026-05-12 06:00:00    BTC 81,791.83 81,806.96 81,606.47 81,727.06    -85.97       -0.11     2289664
80   2026-05-12 07:00:00    BTC 81,715.28 81,770.62 81,462.39 81,528.20   -198.86       -0.24           0
81   2026-05-12 08:00:00    BTC 81,528.17 81,603.95 80,697.99 81,176.73   -351.48       -0.43   313991168
82   2026-05-12 09:00:00    BTC 81,167.11 81,318.00 81,075.19 81,235.04     58.31        0.07           0
83   2026-05-12 10:00:00    BTC 81,235.04 81,272.79 81,001.20 81,036.01   -199.03       -0.25           0
84   2026-05-12 11:00:00    BTC 81,020.15 81,282.00 80,972.05 81,203.98    167.97        0.21           0
85   2026-05-12 12:00:00    BTC 81,205.60 81,288.83 81,165.03 81,200.01     -3.97       -0.00           0
86   2026-05-12 13:00:00    BTC 81,194.91 81,282.78 80,981.82 80,997.04   -202.97       -0.25     2777088
87   2026-05-12 14:00:00    BTC 80,978.21 81,106.13 80,819.15 80,829.94   -167.10       -0.21   503228416
88   2026-05-12 15:00:00    BTC 80,815.96 80,937.13 80,733.06 80,807.76    -22.18       -0.03    78776320
89   2026-05-12 16:00:00    BTC 80,801.25 80,929.31 80,688.00 80,799.70     -8.05       -0.01   337725440
90   2026-05-12 17:00:00    BTC 80,799.70 80,805.00 80,599.98 80,643.39   -156.31       -0.19    10246144
91   2026-05-12 18:00:00    BTC 80,664.00 80,764.30 80,471.90 80,764.30    120.91        0.15   464963584
92   2026-05-12 19:00:00    BTC 80,755.32 80,983.08 80,593.48 80,862.54     98.24        0.12   659335168
93   2026-05-12 20:00:00    BTC 80,862.54 80,910.65 80,385.98 80,432.27   -430.27       -0.53   141676544
94   2026-05-12 21:00:00    BTC 80,407.81 80,880.01 80,359.91 80,525.98     93.70        0.12   559448064
95   2026-05-12 22:00:00    BTC 80,518.28 80,642.57 80,143.66 80,295.54   -230.44       -0.29   505669632
96   2026-05-12 23:00:00    BTC 80,269.16 80,393.30 79,819.75 79,965.01   -330.53       -0.41    79321088
97   2026-05-13 00:00:00    BTC 80,007.45 80,562.99 79,928.19 80,493.80    528.79        0.66   120113152
98   2026-05-13 01:00:00    BTC 80,487.10 80,731.18 80,420.47 80,649.09    155.30        0.19           0
99   2026-05-13 02:00:00    BTC 80,650.12 80,859.05 80,650.12 80,814.30    165.20        0.20           0
100  2026-05-13 03:00:00    BTC 80,823.99 80,871.36 80,617.57 80,673.03   -141.27       -0.17    16121856
101  2026-05-13 04:00:00    BTC 80,671.82 80,718.25 80,472.23 80,569.23   -103.80       -0.13   124344320
102  2026-05-13 05:00:00    BTC 80,612.51 80,773.77 80,595.59 80,639.99     70.77        0.09           0
103  2026-05-13 06:00:00    BTC 80,639.99 80,697.55 80,420.10 80,483.75   -156.24       -0.19      817152
104  2026-05-13 07:00:00    BTC 80,480.41 80,757.40 80,389.95 80,698.12    214.37        0.27           0
105  2026-05-13 08:00:00    BTC 80,703.77 81,180.00 80,658.29 80,985.87    287.75        0.36           0
106  2026-05-13 09:00:00    BTC 80,985.88 81,260.00 80,919.76 81,040.59     54.73        0.07           0
107  2026-05-13 10:00:00    BTC 81,016.40 81,277.11 80,969.51 81,240.78    200.19        0.25   281935872
108  2026-05-13 11:00:00    BTC 81,247.54 81,264.46 81,107.52 81,217.39    -23.39       -0.03     9961472
109  2026-05-13 12:00:00    BTC 81,212.89 81,226.01 80,973.37 80,998.67   -218.72       -0.27    67913728
110  2026-05-13 13:00:00    BTC 80,999.90 81,137.00 80,947.01 80,958.06    -40.61       -0.05           0
111  2026-05-13 14:00:00    BTC 80,949.40 81,031.63 80,861.21 80,996.01     37.95        0.05           0
112  2026-05-13 15:00:00    BTC 81,003.94 81,172.61 80,908.23 81,165.09    169.09        0.21   214681600
113  2026-05-13 16:00:00    BTC 81,172.53 81,285.51 81,097.45 81,256.60     91.51        0.11           0
114  2026-05-13 17:00:00    BTC 81,252.54 81,264.36 80,773.51 80,773.51   -483.09       -0.59    90374144
115  2026-05-13 18:00:00    BTC 80,768.69 80,815.32 80,468.29 80,471.15   -302.36       -0.37           0
116  2026-05-13 19:00:00    BTC 80,468.97 80,564.56 79,825.96 80,172.52   -298.62       -0.37   906690560
117  2026-05-13 20:00:00    BTC 80,172.51 80,320.81 79,540.38 79,617.98   -554.55       -0.69   902543360
118  2026-05-13 21:00:00    BTC 79,581.42 79,862.49 79,447.14 79,724.68    106.70        0.13           0
119  2026-05-13 22:00:00    BTC 79,734.04 79,820.03 78,761.31 78,783.04   -941.64       -1.18   158214144
120  2026-05-13 23:00:00    BTC 78,761.28 79,181.37 78,700.00 79,066.61    283.57        0.36  1587939328
121  2026-05-14 00:00:00    BTC 79,096.84 79,528.79 79,068.01 79,479.99    413.38        0.52           0
122  2026-05-14 01:00:00    BTC 79,495.40 79,782.36 79,482.22 79,576.13     96.14        0.12   648425472
123  2026-05-14 02:00:00    BTC 79,567.94 79,614.54 79,363.99 79,606.00     29.87        0.04           0
124  2026-05-14 03:00:00    BTC 79,611.36 79,731.89 79,576.03 79,676.65     70.65        0.09           0
125  2026-05-14 04:00:00    BTC 79,676.87 79,676.90 79,324.26 79,363.12   -313.53       -0.39   241364992
126  2026-05-14 05:00:00    BTC 79,405.03 79,441.91 79,195.26 79,393.63     30.52        0.04   215263232
127  2026-05-14 06:00:00    BTC 79,396.65 79,465.26 79,194.16 79,288.25   -105.38       -0.13   170797056
128  2026-05-14 07:00:00    BTC 79,299.15 79,656.45 79,287.07 79,546.80    258.55        0.33   311572480
129  2026-05-14 08:00:00    BTC 79,525.65 79,661.55 79,383.74 79,573.49     26.70        0.03           0
130  2026-05-14 09:00:00    BTC 79,577.00 79,650.69 79,195.72 79,340.00   -233.49       -0.29   358586368
131  2026-05-14 10:00:00    BTC 79,306.50 79,429.01 78,906.57 79,012.27   -327.73       -0.41   670730240
132  2026-05-14 11:00:00    BTC 79,017.99 79,440.00 78,945.83 79,428.70    416.43        0.53   520454144
133  2026-05-14 12:00:00    BTC 79,407.34 79,962.38 79,347.47 79,780.77    352.07        0.44   758493184
134  2026-05-14 13:00:00    BTC 79,788.34 79,908.28 79,726.68 79,772.95     -7.82       -0.01    16437248
135  2026-05-14 14:00:00    BTC 79,768.41 79,903.47 79,671.00 79,706.10    -66.85       -0.08   169299968
136  2026-05-14 15:00:00    BTC 79,709.03 79,906.48 79,605.10 79,784.56     78.46        0.10   743694336
137  2026-05-14 16:00:00    BTC 79,798.50 79,875.00 79,529.72 79,591.08   -193.48       -0.24           0
138  2026-05-14 17:00:00    BTC 79,599.78 79,721.83 79,375.00 79,534.48    -56.60       -0.07           0
139  2026-05-14 18:00:00    BTC 79,533.55 79,576.65 79,189.98 79,213.15   -321.33       -0.40           0
140  2026-05-14 19:00:00    BTC 79,198.22 79,757.97 79,194.98 79,744.00    530.85        0.67           0
141  2026-05-14 20:00:00    BTC 79,742.61 80,026.00 79,655.64 79,679.99    -64.01       -0.08           0
142  2026-05-14 21:00:00    BTC 79,652.45 80,978.45 79,542.37 80,949.11  1,269.12        1.59  1745485824
143  2026-05-14 22:00:00    BTC 80,954.08 81,335.58 80,807.11 81,304.03    354.92        0.44  1471365120
144  2026-05-14 23:00:00    BTC 81,328.80 81,890.34 81,088.39 81,890.34    586.31        0.72  1374597120
145  2026-05-15 00:00:00    BTC 81,877.23 82,054.31 81,294.57 81,683.88   -206.46       -0.25  2805448704
146  2026-05-15 01:00:00    BTC 81,684.17 81,994.98 81,435.12 81,590.34    -93.54       -0.11   635367424
147  2026-05-15 02:00:00    BTC 81,600.55 81,728.15 81,327.19 81,438.00   -152.34       -0.19   633659392
148  2026-05-15 03:00:00    BTC 81,459.98 81,625.07 81,151.31 81,400.00    -38.00       -0.05   453382144
149  2026-05-15 04:00:00    BTC 81,453.78 81,526.00 81,259.68 81,375.98    -24.02       -0.03           0
150  2026-05-15 05:00:00    BTC 81,376.01 81,542.04 81,328.00 81,444.01     68.03        0.08           0
151  2026-05-15 06:00:00    BTC 81,405.00 81,411.00 81,029.15 81,079.03   -364.98       -0.45           0
152  2026-05-15 07:00:00    BTC 81,080.08 81,646.67 81,047.49 81,506.09    427.06        0.53           0
153  2026-05-15 08:00:00    BTC 81,502.21 81,608.31 81,094.00 81,110.05   -396.05       -0.49   304054272
154  2026-05-15 09:00:00    BTC 81,086.93 81,338.38 80,729.00 81,281.40    171.35        0.21   489132032
155  2026-05-15 10:00:00    BTC 81,290.53 81,331.04 80,922.80 81,053.69   -227.71       -0.28           0
156  2026-05-15 11:00:00    BTC 81,045.31 81,081.79 80,694.03 80,710.33   -343.36       -0.42           0
157  2026-05-15 12:00:00    BTC 80,713.72 80,871.29 80,308.00 80,364.00   -346.33       -0.43   344064000
158  2026-05-15 13:00:00    BTC 80,346.36 80,625.97 80,305.96 80,568.24    204.24        0.25   686202880
159  2026-05-15 14:00:00    BTC 80,575.00 80,991.35 80,547.75 80,815.99    247.75        0.31   877731840
160  2026-05-15 15:00:00    BTC 80,819.99 80,819.99 80,415.93 80,640.00   -175.99       -0.22           0
161  2026-05-15 16:00:00    BTC 80,642.01 80,673.13 80,366.12 80,488.01   -151.99       -0.19   100147200
162  2026-05-15 17:00:00    BTC 80,489.48 80,771.80 80,409.17 80,710.29    222.28        0.28     9396224
163  2026-05-15 18:00:00    BTC 80,718.69 80,753.31 80,580.77 80,616.05    -94.24       -0.12           0
164  2026-05-15 19:00:00    BTC 80,600.36 80,635.00 80,337.46 80,380.13   -235.91       -0.29           0
165  2026-05-15 20:00:00    BTC 80,361.36 80,361.36 78,647.20 78,701.93 -1,678.20       -2.09  1882701824
166  2026-05-15 21:00:00    BTC 78,729.22 79,287.79 78,601.19 79,111.92    409.99        0.52  1521045504
167  2026-05-15 22:00:00    BTC 79,145.37 79,337.57 78,980.99 79,113.30      1.38        0.00           0
168  2026-05-15 23:00:00    BTC 79,141.36 79,346.91 79,089.19 79,268.34    155.05        0.20           0
169  2026-05-16 00:00:00    BTC 79,242.65 79,464.84 79,188.85 79,424.91    156.56        0.20           0
170  2026-05-16 01:00:00    BTC 79,420.57 79,533.01 79,120.31 79,237.60   -187.30       -0.24           0
171  2026-05-16 02:00:00    BTC 79,233.59 79,246.06 79,010.89 79,106.76   -130.84       -0.17           0
172  2026-05-16 03:00:00    BTC 79,130.70 79,175.82 78,962.74 79,083.74    -23.02       -0.03           0
173  2026-05-16 04:00:00    BTC 79,083.35 79,161.41 78,870.69 78,932.00   -151.74       -0.19   218189824
174  2026-05-16 05:00:00    BTC 78,931.99 79,108.09 78,931.99 79,060.17    128.17        0.16    80760832
175  2026-05-16 06:00:00    BTC 79,059.02 79,115.39 79,025.07 79,058.51     -1.66       -0.00           0
176  2026-05-16 07:00:00    BTC 79,050.31 79,180.54 79,019.99 79,063.25      4.74        0.01           0
177  2026-05-16 08:00:00    BTC 79,072.56 79,137.45 78,966.45 79,113.38     50.13        0.06           0
178  2026-05-16 09:00:00    BTC 79,125.31 79,160.85 79,019.24 79,094.11    -19.27       -0.02           0
179  2026-05-16 10:00:00    BTC 79,094.10 79,146.01 79,009.03 79,025.94    -68.17       -0.09           0
180  2026-05-16 11:00:00    BTC 79,018.18 79,085.32 78,826.58 78,996.95    -28.98       -0.04           0
181  2026-05-16 12:00:00    BTC 78,996.94 78,999.99 78,894.69 78,997.70      0.75        0.00           0
182  2026-05-16 13:00:00    BTC 78,998.00 79,017.04 78,424.79 78,598.05   -399.66       -0.51           0
183  2026-05-16 14:00:00    BTC 78,600.63 78,601.70 78,042.42 78,328.24   -269.80       -0.34   473317376
184  2026-05-16 15:00:00    BTC 78,324.61 78,469.37 78,296.24 78,373.46     45.22        0.06           0
185  2026-05-16 16:00:00    BTC 78,373.48 78,398.98 77,893.09 78,042.80   -330.66       -0.42   863152128
186  2026-05-16 17:00:00    BTC 78,042.79 78,064.14 77,611.36 77,931.49   -111.30       -0.14  1629560832
187  2026-05-16 18:00:00    BTC 77,943.76 78,157.68 77,943.76 78,047.68    116.19        0.15   434102272
188  2026-05-16 19:00:00    BTC 78,042.98 78,093.91 77,886.37 77,973.22    -74.46       -0.10   311140352
189  2026-05-16 20:00:00    BTC 77,973.21 77,981.88 77,799.98 77,981.88      8.66        0.01           0
190  2026-05-16 21:00:00    BTC 77,997.14 78,283.55 77,854.92 78,094.59    112.71        0.14           0
191  2026-05-16 22:00:00    BTC 78,091.58 78,249.99 78,040.00 78,201.43    106.84        0.14           0
192  2026-05-16 23:00:00    BTC 78,185.79 78,328.87 78,099.71 78,177.84    -23.59       -0.03           0
193  2026-05-17 00:00:00    BTC 78,177.84 78,293.53 78,168.12 78,169.61     -8.23       -0.01           0
194  2026-05-17 01:00:00    BTC 78,168.25 78,299.02 78,113.18 78,196.94     27.33        0.03           0
195  2026-05-17 02:00:00    BTC 78,212.82 78,277.24 78,169.80 78,234.40     37.46        0.05           0
196  2026-05-17 03:00:00    BTC 78,250.00 78,289.50 78,166.57 78,205.19    -29.21       -0.04           0
197  2026-05-17 04:00:00    BTC 78,197.69 78,273.37 78,177.01 78,232.34     27.16        0.03           0
198  2026-05-17 05:00:00    BTC 78,226.41 78,246.97 78,125.11 78,148.22    -84.12       -0.11           0
199  2026-05-17 06:00:00    BTC 78,152.74 78,233.61 78,086.71 78,105.46    -42.76       -0.05      137216
200  2026-05-17 07:00:00    BTC 78,106.30 78,203.94 77,779.69 77,906.13   -199.33       -0.26           0
201  2026-05-17 08:00:00    BTC 77,936.20 78,074.40 77,693.25 77,709.73   -196.41       -0.25   501573632
202  2026-05-17 09:00:00    BTC 77,693.25 77,909.49 77,693.25 77,866.78    157.05        0.20    46262272
203  2026-05-17 10:00:00    BTC 77,855.27 78,054.01 77,855.27 77,993.24    126.46        0.16           0
204  2026-05-17 11:00:00    BTC 77,993.24 78,170.90 77,971.98 78,124.00    130.76        0.17           0
205  2026-05-17 12:00:00    BTC 78,118.22 78,278.20 78,074.10 78,098.48    -25.52       -0.03   137803776
206  2026-05-17 13:00:00    BTC 78,106.83 78,182.61 77,977.27 78,077.57    -20.91       -0.03           0
207  2026-05-17 14:00:00    BTC 78,077.58 78,177.99 78,028.09 78,152.13     74.56        0.10           0
208  2026-05-17 15:00:00    BTC 78,153.81 78,169.64 78,000.09 78,058.19    -93.95       -0.12           0
209  2026-05-17 16:00:00    BTC 78,063.99 78,267.01 78,033.44 78,217.31    159.12        0.20           0
210  2026-05-17 17:00:00    BTC 78,217.32 78,552.02 78,217.31 78,431.36    214.05        0.27           0
211  2026-05-17 18:00:00    BTC 78,435.62 78,439.68 78,260.56 78,382.00    -49.36       -0.06           0
212  2026-05-17 19:00:00    BTC 78,382.00 78,508.21 78,299.00 78,332.38    -49.62       -0.06           0
213  2026-05-17 20:00:00    BTC 78,332.38 78,333.95 78,142.91 78,175.09   -157.29       -0.20           0
214  2026-05-17 21:00:00    BTC 78,175.09 78,180.20 77,815.33 78,014.74   -160.35       -0.21           0
215  2026-05-17 22:00:00    BTC 78,000.10 78,092.17 77,885.27 78,012.90     -1.84       -0.00           0
216  2026-05-17 23:00:00    BTC 78,016.18 78,159.32 77,992.01 78,001.99    -10.91       -0.01           0
217  2026-05-18 00:00:00    BTC 78,013.81 78,064.78 77,831.65 78,056.21     54.22        0.07           0
218  2026-05-18 01:00:00    BTC 78,051.34 78,238.17 77,966.01 78,226.40    170.19        0.22           0
219  2026-05-18 02:00:00    BTC 78,232.01 78,429.57 78,166.63 78,393.98    167.58        0.21    22458368
220  2026-05-18 03:00:00    BTC 78,368.73 78,402.50 78,205.00 78,226.40   -167.58       -0.21   195695616
221  2026-05-18 04:00:00    BTC 78,228.00 78,450.00 78,196.52 78,364.12    137.72        0.18    98394112
222  2026-05-18 05:00:00    BTC 78,317.78 78,367.26 77,796.72 77,953.90   -410.22       -0.52   707606528
223  2026-05-18 06:00:00    BTC 77,920.01 77,951.96 76,727.51 77,411.39   -542.51       -0.70  2684411904
224  2026-05-18 07:00:00    BTC 77,408.00 77,429.85 76,869.83 77,166.13   -245.26       -0.32  1634627584
225  2026-05-18 08:00:00    BTC 77,146.10 77,227.71 76,714.41 77,068.03    -98.10       -0.13   389249024
226  2026-05-18 09:00:00    BTC 77,064.69 77,170.01 76,659.48 76,787.41   -280.62       -0.36   763471872
227  2026-05-18 10:00:00    BTC 76,787.41 76,971.01 76,759.65 76,880.64     93.23        0.12   411746304
228  2026-05-18 11:00:00    BTC 76,877.98 77,020.12 76,731.38 76,988.11    107.47        0.14   358191104
229  2026-05-18 12:00:00    BTC 76,993.98 77,032.46 76,837.62 76,872.81   -115.30       -0.15   398487552
230  2026-05-18 13:00:00    BTC 76,868.54 76,920.72 76,540.04 76,865.48     -7.34       -0.01   716759040
231  2026-05-18 14:00:00    BTC 76,895.00 77,030.79 76,717.87 77,021.47    155.99        0.20  1644081152
232  2026-05-18 15:00:00    BTC 77,035.06 77,120.04 76,830.85 76,972.08    -49.39       -0.06  1239162880
233  2026-05-18 16:00:00    BTC 76,972.08 76,994.28 76,819.12 76,884.85    -87.23       -0.11   376938496
234  2026-05-18 17:00:00    BTC 76,897.51 76,900.32 76,662.72 76,717.26   -167.59       -0.22   214743040
235  2026-05-18 18:00:00    BTC 76,729.81 77,347.57 76,608.07 77,238.51    521.25        0.68   633647104
236  2026-05-18 19:00:00    BTC 77,251.60 77,764.28 77,227.64 77,610.72    372.21        0.48   936886272
237  2026-05-18 20:00:00    BTC 77,602.17 77,611.46 76,657.99 76,885.59   -725.12       -0.93  1378283520
238  2026-05-18 21:00:00    BTC 76,872.20 76,910.23 76,189.99 76,343.90   -541.70       -0.70  3258488832
239  2026-05-18 22:00:00    BTC 76,338.05 76,418.01 76,001.97 76,338.55     -5.35       -0.01  2729029632
240  2026-05-18 23:00:00    BTC 76,319.06 76,589.45 76,149.99 76,348.72     10.17        0.01  2477572096
241  2026-05-19 00:00:00    BTC 76,349.32 76,699.99 76,312.27 76,647.26    298.54        0.39   597778432
242  2026-05-19 01:00:00    BTC 76,627.05 76,639.58 76,079.99 76,179.23   -468.03       -0.61   975884288
243  2026-05-19 02:00:00    BTC 76,187.77 76,926.77 76,187.77 76,857.88    678.66        0.89  1164935168
244  2026-05-19 03:00:00    BTC 76,905.00 77,120.21 76,820.99 76,847.97     -9.91       -0.01   627003392
245  2026-05-19 04:00:00    BTC 76,855.37 77,127.05 76,743.93 77,048.54    200.57        0.26   609984512
246  2026-05-19 05:00:00    BTC 77,059.06 77,171.98 76,893.98 77,020.38    -28.16       -0.04           0
247  2026-05-19 06:00:00    BTC 77,005.00 77,109.98 76,881.31 76,942.71    -77.67       -0.10           0
248  2026-05-19 07:00:00    BTC 76,952.47 77,347.29 76,899.98 77,079.52    136.81        0.18           0
249  2026-05-19 08:00:00    BTC 77,074.28 77,099.69 76,603.77 76,603.77   -475.75       -0.62           0
250  2026-05-19 09:00:00    BTC 76,600.00 76,934.22 76,428.12 76,550.26    -53.52       -0.07           0
251  2026-05-19 10:00:00    BTC 76,534.50 76,803.42 76,521.36 76,721.99    171.73        0.22           0
252  2026-05-19 11:00:00    BTC 76,715.75 76,879.56 76,633.92 76,855.29    133.30        0.17           0
253  2026-05-19 12:00:00    BTC 76,859.51 76,942.89 76,577.84 76,846.99     -8.30       -0.01   123428864
254  2026-05-19 13:00:00    BTC 76,844.53 77,043.18 76,822.13 76,965.74    118.75        0.15           0
255  2026-05-19 14:00:00    BTC 76,944.26 77,219.82 76,908.80 77,178.00    212.26        0.28           0
256  2026-05-19 15:00:00    BTC 77,169.94 77,242.41 76,902.64 76,982.07   -195.93       -0.25           0
257  2026-05-19 16:00:00    BTC 76,982.07 76,997.48 76,636.51 76,746.86   -235.21       -0.31    11051008
258  2026-05-19 17:00:00    BTC 76,732.74 77,024.66 76,635.99 76,969.47    222.61        0.29    41066496
259  2026-05-19 18:00:00    BTC 76,982.08 77,011.42 76,577.90 76,641.30   -328.17       -0.43           0
260  2026-05-19 19:00:00    BTC 76,634.00 76,914.01 76,573.07 76,861.52    220.23        0.29           0
261  2026-05-19 20:00:00    BTC 76,874.00 76,987.99 76,509.87 76,797.99    -63.53       -0.08           0
262  2026-05-19 21:00:00    BTC 76,806.61 76,937.06 76,075.98 76,315.97   -482.02       -0.63           0
263  2026-05-19 22:00:00    BTC 76,302.47 76,602.24 76,256.00 76,441.42    125.45        0.16           0
264  2026-05-19 23:00:00    BTC 76,452.62 76,856.03 76,331.33 76,819.93    378.51        0.50           0
265  2026-05-20 00:00:00    BTC 76,842.02 76,948.94 76,680.27 76,778.22    -41.71       -0.05           0
266  2026-05-20 01:00:00    BTC 76,766.04 76,881.93 76,664.44 76,728.29    -49.93       -0.07           0
267  2026-05-20 02:00:00    BTC 76,728.29 76,993.07 76,687.99 76,754.05     25.76        0.03           0
268  2026-05-20 03:00:00    BTC 76,773.44 76,979.53 76,752.05 76,953.35    199.30        0.26           0
269  2026-05-20 04:00:00    BTC 76,948.89 76,978.96 76,901.07 76,910.01    -43.34       -0.06           0
270  2026-05-20 05:00:00    BTC 76,901.04 76,901.04 76,570.31 76,640.47   -269.54       -0.35           0
271  2026-05-20 06:00:00    BTC 76,608.97 76,907.73 76,594.01 76,764.05    123.58        0.16           0
272  2026-05-20 07:00:00    BTC 76,755.25 76,828.00 76,442.02 76,704.18    -59.87       -0.08           0
273  2026-05-20 08:00:00    BTC 76,706.04 76,839.99 76,450.66 76,735.32     31.14        0.04           0
274  2026-05-20 09:00:00    BTC 76,735.32 76,834.99 76,517.75 76,607.83   -127.49       -0.17           0
275  2026-05-20 10:00:00    BTC 76,611.13 76,741.31 76,519.99 76,637.61     29.78        0.04   265746432
276  2026-05-20 11:00:00    BTC 76,650.68 76,746.84 76,596.31 76,695.99     58.38        0.08    93388800
277  2026-05-20 12:00:00    BTC 76,705.99 77,247.49 76,705.99 77,121.00    425.01        0.55   772870144
278  2026-05-20 13:00:00    BTC 77,140.18 77,345.75 77,117.00 77,337.26    216.26        0.28           0
279  2026-05-20 14:00:00    BTC 77,348.99 77,401.24 77,157.14 77,195.48   -141.78       -0.18           0
280  2026-05-20 15:00:00    BTC 77,197.22 77,524.05 77,121.99 77,372.46    176.98        0.23           0
281  2026-05-20 16:00:00    BTC 77,371.42 77,464.00 77,280.17 77,399.04     26.58        0.03    91045888
282  2026-05-20 17:00:00    BTC 77,407.88 77,583.84 77,404.57 77,433.65     34.61        0.04           0
283  2026-05-20 18:00:00    BTC 77,433.65 77,488.83 77,245.96 77,301.62   -132.03       -0.17           0
284  2026-05-20 19:00:00    BTC 77,296.14 77,669.99 77,281.39 77,549.31    247.70        0.32    30218240
285  2026-05-20 20:00:00    BTC 77,555.44 77,578.97 76,891.77 77,131.26   -418.05       -0.54   217997312
286  2026-05-20 21:00:00    BTC 77,137.33 77,478.72 76,819.85 77,371.63    240.38        0.31           0
287  2026-05-20 22:00:00    BTC 77,362.34 77,767.83 77,230.79 77,378.15      6.52        0.01    50601984
288  2026-05-20 23:00:00    BTC 77,389.99 77,486.56 76,929.95 77,256.12   -122.03       -0.16   489474048
289  2026-05-21 00:00:00    BTC 77,251.37 77,642.38 77,139.81 77,495.46    239.34        0.31   256405504
290  2026-05-21 01:00:00    BTC 77,493.77 77,563.59 77,310.86 77,330.05   -165.41       -0.21   123340800
291  2026-05-21 02:00:00    BTC 77,322.56 77,641.59 77,271.61 77,600.98    270.93        0.35    34113536
292  2026-05-21 03:00:00    BTC 77,602.00 77,688.69 77,399.99 77,650.03     49.05        0.06   700243968
293  2026-05-21 04:00:00    BTC 77,623.02 77,688.69 77,422.66 77,422.67   -227.36       -0.29    28180480
294  2026-05-21 05:00:00    BTC 77,412.58 77,424.20 77,144.82 77,424.20      1.53        0.00    19169280
295  2026-05-21 06:00:00    BTC 77,390.59 77,481.52 77,304.71 77,475.04     50.84        0.07           0
296  2026-05-21 07:00:00    BTC 77,479.20 77,970.36 77,442.17 77,889.99    414.95        0.54   138403840
297  2026-05-21 08:00:00    BTC 77,912.19 78,086.01 77,720.02 77,788.00   -101.99       -0.13   518545408
298  2026-05-21 09:00:00    BTC 77,761.95 78,026.15 77,743.98 77,880.57     92.57        0.12    95408128
299  2026-05-21 10:00:00    BTC 77,875.88 78,030.03 77,827.80 78,001.65    121.08        0.16           0
300  2026-05-21 11:00:00    BTC 78,001.66 78,101.94 77,883.16 77,960.28    -41.37       -0.05           0
301  2026-05-21 12:00:00    BTC 77,951.85 78,060.34 77,665.14 77,749.27   -211.01       -0.27           0
302  2026-05-21 13:00:00    BTC 77,740.00 77,798.32 77,483.43 77,536.78   -212.49       -0.27           0
303  2026-05-21 14:00:00    BTC 77,521.40 77,825.69 77,441.20 77,807.68    270.90        0.35           0
304  2026-05-21 15:00:00    BTC 77,817.91 78,104.34 77,810.22 77,848.27     40.59        0.05   490899456
305  2026-05-21 16:00:00    BTC 77,845.99 77,906.12 77,549.96 77,549.96   -298.31       -0.38           0
306  2026-05-21 17:00:00    BTC 77,535.45 77,599.63 77,094.50 77,104.48   -445.48       -0.57   576278528
307  2026-05-21 18:00:00    BTC 77,113.62 77,298.59 77,050.27 77,111.10      6.62        0.01   261208064
308  2026-05-21 19:00:00    BTC 77,126.61 77,283.90 77,007.98 77,197.99     86.89        0.11   350676992
309  2026-05-21 20:00:00    BTC 77,181.58 77,275.00 76,641.99 77,041.73   -156.27       -0.20           0
310  2026-05-21 21:00:00    BTC 77,046.12 77,159.19 76,691.95 76,892.00   -149.73       -0.19           0
311  2026-05-21 22:00:00    BTC 76,891.35 77,306.40 76,800.00 77,181.85    289.85        0.38           0
312  2026-05-21 23:00:00    BTC 77,188.41 77,270.63 76,918.81 77,110.26    -71.59       -0.09           0
313  2026-05-22 00:00:00    BTC 77,146.00 78,016.83 77,093.28 77,799.67    689.41        0.89  1685198848
314  2026-05-22 01:00:00    BTC 77,826.00 77,840.78 77,186.79 77,310.05   -489.62       -0.63   244557824
315  2026-05-22 02:00:00    BTC 77,289.17 77,723.98 77,289.17 77,601.56    291.52        0.38   268374016
316  2026-05-22 03:00:00    BTC 77,630.80 77,731.85 77,578.11 77,633.47     31.91        0.04           0
317  2026-05-22 04:00:00    BTC 77,651.49 77,743.82 77,567.04 77,598.58    -34.89       -0.04           0
318  2026-05-22 05:00:00    BTC 77,603.18 77,677.90 77,469.47 77,550.17    -48.41       -0.06           0
319  2026-05-22 06:00:00    BTC 77,531.95 77,676.58 77,458.62 77,542.66     -7.52       -0.01      495616
320  2026-05-22 07:00:00    BTC 77,551.25 77,567.24 77,294.30 77,304.21   -238.45       -0.31           0
321  2026-05-22 08:00:00    BTC 77,277.34 77,596.61 77,239.91 77,539.30    235.09        0.30           0
322  2026-05-22 09:00:00    BTC 77,542.57 77,659.34 77,515.99 77,598.40     59.10        0.08           0
323  2026-05-22 10:00:00    BTC 77,598.39 77,738.30 77,598.39 77,705.25    106.85        0.14           0
324  2026-05-22 11:00:00    BTC 77,711.01 77,829.15 77,556.19 77,577.84   -127.41       -0.16    75970560
325  2026-05-22 12:00:00    BTC 77,574.43 77,649.97 77,389.14 77,408.43   -169.41       -0.22           0
326  2026-05-22 13:00:00    BTC 77,406.77 77,444.36 77,281.08 77,340.19    -68.24       -0.09   114491392
327  2026-05-22 14:00:00    BTC 77,334.12 77,457.46 77,200.62 77,320.63    -19.55       -0.03   453523456
328  2026-05-22 15:00:00    BTC 77,323.67 77,458.91 77,141.01 77,177.86   -142.77       -0.18    88543232
329  2026-05-22 16:00:00    BTC 77,159.96 77,270.00 77,108.80 77,213.99     36.13        0.05     2658304
330  2026-05-22 17:00:00    BTC 77,205.05 77,278.03 77,165.48 77,224.67     10.68        0.01           0
331  2026-05-22 18:00:00    BTC 77,230.88 77,342.06 77,088.60 77,342.06    117.39        0.15           0
332  2026-05-22 19:00:00    BTC 77,346.67 77,491.21 77,303.95 77,446.33    104.27        0.13           0
333  2026-05-22 20:00:00    BTC 77,447.03 77,466.79 77,032.99 77,196.04   -250.29       -0.32           0
334  2026-05-22 21:00:00    BTC 77,115.84 77,139.99 76,663.09 76,674.89   -521.15       -0.68   248442880
335  2026-05-22 22:00:00    BTC 76,621.99 76,929.76 76,491.35 76,698.25     23.36        0.03   807215104
336  2026-05-22 23:00:00    BTC 76,690.90 76,912.32 76,680.00 76,863.00    164.75        0.21           0
337  2026-05-23 00:00:00    BTC 76,869.71 76,995.43 76,651.96 76,654.74   -208.26       -0.27           0
338  2026-05-23 01:00:00    BTC 76,652.19 76,811.99 76,013.98 76,443.76   -210.98       -0.28   442126336
339  2026-05-23 02:00:00    BTC 76,433.49 76,494.69 75,569.79 75,756.03   -687.73       -0.90  1433866240
340  2026-05-23 03:00:00    BTC 75,783.75 75,991.81 75,739.96 75,895.20    139.17        0.18   452485120
341  2026-05-23 04:00:00    BTC 75,864.44 75,994.60 75,846.25 75,880.29    -14.91       -0.02   322607104
342  2026-05-23 05:00:00    BTC 75,880.30 75,894.49 75,479.95 75,639.98   -240.31       -0.32   500660224
343  2026-05-23 06:00:00    BTC 75,661.48 75,781.15 75,266.73 75,439.97   -200.01       -0.26   105893888
344  2026-05-23 07:00:00    BTC 75,462.98 75,540.20 75,127.33 75,263.22   -176.75       -0.23  1829261312
345  2026-05-23 08:00:00    BTC 75,275.65 75,409.68 75,258.01 75,402.12    138.90        0.18           0
346  2026-05-23 09:00:00    BTC 75,411.26 75,495.17 75,320.00 75,482.56     80.45        0.11    54196224
347  2026-05-23 10:00:00    BTC 75,472.07 75,573.92 75,468.91 75,545.71     63.15        0.08    21639168
348  2026-05-23 11:00:00    BTC 75,545.71 75,565.75 75,417.00 75,455.12    -90.59       -0.12   236105728
349  2026-05-23 12:00:00    BTC 75,455.12 75,468.00 75,377.98 75,397.64    -57.48       -0.08           0
350  2026-05-23 13:00:00    BTC 75,398.68 75,411.97 75,293.16 75,312.33    -85.31       -0.11           0
351  2026-05-23 14:00:00    BTC 75,316.31 75,348.12 74,251.30 74,516.73   -795.60       -1.06  1411538944
352  2026-05-23 15:00:00    BTC 74,521.14 74,656.34 74,262.54 74,594.49     77.77        0.10   194715648
353  2026-05-23 16:00:00    BTC 74,590.02 74,668.42 74,543.82 74,575.97    -18.52       -0.02   761614336
354  2026-05-23 17:00:00    BTC 74,589.44 74,704.01 74,579.14 74,626.62     50.65        0.07           0
355  2026-05-23 18:00:00    BTC 74,633.49 74,783.63 74,624.32 74,710.31     83.70        0.11           0
356  2026-05-23 19:00:00    BTC 74,704.93 74,718.77 74,577.53 74,674.88    -35.43       -0.05    22644736
357  2026-05-23 20:00:00    BTC 74,674.87 75,167.21 74,674.87 75,119.46    444.58        0.60    31873024
358  2026-05-23 21:00:00    BTC 75,137.28 75,594.24 75,015.86 75,443.72    324.26        0.43           0
359  2026-05-23 22:00:00    BTC 75,443.73 75,594.00 75,309.39 75,432.03    -11.69       -0.02           0
360  2026-05-23 23:00:00    BTC 75,474.57 75,530.13 75,307.82 75,347.42    -84.61       -0.11           0
361  2026-05-24 00:00:00    BTC 75,386.31 75,436.52 75,288.24 75,399.73     52.30        0.07           0
362  2026-05-24 01:00:00    BTC 75,402.05 75,889.58 75,376.01 75,757.61    357.88        0.47           0
363  2026-05-24 02:00:00    BTC 75,760.17 75,901.07 75,690.74 75,887.59    129.98        0.17           0
364  2026-05-24 03:00:00    BTC 75,903.18 77,188.00 75,849.86 77,188.00  1,300.41        1.71  1197891584
365  2026-05-24 04:00:00    BTC 77,234.74 77,285.65 76,436.19 76,707.99   -480.01       -0.62  1622888448
366  2026-05-24 05:00:00    BTC 76,715.27 76,783.99 76,297.00 76,479.99   -228.00       -0.30           0
367  2026-05-24 06:00:00    BTC 76,458.89 76,703.09 76,431.17 76,644.24    164.25        0.21           0
368  2026-05-24 07:00:00    BTC 76,657.98 76,815.98 76,532.23 76,736.99     92.75        0.12           0
369  2026-05-24 08:00:00    BTC 76,741.51 76,819.99 76,655.74 76,790.99     54.00        0.07           0
370  2026-05-24 09:00:00    BTC 76,800.87 76,856.45 76,600.01 76,721.36    -69.63       -0.09    28203008
371  2026-05-24 10:00:00    BTC 76,718.81 76,895.06 76,632.16 76,699.47    -21.89       -0.03    64765952
372  2026-05-24 11:00:00    BTC 76,680.04 76,753.48 76,634.00 76,682.77    -16.70       -0.02    11177984
373  2026-05-24 12:00:00    BTC 76,678.90 76,765.99 76,548.00 76,714.49     31.72        0.04           0
374  2026-05-24 13:00:00    BTC 76,712.44 76,960.67 76,621.62 76,881.31    166.82        0.22    24938496
375  2026-05-24 14:00:00    BTC 76,893.60 76,921.78 76,687.99 76,708.00   -173.31       -0.23           0
376  2026-05-24 15:00:00    BTC 76,710.30 76,762.93 76,629.97 76,737.39     29.39        0.04           0
377  2026-05-24 16:00:00    BTC 76,737.39 76,945.10 76,712.62 76,930.38    192.99        0.25  2910425088
378  2026-05-24 17:00:00    BTC 76,931.99 77,374.94 76,825.01 77,097.15    166.77        0.22  1474426880
379  2026-05-24 18:00:00    BTC 77,082.44 77,252.00 77,082.44 77,218.94    121.79        0.16   272797696
380  2026-05-24 19:00:00    BTC 77,219.29 77,229.57 76,947.76 77,013.64   -205.30       -0.27   596721664
381  2026-05-24 20:00:00    BTC 77,025.45 77,025.45 76,593.20 76,721.22   -292.42       -0.38   201916416
382  2026-05-24 21:00:00    BTC 76,698.62 76,744.00 76,129.42 76,361.03   -360.19       -0.47   799197184
383  2026-05-24 22:00:00    BTC 76,354.00 76,442.82 76,260.89 76,278.72    -82.31       -0.11           0
384  2026-05-24 23:00:00    BTC 76,282.63 76,629.77 76,279.43 76,575.69    296.97        0.39    22538240
385  2026-05-25 00:00:00    BTC 76,567.56 76,688.73 76,466.28 76,591.25     15.56        0.02           0
386  2026-05-25 01:00:00    BTC 76,591.25 76,692.57 76,492.61 76,565.20    -26.05       -0.03           0
387  2026-05-25 02:00:00    BTC 76,577.36 76,686.23 76,512.02 76,677.76    112.55        0.15           0
388  2026-05-25 03:00:00    BTC 76,689.10 76,694.00 76,520.07 76,569.26   -108.50       -0.14           0
389  2026-05-25 04:00:00    BTC 76,572.68 76,650.50 76,008.71 76,045.49   -523.77       -0.68           0
390  2026-05-25 05:00:00    BTC 76,138.57 76,905.00 76,052.01 76,709.99    664.50        0.87   201957376
391  2026-05-25 06:00:00    BTC 76,710.00 77,114.47 76,710.00 76,961.85    251.86        0.33   169852928
392  2026-05-25 07:00:00    BTC 76,996.11 77,164.44 76,996.00 77,060.30     98.45        0.13    16697344
393  2026-05-25 08:00:00    BTC 77,101.90 77,159.49 76,827.26 76,850.94   -209.36       -0.27   313188352
394  2026-05-25 09:00:00    BTC 76,885.68 77,390.93 76,881.15 77,012.29    161.35        0.21   398118912
395  2026-05-25 10:00:00    BTC 77,010.95 77,073.39 76,917.67 76,933.10    -79.19       -0.10    10473472
396  2026-05-25 11:00:00    BTC 76,933.10 77,354.94 76,899.39 77,292.42    359.32        0.47   182812672
397  2026-05-25 12:00:00    BTC 77,278.70 77,402.09 77,220.88 77,316.27     23.85        0.03   363411456
398  2026-05-25 13:00:00    BTC 77,316.25 77,520.91 77,132.46 77,330.98     14.70        0.02   251793408
399  2026-05-25 14:00:00    BTC 77,335.59 77,431.49 77,111.90 77,310.59    -20.38       -0.03   242003968
400  2026-05-25 15:00:00    BTC 77,315.79 77,380.18 77,184.54 77,366.79     56.20        0.07           0
401  2026-05-25 16:00:00    BTC 77,366.79 77,615.84 77,327.52 77,517.00    150.21        0.19   394647552
402  2026-05-25 17:00:00    BTC 77,532.07 77,606.62 77,408.02 77,460.05    -56.95       -0.07           0
403  2026-05-25 18:00:00    BTC 77,460.05 77,460.05 77,254.47 77,284.13   -175.91       -0.23           0
404  2026-05-25 19:00:00    BTC 77,292.81 77,360.97 77,209.00 77,287.91      3.77        0.00           0
405  2026-05-25 20:00:00    BTC 77,285.36 77,375.99 77,206.01 77,257.52    -30.38       -0.04           0
406  2026-05-25 21:00:00    BTC 77,257.53 77,666.38 77,227.91 77,633.78    376.26        0.49           0
407  2026-05-25 22:00:00    BTC 77,631.93 77,804.94 77,483.04 77,549.96    -83.82       -0.11   808312832
408  2026-05-25 23:00:00    BTC 77,569.03 77,739.52 77,438.70 77,663.77    113.81        0.15           0
409  2026-05-26 00:00:00    BTC 77,663.16 77,740.37 77,477.40 77,500.98   -162.80       -0.21   251166720
410  2026-05-26 01:00:00    BTC 77,481.19 77,592.48 77,469.67 77,481.11    -19.87       -0.03           0
411  2026-05-26 02:00:00    BTC 77,485.71 77,485.71 77,274.20 77,380.65   -100.46       -0.13   227966976
412  2026-05-26 03:00:00    BTC 77,361.31 77,434.99 77,147.16 77,199.04   -181.61       -0.23           0
413  2026-05-26 04:00:00    BTC 77,206.49 77,320.98 77,199.05 77,287.77     88.73        0.11    38117376
414  2026-05-26 05:00:00    BTC 77,300.01 77,367.14 76,969.07 77,043.97   -243.80       -0.32           0
415  2026-05-26 06:00:00    BTC 77,016.88 77,294.19 76,995.64 77,249.07    205.10        0.27     4790272
416  2026-05-26 07:00:00    BTC 77,253.20 77,277.36 76,490.55 76,700.72   -548.35       -0.71   324362240
417  2026-05-26 08:00:00    BTC 76,626.00 76,788.93 76,513.50 76,670.81    -29.91       -0.04    88303616
418  2026-05-26 09:00:00    BTC 76,717.51 76,730.97 76,431.98 76,586.06    -84.75       -0.11   510846976
419  2026-05-26 10:00:00    BTC 76,563.46 76,629.90 76,392.00 76,571.73    -14.34       -0.02    40730624
420  2026-05-26 11:00:00    BTC 76,571.73 76,730.54 76,520.02 76,660.84     89.12        0.12   397205504
421  2026-05-26 12:00:00    BTC 76,660.84 76,893.12 76,618.27 76,837.23    176.38        0.23     1157120
422  2026-05-26 13:00:00    BTC 76,825.08 76,939.47 76,679.05 76,817.54    -19.69       -0.03   338022400
423  2026-05-26 14:00:00    BTC 76,829.99 76,833.99 76,514.37 76,629.90   -187.64       -0.24           0
424  2026-05-26 15:00:00    BTC 76,630.00 76,766.91 76,594.24 76,632.32      2.42        0.00           0
425  2026-05-26 16:00:00    BTC 76,637.97 76,721.41 76,556.83 76,586.07    -46.25       -0.06    54159360
426  2026-05-26 17:00:00    BTC 76,552.56 77,530.46 76,488.01 77,352.42    766.35        1.00  1108639744
427  2026-05-26 18:00:00    BTC 77,357.27 77,420.98 77,082.42 77,097.98   -254.45       -0.33   545140736
428  2026-05-26 19:00:00    BTC 77,103.81 77,148.53 76,813.98 77,045.54    -52.44       -0.07   507512832
429  2026-05-26 20:00:00    BTC 77,053.60 77,376.69 76,589.01 77,134.19     88.65        0.12   967733248
430  2026-05-26 21:00:00    BTC 77,170.48 78,001.71 76,630.00 76,806.32   -327.87       -0.43  2844616704
431  2026-05-26 22:00:00    BTC 76,801.70 76,905.32 76,158.30 76,396.74   -409.58       -0.53  1481988096
432  2026-05-26 23:00:00    BTC 76,411.90 76,601.89 76,122.00 76,450.02     53.28        0.07  2513088512
433  2026-05-27 00:00:00    BTC 76,446.51 76,538.42 75,750.04 75,816.74   -633.28       -0.83  2035312640
434  2026-05-27 01:00:00    BTC 75,805.44 76,150.01 75,658.00 75,705.86   -110.88       -0.15   904148992
435  2026-05-27 02:00:00    BTC 75,714.81 75,973.91 75,669.54 75,916.50    210.64        0.28   650731520
436  2026-05-27 03:00:00    BTC 75,930.01 76,066.56 75,872.02 75,999.17     82.67        0.11   324653056
437  2026-05-27 04:00:00    BTC 75,999.18 76,015.46 75,743.69 75,787.66   -211.52       -0.28   320712704
438  2026-05-27 05:00:00    BTC 75,789.80 75,894.45 75,555.01 75,631.08   -156.58       -0.21    28008448
439  2026-05-27 06:00:00    BTC 75,643.71 75,864.74 75,643.71 75,821.25    190.17        0.25   222785536
440  2026-05-27 07:00:00    BTC 75,828.94 75,980.17 75,770.88 75,971.48    150.23        0.20           0
441  2026-05-27 08:00:00    BTC 75,962.88 75,995.44 75,710.00 75,763.42   -208.05       -0.27    59346944
442  2026-05-27 09:00:00    BTC 75,767.89 75,787.72 75,571.76 75,713.27    -50.15       -0.07           0
443  2026-05-27 10:00:00    BTC 75,746.28 75,849.89 75,510.99 75,544.01   -169.27       -0.22   100474880
444  2026-05-27 11:00:00    BTC 75,526.03 75,581.99 75,180.98 75,445.73    -98.28       -0.13   400986112
445  2026-05-27 12:00:00    BTC 75,449.95 75,610.50 75,449.94 75,575.98    130.25        0.17    41418752
446  2026-05-27 13:00:00    BTC 75,589.89 75,774.97 75,558.79 75,713.98    138.00        0.18           0
447  2026-05-27 14:00:00    BTC 75,713.99 75,855.33 75,631.98 75,838.44    124.46        0.16   301219840
448  2026-05-27 15:00:00    BTC 75,849.16 75,955.40 75,720.96 75,758.75    -79.69       -0.11   167702528
449  2026-05-27 16:00:00    BTC 75,760.77 75,853.26 75,584.89 75,785.98     27.23        0.04           0
450  2026-05-27 17:00:00    BTC 75,785.99 75,919.99 75,741.41 75,785.23     -0.75       -0.00           0
451  2026-05-27 18:00:00    BTC 75,773.89 75,901.66 75,616.97 75,632.98   -152.25       -0.20           0
452  2026-05-27 19:00:00    BTC 75,635.02 76,021.84 75,445.01 75,548.99    -83.98       -0.11   414105600
453  2026-05-27 20:00:00    BTC 75,548.98 75,620.56 74,717.95 74,915.74   -633.25       -0.84  1732333568
454  2026-05-27 21:00:00    BTC 74,954.95 75,100.00 74,640.33 74,885.94    -29.80       -0.04           0
455  2026-05-27 22:00:00    BTC 74,852.34 75,354.30 74,834.69 75,184.19    298.25        0.40           0
456  2026-05-27 23:00:00    BTC 75,169.08 75,259.78 74,865.78 75,169.91    -14.28       -0.02           0
457  2026-05-28 00:00:00    BTC 75,177.58 75,196.82 74,571.51 74,713.03   -456.88       -0.61           0
458  2026-05-28 01:00:00    BTC 74,711.66 74,889.60 74,532.00 74,884.00    170.97        0.23           0
459  2026-05-28 02:00:00    BTC 74,881.09 74,953.30 74,802.65 74,907.96     23.96        0.03   101742592
460  2026-05-28 03:00:00    BTC 74,909.98 75,279.24 74,909.98 75,140.01    232.05        0.31           0
461  2026-05-28 04:00:00    BTC 75,123.73 75,127.16 74,220.00 74,350.97   -789.04       -1.05   595105792
462  2026-05-28 05:00:00    BTC 74,326.43 74,636.00 74,155.64 74,307.04    -43.93       -0.06   570550272
463  2026-05-28 06:00:00    BTC 74,272.75 74,443.54 74,113.98 74,321.99     14.95        0.02   293353472
464  2026-05-28 07:00:00    BTC 74,304.00 74,462.39 74,238.05 74,439.99    118.00        0.16   348262400
465  2026-05-28 08:00:00    BTC 74,458.83 74,458.83 74,043.55 74,207.85   -232.14       -0.31           0
466  2026-05-28 09:00:00    BTC 74,230.00 74,256.00 74,000.01 74,156.96    -50.89       -0.07   354039808
467  2026-05-28 10:00:00    BTC 74,141.98 74,248.15 72,942.90 73,128.01 -1,028.95       -1.39  2580529152
468  2026-05-28 11:00:00    BTC 73,130.02 73,130.02 72,637.55 73,035.98    -92.03       -0.13  2746138624
469  2026-05-28 12:00:00    BTC 73,027.99 73,040.00 72,796.80 72,855.82   -180.16       -0.25   806957056
470  2026-05-28 13:00:00    BTC 72,850.30 73,074.01 72,641.43 73,057.97    202.15        0.28   370483200
471  2026-05-28 14:00:00    BTC 73,075.88 73,368.76 73,022.41 73,368.76    310.79        0.43  1409904640
472  2026-05-28 15:00:00    BTC 73,356.12 73,356.12 73,074.19 73,193.91   -174.85       -0.24    65957888
473  2026-05-28 16:00:00    BTC 73,186.33 73,435.70 73,128.00 73,412.25    218.34        0.30   192315392
474  2026-05-28 17:00:00    BTC 73,402.14 73,493.24 73,228.14 73,272.01   -140.24       -0.19   138571776
475  2026-05-28 18:00:00    BTC 73,268.61 73,404.62 73,203.67 73,375.62    103.61        0.14    44625920
476  2026-05-28 19:00:00    BTC 73,368.36 73,449.99 73,135.69 73,394.97     19.35        0.03           0
477  2026-05-28 20:00:00    BTC 73,390.85 73,446.00 72,626.66 72,880.04   -514.93       -0.70           0
478  2026-05-28 21:00:00    BTC 72,884.21 73,426.92 72,450.00 72,885.08      5.04        0.01   686759936
479  2026-05-28 22:00:00    BTC 72,852.30 73,026.98 72,550.31 72,791.41    -93.67       -0.13           0
480  2026-05-28 23:00:00    BTC 72,770.01 73,317.87 72,586.12 73,317.87    526.46        0.72   610361344
481  2026-05-29 00:00:00    BTC 73,332.45 73,572.00 73,185.37 73,430.59    112.73        0.15           0
482  2026-05-29 01:00:00    BTC 73,416.46 73,616.61 73,396.04 73,536.00    105.41        0.14           0
483  2026-05-29 02:00:00    BTC 73,525.74 73,525.74 73,286.14 73,302.02   -233.98       -0.32           0
484  2026-05-29 03:00:00    BTC 73,314.00 73,612.13 73,133.04 73,477.33    175.30        0.24   621416448
485  2026-05-29 04:00:00    BTC 73,498.55 73,806.76 73,450.53 73,710.83    233.50        0.32           0
486  2026-05-29 05:00:00    BTC 73,705.77 73,830.18 73,351.00 73,360.20   -350.62       -0.48           0
487  2026-05-29 06:00:00    BTC 73,362.59 73,613.58 73,362.59 73,512.56    152.36        0.21           0
488  2026-05-29 07:00:00    BTC 73,516.20 73,756.32 73,516.20 73,624.56    112.00        0.15           0
489  2026-05-29 08:00:00    BTC 73,630.00 73,761.11 73,358.90 73,480.16   -144.41       -0.20           0
490  2026-05-29 09:00:00    BTC 73,481.84 73,537.17 73,074.00 73,116.69   -363.47       -0.49           0
491  2026-05-29 10:00:00    BTC 73,119.87 73,346.40 73,119.87 73,187.99     71.30        0.10           0
492  2026-05-29 11:00:00    BTC 73,187.99 73,400.20 73,088.01 73,386.77    198.78        0.27           0
493  2026-05-29 12:00:00    BTC 73,386.77 73,619.99 73,385.94 73,595.29    208.52        0.28           0
494  2026-05-29 13:00:00    BTC 73,572.85 73,817.25 73,526.28 73,685.96     90.67        0.12           0
495  2026-05-29 14:00:00    BTC 73,675.80 73,716.12 73,269.55 73,410.93   -275.03       -0.37   124858368
496  2026-05-29 15:00:00    BTC 73,404.49 73,725.96 73,404.49 73,548.00    137.07        0.19   294356992
497  2026-05-29 16:00:00    BTC 73,548.00 73,796.95 73,536.55 73,640.09     92.09        0.13    84676608
498  2026-05-29 17:00:00    BTC 73,635.98 73,635.98 73,475.97 73,527.23   -112.87       -0.15    35991552
499  2026-05-29 18:00:00    BTC 73,521.99 73,596.31 73,230.76 73,369.79   -157.44       -0.21           0
500  2026-05-29 19:00:00    BTC 73,363.94 73,363.94 73,091.76 73,179.33   -190.46       -0.26           0
501  2026-05-29 20:00:00    BTC 73,176.08 73,216.01 72,795.95 73,012.48   -166.85       -0.23           0
502  2026-05-29 21:00:00    BTC 73,047.38 73,081.96 72,383.51 72,964.15    -48.33       -0.07           0
503  2026-05-29 22:00:00    BTC 72,974.28 74,084.00 72,875.06 73,698.49    734.34        1.01  1972914176
504  2026-05-29 23:00:00    BTC 73,727.02 73,997.73 73,444.00 73,927.65    229.16        0.31    84787200
505  2026-05-30 00:00:00    BTC 73,951.03 74,222.47 73,799.99 73,851.01    -76.64       -0.10  1640628224
506  2026-05-30 01:00:00    BTC 73,883.02 73,961.13 73,075.65 73,261.34   -589.66       -0.80   720769024
507  2026-05-30 02:00:00    BTC 73,270.84 73,621.05 73,132.18 73,433.13    171.79        0.23   311463936
508  2026-05-30 03:00:00    BTC 73,417.93 73,659.66 73,403.99 73,568.10    134.97        0.18           0
509  2026-05-30 04:00:00    BTC 73,576.51 73,740.52 73,303.79 73,306.63   -261.47       -0.36   284057600
510  2026-05-30 05:00:00    BTC 73,307.21 73,466.02 73,275.29 73,376.70     70.07        0.10           0
511  2026-05-30 06:00:00    BTC 73,358.47 73,415.65 73,216.26 73,366.77     -9.93       -0.01    86507520
512  2026-05-30 07:00:00    BTC 73,372.68 73,474.01 73,303.36 73,394.54     27.77        0.04           0
513  2026-05-30 08:00:00    BTC 73,394.48 73,568.96 73,364.96 73,559.38    164.84        0.22           0
514  2026-05-30 09:00:00    BTC 73,559.38 73,688.99 73,511.51 73,688.99    129.61        0.18           0
515  2026-05-30 10:00:00    BTC 73,661.49 73,696.50 73,416.07 73,426.56   -262.43       -0.36   284575744
516  2026-05-30 11:00:00    BTC 73,426.56 73,477.48 73,118.05 73,292.95   -133.61       -0.18   408981504
517  2026-05-30 12:00:00    BTC 73,286.73 73,535.05 73,240.50 73,504.38    211.43        0.29   157478912
518  2026-05-30 13:00:00    BTC 73,508.97 73,611.01 73,424.38 73,497.02     -7.36       -0.01   298754048
519  2026-05-30 14:00:00    BTC 73,490.14 73,500.00 73,382.00 73,450.99    -46.03       -0.06           0
520  2026-05-30 15:00:00    BTC 73,450.02 73,466.01 73,394.83 73,396.00    -54.99       -0.07           0
521  2026-05-30 16:00:00    BTC 73,417.92 73,514.83 73,395.32 73,512.01    116.01        0.16           0
522  2026-05-30 17:00:00    BTC 73,516.03 73,580.27 73,488.26 73,549.56     37.55        0.05           0
523  2026-05-30 18:00:00    BTC 73,532.53 73,549.52 73,454.28 73,495.40    -54.16       -0.07           0
524  2026-05-30 19:00:00    BTC 73,505.69 73,607.88 73,483.98 73,588.13     92.73        0.13           0
525  2026-05-30 20:00:00    BTC 73,588.13 73,729.70 73,566.46 73,716.00    127.87        0.17           0
526  2026-05-30 21:00:00    BTC 73,721.98 73,981.81 73,706.82 73,822.02    106.02        0.14           0
527  2026-05-30 22:00:00    BTC 73,835.35 73,925.63 73,730.35 73,799.92    -22.10       -0.03           0
528  2026-05-30 23:00:00    BTC 73,820.01 73,871.99 73,768.02 73,823.82     23.90        0.03           0
529  2026-05-31 00:00:00    BTC 73,821.99 73,916.95 73,719.99 73,910.79     86.97        0.12           0
530  2026-05-31 01:00:00    BTC 73,910.79 74,021.71 73,845.50 73,929.53     18.74        0.03           0
531  2026-05-31 02:00:00    BTC 73,929.53 73,961.23 73,855.76 73,904.00    -25.53       -0.03           0
532  2026-05-31 03:00:00    BTC 73,904.00 73,907.97 73,804.96 73,871.18    -32.82       -0.04           0
533  2026-05-31 04:00:00    BTC 73,879.24 73,941.18 73,810.66 73,869.07     -2.11       -0.00           0
534  2026-05-31 05:00:00    BTC 73,852.36 73,853.74 73,687.98 73,767.48   -101.59       -0.14           0
535  2026-05-31 06:00:00    BTC 73,772.73 73,880.57 73,671.29 73,768.02      0.55        0.00           0
536  2026-05-31 07:00:00    BTC 73,790.76 73,927.57 73,742.36 73,915.00    146.98        0.20           0
537  2026-05-31 08:00:00    BTC 73,904.99 74,153.81 73,904.99 73,940.99     25.99        0.04   272553984
538  2026-05-31 09:00:00    BTC 73,937.59 74,127.34 73,774.59 73,979.98     38.98        0.05   121624576
539  2026-05-31 10:00:00    BTC 73,982.77 74,110.81 73,951.72 74,032.06     52.09        0.07           0
540  2026-05-31 11:00:00    BTC 74,032.06 74,113.49 73,987.11 74,054.00     21.94        0.03           0
541  2026-05-31 12:00:00    BTC 74,077.52 74,098.74 73,939.99 73,949.12   -104.88       -0.14           0
542  2026-05-31 13:00:00    BTC 73,948.89 73,994.30 73,879.64 73,942.30     -6.82       -0.01           0
543  2026-05-31 14:00:00    BTC 73,923.46 73,932.67 73,720.31 73,752.83   -189.47       -0.26    92747776
544  2026-05-31 15:00:00    BTC 73,752.84 73,872.37 73,735.06 73,835.14     82.31        0.11   116080640
545  2026-05-31 16:00:00    BTC 73,821.89 73,918.79 73,700.65 73,733.38   -101.76       -0.14    86857728
546  2026-05-31 17:00:00    BTC 73,733.38 73,791.02 73,629.03 73,791.02     57.64        0.08   124643328
547  2026-05-31 18:00:00    BTC 73,794.56 73,865.50 73,789.22 73,833.79     42.77        0.06    77666304
548  2026-05-31 19:00:00    BTC 73,818.71 73,892.67 73,760.01 73,806.40    -27.39       -0.04           0
549  2026-05-31 20:00:00    BTC 73,806.41 73,909.32 73,702.09 73,762.82    -43.58       -0.06           0
550  2026-05-31 21:00:00    BTC 73,762.82 73,762.82 73,414.29 73,494.65   -268.17       -0.36           0
551  2026-05-31 22:00:00    BTC 73,480.73 73,658.40 73,480.71 73,542.76     48.11        0.07           0
552  2026-05-31 23:00:00    BTC 73,542.75 73,619.92 73,288.47 73,426.01   -116.75       -0.16   162412544
553  2026-06-01 00:00:00    BTC 73,420.50 73,636.12 73,359.24 73,616.00    189.99        0.26           0
554  2026-06-01 01:00:00    BTC 73,612.56 73,612.56 73,471.30 73,491.99   -124.01       -0.17           0
555  2026-06-01 02:00:00    BTC 73,488.00 73,545.75 73,347.99 73,442.49    -49.50       -0.07           0
556  2026-06-01 03:00:00    BTC 73,466.61 73,649.62 73,466.61 73,620.16    177.66        0.24   274124800
557  2026-06-01 04:00:00    BTC 73,632.02 73,789.07 73,508.14 73,788.02    167.87        0.23   167245824
558  2026-06-01 05:00:00    BTC 73,766.10 73,893.35 73,579.97 73,836.01     47.98        0.07   131243008
559  2026-06-01 06:00:00    BTC 73,843.38 74,064.75 73,400.00 73,575.17   -260.84       -0.35   191144960
560  2026-06-01 07:00:00    BTC 73,575.18 73,973.64 73,545.90 73,781.07    205.90        0.28   462088192
561  2026-06-01 08:00:00    BTC 73,782.15 73,789.50 73,173.90 73,188.00   -593.07       -0.80   140236800
562  2026-06-01 09:00:00    BTC 73,174.57 73,758.00 73,140.27 73,686.15    498.15        0.68   283076608
563  2026-06-01 10:00:00    BTC 73,711.99 73,899.90 73,626.73 73,661.74    -24.41       -0.03   514648064
564  2026-06-01 11:00:00    BTC 73,661.73 73,740.98 73,249.93 73,419.49   -242.25       -0.33   405096448
565  2026-06-01 12:00:00    BTC 73,400.65 73,433.69 73,221.70 73,249.74   -169.75       -0.23   407597056
566  2026-06-01 13:00:00    BTC 73,255.77 73,270.19 72,861.07 73,037.25   -212.49       -0.29   930693120
567  2026-06-01 14:00:00    BTC 73,020.00 73,102.01 72,621.48 72,701.97   -335.28       -0.46   710514688
568  2026-06-01 15:00:00    BTC 72,707.39 72,819.99 72,519.66 72,800.76     98.79        0.14   733884416
569  2026-06-01 16:00:00    BTC 72,807.51 72,993.66 72,748.94 72,791.36     -9.40       -0.01  1513074688
570  2026-06-01 17:00:00    BTC 72,811.75 72,820.00 72,500.01 72,652.01   -139.35       -0.19   611987456
571  2026-06-01 18:00:00    BTC 72,666.20 72,674.99 72,236.00 72,388.76   -263.25       -0.36   339658752
572  2026-06-01 19:00:00    BTC 72,468.00 72,502.16 71,849.88 72,130.23   -258.53       -0.36  2922215424
573  2026-06-01 20:00:00    BTC 72,132.94 72,136.59 71,264.63 71,595.99   -534.23       -0.74  3114647552
574  2026-06-01 21:00:00    BTC 71,585.64 71,761.92 71,270.65 71,418.66   -177.34       -0.25  2971559936
575  2026-06-01 22:00:00    BTC 71,434.06 71,548.24 70,940.00 70,989.73   -428.93       -0.60  2430603264
576  2026-06-01 23:00:00    BTC 70,992.97 71,474.89 70,565.98 71,445.06    455.34        0.64  2996375552
577  2026-06-02 00:00:00    BTC 71,445.07 71,685.14 71,362.07 71,549.95    104.89        0.15  1871917056
578  2026-06-02 01:00:00    BTC 71,531.73 71,587.90 71,278.17 71,397.95   -152.00       -0.21   748851200
579  2026-06-02 02:00:00    BTC 71,401.07 71,574.86 71,285.77 71,481.99     84.04        0.12   709562368
580  2026-06-02 03:00:00    BTC 71,478.68 71,603.49 71,319.82 71,355.14   -126.85       -0.18           0
581  2026-06-02 04:00:00    BTC 71,354.61 71,357.08 70,839.76 70,943.05   -412.09       -0.58   483520512
582  2026-06-02 05:00:00    BTC 70,950.00 71,356.58 70,734.94 71,305.87    362.82        0.51   255959040
583  2026-06-02 06:00:00    BTC 71,305.87 71,485.39 71,128.92 71,307.19      1.32        0.00   564854784
584  2026-06-02 07:00:00    BTC 71,314.44 71,314.44 70,993.12 71,189.16   -118.03       -0.17    22380544
585  2026-06-02 08:00:00    BTC 71,201.71 71,275.31 70,588.00 70,588.00   -601.16       -0.84   864739328
586  2026-06-02 09:00:00    BTC 70,535.44 70,776.62 70,058.68 70,735.97    147.97        0.21  1362526208
587  2026-06-02 10:00:00    BTC 70,738.00 70,925.19 70,696.72 70,840.86    104.89        0.15   276090880
588  2026-06-02 11:00:00    BTC 70,870.00 70,937.99 70,603.91 70,697.99   -142.87       -0.20   131837952
589  2026-06-02 12:00:00    BTC 70,700.80 70,727.63 70,154.07 70,159.03   -538.96       -0.76   388993024
590  2026-06-02 13:00:00    BTC 70,167.45 70,337.04 69,850.92 69,999.96   -159.07       -0.23   926085120
591  2026-06-02 14:00:00    BTC 70,020.42 70,151.32 69,673.87 70,006.80      6.84        0.01  1417797632
592  2026-06-02 15:00:00    BTC 70,015.77 70,065.83 69,605.98 69,710.93   -295.87       -0.42           0
593  2026-06-02 16:00:00    BTC 69,738.93 69,741.95 69,216.84 69,319.39   -391.54       -0.56   607092736
594  2026-06-02 17:00:00    BTC 69,318.09 69,629.55 69,241.00 69,546.62    227.23        0.33   227733504
595  2026-06-02 18:00:00    BTC 69,535.11 69,549.91 69,305.88 69,349.99   -196.62       -0.28           0
596  2026-06-02 19:00:00    BTC 69,337.99 69,438.25 68,924.94 68,924.94   -425.05       -0.61           0
597  2026-06-02 20:00:00    BTC 68,884.16 69,064.60 68,626.55 68,668.38   -256.55       -0.37           0
598  2026-06-02 21:00:00    BTC 68,631.08 68,652.68 67,506.09 67,870.39   -797.99       -1.16  1059471360
599  2026-06-02 22:00:00    BTC 67,880.69 67,921.71 66,959.15 67,169.30   -701.09       -1.03  1422303232
600  2026-06-02 23:00:00    BTC 67,160.32 67,993.89 67,094.58 67,295.26    125.96        0.19           0
601  2026-06-03 00:00:00    BTC 67,304.42 67,700.06 67,252.07 67,352.00     56.74        0.08   169271296
602  2026-06-03 01:00:00    BTC 67,356.46 67,515.38 67,030.00 67,217.16   -134.84       -0.20   389632000
603  2026-06-03 02:00:00    BTC 67,218.21 67,356.64 66,347.00 67,185.44    -31.72       -0.05  1688719360
604  2026-06-03 03:00:00    BTC 67,195.98 67,568.03 66,802.33 67,482.80    297.36        0.44  2248257536
605  2026-06-03 04:00:00    BTC 67,491.60 67,821.80 67,304.50 67,460.00    -22.80       -0.03   328798208
606  2026-06-03 05:00:00    BTC 67,409.32 67,426.01 66,187.55 66,272.70 -1,187.30       -1.76  1217282048
607  2026-06-03 06:00:00    BTC 66,302.03 66,770.00 66,108.82 66,656.55    383.84        0.58  1598230528
608  2026-06-03 07:00:00    BTC 66,667.01 67,078.72 66,563.34 66,838.01    181.46        0.27  1078190080
609  2026-06-03 08:00:00    BTC 66,844.20 66,957.15 66,377.36 66,817.09    -20.91       -0.03           0
610  2026-06-03 09:00:00    BTC 66,818.00 66,838.02 66,487.19 66,519.99   -297.10       -0.44           0
611  2026-06-03 10:00:00    BTC 66,530.18 66,568.40 65,384.95 65,750.77   -769.22       -1.16  2177093632
612  2026-06-03 11:00:00    BTC 65,728.00 66,518.39 65,728.00 66,371.66    620.88        0.94   834531328
613  2026-06-03 12:00:00    BTC 66,420.34 67,296.08 66,379.90 67,226.00    854.34        1.29  1063661568
614  2026-06-03 13:00:00    BTC 67,223.67 67,407.34 66,865.72 66,882.95   -343.05       -0.51   730275840
615  2026-06-03 14:00:00    BTC 66,873.31 67,243.76 66,782.01 67,125.92    242.97        0.36           0
616  2026-06-03 15:00:00    BTC 67,113.33 67,161.59 66,874.56 66,927.65   -198.27       -0.30   374566912
617  2026-06-03 16:00:00    BTC 66,925.98 67,204.98 66,547.10 66,978.57     50.92        0.08           0
618  2026-06-03 17:00:00    BTC 66,971.84 67,358.83 66,961.73 67,190.23    211.66        0.32           0
619  2026-06-03 18:00:00    BTC 67,198.94 67,273.76 66,950.06 66,966.00   -224.23       -0.33   321241088
620  2026-06-03 19:00:00    BTC 66,969.63 67,058.69 66,689.54 66,982.00     16.00        0.02           0
621  2026-06-03 20:00:00    BTC 66,984.64 67,140.49 66,521.00 66,786.00   -196.00       -0.29           0
622  2026-06-03 21:00:00    BTC 66,820.04 66,870.04 66,528.00 66,749.76    -36.24       -0.05           0
623  2026-06-03 22:00:00    BTC 66,729.27 66,769.82 65,970.18 65,972.18   -777.58       -1.16           0
624  2026-06-03 23:00:00    BTC 65,992.46 66,252.30 65,466.89 65,954.61    -17.57       -0.03           0
625  2026-06-04 00:00:00    BTC 65,987.27 66,083.01 65,600.35 65,862.85    -91.76       -0.14           0
626  2026-06-04 01:00:00    BTC 65,861.41 66,053.72 65,653.44 65,939.52     76.67        0.12   109547520
627  2026-06-04 02:00:00    BTC 65,932.37 65,960.47 65,175.17 65,349.08   -590.45       -0.90           0
628  2026-06-04 03:00:00    BTC 65,356.09 65,508.41 64,719.34 64,909.01   -440.07       -0.67           0
629  2026-06-04 04:00:00    BTC 64,894.92 65,753.21 64,861.95 65,660.00    750.99        1.16  1209069568
630  2026-06-04 05:00:00    BTC 65,610.99 65,717.13 64,698.78 64,812.00   -848.00       -1.29           0
631  2026-06-04 06:00:00    BTC 64,808.71 64,869.98 63,991.32 64,040.00   -772.00       -1.19           0
632  2026-06-04 07:00:00    BTC 64,052.00 64,318.58 62,970.00 63,247.30   -792.70       -1.24  2203717632
633  2026-06-04 08:00:00    BTC 63,237.94 63,401.00 62,029.02 62,083.45 -1,163.85       -1.84  4366426112
634  2026-06-04 09:00:00    BTC 62,117.25 63,538.60 61,338.10 63,137.74  1,054.29        1.70  5598535680
635  2026-06-04 10:00:00    BTC 63,180.98 64,448.79 63,146.54 64,283.38  1,145.64        1.81   491712512
636  2026-06-04 11:00:00    BTC 64,276.73 64,683.91 64,196.80 64,333.32     49.94        0.08   389677056
637  2026-06-04 12:00:00    BTC 64,325.59 64,325.59 63,576.79 63,895.09   -438.23       -0.68           0
638  2026-06-04 13:00:00    BTC 63,865.00 64,410.14 63,826.08 63,961.02     65.93        0.10           0
639  2026-06-04 14:00:00    BTC 63,987.63 64,003.25 63,440.35 63,540.75   -420.27       -0.66           0
640  2026-06-04 15:00:00    BTC 63,564.09 63,825.52 63,186.07 63,540.95      0.20        0.00   304857088
641  2026-06-04 16:00:00    BTC 63,539.95 63,542.00 62,634.26 63,187.11   -353.84       -0.56   819404800
642  2026-06-04 17:00:00    BTC 63,153.68 63,153.68 62,228.33 62,362.96   -824.15       -1.30   338616320
643  2026-06-04 18:00:00    BTC 62,365.91 62,750.00 62,132.43 62,472.68    109.72        0.18  4311072768
644  2026-06-04 19:00:00    BTC 62,485.20 63,895.96 62,315.24 63,689.48  1,216.80        1.95  2037407744
645  2026-06-04 20:00:00    BTC 63,673.99 64,186.01 63,009.00 64,149.19    459.71        0.72  1216172032
646  2026-06-04 21:00:00    BTC 64,199.00 64,441.27 63,726.39 63,893.97   -255.22       -0.40   359051264
647  2026-06-04 22:00:00    BTC 63,860.05 64,334.22 63,621.98 63,813.15    -80.82       -0.13           0
648  2026-06-04 23:00:00    BTC 63,805.49 63,845.99 63,362.34 63,480.89   -332.26       -0.52           0
649  2026-06-05 00:00:00    BTC 63,466.00 63,630.92 62,884.22 63,450.39    -30.50       -0.05   274919424
650  2026-06-05 01:00:00    BTC 63,464.53 64,015.00 63,058.31 63,726.00    275.61        0.43   860127232
651  2026-06-05 02:00:00    BTC 63,715.35 64,062.44 63,447.38 63,535.72   -190.28       -0.30   330264576
652  2026-06-05 03:00:00    BTC 63,547.89 63,594.54 63,113.89 63,578.04     42.32        0.07           0
653  2026-06-05 04:00:00    BTC 63,556.78 63,797.32 63,094.90 63,211.72   -366.32       -0.58           0
654  2026-06-05 05:00:00    BTC 63,186.42 63,701.74 63,134.16 63,660.85    449.13        0.71           0
655  2026-06-05 06:00:00    BTC 63,654.03 63,845.45 63,309.12 63,811.91    151.06        0.24           0
656  2026-06-05 07:00:00    BTC 63,775.90 63,898.04 63,316.90 63,354.36   -457.55       -0.72           0
657  2026-06-05 08:00:00    BTC 63,322.50 63,489.73 62,985.98 63,296.84    -57.52       -0.09           0
658  2026-06-05 09:00:00    BTC 63,300.93 63,364.29 62,520.01 62,538.86   -757.98       -1.20           0
659  2026-06-05 10:00:00    BTC 62,544.29 62,808.98 62,266.17 62,658.31    119.45        0.19           0
660  2026-06-05 11:00:00    BTC 62,662.97 63,574.19 62,458.00 63,542.46    884.15        1.41           0
661  2026-06-05 12:00:00    BTC 63,586.01 63,603.57 62,216.01 62,257.00 -1,285.46       -2.02           0
662  2026-06-05 13:00:00    BTC 62,240.64 62,557.97 61,093.55 61,881.93   -375.07       -0.60  4870475776
663  2026-06-05 14:00:00    BTC 61,870.01 63,044.52 61,327.73 63,044.52  1,162.59        1.88   101888000
664  2026-06-05 15:00:00    BTC 63,034.31 63,035.08 62,230.27 62,390.02   -654.50       -1.04           0
665  2026-06-05 16:00:00    BTC 62,409.31 63,142.28 62,392.97 62,804.68    414.66        0.66           0
666  2026-06-05 17:00:00    BTC 62,814.22 62,877.66 62,319.01 62,485.04   -319.64       -0.51           0
667  2026-06-05 18:00:00    BTC 62,480.68 62,540.99 61,914.51 61,916.31   -568.73       -0.91           0
668  2026-06-05 19:00:00    BTC 61,897.60 62,365.28 61,567.66 61,910.90     -5.41       -0.01           0
669  2026-06-05 20:00:00    BTC 61,927.22 62,244.46 60,683.09 60,693.47 -1,217.43       -1.97   217096192
670  2026-06-05 21:00:00    BTC 60,665.40 61,153.13 60,309.41 60,814.00    120.53        0.20  3805794304
671  2026-06-05 22:00:00    BTC 60,779.11 61,042.97 60,015.97 60,417.80   -396.20       -0.65  2612482048
672  2026-06-05 23:00:00    BTC 60,359.12 61,505.35 59,772.98 61,340.28    922.48        1.53  4861689856
673  2026-06-06 00:00:00    BTC 61,351.30 61,453.98 60,601.11 60,756.36   -583.92       -0.95   529285120
674  2026-06-06 01:00:00    BTC 60,749.89 60,884.74 59,095.64 59,328.01 -1,428.35       -2.35  1268371456
675  2026-06-06 02:00:00    BTC 59,346.56 60,420.00 59,106.92 60,267.13    939.12        1.58  2885697536
676  2026-06-06 03:00:00    BTC 60,256.92 61,719.14 59,924.27 61,630.76  1,363.63        2.26  2068508672
677  2026-06-06 04:00:00    BTC 61,625.69 61,954.68 61,433.06 61,656.00     25.24        0.04  1124614144
678  2026-06-06 05:00:00    BTC 61,600.00 61,944.59 61,236.43 61,565.00    -91.00       -0.15   796098560
679  2026-06-06 06:00:00    BTC 61,611.36 61,742.82 60,497.40 61,028.00   -537.00       -0.87  1216823296
680  2026-06-06 07:00:00    BTC 61,048.20 61,496.26 61,048.20 61,243.22    215.22        0.35   145981440
681  2026-06-06 08:00:00    BTC 61,260.69 61,354.03 60,929.46 61,025.82   -217.40       -0.35           0
682  2026-06-06 09:00:00    BTC 61,026.47 61,154.99 60,646.03 60,922.46   -103.36       -0.17           0
683  2026-06-06 10:00:00    BTC 60,909.99 60,943.60 60,503.53 60,657.02   -265.44       -0.44           0
684  2026-06-06 11:00:00    BTC 60,647.64 60,842.23 59,463.99 60,072.05   -584.97       -0.96  1052221440
685  2026-06-06 12:00:00    BTC 60,082.90 61,013.74 59,596.68 60,910.40    838.35        1.40   889528320
686  2026-06-06 13:00:00    BTC 60,922.17 61,211.80 60,661.41 60,755.69   -154.71       -0.25           0
687  2026-06-06 14:00:00    BTC 60,756.02 61,195.98 60,699.95 60,970.77    215.08        0.35           0
688  2026-06-06 15:00:00    BTC 60,974.89 61,449.40 60,846.96 61,236.00    265.23        0.44           0
689  2026-06-06 16:00:00    BTC 61,209.37 61,287.41 60,862.05 60,940.57   -295.43       -0.48   153051136
690  2026-06-06 17:00:00    BTC 60,937.99 60,944.61 60,194.00 60,572.14   -368.43       -0.60   579563520
691  2026-06-06 18:00:00    BTC 60,533.94 60,924.01 60,517.79 60,772.39    200.25        0.33           0
692  2026-06-06 19:00:00    BTC 60,774.93 61,126.00 60,620.46 60,988.05    215.66        0.35           0
693  2026-06-06 20:00:00    BTC 60,976.68 61,070.43 60,677.00 60,759.38   -228.67       -0.37           0
694  2026-06-06 21:00:00    BTC 60,776.67 60,982.02 60,746.01 60,763.94      4.56        0.01           0
695  2026-06-06 22:00:00    BTC 60,777.50 60,883.89 60,383.99 60,748.13    -15.81       -0.03           0
696  2026-06-06 23:00:00    BTC 60,716.95 60,932.00 60,464.00 60,746.76     -1.37       -0.00           0
697  2026-06-07 00:00:00    BTC 60,761.50 60,816.76 60,478.52 60,548.13   -198.63       -0.33           0
698  2026-06-07 01:00:00    BTC 60,557.09 60,704.54 60,368.97 60,604.01     55.88        0.09           0
699  2026-06-07 02:00:00    BTC 60,583.68 60,747.30 60,500.06 60,570.09    -33.92       -0.06           0
700  2026-06-07 03:00:00    BTC 60,569.11 60,723.99 60,489.98 60,681.31    111.22        0.18           0
701  2026-06-07 04:00:00    BTC 60,681.77 60,971.83 60,675.05 60,725.15     43.84        0.07           0
702  2026-06-07 05:00:00    BTC 60,711.02 60,784.59 60,400.02 60,531.07   -194.08       -0.32           0
703  2026-06-07 06:00:00    BTC 60,518.27 60,919.50 60,510.32 60,852.00    320.93        0.53           0
704  2026-06-07 07:00:00    BTC 60,850.00 60,949.10 60,712.89 60,760.09    -91.91       -0.15    43669504
705  2026-06-07 08:00:00    BTC 60,749.86 61,630.92 60,725.13 61,441.93    681.84        1.12   547317760
706  2026-06-07 09:00:00    BTC 61,432.14 61,536.89 61,157.99 61,473.18     31.25        0.05           0
707  2026-06-07 10:00:00    BTC 61,466.82 61,747.73 61,377.68 61,673.76    200.58        0.33           0
708  2026-06-07 11:00:00    BTC 61,661.00 61,876.98 61,454.43 61,855.48    181.72        0.29           0
709  2026-06-07 12:00:00    BTC 61,851.60 62,088.62 61,614.14 61,722.29   -133.19       -0.22           0
710  2026-06-07 13:00:00    BTC 61,719.08 62,224.99 61,593.43 62,076.27    353.98        0.57           0
711  2026-06-07 14:00:00    BTC 62,049.13 62,384.00 61,968.14 62,373.07    296.80        0.48  1210693632
712  2026-06-07 15:00:00    BTC 62,374.50 62,900.87 62,230.00 62,826.85    453.78        0.73  1392629760
713  2026-06-07 16:00:00    BTC 62,821.95 62,872.31 62,385.28 62,504.25   -322.60       -0.51   726384640
714  2026-06-07 17:00:00    BTC 62,508.67 62,542.92 62,277.61 62,345.37   -158.88       -0.25           0
715  2026-06-07 18:00:00    BTC 62,345.77 62,732.14 62,334.00 62,599.99    254.62        0.41   163233792
716  2026-06-07 19:00:00    BTC 62,600.04 62,622.95 61,573.99 61,873.64   -726.35       -1.16  1366056960
717  2026-06-07 20:00:00    BTC 61,860.16 61,873.83 61,634.00 61,676.65   -196.99       -0.32   460072960
718  2026-06-07 21:00:00    BTC 61,673.53 62,252.57 61,671.11 61,880.07    203.42        0.33   464877568
719  2026-06-07 22:00:00    BTC 61,862.84 62,185.27 61,647.18 62,058.50    178.43        0.29           0
720  2026-06-07 23:00:00    BTC 62,074.17 62,299.15 61,933.39 62,054.06     -4.44       -0.01           0
721  2026-06-08 00:00:00    BTC 62,031.64 62,296.45 62,020.96 62,130.48     76.42        0.12   216543232
722  2026-06-08 01:00:00    BTC 62,128.02 62,265.08 61,985.61 61,998.26   -132.22       -0.21           0
723  2026-06-08 02:00:00    BTC 62,006.29 62,006.29 61,149.36 61,297.96   -700.30       -1.13   935659520
724  2026-06-08 03:00:00    BTC 61,292.97 61,937.38 61,192.38 61,839.99    542.03        0.88   660695040
725  2026-06-08 04:00:00    BTC 61,853.98 61,968.16 61,621.16 61,748.63    -91.36       -0.15           0
726  2026-06-08 05:00:00    BTC 61,824.60 64,102.69 61,696.03 62,831.61  1,082.98        1.75  4000036864
727  2026-06-08 06:00:00    BTC 62,822.00 63,413.28 62,775.97 63,308.26    476.65        0.76   902414336
728  2026-06-08 07:00:00    BTC 63,300.02 63,817.56 63,119.16 63,607.86    299.60        0.47   760750080
729  2026-06-08 08:00:00    BTC 63,620.93 63,620.93 62,687.30 63,182.45   -425.41       -0.67   290021376
730  2026-06-08 09:00:00    BTC 63,183.96 63,232.25 62,885.99 63,095.00    -87.45       -0.14   264982528
731  2026-06-08 10:00:00    BTC 63,093.00 63,408.03 62,941.07 63,088.04     -6.96       -0.01           0
732  2026-06-08 11:00:00    BTC 63,096.00 63,132.12 62,617.63 62,697.03   -391.01       -0.62   754114560
733  2026-06-08 12:00:00    BTC 62,655.96 62,793.97 62,373.92 62,728.32     31.29        0.05           0
734  2026-06-08 13:00:00    BTC 62,703.36 63,107.05 62,690.99 62,947.89    219.57        0.35           0
735  2026-06-08 14:00:00    BTC 62,944.30 63,296.15 62,784.67 63,237.23    289.34        0.46   321101824
736  2026-06-08 15:00:00    BTC 63,229.52 63,229.52 62,941.17 63,078.96   -158.27       -0.25           0
737  2026-06-08 16:00:00    BTC 63,086.00 63,501.74 63,075.68 63,448.33    369.37        0.59           0
738  2026-06-08 17:00:00    BTC 63,435.12 63,500.14 63,049.49 63,108.69   -339.64       -0.54           0
739  2026-06-08 18:00:00    BTC 63,088.25 63,827.35 62,995.34 63,419.54    310.85        0.49  1171879936
740  2026-06-08 19:00:00    BTC 63,431.81 63,873.62 62,687.34 63,765.74    346.20        0.55           0
741  2026-06-08 20:00:00    BTC 63,811.99 63,894.07 63,307.43 63,714.75    -50.99       -0.08   845291520
742  2026-06-08 21:00:00    BTC 63,727.97 64,059.06 63,533.03 63,930.71    215.96        0.34  1064529920
743  2026-06-08 22:00:00    BTC 63,946.25 64,184.28 63,694.00 63,742.94   -187.77       -0.29  1679265792
744  2026-06-08 23:00:00    BTC 63,744.16 64,004.61 63,433.99 63,493.97   -248.97       -0.39   603996160
745  2026-06-09 00:00:00    BTC 63,501.33 63,623.84 63,256.24 63,520.50     26.53        0.04   407105536
746  2026-06-09 01:00:00    BTC 63,528.71 63,664.07 63,308.88 63,442.01    -78.49       -0.12     5234688
747  2026-06-09 02:00:00    BTC 63,431.46 63,565.05 63,335.95 63,352.52    -89.49       -0.14           0
748  2026-06-09 03:00:00    BTC 63,373.80 63,466.72 63,143.09 63,466.72    114.20        0.18   231735296
749  2026-06-09 04:00:00    BTC 63,475.97 63,832.12 63,458.74 63,707.62    240.90        0.38           0
750  2026-06-09 05:00:00    BTC 63,676.31 63,678.10 63,191.98 63,420.70   -286.92       -0.45           0
751  2026-06-09 06:00:00    BTC 63,419.09 63,575.32 62,970.48 63,062.97   -357.73       -0.56           0
752  2026-06-09 07:00:00    BTC 63,050.71 63,144.73 62,391.89 62,539.90   -523.07       -0.83   414707712
753  2026-06-09 08:00:00    BTC 62,529.99 62,855.87 62,524.29 62,737.46    197.56        0.32           0
754  2026-06-09 09:00:00    BTC 62,740.00 62,847.35 62,512.95 62,847.35    109.89        0.18           0
755  2026-06-09 10:00:00    BTC 62,846.57 62,948.09 62,676.03 62,842.08     -5.27       -0.01   935122944
756  2026-06-09 11:00:00    BTC 62,839.98 63,386.57 62,716.00 63,212.05    369.97        0.59   648720384
757  2026-06-09 12:00:00    BTC 63,208.86 63,490.49 63,077.22 63,306.18     94.13        0.15   122083328
758  2026-06-09 13:00:00    BTC 63,316.97 63,472.79 63,193.08 63,263.98    -42.20       -0.07   204931072
759  2026-06-09 14:00:00    BTC 63,279.97 63,402.83 62,979.99 63,155.99   -107.99       -0.17           0
760  2026-06-09 15:00:00    BTC 63,158.56 63,176.98 62,738.23 62,808.18   -347.81       -0.55   673275904
761  2026-06-09 16:00:00    BTC 62,820.88 62,910.04 62,569.67 62,681.91   -126.27       -0.20           0
762  2026-06-09 17:00:00    BTC 62,684.31 62,789.04 62,566.45 62,748.74     66.83        0.11           0
763  2026-06-09 18:00:00    BTC 62,748.22 62,756.91 62,457.13 62,673.32    -75.42       -0.12           0
764  2026-06-09 19:00:00    BTC 62,657.56 62,860.11 62,403.94 62,589.48    -83.84       -0.13           0
765  2026-06-09 20:00:00    BTC 62,634.15 62,696.93 62,117.30 62,238.69   -350.79       -0.56           0
766  2026-06-09 21:00:00    BTC 62,229.00 62,354.13 61,112.01 61,490.42   -748.27       -1.20  1294891008
767  2026-06-09 22:00:00    BTC 61,503.96 61,650.85 60,979.80 61,076.52   -413.90       -0.67           0
768  2026-06-09 23:00:00    BTC 61,063.00 61,408.00 60,743.05 61,336.08    259.56        0.42  2889369600
769  2026-06-10 00:00:00    BTC 61,342.37 61,824.00 61,342.37 61,637.72    301.64        0.49  2001612800
770  2026-06-10 01:00:00    BTC 61,658.35 61,897.09 61,539.94 61,731.50     93.78        0.15   612831232
771  2026-06-10 02:00:00    BTC 61,724.04 62,051.82 61,658.19 62,044.83    313.33        0.51  1663180800
772  2026-06-10 03:00:00    BTC 62,060.37 62,221.42 61,907.59 62,109.64     64.81        0.10           0
773  2026-06-10 04:00:00    BTC 62,113.47 62,133.46 61,641.98 61,708.92   -400.72       -0.65   595587072
774  2026-06-10 05:00:00    BTC 61,720.09 61,923.59 61,614.91 61,678.03    -30.89       -0.05   547098624
775  2026-06-10 06:00:00    BTC 61,682.05 61,839.01 61,507.16 61,685.80      7.77        0.01    32190464
776  2026-06-10 07:00:00    BTC 61,699.22 61,890.05 61,413.17 61,877.94    192.14        0.31           0
777  2026-06-10 08:00:00    BTC 61,865.77 61,931.96 61,550.50 61,677.98   -199.96       -0.32           0
778  2026-06-10 09:00:00    BTC 61,679.27 61,798.61 61,192.39 61,258.68   -419.30       -0.68   106987520
779  2026-06-10 10:00:00    BTC 61,256.00 61,542.65 61,235.41 61,503.96    245.28        0.40           0
780  2026-06-10 11:00:00    BTC 61,503.96 61,520.97 61,142.16 61,248.18   -255.78       -0.42           0
781  2026-06-10 12:00:00    BTC 61,257.79 61,350.00 61,030.09 61,301.99     53.81        0.09           0
782  2026-06-10 13:00:00    BTC 61,310.51 61,470.93 61,094.67 61,418.18    116.19        0.19           0
783  2026-06-10 14:00:00    BTC 61,423.24 61,738.95 61,379.95 61,621.45    203.27        0.33   168083456
784  2026-06-10 15:00:00    BTC 61,641.09 61,684.88 61,114.03 61,196.08   -425.37       -0.69           0
785  2026-06-10 16:00:00    BTC 61,214.56 61,371.34 60,727.20 61,289.11     93.03        0.15           0
786  2026-06-10 17:00:00    BTC 61,264.42 61,400.72 61,103.35 61,327.60     38.49        0.06           0
787  2026-06-10 18:00:00    BTC 61,338.76 61,384.19 60,828.95 60,977.47   -350.13       -0.57  1204592640
788  2026-06-10 19:00:00    BTC 60,984.91 61,839.84 60,904.87 61,512.99    535.52        0.88   812740608
789  2026-06-10 20:00:00    BTC 61,507.32 62,397.84 61,380.90 62,090.41    577.42        0.94           0
790  2026-06-10 21:00:00    BTC 62,083.56 62,200.00 61,750.42 62,132.93     42.52        0.07           0
791  2026-06-10 22:00:00    BTC 62,154.55 62,794.39 61,802.45 62,581.51    448.58        0.72           0
792  2026-06-10 23:00:00    BTC 62,588.33 62,589.99 61,869.70 62,165.93   -415.58       -0.66           0
793  2026-06-11 00:00:00    BTC 62,162.49 62,308.00 61,596.92 61,914.59   -251.34       -0.40           0
794  2026-06-11 01:00:00    BTC 61,928.75 62,099.60 61,557.32 61,806.65   -107.94       -0.17           0
795  2026-06-11 02:00:00    BTC 61,805.80 61,990.00 61,611.08 61,880.06     73.41        0.12           0
796  2026-06-11 03:00:00    BTC 61,889.27 61,889.27 61,632.05 61,738.00   -142.06       -0.23           0
797  2026-06-11 04:00:00    BTC 61,737.38 61,737.38 61,138.20 61,294.47   -443.53       -0.72           0
798  2026-06-11 05:00:00    BTC 61,297.83 61,508.94 61,043.98 61,322.88     28.41        0.05   560123904
799  2026-06-11 06:00:00    BTC 61,322.88 61,549.99 61,102.00 61,452.00    129.12        0.21           0
800  2026-06-11 07:00:00    BTC 61,460.09 61,914.13 61,459.12 61,759.98    307.98        0.50           0
801  2026-06-11 08:00:00    BTC 61,769.22 62,294.03 61,766.72 62,143.92    383.94        0.62   577949696
802  2026-06-11 09:00:00    BTC 62,153.99 62,238.12 61,870.00 62,066.99    -76.93       -0.12           0
803  2026-06-11 10:00:00    BTC 62,065.95 62,712.57 61,935.31 62,607.73    540.74        0.87   605767680
804  2026-06-11 11:00:00    BTC 62,611.24 62,778.95 62,472.96 62,649.95     42.22        0.07   614201344
805  2026-06-11 12:00:00    BTC 62,639.68 62,648.64 62,479.69 62,536.10   -113.85       -0.18   218038272
806  2026-06-11 13:00:00    BTC 62,543.34 62,916.32 62,474.20 62,686.01    149.91        0.24   297359360
807  2026-06-11 14:00:00    BTC 62,686.02 62,767.00 62,534.71 62,642.99    -43.02       -0.07   111360000
808  2026-06-11 15:00:00    BTC 62,639.89 62,960.14 62,639.89 62,888.00    245.01        0.39           0
809  2026-06-11 16:00:00    BTC 62,878.82 62,907.28 62,715.29 62,850.00    -38.00       -0.06   186195968
810  2026-06-11 17:00:00    BTC 62,853.21 63,115.98 62,725.22 63,067.15    217.15        0.35   125546496
811  2026-06-11 18:00:00    BTC 63,052.24 63,196.86 62,983.96 63,043.01    -24.14       -0.04           0
812  2026-06-11 19:00:00    BTC 63,047.88 63,126.55 62,439.15 62,939.22   -103.79       -0.16   514832384
813  2026-06-11 20:00:00    BTC 62,923.81 63,186.00 62,598.40 63,006.00     66.78        0.11           0
814  2026-06-11 21:00:00    BTC 63,022.05 63,022.99 62,661.66 62,661.84   -344.16       -0.55    56219648
815  2026-06-11 22:00:00    BTC 62,659.42 62,804.43 62,473.92 62,680.49     18.65        0.03           0
816  2026-06-11 23:00:00    BTC 62,693.25 62,765.45 62,486.00 62,494.26   -186.23       -0.30           0
817  2026-06-12 00:00:00    BTC 62,491.97 63,555.55 62,261.91 63,555.55  1,061.29        1.70  1215234048
818  2026-06-12 01:00:00    BTC 63,556.01 63,709.70 63,252.64 63,384.12   -171.43       -0.27   148817920
819  2026-06-12 02:00:00    BTC 63,384.92 63,833.08 63,320.15 63,560.99    176.87        0.28  1068541952
820  2026-06-12 03:00:00    BTC 63,584.24 63,597.91 63,205.00 63,332.00   -228.99       -0.36   116142080
821  2026-06-12 04:00:00    BTC 63,329.01 63,536.88 63,329.01 63,464.02    132.02        0.21           0
822  2026-06-12 05:00:00    BTC 63,446.66 63,611.97 63,396.77 63,434.31    -29.71       -0.05           0
823  2026-06-12 06:00:00    BTC 63,418.64 63,623.72 63,285.85 63,557.64    123.33        0.19           0
824  2026-06-12 07:00:00    BTC 63,563.45 63,712.00 63,457.76 63,582.33     24.69        0.04   412954624
825  2026-06-12 08:00:00    BTC 63,575.76 63,575.76 63,229.41 63,350.46   -231.87       -0.36    52707328
826  2026-06-12 09:00:00    BTC 63,350.46 63,698.86 63,350.46 63,527.01    176.55        0.28           0
827  2026-06-12 10:00:00    BTC 63,542.18 63,563.95 63,259.63 63,430.49    -96.52       -0.15           0
828  2026-06-12 11:00:00    BTC 63,434.01 63,775.99 63,332.32 63,613.93    183.44        0.29   224278528
829  2026-06-12 12:00:00    BTC 63,624.48 63,624.48 63,216.23 63,269.40   -344.53       -0.54   347611136
830  2026-06-12 13:00:00    BTC 63,261.56 63,328.99 62,759.99 62,898.71   -370.69       -0.59           0
831  2026-06-12 14:00:00    BTC 62,917.31 63,112.30 62,880.39 63,014.79    116.08        0.18   469901312
832  2026-06-12 15:00:00    BTC 63,026.88 63,540.14 63,014.78 63,391.68    376.89        0.60   393504768
833  2026-06-12 16:00:00    BTC 63,388.20 63,870.48 63,354.01 63,678.78    287.10        0.45           0
834  2026-06-12 17:00:00    BTC 63,678.78 63,758.53 63,509.62 63,617.68    -61.10       -0.10  1185093632
835  2026-06-12 18:00:00    BTC 63,621.28 63,809.95 63,607.09 63,685.16     67.48        0.11           0
836  2026-06-12 19:00:00    BTC 63,669.21 63,697.91 63,316.38 63,388.30   -296.86       -0.47           0
837  2026-06-12 20:00:00    BTC 63,378.91 63,455.86 62,985.99 63,141.65   -246.65       -0.39           0
838  2026-06-12 21:00:00    BTC 63,115.14 63,950.72 63,115.14 63,950.72    809.07        1.28  1424857088
839  2026-06-12 22:00:00    BTC 63,937.95 64,340.49 63,517.53 63,541.03   -409.69       -0.64  1427679232
840  2026-06-12 23:00:00    BTC 63,549.99 63,958.05 63,469.99 63,946.00    404.97        0.64   345839616
841  2026-06-13 00:00:00    BTC 63,942.81 64,062.53 63,694.72 63,821.06   -124.94       -0.20           0
842  2026-06-13 01:00:00    BTC 63,838.27 63,886.12 63,631.99 63,648.00   -173.06       -0.27           0
843  2026-06-13 02:00:00    BTC 63,651.94 63,772.09 63,553.00 63,562.76    -85.24       -0.13           0
844  2026-06-13 03:00:00    BTC 63,569.27 63,667.54 63,361.39 63,407.75   -155.01       -0.24           0
845  2026-06-13 04:00:00    BTC 63,419.67 63,592.64 63,401.25 63,435.97     28.22        0.04           0
846  2026-06-13 05:00:00    BTC 63,450.00 63,627.26 63,430.00 63,473.98     38.01        0.06   407609344
847  2026-06-13 06:00:00    BTC 63,472.34 63,546.06 63,386.90 63,538.43     64.45        0.10           0
848  2026-06-13 07:00:00    BTC 63,532.80 63,602.01 63,467.76 63,552.39     13.96        0.02           0
849  2026-06-13 08:00:00    BTC 63,563.94 63,803.18 63,563.94 63,796.97    244.58        0.38           0
850  2026-06-13 09:00:00    BTC 63,796.01 63,796.01 63,525.66 63,605.26   -191.71       -0.30           0
851  2026-06-13 10:00:00    BTC 63,605.25 63,685.16 63,414.42 63,494.14   -111.12       -0.17    30332928
852  2026-06-13 11:00:00    BTC 63,490.58 63,613.53 63,445.63 63,472.43    -21.71       -0.03           0
853  2026-06-13 12:00:00    BTC 63,478.00 63,560.47 63,458.68 63,551.17     78.74        0.12    45629440
854  2026-06-13 13:00:00    BTC 63,546.19 63,706.00 63,510.64 63,701.40    150.23        0.24           0
855  2026-06-13 14:00:00    BTC 63,705.56 63,840.00 63,634.19 63,806.37    104.97        0.16           0
856  2026-06-13 15:00:00    BTC 63,806.38 63,874.17 63,724.63 63,764.92    -41.45       -0.06           0
857  2026-06-13 16:00:00    BTC 63,770.01 63,825.51 63,704.30 63,704.32    -60.60       -0.10           0
858  2026-06-13 17:00:00    BTC 63,714.12 63,866.99 63,690.55 63,798.67     94.35        0.15           0
859  2026-06-13 18:00:00    BTC 63,807.55 63,936.02 63,801.99 63,923.41    124.74        0.20           0
860  2026-06-13 19:00:00    BTC 63,923.41 64,170.03 63,877.60 64,091.98    168.57        0.26   489590784
861  2026-06-13 20:00:00    BTC 64,104.58 64,206.02 64,019.67 64,064.78    -27.20       -0.04           0
862  2026-06-13 21:00:00    BTC 64,062.00 64,198.75 64,045.29 64,178.89    114.11        0.18           0
863  2026-06-13 22:00:00    BTC 64,185.98 64,310.00 64,146.01 64,256.93     78.04        0.12           0
864  2026-06-13 23:00:00    BTC 64,258.01 64,267.81 63,879.75 63,985.03   -271.90       -0.42           0
865  2026-06-14 00:00:00    BTC 63,984.59 64,084.96 63,905.27 63,932.63    -52.40       -0.08           0
866  2026-06-14 01:00:00    BTC 63,935.43 64,256.98 63,935.43 64,124.25    191.62        0.30           0
867  2026-06-14 02:00:00    BTC 64,124.00 64,299.99 64,112.63 64,260.01    135.76        0.21           0
868  2026-06-14 03:00:00    BTC 64,265.14 64,266.08 64,194.40 64,251.98     -8.03       -0.01           0
869  2026-06-14 04:00:00    BTC 64,255.00 64,722.16 64,189.20 64,438.01    186.03        0.29   410316800
870  2026-06-14 05:00:00    BTC 64,444.09 64,533.09 64,351.87 64,426.58    -11.43       -0.02           0
871  2026-06-14 06:00:00    BTC 64,420.65 64,569.92 64,361.30 64,382.78    -43.80       -0.07    86687744
872  2026-06-14 07:00:00    BTC 64,415.68 64,554.52 64,355.05 64,532.28    149.50        0.23   120827904
873  2026-06-14 08:00:00    BTC 64,528.57 64,681.99 64,474.75 64,569.34     37.06        0.06   275264512
874  2026-06-14 09:00:00    BTC 64,544.16 64,609.43 64,448.80 64,456.28   -113.06       -0.18           0
875  2026-06-14 10:00:00    BTC 64,456.27 64,516.44 64,436.31 64,513.58     57.30        0.09           0
876  2026-06-14 11:00:00    BTC 64,521.08 64,535.17 64,305.16 64,310.10   -203.48       -0.32   196934656
877  2026-06-14 12:00:00    BTC 64,319.96 64,377.39 64,262.55 64,330.39     20.29        0.03           0
878  2026-06-14 13:00:00    BTC 64,331.55 64,449.22 64,212.78 64,258.24    -72.15       -0.11   890629120
879  2026-06-14 14:00:00    BTC 64,258.25 64,412.48 64,192.34 64,396.52    138.28        0.22           0
880  2026-06-14 15:00:00    BTC 64,390.16 64,478.11 64,350.34 64,422.06     25.54        0.04           0
881  2026-06-14 16:00:00    BTC 64,422.07 64,580.63 64,288.72 64,577.99    155.93        0.24           0
882  2026-06-14 17:00:00    BTC 64,575.29 64,626.82 64,459.86 64,486.45    -91.54       -0.14    50188288
883  2026-06-14 18:00:00    BTC 64,486.45 64,608.58 64,420.85 64,506.07     19.62        0.03           0
884  2026-06-14 19:00:00    BTC 64,518.74 64,530.08 64,266.00 64,294.22   -211.85       -0.33           0
885  2026-06-14 20:00:00    BTC 64,294.23 64,365.14 64,212.40 64,276.10    -18.12       -0.03           0
886  2026-06-14 21:00:00    BTC 64,285.64 64,312.29 63,829.65 63,950.24   -325.86       -0.51   743796736
887  2026-06-14 22:00:00    BTC 63,943.25 64,109.85 63,943.25 63,986.18     35.94        0.06           0
888  2026-06-14 23:00:00    BTC 63,975.94 64,157.22 63,897.35 63,908.81    -77.37       -0.12           0
889  2026-06-15 00:00:00    BTC 63,900.01 63,985.54 63,652.97 63,696.58   -212.23       -0.33    23469056
890  2026-06-15 01:00:00    BTC 63,707.98 63,779.40 63,640.31 63,775.71     79.13        0.12    72600576
891  2026-06-15 02:00:00    BTC 63,772.83 63,822.09 63,707.99 63,762.63    -13.08       -0.02           0
892  2026-06-15 03:00:00    BTC 63,768.27 64,059.20 63,750.01 63,971.99    209.36        0.33   173136896
893  2026-06-15 04:00:00    BTC 63,977.99 65,608.00 63,965.98 65,284.66  1,312.67        2.05  2611013632
894  2026-06-15 05:00:00    BTC 65,300.01 65,460.00 64,931.96 65,384.54     99.88        0.15  1958209536
895  2026-06-15 06:00:00    BTC 65,391.20 65,764.16 65,227.39 65,707.50    322.96        0.49   886200320
896  2026-06-15 07:00:00    BTC 65,702.00 65,854.08 65,444.49 65,588.18   -119.32       -0.18   384845824
897  2026-06-15 08:00:00    BTC 65,594.34 65,675.99 65,314.62 65,484.44   -103.74       -0.16   738768896
898  2026-06-15 09:00:00    BTC 65,487.09 65,737.53 65,384.25 65,424.50    -59.94       -0.09   508758016
899  2026-06-15 10:00:00    BTC 65,434.49 65,953.55 65,392.71 65,869.99    445.49        0.68   909631488
900  2026-06-15 11:00:00    BTC 65,894.04 65,894.04 65,594.34 65,604.97   -265.02       -0.40   447789056
901  2026-06-15 12:00:00    BTC 65,598.39 65,837.42 65,575.74 65,825.05    220.08        0.34   233121792
902  2026-06-15 13:00:00    BTC 65,825.05 65,923.62 65,730.01 65,770.83    -54.22       -0.08           0
903  2026-06-15 14:00:00    BTC 65,770.83 65,963.37 65,592.16 65,630.96   -139.87       -0.21   687476736
904  2026-06-15 15:00:00    BTC 65,637.63 65,760.83 65,576.99 65,614.81    -16.15       -0.02   695500800
905  2026-06-15 16:00:00    BTC 65,614.81 65,746.01 65,466.00 65,550.45    -64.36       -0.10   414744576
906  2026-06-15 17:00:00    BTC 65,550.46 65,904.03 65,535.54 65,876.88    326.43        0.50   346611712
907  2026-06-15 18:00:00    BTC 65,871.05 66,339.63 65,804.01 66,190.01    313.12        0.48  1964328960
908  2026-06-15 19:00:00    BTC 66,206.00 66,568.75 66,069.97 66,527.34    337.34        0.51  1226508288
909  2026-06-15 20:00:00    BTC 66,533.30 66,893.54 66,368.00 66,392.04   -135.30       -0.20  2402426880
910  2026-06-15 21:00:00    BTC 66,394.43 66,629.81 66,240.55 66,543.20    151.16        0.23   593422336
911  2026-06-15 22:00:00    BTC 66,537.98 67,242.01 66,537.98 67,231.58    688.38        1.03  1476528128
912  2026-06-15 23:00:00    BTC 67,242.30 67,254.73 67,051.26 67,123.89   -107.69       -0.16  1159811072
913  2026-06-16 00:00:00    BTC 67,123.03 67,123.03 66,645.95 66,813.93   -309.96       -0.46  1189875712
914  2026-06-16 01:00:00    BTC 66,819.97 66,893.80 66,679.03 66,735.94    -77.99       -0.12   510791680
915  2026-06-16 02:00:00    BTC 66,731.00 66,865.04 66,367.16 66,553.73   -182.21       -0.27   999403520
916  2026-06-16 03:00:00    BTC 66,561.88 66,642.65 66,461.06 66,483.75    -69.98       -0.11           0
917  2026-06-16 04:00:00    BTC 66,487.44 66,531.55 66,293.63 66,335.41   -148.34       -0.22           0
918  2026-06-16 05:00:00    BTC 66,330.96 66,438.35 66,053.75 66,156.00   -179.41       -0.27           0
919  2026-06-16 06:00:00    BTC 66,155.99 66,318.88 66,094.03 66,274.92    118.92        0.18           0
920  2026-06-16 07:00:00    BTC 66,265.85 66,421.81 66,193.24 66,215.90    -59.02       -0.09           0
921  2026-06-16 08:00:00    BTC 66,211.05 66,381.03 66,203.34 66,304.17     88.27        0.13           0
922  2026-06-16 09:00:00    BTC 66,304.16 66,329.39 65,650.00 65,704.98   -599.20       -0.90   298967040
923  2026-06-16 10:00:00    BTC 65,709.99 66,118.86 65,607.54 66,111.75    406.77        0.62           0
924  2026-06-16 11:00:00    BTC 66,118.93 66,237.68 65,765.29 65,800.00   -311.75       -0.47     6311936
925  2026-06-16 12:00:00    BTC 65,803.49 66,102.39 65,803.49 66,020.16    220.16        0.33    63885312
926  2026-06-16 13:00:00    BTC 66,026.86 66,509.32 66,026.86 66,406.25    386.09        0.58   263411712
927  2026-06-16 14:00:00    BTC 66,415.65 66,480.00 66,263.99 66,334.18    -72.07       -0.11           0
928  2026-06-16 15:00:00    BTC 66,334.18 66,936.60 66,301.69 66,848.90    514.72        0.78     7952384
929  2026-06-16 16:00:00    BTC 66,868.96 66,870.00 66,425.11 66,461.65   -387.25       -0.58   339230720
930  2026-06-16 17:00:00    BTC 66,470.38 66,723.39 66,438.00 66,456.90     -4.75       -0.01           0
931  2026-06-16 18:00:00    BTC 66,456.92 66,594.07 66,316.75 66,440.49    -16.41       -0.02           0
932  2026-06-16 19:00:00    BTC 66,438.20 66,752.08 66,313.18 66,367.98    -72.52       -0.11           0
933  2026-06-16 20:00:00    BTC 66,374.01 66,413.24 65,874.70 65,997.99   -369.98       -0.56           0
934  2026-06-16 21:00:00    BTC 66,000.38 66,214.99 65,306.83 65,604.09   -393.90       -0.60   568942592
935  2026-06-16 22:00:00    BTC 65,601.16 65,945.93 65,569.99 65,811.40    207.30        0.32           0
936  2026-06-16 23:00:00    BTC 65,825.22 65,894.31 65,639.47 65,694.34   -117.05       -0.18           0
937  2026-06-17 00:00:00    BTC 65,698.37 65,953.52 65,649.20 65,915.70    221.36        0.34           0
938  2026-06-17 01:00:00    BTC 65,921.97 66,171.97 65,743.50 65,781.87   -133.84       -0.20    44351488
939  2026-06-17 02:00:00    BTC 65,768.11 65,768.11 65,487.74 65,624.19   -157.68       -0.24           0
940  2026-06-17 03:00:00    BTC 65,572.33 65,800.00 65,526.86 65,792.70    168.52        0.26           0
941  2026-06-17 04:00:00    BTC 65,799.67 65,876.93 65,586.11 65,703.71    -88.99       -0.14           0
942  2026-06-17 05:00:00    BTC 65,703.71 65,820.40 65,608.20 65,710.11      6.40        0.01           0
943  2026-06-17 06:00:00    BTC 65,719.10 65,766.45 65,559.04 65,616.65    -93.46       -0.14   200814592
944  2026-06-17 07:00:00    BTC 65,616.64 65,790.10 65,616.64 65,644.67     28.02        0.04           0
945  2026-06-17 08:00:00    BTC 65,649.57 65,890.88 65,431.43 65,871.02    226.35        0.34     7542784
946  2026-06-17 09:00:00    BTC 65,882.89 66,072.01 65,720.76 65,847.99    -23.03       -0.03           0
947  2026-06-17 10:00:00    BTC 65,847.99 65,847.99 65,649.89 65,785.23    -62.77       -0.10           0
948  2026-06-17 11:00:00    BTC 65,806.34 65,977.19 65,729.68 65,831.73     46.50        0.07           0
949  2026-06-17 12:00:00    BTC 65,824.00 65,922.42 65,685.50 65,768.10    -63.62       -0.10           0
950  2026-06-17 13:00:00    BTC 65,769.69 65,832.42 65,517.36 65,554.38   -213.72       -0.32           0
951  2026-06-17 14:00:00    BTC 65,550.94 65,645.10 65,185.32 65,472.28    -82.10       -0.13   265578496
952  2026-06-17 15:00:00    BTC 65,463.43 65,501.51 64,781.43 64,861.97   -610.31       -0.93           0
953  2026-06-17 16:00:00    BTC 64,857.27 65,015.02 64,782.01 64,849.92    -12.05       -0.02   626450432
954  2026-06-17 17:00:00    BTC 64,855.00 64,936.29 64,703.53 64,739.51   -110.41       -0.17   282374144
955  2026-06-17 18:00:00    BTC 64,750.94 64,820.81 64,494.02 64,749.52     10.01        0.02   322129920
956  2026-06-17 19:00:00    BTC 64,752.39 65,036.56 64,529.98 64,983.38    233.86        0.36           0
957  2026-06-17 20:00:00    BTC 64,975.74 65,315.77 64,781.43 65,225.00    241.62        0.37           0
958  2026-06-17 21:00:00    BTC 65,189.32 65,405.59 64,728.09 65,040.90   -184.10       -0.28           0
959  2026-06-17 22:00:00    BTC 65,063.36 65,798.26 64,936.47 65,696.96    656.06        1.01    50235392
960  2026-06-17 23:00:00    BTC 65,729.51 66,370.42 65,664.02 65,802.57    105.61        0.16  1387710464
961  2026-06-18 00:00:00    BTC 65,819.02 66,124.00 65,745.36 66,030.01    227.44        0.35           0
962  2026-06-18 01:00:00    BTC 65,923.63 65,985.47 64,828.00 65,457.97   -572.04       -0.87  2484107264
963  2026-06-18 02:00:00    BTC 65,471.04 65,607.15 63,995.04 64,256.83 -1,201.14       -1.83  2266636288
964  2026-06-18 03:00:00    BTC 64,216.49 64,428.12 64,135.67 64,370.66    113.83        0.18   384681984
965  2026-06-18 04:00:00    BTC 64,373.75 64,388.85 64,093.64 64,196.98   -173.68       -0.27   321632256
966  2026-06-18 05:00:00    BTC 64,181.01 64,370.55 63,860.97 64,234.00     37.02        0.06   163862528
967  2026-06-18 06:00:00    BTC 64,241.55 64,467.91 64,187.47 64,452.66    218.66        0.34   554749952
968  2026-06-18 07:00:00    BTC 64,457.58 64,645.99 64,395.99 64,399.99    -52.67       -0.08   351432704
969  2026-06-18 08:00:00    BTC 64,399.99 64,751.92 64,399.99 64,484.25     84.26        0.13           0
970  2026-06-18 09:00:00    BTC 64,495.67 64,701.43 64,417.11 64,620.01    135.76        0.21           0
971  2026-06-18 10:00:00    BTC 64,609.98 64,611.71 64,191.85 64,215.05   -404.96       -0.63   256407552
972  2026-06-18 11:00:00    BTC 64,215.05 64,262.01 63,758.85 63,809.88   -405.17       -0.63   866101248
973  2026-06-18 12:00:00    BTC 63,806.07 63,953.97 63,632.00 63,920.54    110.66        0.17   417837056
974  2026-06-18 13:00:00    BTC 63,920.53 64,055.13 63,777.97 64,011.35     90.81        0.14    82182144
975  2026-06-18 14:00:00    BTC 64,027.90 64,446.14 63,940.00 64,440.87    429.52        0.67           0
976  2026-06-18 15:00:00    BTC 64,449.99 64,566.18 64,312.89 64,336.01   -104.86       -0.16           0
977  2026-06-18 16:00:00    BTC 64,343.16 64,417.41 64,133.03 64,144.89   -191.12       -0.30           0
978  2026-06-18 17:00:00    BTC 64,144.89 64,154.63 63,853.69 64,014.49   -130.40       -0.20    52570112
979  2026-06-18 18:00:00    BTC 64,024.00 64,137.58 63,819.86 63,901.92   -112.57       -0.18           0
980  2026-06-18 19:00:00    BTC 63,927.04 64,340.09 63,853.68 64,309.21    407.29        0.64           0
981  2026-06-18 20:00:00    BTC 64,309.22 64,382.31 63,736.30 63,911.68   -397.53       -0.62   635418624
982  2026-06-18 21:00:00    BTC 63,911.97 64,116.99 63,521.68 63,733.08   -178.60       -0.28    91846656
983  2026-06-18 22:00:00    BTC 63,713.54 63,713.54 62,237.68 62,294.88 -1,438.20       -2.26  2005311488
984  2026-06-18 23:00:00    BTC 62,276.55 62,732.75 62,276.55 62,602.02    307.14        0.49   324931584
985  2026-06-19 00:00:00    BTC 62,619.98 62,654.76 62,190.00 62,515.03    -86.99       -0.14   837355520
986  2026-06-19 01:00:00    BTC 62,530.66 62,880.19 62,486.89 62,621.50    106.47        0.17           0
987  2026-06-19 02:00:00    BTC 62,631.58 62,925.06 62,547.80 62,859.10    237.60        0.38           0
988  2026-06-19 03:00:00    BTC 62,905.50 63,183.35 62,905.50 63,012.28    153.18        0.24           0
989  2026-06-19 04:00:00    BTC 63,012.28 63,050.99 62,789.90 62,889.73   -122.55       -0.19   220192768
990  2026-06-19 05:00:00    BTC 62,886.36 62,912.97 62,671.80 62,815.70    -74.03       -0.12           0
991  2026-06-19 06:00:00    BTC 62,780.35 62,917.01 62,687.16 62,879.01     63.31        0.10   807333888
992  2026-06-19 07:00:00    BTC 62,883.53 63,015.99 62,772.31 62,949.87     70.86        0.11    89223168
993  2026-06-19 08:00:00    BTC 62,955.39 63,030.55 62,774.81 62,951.97      2.10        0.00           0
994  2026-06-19 09:00:00    BTC 62,951.97 63,040.39 62,816.02 62,929.99    -21.98       -0.03           0
995  2026-06-19 10:00:00    BTC 62,932.47 62,958.36 62,312.22 62,702.07   -227.92       -0.36   111077376
996  2026-06-19 11:00:00    BTC 62,702.08 62,852.39 62,346.19 62,387.14   -314.93       -0.50           0
997  2026-06-19 12:00:00    BTC 62,398.43 62,681.39 62,390.39 62,675.81    288.67        0.46           0
998  2026-06-19 13:00:00    BTC 62,675.81 62,854.53 62,661.99 62,829.32    153.51        0.24   116502528
999  2026-06-19 14:00:00    BTC 62,828.58 62,856.46 62,436.52 62,592.49   -236.83       -0.38  1139126272

==================================================
      HOÀN THÀNH PHÂN TÍCH          
==================================================
