
  ╭──────────────────────────────────────────────────────────╮
  │  ⚠️  VNSTOCK DEPRECATION NOTICE (31/08/2025)             │
  │                                                          │
  │  Lớp Vnstock và các phương thức cũ (stock, fx, crypto,   │
  │  world_index, fund...) đã chính thức bị ngừng hỗ trợ.    │
  │                                                          │
  │  Để hệ thống ổn định và nhận được cập nhật mới nhất,     │
  │  vui lòng chuyển sang dùng bộ thư viện `vnstock.api`.    │
  │                                                          │
  │  👉 Xem hướng dẫn Migration: /vnstock-migration          │
  ╰──────────────────────────────────────────────────────────╯

Mẫu code chuyển đổi (Migration Example):
--------------------------------------
Cũ (Old):  stock = Vnstock().stock('ACB')
Mới (New): from vnstock.api.quote import Quote
          q = Quote(symbol='ACB', source='VCI')

==================================================
      VNSTOCK 4.x OPTIMIZED ANALYZER
      Danh sách: HPG
      Khung: 1D, Số lượng: 2000
==================================================

==================================================
      PHÂN TÍCH MÃ: HPG  
      Khung thời gian: 1D
==================================================
┏━━━━━━━━━━━━━━━━━━━━━━━━━━━━━━━━━━━━━━━━━━━━━━━━━━━━━━━━━━━━━━━━━━━━━━━━━━━━━━━━━┓
┃                                                                                 ┃
┃  ⚠️ THÔNG BÁO QUAN TRỌNG                                                        ┃
┃                                                                                 ┃
┃  Phát hành vnstock 4.0.1 cung cấp sửa lỗi quan trọng và bổ sung giao diện API   ┃
┃  thống nhất (Unified UI), tăng tính ổn định của code.                           ┃
┃  Cập nhật: pip install vnstock -U                                               ┃
┃  AI Agent Guide: https://github.com/vnstock-hq/vnstock-agent-guide/             ┃
┃                                                                                 ┃
┃  ────────────────────────────────────────────────────────────────────────────── ┃
┃                                                                                 ┃
┃  🚀 VNSTOCK INSIDERS PROGRAM - NÂNG TẦM TRẢI NGHIỆM CỦA BẠN! 🚀                 ┃
┃                                                                                 ┃
┃  Nếu bạn cảm thấy khó chịu với các thông báo và quảng cáo:                      ┃
┃                                                                                 ┃
┃  ✨ Ẩn toàn bộ thông báo và quảng cáo phiền hà                                  ┃
┃  🔓 Mở rộng khả năng sử dụng API tối đa                                         ┃
┃  ⚡ Tăng tốc tải dữ liệu từ 5-8 lần                                              ┃
┃  📈 Tăng giới hạn truy cập API lên đến 5 lần                                    ┃
┃  🤖 Dùng AI Agent viết code hiệu quả với tài liệu Agent Guide                    ┃
┃                                                                                 ┃
┃  🔗 Tham gia ngay: https://vnstocks.com/insiders-program#tiers                  ┃
┃                                                                                 ┃
┗━━━━━━━━━━━━━━━━━━━━━━━━━━━━━━━━━━━━━━━━━━━━━━━━━━━━━━━━━━━━━━━━━━━━━━━━━━━━━━━━━┛

--- [ LỊCH SỬ GIÁ HPG  ] ---
            time  open  high   low  close  change  pct_change     volume
0     2018-06-06 10.02 10.32  9.90  10.28    0.30        3.01    6063330
1     2018-06-07 10.32 10.56 10.28  10.47    0.19        1.85    5446810
2     2018-06-08 10.49 10.49 10.35  10.37   -0.10       -0.96    3600330
3     2018-06-11 10.32 10.44 10.23  10.25   -0.12       -1.16    8041000
4     2018-06-12 10.49 10.49  9.87  10.06   -0.19       -1.85   10591380
5     2018-06-13 10.04 10.32 10.02  10.28    0.22        2.19    3666430
6     2018-06-14 10.37 10.52 10.07  10.09   -0.19       -1.85    6574380
7     2018-06-15 10.06 10.18  9.90  10.18    0.09        0.89    4820810
8     2018-06-18 10.11 10.11  9.52   9.52   -0.66       -6.48    7388100
9     2018-06-19  9.19  9.35  8.88   9.08   -0.44       -4.62   13163240
10    2018-06-20  9.23  9.47  8.95   9.47    0.39        4.30    5767930
11    2018-06-21  9.46  9.46  9.23   9.29   -0.18       -1.90    3879280
12    2018-06-22  9.23  9.70  9.19   9.70    0.41        4.41    7178290
13    2018-06-25  9.94  9.98  9.72   9.82    0.12        1.24    3464240
14    2018-06-26  9.61  9.74  9.47   9.73   -0.09       -0.92    2672780
15    2018-06-27  9.68  9.74  9.35   9.35   -0.38       -3.91    3374170
16    2018-06-28  9.19  9.42  9.14   9.20   -0.15       -1.60    4260340
17    2018-06-29  9.19  9.28  8.98   9.09   -0.11       -1.20    5171070
18    2018-07-02  9.00  9.12  8.76   9.09    0.00        0.00    6223040
19    2018-07-03  9.09  9.19  8.59   8.59   -0.50       -5.50    5823250
20    2018-07-04  8.71  8.87  8.57   8.78    0.19        2.21    3769000
21    2018-07-05  8.78  8.88  8.48   8.55   -0.23       -2.62    4246120
22    2018-07-06  8.54  8.95  8.33   8.71    0.16        1.87    5279160
23    2018-07-09  8.88  8.88  8.38   8.45   -0.26       -2.99    3847250
24    2018-07-10  8.40  8.55  8.40   8.40   -0.05       -0.59    3023470
25    2018-07-11  8.26  8.38  8.00   8.14   -0.26       -3.10    7028880
26    2018-07-12  7.88  8.09  7.86   7.99   -0.15       -1.84    3327390
27    2018-07-13  8.10  8.44  8.06   8.43    0.44        5.51    4729750
28    2018-07-16  8.55  8.58  8.37   8.40   -0.03       -0.36    3329260
29    2018-07-17  8.29  8.56  8.29   8.55    0.15        1.79    3378710
30    2018-07-18  8.59  8.84  8.55   8.81    0.26        3.04    6330670
31    2018-07-19  8.87  8.94  8.78   8.81    0.00        0.00    3514150
32    2018-07-20  8.71  8.76  8.58   8.69   -0.12       -1.36    4976130
33    2018-07-23  8.78  8.90  8.66   8.75    0.06        0.69    5595420
34    2018-07-24  8.74  8.75  8.31   8.38   -0.37       -4.23   12245700
35    2018-07-25  8.38  8.48  8.33   8.40    0.02        0.24    5722050
36    2018-07-26  8.40  8.64  8.38   8.64    0.24        2.86    8216850
37    2018-07-27  8.70  8.84  8.61   8.83    0.19        2.20    4810640
38    2018-07-30  8.90  8.95  8.74   8.77   -0.06       -0.68    6039970
39    2018-07-31  8.74  8.91  8.65   8.84    0.07        0.80    5772660
40    2018-08-01  8.85  9.03  8.83   8.90    0.06        0.68    6858830
41    2018-08-02  8.88  8.88  8.64   8.82   -0.08       -0.90    6073010
42    2018-08-03  8.88  8.89  8.59   8.59   -0.23       -2.61    5949600
43    2018-08-06  8.61  8.61  8.43   8.56   -0.03       -0.35    4646830
44    2018-08-07  8.56  8.56  8.48   8.56    0.00        0.00    4866190
45    2018-08-08  8.57  8.72  8.55   8.69    0.13        1.52    3433350
46    2018-08-09  8.74  8.81  8.64   8.65   -0.04       -0.46    4586550
47    2018-08-10  8.63  8.78  8.63   8.76    0.11        1.27    4206330
48    2018-08-13  8.74  9.08  8.69   9.07    0.31        3.54   11400140
49    2018-08-14  9.12  9.21  9.06   9.12    0.05        0.55    5313160
50    2018-08-15  9.12  9.17  8.83   8.88   -0.24       -2.63    4685310
51    2018-08-16  8.76  8.93  8.75   8.88    0.00        0.00    6993170
52    2018-08-17  8.97  9.04  8.87   8.93    0.05        0.56    3745240
53    2018-08-20  8.93  8.93  8.80   8.82   -0.11       -1.23    3542590
54    2018-08-21  8.78  8.88  8.77   8.88    0.06        0.68    3423060
55    2018-08-22  8.90  9.09  8.87   9.00    0.12        1.35    6056930
56    2018-08-23  8.97  9.08  8.97   9.02    0.02        0.22    3848180
57    2018-08-24  9.00  9.09  8.95   9.08    0.06        0.67    5677060
58    2018-08-27  9.14  9.30  9.12   9.22    0.14        1.54    5469600
59    2018-08-28  9.23  9.52  9.23   9.45    0.23        2.49   11013110
60    2018-08-29  9.47  9.62  9.38   9.38   -0.07       -0.74    6878210
61    2018-08-30  9.38  9.42  9.27   9.39    0.01        0.11    6445830
62    2018-08-31  9.42  9.55  9.38   9.46    0.07        0.75    6134410
63    2018-09-04  9.40  9.45  9.23   9.23   -0.23       -2.43    4474530
64    2018-09-05  9.19  9.29  9.12   9.14   -0.09       -0.98    4632970
65    2018-09-06  9.14  9.28  9.12   9.15    0.01        0.11    4485480
66    2018-09-07  9.14  9.42  9.14   9.40    0.25        2.73    5407420
67    2018-09-10  9.39  9.42  9.28   9.28   -0.12       -1.28    2575640
68    2018-09-11  9.24  9.52  9.24   9.47    0.19        2.05    6918510
69    2018-09-12  9.49  9.53  9.35   9.35   -0.12       -1.27    5608340
70    2018-09-13  9.40  9.53  9.35   9.41    0.06        0.64    4751230
71    2018-09-14  9.42  9.48  9.35   9.35   -0.06       -0.64    4652530
72    2018-09-17  9.30  9.39  9.27   9.34   -0.01       -0.11    2372700
73    2018-09-18  9.28  9.34  9.19   9.34    0.00        0.00    7281960
74    2018-09-19  9.42  9.45  9.38   9.39    0.05        0.54    4490210
75    2018-09-20  9.45  9.68  9.40   9.68    0.29        3.09    9974190
76    2018-09-21  9.71  9.80  9.62   9.78    0.10        1.03   14273500
77    2018-09-24  9.87  9.87  9.73   9.78    0.00        0.00    4430010
78    2018-09-25  9.71  9.80  9.67   9.77   -0.01       -0.10    4476220
79    2018-09-26  9.77  9.81  9.71   9.71   -0.06       -0.61    5014340
80    2018-09-27  9.75  9.85  9.73   9.84    0.13        1.34    5592570
81    2018-09-28  9.85 10.03  9.82  10.02    0.18        1.83    9618060
82    2018-10-01 10.02 10.17  9.96  10.04    0.02        0.20    6816120
83    2018-10-02  9.88  9.96  9.74   9.78   -0.26       -2.59   10602070
84    2018-10-03  9.71  9.85  9.71   9.78    0.00        0.00    4992960
85    2018-10-04  9.75  9.80  9.68   9.80    0.02        0.20   11906470
86    2018-10-05  9.80  9.92  9.75   9.81    0.01        0.10    6048270
87    2018-10-08  9.75  9.81  9.72   9.75   -0.06       -0.61    3740940
88    2018-10-09  9.82  9.82  9.71   9.71   -0.04       -0.41    3708340
89    2018-10-10  9.73  9.88  9.70   9.80    0.09        0.93    6742900
90    2018-10-11  9.49  9.61  9.30   9.45   -0.35       -3.57   15991110
91    2018-10-12  9.33  9.66  9.33   9.66    0.21        2.22    6596990
92    2018-10-15  9.64  9.64  9.52   9.55   -0.11       -1.14    4218380
93    2018-10-16  9.55  9.65  9.55   9.65    0.10        1.05    2908510
94    2018-10-17  9.75  9.77  9.67   9.71    0.06        0.62    5125430
95    2018-10-18  9.71  9.74  9.64   9.71    0.00        0.00    4084530
96    2018-10-19  9.64  9.72  9.56   9.65   -0.06       -0.62    4992750
97    2018-10-22  9.66  9.70  9.49   9.49   -0.16       -1.66    2565350
98    2018-10-23  9.46  9.46  9.21   9.35   -0.14       -1.48   10012340
99    2018-10-24  9.28  9.45  9.28   9.28   -0.07       -0.75    5213790
100   2018-10-25  9.00  9.27  8.96   9.23   -0.05       -0.54    7241940
101   2018-10-26  9.30  9.38  9.21   9.21   -0.02       -0.22    5147210
102   2018-10-29  9.15  9.21  9.14   9.20   -0.01       -0.11    4460930
103   2018-10-30  9.14  9.32  9.14   9.16   -0.04       -0.43    2685010
104   2018-10-31  9.26  9.53  9.24   9.53    0.37        4.04    4239400
105   2018-11-01  9.45  9.46  9.33   9.38   -0.15       -1.57    2241010
106   2018-11-02  9.47  9.51  9.42   9.47    0.09        0.96    3595700
107   2018-11-05  9.38  9.47  9.35   9.47    0.00        0.00    2233570
108   2018-11-06  9.49  9.51  9.38   9.38   -0.09       -0.95    1700170
109   2018-11-07  9.38  9.42  9.27   9.27   -0.11       -1.17    2813620
110   2018-11-08  9.44  9.44  9.21   9.21   -0.06       -0.65    2801350
111   2018-11-09  9.14  9.20  8.90   8.90   -0.31       -3.37    5710610
112   2018-11-12  8.90  8.94  8.80   8.89   -0.01       -0.11    2803560
113   2018-11-13  8.76  8.83  8.71   8.74   -0.15       -1.69    5403540
114   2018-11-14  8.72  8.72  8.35   8.48   -0.26       -2.97    8274360
115   2018-11-15  8.40  8.51  8.23   8.29   -0.19       -2.24    6829060
116   2018-11-16  8.40  8.45  8.30   8.33    0.04        0.48    2321900
117   2018-11-19  8.40  8.48  8.32   8.39    0.06        0.72    1664620
118   2018-11-20  8.43  8.68  8.38   8.64    0.25        2.98    5710000
119   2018-11-21  8.54  8.71  8.52   8.64    0.00        0.00    3805730
120   2018-11-22  8.66  8.70  8.48   8.48   -0.16       -1.85    2743490
121   2018-11-23  8.48  8.52  8.40   8.42   -0.06       -0.71    2056060
122   2018-11-26  8.43  8.57  8.42   8.43    0.01        0.12    2477200
123   2018-11-27  8.48  8.57  8.43   8.43    0.00        0.00    1896260
124   2018-11-28  8.45  8.49  8.27   8.33   -0.10       -1.19    4090120
125   2018-11-29  8.38  8.44  8.10   8.10   -0.23       -2.76    4059480
126   2018-11-30  8.05  8.05  7.86   7.86   -0.24       -2.96    7469210
127   2018-12-03  8.05  8.29  8.05   8.24    0.38        4.83    3769340
128   2018-12-04  8.29  8.33  8.11   8.19   -0.05       -0.61    4310860
129   2018-12-05  8.13  8.40  8.11   8.36    0.17        2.08    8092180
130   2018-12-06  8.31  8.38  8.17   8.19   -0.17       -2.03    4632240
131   2018-12-07  8.26  8.29  8.18   8.20    0.01        0.12    3363510
132   2018-12-10  8.17  8.19  7.97   7.99   -0.21       -2.56    5397970
133   2018-12-11  7.96  8.04  7.76   7.92   -0.07       -0.88    6978590
134   2018-12-12  7.93  7.99  7.81   7.96    0.04        0.51    3581530
135   2018-12-13  8.01  8.07  7.98   8.05    0.09        1.13    5480330
136   2018-12-14  8.04  8.04  7.91   7.93   -0.12       -1.49    3865790
137   2018-12-17  7.93  7.93  7.67   7.67   -0.26       -3.28    4480980
138   2018-12-18  7.50  7.59  7.26   7.36   -0.31       -4.04    8158460
139   2018-12-19  7.36  7.43  6.87   7.03   -0.33       -4.48   10969390
140   2018-12-20  7.01  7.14  6.94   7.09    0.06        0.85    6098080
141   2018-12-21  6.94  7.10  6.94   7.09    0.00        0.00    4460780
142   2018-12-24  7.09  7.22  7.09   7.22    0.13        1.83    3262070
143   2018-12-25  7.02  7.20  6.85   7.20   -0.02       -0.28    4800740
144   2018-12-26  7.20  7.20  7.04   7.17   -0.03       -0.42    3827010
145   2018-12-27  7.30  7.36  7.17   7.33    0.16        2.23    4873610
146   2018-12-28  7.29  7.33  7.22   7.33    0.00        0.00    7473800
147   2019-01-02  7.32  7.45  7.29   7.29   -0.04       -0.55    4196210
148   2019-01-03  7.28  7.32  6.98   6.98   -0.31       -4.25    6877510
149   2019-01-04  6.96  7.10  6.80   7.03    0.05        0.72    5841290
150   2019-01-07  7.17  7.18  6.90   6.95   -0.08       -1.14    2488920
151   2019-01-08  6.96  6.98  6.80   6.83   -0.12       -1.73    3150620
152   2019-01-09  6.87  7.06  6.87   6.98    0.15        2.20    1876020
153   2019-01-10  7.01  7.13  6.98   7.06    0.08        1.15    1783870
154   2019-01-11  7.06  7.08  6.95   6.95   -0.11       -1.56    2659370
155   2019-01-14  6.96  6.97  6.83   6.94   -0.01       -0.14    3226780
156   2019-01-15  6.94  7.01  6.90   6.94    0.00        0.00    2640430
157   2019-01-16  6.96  7.02  6.90   6.97    0.03        0.43    2981480
158   2019-01-17  6.97  6.97  6.84   6.84   -0.13       -1.87    1957850
159   2019-01-18  6.94  6.97  6.90   6.91    0.07        1.02    2120620
160   2019-01-21  6.94  7.04  6.91   7.00    0.09        1.30    1917140
161   2019-01-22  7.03  7.07  6.97   6.98   -0.02       -0.29    1665310
162   2019-01-23  6.96  7.20  6.95   7.11    0.13        1.86    3788700
163   2019-01-24  7.13  7.20  7.07   7.07   -0.04       -0.56    2387030
164   2019-01-25  7.10  7.13  7.00   7.03   -0.04       -0.57    1609890
165   2019-01-28  7.06  7.06  7.01   7.04    0.01        0.14    1711540
166   2019-01-29  7.07  7.07  6.98   7.03   -0.01       -0.14    1814550
167   2019-01-30  7.01  7.01  6.83   6.87   -0.16       -2.28    6765640
168   2019-01-31  6.87  6.90  6.53   6.56   -0.31       -4.51    7171640
169   2019-02-01  6.59  6.68  6.39   6.46   -0.10       -1.52    7100180
170   2019-02-11  6.55  6.84  6.53   6.84    0.38        5.88    2836470
171   2019-02-12  6.84  7.07  6.81   6.98    0.14        2.05    7952400
172   2019-02-13  6.98  7.36  6.98   7.32    0.34        4.87   11079510
173   2019-02-14  7.32  7.41  7.29   7.34    0.02        0.27    6455840
174   2019-02-15  7.34  7.69  7.29   7.48    0.14        1.91    9326200
175   2019-02-18  7.60  7.71  7.56   7.61    0.13        1.74    6374370
176   2019-02-19  7.68  7.69  7.49   7.50   -0.11       -1.45    5904440
177   2019-02-20  7.50  7.65  7.49   7.62    0.12        1.60    5878290
178   2019-02-21  7.65  7.74  7.55   7.74    0.12        1.57    6010110
179   2019-02-22  7.73  8.04  7.71   8.03    0.29        3.75    8269150
180   2019-02-25  8.16  8.42  8.10   8.24    0.21        2.62   11781980
181   2019-02-26  8.24  8.38  8.11   8.17   -0.07       -0.85    7383610
182   2019-02-27  8.27  8.27  8.09   8.14   -0.03       -0.37    4999180
183   2019-02-28  8.18  8.19  7.96   7.96   -0.18       -2.21    6952800
184   2019-03-01  7.96  8.11  7.96   8.11    0.15        1.88    4610790
185   2019-03-04  8.23  8.37  8.22   8.37    0.26        3.21    5020420
186   2019-03-05  8.31  8.43  8.27   8.30   -0.07       -0.84    5704900
187   2019-03-06  8.29  8.33  8.14   8.29   -0.01       -0.12    3373240
188   2019-03-07  8.29  8.30  8.07   8.07   -0.22       -2.65    4555440
189   2019-03-08  7.93  8.12  7.91   8.04   -0.03       -0.37    4654840
190   2019-03-11  8.05  8.10  7.96   8.00   -0.04       -0.50    4858680
191   2019-03-12  8.06  8.09  7.98   8.01    0.01        0.12    5262570
192   2019-03-13  8.05  8.13  8.03   8.13    0.12        1.50    3200950
193   2019-03-14  8.13  8.20  8.03   8.10   -0.03       -0.37    4482230
194   2019-03-15  7.79  7.84  7.54   7.55   -0.55       -6.79   17029640
195   2019-03-18  7.46  7.67  7.23   7.54   -0.01       -0.13   10578940
196   2019-03-19  7.53  7.56  7.36   7.55    0.01        0.13    7385900
197   2019-03-20  7.46  7.72  7.46   7.65    0.10        1.32    5625190
198   2019-03-21  7.65  7.68  7.56   7.58   -0.07       -0.92    2737980
199   2019-03-22  7.60  7.62  7.54   7.56   -0.02       -0.26    4192750
200   2019-03-25  7.36  7.49  7.36   7.43   -0.13       -1.72    3736290
201   2019-03-26  7.48  7.52  7.41   7.48    0.05        0.67    3515960
202   2019-03-27  7.55  7.66  7.49   7.66    0.18        2.41    2539450
203   2019-03-28  7.61  7.68  7.60   7.68    0.02        0.26    2513150
204   2019-03-29  7.71  7.74  7.55   7.62   -0.06       -0.78    6534270
205   2019-04-01  7.59  7.62  7.55   7.56   -0.06       -0.79    3670350
206   2019-04-02  7.62  7.64  7.56   7.60    0.04        0.53    1796860
207   2019-04-03  7.58  7.61  7.55   7.60    0.00        0.00    3775800
208   2019-04-04  7.61  7.67  7.58   7.67    0.07        0.92    2765210
209   2019-04-05  7.67  7.73  7.64   7.69    0.02        0.26    1836710
210   2019-04-08  7.69  7.73  7.65   7.67   -0.02       -0.26    1380890
211   2019-04-09  7.68  7.69  7.58   7.60   -0.07       -0.91    2884050
212   2019-04-10  7.58  7.59  7.49   7.56   -0.04       -0.53    2207380
213   2019-04-11  7.58  7.59  7.54   7.56    0.00        0.00    1516930
214   2019-04-12  7.56  7.59  7.54   7.59    0.03        0.40    1576930
215   2019-04-16  7.55  7.58  7.47   7.52   -0.07       -0.92    1546470
216   2019-04-17  7.52  7.54  7.46   7.48   -0.04       -0.53    1860340
217   2019-04-18  7.43  7.47  7.41   7.41   -0.07       -0.94    2388910
218   2019-04-19  7.42  7.50  7.42   7.48    0.07        0.94    1213930
219   2019-04-22  7.42  7.60  7.42   7.54    0.06        0.80    1823920
220   2019-04-23  7.58  7.58  7.54   7.55    0.01        0.13    1685950
221   2019-04-24  7.58  7.90  7.55   7.90    0.35        4.64    5801340
222   2019-04-25  7.93  7.97  7.81   7.84   -0.06       -0.76    4094750
223   2019-04-26  7.86  8.00  7.84   7.96    0.12        1.53    2820780
224   2019-05-02  7.98  8.05  7.88   8.05    0.09        1.13    3807620
225   2019-05-03  8.05  8.14  7.98   8.09    0.04        0.50    3495970
226   2019-05-06  7.91  8.00  7.86   7.92   -0.17       -2.10    4500050
227   2019-05-07  8.00  8.00  7.91   7.93    0.01        0.13    2820070
228   2019-05-08  7.87  7.88  7.81   7.85   -0.08       -1.01    2812600
229   2019-05-09  7.82  7.87  7.72   7.79   -0.06       -0.76    2112430
230   2019-05-10  7.84  7.86  7.72   7.78   -0.01       -0.13    1909270
231   2019-05-13  7.80  7.80  7.58   7.59   -0.19       -2.44    3810530
232   2019-05-14  7.50  7.67  7.50   7.67    0.08        1.05    1820770
233   2019-05-15  7.67  7.74  7.65   7.67    0.00        0.00    2537170
234   2019-05-16  7.68  7.74  7.65   7.65   -0.02       -0.26    1378610
235   2019-05-17  7.65  7.67  7.62   7.64   -0.01       -0.13    1491570
236   2019-05-20  7.64  7.82  7.64   7.76    0.12        1.57    2216410
237   2019-05-21  7.80  7.86  7.76   7.79    0.03        0.39    2147580
238   2019-05-22  7.81  7.91  7.79   7.81    0.02        0.26    2514350
239   2019-05-23  7.81  7.82  7.73   7.75   -0.06       -0.77    2533270
240   2019-05-24  7.69  7.73  7.61   7.61   -0.14       -1.81    3667800
241   2019-05-27  7.60  7.66  7.60   7.62    0.01        0.13    1699260
242   2019-05-28  7.69  7.69  7.59   7.59   -0.03       -0.39    2839040
243   2019-05-29  7.65  7.69  7.59   7.69    0.10        1.32    1660260
244   2019-05-30  7.69  7.69  7.56   7.58   -0.11       -1.43    4194290
245   2019-05-31  7.58  7.62  7.58   7.60    0.02        0.26    3394280
246   2019-06-03  7.59  7.60  7.43   7.46   -0.14       -1.84   12274790
247   2019-06-04  7.56  7.63  7.40   7.47    0.01        0.13    3337800
248   2019-06-05  7.50  7.60  7.29   7.32   -0.15       -2.01    2988710
249   2019-06-06  7.35  7.35  6.87   6.98   -0.34       -4.64    7082600
250   2019-06-07  7.07  7.16  7.03   7.06    0.08        1.15    5101320
251   2019-06-10  7.15  7.20  7.03   7.04   -0.02       -0.28    6567230
252   2019-06-11  7.07  7.14  6.98   7.07    0.03        0.43    4409100
253   2019-06-12  7.04  7.15  7.03   7.10    0.03        0.42    3132550
254   2019-06-13  7.20  7.20  7.04   7.07   -0.03       -0.42    2523260
255   2019-06-14  7.07  7.09  7.06   7.06   -0.01       -0.14    2068100
256   2019-06-17  7.06  7.07  6.90   6.90   -0.16       -2.27    3644160
257   2019-06-18  6.90  7.10  6.90   7.09    0.19        2.75    5058220
258   2019-06-19  7.34  7.34  7.16   7.34    0.25        3.53    8365940
259   2019-06-20  7.41  7.41  7.26   7.26   -0.08       -1.09    4370160
260   2019-06-21  7.35  7.35  7.26   7.29    0.03        0.41    4429070
261   2019-06-24  7.32  7.40  7.16   7.18   -0.11       -1.51    3089270
262   2019-06-25  7.14  7.20  7.07   7.10   -0.08       -1.11    3284860
263   2019-06-26  7.09  7.15  7.04   7.04   -0.06       -0.85    1906040
264   2019-06-27  7.04  7.06  6.94   6.94   -0.10       -1.42    3756880
265   2019-06-28  6.94  7.23  6.90   7.23    0.29        4.18    3923340
266   2019-07-01  7.14  7.16  7.01   7.07   -0.16       -2.21    3836540
267   2019-07-02  7.07  7.07  6.94   6.95   -0.12       -1.70    4776600
268   2019-07-03  6.95  6.97  6.80   6.81   -0.14       -2.01    6315440
269   2019-07-04  6.77  6.92  6.77   6.86    0.05        0.73    5056190
270   2019-07-05  6.86  6.90  6.81   6.86    0.00        0.00    3066930
271   2019-07-08  6.83  6.86  6.67   6.69   -0.17       -2.48    7429100
272   2019-07-09  6.70  6.75  6.57   6.57   -0.12       -1.79    6316400
273   2019-07-10  6.58  6.69  6.55   6.57    0.00        0.00    3745990
274   2019-07-11  6.58  6.66  6.58   6.63    0.06        0.91    3104040
275   2019-07-12  6.67  6.77  6.66   6.74    0.11        1.66    3366890
276   2019-07-15  6.67  6.77  6.60   6.60   -0.14       -2.08    3902390
277   2019-07-16  6.64  6.66  6.60   6.64    0.04        0.61    3475800
278   2019-07-17  6.66  6.66  6.55   6.57   -0.07       -1.05    5461170
279   2019-07-18  6.57  6.58  6.41   6.44   -0.13       -1.98    8482000
280   2019-07-19  6.46  6.52  6.27   6.34   -0.10       -1.55   11182000
281   2019-07-22  6.34  6.52  6.24   6.38    0.04        0.63    6886080
282   2019-07-23  6.40  6.69  6.40   6.67    0.29        4.55    9013000
283   2019-07-24  6.67  6.70  6.58   6.63   -0.04       -0.60    3697610
284   2019-07-25  6.61  6.89  6.61   6.89    0.26        3.92    9473450
285   2019-07-26  6.95  7.09  6.90   6.94    0.05        0.73    9789570
286   2019-07-29  6.94  6.94  6.69   6.80   -0.14       -2.02    6954310
287   2019-07-30  6.80  6.83  6.61   6.61   -0.19       -2.79    6111110
288   2019-07-31  6.58  6.94  6.55   6.94    0.33        4.99    6538340
289   2019-08-01  6.92  7.00  6.84   6.95    0.01        0.14    5949030
290   2019-08-02  6.83  6.94  6.80   6.90   -0.05       -0.72    7142250
291   2019-08-05  6.87  6.92  6.77   6.81   -0.09       -1.30    6163970
292   2019-08-06  6.63  6.77  6.63   6.69   -0.12       -1.76    5651180
293   2019-08-07  6.63  6.81  6.70   6.80    0.11        1.64    3485020
294   2019-08-08  6.81  7.16  6.81   7.16    0.36        5.29   11123430
295   2019-08-09  7.20  7.23  7.07   7.10   -0.06       -0.84    3683200
296   2019-08-12  7.10  7.34  7.10   7.26    0.16        2.25    8127360
297   2019-08-13  7.16  7.35  7.16   7.21   -0.05       -0.69    6419220
298   2019-08-14  7.32  7.32  7.20   7.21    0.00        0.00    3871400
299   2019-08-15  7.07  7.15  7.01   7.15   -0.06       -0.83    6880640
300   2019-08-16  7.15  7.18  7.04   7.09   -0.06       -0.84    8856190
301   2019-08-19  7.07  7.16  7.06   7.09    0.00        0.00    2540900
302   2019-08-20  7.09  7.16  7.00   7.04   -0.05       -0.71    4790700
303   2019-08-21  7.04  7.15  7.01   7.14    0.10        1.42    4819580
304   2019-08-22  7.16  7.18  7.07   7.09   -0.05       -0.70    3314500
305   2019-08-23  7.15  7.21  7.10   7.20    0.11        1.55    5386570
306   2019-08-26  7.10  7.12  6.98   7.01   -0.19       -2.64    5677560
307   2019-08-27  7.07  7.09  6.89   6.89   -0.12       -1.71    8995460
308   2019-08-28  6.89  6.92  6.80   6.84   -0.05       -0.73    4335410
309   2019-08-29  6.84  6.84  6.77   6.81   -0.03       -0.44    4942140
310   2019-08-30  6.81  6.90  6.78   6.83    0.02        0.29    3329430
311   2019-09-03  6.83  6.86  6.66   6.66   -0.17       -2.49    5373060
312   2019-09-04  6.83  6.70  6.61   6.64   -0.02       -0.30    5849460
313   2019-09-05  6.66  6.75  6.64   6.67    0.03        0.45    2479020
314   2019-09-06  6.70  6.74  6.58   6.58   -0.09       -1.35    4205690
315   2019-09-09  6.61  6.63  6.52   6.52   -0.06       -0.91    3551180
316   2019-09-10  6.52  6.57  6.49   6.55    0.03        0.46    3449940
317   2019-09-11  6.55  6.78  6.54   6.78    0.23        3.51    4701010
318   2019-09-12  6.81  6.95  6.81   6.94    0.16        2.36    5565420
319   2019-09-13  6.92  6.97  6.89   6.95    0.01        0.14    4664730
320   2019-09-16  6.90  6.97  6.84   6.97    0.02        0.29    5400470
321   2019-09-17  6.97  6.98  6.89   6.98    0.01        0.14    3597090
322   2019-09-18  6.98  7.09  6.95   7.07    0.09        1.29    6151170
323   2019-09-19  7.07  7.09  6.98   7.06   -0.01       -0.14    3407530
324   2019-09-20  7.06  7.06  6.94   6.97   -0.09       -1.27    5099340
325   2019-09-23  6.95  6.95  6.77   6.77   -0.20       -2.87    5357440
326   2019-09-24  6.75  6.81  6.72   6.81    0.04        0.59    1984900
327   2019-09-25  6.80  6.80  6.69   6.74   -0.07       -1.03    3962320
328   2019-09-26  6.77  6.84  6.67   6.84    0.10        1.48    3332860
329   2019-09-27  6.84  6.90  6.81   6.81   -0.03       -0.44    3189980
330   2019-09-30  6.83  6.84  6.75   6.75   -0.06       -0.88    3421220
331   2019-10-01  6.75  6.83  6.72   6.74   -0.01       -0.15    4063670
332   2019-10-02  6.77  6.78  6.67   6.69   -0.05       -0.74    4362700
333   2019-10-03  6.67  6.67  6.60   6.63   -0.06       -0.90    4558270
334   2019-10-04  6.64  6.67  6.55   6.57   -0.06       -0.90    4775630
335   2019-10-07  6.57  6.61  6.52   6.55   -0.02       -0.30    3320870
336   2019-10-08  6.58  6.74  6.54   6.74    0.19        2.90    3977030
337   2019-10-09  6.74  6.74  6.67   6.74    0.00        0.00    3081260
338   2019-10-10  6.74  6.80  6.61   6.61   -0.13       -1.93    3934250
339   2019-10-11  6.64  6.67  6.58   6.61    0.00        0.00    4148140
340   2019-10-14  6.67  6.67  6.60   6.60   -0.01       -0.15    2957400
341   2019-10-15  6.61  6.67  6.57   6.57   -0.03       -0.45    3612960
342   2019-10-16  6.58  6.61  6.55   6.55   -0.02       -0.30    2621160
343   2019-10-17  6.55  6.66  6.55   6.58    0.03        0.46    4831150
344   2019-10-18  6.63  6.63  6.55   6.58    0.00        0.00    2289250
345   2019-10-21  6.58  6.60  6.52   6.52   -0.06       -0.91    3170430
346   2019-10-22  6.52  6.66  6.52   6.64    0.12        1.84    4095850
347   2019-10-23  6.64  6.80  6.64   6.72    0.08        1.20    6895670
348   2019-10-24  6.74  6.80  6.72   6.77    0.05        0.74    5143080
349   2019-10-25  6.77  6.77  6.69   6.70   -0.07       -1.03    2378380
350   2019-10-28  6.70  6.86  6.66   6.83    0.13        1.94    7281100
351   2019-10-29  6.83  6.90  6.80   6.83    0.00        0.00    5344070
352   2019-10-30  6.84  6.84  6.77   6.77   -0.06       -0.88    3066190
353   2019-10-31  6.77  6.78  6.67   6.70   -0.07       -1.03    5768030
354   2019-11-01  6.74  6.80  6.70   6.74    0.04        0.60    4059500
355   2019-11-04  6.80  6.83  6.67   6.69   -0.05       -0.74    6038610
356   2019-11-05  6.70  6.81  6.69   6.74    0.05        0.75    5517760
357   2019-11-06  6.77  6.81  6.75   6.77    0.03        0.45    4525660
358   2019-11-07  6.81  7.00  6.80   6.98    0.21        3.10   13242680
359   2019-11-08  6.98  7.01  6.92   6.98    0.00        0.00    5281950
360   2019-11-11  6.95  7.10  6.95   7.01    0.03        0.43    8000180
361   2019-11-12  7.00  7.10  6.94   7.07    0.06        0.86    6553550
362   2019-11-13  7.10  7.12  6.97   6.97   -0.10       -1.41    6513310
363   2019-11-14  6.97  7.03  6.92   6.97    0.00        0.00    5526590
364   2019-11-15  6.97  7.01  6.94   6.97    0.00        0.00    3431350
365   2019-11-18  6.98  7.07  6.98   7.04    0.07        1.00    3835760
366   2019-11-19  7.06  7.06  6.98   7.01   -0.03       -0.43    4169110
367   2019-11-20  7.01  7.01  6.84   6.89   -0.12       -1.71    6959150
368   2019-11-21  6.86  6.87  6.77   6.77   -0.12       -1.74    7500750
369   2019-11-22  6.83  6.87  6.77   6.80    0.03        0.44    5765620
370   2019-11-25  6.81  6.87  6.77   6.84    0.04        0.59    4233870
371   2019-11-26  6.87  7.01  6.87   6.97    0.13        1.90    5487610
372   2019-11-27  7.00  7.01  6.94   6.95   -0.02       -0.29    3524960
373   2019-11-28  6.95  6.98  6.90   6.95    0.00        0.00    3754940
374   2019-11-29  6.95  7.06  6.90   7.03    0.08        1.15    6338320
375   2019-12-02  7.03  7.14  7.03   7.06    0.03        0.43    9096550
376   2019-12-03  7.06  7.29  6.98   7.21    0.15        2.12    9332060
377   2019-12-04  7.20  7.26  7.18   7.21    0.00        0.00    4913700
378   2019-12-05  7.18  7.21  7.09   7.10   -0.11       -1.53    5182270
379   2019-12-06  7.10  7.35  7.10   7.34    0.24        3.38    7127130
380   2019-12-09  7.34  7.52  7.34   7.44    0.10        1.36    7902140
381   2019-12-10  7.44  7.55  7.41   7.50    0.06        0.81   10161370
382   2019-12-11  7.47  7.50  7.35   7.50    0.00        0.00    5402830
383   2019-12-12  7.47  7.50  7.41   7.44   -0.06       -0.80    4152040
384   2019-12-13  7.44  7.54  7.32   7.32   -0.12       -1.61    9476390
385   2019-12-16  7.32  7.35  7.24   7.30   -0.02       -0.27    5120410
386   2019-12-17  7.30  7.34  7.04   7.12   -0.18       -2.47    9866630
387   2019-12-18  7.12  7.12  6.92   6.94   -0.18       -2.53    7586700
388   2019-12-19  6.94  7.10  6.94   7.01    0.07        1.01    5752800
389   2019-12-20  7.06  7.15  7.01   7.07    0.06        0.86    5415140
390   2019-12-23  7.12  7.23  7.06   7.09    0.02        0.28    4009100
391   2019-12-24  7.09  7.16  7.06   7.14    0.05        0.71    3219640
392   2019-12-25  7.14  7.20  7.12   7.12   -0.02       -0.28    2378750
393   2019-12-26  7.16  7.16  7.07   7.07   -0.05       -0.70    3007690
394   2019-12-27  7.07  7.24  7.03   7.24    0.17        2.40    4181570
395   2019-12-30  7.27  7.34  7.23   7.27    0.03        0.41    2937980
396   2019-12-31  7.27  7.29  7.18   7.23   -0.04       -0.55    2876730
397   2020-01-02  7.23  7.38  7.18   7.38    0.15        2.07    4232230
398   2020-01-03  7.44  7.49  7.40   7.43    0.05        0.68    7832210
399   2020-01-06  7.38  7.46  7.34   7.38   -0.05       -0.67    5371060
400   2020-01-07  7.41  7.44  7.26   7.29   -0.09       -1.22    4871220
401   2020-01-08  7.23  7.27  7.12   7.21   -0.08       -1.10    6421130
402   2020-01-09  7.26  7.43  7.26   7.38    0.17        2.36    4613440
403   2020-01-10  7.41  7.55  7.40   7.44    0.06        0.81   10006180
404   2020-01-13  7.44  7.50  7.41   7.46    0.02        0.27    4456520
405   2020-01-14  7.46  7.70  7.44   7.69    0.23        3.08    9565300
406   2020-01-15  7.70  7.80  7.66   7.73    0.04        0.52    5881520
407   2020-01-16  7.69  7.80  7.67   7.78    0.05        0.65    6855030
408   2020-01-17  7.78  7.89  7.66   7.69   -0.09       -1.16    6329150
409   2020-01-20  7.69  7.84  7.60   7.84    0.15        1.95    5711790
410   2020-01-21  7.92  8.00  7.86   7.95    0.11        1.40    5911660
411   2020-01-22  7.95  8.12  7.95   8.09    0.14        1.76    8919900
412   2020-01-30  7.86  7.96  7.67   7.78   -0.31       -3.83   13028790
413   2020-01-31  7.69  7.78  7.41   7.41   -0.37       -4.76   10994970
414   2020-02-03  7.16  7.63  6.98   7.55    0.14        1.89   12079180
415   2020-02-04  7.58  7.63  7.41   7.56    0.01        0.13    8086090
416   2020-02-05  7.64  7.69  7.44   7.52   -0.04       -0.53    6938550
417   2020-02-06  7.49  7.75  7.47   7.75    0.23        3.06    9214150
418   2020-02-07  7.75  7.78  7.44   7.49   -0.26       -3.35    8120240
419   2020-02-10  7.38  7.58  7.36   7.49    0.00        0.00    4794830
420   2020-02-11  7.52  7.56  7.21   7.26   -0.23       -3.07   12551620
421   2020-02-12  7.23  7.43  7.21   7.32    0.06        0.83    9581940
422   2020-02-13  7.30  7.35  7.26   7.29   -0.03       -0.41    5263180
423   2020-02-14  7.26  7.30  7.18   7.29    0.00        0.00    5052290
424   2020-02-17  7.29  7.34  7.26   7.30    0.01        0.14    2716840
425   2020-02-18  7.34  7.34  7.16   7.16   -0.14       -1.92    7456030
426   2020-02-19  7.16  7.21  7.10   7.15   -0.01       -0.14    5481650
427   2020-02-20  7.21  7.30  7.15   7.30    0.15        2.10    5225250
428   2020-02-21  7.30  7.32  7.23   7.24   -0.06       -0.82    4513960
429   2020-02-24  7.00  7.12  6.98   6.98   -0.26       -3.59   12938030
430   2020-02-25  6.95  7.10  6.95   7.10    0.12        1.72    5303830
431   2020-02-26  7.00  7.07  6.98   7.00   -0.10       -1.41    4502880
432   2020-02-27  6.98  7.09  6.98   7.06    0.06        0.86    3318240
433   2020-02-28  6.94  7.01  6.84   6.87   -0.19       -2.69    6583970
434   2020-03-02  6.83  6.92  6.83   6.86   -0.01       -0.15    3957540
435   2020-03-03  7.01  7.01  6.86   6.86    0.00        0.00    4411940
436   2020-03-04  6.89  6.95  6.87   6.87    0.01        0.15    2946050
437   2020-03-05  6.95  6.97  6.87   6.87    0.00        0.00    2594810
438   2020-03-06  6.87  6.90  6.84   6.89    0.02        0.29    3035470
439   2020-03-09  6.41  6.63  6.41   6.41   -0.48       -6.97   16567350
440   2020-03-10  6.30  6.69  6.30   6.66    0.25        3.90    8137980
441   2020-03-11  6.67  6.70  6.20   6.32   -0.34       -5.11    8527920
442   2020-03-12  6.01  6.09  5.89   5.92   -0.40       -6.33   13041040
443   2020-03-13  5.55  6.06  5.52   5.86   -0.06       -1.01   12836580
444   2020-03-16  5.90  6.10  5.83   5.87    0.01        0.17    9283920
445   2020-03-17  5.72  5.94  5.72   5.90    0.03        0.51    6053400
446   2020-03-18  5.97  6.18  5.95   6.06    0.16        2.71   10396530
447   2020-03-19  5.97  6.00  5.81   5.89   -0.17       -2.81    7773200
448   2020-03-20  5.92  5.94  5.72   5.72   -0.17       -2.89   13401260
449   2020-03-23  5.35  5.54  5.32   5.32   -0.40       -6.99   12947170
450   2020-03-24  5.23  5.34  5.12   5.26   -0.06       -1.13   13831390
451   2020-03-25  5.49  5.49  5.35   5.47    0.21        3.99    7758210
452   2020-03-26  5.40  5.41  5.20   5.21   -0.26       -4.75    8514960
453   2020-03-27  5.20  5.23  4.86   4.98   -0.23       -4.41   13442640
454   2020-03-30  4.70  5.14  4.69   5.03    0.05        1.00   10870540
455   2020-03-31  5.03  5.34  4.69   5.18    0.15        2.98   11163440
456   2020-04-01  5.14  5.38  5.12   5.30    0.12        2.32    4859650
457   2020-04-03  5.30  5.44  5.29   5.43    0.13        2.45    6503290
458   2020-04-06  5.58  5.80  5.50   5.80    0.37        6.81   10207240
459   2020-04-07  5.86  5.87  5.61   5.84    0.04        0.69    7655220
460   2020-04-08  5.66  5.78  5.63   5.75   -0.09       -1.54    5106690
461   2020-04-09  5.78  5.84  5.70   5.70   -0.05       -0.87    7134720
462   2020-04-10  5.69  5.84  5.63   5.78    0.08        1.40    5558450
463   2020-04-13  5.78  6.00  5.75   5.95    0.17        2.94    9039420
464   2020-04-14  5.94  6.14  5.90   6.14    0.19        3.19    8744760
465   2020-04-15  6.15  6.24  6.14   6.18    0.04        0.65    5960450
466   2020-04-16  6.14  6.27  6.07   6.23    0.05        0.81    6665670
467   2020-04-17  6.23  6.40  6.21   6.37    0.14        2.25    8818780
468   2020-04-20  6.46  6.61  6.32   6.52    0.15        2.35    9422860
469   2020-04-21  6.38  6.54  6.20   6.21   -0.31       -4.75   11934810
470   2020-04-22  6.30  6.55  6.24   6.40    0.19        3.06   11038450
471   2020-04-23  6.55  6.75  6.55   6.64    0.24        3.75    8345940
472   2020-04-24  6.67  6.83  6.55   6.80    0.16        2.41    8301090
473   2020-04-27  6.84  6.95  6.72   6.75   -0.05       -0.74    6636160
474   2020-04-28  6.77  6.80  6.54   6.58   -0.17       -2.52    7687010
475   2020-04-29  6.61  6.67  6.46   6.61    0.03        0.46    7447050
476   2020-05-04  6.61  6.63  6.46   6.46   -0.15       -2.27    4834580
477   2020-05-05  6.58  6.66  6.55   6.58    0.12        1.86    5894530
478   2020-05-06  6.63  6.83  6.61   6.83    0.25        3.80    7620940
479   2020-05-07  6.86  7.26  6.86   7.26    0.43        6.30   14733250
480   2020-05-08  7.32  7.43  7.20   7.20   -0.06       -0.83   12484610
481   2020-05-11  7.36  7.41  7.16   7.36    0.16        2.22    7220240
482   2020-05-12  7.27  7.35  7.20   7.27   -0.09       -1.22   10527620
483   2020-05-13  7.21  7.44  7.16   7.41    0.14        1.93    9608210
484   2020-05-14  7.32  7.41  7.29   7.36   -0.05       -0.67    6517150
485   2020-05-15  7.36  7.40  7.20   7.23   -0.13       -1.77    7931980
486   2020-05-18  7.52  7.72  7.38   7.72    0.49        6.78   13491620
487   2020-05-19  8.12  8.26  8.01   8.04    0.32        4.15   18842950
488   2020-05-20  8.00  8.18  7.89   8.13    0.09        1.12   11584470
489   2020-05-21  8.10  8.16  8.03   8.15    0.02        0.25   11213810
490   2020-05-22  8.10  8.44  8.07   8.38    0.23        2.82   16252810
491   2020-05-25  8.46  8.55  8.35   8.40    0.02        0.24   11168880
492   2020-05-26  8.41  8.73  8.40   8.73    0.33        3.93   11503490
493   2020-05-27  8.80  8.80  8.36   8.36   -0.37       -4.24   19779140
494   2020-05-28  8.46  8.49  8.27   8.36    0.00        0.00   14486370
495   2020-05-29  8.40  8.52  8.30   8.43    0.07        0.84   12580390
496   2020-06-01  8.55  8.55  8.44   8.50    0.07        0.83    8022890
497   2020-06-02  8.55  8.55  8.29   8.32   -0.18       -2.12   11489000
498   2020-06-03  8.32  8.36  8.18   8.29   -0.03       -0.36   12018120
499   2020-06-04  8.30  8.43  8.18   8.18   -0.11       -1.33   13488200
500   2020-06-05  8.15  8.40  8.06   8.32    0.14        1.71   13532060
501   2020-06-08  8.46  8.64  8.40   8.52    0.20        2.40   17144920
502   2020-06-09  8.60  8.61  8.29   8.33   -0.19       -2.23   18693450
503   2020-06-10  8.30  8.43  8.20   8.30   -0.03       -0.36    9871400
504   2020-06-11  8.26  8.35  7.84   7.84   -0.46       -5.54   22873160
505   2020-06-12  7.54  8.15  7.54   8.15    0.31        3.95   18881260
506   2020-06-15  8.09  8.15  7.80   7.81   -0.34       -4.17   11332840
507   2020-06-16  8.00  8.12  7.89   8.06    0.25        3.20    9024610
508   2020-06-17  8.06  8.13  7.96   8.07    0.01        0.12    7066110
509   2020-06-18  7.98  8.26  7.95   8.24    0.17        2.11    9055090
510   2020-06-19  8.30  8.41  8.30   8.41    0.17        2.06   10532760
511   2020-06-22  8.43  8.55  8.29   8.40   -0.01       -0.12    9729970
512   2020-06-23  8.40  8.52  8.23   8.30   -0.10       -1.19   11382760
513   2020-06-24  8.30  8.41  8.24   8.30    0.00        0.00    6516760
514   2020-06-25  8.21  8.55  8.16   8.40    0.10        1.20   24410040
515   2020-06-26  8.43  8.49  8.30   8.36   -0.04       -0.48    9363870
516   2020-06-29  8.27  8.30  8.07   8.20   -0.16       -1.91   12378070
517   2020-06-30  8.24  8.43  8.16   8.24    0.04        0.49   14826230
518   2020-07-01  8.30  8.46  8.27   8.43    0.19        2.31   10843030
519   2020-07-02  8.46  8.53  8.43   8.49    0.06        0.71   13000820
520   2020-07-03  8.52  8.53  8.43   8.46   -0.03       -0.35    8111500
521   2020-07-06  8.52  8.53  8.44   8.49    0.03        0.35    9764620
522   2020-07-07  8.53  8.89  8.52   8.72    0.23        2.71   28048770
523   2020-07-08  8.66  8.75  8.58   8.63   -0.09       -1.03    9155900
524   2020-07-09  8.64  8.70  8.60   8.66    0.03        0.35    7588480
525   2020-07-10  8.61  8.69  8.49   8.53   -0.13       -1.50   14457460
526   2020-07-13  8.47  8.56  8.38   8.50   -0.03       -0.35   14702360
527   2020-07-14  8.44  8.60  8.43   8.58    0.08        0.94    5757320
528   2020-07-15  8.67  8.73  8.63   8.63    0.05        0.58    6561150
529   2020-07-16  8.67  8.89  8.60   8.80    0.17        1.97   17916710
530   2020-07-17  8.83  8.84  8.78   8.78   -0.02       -0.23    6759400
531   2020-07-20  8.76  8.83  8.61   8.61   -0.17       -1.94   11602590
532   2020-07-21  8.64  8.69  8.55   8.64    0.03        0.35   11724470
533   2020-07-22  8.70  8.73  8.60   8.64    0.00        0.00    7461530
534   2020-07-23  8.64  8.67  8.52   8.67    0.03        0.35   10177170
535   2020-07-24  8.61  8.63  8.09   8.26   -0.41       -4.73   21288480
536   2020-07-27  8.01  8.35  7.93   7.98   -0.28       -3.39   18389440
537   2020-07-28  8.15  8.46  8.06   8.41    0.43        5.39   14119250
538   2020-07-29  8.37  8.56  7.94   8.17   -0.24       -2.85   18544880
539   2020-07-30  8.22  8.37  8.20   8.30    0.13        1.59   11357060
540   2020-07-31  8.05  8.28  8.05   8.15   -0.15       -1.81    7656240
541   2020-08-03  8.15  8.64  8.15   8.60    0.45        5.52   16896050
542   2020-08-04  8.71  8.75  8.56   8.64    0.04        0.47   11086090
543   2020-08-05  8.64  9.14  8.60   9.05    0.41        4.75   25912970
544   2020-08-06  9.05  9.16  8.94   9.03   -0.02       -0.22   13744810
545   2020-08-07  9.01  9.12  8.99   9.09    0.06        0.66   12162410
546   2020-08-10  9.18  9.29  9.12   9.12    0.03        0.33   14144220
547   2020-08-11  9.16  9.22  9.05   9.11   -0.01       -0.11    9675910
548   2020-08-12  9.12  9.20  9.05   9.12    0.01        0.11    8827420
549   2020-08-13  9.20  9.24  9.12   9.20    0.08        0.88    7562850
550   2020-08-14  9.20  9.24  8.97   9.05   -0.15       -1.63   15356070
551   2020-08-17  9.03  9.12  8.99   9.12    0.07        0.77    8428450
552   2020-08-18  9.16  9.16  9.05   9.07   -0.05       -0.55    5130610
553   2020-08-19  9.09  9.16  9.05   9.11    0.04        0.44    9266940
554   2020-08-20  9.11  9.14  9.01   9.05   -0.06       -0.66    9685120
555   2020-08-21  9.05  9.16  9.03   9.14    0.09        0.99    8930990
556   2020-08-24  9.20  9.37  9.16   9.31    0.17        1.86   13933710
557   2020-08-25  9.35  9.41  9.22   9.22   -0.09       -0.97   10722520
558   2020-08-26  9.20  9.22  9.09   9.09   -0.13       -1.41   16327190
559   2020-08-27  9.09  9.14  9.05   9.12    0.03        0.33    8801320
560   2020-08-28  9.20  9.20  9.11   9.12    0.00        0.00   11603550
561   2020-08-31  9.09  9.31  9.09   9.22    0.10        1.10   13334160
562   2020-09-01  9.22  9.37  9.18   9.31    0.09        0.98   16754410
563   2020-09-03  9.39  9.46  9.35   9.39    0.08        0.86   14553930
564   2020-09-04  9.26  9.43  9.26   9.37   -0.02       -0.21   18820560
565   2020-09-07  9.39  9.43  9.20   9.20   -0.17       -1.81   14336100
566   2020-09-08  9.24  9.28  9.18   9.26    0.06        0.65   12260110
567   2020-09-09  9.16  9.37  9.14   9.20   -0.06       -0.65   19632380
568   2020-09-10  9.28  9.33  9.20   9.22    0.02        0.22   12106250
569   2020-09-11  9.22  9.26  9.18   9.18   -0.04       -0.43   11672440
570   2020-09-14  9.20  9.29  9.20   9.24    0.06        0.65   12723310
571   2020-09-15  9.29  9.37  9.26   9.28    0.04        0.43    8859250
572   2020-09-16  9.29  9.31  9.24   9.28    0.00        0.00    6887240
573   2020-09-17  9.29  9.57  9.28   9.54    0.26        2.80   26759480
574   2020-09-18  9.59  9.65  9.57   9.65    0.11        1.15   12475700
575   2020-09-21  9.72  9.74  9.61   9.65    0.00        0.00   11631470
576   2020-09-22  9.57  9.65  9.54   9.59   -0.06       -0.62   15285880
577   2020-09-23  9.63  9.72  9.59   9.69    0.10        1.04   12589480
578   2020-09-24  9.65  9.72  9.57   9.63   -0.06       -0.62   12435190
579   2020-09-25  9.69  9.69  9.57   9.67    0.04        0.42   10094210
580   2020-09-28  9.69  9.91  9.65   9.91    0.24        2.48   17573130
581   2020-09-29  9.93 10.06  9.89   9.89   -0.02       -0.20   18456820
582   2020-09-30  9.89  9.97  9.80   9.91    0.02        0.20   12985480
583   2020-10-01  9.99 10.21  9.95  10.14    0.23        2.32   17161730
584   2020-10-02 10.16 10.23  9.76  10.03   -0.11       -1.08   20213120
585   2020-10-05 10.08 10.29 10.08  10.27    0.24        2.39   12791350
586   2020-10-06 10.31 10.61 10.21  10.61    0.34        3.31   23609700
587   2020-10-07 10.55 10.63 10.44  10.44   -0.17       -1.60   14752610
588   2020-10-08 10.51 10.55 10.40  10.55    0.11        1.05   18239670
589   2020-10-09 10.59 10.78 10.51  10.70    0.15        1.42    9464850
590   2020-10-12 10.76 10.80 10.53  10.61   -0.09       -0.84   12258740
591   2020-10-13 10.59 10.61 10.48  10.51   -0.10       -0.94   10665790
592   2020-10-14 10.50 10.64 10.44  10.64    0.13        1.24   14240330
593   2020-10-15 11.26 11.26 10.91  10.91    0.27        2.54   30525160
594   2020-10-16 10.96 11.08 10.87  10.93    0.02        0.18   17319070
595   2020-10-19 10.95 10.98 10.83  10.85   -0.08       -0.73   10939140
596   2020-10-20 10.80 11.02 10.78  11.02    0.17        1.57   13319200
597   2020-10-21 11.06 11.12 10.89  10.93   -0.09       -0.82   10669590
598   2020-10-22 10.89 11.12 10.85  11.12    0.19        1.74   13072020
599   2020-10-23 11.19 11.60 11.13  11.60    0.48        4.32   29534980
600   2020-10-26 11.64 12.02 11.53  11.56   -0.04       -0.34   20357350
601   2020-10-27 11.49 11.90 11.47  11.79    0.23        1.99   25281540
602   2020-10-28 11.70 11.88 11.34  11.42   -0.37       -3.14   25663180
603   2020-10-29 11.25 11.55 11.25  11.49    0.07        0.61   20778840
604   2020-10-30 11.56 11.60 11.23  11.47   -0.02       -0.17   19039190
605   2020-11-02 11.47 11.53 11.40  11.49    0.02        0.17   10385290
606   2020-11-03 11.64 11.75 11.47  11.53    0.04        0.35   17521020
607   2020-11-04 11.53 11.64 11.40  11.51   -0.02       -0.17   18293400
608   2020-11-05 11.51 11.55 11.36  11.36   -0.15       -1.30   11598310
609   2020-11-06 11.38 11.53 11.34  11.42    0.06        0.53   13410500
610   2020-11-09 11.56 11.83 11.53  11.83    0.41        3.59   18314360
611   2020-11-10 12.05 12.09 11.75  11.75   -0.08       -0.68   20645160
612   2020-11-11 11.75 11.87 11.70  11.75    0.00        0.00   14564290
613   2020-11-12 11.75 11.83 11.73  11.81    0.06        0.51    9803730
614   2020-11-13 11.83 12.00 11.81  12.00    0.19        1.61   12161630
615   2020-11-16 12.13 12.30 11.98  12.11    0.11        0.92   25538500
616   2020-11-17 12.20 12.52 12.17  12.52    0.41        3.39   16228900
617   2020-11-18 12.62 12.99 12.52  12.99    0.47        3.75   22115200
618   2020-11-19 13.03 13.33 12.94  13.22    0.23        1.77   26533130
619   2020-11-20 13.26 13.40 13.12  13.40    0.18        1.36   18141040
620   2020-11-23 13.40 14.21 13.33  14.08    0.68        5.07   23681540
621   2020-11-24 14.18 14.46 13.63  14.08    0.00        0.00   48936510
622   2020-11-25 13.82 13.86 13.22  13.37   -0.71       -5.04   55697460
623   2020-11-26 13.18 13.29 12.88  13.18   -0.19       -1.42   33163400
624   2020-11-27 13.14 13.67 13.14  13.61    0.43        3.26   16027210
625   2020-11-30 13.61 13.67 13.33  13.33   -0.28       -2.06   17459270
626   2020-12-01 13.10 13.37 12.97  13.37    0.04        0.30   21802760
627   2020-12-02 13.37 13.39 13.18  13.26   -0.11       -0.82   14643640
628   2020-12-03 13.35 13.84 13.26  13.84    0.58        4.37   22511210
629   2020-12-04 13.91 13.99 13.78  13.87    0.03        0.22   17767110
630   2020-12-07 13.91 14.42 13.84  14.34    0.47        3.39   24400300
631   2020-12-08 14.34 14.57 14.27  14.42    0.08        0.56   20333880
632   2020-12-09 14.46 14.49 14.31  14.46    0.04        0.28   15264400
633   2020-12-10 14.46 14.49 13.97  14.12   -0.34       -2.35   30402770
634   2020-12-11 14.27 14.57 14.16  14.57    0.45        3.19   16641080
635   2020-12-14 14.79 14.83 14.62  14.74    0.17        1.17   14483540
636   2020-12-15 14.66 14.70 14.46  14.49   -0.25       -1.70   19581910
637   2020-12-16 14.57 14.78 14.46  14.57    0.08        0.55   17322370
638   2020-12-17 14.42 14.51 14.14  14.14   -0.43       -2.95   30645570
639   2020-12-18 14.31 14.55 14.23  14.49    0.35        2.48   19956910
640   2020-12-21 14.64 14.66 14.40  14.48   -0.01       -0.07   15789770
641   2020-12-22 14.48 14.81 14.38  14.78    0.30        2.07   26050910
642   2020-12-23 14.81 15.47 14.79  15.02    0.24        1.62   28097610
643   2020-12-24 15.24 15.32 14.49  15.00   -0.02       -0.13   18507480
644   2020-12-25 15.02 15.34 14.83  15.30    0.30        2.00   22667520
645   2020-12-28 15.70 15.75 15.40  15.60    0.30        1.96   21024800
646   2020-12-29 15.49 15.71 15.41  15.62    0.02        0.13   13443950
647   2020-12-30 15.62 15.62 15.30  15.36   -0.26       -1.66   21907500
648   2020-12-31 15.36 15.68 15.28  15.56    0.20        1.30   11867640
649   2021-01-04 15.77 16.15 15.64  15.88    0.32        2.06   15832600
650   2021-01-05 15.70 16.07 15.66  15.90    0.02        0.13   18634100
651   2021-01-06 15.96 16.26 15.88  16.07    0.17        1.07   17948600
652   2021-01-07 16.20 16.22 15.86  16.07    0.00        0.00   21780700
653   2021-01-08 16.11 16.26 16.00  16.05   -0.02       -0.12   19978500
654   2021-01-11 16.18 16.26 16.00  16.16    0.11        0.69   16645100
655   2021-01-12 16.22 16.86 16.11  16.86    0.70        4.33   22738800
656   2021-01-13 16.97 17.07 16.67  16.78   -0.08       -0.47   16131800
657   2021-01-14 16.78 16.78 16.46  16.69   -0.09       -0.54   17527000
658   2021-01-15 16.63 16.92 16.63  16.71    0.02        0.12   14788300
659   2021-01-18 16.71 16.84 16.61  16.75    0.04        0.24   18112900
660   2021-01-19 16.75 16.75 15.58  15.62   -1.13       -6.75   25778200
661   2021-01-20 15.77 16.13 15.02  15.66    0.04        0.26   37915600
662   2021-01-21 16.09 16.60 15.70  16.60    0.94        6.00   20829700
663   2021-01-22 16.63 16.78 16.35  16.39   -0.21       -1.27   14798600
664   2021-01-25 16.24 17.07 16.18  16.41    0.02        0.12   33091200
665   2021-01-26 16.37 16.37 15.62  15.88   -0.53       -3.23   24099500
666   2021-01-27 15.54 15.92 14.83  15.13   -0.75       -4.72   28056100
667   2021-01-28 14.12 14.66 14.08  14.08   -1.05       -6.94   49934800
668   2021-01-29 13.89 15.00 13.89  14.70    0.62        4.40   40248000
669   2021-02-01 14.64 14.96 14.34  14.40   -0.30       -2.04   21323900
670   2021-02-02 14.46 15.21 14.36  15.21    0.81        5.63   28541100
671   2021-02-03 15.47 15.90 15.40  15.77    0.56        3.68   34839600
672   2021-02-04 15.77 15.85 15.60  15.70   -0.07       -0.44   22252900
673   2021-02-05 15.75 16.03 15.66  15.96    0.26        1.66   23371200
674   2021-02-08 15.96 16.00 15.02  15.36   -0.60       -3.76   32918400
675   2021-02-09 15.36 15.73 15.19  15.70    0.34        2.21   26164800
676   2021-02-17 15.94 16.32 15.88  16.32    0.62        3.95   24253200
677   2021-02-18 16.30 16.52 16.13  16.46    0.14        0.86   21343800
678   2021-02-19 16.26 16.48 16.18  16.32   -0.14       -0.85   17007500
679   2021-02-22 16.32 16.67 16.15  16.30   -0.02       -0.12   21362500
680   2021-02-23 16.22 16.43 16.13  16.26   -0.04       -0.25   17921700
681   2021-02-24 16.39 16.67 16.26  16.37    0.11        0.68   27282600
682   2021-02-25 16.52 16.67 16.39  16.58    0.21        1.28   21931700
683   2021-02-26 16.41 17.16 16.37  17.12    0.54        3.26   40928500
684   2021-03-01 17.37 17.39 17.20  17.35    0.23        1.34   21998200
685   2021-03-02 17.57 17.69 17.35  17.54    0.19        1.10   23670800
686   2021-03-03 17.48 17.67 17.46  17.57    0.03        0.17   22262900
687   2021-03-04 17.61 17.61 16.90  17.24   -0.33       -1.88   27962100
688   2021-03-05 17.14 17.31 16.93  17.27    0.03        0.17   21396800
689   2021-03-08 17.50 17.61 17.27  17.39    0.12        0.69   17777700
690   2021-03-09 17.27 17.35 16.92  17.22   -0.17       -0.98   16289800
691   2021-03-10 17.22 17.22 16.95  17.12   -0.10       -0.58   15772500
692   2021-03-11 17.24 17.52 17.20  17.42    0.30        1.75   15569400
693   2021-03-12 17.50 17.50 17.35  17.44    0.02        0.11   12153700
694   2021-03-15 17.50 17.61 17.42  17.46    0.02        0.11   11905100
695   2021-03-16 17.50 17.50 17.20  17.31   -0.15       -0.86   14097300
696   2021-03-17 17.33 17.44 17.29  17.39    0.08        0.46   12191800
697   2021-03-18 17.54 17.55 17.40  17.50    0.11        0.63   11166600
698   2021-03-19 17.50 17.82 17.50  17.70    0.20        1.14   18392100
699   2021-03-22 17.76 17.82 17.54  17.55   -0.15       -0.85   11047900
700   2021-03-23 17.52 17.69 17.42  17.50   -0.05       -0.28   12487200
701   2021-03-24 17.29 17.40 16.93  17.07   -0.43       -2.46   23653500
702   2021-03-25 17.16 17.18 16.82  16.90   -0.17       -1.00   19929000
703   2021-03-26 17.08 17.35 16.92  17.35    0.45        2.66   28109800
704   2021-03-29 17.46 17.50 17.33  17.39    0.04        0.23   13251900
705   2021-03-30 17.46 17.55 17.31  17.44    0.05        0.29   13333800
706   2021-03-31 17.44 17.78 17.40  17.57    0.13        0.75   16323700
707   2021-04-01 17.65 18.21 17.63  18.21    0.64        3.64   27681900
708   2021-04-02 18.32 18.51 18.25  18.42    0.21        1.15   16678500
709   2021-04-05 18.59 18.62 18.38  18.51    0.09        0.49   15377800
710   2021-04-06 18.51 18.61 18.44  18.55    0.04        0.22   14033300
711   2021-04-07 18.55 18.62 18.36  18.57    0.02        0.11   14407800
712   2021-04-08 18.59 18.62 18.40  18.53   -0.04       -0.22   11970000
713   2021-04-09 18.51 18.74 18.42  18.61    0.08        0.43   15623400
714   2021-04-12 18.74 19.34 18.68  19.23    0.62        3.33   27010400
715   2021-04-13 19.34 19.34 18.81  18.81   -0.42       -2.18   26956900
716   2021-04-14 18.81 20.01 18.74  19.90    1.09        5.79   28753300
717   2021-04-15 20.09 20.54 19.71  20.46    0.56        2.81   32078100
718   2021-04-16 20.31 20.92 20.09  20.50    0.04        0.20   28433700
719   2021-04-19 20.73 21.70 20.54  21.70    1.20        5.85   34808100
720   2021-04-20 21.78 22.00 21.03  21.48   -0.22       -1.01   37829300
721   2021-04-22 21.22 21.74 20.65  20.65   -0.83       -3.86   33049800
722   2021-04-23 20.84 21.18 20.58  21.18    0.53        2.57   28493500
723   2021-04-26 21.22 21.25 20.65  20.69   -0.49       -2.31   25156400
724   2021-04-27 20.69 21.18 20.43  21.14    0.45        2.17   21294400
725   2021-04-28 21.14 21.22 20.84  21.03   -0.11       -0.52   15619100
726   2021-04-29 21.22 22.04 21.18  21.82    0.79        3.76   27877700
727   2021-05-04 21.52 22.68 21.40  22.45    0.63        2.89   32996000
728   2021-05-05 22.53 22.64 22.27  22.27   -0.18       -0.80   24468200
729   2021-05-06 22.27 22.64 22.08  22.30    0.03        0.13   21609700
730   2021-05-07 22.23 23.09 22.19  22.83    0.53        2.38   29552700
731   2021-05-10 22.83 23.77 22.83  23.66    0.83        3.64   28160100
732   2021-05-11 23.77 23.77 23.28  23.28   -0.38       -1.61   29565200
733   2021-05-12 23.13 23.54 23.02  23.54    0.26        1.12   29316300
734   2021-05-13 23.43 23.66 23.09  23.09   -0.45       -1.91   24654400
735   2021-05-14 23.28 23.47 22.90  23.06   -0.03       -0.13   31815400
736   2021-05-17 23.06 23.43 22.76  23.24    0.18        0.78   34004200
737   2021-05-18 23.47 23.92 23.47  23.81    0.57        2.45   39146300
738   2021-05-19 24.03 25.04 23.84  24.82    1.01        4.24   28407500
739   2021-05-20 24.86 25.04 24.60  25.01    0.19        0.77   21552100
740   2021-05-21 24.82 24.93 24.56  24.63   -0.38       -1.52   22951900
741   2021-05-24 24.63 24.82 24.41  24.56   -0.07       -0.28   23592200
742   2021-05-25 24.52 25.46 24.48  25.31    0.75        3.05   22689000
743   2021-05-26 25.31 25.46 25.23  25.46    0.15        0.59   15485000
744   2021-05-27 25.42 25.46 24.86  25.08   -0.38       -1.49   19165200
745   2021-05-28 25.20 25.27 24.86  25.20    0.12        0.48   30138100
746   2021-05-31 26.93 26.93 26.47  26.93    1.73        6.87   60309100
747   2021-06-01 27.90 28.77 27.60  28.36    1.43        5.31   33413400
748   2021-06-02 28.11 28.36 27.09  27.60   -0.76       -2.68   40000100
749   2021-06-03 27.60 27.90 27.09  27.75    0.15        0.54   36969900
750   2021-06-04 27.85 28.26 27.75  27.85    0.10        0.36   31679400
751   2021-06-07 27.90 28.11 26.58  26.93   -0.92       -3.30   34653300
752   2021-06-08 26.73 27.04 25.55  25.55   -1.38       -5.12   38486300
753   2021-06-09 25.50 26.27 25.04  25.71    0.16        0.63   40956800
754   2021-06-10 25.66 26.88 25.55  26.37    0.66        2.57   29312900
755   2021-06-11 26.63 27.19 26.37  27.14    0.77        2.92   29030300
756   2021-06-14 27.34 27.75 26.98  27.39    0.25        0.92   28587500
757   2021-06-15 27.09 27.39 26.93  27.19   -0.20       -0.73   21707700
758   2021-06-16 26.98 27.09 26.32  26.47   -0.72       -2.65   28929200
759   2021-06-17 26.01 26.52 26.01  26.27   -0.20       -0.76   20215900
760   2021-06-18 26.52 27.24 26.27  26.63    0.36        1.37   28992700
761   2021-06-21 26.58 26.83 26.17  26.17   -0.46       -1.73   22610800
762   2021-06-22 26.32 26.78 26.17  26.42    0.25        0.96   18459100
763   2021-06-23 26.37 26.52 26.12  26.27   -0.15       -0.57   18559200
764   2021-06-24 26.27 26.42 25.81  25.86   -0.41       -1.56   19985600
765   2021-06-25 25.91 26.17 25.45  25.91    0.05        0.19   26191200
766   2021-06-28 26.22 26.83 25.96  26.78    0.87        3.36   39158500
767   2021-06-29 26.83 26.88 26.42  26.47   -0.31       -1.16   19830300
768   2021-06-30 26.52 26.68 26.27  26.32   -0.15       -0.57   18899100
769   2021-07-01 26.42 27.04 26.37  26.98    0.66        2.51   39670000
770   2021-07-02 27.09 27.29 26.68  26.73   -0.25       -0.93   30058700
771   2021-07-05 26.73 26.73 25.96  26.17   -0.56       -2.10   37065500
772   2021-07-06 26.12 26.68 24.53  24.53   -1.64       -6.27   39626500
773   2021-07-07 25.04 25.50 24.45  25.50    0.97        3.95   40552700
774   2021-07-08 25.50 25.60 24.84  25.04   -0.46       -1.80   30632700
775   2021-07-09 24.79 25.09 23.51  24.17   -0.87       -3.47   46892600
776   2021-07-12 23.87 23.97 22.49  22.97   -1.20       -4.96   75500300
777   2021-07-13 23.25 23.51 22.77  23.25    0.28        1.22   25498600
778   2021-07-14 23.46 23.51 22.67  23.00   -0.25       -1.08   27431000
779   2021-07-15 22.79 23.94 22.79  23.76    0.76        3.30   28546500
780   2021-07-16 23.87 24.25 23.76  23.89    0.13        0.55   22253900
781   2021-07-19 23.33 23.46 22.49  22.64   -1.25       -5.23   39426100
782   2021-07-20 23.00 24.17 22.72  24.17    1.53        6.76   40965600
783   2021-07-21 24.28 24.43 23.82  23.89   -0.28       -1.16   21335700
784   2021-07-22 23.87 24.38 23.66  24.12    0.23        0.96   21494600
785   2021-07-23 23.92 24.02 23.41  23.41   -0.71       -2.94   28904400
786   2021-07-26 23.25 23.56 22.82  23.30   -0.11       -0.47   23485200
787   2021-07-27 23.51 23.92 23.36  23.61    0.31        1.33   18206300
788   2021-07-28 23.66 24.07 23.61  23.87    0.26        1.10   21215200
789   2021-07-29 23.99 24.38 23.92  24.07    0.20        0.84   32783300
790   2021-07-30 24.07 24.33 24.07  24.17    0.10        0.42   23016300
791   2021-08-02 24.07 24.48 23.97  24.15   -0.02       -0.08   24207000
792   2021-08-03 24.17 24.35 23.89  24.15    0.00        0.00   28297300
793   2021-08-04 24.30 24.53 24.15  24.28    0.13        0.54   24329100
794   2021-08-05 24.25 25.04 24.20  24.94    0.66        2.72   29704100
795   2021-08-06 24.84 25.09 24.68  24.74   -0.20       -0.80   20101800
796   2021-08-09 24.58 25.40 24.51  25.40    0.66        2.67   30419600
797   2021-08-10 25.60 25.81 25.09  25.25   -0.15       -0.59   23318400
798   2021-08-11 25.45 25.45 25.02  25.02   -0.23       -0.91   21895900
799   2021-08-12 24.99 25.04 24.74  24.74   -0.28       -1.12   21547600
800   2021-08-13 24.74 24.89 24.38  24.86    0.12        0.49   25809500
801   2021-08-16 25.04 25.30 25.02  25.27    0.41        1.65   22222700
802   2021-08-17 25.37 26.01 25.35  25.76    0.49        1.94   45483400
803   2021-08-18 25.81 26.01 25.50  25.76    0.00        0.00   20163600
804   2021-08-19 25.86 26.22 25.76  26.01    0.25        0.97   27506300
805   2021-08-20 25.96 26.06 24.63  25.04   -0.97       -3.73   49333500
806   2021-08-23 25.04 25.04 24.28  24.28   -0.76       -3.04   32825800
807   2021-08-24 24.33 24.66 24.28  24.40    0.12        0.49   21929400
808   2021-08-25 24.51 24.79 24.22  24.74    0.34        1.39   16402800
809   2021-08-26 24.84 24.84 24.30  24.38   -0.36       -1.46   13857800
810   2021-08-27 24.28 24.45 23.89  24.33   -0.05       -0.21   24491000
811   2021-08-30 24.53 24.91 24.35  24.89    0.56        2.30   17004600
812   2021-08-31 25.04 25.40 24.94  25.20    0.31        1.25   25872600
813   2021-09-01 25.04 25.32 24.99  25.14   -0.06       -0.24   15066500
814   2021-09-06 25.30 26.27 25.25  26.17    1.03        4.10   48098900
815   2021-09-07 26.37 26.58 25.86  25.91   -0.26       -0.99   31246800
816   2021-09-08 25.91 26.52 25.76  26.22    0.31        1.20   33040000
817   2021-09-09 26.37 26.78 26.32  26.52    0.30        1.14   36718200
818   2021-09-10 26.58 26.68 26.27  26.32   -0.20       -0.75   17217900
819   2021-09-13 26.32 26.32 25.91  25.96   -0.36       -1.37   27227400
820   2021-09-14 25.96 26.06 25.66  25.71   -0.25       -0.96   22432900
821   2021-09-15 25.60 26.58 25.50  26.37    0.66        2.57   25908900
822   2021-09-16 26.58 26.73 26.22  26.22   -0.15       -0.57   17982000
823   2021-09-17 26.27 26.58 26.22  26.47    0.25        0.95   24548600
824   2021-09-20 26.78 26.78 26.01  26.22   -0.25       -0.94   32328300
825   2021-09-21 25.86 26.17 25.66  25.96   -0.26       -0.99   28847000
826   2021-09-22 25.96 26.12 25.86  26.01    0.05        0.19   13143800
827   2021-09-23 26.22 26.52 26.01  26.06    0.05        0.19   17773400
828   2021-09-24 26.06 26.42 25.91  25.96   -0.10       -0.38   15884400
829   2021-09-27 26.27 26.58 25.96  25.96    0.00        0.00   28469400
830   2021-09-28 25.86 26.93 25.86  26.88    0.92        3.54   35611100
831   2021-09-29 26.93 27.39 26.88  27.24    0.36        1.34   34898800
832   2021-09-30 27.44 27.44 26.98  27.04   -0.20       -0.73   23148500
833   2021-10-01 27.04 27.44 26.93  27.29    0.25        0.92   30478300
834   2021-10-04 27.55 28.57 27.55  28.36    1.07        3.92   45357500
835   2021-10-05 28.36 28.57 28.16  28.26   -0.10       -0.35   26571500
836   2021-10-06 28.52 28.77 28.31  28.67    0.41        1.45   26766100
837   2021-10-07 28.82 28.98 28.36  28.42   -0.25       -0.87   26772300
838   2021-10-08 28.52 28.72 28.21  28.47    0.05        0.18   21693600
839   2021-10-11 28.67 29.28 28.47  29.23    0.76        2.67   25548600
840   2021-10-12 29.28 29.44 29.03  29.13   -0.10       -0.34   18107600
841   2021-10-13 29.13 29.34 28.88  29.03   -0.10       -0.34   15582700
842   2021-10-14 29.03 29.34 28.98  29.03    0.00        0.00   19279700
843   2021-10-15 29.28 29.49 29.13  29.28    0.25        0.86   18520000
844   2021-10-18 29.44 29.85 29.39  29.59    0.31        1.06   20737100
845   2021-10-19 29.44 29.64 29.18  29.23   -0.36       -1.22   23720900
846   2021-10-20 29.34 29.39 28.52  29.08   -0.15       -0.51   34660900
847   2021-10-21 29.23 29.74 28.93  29.23    0.15        0.52   39192300
848   2021-10-22 29.34 29.54 28.98  28.98   -0.25       -0.86   19849100
849   2021-10-25 28.88 28.98 28.16  28.16   -0.82       -2.83   41605900
850   2021-10-26 28.01 28.77 27.70  28.77    0.61        2.17   27910500
851   2021-10-27 28.77 29.59 28.77  29.59    0.82        2.85   28938100
852   2021-10-28 29.59 29.74 29.28  29.64    0.05        0.17   21923800
853   2021-10-29 29.64 29.69 29.18  29.18   -0.46       -1.55   23878000
854   2021-11-01 29.18 29.18 28.47  28.47   -0.71       -2.43   45218500
855   2021-11-02 28.36 28.82 28.21  28.36   -0.11       -0.39   25669500
856   2021-11-03 28.72 28.77 28.26  28.42    0.06        0.21   29867100
857   2021-11-04 28.42 29.08 28.42  28.77    0.35        1.23   14849100
858   2021-11-05 28.77 29.13 28.47  28.93    0.16        0.56   19377600
859   2021-11-08 29.08 29.13 28.72  29.03    0.10        0.35   21255400
860   2021-11-09 29.03 29.44 28.82  28.88   -0.15       -0.52   24717300
861   2021-11-10 28.88 28.93 28.21  28.26   -0.62       -2.15   43376600
862   2021-11-11 28.11 28.26 27.39  27.60   -0.66       -2.34   54292800
863   2021-11-12 27.55 28.01 27.50  27.90    0.30        1.09   20846900
864   2021-11-15 27.85 27.90 27.24  27.39   -0.51       -1.83   30647000
865   2021-11-16 27.24 27.39 26.58  26.58   -0.81       -2.96   39777000
866   2021-11-17 26.58 26.88 26.27  26.27   -0.31       -1.17   30002700
867   2021-11-18 26.27 26.27 25.35  25.53   -0.74       -2.82   58606300
868   2021-11-19 25.35 25.40 24.48  24.53   -1.00       -3.92   48471400
869   2021-11-22 24.63 25.14 24.53  24.86    0.33        1.35   22630400
870   2021-11-23 24.99 25.45 24.84  25.32    0.46        1.85   15649600
871   2021-11-24 25.30 25.40 24.79  24.86   -0.46       -1.82   27126800
872   2021-11-25 24.89 25.22 24.89  25.17    0.31        1.25   21763400
873   2021-11-26 25.20 25.53 25.04  25.07   -0.10       -0.40   26729700
874   2021-11-29 24.63 24.99 24.63  24.74   -0.33       -1.32   21801500
875   2021-11-30 25.02 25.53 24.79  25.02    0.28        1.13   22176200
876   2021-12-01 25.30 25.30 24.99  25.04    0.02        0.08   13823900
877   2021-12-02 25.14 25.17 24.84  24.84   -0.20       -0.80   12832300
878   2021-12-03 24.94 25.12 24.38  24.38   -0.46       -1.85   21682500
879   2021-12-06 24.28 24.51 23.25  23.38   -1.00       -4.10   34633900
880   2021-12-07 23.74 24.33 23.51  24.33    0.95        4.06   21935200
881   2021-12-08 24.48 24.48 24.05  24.12   -0.21       -0.86   11108800
882   2021-12-09 23.97 24.17 23.92  24.07   -0.05       -0.21   10320400
883   2021-12-10 24.05 24.12 23.71  23.76   -0.31       -1.29   19427400
884   2021-12-13 23.79 24.10 23.66  23.79    0.03        0.13   14309600
885   2021-12-14 23.79 25.09 23.61  24.38    0.59        2.48   35676800
886   2021-12-15 24.53 24.84 24.38  24.43    0.05        0.21    9045500
887   2021-12-16 24.58 24.58 24.17  24.28   -0.15       -0.61   11030000
888   2021-12-17 24.20 24.30 23.82  23.87   -0.41       -1.69   22015600
889   2021-12-20 23.87 24.20 23.76  23.97    0.10        0.42    9986400
890   2021-12-21 23.97 23.99 23.56  23.56   -0.41       -1.71   17094400
891   2021-12-22 23.66 23.76 23.05  23.05   -0.51       -2.16   24665900
892   2021-12-23 23.05 23.05 22.54  22.97   -0.08       -0.35   26674000
893   2021-12-24 23.15 23.84 23.13  23.53    0.56        2.44   19168600
894   2021-12-27 23.79 23.82 23.28  23.46   -0.07       -0.30   10675000
895   2021-12-28 23.46 23.87 23.30  23.41   -0.05       -0.21   12356700
896   2021-12-29 23.41 23.66 23.25  23.41    0.00        0.00   15118200
897   2021-12-30 23.66 23.66 23.36  23.36   -0.05       -0.21   10285000
898   2021-12-31 23.51 23.84 23.43  23.71    0.35        1.50   13781200
899   2022-01-04 23.92 24.12 23.82  23.89    0.18        0.76   20100700
900   2022-01-05 23.97 24.20 23.92  23.92    0.03        0.13   18760700
901   2022-01-06 23.76 23.87 23.56  23.56   -0.36       -1.51   17172700
902   2022-01-07 23.56 23.61 23.33  23.41   -0.15       -0.64   16335300
903   2022-01-10 23.43 23.84 23.25  23.33   -0.08       -0.34   17477500
904   2022-01-11 23.53 23.53 23.05  23.05   -0.28       -1.20   12758500
905   2022-01-12 23.10 23.64 23.08  23.61    0.56        2.43   14686700
906   2022-01-13 23.66 24.17 23.61  23.87    0.26        1.10   24990100
907   2022-01-14 23.76 23.94 23.61  23.64   -0.23       -0.96    7902000
908   2022-01-17 23.64 23.76 22.84  22.84   -0.80       -3.38   21661200
909   2022-01-18 22.74 23.13 21.98  22.49   -0.35       -1.53   21441900
910   2022-01-19 22.69 22.77 22.21  22.23   -0.26       -1.16   17705400
911   2022-01-20 22.38 22.59 22.13  22.49    0.26        1.17   14665400
912   2022-01-21 22.49 22.72 22.03  22.13   -0.36       -1.60   16277300
913   2022-01-24 22.03 22.08 20.80  20.80   -1.33       -6.01   29425200
914   2022-01-25 20.70 22.13 20.54  22.10    1.30        6.25   17887600
915   2022-01-26 22.23 22.72 22.21  22.21    0.11        0.50   15205400
916   2022-01-27 22.08 22.23 21.46  21.54   -0.67       -3.02   14700800
917   2022-01-28 21.59 21.87 21.31  21.57    0.03        0.14   14941600
918   2022-02-07 21.87 22.33 21.36  22.00    0.43        1.99   16609600
919   2022-02-08 21.98 23.28 21.98  23.28    1.28        5.82   26528800
920   2022-02-09 23.41 24.68 23.36  24.17    0.89        3.82   40297200
921   2022-02-10 24.22 24.48 23.87  24.02   -0.15       -0.62   23598200
922   2022-02-11 23.82 24.28 23.66  24.10    0.08        0.33   17343300
923   2022-02-14 23.76 24.28 23.59  23.61   -0.49       -2.03   18246700
924   2022-02-15 23.61 23.79 23.20  23.51   -0.10       -0.42   15564400
925   2022-02-16 23.56 23.76 23.30  23.51    0.00        0.00    9350300
926   2022-02-17 23.51 23.89 23.51  23.76    0.25        1.06   11353300
927   2022-02-18 23.61 24.35 23.53  24.05    0.29        1.22   21375700
928   2022-02-21 24.07 24.28 23.79  23.84   -0.21       -0.87   12177300
929   2022-02-22 23.66 23.82 23.36  23.71   -0.13       -0.55   17669600
930   2022-02-23 23.84 24.12 23.64  23.87    0.16        0.67   12981100
931   2022-02-24 23.89 23.94 23.05  23.51   -0.36       -1.51   22445800
932   2022-02-25 23.56 23.69 23.46  23.46   -0.05       -0.21   12775700
933   2022-02-28 23.53 24.43 23.53  24.12    0.66        2.81   35200100
934   2022-03-01 24.38 24.58 23.94  23.97   -0.15       -0.62   23374000
935   2022-03-02 24.02 24.20 23.82  23.97    0.00        0.00   19896100
936   2022-03-03 24.33 25.60 24.17  25.60    1.63        6.80   76236800
937   2022-03-04 26.06 26.22 25.45  25.45   -0.15       -0.59   33378900
938   2022-03-07 25.66 26.83 25.55  26.12    0.67        2.63   38456100
939   2022-03-08 25.86 26.17 25.27  25.27   -0.85       -3.25   40509400
940   2022-03-09 25.55 25.71 24.96  25.48    0.21        0.83   34775200
941   2022-03-10 25.55 25.60 25.09  25.12   -0.36       -1.41   26828300
942   2022-03-11 25.14 25.20 23.94  24.33   -0.79       -3.14   44340200
943   2022-03-14 24.17 24.63 23.41  23.41   -0.92       -3.78   33845300
944   2022-03-15 23.48 23.87 23.23  23.59    0.18        0.77   20864200
945   2022-03-16 23.97 24.10 23.61  23.61    0.02        0.08   11418800
946   2022-03-17 23.82 23.87 23.46  23.48   -0.13       -0.55   14957700
947   2022-03-18 23.61 23.94 23.53  23.76    0.28        1.19   17727600
948   2022-03-21 23.87 24.12 23.71  23.94    0.18        0.76   19313200
949   2022-03-22 23.97 23.99 23.66  23.97    0.03        0.13   22965400
950   2022-03-23 24.12 24.25 23.92  23.92   -0.05       -0.21   17291200
951   2022-03-24 24.02 24.02 23.69  23.71   -0.21       -0.88   14927500
952   2022-03-25 23.79 23.99 23.61  23.71    0.00        0.00   13444600
953   2022-03-28 23.56 23.94 23.41  23.46   -0.25       -1.05   19505200
954   2022-03-29 23.61 23.64 23.41  23.43   -0.03       -0.13   12986000
955   2022-03-30 23.41 23.71 23.20  23.25   -0.18       -0.77   15726700
956   2022-03-31 23.33 23.48 22.90  23.05   -0.20       -0.86   18892300
957   2022-04-01 23.00 23.51 22.74  23.36    0.31        1.34   19701900
958   2022-04-04 23.51 23.66 23.38  23.43    0.07        0.30   12156300
959   2022-04-05 23.51 23.71 23.48  23.56    0.13        0.55   12124200
960   2022-04-06 23.51 24.51 23.51  24.15    0.59        2.50   29707400
961   2022-04-07 24.28 24.33 23.79  23.79   -0.36       -1.49   14512900
962   2022-04-08 23.89 24.05 23.69  23.71   -0.08       -0.34   13738800
963   2022-04-12 23.76 23.76 23.02  23.05   -0.66       -2.78   18233500
964   2022-04-13 23.15 23.23 22.84  23.10    0.05        0.22   12712600
965   2022-04-14 23.15 23.28 22.95  22.95   -0.15       -0.65   12038800
966   2022-04-15 23.00 23.00 22.56  22.59   -0.36       -1.57   18378500
967   2022-04-18 22.51 22.77 21.80  21.80   -0.79       -3.50   23186000
968   2022-04-19 21.98 22.44 21.92  22.13    0.33        1.51   19054800
969   2022-04-20 22.23 22.49 22.03  22.08   -0.05       -0.23   13236800
970   2022-04-21 21.98 22.54 21.52  22.16    0.08        0.36   17812100
971   2022-04-22 22.49 22.51 21.64  22.38    0.22        0.99   12698000
972   2022-04-25 22.38 22.38 20.83  20.83   -1.55       -6.93   29055100
973   2022-04-26 20.52 21.16 20.24  21.06    0.23        1.10   23280100
974   2022-04-27 21.06 21.92 21.00  21.72    0.66        3.13   18780400
975   2022-04-28 21.72 22.21 21.72  22.03    0.31        1.43   13611800
976   2022-04-29 21.92 22.18 21.90  22.13    0.10        0.45   12347800
977   2022-05-04 22.13 22.13 21.46  21.46   -0.67       -3.03   14901300
978   2022-05-05 21.77 21.77 21.21  21.49    0.03        0.14   13817300
979   2022-05-06 21.16 21.98 21.16  21.36   -0.13       -0.60   15010600
980   2022-05-09 21.21 21.41 20.42  20.42   -0.94       -4.40   26283600
981   2022-05-10 20.19 21.00 19.78  21.00    0.58        2.84   19440000
982   2022-05-11 20.95 21.11 20.72  20.78   -0.22       -1.05    9559800
983   2022-05-12 20.75 20.78 19.55  19.55   -1.23       -5.92   25252600
984   2022-05-13 19.50 19.70 18.27  18.35   -1.20       -6.14   42997700
985   2022-05-16 18.93 19.16 18.55  18.55    0.20        1.09   29389700
986   2022-05-17 18.50 19.52 18.40  19.52    0.97        5.23   23415100
987   2022-05-18 19.62 19.78 19.34  19.52    0.00        0.00   16073200
988   2022-05-19 19.06 19.47 18.83  19.37   -0.15       -0.77   16040000
989   2022-05-20 19.27 19.32 19.04  19.24   -0.13       -0.67   13929400
990   2022-05-23 19.40 19.52 18.55  18.78   -0.46       -2.39   10178900
991   2022-05-24 18.78 18.91 17.48  17.84   -0.94       -5.01   42201300
992   2022-05-25 17.63 17.86 16.89  17.61   -0.23       -1.29   39418000
993   2022-05-26 17.89 18.19 17.66  17.89    0.28        1.59   16225800
994   2022-05-27 17.89 18.35 17.78  18.12    0.23        1.29   17591900
995   2022-05-30 18.14 18.32 18.04  18.12    0.00        0.00   15054500
996   2022-05-31 18.07 18.07 17.63  17.73   -0.39       -2.15   18840200
997   2022-06-01 17.63 17.78 17.27  17.56   -0.17       -0.96   21644600
998   2022-06-02 17.38 17.53 16.89  16.94   -0.62       -3.53   25380600
999   2022-06-03 17.02 17.38 16.99  17.07    0.13        0.77   14709900
1000  2022-06-06 17.45 17.50 16.92  17.02   -0.05       -0.29   17769400
1001  2022-06-07 17.02 17.15 16.69  16.97   -0.05       -0.29   19376400
1002  2022-06-08 17.02 17.10 16.74  16.81   -0.16       -0.94   24841800
1003  2022-06-09 16.81 17.66 16.74  17.27    0.46        2.74   26979900
1004  2022-06-10 17.27 17.50 17.17  17.17   -0.10       -0.58   15182300
1005  2022-06-13 16.86 17.12 16.20  16.25   -0.92       -5.36   21236000
1006  2022-06-14 16.10 16.12 15.43  15.48   -0.77       -4.74   28438400
1007  2022-06-15 15.38 15.79 14.74  15.02   -0.46       -2.97   28702400
1008  2022-06-16 15.41 16.02 15.28  15.84    0.82        5.46   33385900
1009  2022-06-17 15.84 15.88 14.83  15.67   -0.17       -1.07   30237200
1010  2022-06-20 15.37 15.54 14.59  14.59   -1.08       -6.89   37272900
1011  2022-06-21 14.42 14.53 13.85  14.05   -0.54       -3.70   39935100
1012  2022-06-22 14.09 14.86 14.09  14.53    0.48        3.42   21442500
1013  2022-06-23 14.53 14.76 14.53  14.73    0.20        1.38    6926200
1014  2022-06-24 14.76 15.20 14.66  14.73    0.00        0.00   12828800
1015  2022-06-27 14.86 15.47 14.42  15.47    0.74        5.02   20739600
1016  2022-06-28 15.44 15.44 15.03  15.20   -0.27       -1.75   17838300
1017  2022-06-29 15.07 15.64 14.93  15.37    0.17        1.12   20190300
1018  2022-06-30 15.47 15.81 15.07  15.07   -0.30       -1.95   19950600
1019  2022-07-01 15.07 15.27 14.56  15.13    0.06        0.40   15200000
1020  2022-07-04 15.30 15.30 14.86  14.86   -0.27       -1.78   12443200
1021  2022-07-05 14.93 15.10 14.69  14.80   -0.06       -0.40   15093400
1022  2022-07-06 14.66 15.03 14.39  14.49   -0.31       -2.09   18233600
1023  2022-07-07 14.49 14.69 14.46  14.69    0.20        1.38   10828000
1024  2022-07-08 14.86 15.24 14.86  15.17    0.48        3.27   19504900
1025  2022-07-11 15.13 15.30 14.83  14.90   -0.27       -1.78   12476400
1026  2022-07-12 14.90 15.20 14.83  15.07    0.17        1.14   12146500
1027  2022-07-13 15.00 15.40 14.96  15.07    0.00        0.00   17855700
1028  2022-07-14 15.00 15.13 14.93  15.00   -0.07       -0.46   12520300
1029  2022-07-15 15.10 15.88 15.10  15.67    0.67        4.47   47697200
1030  2022-07-18 15.67 15.74 15.20  15.27   -0.40       -2.55   19929000
1031  2022-07-19 15.20 15.27 14.93  14.96   -0.31       -2.03   16276900
1032  2022-07-20 15.10 15.37 15.07  15.10    0.14        0.94   16893100
1033  2022-07-21 15.10 15.54 15.07  15.34    0.24        1.59   23043400
1034  2022-07-22 15.34 15.40 15.00  15.00   -0.34       -2.22   16642200
1035  2022-07-25 15.00 15.07 14.73  14.80   -0.20       -1.33   20722100
1036  2022-07-26 14.73 14.86 14.59  14.63   -0.17       -1.15   26378200
1037  2022-07-27 14.49 14.53 14.22  14.36   -0.27       -1.85   28601000
1038  2022-07-28 14.53 14.66 14.36  14.46    0.10        0.70   23510500
1039  2022-07-29 14.59 14.83 14.53  14.53    0.07        0.48   20587600
1040  2022-08-01 14.66 15.44 14.59  15.40    0.87        5.99   38143900
1041  2022-08-02 15.47 15.64 15.34  15.47    0.07        0.45   27729900
1042  2022-08-03 15.34 16.11 15.27  16.05    0.58        3.75   58846000
1043  2022-08-04 16.15 16.18 15.88  15.98   -0.07       -0.44   30031900
1044  2022-08-05 15.81 15.98 15.64  15.74   -0.24       -1.50   42516600
1045  2022-08-08 15.81 16.15 15.74  15.94    0.20        1.27   30365700
1046  2022-08-09 16.15 16.42 15.98  16.28    0.34        2.13   48222600
1047  2022-08-10 16.22 16.48 16.08  16.08   -0.20       -1.23   30124400
1048  2022-08-11 16.25 16.32 15.74  15.81   -0.27       -1.68   34352700
1049  2022-08-12 15.74 16.25 15.71  16.18    0.37        2.34   33797300
1050  2022-08-15 16.28 16.35 16.08  16.22    0.04        0.25   31513400
1051  2022-08-16 16.22 16.69 16.22  16.59    0.37        2.28   65490300
1052  2022-08-17 16.62 16.65 16.32  16.42   -0.17       -1.02   27443900
1053  2022-08-18 16.28 16.45 16.25  16.32   -0.10       -0.61   23215100
1054  2022-08-19 16.28 16.38 15.98  16.05   -0.27       -1.65   31457200
1055  2022-08-22 15.98 16.05 15.64  15.78   -0.27       -1.68   23798700
1056  2022-08-23 15.61 15.98 15.61  15.98    0.20        1.27   16687400
1057  2022-08-24 15.98 16.05 15.88  15.88   -0.10       -0.63   12125400
1058  2022-08-25 16.05 16.25 15.94  16.11    0.23        1.45   18259100
1059  2022-08-26 16.22 16.22 15.88  15.88   -0.23       -1.43   16469800
1060  2022-08-29 15.57 15.71 15.30  15.54   -0.34       -2.14   32468000
1061  2022-08-30 15.61 15.74 15.50  15.57    0.03        0.19   15309700
1062  2022-08-31 15.54 15.64 15.37  15.54   -0.03       -0.19   14977400
1063  2022-09-05 15.57 16.28 15.57  16.15    0.61        3.93   26282100
1064  2022-09-06 16.22 16.35 15.91  15.91   -0.24       -1.49   15332900
1065  2022-09-07 15.91 16.08 15.54  15.54   -0.37       -2.33   25025500
1066  2022-09-08 15.67 15.84 15.47  15.61    0.07        0.45   20365500
1067  2022-09-09 15.78 16.08 15.61  16.08    0.47        3.01   26048100
1068  2022-09-12 16.15 16.42 16.08  16.08    0.00        0.00   26170900
1069  2022-09-13 16.05 16.22 15.88  16.01   -0.07       -0.44   14681300
1070  2022-09-14 15.71 16.08 15.71  16.01    0.00        0.00   27029100
1071  2022-09-15 16.15 16.15 15.84  15.94   -0.07       -0.44   13730400
1072  2022-09-16 15.81 15.94 15.54  15.54   -0.40       -2.51   27510700
1073  2022-09-19 15.61 15.71 15.17  15.30   -0.24       -1.54   27479100
1074  2022-09-20 15.40 15.54 15.27  15.54    0.24        1.57   11511000
1075  2022-09-21 15.47 15.50 15.34  15.47   -0.07       -0.45    9916300
1076  2022-09-22 15.34 15.61 15.30  15.54    0.07        0.45   11594200
1077  2022-09-23 15.57 15.67 15.34  15.34   -0.20       -1.29   14593100
1078  2022-09-26 15.17 15.27 14.76  15.13   -0.21       -1.37   25875600
1079  2022-09-27 15.17 15.20 14.93  15.13    0.00        0.00    9010600
1080  2022-09-28 15.00 15.17 14.59  14.73   -0.40       -2.64   14067800
1081  2022-09-29 14.96 15.07 14.63  14.63   -0.10       -0.68   10331300
1082  2022-09-30 14.53 14.63 13.98  14.32   -0.31       -2.12   23369500
1083  2022-10-03 14.32 14.32 13.34  13.34   -0.98       -6.84   33572400
1084  2022-10-04 13.58 13.68 12.60  12.74   -0.60       -4.50   30510400
1085  2022-10-05 12.97 13.07 12.74  12.97    0.23        1.81   25316500
1086  2022-10-06 13.04 13.04 12.16  12.16   -0.81       -6.25   37464800
1087  2022-10-07 11.92 12.03 11.52  11.89   -0.27       -2.22   36474800
1088  2022-10-10 11.69 12.57 11.62  12.40    0.51        4.29   25059200
1089  2022-10-11 12.43 12.43 11.72  11.82   -0.58       -4.68   26448700
1090  2022-10-12 12.03 12.63 11.82  12.63    0.81        6.85   28996700
1091  2022-10-13 12.70 13.24 12.53  13.17    0.54        4.28   24198100
1092  2022-10-14 13.34 13.44 13.04  13.14   -0.03       -0.23   22588600
1093  2022-10-17 13.00 13.07 12.77  13.00   -0.14       -1.07   17061300
1094  2022-10-18 13.17 13.31 12.63  12.74   -0.26       -2.00   24387600
1095  2022-10-19 12.74 12.74 12.40  12.43   -0.31       -2.43   20235600
1096  2022-10-20 12.40 12.57 12.20  12.23   -0.20       -1.61   26033000
1097  2022-10-21 12.36 12.36 11.42  11.42   -0.81       -6.62   45155900
1098  2022-10-24 11.48 11.52 10.94  11.08   -0.34       -2.98   27973100
1099  2022-10-25 11.08 11.82 10.84  11.55    0.47        4.24   31109500
1100  2022-10-26 11.48 11.76 11.38  11.42   -0.13       -1.13   11243700
1101  2022-10-27 11.45 11.89 11.42  11.76    0.34        2.98   21366800
1102  2022-10-28 11.76 11.92 11.35  11.35   -0.41       -3.49   31204100
1103  2022-10-31 10.57 10.81 10.57  10.57   -0.78       -6.87   66298200
1104  2022-11-01 10.64 10.81 10.00  10.13   -0.44       -4.16   81552300
1105  2022-11-02 10.13 10.61 10.13  10.37    0.24        2.37   40121700
1106  2022-11-03 10.30 10.44 10.20  10.27   -0.10       -0.96   20629700
1107  2022-11-04 10.13 10.24  9.80   9.90   -0.37       -3.60   43889600
1108  2022-11-07  9.83 10.00  9.26   9.26   -0.64       -6.46   38263100
1109  2022-11-08  8.85  9.26  8.78   8.88   -0.38       -4.10   46273800
1110  2022-11-09  8.92  9.19  8.75   8.78   -0.10       -1.13   32786100
1111  2022-11-10  8.58  8.65  8.18   8.18   -0.60       -6.83   79749500
1112  2022-11-11  8.31  8.55  8.11   8.31    0.13        1.59   60716100
1113  2022-11-14  8.21  8.41  8.01   8.24   -0.07       -0.84   60270100
1114  2022-11-15  8.11  8.48  8.11   8.44    0.20        2.43   40416800
1115  2022-11-16  8.31  9.02  7.97   9.02    0.58        6.87   34902600
1116  2022-11-17  9.39  9.63  9.32   9.63    0.61        6.76   21514200
1117  2022-11-18  9.86 10.27  9.63  10.20    0.57        5.92   99658800
1118  2022-11-21 10.27 10.30  9.96  10.10   -0.10       -0.98   31604900
1119  2022-11-22  9.90 10.44  9.76  10.00   -0.10       -0.99   43246700
1120  2022-11-23  9.93 10.03  9.32   9.32   -0.68       -6.80   30303500
1121  2022-11-24  9.26  9.73  9.19   9.70    0.38        4.08   31115600
1122  2022-11-25  9.86 10.34  9.70  10.34    0.64        6.60   26533900
1123  2022-11-28 10.54 11.05 10.54  11.05    0.71        6.87   58844900
1124  2022-11-29 11.22 11.79 11.05  11.76    0.71        6.43   64305500
1125  2022-11-30 11.86 12.43 11.62  12.43    0.67        5.70   57721500
1126  2022-12-01 12.67 13.28 12.16  12.30   -0.13       -1.05   66587500
1127  2022-12-02 12.16 13.14 12.03  13.14    0.84        6.83   45683100
1128  2022-12-05 13.38 13.78 13.17  13.51    0.37        2.82   46513800
1129  2022-12-06 13.44 13.48 12.57  12.57   -0.94       -6.96   62775400
1130  2022-12-07 12.16 12.94 11.96  12.33   -0.24       -1.91   34619700
1131  2022-12-08 12.77 13.07 12.50  12.77    0.44        3.57   29943600
1132  2022-12-09 12.77 13.14 12.50  12.97    0.20        1.57   34549800
1133  2022-12-12 12.97 13.21 12.57  12.57   -0.40       -3.08   35832500
1134  2022-12-13 12.57 12.84 12.33  12.84    0.27        2.15   24343000
1135  2022-12-14 13.07 13.24 12.84  12.97    0.13        1.01   34285300
1136  2022-12-15 12.90 13.28 12.90  13.07    0.10        0.77   20983100
1137  2022-12-16 12.97 13.82 12.80  13.78    0.71        5.43   55383800
1138  2022-12-19 13.92 14.36 13.51  13.51   -0.27       -1.96   48039600
1139  2022-12-20 13.38 13.58 12.67  12.84   -0.67       -4.96   45551800
1140  2022-12-21 13.11 13.14 12.23  12.77   -0.07       -0.55   27702200
1141  2022-12-22 12.90 13.24 12.63  12.77    0.00        0.00   18965200
1142  2022-12-23 12.74 12.77 12.23  12.40   -0.37       -2.90   24810700
1143  2022-12-26 12.36 12.36 11.55  11.55   -0.85       -6.85   31370000
1144  2022-12-27 11.55 12.33 11.55  12.33    0.78        6.75   23655000
1145  2022-12-28 12.43 12.50 12.13  12.30   -0.03       -0.24   14311200
1146  2022-12-29 12.36 12.50 12.06  12.16   -0.14       -1.14   17422800
1147  2022-12-30 12.23 12.46 12.09  12.16    0.00        0.00   14452800
1148  2023-01-03 12.36 13.00 12.30  13.00    0.84        6.91   27990600
1149  2023-01-04 13.14 13.38 13.04  13.11    0.11        0.85   20230000
1150  2023-01-05 13.11 13.51 12.94  13.38    0.27        2.06   21502200
1151  2023-01-06 13.31 13.58 12.97  13.11   -0.27       -2.02   19630100
1152  2023-01-09 13.38 13.58 13.17  13.24    0.13        0.99   16185000
1153  2023-01-10 13.24 13.58 12.97  13.38    0.14        1.06   26852100
1154  2023-01-11 13.51 13.88 13.44  13.65    0.27        2.02   25709300
1155  2023-01-12 13.58 13.68 13.44  13.55   -0.10       -0.73   20172900
1156  2023-01-13 13.68 13.75 13.44  13.48   -0.07       -0.52   19174700
1157  2023-01-16 13.51 13.95 13.48  13.68    0.20        1.48   22319700
1158  2023-01-17 13.82 14.63 13.82  14.63    0.95        6.94   41584700
1159  2023-01-18 14.86 14.90 14.56  14.66    0.03        0.21   25850200
1160  2023-01-19 14.59 14.76 14.09  14.29   -0.37       -2.52   43940400
1161  2023-01-27 14.19 14.56 14.09  14.53    0.24        1.68   26524400
1162  2023-01-30 14.66 15.00 14.42  14.69    0.16        1.10   42341300
1163  2023-01-31 14.80 14.93 14.66  14.93    0.24        1.63   28105900
1164  2023-02-01 15.00 15.30 14.19  14.26   -0.67       -4.49   51905400
1165  2023-02-02 14.32 14.66 14.26  14.39    0.13        0.91   25388600
1166  2023-02-03 14.49 14.56 14.19  14.26   -0.13       -0.90   20956300
1167  2023-02-06 14.26 14.29 13.88  14.29    0.03        0.21   22282300
1168  2023-02-07 14.29 14.32 13.31  13.34   -0.95       -6.65   43379400
1169  2023-02-08 13.34 14.26 13.34  14.09    0.75        5.62   33812500
1170  2023-02-09 14.19 14.36 13.92  13.92   -0.17       -1.21   16343900
1171  2023-02-10 13.98 14.05 13.61  13.85   -0.07       -0.50   15828700
1172  2023-02-13 13.78 13.78 13.34  13.65   -0.20       -1.44   18741800
1173  2023-02-14 13.72 14.12 13.68  13.92    0.27        1.98   17294600
1174  2023-02-15 13.92 14.22 13.68  14.05    0.13        0.93   20076200
1175  2023-02-16 14.15 14.46 13.92  14.39    0.34        2.42   23914900
1176  2023-02-17 14.39 14.42 14.19  14.19   -0.20       -1.39   12287900
1177  2023-02-20 14.19 14.80 14.19  14.80    0.61        4.30   24741700
1178  2023-02-21 14.90 15.07 14.59  14.59   -0.21       -1.42   20643100
1179  2023-02-22 14.46 14.93 14.32  14.32   -0.27       -1.85   32634400
1180  2023-02-23 14.29 14.53 13.78  14.53    0.21        1.47   33590000
1181  2023-02-24 14.53 14.53 13.95  14.05   -0.48       -3.30   14597600
1182  2023-02-27 13.78 13.88 13.48  13.58   -0.47       -3.35   31316100
1183  2023-02-28 13.82 13.85 13.44  13.51   -0.07       -0.52   15217600
1184  2023-03-01 13.51 14.12 13.38  14.12    0.61        4.52   18619900
1185  2023-03-02 14.19 14.26 13.92  13.92   -0.20       -1.42    8867400
1186  2023-03-03 14.05 14.26 13.75  13.75   -0.17       -1.22   13608400
1187  2023-03-06 13.95 14.09 13.78  13.78    0.03        0.22   11366800
1188  2023-03-07 13.92 14.42 13.88  14.26    0.48        3.48   29323900
1189  2023-03-08 14.12 14.32 14.05  14.32    0.06        0.42   16159600
1190  2023-03-09 14.32 14.56 14.32  14.32    0.00        0.00   23274800
1191  2023-03-10 14.29 14.49 14.19  14.39    0.07        0.49   22458300
1192  2023-03-13 14.22 14.46 14.12  14.26   -0.13       -0.90   20930300
1193  2023-03-14 14.22 14.26 13.65  13.72   -0.54       -3.79   30865700
1194  2023-03-15 14.05 14.39 13.92  14.39    0.67        4.88   26779400
1195  2023-03-16 14.19 14.26 13.85  14.09   -0.30       -2.08   30247400
1196  2023-03-17 14.22 14.22 13.78  13.78   -0.31       -2.20   33958600
1197  2023-03-20 13.78 13.92 13.51  13.51   -0.27       -1.96   22988900
1198  2023-03-21 13.65 13.88 13.41  13.82    0.31        2.29   19060600
1199  2023-03-22 13.88 13.92 13.61  13.72   -0.10       -0.72   12857700
1200  2023-03-23 13.65 13.78 13.55  13.78    0.06        0.44   10743900
1201  2023-03-24 13.82 13.85 13.72  13.78    0.00        0.00   13689600
1202  2023-03-27 13.78 14.12 13.75  14.05    0.27        1.96   20268000
1203  2023-03-28 14.12 14.19 13.98  13.98   -0.07       -0.50   12329100
1204  2023-03-29 13.98 14.26 13.98  14.05    0.07        0.50   17942900
1205  2023-03-30 14.19 14.29 14.02  14.05    0.00        0.00   20958100
1206  2023-03-31 14.05 14.12 13.75  14.05    0.00        0.00   23770300
1207  2023-04-03 14.22 14.26 14.09  14.19    0.14        1.00   21370500
1208  2023-04-04 14.29 14.32 14.15  14.26    0.07        0.49   19864400
1209  2023-04-05 14.26 14.53 14.15  14.53    0.27        1.89   25522700
1210  2023-04-06 14.56 14.80 14.46  14.53    0.00        0.00   27838900
1211  2023-04-07 14.53 14.59 14.26  14.32   -0.21       -1.45   18563000
1212  2023-04-10 14.36 14.42 13.92  13.98   -0.34       -2.37   26545700
1213  2023-04-11 13.98 14.09 13.92  14.05    0.07        0.50   14416200
1214  2023-04-12 14.12 14.12 13.95  14.02   -0.03       -0.21   10638200
1215  2023-04-13 14.05 14.05 13.75  13.82   -0.20       -1.43   14712400
1216  2023-04-14 13.88 14.09 13.85  13.95    0.13        0.94   13607900
1217  2023-04-17 13.92 14.12 13.92  14.09    0.14        1.00    9275500
1218  2023-04-18 14.12 14.19 14.05  14.15    0.06        0.43   11571700
1219  2023-04-19 14.22 14.22 14.05  14.05   -0.10       -0.71   10479100
1220  2023-04-20 14.05 14.12 14.02  14.05    0.00        0.00    6549700
1221  2023-04-21 14.05 14.09 13.98  13.98   -0.07       -0.50   11143900
1222  2023-04-24 13.98 14.05 13.88  13.95   -0.03       -0.21   10575100
1223  2023-04-25 14.05 14.36 13.98  14.22    0.27        1.94   18462200
1224  2023-04-26 14.22 14.86 14.12  14.86    0.64        4.50   26818700
1225  2023-04-27 14.86 14.86 14.59  14.66   -0.20       -1.35   17137300
1226  2023-04-28 14.66 14.73 14.46  14.63   -0.03       -0.20   15751900
1227  2023-05-04 14.49 14.59 14.32  14.39   -0.24       -1.64   16542400
1228  2023-05-05 14.39 14.66 14.32  14.49    0.10        0.69   10786600
1229  2023-05-08 14.56 14.69 14.49  14.59    0.10        0.69   10451200
1230  2023-05-09 14.59 14.96 14.59  14.73    0.14        0.96   22413800
1231  2023-05-10 14.73 14.80 14.63  14.66   -0.07       -0.48    8739000
1232  2023-05-11 14.73 14.83 14.59  14.69    0.03        0.20   13640100
1233  2023-05-12 14.69 15.20 14.59  15.10    0.41        2.79   45105300
1234  2023-05-15 15.17 15.27 14.93  14.93   -0.17       -1.13   17693100
1235  2023-05-16 14.93 15.07 14.80  14.86   -0.07       -0.47   17805000
1236  2023-05-17 14.86 14.93 14.69  14.73   -0.13       -0.87   25998700
1237  2023-05-18 14.80 15.00 14.73  14.83    0.10        0.68   18610700
1238  2023-05-19 14.86 14.93 14.63  14.73   -0.10       -0.67   11513300
1239  2023-05-22 14.73 14.93 14.69  14.80    0.07        0.48   14869400
1240  2023-05-23 14.83 14.90 14.59  14.66   -0.14       -0.95   13620100
1241  2023-05-24 14.80 14.80 14.39  14.39   -0.27       -1.84   20272100
1242  2023-05-25 14.39 14.49 14.32  14.32   -0.07       -0.49   13258500
1243  2023-05-26 14.39 14.46 14.09  14.26   -0.06       -0.42   16088200
1244  2023-05-29 14.39 14.49 14.32  14.49    0.23        1.61   11091800
1245  2023-05-30 14.53 14.59 14.36  14.42   -0.07       -0.48   13457900
1246  2023-05-31 14.46 14.49 14.29  14.32   -0.10       -0.69   13085700
1247  2023-06-01 14.29 14.46 14.22  14.46    0.14        0.98   10836200
1248  2023-06-02 14.53 14.73 14.49  14.59    0.13        0.90   18866500
1249  2023-06-05 14.73 14.90 14.59  14.63    0.04        0.27   20044300
1250  2023-06-06 14.66 14.76 14.56  14.69    0.06        0.41   11799900
1251  2023-06-07 14.86 15.40 14.86  15.27    0.58        3.95   55514600
1252  2023-06-08 15.34 15.64 15.34  15.40    0.13        0.85   42521400
1253  2023-06-09 15.40 15.47 15.20  15.47    0.07        0.45   23873600
1254  2023-06-12 15.61 15.64 15.20  15.50    0.03        0.19   22219200
1255  2023-06-13 15.54 15.84 15.47  15.81    0.31        2.00   36944400
1256  2023-06-14 15.84 15.84 15.61  15.61   -0.20       -1.27   23475800
1257  2023-06-15 15.54 15.71 15.54  15.64    0.03        0.19   17473300
1258  2023-06-16 15.71 16.08 15.64  15.84    0.20        1.28   33010000
1259  2023-06-19 15.84 15.88 15.74  15.78   -0.06       -0.38   13180900
1260  2023-06-20 15.78 15.98 15.74  15.98    0.20        1.27   14608300
1261  2023-06-21 16.01 16.65 15.88  16.62    0.64        4.01   35605900
1262  2023-06-22 16.69 16.86 16.45  16.79    0.17        1.02   23036300
1263  2023-06-23 16.79 17.26 16.72  17.16    0.37        2.20   29157300
1264  2023-06-26 17.16 17.23 16.69  17.02   -0.14       -0.82   20399200
1265  2023-06-27 17.13 17.43 16.96  17.43    0.41        2.41   19943100
1266  2023-06-28 17.57 18.04 17.50  17.97    0.54        3.10   30313300
1267  2023-06-29 18.00 18.04 17.43  17.43   -0.54       -3.01   36803700
1268  2023-06-30 17.36 17.70 17.33  17.67    0.24        1.38   23068600
1269  2023-07-03 17.70 17.87 17.50  17.70    0.03        0.17   17057100
1270  2023-07-04 17.67 17.74 17.50  17.74    0.04        0.23   19728200
1271  2023-07-05 17.84 18.38 17.74  18.21    0.47        2.65   31804000
1272  2023-07-06 18.17 18.34 17.90  18.24    0.03        0.16   27611200
1273  2023-07-07 18.17 18.55 17.90  18.55    0.31        1.70   22614600
1274  2023-07-10 18.55 18.88 18.48  18.71    0.16        0.86   24267700
1275  2023-07-11 18.78 18.95 18.41  18.44   -0.27       -1.44   24014300
1276  2023-07-12 18.44 18.55 18.00  18.24   -0.20       -1.08   27758200
1277  2023-07-13 18.58 18.58 18.17  18.27    0.03        0.16   14006900
1278  2023-07-14 18.34 18.58 18.27  18.58    0.31        1.70   17078400
1279  2023-07-17 18.71 18.75 18.38  18.44   -0.14       -0.75   12534900
1280  2023-07-18 18.44 18.48 18.27  18.38   -0.06       -0.33   12402500
1281  2023-07-19 18.31 18.71 18.27  18.51    0.13        0.71   15378300
1282  2023-07-20 18.44 19.05 18.44  19.05    0.54        2.92   30865300
1283  2023-07-21 19.15 19.19 18.98  19.19    0.14        0.73   18455900
1284  2023-07-24 19.22 19.32 18.92  19.09   -0.10       -0.52   17164400
1285  2023-07-25 19.09 19.15 18.92  19.09    0.00        0.00   20225200
1286  2023-07-26 19.09 19.22 19.02  19.19    0.10        0.52   22868600
1287  2023-07-27 19.19 19.39 18.98  19.19    0.00        0.00   21315900
1288  2023-07-28 19.19 19.32 19.02  19.12   -0.07       -0.36   22702200
1289  2023-07-31 19.05 19.09 18.48  19.05   -0.07       -0.37   45529400
1290  2023-08-01 18.98 18.98 18.58  18.58   -0.47       -2.47   28011400
1291  2023-08-02 18.51 18.82 18.41  18.58    0.00        0.00   18524000
1292  2023-08-03 18.48 18.58 17.90  18.14   -0.44       -2.37   58029600
1293  2023-08-04 18.11 18.58 18.11  18.48    0.34        1.87   22170700
1294  2023-08-07 18.61 18.75 18.44  18.61    0.13        0.70   23091900
1295  2023-08-08 18.65 18.85 18.34  18.38   -0.23       -1.24   25568400
1296  2023-08-09 18.38 18.82 18.27  18.78    0.40        2.18   42662800
1297  2023-08-10 18.85 18.85 18.44  18.48   -0.30       -1.60   17064700
1298  2023-08-11 18.51 18.75 18.34  18.71    0.23        1.24   23382000
1299  2023-08-14 18.78 19.15 18.68  19.02    0.31        1.66   44946400
1300  2023-08-15 19.02 19.09 18.82  18.88   -0.14       -0.74   17938500
1301  2023-08-16 18.88 18.92 18.68  18.88    0.00        0.00   14994500
1302  2023-08-17 18.92 19.39 18.92  18.98    0.10        0.53   46604700
1303  2023-08-18 18.85 18.92 17.70  17.90   -1.08       -5.69   46358400
1304  2023-08-21 17.87 17.94 17.50  17.70   -0.20       -1.12   31441300
1305  2023-08-22 17.70 17.80 16.96  17.67   -0.03       -0.17   35171700
1306  2023-08-23 17.80 17.87 17.33  17.33   -0.34       -1.92   21774300
1307  2023-08-24 17.33 17.77 17.30  17.77    0.44        2.54   16596900
1308  2023-08-25 17.70 17.84 17.53  17.53   -0.24       -1.35   21847700
1309  2023-08-28 17.57 18.14 17.57  18.14    0.61        3.48   22819800
1310  2023-08-29 18.17 18.34 18.04  18.24    0.10        0.55   17969600
1311  2023-08-30 18.24 18.41 18.07  18.38    0.14        0.77   20143600
1312  2023-08-31 18.51 18.85 18.44  18.65    0.27        1.47   25934100
1313  2023-09-05 18.78 18.88 18.41  18.78    0.13        0.70   24501600
1314  2023-09-06 18.75 19.59 18.51  19.59    0.81        4.31   52574600
1315  2023-09-07 19.59 19.80 19.26  19.36   -0.23       -1.17   33671800
1316  2023-09-08 19.26 19.69 19.19  19.42    0.06        0.31   33793700
1317  2023-09-11 19.59 19.63 18.75  18.92   -0.50       -2.57   47697500
1318  2023-09-12 18.92 19.42 18.71  19.42    0.50        2.64   22615400
1319  2023-09-13 19.46 19.86 19.09  19.19   -0.23       -1.18   49193400
1320  2023-09-14 19.19 19.29 18.75  18.78   -0.41       -2.14   34684000
1321  2023-09-15 18.85 18.98 18.65  18.65   -0.13       -0.69   24750600
1322  2023-09-18 18.65 18.98 18.38  18.65    0.00        0.00   20891200
1323  2023-09-19 18.92 19.02 18.58  19.02    0.37        1.98   21032900
1324  2023-09-20 19.02 19.29 18.95  19.19    0.17        0.89   26600700
1325  2023-09-21 19.19 19.66 19.02  19.19    0.00        0.00   42921200
1326  2023-09-22 18.75 18.88 18.07  18.44   -0.75       -3.91   50583500
1327  2023-09-25 18.24 18.58 17.36  17.57   -0.87       -4.72   36873300
1328  2023-09-26 17.46 18.11 17.46  17.70    0.13        0.74   30838600
1329  2023-09-27 17.67 18.04 17.67  17.90    0.20        1.13   20325300
1330  2023-09-28 17.97 18.14 17.70  17.97    0.07        0.39   16562600
1331  2023-09-29 18.11 18.14 17.74  17.77   -0.20       -1.11   15019100
1332  2023-10-02 17.77 17.87 17.57  17.70   -0.07       -0.39   11412300
1333  2023-10-03 17.63 17.63 16.69  16.76   -0.94       -5.31   40638000
1334  2023-10-04 16.55 17.23 16.22  17.06    0.30        1.79   21095200
1335  2023-10-05 17.16 17.23 16.79  16.82   -0.24       -1.41   10424100
1336  2023-10-06 16.79 17.09 16.65  16.86    0.04        0.24   15250000
1337  2023-10-09 16.86 17.30 16.86  17.23    0.37        2.19   11432000
1338  2023-10-10 17.36 17.74 17.30  17.57    0.34        1.97   20004700
1339  2023-10-11 17.67 17.74 17.43  17.70    0.13        0.74   13502200
1340  2023-10-12 17.77 17.77 17.30  17.43   -0.27       -1.53   22054300
1341  2023-10-13 17.30 17.40 16.92  17.40   -0.03       -0.17   19572000
1342  2023-10-16 17.40 17.43 16.89  16.89   -0.51       -2.93   16205000
1343  2023-10-17 17.02 17.19 16.76  16.76   -0.13       -0.77   14705500
1344  2023-10-18 16.76 16.86 15.67  16.22   -0.54       -3.22   30930100
1345  2023-10-19 16.28 16.35 15.84  16.01   -0.21       -1.29   20808100
1346  2023-10-20 16.01 16.45 15.78  16.45    0.44        2.75   16369100
1347  2023-10-23 16.45 16.45 16.01  16.22   -0.23       -1.40   11948700
1348  2023-10-24 16.25 16.48 15.98  16.22    0.00        0.00    9713100
1349  2023-10-25 16.25 16.62 16.25  16.25    0.03        0.18   12062100
1350  2023-10-26 16.08 16.11 15.27  15.40   -0.85       -5.23   31030600
1351  2023-10-27 15.71 15.88 15.44  15.78    0.38        2.47   15016200
1352  2023-10-30 15.78 16.05 15.54  15.54   -0.24       -1.52   16173500
1353  2023-10-31 15.88 15.88 15.47  15.54    0.00        0.00   20792000
1354  2023-11-01 15.54 16.18 15.50  16.18    0.64        4.12   19143800
1355  2023-11-02 16.35 17.30 16.28  17.06    0.88        5.44   26641800
1356  2023-11-03 17.16 17.23 16.72  16.96   -0.10       -0.59   20498300
1357  2023-11-06 17.13 17.50 17.02  17.40    0.44        2.59   20380200
1358  2023-11-07 17.43 17.70 17.19  17.43    0.03        0.17   19861700
1359  2023-11-08 17.43 18.21 17.30  18.21    0.78        4.48   34851200
1360  2023-11-09 18.21 18.51 17.97  18.04   -0.17       -0.93   31361600
1361  2023-11-10 17.84 18.31 17.80  17.90   -0.14       -0.78   28030400
1362  2023-11-13 17.90 18.65 17.90  18.38    0.48        2.68   44000700
1363  2023-11-14 18.51 18.58 18.04  18.24   -0.14       -0.76   23257200
1364  2023-11-15 18.61 18.78 18.24  18.24    0.00        0.00   34617300
1365  2023-11-16 18.14 18.38 18.11  18.38    0.14        0.77   16261000
1366  2023-11-17 18.38 18.51 17.77  17.90   -0.48       -2.61   38532000
1367  2023-11-20 17.63 18.17 17.63  18.00    0.10        0.56   18250000
1368  2023-11-21 18.24 18.58 18.21  18.27    0.27        1.50   26703200
1369  2023-11-22 18.24 18.38 18.17  18.38    0.11        0.60   17015100
1370  2023-11-23 18.44 18.48 17.46  17.46   -0.92       -5.01   21684500
1371  2023-11-24 17.57 17.84 17.26  17.84    0.38        2.18   26228500
1372  2023-11-27 17.90 18.07 17.70  17.77   -0.07       -0.39   16724600
1373  2023-11-28 17.84 18.04 17.60  18.04    0.27        1.52   18863600
1374  2023-11-29 18.04 18.31 18.00  18.24    0.20        1.11   22503000
1375  2023-11-30 18.31 18.38 17.94  17.94   -0.30       -1.64   21208100
1376  2023-12-01 18.11 18.31 17.87  18.17    0.23        1.28   15400100
1377  2023-12-04 18.38 18.75 18.27  18.58    0.41        2.26   42341900
1378  2023-12-05 18.58 18.61 18.34  18.41   -0.17       -0.91   22511100
1379  2023-12-06 18.41 18.65 18.38  18.65    0.24        1.30   18648100
1380  2023-12-07 18.68 18.85 18.21  18.65    0.00        0.00   49430900
1381  2023-12-08 18.78 19.09 18.58  18.71    0.06        0.32   52783700
1382  2023-12-11 18.71 18.78 18.44  18.58   -0.13       -0.69   17845400
1383  2023-12-12 18.58 19.05 18.58  18.88    0.30        1.61   31681800
1384  2023-12-13 18.98 19.05 18.44  18.48   -0.40       -2.12   33347700
1385  2023-12-14 18.61 18.61 18.27  18.27   -0.21       -1.14   31777500
1386  2023-12-15 18.31 18.38 18.07  18.11   -0.16       -0.88   34686700
1387  2023-12-18 18.17 18.24 17.97  17.97   -0.14       -0.77   14875800
1388  2023-12-19 17.97 18.38 17.94  18.38    0.41        2.28   20496200
1389  2023-12-20 18.38 18.48 18.31  18.38    0.00        0.00   17661600
1390  2023-12-21 18.31 18.44 18.21  18.38    0.00        0.00   14307400
1391  2023-12-22 18.38 18.48 18.27  18.27   -0.11       -0.60   17429100
1392  2023-12-25 18.34 18.65 18.34  18.55    0.28        1.53   20407300
1393  2023-12-26 18.51 18.85 18.51  18.78    0.23        1.24   33743700
1394  2023-12-27 18.82 18.92 18.75  18.75   -0.03       -0.16   19852100
1395  2023-12-28 18.75 19.05 18.68  18.88    0.13        0.69   31308200
1396  2023-12-29 18.88 18.98 18.78  18.88    0.00        0.00   20467100
1397  2024-01-02 18.98 19.02 18.55  18.55   -0.33       -1.75   22187200
1398  2024-01-03 18.51 18.78 18.51  18.78    0.23        1.24   18575400
1399  2024-01-04 18.78 18.98 18.71  18.75   -0.03       -0.16   38538700
1400  2024-01-05 18.75 18.85 18.61  18.78    0.03        0.16   17333400
1401  2024-01-08 18.88 19.09 18.82  18.82    0.04        0.21   31243900
1402  2024-01-09 18.85 18.88 18.58  18.71   -0.11       -0.58   28623900
1403  2024-01-10 18.71 18.75 18.41  18.48   -0.23       -1.23   32642500
1404  2024-01-11 18.55 18.68 18.51  18.58    0.10        0.54   15264900
1405  2024-01-12 18.48 18.55 18.27  18.34   -0.24       -1.29   28626500
1406  2024-01-15 18.38 18.55 18.31  18.31   -0.03       -0.16   12497100
1407  2024-01-16 18.31 18.78 18.27  18.78    0.47        2.57   19767200
1408  2024-01-17 18.82 18.88 18.68  18.68   -0.10       -0.53   23410200
1409  2024-01-18 18.71 18.82 18.65  18.68    0.00        0.00   12639000
1410  2024-01-19 18.75 18.85 18.65  18.78    0.10        0.54   14859900
1411  2024-01-22 18.92 19.36 18.82  19.12    0.34        1.81   66067900
1412  2024-01-23 19.22 19.26 19.09  19.15    0.03        0.16   21678300
1413  2024-01-24 19.12 19.26 19.09  19.09   -0.06       -0.31   16136900
1414  2024-01-25 19.09 19.19 18.92  19.09    0.00        0.00   15227000
1415  2024-01-26 19.19 19.26 19.09  19.15    0.06        0.31   14372300
1416  2024-01-29 19.15 19.19 18.92  18.92   -0.23       -1.20   21575000
1417  2024-01-30 18.92 18.98 18.82  18.92    0.00        0.00   17529200
1418  2024-01-31 18.88 18.98 18.75  18.75   -0.17       -0.90   24456900
1419  2024-02-01 18.75 18.98 18.71  18.82    0.07        0.37   10636100
1420  2024-02-02 18.71 18.98 18.71  18.85    0.03        0.16   14162200
1421  2024-02-05 18.85 19.12 18.85  18.92    0.07        0.37   16231200
1422  2024-02-06 19.02 19.09 18.92  18.95    0.03        0.16   14660300
1423  2024-02-07 18.95 19.12 18.95  19.02    0.07        0.37   13808300
1424  2024-02-15 19.12 19.52 19.09  19.39    0.37        1.95   36985800
1425  2024-02-16 19.42 19.46 19.32  19.32   -0.07       -0.36   16718800
1426  2024-02-19 19.36 19.86 19.22  19.73    0.41        2.12   42276100
1427  2024-02-20 19.73 19.83 19.63  19.73    0.00        0.00   21391700
1428  2024-02-21 19.66 19.69 19.39  19.46   -0.27       -1.37   31579600
1429  2024-02-22 19.39 19.46 19.29  19.29   -0.17       -0.87   22413300
1430  2024-02-23 19.29 19.49 19.19  19.19   -0.10       -0.52   27300800
1431  2024-02-26 19.19 19.46 19.12  19.46    0.27        1.41   19221700
1432  2024-02-27 19.52 20.57 19.46  20.50    1.04        5.34   86841500
1433  2024-02-28 20.54 20.91 20.37  20.67    0.17        0.83   35201800
1434  2024-02-29 20.78 21.04 20.61  20.94    0.27        1.31   33580500
1435  2024-03-01 21.08 21.08 20.71  20.84   -0.10       -0.48   26958700
1436  2024-03-04 20.94 21.21 20.74  20.81   -0.03       -0.14   28579500
1437  2024-03-05 20.81 21.15 20.74  21.04    0.23        1.11   29917200
1438  2024-03-06 21.01 21.04 20.61  20.81   -0.23       -1.09   28059400
1439  2024-03-07 20.74 21.18 20.67  20.94    0.13        0.62   32262200
1440  2024-03-08 20.94 20.98 20.44  20.47   -0.47       -2.24   47322200
1441  2024-03-11 20.47 20.67 20.13  20.20   -0.27       -1.32   30415100
1442  2024-03-12 20.17 20.54 20.13  20.40    0.20        0.99   30135400
1443  2024-03-13 20.40 20.84 20.34  20.81    0.41        2.01   29367000
1444  2024-03-14 20.88 20.88 20.44  20.50   -0.31       -1.49   30774000
1445  2024-03-15 20.50 20.74 20.27  20.34   -0.16       -0.78   35823700
1446  2024-03-18 20.37 20.40 19.59  20.00   -0.34       -1.67   50100700
1447  2024-03-19 19.93 20.67 19.86  20.13    0.13        0.65   26973500
1448  2024-03-20 20.17 20.34 20.10  20.27    0.14        0.70   12971200
1449  2024-03-21 20.50 20.64 20.34  20.44    0.17        0.84   19972600
1450  2024-03-22 20.50 20.74 20.40  20.64    0.20        0.98   37384100
1451  2024-03-25 20.64 20.91 20.30  20.40   -0.24       -1.16   21350200
1452  2024-03-26 20.40 20.64 20.34  20.64    0.24        1.18   11976300
1453  2024-03-27 20.88 21.01 20.67  20.67    0.03        0.15   24329500
1454  2024-03-28 20.84 20.84 20.57  20.64   -0.03       -0.15   19113700
1455  2024-03-29 20.67 20.67 20.44  20.44   -0.20       -0.97   14821800
1456  2024-04-01 20.40 20.50 20.23  20.34   -0.10       -0.49   20759400
1457  2024-04-02 20.20 20.54 20.13  20.54    0.20        0.98   26298400
1458  2024-04-03 20.50 20.57 20.23  20.23   -0.31       -1.51   21489800
1459  2024-04-04 20.23 20.30 19.96  20.00   -0.23       -1.14   26371300
1460  2024-04-05 19.90 20.10 19.76  19.90   -0.10       -0.50   24018800
1461  2024-04-08 19.90 20.13 19.80  20.00    0.10        0.50   16708800
1462  2024-04-09 20.00 20.20 19.96  20.20    0.20        1.00    9838000
1463  2024-04-10 20.23 20.34 20.03  20.03   -0.17       -0.84   11134400
1464  2024-04-11 19.90 20.37 19.90  20.20    0.17        0.85   19246200
1465  2024-04-12 20.27 20.34 20.17  20.23    0.03        0.15   13916900
1466  2024-04-15 20.17 20.23 18.98  19.26   -0.97       -4.79   31107300
1467  2024-04-16 19.26 19.29 18.82  19.15   -0.11       -0.57   33424200
1468  2024-04-17 19.26 19.29 18.85  18.92   -0.23       -1.20   15575000
1469  2024-04-19 18.78 19.15 18.58  18.78   -0.14       -0.74   26138500
1470  2024-04-22 19.05 19.05 18.82  18.92    0.14        0.75   12390900
1471  2024-04-23 18.92 18.95 18.55  18.65   -0.27       -1.43   18359900
1472  2024-04-24 18.85 19.56 18.75  19.46    0.81        4.34   23052000
1473  2024-04-25 19.39 19.39 19.12  19.29   -0.17       -0.87   11236400
1474  2024-04-26 19.12 19.29 18.95  19.19   -0.10       -0.52   18304000
1475  2024-05-02 19.19 19.19 18.95  19.15   -0.04       -0.21    7322100
1476  2024-05-03 19.15 19.66 19.15  19.36    0.21        1.10   16714800
1477  2024-05-06 19.49 19.83 19.46  19.80    0.44        2.27   27108200
1478  2024-05-07 19.86 20.40 19.76  20.37    0.57        2.88   30139200
1479  2024-05-08 20.37 20.94 20.10  20.74    0.37        1.82   34289800
1480  2024-05-09 20.88 20.88 20.30  20.57   -0.17       -0.82   19422700
1481  2024-05-10 20.67 20.71 20.23  20.57    0.00        0.00   18981900
1482  2024-05-13 20.64 20.71 20.34  20.40   -0.17       -0.83   13171500
1483  2024-05-14 20.54 20.74 20.34  20.40    0.00        0.00   15664000
1484  2024-05-15 20.44 21.18 20.44  21.08    0.68        3.33   45110300
1485  2024-05-16 21.35 21.52 21.25  21.35    0.27        1.28   27403900
1486  2024-05-17 21.35 21.35 21.04  21.35    0.00        0.00   28640900
1487  2024-05-20 21.38 21.72 21.35  21.62    0.27        1.26   46490000
1488  2024-05-21 21.62 21.62 21.25  21.52   -0.10       -0.46   20863500
1489  2024-05-22 21.52 21.59 21.04  21.15   -0.37       -1.72   39782700
1490  2024-05-23 21.44 21.93 21.26  21.93    0.78        3.69   37870200
1491  2024-05-24 21.78 21.93 21.18  21.48   -0.45       -2.05   30151700
1492  2024-05-27 21.48 21.78 21.30  21.48    0.00        0.00   15759100
1493  2024-05-28 21.56 21.70 21.41  21.67    0.19        0.88   17564600
1494  2024-05-29 21.63 21.74 21.26  21.26   -0.41       -1.89   21599400
1495  2024-05-30 21.18 21.22 20.81  21.00   -0.26       -1.22   27257700
1496  2024-05-31 21.11 21.41 20.85  21.26    0.26        1.24   17736800
1497  2024-06-03 21.41 21.63 21.41  21.56    0.30        1.41   20634500
1498  2024-06-04 21.56 22.15 21.56  21.78    0.22        1.02   39654300
1499  2024-06-05 21.78 21.93 21.63  21.74   -0.04       -0.18   19195800
1500  2024-06-06 21.74 22.04 21.48  21.78    0.04        0.18   20822600
1501  2024-06-07 21.82 21.85 21.63  21.78    0.00        0.00   14882900
1502  2024-06-10 21.85 21.89 21.67  21.78    0.00        0.00   20259700
1503  2024-06-11 21.85 22.04 21.59  21.63   -0.15       -0.69   26986400
1504  2024-06-12 21.56 22.00 21.56  22.00    0.37        1.71   19284400
1505  2024-06-13 22.04 22.08 21.78  21.93   -0.07       -0.32   20548700
1506  2024-06-14 21.93 22.26 21.63  21.63   -0.30       -1.37   34292400
1507  2024-06-17 21.63 22.26 21.56  21.89    0.26        1.20   34373100
1508  2024-06-18 21.93 22.08 21.85  21.85   -0.04       -0.18   16534100
1509  2024-06-19 21.93 21.96 21.74  21.82   -0.03       -0.14   19178300
1510  2024-06-20 21.74 21.85 21.52  21.82    0.00        0.00   27774000
1511  2024-06-21 21.82 21.82 21.56  21.59   -0.23       -1.05   14287400
1512  2024-06-24 21.56 21.63 21.00  21.33   -0.26       -1.20   37846100
1513  2024-06-25 21.26 21.59 21.18  21.33    0.00        0.00   16655000
1514  2024-06-26 21.37 21.70 21.26  21.48    0.15        0.70   19746800
1515  2024-06-27 21.56 21.59 21.33  21.44   -0.04       -0.19   10080500
1516  2024-06-28 21.37 21.48 21.04  21.04   -0.40       -1.87   22182300
1517  2024-07-01 21.04 21.18 20.85  21.07    0.03        0.14   13557400
1518  2024-07-02 21.07 21.44 21.00  21.33    0.26        1.23   21258400
1519  2024-07-03 21.56 21.63 21.33  21.37    0.04        0.19   17252800
1520  2024-07-04 21.44 21.59 21.26  21.33   -0.04       -0.19    9353000
1521  2024-07-05 21.33 21.52 21.26  21.30   -0.03       -0.14   12362300
1522  2024-07-08 21.33 21.59 21.30  21.41    0.11        0.52   18430100
1523  2024-07-09 21.41 21.70 21.37  21.56    0.15        0.70   22548200
1524  2024-07-10 21.63 21.93 21.52  21.52   -0.04       -0.19   30969800
1525  2024-07-11 21.67 21.74 21.44  21.44   -0.08       -0.37   14512000
1526  2024-07-12 21.48 21.52 21.15  21.18   -0.26       -1.21   18050400
1527  2024-07-15 21.22 21.37 20.96  21.15   -0.03       -0.14   16287600
1528  2024-07-16 21.18 21.30 21.11  21.15    0.00        0.00   12327400
1529  2024-07-17 21.22 21.26 20.52  20.96   -0.19       -0.90   25546900
1530  2024-07-18 20.96 21.15 20.85  21.11    0.15        0.72   20477300
1531  2024-07-19 21.11 21.11 20.96  20.96   -0.15       -0.71   11865200
1532  2024-07-22 20.89 20.96 20.63  20.85   -0.11       -0.52   18399400
1533  2024-07-23 20.85 20.96 20.66  20.66   -0.19       -0.91   15056900
1534  2024-07-24 20.63 20.78 20.14  20.59   -0.07       -0.34   19233100
1535  2024-07-25 20.52 20.55 20.29  20.33   -0.26       -1.26   13319700
1536  2024-07-26 20.33 20.55 20.33  20.40    0.07        0.34    8806900
1537  2024-07-29 20.55 20.89 20.52  20.74    0.34        1.67   15443700
1538  2024-07-30 20.81 20.96 20.74  20.74    0.00        0.00   15542800
1539  2024-07-31 20.74 20.74 20.14  20.22   -0.52       -2.51   24285900
1540  2024-08-01 20.44 20.55 19.77  19.85   -0.37       -1.83   30480400
1541  2024-08-02 19.81 20.29 19.70  20.26    0.41        2.07   17545800
1542  2024-08-05 19.92 19.96 19.18  19.29   -0.97       -4.79   45610000
1543  2024-08-06 19.36 19.66 19.21  19.55    0.26        1.35   19759200
1544  2024-08-07 19.66 19.66 19.29  19.36   -0.19       -0.97   15411700
1545  2024-08-08 19.29 19.40 18.99  19.03   -0.33       -1.70   21915800
1546  2024-08-09 19.25 19.40 19.10  19.36    0.33        1.73   12123200
1547  2024-08-12 19.36 19.40 19.10  19.21   -0.15       -0.77   12576000
1548  2024-08-13 19.25 19.29 18.73  18.88   -0.33       -1.72   26244600
1549  2024-08-14 18.95 19.10 18.80  18.92    0.04        0.21   13691400
1550  2024-08-15 18.92 18.92 18.73  18.73   -0.19       -1.00   16229400
1551  2024-08-16 18.73 19.10 18.58  19.03    0.30        1.60   36326600
1552  2024-08-19 19.18 19.59 19.10  19.21    0.18        0.95   24427500
1553  2024-08-20 19.32 19.47 19.18  19.18   -0.03       -0.16   20447900
1554  2024-08-21 19.21 19.51 19.18  19.44    0.26        1.36   24811600
1555  2024-08-22 19.47 19.51 19.10  19.14   -0.30       -1.54   24029400
1556  2024-08-23 19.14 19.36 18.88  19.36    0.22        1.15   22408300
1557  2024-08-26 19.44 19.62 19.29  19.32   -0.04       -0.21   21643500
1558  2024-08-27 19.32 19.36 19.10  19.14   -0.18       -0.93   12450500
1559  2024-08-28 19.21 19.29 19.07  19.10   -0.04       -0.21   18656100
1560  2024-08-29 19.18 19.29 19.03  19.03   -0.07       -0.37   16163400
1561  2024-08-30 19.10 19.14 18.95  18.95   -0.08       -0.42   17965500
1562  2024-09-04 18.80 18.92 18.66  18.77   -0.18       -0.95   19062500
1563  2024-09-05 18.84 18.84 18.58  18.62   -0.15       -0.80   22563500
1564  2024-09-06 18.62 18.88 18.40  18.88    0.26        1.40   22851500
1565  2024-09-09 18.88 19.47 18.80  19.03    0.15        0.79   32645800
1566  2024-09-10 19.14 19.21 18.69  18.69   -0.34       -1.79   15019200
1567  2024-09-11 18.69 18.99 18.62  18.84    0.15        0.80   14212700
1568  2024-09-12 18.88 18.99 18.66  18.66   -0.18       -0.96    9035800
1569  2024-09-13 18.69 18.80 18.58  18.58   -0.08       -0.43   12428200
1570  2024-09-16 18.58 18.77 18.47  18.47   -0.11       -0.59   14573600
1571  2024-09-17 18.51 18.77 18.43  18.77    0.30        1.62   13173400
1572  2024-09-18 18.77 18.84 18.66  18.66   -0.11       -0.59   13234500
1573  2024-09-19 18.80 18.95 18.73  18.77    0.11        0.59   13677300
1574  2024-09-20 18.95 19.36 18.92  19.07    0.30        1.60   44588800
1575  2024-09-23 19.18 19.40 19.10  19.10    0.03        0.16   15513400
1576  2024-09-24 19.10 19.21 19.07  19.21    0.11        0.58   10647000
1577  2024-09-25 19.40 19.62 19.36  19.47    0.26        1.35   41009200
1578  2024-09-26 19.55 19.66 19.36  19.36   -0.11       -0.56   21745200
1579  2024-09-27 19.44 19.55 19.25  19.36    0.00        0.00   30540100
1580  2024-09-30 19.47 19.77 19.44  19.59    0.23        1.19   37425200
1581  2024-10-01 19.92 20.07 19.81  19.88    0.29        1.48   37852700
1582  2024-10-02 19.85 19.85 19.55  19.55   -0.33       -1.66   21285700
1583  2024-10-03 19.66 19.81 19.40  19.47   -0.08       -0.41   26798500
1584  2024-10-04 19.47 19.70 19.40  19.47    0.00        0.00   17555300
1585  2024-10-07 19.62 19.70 19.47  19.62    0.15        0.77   12466400
1586  2024-10-08 19.62 20.14 19.59  20.03    0.41        2.09   38169900
1587  2024-10-09 20.18 20.44 20.11  20.44    0.41        2.05   41613700
1588  2024-10-10 20.52 20.59 20.26  20.26   -0.18       -0.88   23823900
1589  2024-10-11 20.33 20.40 20.07  20.29    0.03        0.15   15761800
1590  2024-10-14 20.33 20.40 20.11  20.11   -0.18       -0.89   17974700
1591  2024-10-15 20.37 20.40 20.18  20.18    0.07        0.35   20160900
1592  2024-10-16 20.18 20.29 20.14  20.14   -0.04       -0.20   11628300
1593  2024-10-17 20.18 20.26 19.88  20.26    0.12        0.60   20560900
1594  2024-10-18 20.26 20.29 20.03  20.03   -0.23       -1.14   16242400
1595  2024-10-21 20.03 20.11 19.85  19.88   -0.15       -0.75   13894500
1596  2024-10-22 19.81 19.96 19.70  19.81   -0.07       -0.35   18315000
1597  2024-10-23 19.81 19.85 19.59  19.66   -0.15       -0.76   13607700
1598  2024-10-24 19.70 19.85 19.59  19.66    0.00        0.00   15898900
1599  2024-10-25 19.77 19.81 19.66  19.66    0.00        0.00    9445600
1600  2024-10-28 19.70 20.03 19.70  19.88    0.22        1.12   11933000
1601  2024-10-29 19.92 20.18 19.85  20.11    0.23        1.16   15733100
1602  2024-10-30 20.11 20.14 19.92  20.07   -0.04       -0.20   11066500
1603  2024-10-31 20.11 20.11 19.92  19.99   -0.08       -0.40   13325100
1604  2024-11-01 19.92 19.96 19.66  19.73   -0.26       -1.30   13201400
1605  2024-11-04 19.73 19.73 19.44  19.55   -0.18       -0.91   18309700
1606  2024-11-05 19.55 19.73 19.47  19.70    0.15        0.77    8094800
1607  2024-11-06 19.81 20.18 19.73  20.03    0.33        1.68   20992000
1608  2024-11-07 20.14 20.29 20.03  20.03    0.00        0.00   15984800
1609  2024-11-08 20.22 20.44 20.07  20.07    0.04        0.20   24762900
1610  2024-11-11 20.11 20.59 20.03  20.59    0.52        2.59   40877500
1611  2024-11-12 20.63 20.74 20.29  20.44   -0.15       -0.73   23963200
1612  2024-11-13 20.22 20.37 19.96  20.11   -0.33       -1.61   22287600
1613  2024-11-14 20.11 20.14 19.55  19.55   -0.56       -2.78   26564300
1614  2024-11-15 19.55 19.59 19.25  19.25   -0.30       -1.53   27604300
1615  2024-11-18 19.32 19.36 18.95  19.18   -0.07       -0.36   20599400
1616  2024-11-19 19.21 19.32 18.92  18.92   -0.26       -1.36   15842800
1617  2024-11-20 18.88 19.32 18.77  19.03    0.11        0.58   22750500
1618  2024-11-21 19.07 19.29 18.99  19.21    0.18        0.95   12777100
1619  2024-11-22 19.25 19.51 19.21  19.40    0.19        0.99   17266400
1620  2024-11-25 19.40 19.55 19.36  19.55    0.15        0.77   12830400
1621  2024-11-26 19.55 19.70 19.47  19.59    0.04        0.20   13180700
1622  2024-11-27 19.59 19.66 19.40  19.55   -0.04       -0.20    7966600
1623  2024-11-28 19.66 19.88 19.55  19.62    0.07        0.36   14131000
1624  2024-11-29 19.66 19.88 19.55  19.88    0.26        1.33   13877300
1625  2024-12-02 20.03 20.18 19.88  19.99    0.11        0.55   18575600
1626  2024-12-03 19.96 20.07 19.77  20.07    0.08        0.40   15812100
1627  2024-12-04 19.96 19.96 19.81  19.85   -0.22       -1.10   12508500
1628  2024-12-05 19.85 20.70 19.62  20.70    0.85        4.28   44746700
1629  2024-12-06 20.70 20.74 20.44  20.52   -0.18       -0.87   23751300
1630  2024-12-09 20.55 20.74 20.44  20.55    0.03        0.15   15948700
1631  2024-12-10 20.59 20.96 20.52  20.74    0.19        0.92   32689300
1632  2024-12-11 20.74 20.92 20.52  20.63   -0.11       -0.53   17031500
1633  2024-12-12 20.63 20.74 20.33  20.44   -0.19       -0.92   20965100
1634  2024-12-13 20.29 20.37 20.14  20.22   -0.22       -1.08   17265900
1635  2024-12-16 20.22 20.33 19.96  20.07   -0.15       -0.74   16652700
1636  2024-12-17 20.07 20.14 19.96  20.07    0.00        0.00   10809400
1637  2024-12-18 20.07 20.33 20.03  20.33    0.26        1.30   12794200
1638  2024-12-19 20.07 20.18 19.92  19.96   -0.37       -1.82   30331800
1639  2024-12-20 19.96 20.03 19.85  19.85   -0.11       -0.55   13746900
1640  2024-12-23 19.88 20.11 19.88  20.07    0.22        1.11   12898800
1641  2024-12-24 19.99 19.99 19.77  19.85   -0.22       -1.10   13462400
1642  2024-12-25 19.88 20.18 19.88  20.18    0.33        1.66   17144300
1643  2024-12-26 20.18 20.22 19.96  20.07   -0.11       -0.55    9975100
1644  2024-12-27 20.07 20.07 19.92  19.96   -0.11       -0.55   11389200
1645  2024-12-30 19.92 19.96 19.81  19.88   -0.08       -0.40   12168200
1646  2024-12-31 19.88 19.88 19.77  19.81   -0.07       -0.35   10247400
1647  2025-01-02 19.85 20.11 19.85  20.07    0.26        1.31   14961200
1648  2025-01-03 19.99 20.07 19.77  19.77   -0.30       -1.49   13200100
1649  2025-01-06 19.77 19.85 19.36  19.36   -0.41       -2.07   15250500
1650  2025-01-07 19.44 19.62 19.36  19.36    0.00        0.00   14399600
1651  2025-01-08 19.36 19.51 19.29  19.51    0.15        0.77   12957600
1652  2025-01-09 19.55 19.55 19.25  19.32   -0.19       -0.97    9236900
1653  2025-01-10 19.32 19.40 18.99  18.99   -0.33       -1.71   14273600
1654  2025-01-13 18.99 19.36 18.92  19.25    0.26        1.37   13576000
1655  2025-01-14 19.29 19.32 19.18  19.21   -0.04       -0.21    7660700
1656  2025-01-15 19.32 19.51 19.25  19.47    0.26        1.35   11221600
1657  2025-01-16 19.55 19.66 19.36  19.55    0.08        0.41   11206800
1658  2025-01-17 19.55 19.70 19.40  19.70    0.15        0.77   13950100
1659  2025-01-20 19.70 19.88 19.66  19.66   -0.04       -0.20    9654200
1660  2025-01-21 19.77 19.77 19.47  19.55   -0.11       -0.56   10421500
1661  2025-01-22 19.62 19.62 19.44  19.44   -0.11       -0.56   10280000
1662  2025-01-23 19.47 19.88 19.44  19.81    0.37        1.90   15792000
1663  2025-01-24 19.81 19.81 19.66  19.73   -0.08       -0.40   10401300
1664  2025-02-03 19.70 19.77 19.51  19.62   -0.11       -0.56   16971700
1665  2025-02-04 19.70 20.07 19.66  19.96    0.34        1.73   17358200
1666  2025-02-05 19.96 20.07 19.88  19.92   -0.04       -0.20   14466500
1667  2025-02-06 19.92 20.03 19.88  19.92    0.00        0.00   13535000
1668  2025-02-07 19.92 19.92 19.77  19.81   -0.11       -0.55   12547400
1669  2025-02-10 19.70 19.70 18.88  18.88   -0.93       -4.69   61096500
1670  2025-02-11 18.92 19.40 18.92  19.40    0.52        2.75   28896000
1671  2025-02-12 19.47 19.47 19.21  19.21   -0.19       -0.98   13651300
1672  2025-02-13 19.29 19.32 19.21  19.25    0.04        0.21    9499100
1673  2025-02-14 19.40 19.55 19.32  19.40    0.15        0.78   18580600
1674  2025-02-17 19.44 19.51 19.36  19.44    0.04        0.21   14369400
1675  2025-02-18 19.59 19.77 19.55  19.73    0.29        1.49   24939500
1676  2025-02-19 19.77 19.77 19.62  19.70   -0.03       -0.15   13653000
1677  2025-02-20 19.73 19.77 19.70  19.73    0.03        0.15   11910400
1678  2025-02-21 19.73 19.77 19.62  19.66   -0.07       -0.35   11063800
1679  2025-02-24 21.04 21.04 20.48  20.59    0.93        4.73   73891100
1680  2025-02-25 20.52 20.59 20.22  20.44   -0.15       -0.73   31575300
1681  2025-02-26 20.52 20.78 20.48  20.63    0.19        0.93   31819600
1682  2025-02-27 20.66 21.15 20.52  21.15    0.52        2.52   51120800
1683  2025-02-28 21.11 21.11 20.78  20.81   -0.34       -1.61   24214400
1684  2025-03-03 20.85 21.00 20.81  20.85    0.04        0.19   20663700
1685  2025-03-04 20.85 20.85 20.55  20.70   -0.15       -0.72   27424100
1686  2025-03-05 20.70 20.74 20.48  20.48   -0.22       -1.06   30385500
1687  2025-03-06 20.52 20.78 20.52  20.78    0.30        1.46   36975600
1688  2025-03-07 20.81 20.89 20.63  20.85    0.07        0.34   33131200
1689  2025-03-10 20.89 20.96 20.78  20.78   -0.07       -0.34   23580500
1690  2025-03-11 20.52 20.92 20.52  20.92    0.14        0.67   26088500
1691  2025-03-12 20.96 20.96 20.66  20.66   -0.26       -1.24   20641600
1692  2025-03-13 20.70 20.85 20.59  20.59   -0.07       -0.34   24809400
1693  2025-03-14 20.59 20.70 20.48  20.48   -0.11       -0.53   18279900
1694  2025-03-17 20.74 20.92 20.63  20.70    0.22        1.07   19719700
1695  2025-03-18 20.74 20.85 20.52  20.52   -0.18       -0.87   18741700
1696  2025-03-19 20.52 20.52 20.14  20.26   -0.26       -1.27   37925600
1697  2025-03-20 20.29 20.40 20.11  20.18   -0.08       -0.39   25022500
1698  2025-03-21 20.14 20.26 20.11  20.18    0.00        0.00   18912200
1699  2025-03-24 20.18 20.26 19.99  20.18    0.00        0.00   16229800
1700  2025-03-25 20.26 20.37 20.14  20.22    0.04        0.20   20101000
1701  2025-03-26 20.22 20.78 20.18  20.48    0.26        1.29   43980000
1702  2025-03-27 20.59 20.59 20.40  20.44   -0.04       -0.20   12009700
1703  2025-03-28 20.40 20.44 20.14  20.18   -0.26       -1.27   17070200
1704  2025-03-31 20.11 20.14 19.88  19.88   -0.30       -1.49   26536400
1705  2025-04-01 19.92 20.11 19.88  20.07    0.19        0.96   14018400
1706  2025-04-02 20.18 20.37 20.14  20.26    0.19        0.95   16785400
1707  2025-04-03 19.18 19.66 18.84  18.84   -1.42       -7.01   80695800
1708  2025-04-04 17.54 18.47 17.54  18.28   -0.56       -2.97   73181200
1709  2025-04-08 17.47 17.84 17.02  17.02   -1.26       -6.89   35443300
1710  2025-04-09 15.83 16.58 15.83  15.83   -1.19       -6.99   77156800
1711  2025-04-10 16.91 16.91 16.91  16.91    1.08        6.82    3062400
1712  2025-04-11 17.99 18.06 17.47  18.06    1.15        6.80   76273700
1713  2025-04-14 18.43 19.14 18.40  18.84    0.78        4.32   51203900
1714  2025-04-15 18.69 19.44 18.62  19.21    0.37        1.96   50570600
1715  2025-04-16 19.25 19.32 18.62  18.95   -0.26       -1.35   25705300
1716  2025-04-17 18.73 19.03 18.43  18.95    0.00        0.00   24441000
1717  2025-04-18 19.07 19.14 18.92  18.92   -0.03       -0.16   20765500
1718  2025-04-21 18.92 18.92 18.55  18.55   -0.37       -1.96   17306200
1719  2025-04-22 18.43 18.66 17.39  18.62    0.07        0.38   47447000
1720  2025-04-23 18.95 19.10 18.84  18.99    0.37        1.99   22232700
1721  2025-04-24 19.10 19.10 18.73  19.03    0.04        0.21   17212000
1722  2025-04-25 18.92 19.10 18.77  19.10    0.07        0.37   24849000
1723  2025-04-28 19.10 19.10 18.84  19.07   -0.03       -0.16    9757000
1724  2025-04-29 19.07 19.10 18.88  18.95   -0.12       -0.63   14467400
1725  2025-05-05 19.07 19.14 18.84  19.10    0.15        0.79   12548300
1726  2025-05-06 19.14 19.36 18.92  18.92   -0.18       -0.94   20937300
1727  2025-05-07 18.84 18.95 18.84  18.88   -0.04       -0.21   11501800
1728  2025-05-08 18.88 19.21 18.80  19.10    0.22        1.17   19892200
1729  2025-05-09 19.10 19.14 18.95  19.07   -0.03       -0.16   11008000
1730  2025-05-12 18.99 19.14 18.40  18.88   -0.19       -1.00   64734900
1731  2025-05-13 19.03 19.32 19.03  19.18    0.30        1.59   20304600
1732  2025-05-14 19.25 19.73 19.21  19.44    0.26        1.36   34073700
1733  2025-05-15 19.47 19.47 19.21  19.44    0.00        0.00   22616700
1734  2025-05-16 19.44 19.47 19.18  19.18   -0.26       -1.34   16810600
1735  2025-05-19 19.14 19.29 18.99  19.07   -0.11       -0.57   14995700
1736  2025-05-20 19.03 19.18 19.03  19.07    0.00        0.00   17449000
1737  2025-05-21 19.14 19.40 19.07  19.14    0.07        0.37   20150500
1738  2025-05-22 19.14 19.29 18.99  19.07   -0.07       -0.37   24363700
1739  2025-05-23 19.14 19.21 18.99  19.03   -0.04       -0.21   11096000
1740  2025-05-26 19.07 19.07 18.62  18.99   -0.04       -0.21   27433800
1741  2025-05-27 18.99 19.44 18.99  18.99    0.00        0.00   26892800
1742  2025-05-28 19.14 19.25 18.99  19.03    0.04        0.21   15604800
1743  2025-05-29 19.10 19.18 18.95  18.99   -0.04       -0.21   16434100
1744  2025-05-30 19.07 19.81 19.07  19.14    0.15        0.79   64975400
1745  2025-06-02 19.03 19.07 18.84  18.99   -0.15       -0.78   21933200
1746  2025-06-03 19.18 19.47 19.14  19.32    0.33        1.74   31038500
1747  2025-06-04 19.40 19.62 19.29  19.29   -0.03       -0.16   25685700
1748  2025-06-05 19.32 19.36 19.10  19.14   -0.15       -0.78   18786300
1749  2025-06-06 19.36 19.70 19.25  19.36    0.22        1.15   42244000
1750  2025-06-09 19.40 19.62 19.29  19.55    0.19        0.98   24987900
1751  2025-06-10 19.70 19.96 19.47  19.47   -0.08       -0.41   29410900
1752  2025-06-11 19.55 19.59 19.32  19.40   -0.07       -0.36   16548100
1753  2025-06-12 19.44 20.14 19.44  19.92    0.52        2.68   52217900
1754  2025-06-13 19.77 19.88 19.55  19.62   -0.30       -1.51   38769800
1755  2025-06-16 19.59 20.07 19.59  19.88    0.26        1.33   29735100
1756  2025-06-17 19.99 20.14 19.88  19.96    0.08        0.40   26625600
1757  2025-06-18 19.99 20.22 19.92  20.18    0.22        1.10   31468200
1758  2025-06-19 20.18 20.22 19.92  19.99   -0.19       -0.94   23408200
1759  2025-06-20 20.07 20.14 19.96  20.07    0.08        0.40   23416400
1760  2025-06-23 19.96 20.07 19.77  19.96   -0.11       -0.55   22192800
1761  2025-06-24 20.11 20.22 20.03  20.07    0.11        0.55   27870000
1762  2025-06-25 20.14 20.40 20.03  20.22    0.15        0.75   38638800
1763  2025-06-26 20.57 20.66 20.31  20.35    0.13        0.64   38371000
1764  2025-06-27 20.48 20.48 20.31  20.40    0.05        0.25   16481800
1765  2025-06-30 20.44 20.48 20.26  20.26   -0.14       -0.69   19885300
1766  2025-07-01 20.31 20.44 20.17  20.22   -0.04       -0.20   19766000
1767  2025-07-02 20.22 20.44 20.13  20.44    0.22        1.09   18902100
1768  2025-07-03 20.53 21.11 20.53  20.62    0.18        0.88   42514500
1769  2025-07-04 20.66 20.75 20.62  20.75    0.13        0.63   19401100
1770  2025-07-07 21.16 21.16 20.89  21.06    0.31        1.49   35999600
1771  2025-07-08 21.11 22.14 21.02  22.05    0.99        4.70   77477100
1772  2025-07-09 22.14 22.40 21.96  22.09    0.04        0.18   43462900
1773  2025-07-10 22.18 22.49 21.91  22.45    0.36        1.63   85282300
1774  2025-07-11 22.54 23.43 22.36  23.21    0.76        3.39   65285300
1775  2025-07-14 23.39 23.61 22.81  22.98   -0.23       -0.99   49438500
1776  2025-07-15 23.03 23.21 22.76  22.76   -0.22       -0.96   46507000
1777  2025-07-16 22.72 23.39 22.67  23.30    0.54        2.37   45893600
1778  2025-07-17 23.39 23.52 23.12  23.21   -0.09       -0.39   56229600
1779  2025-07-18 23.21 23.30 22.98  23.12   -0.09       -0.39   40723400
1780  2025-07-21 23.56 24.10 23.30  23.39    0.27        1.17   55773600
1781  2025-07-22 23.34 23.61 23.21  23.61    0.22        0.94   31504400
1782  2025-07-23 23.70 24.06 23.56  23.56   -0.05       -0.21   43124000
1783  2025-07-24 23.56 23.61 23.12  23.21   -0.35       -1.49   51907400
1784  2025-07-25 23.21 23.48 23.12  23.25    0.04        0.17   51078400
1785  2025-07-28 23.30 23.97 23.21  23.52    0.27        1.16   99592800
1786  2025-07-29 23.61 23.74 22.63  22.63   -0.89       -3.78   82604800
1787  2025-07-30 22.85 22.98 22.40  22.67    0.04        0.18   50186000
1788  2025-07-31 22.72 22.85 22.09  22.27   -0.40       -1.76   85332500
1789  2025-08-01 22.18 22.58 22.14  22.45    0.18        0.81   50798600
1790  2025-08-04 22.40 22.72 22.27  22.58    0.13        0.58   37058100
1791  2025-08-05 22.72 24.14 22.72  23.56    0.98        4.34  215999100
1792  2025-08-06 23.88 24.72 23.79  24.19    0.63        2.67   96174200
1793  2025-08-07 24.41 25.48 24.10  25.44    1.25        5.17  139119300
1794  2025-08-08 25.53 25.57 24.64  24.99   -0.45       -1.77  121062500
1795  2025-08-11 25.13 25.39 24.81  25.13    0.14        0.56   67223000
1796  2025-08-12 25.30 25.98 25.13  25.44    0.31        1.23   84195900
1797  2025-08-13 25.48 25.53 24.86  25.08   -0.36       -1.42   79765000
1798  2025-08-14 25.17 25.39 24.99  25.17    0.09        0.36   76049900
1799  2025-08-15 25.39 25.71 24.86  24.99   -0.18       -0.72  107927600
1800  2025-08-18 25.26 25.71 25.17  25.35    0.36        1.44   69044400
1801  2025-08-19 25.53 25.62 25.08  25.13   -0.22       -0.87   63021900
1802  2025-08-20 25.17 25.22 24.14  24.46   -0.67       -2.67  101007400
1803  2025-08-21 24.50 24.81 24.37  24.46    0.00        0.00   69981700
1804  2025-08-22 24.06 24.19 23.21  23.21   -1.25       -5.11  132314200
1805  2025-08-25 23.65 23.88 23.07  23.16   -0.05       -0.22   68320100
1806  2025-08-26 23.30 24.28 23.30  24.28    1.12        4.84   51986200
1807  2025-08-27 24.32 24.32 23.88  23.88   -0.40       -1.65   85992500
1808  2025-08-28 24.06 24.55 23.97  24.19    0.31        1.30   63166300
1809  2025-08-29 24.28 24.86 24.14  24.55    0.36        1.49   81735200
1810  2025-09-03 24.46 25.88 24.32  25.13    0.58        2.36  119138500
1811  2025-09-04 25.39 26.69 25.30  26.64    1.51        6.01  141435100
1812  2025-09-05 26.78 26.87 25.71  25.71   -0.93       -3.49   95256400
1813  2025-09-08 25.62 26.56 25.57  25.80    0.09        0.35  141768400
1814  2025-09-09 26.06 26.11 25.17  25.75   -0.05       -0.19   73861200
1815  2025-09-10 25.75 26.06 25.35  25.75    0.00        0.00   52455800
1816  2025-09-11 25.62 26.06 24.99  26.02    0.27        1.05   71781900
1817  2025-09-12 26.06 26.87 26.02  26.78    0.76        2.92  104621000
1818  2025-09-15 27.00 27.54 26.87  27.09    0.31        1.16   88920500
1819  2025-09-16 27.27 27.27 26.56  26.73   -0.36       -1.33   66855600
1820  2025-09-17 26.69 27.00 26.06  26.06   -0.67       -2.51  124424600
1821  2025-09-18 26.20 26.24 25.53  26.02   -0.04       -0.15   75687000
1822  2025-09-19 26.15 26.24 25.71  26.11    0.09        0.35   45024800
1823  2025-09-22 26.11 26.11 25.26  25.35   -0.76       -2.91   66073800
1824  2025-09-23 25.48 25.75 25.39  25.57    0.22        0.87   24900000
1825  2025-09-24 25.57 25.93 25.22  25.93    0.36        1.41   30738900
1826  2025-09-25 26.02 26.15 25.66  25.71   -0.22       -0.85   34435400
1827  2025-09-26 25.75 26.06 25.48  25.48   -0.23       -0.89   38128900
1828  2025-09-29 25.48 25.80 25.35  25.53    0.05        0.20   38831200
1829  2025-09-30 25.48 25.53 24.90  25.13   -0.40       -1.57   53737200
1830  2025-10-01 25.26 25.44 25.08  25.26    0.13        0.52   29848500
1831  2025-10-02 25.30 25.57 25.04  25.08   -0.18       -0.71   30165900
1832  2025-10-03 25.08 25.08 24.41  24.68   -0.40       -1.59   58123500
1833  2025-10-06 25.08 26.06 25.08  26.06    1.38        5.59   71269500
1834  2025-10-07 26.06 26.20 25.88  25.88   -0.18       -0.69   41398600
1835  2025-10-08 26.11 26.24 25.66  26.06    0.18        0.70   59953000
1836  2025-10-09 26.24 26.24 25.75  25.84   -0.22       -0.84   42551700
1837  2025-10-10 25.88 26.56 25.80  26.42    0.58        2.24   62702300
1838  2025-10-13 25.93 26.11 25.75  25.88   -0.54       -2.04   80237700
1839  2025-10-14 25.93 26.11 25.26  25.30   -0.58       -2.24   84307900
1840  2025-10-15 25.35 25.62 25.17  25.22   -0.08       -0.32   34623200
1841  2025-10-16 25.22 25.71 24.99  25.22    0.00        0.00   44715300
1842  2025-10-17 25.26 25.57 24.99  24.99   -0.23       -0.91   46508200
1843  2025-10-20 24.90 25.22 23.25  23.25   -1.74       -6.96  102963100
1844  2025-10-21 23.48 24.10 23.21  23.92    0.67        2.88   74275800
1845  2025-10-22 24.01 24.01 23.34  23.83   -0.09       -0.38   37268800
1846  2025-10-23 23.88 24.10 23.65  23.65   -0.18       -0.76   23443400
1847  2025-10-24 23.65 23.83 23.30  23.56   -0.09       -0.38   30587700
1848  2025-10-27 23.88 23.97 23.43  23.43   -0.13       -0.55   27390800
1849  2025-10-28 23.52 23.92 23.34  23.92    0.49        2.09   28512100
1850  2025-10-29 24.01 24.59 24.01  24.32    0.40        1.67   39448900
1851  2025-10-30 24.46 24.46 24.01  24.01   -0.31       -1.27   23693500
1852  2025-10-31 24.01 24.19 23.83  23.83   -0.18       -0.75   19779100
1853  2025-11-03 23.88 24.01 23.25  23.25   -0.58       -2.43   28356600
1854  2025-11-04 23.34 23.97 23.16  23.88    0.63        2.71   37767100
1855  2025-11-05 23.61 23.88 23.43  23.48   -0.40       -1.68   20835300
1856  2025-11-06 23.52 23.65 23.30  23.30   -0.18       -0.77   21207600
1857  2025-11-07 23.34 23.70 23.21  23.25   -0.05       -0.21   55100200
1858  2025-11-10 23.39 23.88 23.30  23.61    0.36        1.55   48017900
1859  2025-11-11 23.74 24.01 23.61  23.74    0.13        0.55   31332100
1860  2025-11-12 23.79 24.19 23.79  24.10    0.36        1.52   30662900
1861  2025-11-13 24.10 24.14 23.70  23.70   -0.40       -1.66   18927500
1862  2025-11-14 23.65 24.06 23.65  24.01    0.31        1.31   22112200
1863  2025-11-17 24.14 24.41 24.14  24.37    0.36        1.50   32158300
1864  2025-11-18 24.32 24.64 24.23  24.55    0.18        0.74   35028300
1865  2025-11-19 24.55 25.30 24.50  24.64    0.09        0.37   56320700
1866  2025-11-20 24.72 24.81 24.23  24.32   -0.32       -1.30   23049300
1867  2025-11-21 24.23 24.50 24.01  24.46    0.14        0.58   22607900
1868  2025-11-24 24.46 24.59 24.19  24.19   -0.27       -1.10   14707800
1869  2025-11-25 24.23 24.41 24.01  24.01   -0.18       -0.74   24346200
1870  2025-11-26 24.06 24.28 23.97  24.19    0.18        0.75   19022200
1871  2025-11-27 24.28 24.37 24.01  24.01   -0.18       -0.74   13956200
1872  2025-11-28 24.01 24.14 23.70  23.70   -0.31       -1.29   20789300
1873  2025-12-01 23.79 23.88 23.65  23.65   -0.05       -0.21   19747100
1874  2025-12-02 23.70 23.79 23.39  23.65    0.00        0.00   26073200
1875  2025-12-03 23.74 23.97 23.61  23.92    0.27        1.14   21527600
1876  2025-12-04 24.06 24.50 24.01  24.37    0.45        1.88   35081200
1877  2025-12-05 24.41 24.41 24.10  24.10   -0.27       -1.11   17662100
1878  2025-12-08 24.01 24.19 23.88  23.88   -0.22       -0.91   21455600
1879  2025-12-09 23.83 24.01 23.56  23.56   -0.32       -1.34   39911800
1880  2025-12-10 23.79 24.10 23.74  23.79    0.23        0.98   19708000
1881  2025-12-11 23.83 24.01 23.65  23.70   -0.09       -0.38   17142200
1882  2025-12-12 23.74 23.83 23.21  23.21   -0.49       -2.07   37088200
1883  2025-12-15 23.43 23.56 23.25  23.43    0.22        0.95   23939400
1884  2025-12-16 23.52 24.06 23.43  23.83    0.40        1.71   29329900
1885  2025-12-17 23.83 23.83 23.56  23.56   -0.27       -1.13   16546600
1886  2025-12-18 23.56 23.70 23.43  23.56    0.00        0.00   18777900
1887  2025-12-19 23.56 23.83 23.56  23.83    0.27        1.15   29580600
1888  2025-12-22 23.83 24.19 23.74  24.01    0.18        0.76   54880900
1889  2025-12-23 24.14 24.28 23.79  23.88   -0.13       -0.54   29588500
1890  2025-12-24 23.97 23.97 23.65  23.70   -0.18       -0.75   23136900
1891  2025-12-25 23.70 23.79 23.43  23.43   -0.27       -1.14   29780000
1892  2025-12-26 24.19 24.72 23.79  24.01    0.58        2.48   94035000
1893  2025-12-29 24.10 24.10 23.79  23.83   -0.18       -0.75   16525200
1894  2025-12-30 23.83 23.97 23.65  23.65   -0.18       -0.76   24581900
1895  2025-12-31 23.61 23.74 23.52  23.56   -0.09       -0.38   20149700
1896  2026-01-05 23.56 23.70 22.94  23.16   -0.40       -1.70   46487900
1897  2026-01-06 23.21 23.39 22.63  23.16    0.00        0.00   39616600
1898  2026-01-07 23.16 23.88 23.16  23.74    0.58        2.50   37249700
1899  2026-01-08 23.83 23.92 23.56  23.56   -0.18       -0.76   37518600
1900  2026-01-09 23.92 23.92 23.39  23.39   -0.17       -0.72   35089300
1901  2026-01-12 23.52 24.64 23.52  24.55    1.16        4.96   83534900
1902  2026-01-13 24.77 24.90 24.10  24.32   -0.23       -0.94   45777400
1903  2026-01-14 24.50 24.64 24.10  24.32    0.00        0.00   53908300
1904  2026-01-15 24.32 24.90 24.32  24.64    0.32        1.32   61937700
1905  2026-01-16 24.81 25.22 24.37  24.64    0.00        0.00   65577000
1906  2026-01-19 24.90 25.17 24.68  24.72    0.08        0.32   40465900
1907  2026-01-20 24.86 24.95 24.19  24.32   -0.40       -1.62   44169600
1908  2026-01-21 24.23 24.32 23.79  23.92   -0.40       -1.64   37234300
1909  2026-01-22 24.01 24.37 23.97  23.97    0.05        0.21   27732600
1910  2026-01-23 24.19 24.23 23.88  23.88   -0.09       -0.38   24233600
1911  2026-01-26 23.88 23.92 23.34  23.48   -0.40       -1.68   33759300
1912  2026-01-27 23.52 23.70 23.39  23.61    0.13        0.55   21014200
1913  2026-01-28 23.70 24.19 23.70  23.83    0.22        0.93   29982700
1914  2026-01-29 23.92 24.19 23.92  24.19    0.36        1.51   27608700
1915  2026-01-30 24.37 24.55 23.88  23.92   -0.27       -1.12   40558400
1916  2026-02-02 23.92 23.92 23.43  23.70   -0.22       -0.92   44024300
1917  2026-02-03 23.79 24.19 23.79  23.88    0.18        0.76   32029900
1918  2026-02-04 23.97 25.53 23.97  25.26    1.38        5.78  145418100
1919  2026-02-05 25.26 25.30 24.59  24.59   -0.67       -2.65   32887100
1920  2026-02-06 24.41 25.08 23.92  23.92   -0.67       -2.72   67073000
1921  2026-02-09 24.14 24.37 23.83  23.88   -0.04       -0.17   24310400
1922  2026-02-10 24.01 24.06 23.56  23.70   -0.18       -0.75   32543400
1923  2026-02-11 23.79 24.19 23.65  23.97    0.27        1.14   26495200
1924  2026-02-12 24.10 24.19 23.88  24.01    0.04        0.17   13137000
1925  2026-02-13 24.01 24.23 23.92  23.97   -0.04       -0.17   24069800
1926  2026-02-23 24.19 24.55 24.19  24.55    0.58        2.42   36086500
1927  2026-02-24 24.55 25.35 24.41  25.26    0.71        2.89   99498300
1928  2026-02-25 25.35 26.51 25.35  26.15    0.89        3.52  136409200
1929  2026-02-26 26.33 26.38 25.71  26.24    0.09        0.34   54496800
1930  2026-02-27 26.20 26.24 25.71  25.71   -0.53       -2.02   47306500
1931  2026-03-02 25.17 26.11 25.04  25.44   -0.27       -1.05   86907000
1932  2026-03-03 25.71 25.75 24.64  24.72   -0.72       -2.83   69294100
1933  2026-03-04 24.64 24.86 23.92  24.72    0.00        0.00   68275500
1934  2026-03-05 24.95 25.13 24.19  24.32   -0.40       -1.62   47998900
1935  2026-03-06 24.10 24.64 23.97  24.32    0.00        0.00   44351700
1936  2026-03-09 22.76 23.34 22.63  22.63   -1.69       -6.95  120981900
1937  2026-03-10 23.92 24.19 23.34  24.19    1.56        6.89   91236600
1938  2026-03-11 24.23 24.68 24.06  24.46    0.27        1.12   49913200
1939  2026-03-12 24.10 24.23 23.79  23.92   -0.54       -2.21   44045900
1940  2026-03-13 23.83 24.28 23.65  23.79   -0.13       -0.54   28666500
1941  2026-03-16 23.79 24.06 23.70  23.88    0.09        0.38   19880400
1942  2026-03-17 24.10 24.41 24.01  24.01    0.13        0.54   24176300
1943  2026-03-18 24.01 24.23 23.79  23.92   -0.09       -0.37   23058500
1944  2026-03-19 23.65 23.97 23.52  23.83   -0.09       -0.38   36837300
1945  2026-03-20 23.65 23.70 23.12  23.12   -0.71       -2.98   60885800
1946  2026-03-23 22.90 23.39 22.54  22.76   -0.36       -1.56   44362900
1947  2026-03-24 23.21 23.48 23.07  23.16    0.40        1.76   27778800
1948  2026-03-25 23.48 23.56 23.30  23.52    0.36        1.55   22967100
1949  2026-03-26 23.48 23.52 23.12  23.12   -0.40       -1.70   18424200
1950  2026-03-27 23.16 23.83 23.07  23.65    0.53        2.29   26863700
1951  2026-03-30 23.34 24.19 23.16  24.01    0.36        1.52   41276100
1952  2026-03-31 24.14 24.32 23.92  24.01    0.00        0.00   23553000
1953  2026-04-01 24.41 24.50 24.19  24.23    0.22        0.92   31503700
1954  2026-04-02 24.10 24.55 23.88  24.41    0.18        0.74   50005700
1955  2026-04-03 24.41 24.46 23.74  23.79   -0.62       -2.54   31383300
1956  2026-04-06 23.79 24.19 23.74  23.97    0.18        0.76   19748100
1957  2026-04-07 23.92 24.19 23.88  23.92   -0.05       -0.21   13164600
1958  2026-04-08 24.55 25.04 24.46  24.99    1.07        4.47   67646600
1959  2026-04-09 24.90 25.53 24.68  25.22    0.23        0.92   51607600
1960  2026-04-10 25.53 25.53 24.99  24.99   -0.23       -0.91   35473400
1961  2026-04-13 24.86 25.13 24.81  24.81   -0.18       -0.72   23005200
1962  2026-04-14 25.08 25.71 24.95  25.48    0.67        2.70   61934200
1963  2026-04-15 25.62 25.66 25.04  25.04   -0.44       -1.73   29753200
1964  2026-04-16 25.04 25.17 24.77  24.95   -0.09       -0.36   27972100
1965  2026-04-17 24.95 25.22 24.90  24.99    0.04        0.16   21399500
1966  2026-04-20 25.13 25.39 25.04  25.39    0.40        1.60   26441700
1967  2026-04-21 26.02 26.29 25.44  25.48    0.09        0.35   99647300
1968  2026-04-22 25.48 25.62 25.04  25.17   -0.31       -1.22   27745600
1969  2026-04-23 25.17 25.30 24.64  24.81   -0.36       -1.43   41133900
1970  2026-04-24 24.90 24.95 24.55  24.90    0.09        0.36   23402000
1971  2026-04-28 24.81 24.99 24.72  24.77   -0.13       -0.52   14071500
1972  2026-04-29 24.68 24.90 24.64  24.77    0.00        0.00   17239200
1973  2026-05-04 24.77 24.95 24.46  24.64   -0.13       -0.52   32374300
1974  2026-05-05 24.68 24.72 24.28  24.37   -0.27       -1.10   30692800
1975  2026-05-06 24.46 24.81 24.37  24.64    0.27        1.11   27672000
1976  2026-05-07 24.81 24.90 24.64  24.77    0.13        0.53   20348100
1977  2026-05-08 24.77 24.90 24.59  24.86    0.09        0.36   20678200
1978  2026-05-11 25.00 25.00 24.54  24.54   -0.32       -1.29   23658100
1979  2026-05-12 24.54 24.72 24.40  24.45   -0.09       -0.37   19170900
1980  2026-05-13 24.50 24.77 24.36  24.63    0.18        0.74   21544700
1981  2026-05-14 24.81 24.90 24.59  24.59   -0.04       -0.16   14047100
1982  2026-05-15 24.59 24.63 24.04  24.13   -0.46       -1.87   75838200
1983  2026-05-18 24.09 24.27 23.86  24.04   -0.09       -0.37   27485500
1984  2026-05-19 24.09 24.22 23.86  23.86   -0.18       -0.75   25111900
1985  2026-05-20 23.90 24.00 23.40  23.81   -0.05       -0.21   40983800
1986  2026-05-21 23.95 24.27 23.90  24.13    0.32        1.34   30562500
1987  2026-05-22 24.18 24.22 23.95  23.95   -0.18       -0.75   25794000
1988  2026-05-25 24.25 24.35 24.10  24.10    0.15        0.63   26989100
1989  2026-05-26 24.10 24.25 24.00  24.25    0.15        0.62   20723700
1990  2026-05-27 24.40 24.50 24.15  24.15   -0.10       -0.41   23114500
1991  2026-05-28 24.15 24.25 24.00  24.00   -0.15       -0.62   15668300
1992  2026-05-29 24.05 24.20 23.90  24.00    0.00        0.00   16365900
1993  2026-06-01 24.00 24.15 23.95  24.05    0.05        0.21    9668300
1994  2026-06-02 24.00 24.05 23.70  23.70   -0.35       -1.46   25529600
1995  2026-06-03 23.70 24.15 23.60  24.15    0.45        1.90   20573500
1996  2026-06-04 24.15 24.15 23.90  23.95   -0.20       -0.83   10065300
1997  2026-06-05 23.95 24.05 23.75  23.75   -0.20       -0.84   13891200
1998  2026-06-08 23.65 23.75 23.30  23.30   -0.45       -1.89   22769900
1999  2026-06-09 23.35 23.55 23.30  23.50    0.20        0.86   10340800

==================================================
      HOÀN THÀNH PHÂN TÍCH          
==================================================
