
  ╭──────────────────────────────────────────────────────────╮
  │  ⚠️  VNSTOCK DEPRECATION NOTICE (31/08/2025)             │
  │                                                          │
  │  Lớp Vnstock và các phương thức cũ (stock, fx, crypto,   │
  │  world_index, fund...) đã chính thức bị ngừng hỗ trợ.    │
  │                                                          │
  │  Để hệ thống ổn định và nhận được cập nhật mới nhất,     │
  │  vui lòng chuyển sang dùng bộ thư viện `vnstock.api`.    │
  │                                                          │
  │  👉 Xem hướng dẫn Migration: /vnstock-migration          │
  ╰──────────────────────────────────────────────────────────╯

Mẫu code chuyển đổi (Migration Example):
--------------------------------------
Cũ (Old):  stock = Vnstock().stock('ACB')
Mới (New): from vnstock.api.quote import Quote
          q = Quote(symbol='ACB', source='VCI')

==================================================
      VNSTOCK 4.x OPTIMIZED ANALYZER
      Danh sách: NAS100M
      Khung: 1H, Số lượng: 20000
==================================================

==================================================
      PHÂN TÍCH MÃ: NAS100 (Nasdaq 100 Futures) 
      Khung thời gian: 1H
==================================================

--- [ LỊCH SỬ GIÁ NAS100 (Phiên Mỹ) ] ---
                     time  symbol      open      high       low     close   change  pct_change  volume
0     2024-01-12 20:00:00  NAS100 16,908.50 16,979.25 16,895.25 16,963.75     0.00        0.00   33803
1     2024-01-12 21:00:00  NAS100 16,964.25 17,042.50 16,956.00 16,986.00    22.25        0.13   92292
2     2024-01-12 22:00:00  NAS100 16,986.50 17,006.00 16,913.50 16,944.50   -41.50       -0.24  116229
3     2024-01-12 23:00:00  NAS100 16,944.25 16,995.75 16,921.00 16,928.00   -16.50       -0.10   72165
4     2024-01-13 00:00:00  NAS100 16,928.75 16,965.00 16,917.25 16,953.75    25.75        0.15   45703
5     2024-01-13 01:00:00  NAS100 16,953.75 16,983.25 16,953.50 16,979.25    25.50        0.15   30957
6     2024-01-13 02:00:00  NAS100 16,979.25 16,994.00 16,943.50 16,951.00   -28.25       -0.17   39935
7     2024-01-13 03:00:00  NAS100 16,951.25 16,980.00 16,932.00 16,972.25    21.25        0.13   59817
8     2024-01-16 20:00:00  NAS100 16,911.75 16,930.25 16,872.25 16,893.00   -79.25       -0.47   23954
9     2024-01-16 21:00:00  NAS100 16,893.00 16,946.25 16,855.25 16,914.00    21.00        0.12   91917
10    2024-01-16 22:00:00  NAS100 16,914.00 17,033.75 16,892.25 17,014.00   100.00        0.59  108615
11    2024-01-16 23:00:00  NAS100 17,014.25 17,023.00 16,935.25 16,949.75   -64.25       -0.38  124715
12    2024-01-17 00:00:00  NAS100 16,950.00 16,961.00 16,893.25 16,897.50   -52.25       -0.31   70984
13    2024-01-17 01:00:00  NAS100 16,897.50 16,948.25 16,889.75 16,902.25     4.75        0.03   57743
14    2024-01-17 02:00:00  NAS100 16,902.50 16,931.75 16,862.00 16,927.00    24.75        0.15   51925
15    2024-01-17 03:00:00  NAS100 16,927.50 16,969.75 16,921.25 16,967.50    40.50        0.24   59012
16    2024-01-17 20:00:00  NAS100 16,889.50 16,890.50 16,805.25 16,820.50  -147.00       -0.87   33730
17    2024-01-17 21:00:00  NAS100 16,820.25 16,843.75 16,703.75 16,707.50  -113.00       -0.67  111708
18    2024-01-17 22:00:00  NAS100 16,707.50 16,786.75 16,689.25 16,769.50    62.00        0.37  121914
19    2024-01-17 23:00:00  NAS100 16,770.00 16,841.25 16,768.25 16,810.50    41.00        0.24   78153
20    2024-01-18 00:00:00  NAS100 16,810.25 16,823.75 16,772.25 16,808.75    -1.75       -0.01   52324
21    2024-01-18 01:00:00  NAS100 16,808.25 16,825.00 16,733.25 16,761.00   -47.75       -0.28   60931
22    2024-01-18 02:00:00  NAS100 16,761.00 16,843.00 16,755.00 16,828.50    67.50        0.40   52761
23    2024-01-18 03:00:00  NAS100 16,828.50 16,885.00 16,797.50 16,868.25    39.75        0.24   75983
24    2024-01-18 20:00:00  NAS100 17,006.75 17,044.75 16,976.25 16,982.00   113.75        0.67   36392
25    2024-01-18 21:00:00  NAS100 16,982.25 17,054.25 16,982.25 17,027.75    45.75        0.27  105649
26    2024-01-18 22:00:00  NAS100 17,027.50 17,079.75 16,986.25 17,055.50    27.75        0.16  128384
27    2024-01-18 23:00:00  NAS100 17,056.50 17,102.25 17,026.50 17,078.50    23.00        0.13   89759
28    2024-01-19 00:00:00  NAS100 17,078.75 17,083.00 16,990.50 17,001.50   -77.00       -0.45   93088
29    2024-01-19 01:00:00  NAS100 17,001.50 17,022.25 16,942.50 17,016.25    14.75        0.09   80724
30    2024-01-19 02:00:00  NAS100 17,016.25 17,111.75 17,016.25 17,100.25    84.00        0.49   93532
31    2024-01-19 03:00:00  NAS100 17,100.50 17,125.75 17,084.50 17,109.00     8.75        0.05   89595
32    2024-01-19 20:00:00  NAS100 17,238.25 17,255.25 17,217.00 17,220.00   111.00        0.65   19402
33    2024-01-19 21:00:00  NAS100 17,220.00 17,226.75 17,166.25 17,210.00   -10.00       -0.06   90600
34    2024-01-19 22:00:00  NAS100 17,210.00 17,241.25 17,169.00 17,226.50    16.50        0.10  109814
35    2024-01-19 23:00:00  NAS100 17,226.75 17,271.00 17,212.75 17,266.00    39.50        0.23   81027
36    2024-01-20 00:00:00  NAS100 17,266.25 17,325.25 17,236.50 17,325.00    59.00        0.34   80152
37    2024-01-20 01:00:00  NAS100 17,325.00 17,395.50 17,306.25 17,395.25    70.25        0.41   69400
38    2024-01-20 02:00:00  NAS100 17,395.50 17,437.50 17,385.50 17,429.00    33.75        0.19   85331
39    2024-01-20 03:00:00  NAS100 17,429.25 17,448.00 17,416.25 17,442.50    13.50        0.08   82437
40    2024-01-22 20:00:00  NAS100 17,570.25 17,572.25 17,517.50 17,526.75    84.25        0.48   18873
41    2024-01-22 21:00:00  NAS100 17,527.00 17,585.00 17,492.00 17,540.75    14.00        0.08  100835
42    2024-01-22 22:00:00  NAS100 17,540.50 17,551.75 17,438.75 17,450.50   -90.25       -0.51  128375
43    2024-01-22 23:00:00  NAS100 17,451.00 17,513.75 17,440.25 17,511.25    60.75        0.35   65712
44    2024-01-23 00:00:00  NAS100 17,511.25 17,513.00 17,461.50 17,482.75   -28.50       -0.16   46544
45    2024-01-23 01:00:00  NAS100 17,483.25 17,486.00 17,434.00 17,479.25    -3.50       -0.02   48962
46    2024-01-23 02:00:00  NAS100 17,479.50 17,487.00 17,442.00 17,469.50    -9.75       -0.06   45361
47    2024-01-23 03:00:00  NAS100 17,469.75 17,490.00 17,453.75 17,460.25    -9.25       -0.05   59449
48    2024-01-23 20:00:00  NAS100 17,481.75 17,525.50 17,480.75 17,500.00    39.75        0.23   18623
49    2024-01-23 21:00:00  NAS100 17,499.50 17,501.00 17,409.50 17,473.75   -26.25       -0.15   83219
50    2024-01-23 22:00:00  NAS100 17,473.75 17,484.50 17,428.00 17,452.50   -21.25       -0.12   81988
51    2024-01-23 23:00:00  NAS100 17,453.00 17,479.00 17,427.50 17,467.00    14.50        0.08   56221
52    2024-01-24 00:00:00  NAS100 17,466.75 17,494.00 17,441.75 17,489.50    22.50        0.13   32389
53    2024-01-24 01:00:00  NAS100 17,489.75 17,493.00 17,460.00 17,481.75    -7.75       -0.04   35253
54    2024-01-24 02:00:00  NAS100 17,481.75 17,500.75 17,464.50 17,494.50    12.75        0.07   33305
55    2024-01-24 03:00:00  NAS100 17,494.50 17,539.00 17,489.75 17,529.50    35.00        0.20   63345
56    2024-01-24 20:00:00  NAS100 17,663.00 17,692.25 17,655.50 17,664.25   134.75        0.77   20949
57    2024-01-24 21:00:00  NAS100 17,664.00 17,695.50 17,637.50 17,669.75     5.50        0.03   86709
58    2024-01-24 22:00:00  NAS100 17,669.50 17,765.00 17,638.00 17,735.75    66.00        0.37  112923
59    2024-01-24 23:00:00  NAS100 17,736.00 17,754.25 17,688.25 17,749.50    13.75        0.08   77703
60    2024-01-25 00:00:00  NAS100 17,749.75 17,793.50 17,735.00 17,784.50    35.00        0.20   62388
61    2024-01-25 01:00:00  NAS100 17,784.75 17,785.50 17,697.25 17,715.50   -69.00       -0.39   78203
62    2024-01-25 02:00:00  NAS100 17,714.75 17,719.00 17,632.00 17,664.25   -51.25       -0.29   73612
63    2024-01-25 03:00:00  NAS100 17,664.50 17,683.25 17,604.00 17,624.75   -39.50       -0.22   89070
64    2024-01-25 20:00:00  NAS100 17,638.00 17,715.50 17,613.75 17,706.50    81.75        0.46   35446
65    2024-01-25 21:00:00  NAS100 17,706.50 17,727.25 17,660.50 17,669.00   -37.50       -0.21   89117
66    2024-01-25 22:00:00  NAS100 17,669.00 17,738.00 17,649.25 17,707.50    38.50        0.22  110413
67    2024-01-25 23:00:00  NAS100 17,707.50 17,752.00 17,684.00 17,724.00    16.50        0.09   75019
68    2024-01-26 00:00:00  NAS100 17,723.75 17,732.00 17,633.00 17,651.00   -73.00       -0.41   73710
69    2024-01-26 01:00:00  NAS100 17,651.75 17,682.00 17,570.25 17,576.75   -74.25       -0.42   81107
70    2024-01-26 02:00:00  NAS100 17,576.75 17,609.75 17,542.00 17,609.25    32.50        0.18   64757
71    2024-01-26 03:00:00  NAS100 17,609.00 17,639.25 17,590.25 17,638.00    28.75        0.16   65794
72    2024-01-26 20:00:00  NAS100 17,566.00 17,611.50 17,538.50 17,597.75   -40.25       -0.23   31956
73    2024-01-26 21:00:00  NAS100 17,598.50 17,598.50 17,517.25 17,548.75   -49.00       -0.28   81153
74    2024-01-26 22:00:00  NAS100 17,548.50 17,626.75 17,504.00 17,626.50    77.75        0.44   98238
75    2024-01-26 23:00:00  NAS100 17,626.25 17,629.50 17,577.00 17,609.25   -17.25       -0.10   64917
76    2024-01-27 00:00:00  NAS100 17,609.50 17,632.00 17,515.00 17,528.00   -81.25       -0.46   75667
77    2024-01-27 01:00:00  NAS100 17,528.25 17,550.00 17,503.50 17,518.50    -9.50       -0.05   51712
78    2024-01-27 02:00:00  NAS100 17,518.75 17,573.75 17,514.25 17,562.00    43.50        0.25   47388
79    2024-01-27 03:00:00  NAS100 17,562.50 17,567.25 17,515.25 17,529.00   -33.00       -0.19   56763
80    2024-01-29 20:00:00  NAS100 17,555.25 17,566.25 17,538.00 17,546.00    17.00        0.10   10707
81    2024-01-29 21:00:00  NAS100 17,545.75 17,583.50 17,529.75 17,558.25    12.25        0.07   67674
82    2024-01-29 22:00:00  NAS100 17,558.50 17,570.50 17,526.00 17,530.00   -28.25       -0.16   94027
83    2024-01-29 23:00:00  NAS100 17,530.25 17,582.25 17,519.75 17,581.00    51.00        0.29   55333
84    2024-01-30 00:00:00  NAS100 17,580.75 17,609.50 17,576.25 17,597.25    16.25        0.09   53143
85    2024-01-30 01:00:00  NAS100 17,597.75 17,603.75 17,578.25 17,587.75    -9.50       -0.05   33609
86    2024-01-30 02:00:00  NAS100 17,588.00 17,634.00 17,583.00 17,626.00    38.25        0.22   44233
87    2024-01-30 03:00:00  NAS100 17,626.25 17,714.50 17,626.25 17,707.50    81.50        0.46  101893
88    2024-01-30 20:00:00  NAS100 17,680.25 17,684.50 17,653.00 17,661.00   -46.50       -0.26   15269
89    2024-01-30 21:00:00  NAS100 17,660.75 17,684.75 17,645.25 17,669.25     8.25        0.05   60029
90    2024-01-30 22:00:00  NAS100 17,670.25 17,672.25 17,616.50 17,639.25   -30.00       -0.17   98912
91    2024-01-30 23:00:00  NAS100 17,639.50 17,654.75 17,625.25 17,640.00     0.75        0.00   48322
92    2024-01-31 00:00:00  NAS100 17,640.00 17,647.50 17,563.00 17,573.50   -66.50       -0.38   57936
93    2024-01-31 01:00:00  NAS100 17,573.50 17,602.00 17,554.50 17,570.75    -2.75       -0.02   43504
94    2024-01-31 02:00:00  NAS100 17,571.00 17,601.50 17,548.25 17,590.00    19.25        0.11   41706
95    2024-01-31 03:00:00  NAS100 17,590.25 17,608.50 17,576.25 17,584.25    -5.75       -0.03   57147
96    2024-01-31 20:00:00  NAS100 17,428.25 17,454.25 17,400.00 17,405.75  -178.50       -1.02   31480
97    2024-01-31 21:00:00  NAS100 17,406.00 17,426.25 17,347.25 17,369.50   -36.25       -0.21   91354
98    2024-01-31 22:00:00  NAS100 17,370.00 17,383.50 17,283.50 17,301.25   -68.25       -0.39   96908
99    2024-01-31 23:00:00  NAS100 17,301.25 17,350.75 17,300.25 17,339.75    38.50        0.22   66001
100   2024-02-01 00:00:00  NAS100 17,340.00 17,371.75 17,333.25 17,370.50    30.75        0.18   48355
101   2024-02-01 01:00:00  NAS100 17,371.00 17,403.50 17,365.00 17,382.75    12.25        0.07   37508
102   2024-02-01 02:00:00  NAS100 17,384.75 17,484.00 17,309.00 17,378.75    -4.00       -0.02  144640
103   2024-02-01 03:00:00  NAS100 17,378.75 17,385.25 17,230.50 17,238.25  -140.50       -0.81  154010
104   2024-02-01 20:00:00  NAS100 17,346.00 17,357.75 17,302.25 17,336.25    98.00        0.57   24534
105   2024-02-01 21:00:00  NAS100 17,335.75 17,351.00 17,285.25 17,303.50   -32.75       -0.19   82619
106   2024-02-01 22:00:00  NAS100 17,299.25 17,371.75 17,270.00 17,273.25   -30.25       -0.17  108711
107   2024-02-01 23:00:00  NAS100 17,273.25 17,335.00 17,264.00 17,324.75    51.50        0.30   72246
108   2024-02-02 00:00:00  NAS100 17,325.00 17,414.00 17,322.50 17,383.25    58.50        0.34   77959
109   2024-02-02 01:00:00  NAS100 17,383.75 17,401.50 17,330.25 17,373.50    -9.75       -0.06   65595
110   2024-02-02 02:00:00  NAS100 17,373.50 17,437.00 17,373.00 17,433.25    59.75        0.34   53783
111   2024-02-02 03:00:00  NAS100 17,433.25 17,453.25 17,404.25 17,440.00     6.75        0.04   60613
112   2024-02-02 20:00:00  NAS100 17,624.00 17,634.50 17,483.25 17,496.50    56.50        0.32   52333
113   2024-02-02 21:00:00  NAS100 17,496.75 17,624.00 17,465.75 17,594.00    97.50        0.56  126295
114   2024-02-02 22:00:00  NAS100 17,590.25 17,666.75 17,548.50 17,639.50    45.50        0.26  121545
115   2024-02-02 23:00:00  NAS100 17,640.00 17,717.75 17,606.25 17,702.00    62.50        0.35   74297
116   2024-02-03 00:00:00  NAS100 17,702.75 17,756.50 17,664.50 17,709.75     7.75        0.04   80583
117   2024-02-03 01:00:00  NAS100 17,710.00 17,739.50 17,680.75 17,728.25    18.50        0.10   65278
118   2024-02-03 02:00:00  NAS100 17,729.00 17,775.50 17,727.50 17,762.75    34.50        0.19   56204
119   2024-02-03 03:00:00  NAS100 17,762.75 17,774.25 17,728.00 17,729.50   -33.25       -0.19   69691
120   2024-02-05 20:00:00  NAS100 17,732.75 17,739.25 17,690.50 17,700.25   -29.25       -0.16   18480
121   2024-02-05 21:00:00  NAS100 17,700.50 17,737.25 17,676.50 17,704.25     4.00        0.02   78611
122   2024-02-05 22:00:00  NAS100 17,704.50 17,706.00 17,554.25 17,593.00  -111.25       -0.63  119570
123   2024-02-05 23:00:00  NAS100 17,593.00 17,663.25 17,584.50 17,659.75    66.75        0.38   64444
124   2024-02-06 00:00:00  NAS100 17,659.75 17,720.00 17,654.25 17,695.00    35.25        0.20   56079
125   2024-02-06 01:00:00  NAS100 17,695.50 17,722.50 17,677.75 17,697.00     2.00        0.01   47859
126   2024-02-06 02:00:00  NAS100 17,697.50 17,745.50 17,682.50 17,735.25    38.25        0.22   46662
127   2024-02-06 03:00:00  NAS100 17,735.75 17,737.00 17,673.50 17,697.75   -37.50       -0.21   76371
128   2024-02-06 20:00:00  NAS100 17,705.00 17,744.75 17,701.25 17,737.00    39.25        0.22   14848
129   2024-02-06 21:00:00  NAS100 17,736.50 17,767.75 17,651.75 17,654.00   -83.00       -0.47   98121
130   2024-02-06 22:00:00  NAS100 17,654.75 17,658.50 17,598.25 17,637.75   -16.25       -0.09  112871
131   2024-02-06 23:00:00  NAS100 17,638.00 17,663.25 17,578.00 17,586.50   -51.25       -0.29   72553
132   2024-02-07 00:00:00  NAS100 17,587.25 17,616.00 17,560.75 17,591.50     5.00        0.03   64629
133   2024-02-07 01:00:00  NAS100 17,591.75 17,633.00 17,588.25 17,630.75    39.25        0.22   41700
134   2024-02-07 02:00:00  NAS100 17,631.00 17,640.75 17,562.75 17,635.50     4.75        0.03   54724
135   2024-02-07 03:00:00  NAS100 17,635.75 17,663.75 17,599.25 17,661.75    26.25        0.15   63328
136   2024-02-07 20:00:00  NAS100 17,709.25 17,746.50 17,705.50 17,735.75    74.00        0.42   23156
137   2024-02-07 21:00:00  NAS100 17,735.75 17,779.50 17,718.75 17,745.75    10.00        0.06   94453
138   2024-02-07 22:00:00  NAS100 17,745.75 17,875.50 17,725.25 17,833.50    87.75        0.49  122324
139   2024-02-07 23:00:00  NAS100 17,833.50 17,854.00 17,802.25 17,844.50    11.00        0.06   72493
140   2024-02-08 00:00:00  NAS100 17,844.25 17,853.75 17,779.25 17,819.00   -25.50       -0.14   55817
141   2024-02-08 01:00:00  NAS100 17,819.00 17,859.00 17,788.00 17,852.25    33.25        0.19   58708
142   2024-02-08 02:00:00  NAS100 17,852.00 17,861.50 17,831.50 17,854.00     1.75        0.01   36611
143   2024-02-08 03:00:00  NAS100 17,854.25 17,866.25 17,830.50 17,841.25   -12.75       -0.07   53565
144   2024-02-08 20:00:00  NAS100 17,808.00 17,828.50 17,792.25 17,826.00   -15.25       -0.09   17688
145   2024-02-08 21:00:00  NAS100 17,825.50 17,852.50 17,808.00 17,851.25    25.25        0.14   66397
146   2024-02-08 22:00:00  NAS100 17,851.25 17,892.50 17,824.00 17,889.25    38.00        0.21   89202
147   2024-02-08 23:00:00  NAS100 17,889.25 17,894.25 17,858.75 17,886.50    -2.75       -0.02   55021
148   2024-02-09 00:00:00  NAS100 17,886.25 17,896.50 17,849.25 17,856.50   -30.00       -0.17   43185
149   2024-02-09 01:00:00  NAS100 17,856.75 17,892.50 17,851.75 17,868.25    11.75        0.07   40385
150   2024-02-09 02:00:00  NAS100 17,868.75 17,875.50 17,827.25 17,863.00    -5.25       -0.03   39543
151   2024-02-09 03:00:00  NAS100 17,863.25 17,879.50 17,848.00 17,865.25     2.25        0.01   46358
152   2024-02-09 20:00:00  NAS100 17,915.75 17,971.75 17,902.50 17,930.50    65.25        0.37   32193
153   2024-02-09 21:00:00  NAS100 17,931.00 17,944.00 17,875.00 17,940.50    10.00        0.06   80556
154   2024-02-09 22:00:00  NAS100 17,940.25 17,997.25 17,922.75 17,982.25    41.75        0.23   81248
155   2024-02-09 23:00:00  NAS100 17,994.00 18,007.50 17,967.00 17,992.75    10.50        0.06   55814
156   2024-02-10 00:00:00  NAS100 17,992.75 18,027.00 17,977.75 18,024.00    31.25        0.17   36858
157   2024-02-10 01:00:00  NAS100 18,024.00 18,044.75 18,020.00 18,039.00    15.00        0.08   35722
158   2024-02-10 02:00:00  NAS100 18,038.75 18,071.00 18,029.25 18,055.25    16.25        0.09   34558
159   2024-02-10 03:00:00  NAS100 18,055.50 18,057.00 18,030.75 18,039.25   -16.00       -0.09   60470
160   2024-02-12 20:00:00  NAS100 18,040.00 18,048.00 18,026.50 18,029.00   -10.25       -0.06    8397
161   2024-02-12 21:00:00  NAS100 18,029.50 18,051.00 18,007.25 18,040.50    11.50        0.06   62553
162   2024-02-12 22:00:00  NAS100 18,040.50 18,084.25 18,014.25 18,079.25    38.75        0.21   67391
163   2024-02-12 23:00:00  NAS100 18,079.50 18,121.50 18,063.25 18,100.25    21.00        0.12   66158
164   2024-02-13 00:00:00  NAS100 18,100.25 18,108.50 18,066.75 18,103.75     3.50        0.02   50280
165   2024-02-13 01:00:00  NAS100 18,103.75 18,109.25 17,991.75 18,020.50   -83.25       -0.46   75188
166   2024-02-13 02:00:00  NAS100 18,020.75 18,025.25 17,936.25 17,951.25   -69.25       -0.38   77976
167   2024-02-13 03:00:00  NAS100 17,951.00 17,985.75 17,948.25 17,963.00    11.75        0.07   61726
168   2024-02-13 20:00:00  NAS100 17,832.75 17,870.00 17,638.25 17,661.25  -301.75       -1.68   66391
169   2024-02-13 21:00:00  NAS100 17,661.75 17,684.00 17,586.75 17,674.50    13.25        0.08  133502
170   2024-02-13 22:00:00  NAS100 17,674.50 17,791.75 17,631.00 17,733.50    59.00        0.33  131094
171   2024-02-13 23:00:00  NAS100 17,737.25 17,776.75 17,715.50 17,721.50   -12.00       -0.07   81459
172   2024-02-14 00:00:00  NAS100 17,721.50 17,728.00 17,663.75 17,674.00   -47.50       -0.27   66391
173   2024-02-14 01:00:00  NAS100 17,674.00 17,698.00 17,647.50 17,657.00   -17.00       -0.10   55660
174   2024-02-14 02:00:00  NAS100 17,657.25 17,657.50 17,569.75 17,578.75   -78.25       -0.44   91772
175   2024-02-14 03:00:00  NAS100 17,578.75 17,681.25 17,542.00 17,680.00   101.25        0.58  111857
176   2024-02-14 20:00:00  NAS100 17,790.00 17,811.25 17,767.00 17,778.50    98.50        0.56   20330
177   2024-02-14 21:00:00  NAS100 17,778.75 17,819.00 17,743.00 17,789.00    10.50        0.06   90096
178   2024-02-14 22:00:00  NAS100 17,789.25 17,847.00 17,743.50 17,744.50   -44.50       -0.25  113149
179   2024-02-14 23:00:00  NAS100 17,744.25 17,768.25 17,704.00 17,728.00   -16.50       -0.09   89481
180   2024-02-15 00:00:00  NAS100 17,728.50 17,787.50 17,690.25 17,777.25    49.25        0.28   61366
181   2024-02-15 01:00:00  NAS100 17,777.50 17,814.25 17,738.25 17,784.75     7.50        0.04   57631
182   2024-02-15 02:00:00  NAS100 17,785.50 17,797.75 17,730.50 17,796.50    11.75        0.07   59758
183   2024-02-15 03:00:00  NAS100 17,796.75 17,887.00 17,784.00 17,869.25    72.75        0.41   83322
184   2024-02-15 20:00:00  NAS100 17,906.75 17,933.50 17,882.25 17,899.25    30.00        0.17   28297
185   2024-02-15 21:00:00  NAS100 17,899.75 17,903.25 17,810.50 17,816.75   -82.50       -0.46   96823
186   2024-02-15 22:00:00  NAS100 17,817.00 17,863.25 17,797.00 17,847.00    30.25        0.17  108547
187   2024-02-15 23:00:00  NAS100 17,847.50 17,853.50 17,780.50 17,835.50   -11.50       -0.06   79139
188   2024-02-16 00:00:00  NAS100 17,835.75 17,883.00 17,819.50 17,853.50    18.00        0.10   50933
189   2024-02-16 01:00:00  NAS100 17,853.50 17,933.00 17,850.75 17,911.25    57.75        0.32   66423
190   2024-02-16 02:00:00  NAS100 17,911.25 17,928.50 17,881.00 17,907.00    -4.25       -0.02   63444
191   2024-02-16 03:00:00  NAS100 17,907.00 17,916.75 17,873.00 17,913.75     6.75        0.04   74069
192   2024-02-16 20:00:00  NAS100 17,995.50 18,009.75 17,903.00 17,940.25    26.50        0.15   41888
193   2024-02-16 21:00:00  NAS100 17,940.75 17,950.75 17,754.00 17,772.25  -168.00       -0.94  115591
194   2024-02-16 22:00:00  NAS100 17,772.00 17,819.50 17,717.75 17,807.25    35.00        0.20  128298
195   2024-02-16 23:00:00  NAS100 17,807.25 17,892.25 17,803.75 17,876.75    69.50        0.39   82997
196   2024-02-17 00:00:00  NAS100 17,877.00 17,887.00 17,845.25 17,857.25   -19.50       -0.11   55168
197   2024-02-17 01:00:00  NAS100 17,857.50 17,876.75 17,802.25 17,875.00    17.75        0.10   62259
198   2024-02-17 02:00:00  NAS100 17,875.75 17,903.50 17,769.00 17,790.75   -84.25       -0.47   71324
199   2024-02-17 03:00:00  NAS100 17,791.00 17,797.50 17,722.25 17,747.00   -43.75       -0.25   90781
200   2024-02-20 20:00:00  NAS100 17,676.00 17,699.50 17,656.50 17,673.00   -74.00       -0.42   19540
201   2024-02-20 21:00:00  NAS100 17,673.75 17,724.00 17,543.50 17,562.00  -111.00       -0.63  125422
202   2024-02-20 22:00:00  NAS100 17,562.50 17,577.25 17,482.00 17,574.25    12.25        0.07  129162
203   2024-02-20 23:00:00  NAS100 17,574.25 17,598.25 17,504.25 17,506.00   -68.25       -0.39   79761
204   2024-02-21 00:00:00  NAS100 17,506.50 17,516.00 17,452.50 17,503.50    -2.50       -0.01   75900
205   2024-02-21 01:00:00  NAS100 17,503.75 17,533.00 17,476.00 17,531.50    28.00        0.16   56640
206   2024-02-21 02:00:00  NAS100 17,531.75 17,576.75 17,505.25 17,570.00    38.50        0.22   63425
207   2024-02-21 03:00:00  NAS100 17,570.75 17,614.25 17,530.75 17,612.25    42.25        0.24   96545
208   2024-02-21 20:00:00  NAS100 17,488.25 17,510.00 17,480.50 17,505.00  -107.25       -0.61   18969
209   2024-02-21 21:00:00  NAS100 17,505.00 17,514.75 17,448.25 17,473.00   -32.00       -0.18   93839
210   2024-02-21 22:00:00  NAS100 17,473.25 17,525.50 17,454.25 17,469.25    -3.75       -0.02   93953
211   2024-02-21 23:00:00  NAS100 17,469.00 17,519.00 17,466.50 17,506.00    36.75        0.21   57268
212   2024-02-22 00:00:00  NAS100 17,506.75 17,508.75 17,435.25 17,478.25   -27.75       -0.16   65498
213   2024-02-22 01:00:00  NAS100 17,478.25 17,486.50 17,427.75 17,452.25   -26.00       -0.15   58756
214   2024-02-22 02:00:00  NAS100 17,452.25 17,487.25 17,372.75 17,405.50   -46.75       -0.27   94417
215   2024-02-22 03:00:00  NAS100 17,406.00 17,542.50 17,382.75 17,537.00   131.50        0.76   88924
216   2024-02-22 20:00:00  NAS100 17,887.75 17,908.75 17,872.50 17,897.50   360.50        2.06   20139
217   2024-02-22 21:00:00  NAS100 17,897.25 17,970.25 17,864.00 17,922.25    24.75        0.14  130993
218   2024-02-22 22:00:00  NAS100 17,922.25 17,975.00 17,895.00 17,914.00    -8.25       -0.05  114136
219   2024-02-22 23:00:00  NAS100 17,914.50 17,981.00 17,905.25 17,951.50    37.50        0.21   70835
220   2024-02-23 00:00:00  NAS100 17,951.75 18,019.25 17,935.25 18,018.25    66.75        0.37   53371
221   2024-02-23 01:00:00  NAS100 18,018.25 18,056.00 18,002.50 18,052.75    34.50        0.19   43948
222   2024-02-23 02:00:00  NAS100 18,052.75 18,087.00 17,536.75 18,050.50    -2.25       -0.01   57442
223   2024-02-23 03:00:00  NAS100 18,050.50 18,084.75 18,040.50 18,044.75    -5.75       -0.03   88295
224   2024-02-23 20:00:00  NAS100 18,042.25 18,082.75 18,031.75 18,073.50    28.75        0.16   18918
225   2024-02-23 21:00:00  NAS100 18,073.50 18,144.75 18,060.75 18,079.75     6.25        0.03  103635
226   2024-02-23 22:00:00  NAS100 18,080.00 18,092.50 18,013.25 18,017.50   -62.25       -0.34  116902
227   2024-02-23 23:00:00  NAS100 18,018.00 18,038.25 17,946.00 18,037.00    19.50        0.11  103456
228   2024-02-24 00:00:00  NAS100 18,037.25 18,064.25 17,993.00 18,043.00     6.00        0.03   63727
229   2024-02-24 01:00:00  NAS100 18,042.75 18,061.25 18,027.25 18,036.50    -6.50       -0.04   39774
230   2024-02-24 02:00:00  NAS100 18,037.00 18,038.00 17,988.75 18,015.00   -21.50       -0.12   48603
231   2024-02-24 03:00:00  NAS100 18,014.50 18,020.00 17,963.75 17,986.50   -28.50       -0.16   70888
232   2024-02-26 20:00:00  NAS100 17,978.50 18,028.00 17,971.75 18,015.50    29.00        0.16   12716
233   2024-02-26 21:00:00  NAS100 18,015.25 18,050.75 17,966.00 17,985.50   -30.00       -0.17   84161
234   2024-02-26 22:00:00  NAS100 17,985.00 18,041.25 17,968.25 18,017.50    32.00        0.18   79771
235   2024-02-26 23:00:00  NAS100 18,017.75 18,058.75 17,992.75 18,046.00    28.50        0.16   61233
236   2024-02-27 00:00:00  NAS100 18,046.25 18,059.50 18,017.25 18,027.00   -19.00       -0.11   41350
237   2024-02-27 01:00:00  NAS100 18,027.25 18,044.50 17,980.25 18,014.50   -12.50       -0.07   54203
238   2024-02-27 02:00:00  NAS100 18,014.50 18,041.75 18,005.75 18,016.50     2.00        0.01   43036
239   2024-02-27 03:00:00  NAS100 18,016.50 18,036.50 17,973.25 17,977.00   -39.50       -0.22   57610
240   2024-02-27 20:00:00  NAS100 18,030.25 18,033.75 17,986.75 18,027.00    50.00        0.28   19204
241   2024-02-27 21:00:00  NAS100 18,026.50 18,029.00 17,941.00 17,990.25   -36.75       -0.20   83330
242   2024-02-27 22:00:00  NAS100 17,988.75 18,032.50 17,977.25 18,013.00    22.75        0.13   95547
243   2024-02-27 23:00:00  NAS100 18,013.25 18,015.75 17,965.00 18,000.75   -12.25       -0.07   59927
244   2024-02-28 00:00:00  NAS100 18,000.75 18,010.00 17,921.50 17,928.25   -72.50       -0.40   59770
245   2024-02-28 01:00:00  NAS100 17,928.25 17,972.00 17,908.75 17,969.75    41.50        0.23   56759
246   2024-02-28 02:00:00  NAS100 17,970.25 18,029.75 17,969.25 18,027.00    57.25        0.32   53166
247   2024-02-28 03:00:00  NAS100 18,027.00 18,031.25 18,001.50 18,017.75    -9.25       -0.05   58141
248   2024-02-28 20:00:00  NAS100 17,924.50 17,960.75 17,918.75 17,945.00   -72.75       -0.40   21785
249   2024-02-28 21:00:00  NAS100 17,945.25 17,946.50 17,876.00 17,896.50   -48.50       -0.27   93990
250   2024-02-28 22:00:00  NAS100 17,896.25 17,931.00 17,879.75 17,928.75    32.25        0.18   74827
251   2024-02-28 23:00:00  NAS100 17,928.25 17,975.00 17,928.00 17,963.50    34.75        0.19   55181
252   2024-02-29 00:00:00  NAS100 17,963.25 17,966.50 17,896.25 17,917.00   -46.50       -0.26   48868
253   2024-02-29 01:00:00  NAS100 17,917.00 17,956.25 17,894.00 17,949.25    32.25        0.18   45182
254   2024-02-29 02:00:00  NAS100 17,949.25 17,954.75 17,884.00 17,914.25   -35.00       -0.19   52767
255   2024-02-29 03:00:00  NAS100 17,914.50 17,931.00 17,892.00 17,917.75     3.50        0.02   55610
256   2024-02-29 20:00:00  NAS100 17,873.50 18,026.50 17,859.50 18,006.00    88.25        0.49   47619
257   2024-02-29 21:00:00  NAS100 18,006.25 18,072.50 18,006.25 18,053.50    47.50        0.26   88841
258   2024-02-29 22:00:00  NAS100 18,053.00 18,070.50 17,981.00 18,005.25   -48.25       -0.27  100844
259   2024-02-29 23:00:00  NAS100 18,005.25 18,015.50 17,898.25 17,984.50   -20.75       -0.12   97941
260   2024-03-01 00:00:00  NAS100 17,984.25 18,024.25 17,969.00 18,020.75    36.25        0.20   61678
261   2024-03-01 01:00:00  NAS100 18,020.75 18,050.25 18,019.00 18,037.50    16.75        0.09   46265
262   2024-03-01 02:00:00  NAS100 18,038.00 18,059.25 18,007.00 18,037.25    -0.25       -0.00   47054
263   2024-03-01 03:00:00  NAS100 18,037.25 18,109.25 18,020.50 18,067.00    29.75        0.16   80694
264   2024-03-01 20:00:00  NAS100 18,093.25 18,110.50 18,070.50 18,089.25    22.25        0.12   17856
265   2024-03-01 21:00:00  NAS100 18,089.00 18,144.50 18,081.25 18,134.00    44.75        0.25   75771
266   2024-03-01 22:00:00  NAS100 18,134.00 18,204.25 18,122.00 18,191.75    57.75        0.32  110359
267   2024-03-01 23:00:00  NAS100 18,192.00 18,249.25 18,188.25 18,239.25    47.50        0.26   66764
268   2024-03-02 00:00:00  NAS100 18,240.00 18,291.75 18,221.75 18,286.00    46.75        0.26   55578
269   2024-03-02 01:00:00  NAS100 18,286.50 18,348.25 18,280.00 18,345.00    59.00        0.32   51765
270   2024-03-02 02:00:00  NAS100 18,344.75 18,372.75 18,332.75 18,365.00    20.00        0.11   60510
271   2024-03-02 03:00:00  NAS100 18,360.50 18,364.25 18,321.75 18,335.00   -30.00       -0.16   74797
272   2024-03-04 20:00:00  NAS100 18,333.75 18,351.00 18,326.75 18,335.00     0.00        0.00   12465
273   2024-03-04 21:00:00  NAS100 18,335.00 18,336.25 18,288.00 18,296.25   -38.75       -0.21   89678
274   2024-03-04 22:00:00  NAS100 18,296.50 18,333.00 18,280.25 18,321.50    25.25        0.14   79547
275   2024-03-04 23:00:00  NAS100 18,321.75 18,326.50 18,281.25 18,316.50    -5.00       -0.03   63574
276   2024-03-05 00:00:00  NAS100 18,316.75 18,327.50 18,293.25 18,303.50   -13.00       -0.07   41557
277   2024-03-05 01:00:00  NAS100 18,302.75 18,312.00 18,270.25 18,301.75    -1.75       -0.01   39607
278   2024-03-05 02:00:00  NAS100 18,302.00 18,346.50 18,289.00 18,331.00    29.25        0.16   54637
279   2024-03-05 03:00:00  NAS100 18,331.25 18,346.00 18,252.25 18,259.25   -71.75       -0.39   89721
280   2024-03-05 20:00:00  NAS100 18,149.00 18,175.75 18,130.75 18,132.50  -126.75       -0.69   16726
281   2024-03-05 21:00:00  NAS100 18,133.00 18,145.00 18,023.25 18,038.75   -93.75       -0.52  117074
282   2024-03-05 22:00:00  NAS100 18,039.75 18,083.75 17,909.25 17,940.50   -98.25       -0.54  156007
283   2024-03-05 23:00:00  NAS100 17,940.75 17,966.00 17,907.50 17,938.75    -1.75       -0.01   81423
284   2024-03-06 00:00:00  NAS100 17,938.75 17,978.50 17,936.25 17,951.75    13.00        0.07   55459
285   2024-03-06 01:00:00  NAS100 17,952.25 17,954.00 17,875.75 17,879.25   -72.50       -0.40   67207
286   2024-03-06 02:00:00  NAS100 17,879.50 17,911.25 17,849.00 17,856.75   -22.50       -0.13   67887
287   2024-03-06 03:00:00  NAS100 17,857.00 17,936.50 17,832.50 17,932.00    75.25        0.42  102830
288   2024-03-06 20:00:00  NAS100 18,067.50 18,098.50 18,054.00 18,098.50   166.50        0.93   26527
289   2024-03-06 21:00:00  NAS100 18,098.00 18,126.50 18,036.50 18,046.50   -52.00       -0.29  105631
290   2024-03-06 22:00:00  NAS100 18,048.75 18,086.75 17,963.50 18,077.25    30.75        0.17  131333
291   2024-03-06 23:00:00  NAS100 18,077.00 18,130.75 18,060.50 18,122.25    45.00        0.25   79846
292   2024-03-07 00:00:00  NAS100 18,122.25 18,174.25 18,116.25 18,132.25    10.00        0.06   60404
293   2024-03-07 01:00:00  NAS100 18,132.75 18,161.00 18,030.50 18,077.50   -54.75       -0.30   98756
294   2024-03-07 02:00:00  NAS100 18,078.00 18,092.75 18,002.25 18,028.25   -49.25       -0.27   97537
295   2024-03-07 03:00:00  NAS100 18,028.00 18,062.75 17,984.50 18,044.25    16.00        0.09  100754
296   2024-03-07 20:00:00  NAS100 18,119.75 18,161.75 18,105.25 18,152.50   108.25        0.60   23789
297   2024-03-07 21:00:00  NAS100 18,152.00 18,225.75 18,119.00 18,192.50    40.00        0.22  134539
298   2024-03-07 22:00:00  NAS100 18,192.25 18,282.50 18,174.25 18,250.50    58.00        0.32  115241
299   2024-03-07 23:00:00  NAS100 18,250.50 18,307.00 18,241.75 18,301.50    51.00        0.28   68701
300   2024-03-08 00:00:00  NAS100 18,301.25 18,329.25 18,286.25 18,309.25     7.75        0.04   56529
301   2024-03-08 01:00:00  NAS100 18,309.50 18,360.00 18,291.25 18,353.50    44.25        0.24   48328
302   2024-03-08 02:00:00  NAS100 18,353.50 18,358.50 18,321.75 18,326.75   -26.75       -0.15   46145
303   2024-03-08 03:00:00  NAS100 18,327.00 18,340.00 18,288.50 18,308.75   -18.00       -0.10   93875
304   2024-03-08 20:00:00  NAS100 18,268.75 18,371.25 18,211.00 18,352.00    43.25        0.24   56199
305   2024-03-08 21:00:00  NAS100 18,352.00 18,390.00 18,288.00 18,387.50    35.50        0.19  118705
306   2024-03-08 22:00:00  NAS100 18,388.00 18,436.50 18,344.50 18,380.75    -6.75       -0.04  126862
307   2024-03-08 23:00:00  NAS100 18,380.25 18,385.25 18,149.50 18,176.00  -204.75       -1.11  216790
308   2024-03-09 00:00:00  NAS100 18,176.25 18,213.00 18,053.25 18,065.00  -111.00       -0.61  128145
309   2024-03-09 01:00:00  NAS100 18,065.25 18,106.25 18,012.50 18,046.00   -19.00       -0.11  100956
310   2024-03-09 02:00:00  NAS100 18,046.00 18,175.50 18,040.25 18,143.25    97.25        0.54   81531
311   2024-03-09 03:00:00  NAS100 18,142.75 18,168.75 18,039.00 18,040.25  -103.00       -0.57  102377
312   2024-03-11 20:00:00  NAS100 17,951.75 18,001.25 17,898.25 17,899.75  -140.50       -0.78   77137
313   2024-03-11 21:00:00  NAS100 17,899.75 18,022.75 17,890.75 18,001.25   101.50        0.57   84053
314   2024-03-11 22:00:00  NAS100 18,001.00 18,018.00 17,919.50 17,999.75    -1.50       -0.01   54444
315   2024-03-11 23:00:00  NAS100 17,999.50 18,000.50 17,946.75 17,989.25   -10.50       -0.06   39443
316   2024-03-12 00:00:00  NAS100 17,990.00 18,007.50 17,940.50 17,974.75   -14.50       -0.08   38722
317   2024-03-12 01:00:00  NAS100 17,975.50 18,025.25 17,958.25 18,002.25    27.50        0.15   27008
318   2024-03-12 02:00:00  NAS100 18,001.75 18,002.25 17,947.75 17,970.25   -32.00       -0.18   32806
319   2024-03-12 03:00:00  NAS100 17,970.75 18,015.75 17,967.50 17,999.25    29.00        0.16    8081
320   2024-03-12 20:00:00  NAS100 18,069.00 18,093.50 17,930.00 18,048.25    49.00        0.27   51092
321   2024-03-12 21:00:00  NAS100 18,047.75 18,197.75 18,029.25 18,171.25   123.00        0.68   41323
322   2024-03-12 22:00:00  NAS100 18,172.75 18,208.25 18,142.00 18,172.75     1.50        0.01   27842
323   2024-03-12 23:00:00  NAS100 18,172.50 18,177.00 18,076.75 18,109.00   -63.75       -0.35   22470
324   2024-03-13 00:00:00  NAS100 18,109.25 18,161.00 18,077.50 18,153.50    44.50        0.25   17102
325   2024-03-13 01:00:00  NAS100 18,154.50 18,219.00 18,148.25 18,206.00    52.50        0.29   16518
326   2024-03-13 02:00:00  NAS100 18,206.50 18,241.75 18,186.50 18,226.75    20.75        0.11   23295
327   2024-03-13 03:00:00  NAS100 18,226.00 18,233.75 18,215.00 18,222.75    -4.00       -0.02    5486
328   2024-03-13 20:00:00  NAS100 18,178.50 18,194.50 18,089.50 18,092.50  -130.25       -0.71   26886
329   2024-03-13 21:00:00  NAS100 18,093.00 18,137.00 18,057.75 18,085.50    -7.00       -0.04   34306
330   2024-03-13 22:00:00  NAS100 18,086.25 18,117.50 18,033.25 18,086.75     1.25        0.01   21658
331   2024-03-13 23:00:00  NAS100 18,086.50 18,112.75 18,070.50 18,101.25    14.50        0.08   15236
332   2024-03-14 00:00:00  NAS100 18,102.25 18,146.75 18,101.75 18,136.25    35.00        0.19   13496
333   2024-03-14 01:00:00  NAS100 18,134.50 18,153.00 18,115.75 18,128.50    -7.75       -0.04    9689
334   2024-03-14 02:00:00  NAS100 18,129.25 18,138.25 18,039.75 18,080.50   -48.00       -0.26   22859
335   2024-03-14 03:00:00  NAS100 18,079.75 18,107.00 18,075.50 18,104.00    23.50        0.13    2852
336   2024-03-14 20:00:00  NAS100 18,121.50 18,148.75 17,983.25 17,993.75  -110.25       -0.61   20173
337   2024-03-14 21:00:00  NAS100 17,989.00 18,094.75 17,958.75 18,051.00    57.25        0.32   15338
338   2024-03-14 22:00:00  NAS100 18,055.00 18,088.75 18,015.75 18,052.75     1.75        0.01   12837
339   2024-03-14 23:00:00  NAS100 18,053.25 18,066.00 17,994.25 18,006.50   -46.25       -0.26    8235
340   2024-03-15 00:00:00  NAS100 18,006.50 18,047.00 17,963.75 18,045.25    38.75        0.22    7429
341   2024-03-15 01:00:00  NAS100 18,047.75 18,082.00 18,001.75 18,004.25   -41.00       -0.23    7768
342   2024-03-15 02:00:00  NAS100 18,002.75 18,031.25 17,915.50 18,029.50    25.25        0.14   12965
343   2024-03-15 03:00:00  NAS100 18,030.00 18,051.75 18,008.00 18,024.50    -5.00       -0.03    2435
344   2024-03-15 20:00:00  NAS100 18,004.50 18,006.50 17,831.75 17,896.50  -128.00       -0.71    2134
345   2024-03-16 03:00:00  NAS100 18,063.50 18,063.50 18,063.50 18,063.50   167.00        0.93  668242
346   2024-03-18 20:00:00  NAS100 18,277.00 18,361.75 18,269.25 18,289.00   225.50        1.25  118735
347   2024-03-18 21:00:00  NAS100 18,288.75 18,381.00 18,286.25 18,357.00    68.00        0.37  100697
348   2024-03-18 22:00:00  NAS100 18,356.75 18,365.00 18,276.50 18,295.00   -62.00       -0.34   75074
349   2024-03-18 23:00:00  NAS100 18,295.25 18,314.00 18,245.75 18,249.00   -46.00       -0.25   53422
350   2024-03-19 00:00:00  NAS100 18,249.00 18,291.75 18,235.25 18,272.50    23.50        0.13   50649
351   2024-03-19 01:00:00  NAS100 18,273.25 18,311.75 18,254.50 18,277.25     4.75        0.03   45309
352   2024-03-19 02:00:00  NAS100 18,277.75 18,297.00 18,219.00 18,228.25   -49.00       -0.27   69215
353   2024-03-19 03:00:00  NAS100 18,229.00 18,249.00 18,207.25 18,227.75    -0.50       -0.00   23685
354   2024-03-19 20:00:00  NAS100 18,131.00 18,152.50 18,053.25 18,090.25  -137.50       -0.75  107269
355   2024-03-19 21:00:00  NAS100 18,090.25 18,146.75 18,067.75 18,116.25    26.00        0.14   99674
356   2024-03-19 22:00:00  NAS100 18,115.75 18,169.00 18,104.50 18,158.75    42.50        0.23   60201
357   2024-03-19 23:00:00  NAS100 18,158.75 18,268.75 18,147.00 18,243.75    85.00        0.47   72180
358   2024-03-20 00:00:00  NAS100 18,243.75 18,286.00 18,231.75 18,264.00    20.25        0.11   60182
359   2024-03-20 01:00:00  NAS100 18,264.50 18,289.25 18,241.50 18,266.00     2.00        0.01   46921
360   2024-03-20 02:00:00  NAS100 18,266.00 18,284.25 18,216.50 18,269.75     3.75        0.02   70966
361   2024-03-20 03:00:00  NAS100 18,270.00 18,286.75 18,262.00 18,270.00     0.25        0.00   13480
362   2024-03-20 20:00:00  NAS100 18,298.75 18,334.50 18,245.75 18,258.75   -11.25       -0.06   72637
363   2024-03-20 21:00:00  NAS100 18,259.50 18,304.75 18,249.00 18,262.00     3.25        0.02   60243
364   2024-03-20 22:00:00  NAS100 18,262.25 18,296.00 18,254.25 18,278.75    16.75        0.09   40715
365   2024-03-20 23:00:00  NAS100 18,278.50 18,290.50 18,253.00 18,289.75    11.00        0.06   32358
366   2024-03-21 00:00:00  NAS100 18,290.25 18,291.50 18,244.75 18,273.75   -16.00       -0.09   26611
367   2024-03-21 01:00:00  NAS100 18,272.50 18,454.50 18,272.50 18,419.25   145.50        0.80  169557
368   2024-03-21 02:00:00  NAS100 18,419.00 18,497.75 18,414.00 18,484.25    65.00        0.35  105443
369   2024-03-21 03:00:00  NAS100 18,484.00 18,545.00 18,470.50 18,542.00    57.75        0.31   26519
370   2024-03-21 20:00:00  NAS100 18,658.50 18,709.00 18,626.00 18,648.25   106.25        0.57  106551
371   2024-03-21 21:00:00  NAS100 18,648.00 18,687.50 18,620.25 18,643.50    -4.75       -0.03   96688
372   2024-03-21 22:00:00  NAS100 18,643.50 18,701.00 18,617.50 18,681.75    38.25        0.21   62973
373   2024-03-21 23:00:00  NAS100 18,682.00 18,707.50 18,675.00 18,689.25     7.50        0.04   43079
374   2024-03-22 00:00:00  NAS100 18,689.00 18,689.75 18,612.25 18,618.75   -70.50       -0.38   45265
375   2024-03-22 01:00:00  NAS100 18,618.50 18,623.50 18,552.50 18,573.50   -45.25       -0.24   63016
376   2024-03-22 02:00:00  NAS100 18,573.50 18,601.75 18,552.75 18,558.50   -15.00       -0.08   61113
377   2024-03-22 03:00:00  NAS100 18,558.75 18,586.50 18,556.75 18,579.75    21.25        0.11   12533
378   2024-03-22 20:00:00  NAS100 18,529.50 18,546.75 18,500.00 18,530.75   -49.00       -0.26   69121
379   2024-03-22 21:00:00  NAS100 18,530.25 18,565.00 18,502.50 18,512.75   -18.00       -0.10   75157
380   2024-03-22 22:00:00  NAS100 18,512.75 18,562.00 18,509.25 18,559.00    46.25        0.25   53622
381   2024-03-22 23:00:00  NAS100 18,559.00 18,582.25 18,528.50 18,580.25    21.25        0.11   43606
382   2024-03-23 00:00:00  NAS100 18,580.00 18,626.00 18,577.00 18,622.50    42.25        0.23   43339
383   2024-03-23 01:00:00  NAS100 18,622.50 18,624.50 18,580.50 18,595.25   -27.25       -0.15   41619
384   2024-03-23 02:00:00  NAS100 18,595.00 18,606.00 18,547.00 18,572.25   -23.00       -0.12   65449
385   2024-03-23 03:00:00  NAS100 18,572.25 18,577.00 18,555.00 18,563.75    -8.50       -0.05   13677
386   2024-03-25 20:00:00  NAS100 18,476.00 18,487.50 18,414.75 18,479.00   -84.75       -0.46   84197
387   2024-03-25 21:00:00  NAS100 18,479.25 18,542.00 18,466.75 18,522.00    43.00        0.23   77367
388   2024-03-25 22:00:00  NAS100 18,522.00 18,553.50 18,514.75 18,543.00    21.00        0.11   50490
389   2024-03-25 23:00:00  NAS100 18,534.50 18,539.75 18,511.25 18,529.50   -13.50       -0.07   36178
390   2024-03-26 00:00:00  NAS100 18,529.50 18,557.50 18,515.00 18,552.25    22.75        0.12   28497
391   2024-03-26 01:00:00  NAS100 18,552.25 18,571.75 18,548.00 18,567.25    15.00        0.08   25741
392   2024-03-26 02:00:00  NAS100 18,568.00 18,569.75 18,507.50 18,509.50   -57.75       -0.31   57317
393   2024-03-26 03:00:00  NAS100 18,509.50 18,535.00 18,508.50 18,533.50    24.00        0.13    9925
394   2024-03-26 20:00:00  NAS100 18,568.75 18,594.50 18,550.00 18,589.50    56.00        0.30   66449
395   2024-03-26 21:00:00  NAS100 18,589.50 18,608.50 18,534.00 18,562.00   -27.50       -0.15   91368
396   2024-03-26 22:00:00  NAS100 18,561.50 18,582.25 18,549.75 18,581.00    19.00        0.10   51618
397   2024-03-26 23:00:00  NAS100 18,580.25 18,588.75 18,535.25 18,542.25   -38.75       -0.21   42012
398   2024-03-27 00:00:00  NAS100 18,542.50 18,557.00 18,529.50 18,538.50    -3.75       -0.02   35440
399   2024-03-27 01:00:00  NAS100 18,538.25 18,562.75 18,513.50 18,554.50    16.00        0.09   31665
400   2024-03-27 02:00:00  NAS100 18,554.50 18,555.50 18,439.25 18,450.50  -104.00       -0.56   92823
401   2024-03-27 03:00:00  NAS100 18,450.25 18,484.25 18,447.50 18,480.00    29.50        0.16   16783
402   2024-03-27 20:00:00  NAS100 18,548.50 18,571.75 18,446.00 18,450.50   -29.50       -0.16  100067
403   2024-03-27 21:00:00  NAS100 18,450.50 18,458.00 18,378.50 18,419.75   -30.75       -0.17  117750
404   2024-03-27 22:00:00  NAS100 18,420.00 18,430.25 18,390.75 18,395.50   -24.25       -0.13   57120
405   2024-03-27 23:00:00  NAS100 18,396.00 18,453.50 18,392.00 18,440.75    45.25        0.25   43629
406   2024-03-28 00:00:00  NAS100 18,441.00 18,447.00 18,407.25 18,430.25   -10.50       -0.06   37567
407   2024-03-28 01:00:00  NAS100 18,430.50 18,461.50 18,412.75 18,419.50   -10.75       -0.06   45097
408   2024-03-28 02:00:00  NAS100 18,419.75 18,507.75 18,397.00 18,507.00    87.50        0.48   96347
409   2024-03-28 03:00:00  NAS100 18,506.75 18,526.25 18,500.25 18,503.75    -3.25       -0.02   19039
410   2024-03-28 20:00:00  NAS100 18,499.25 18,537.00 18,457.25 18,513.00     9.25        0.05   81476
411   2024-03-28 21:00:00  NAS100 18,514.25 18,538.75 18,476.50 18,505.75    -7.25       -0.04   75618
412   2024-03-28 22:00:00  NAS100 18,506.00 18,519.00 18,488.00 18,516.50    10.75        0.06   49513
413   2024-03-28 23:00:00  NAS100 18,516.75 18,518.00 18,472.25 18,482.25   -34.25       -0.18   45018
414   2024-03-29 00:00:00  NAS100 18,482.25 18,483.50 18,454.00 18,469.50   -12.75       -0.07   35612
415   2024-03-29 01:00:00  NAS100 18,469.25 18,506.25 18,448.75 18,498.75    29.25        0.16   42024
416   2024-03-29 02:00:00  NAS100 18,498.75 18,510.75 18,457.75 18,463.00   -35.75       -0.19   76496
417   2024-03-29 03:00:00  NAS100 18,462.50 18,476.25 18,447.50 18,465.00     2.00        0.01   19078
418   2024-04-01 20:00:00  NAS100 18,515.25 18,607.00 18,478.00 18,586.00   121.00        0.66   93840
419   2024-04-01 21:00:00  NAS100 18,584.25 18,604.25 18,466.75 18,482.00  -104.00       -0.56  115862
420   2024-04-01 22:00:00  NAS100 18,482.25 18,489.00 18,420.50 18,425.25   -56.75       -0.31   73929
421   2024-04-01 23:00:00  NAS100 18,425.50 18,491.25 18,414.50 18,469.00    43.75        0.24   46002
422   2024-04-02 00:00:00  NAS100 18,469.25 18,472.50 18,425.25 18,464.00    -5.00       -0.03   37250
423   2024-04-02 01:00:00  NAS100 18,464.50 18,482.50 18,450.25 18,468.75     4.75        0.03   29419
424   2024-04-02 02:00:00  NAS100 18,468.75 18,514.25 18,456.00 18,495.25    26.50        0.14   64974
425   2024-04-02 03:00:00  NAS100 18,495.25 18,505.75 18,489.00 18,497.75     2.50        0.01   14657
426   2024-04-02 20:00:00  NAS100 18,338.00 18,339.75 18,223.25 18,254.75  -243.00       -1.31  123491
427   2024-04-02 21:00:00  NAS100 18,254.75 18,275.75 18,201.50 18,215.50   -39.25       -0.22  105121
428   2024-04-02 22:00:00  NAS100 18,216.00 18,285.00 18,212.00 18,233.25    17.75        0.10   70120
429   2024-04-02 23:00:00  NAS100 18,233.00 18,290.75 18,231.25 18,290.25    57.00        0.31   42607
430   2024-04-03 00:00:00  NAS100 18,289.75 18,300.75 18,269.50 18,277.25   -13.00       -0.07   38147
431   2024-04-03 01:00:00  NAS100 18,277.75 18,297.25 18,268.00 18,278.25     1.00        0.01   30077
432   2024-04-03 02:00:00  NAS100 18,278.00 18,347.00 18,276.00 18,330.75    52.50        0.29   73990
433   2024-04-03 03:00:00  NAS100 18,330.75 18,348.75 18,328.25 18,344.50    13.75        0.08   12544
434   2024-04-03 20:00:00  NAS100 18,268.25 18,283.75 18,232.50 18,269.75   -74.75       -0.41   65097
435   2024-04-03 21:00:00  NAS100 18,270.00 18,434.00 18,270.00 18,429.25   159.50        0.87  113153
436   2024-04-03 22:00:00  NAS100 18,429.25 18,451.75 18,398.25 18,403.75   -25.50       -0.14   54487
437   2024-04-03 23:00:00  NAS100 18,403.75 18,439.50 18,370.25 18,411.50     7.75        0.04   74010
438   2024-04-04 00:00:00  NAS100 18,411.50 18,431.50 18,407.00 18,416.25     4.75        0.03   29360
439   2024-04-04 01:00:00  NAS100 18,417.25 18,432.25 18,392.25 18,397.75   -18.50       -0.10   36799
440   2024-04-04 02:00:00  NAS100 18,397.75 18,398.75 18,303.00 18,371.00   -26.75       -0.15   99380
441   2024-04-04 03:00:00  NAS100 18,371.00 18,400.00 18,369.00 18,373.25     2.25        0.01   14515
442   2024-04-04 20:00:00  NAS100 18,536.25 18,568.00 18,506.50 18,518.00   144.75        0.79   86107
443   2024-04-04 21:00:00  NAS100 18,517.75 18,531.50 18,487.00 18,500.50   -17.50       -0.09   65021
444   2024-04-04 22:00:00  NAS100 18,500.50 18,534.75 18,479.75 18,534.75    34.25        0.19   47422
445   2024-04-04 23:00:00  NAS100 18,534.75 18,566.75 18,531.25 18,556.75    22.00        0.12   44391
446   2024-04-05 00:00:00  NAS100 18,557.00 18,558.75 18,487.50 18,498.00   -58.75       -0.32   44761
447   2024-04-05 01:00:00  NAS100 18,498.25 18,498.25 18,208.25 18,226.75  -271.25       -1.47  195237
448   2024-04-05 02:00:00  NAS100 18,226.00 18,226.00 18,069.25 18,075.50  -151.25       -0.83  165068
449   2024-04-05 03:00:00  NAS100 18,075.25 18,100.00 18,055.25 18,076.75     1.25        0.01   26594
450   2024-04-05 20:00:00  NAS100 18,145.00 18,228.25 18,102.50 18,205.50   128.75        0.71  108524
451   2024-04-05 21:00:00  NAS100 18,206.75 18,311.00 18,174.50 18,310.75   105.25        0.58  111866
452   2024-04-05 22:00:00  NAS100 18,310.00 18,366.75 18,234.25 18,356.75    46.00        0.25  104123
453   2024-04-05 23:00:00  NAS100 18,356.75 18,406.50 18,334.50 18,400.50    43.75        0.24   63851
454   2024-04-06 00:00:00  NAS100 18,400.50 18,408.25 18,280.25 18,291.75  -108.75       -0.59   72226
455   2024-04-06 01:00:00  NAS100 18,291.25 18,344.00 18,251.25 18,279.50   -12.25       -0.07   97865
456   2024-04-06 02:00:00  NAS100 18,279.50 18,332.75 18,269.75 18,294.00    14.50        0.08   78612
457   2024-04-06 03:00:00  NAS100 18,293.50 18,311.75 18,282.50 18,311.00    17.00        0.09   13783
458   2024-04-08 20:00:00  NAS100 18,358.50 18,367.25 18,237.50 18,300.75   -10.25       -0.06   87535
459   2024-04-08 21:00:00  NAS100 18,300.50 18,376.00 18,275.75 18,364.50    63.75        0.35   83934
460   2024-04-08 22:00:00  NAS100 18,364.50 18,372.50 18,278.25 18,301.25   -63.25       -0.34   62323
461   2024-04-08 23:00:00  NAS100 18,301.25 18,316.25 18,252.00 18,315.50    14.25        0.08   53847
462   2024-04-09 00:00:00  NAS100 18,315.25 18,317.50 18,279.50 18,307.00    -8.50       -0.05   32233
463   2024-04-09 01:00:00  NAS100 18,307.50 18,323.75 18,285.25 18,318.00    11.00        0.06   32189
464   2024-04-09 02:00:00  NAS100 18,318.00 18,332.00 18,286.50 18,297.00   -21.00       -0.11   54076
465   2024-04-09 03:00:00  NAS100 18,297.00 18,315.75 18,295.00 18,311.50    14.50        0.08    9238
466   2024-04-09 20:00:00  NAS100 18,362.00 18,405.00 18,335.25 18,342.50    31.00        0.17   95650
467   2024-04-09 21:00:00  NAS100 18,342.50 18,370.00 18,160.75 18,216.50  -126.00       -0.69  162831
468   2024-04-09 22:00:00  NAS100 18,216.75 18,274.75 18,203.75 18,261.00    44.50        0.24   81540
469   2024-04-09 23:00:00  NAS100 18,261.25 18,303.75 18,255.50 18,263.25     2.25        0.01   51746
470   2024-04-10 00:00:00  NAS100 18,264.50 18,296.25 18,251.00 18,255.00    -8.25       -0.05   42191
471   2024-04-10 01:00:00  NAS100 18,255.25 18,284.00 18,237.25 18,252.00    -3.00       -0.02   48446
472   2024-04-10 02:00:00  NAS100 18,251.50 18,365.25 18,215.50 18,362.00   110.00        0.60   92984
473   2024-04-10 03:00:00  NAS100 18,361.75 18,407.25 18,359.50 18,384.75    22.75        0.12   25873
474   2024-04-10 20:00:00  NAS100 18,107.75 18,208.00 18,061.00 18,179.50  -205.25       -1.12  172255
475   2024-04-10 21:00:00  NAS100 18,179.50 18,234.00 18,135.75 18,158.25   -21.25       -0.12  131976
476   2024-04-10 22:00:00  NAS100 18,158.00 18,182.75 18,125.25 18,144.50   -13.75       -0.08   59548
477   2024-04-10 23:00:00  NAS100 18,144.75 18,202.25 18,126.75 18,192.00    47.50        0.26   43889
478   2024-04-11 00:00:00  NAS100 18,191.75 18,224.25 18,114.00 18,166.25   -25.75       -0.14  119215
479   2024-04-11 01:00:00  NAS100 18,164.75 18,197.00 18,125.00 18,127.50   -38.75       -0.21   78053
480   2024-04-11 02:00:00  NAS100 18,128.25 18,225.00 18,118.00 18,191.75    64.25        0.35   98001
481   2024-04-11 03:00:00  NAS100 18,191.50 18,199.00 18,151.25 18,192.25     0.50        0.00   17802
482   2024-04-11 20:00:00  NAS100 18,246.50 18,286.25 18,222.75 18,260.50    68.25        0.38  105195
483   2024-04-11 21:00:00  NAS100 18,261.00 18,265.00 18,169.50 18,237.50   -23.00       -0.13  107546
484   2024-04-11 22:00:00  NAS100 18,237.75 18,322.50 18,236.00 18,317.00    79.50        0.44   69172
485   2024-04-11 23:00:00  NAS100 18,317.00 18,326.50 18,287.75 18,308.50    -8.50       -0.05   45826
486   2024-04-12 00:00:00  NAS100 18,308.50 18,444.25 18,289.75 18,436.50   128.00        0.70   92825
487   2024-04-12 01:00:00  NAS100 18,437.00 18,512.75 18,433.00 18,479.00    42.50        0.23   70346
488   2024-04-12 02:00:00  NAS100 18,479.50 18,518.75 18,479.50 18,482.00     3.00        0.02   64371
489   2024-04-12 03:00:00  NAS100 18,482.00 18,495.00 18,478.50 18,485.50     3.50        0.02   15459
490   2024-04-12 20:00:00  NAS100 18,318.25 18,343.25 18,274.75 18,337.75  -147.75       -0.80  101406
491   2024-04-12 21:00:00  NAS100 18,338.00 18,342.00 18,193.25 18,198.00  -139.75       -0.76  130617
492   2024-04-12 22:00:00  NAS100 18,198.00 18,291.25 18,193.75 18,255.75    57.75        0.32   74220
493   2024-04-12 23:00:00  NAS100 18,255.75 18,268.00 18,147.25 18,158.50   -97.25       -0.53   84848
494   2024-04-13 00:00:00  NAS100 18,158.75 18,193.75 18,124.00 18,161.75     3.25        0.02   74757
495   2024-04-13 01:00:00  NAS100 18,161.75 18,188.25 18,131.25 18,134.25   -27.50       -0.15   64019
496   2024-04-13 02:00:00  NAS100 18,134.50 18,198.50 18,120.25 18,181.00    46.75        0.26   97294
497   2024-04-13 03:00:00  NAS100 18,180.75 18,195.75 18,168.25 18,172.50    -8.50       -0.05   16187
498   2024-04-15 20:00:00  NAS100 18,331.25 18,350.75 18,260.75 18,304.50   132.00        0.73   90162
499   2024-04-15 21:00:00  NAS100 18,304.50 18,326.25 18,170.75 18,172.50  -132.00       -0.72  123196
500   2024-04-15 22:00:00  NAS100 18,172.00 18,223.00 18,158.50 18,210.75    38.25        0.21   62861
501   2024-04-15 23:00:00  NAS100 18,210.50 18,226.75 18,084.00 18,109.25  -101.50       -0.56   65601
502   2024-04-16 00:00:00  NAS100 18,109.50 18,131.25 17,876.75 17,922.75  -186.50       -1.03  127080
503   2024-04-16 01:00:00  NAS100 17,923.25 17,938.50 17,867.25 17,886.00   -36.75       -0.21   78752
504   2024-04-16 02:00:00  NAS100 17,885.75 17,905.00 17,841.50 17,876.50    -9.50       -0.05   88411
505   2024-04-16 03:00:00  NAS100 17,876.50 17,883.25 17,844.25 17,875.00    -1.50       -0.01   18416
506   2024-04-16 20:00:00  NAS100 17,892.75 17,910.75 17,822.00 17,898.00    23.00        0.13  103007
507   2024-04-16 21:00:00  NAS100 17,897.50 17,931.50 17,834.50 17,863.75   -34.25       -0.19  101851
508   2024-04-16 22:00:00  NAS100 17,863.75 17,936.50 17,851.75 17,890.50    26.75        0.15   63539
509   2024-04-16 23:00:00  NAS100 17,890.50 17,930.75 17,862.50 17,913.00    22.50        0.13   52216
510   2024-04-17 00:00:00  NAS100 17,913.50 17,929.75 17,818.00 17,889.00   -24.00       -0.13  105055
511   2024-04-17 01:00:00  NAS100 17,889.25 17,988.00 17,846.00 17,950.25    61.25        0.34   97920
512   2024-04-17 02:00:00  NAS100 17,950.25 17,954.75 17,874.00 17,876.50   -73.75       -0.41   71526
513   2024-04-17 03:00:00  NAS100 17,876.50 17,895.50 17,872.50 17,894.00    17.50        0.10   14325
514   2024-04-17 20:00:00  NAS100 17,929.25 17,968.50 17,874.50 17,891.00    -3.00       -0.02   91234
515   2024-04-17 21:00:00  NAS100 17,892.00 17,894.25 17,763.50 17,801.75   -89.25       -0.50  123428
516   2024-04-17 22:00:00  NAS100 17,802.00 17,850.00 17,726.25 17,747.75   -54.00       -0.30  105366
517   2024-04-17 23:00:00  NAS100 17,747.25 17,750.00 17,615.25 17,643.25  -104.50       -0.59  100911
518   2024-04-18 00:00:00  NAS100 17,643.25 17,747.50 17,636.50 17,742.00    98.75        0.56   81710
519   2024-04-18 01:00:00  NAS100 17,741.75 17,796.50 17,686.00 17,703.00   -39.00       -0.22   87495
520   2024-04-18 02:00:00  NAS100 17,703.00 17,713.50 17,648.50 17,654.50   -48.50       -0.27   96296
521   2024-04-18 03:00:00  NAS100 17,654.25 17,670.00 17,638.50 17,663.25     8.75        0.05   19357
522   2024-04-18 20:00:00  NAS100 17,681.50 17,696.50 17,552.00 17,610.50   -52.75       -0.30  109581
523   2024-04-18 21:00:00  NAS100 17,610.00 17,730.75 17,582.50 17,711.75   101.25        0.57  106835
524   2024-04-18 22:00:00  NAS100 17,711.75 17,746.00 17,683.00 17,693.25   -18.50       -0.10   72867
525   2024-04-18 23:00:00  NAS100 17,693.00 17,712.50 17,602.25 17,610.00   -83.25       -0.47   70576
526   2024-04-19 00:00:00  NAS100 17,610.25 17,625.00 17,537.00 17,561.50   -48.50       -0.28   85231
527   2024-04-19 01:00:00  NAS100 17,561.25 17,596.75 17,521.50 17,533.25   -28.25       -0.16   73543
528   2024-04-19 02:00:00  NAS100 17,533.75 17,593.00 17,529.50 17,545.25    12.00        0.07   82902
529   2024-04-19 03:00:00  NAS100 17,545.25 17,586.25 17,506.25 17,529.50   -15.75       -0.09   33382
530   2024-04-19 20:00:00  NAS100 17,517.00 17,522.75 17,428.75 17,455.25   -74.25       -0.42  106436
531   2024-04-19 21:00:00  NAS100 17,454.50 17,474.00 17,341.00 17,389.75   -65.50       -0.38  124028
532   2024-04-19 22:00:00  NAS100 17,389.50 17,389.50 17,288.50 17,290.00   -99.75       -0.57   84555
533   2024-04-19 23:00:00  NAS100 17,290.00 17,318.50 17,203.75 17,284.00    -6.00       -0.03   98386
534   2024-04-20 00:00:00  NAS100 17,284.00 17,340.50 17,255.75 17,289.25     5.25        0.03   74810
535   2024-04-20 01:00:00  NAS100 17,289.25 17,291.75 17,132.00 17,159.25  -130.00       -0.75  117135
536   2024-04-20 02:00:00  NAS100 17,159.50 17,206.00 17,113.25 17,181.75    22.50        0.13  130928
537   2024-04-20 03:00:00  NAS100 17,182.00 17,187.50 17,158.25 17,179.25    -2.50       -0.01   19919
538   2024-04-22 20:00:00  NAS100 17,296.25 17,331.50 17,264.00 17,283.00   103.75        0.60   86130
539   2024-04-22 21:00:00  NAS100 17,283.00 17,314.00 17,168.00 17,185.50   -97.50       -0.56  104638
540   2024-04-22 22:00:00  NAS100 17,185.75 17,254.25 17,148.50 17,251.25    65.75        0.38   67911
541   2024-04-22 23:00:00  NAS100 17,251.50 17,296.00 17,234.25 17,273.75    22.50        0.13   48819
542   2024-04-23 00:00:00  NAS100 17,274.25 17,414.75 17,267.25 17,397.25   123.50        0.71   60656
543   2024-04-23 01:00:00  NAS100 17,397.25 17,448.00 17,381.00 17,411.00    13.75        0.08   59563
544   2024-04-23 02:00:00  NAS100 17,410.75 17,419.00 17,325.00 17,351.50   -59.50       -0.34   77250
545   2024-04-23 03:00:00  NAS100 17,351.00 17,355.25 17,323.75 17,345.00    -6.50       -0.04   12497
546   2024-04-23 20:00:00  NAS100 17,422.25 17,527.75 17,411.75 17,501.00   156.00        0.90  109579
547   2024-04-23 21:00:00  NAS100 17,501.50 17,599.00 17,475.25 17,592.50    91.50        0.52  107019
548   2024-04-23 22:00:00  NAS100 17,593.00 17,607.50 17,545.75 17,563.75   -28.75       -0.16   63218
549   2024-04-23 23:00:00  NAS100 17,564.00 17,615.75 17,564.00 17,593.75    30.00        0.17   41237
550   2024-04-24 00:00:00  NAS100 17,594.25 17,640.75 17,571.25 17,636.75    43.00        0.24   44600
551   2024-04-24 01:00:00  NAS100 17,637.00 17,657.25 17,620.50 17,645.25     8.50        0.05   35623
552   2024-04-24 02:00:00  NAS100 17,645.50 17,649.00 17,592.25 17,607.75   -37.50       -0.21   60141
553   2024-04-24 03:00:00  NAS100 17,607.75 17,666.00 17,592.00 17,656.50    48.75        0.28   26443
554   2024-04-24 20:00:00  NAS100 17,705.25 17,795.50 17,688.25 17,736.25    79.75        0.45  102213
555   2024-04-24 21:00:00  NAS100 17,736.75 17,776.25 17,678.00 17,694.50   -41.75       -0.24   90794
556   2024-04-24 22:00:00  NAS100 17,693.75 17,701.00 17,602.75 17,607.50   -87.00       -0.49   77214
557   2024-04-24 23:00:00  NAS100 17,607.25 17,631.25 17,567.25 17,622.75    15.25        0.09   61745
558   2024-04-25 00:00:00  NAS100 17,623.00 17,705.25 17,607.25 17,698.50    75.75        0.43   52153
559   2024-04-25 01:00:00  NAS100 17,698.75 17,703.00 17,609.75 17,613.00   -85.50       -0.48   61192
560   2024-04-25 02:00:00  NAS100 17,612.50 17,686.75 17,606.25 17,658.75    45.75        0.26   63409
561   2024-04-25 03:00:00  NAS100 17,658.50 17,677.25 17,481.75 17,507.25  -151.50       -0.86   41696
562   2024-04-25 20:00:00  NAS100 17,380.25 17,392.00 17,308.25 17,356.50  -150.75       -0.86  141186
563   2024-04-25 21:00:00  NAS100 17,357.25 17,447.00 17,329.50 17,352.75    -3.75       -0.02  125054
564   2024-04-25 22:00:00  NAS100 17,353.00 17,419.00 17,349.50 17,414.25    61.50        0.35   75427
565   2024-04-25 23:00:00  NAS100 17,413.50 17,507.00 17,397.00 17,494.50    80.25        0.46   66071
566   2024-04-26 00:00:00  NAS100 17,494.75 17,580.50 17,463.75 17,567.75    73.25        0.42   63691
567   2024-04-26 01:00:00  NAS100 17,567.75 17,583.50 17,492.50 17,526.75   -41.00       -0.23   61147
568   2024-04-26 02:00:00  NAS100 17,527.00 17,605.00 17,524.00 17,567.50    40.75        0.23   79064
569   2024-04-26 03:00:00  NAS100 17,567.50 17,827.50 17,548.00 17,816.50   249.00        1.42   55551
570   2024-04-26 20:00:00  NAS100 17,728.25 17,802.50 17,668.25 17,786.00   -30.50       -0.17  119369
571   2024-04-26 21:00:00  NAS100 17,786.25 17,860.00 17,768.75 17,854.25    68.25        0.38  109127
572   2024-04-26 22:00:00  NAS100 17,854.50 17,886.00 17,814.25 17,848.75    -5.50       -0.03   72502
573   2024-04-26 23:00:00  NAS100 17,849.00 17,882.75 17,826.75 17,882.50    33.75        0.19   38291
574   2024-04-27 00:00:00  NAS100 17,882.50 17,901.50 17,861.75 17,877.25    -5.25       -0.03   41116
575   2024-04-27 01:00:00  NAS100 17,877.50 17,880.75 17,836.50 17,867.75    -9.50       -0.05   39608
576   2024-04-27 02:00:00  NAS100 17,867.25 17,889.75 17,836.25 17,839.50   -28.25       -0.16   61022
577   2024-04-27 03:00:00  NAS100 17,839.50 17,848.00 17,830.50 17,836.75    -2.75       -0.02   11428
578   2024-04-29 20:00:00  NAS100 17,922.00 17,949.00 17,830.00 17,867.25    30.50        0.17   99331
579   2024-04-29 21:00:00  NAS100 17,867.00 17,916.50 17,863.25 17,886.00    18.75        0.10   75225
580   2024-04-29 22:00:00  NAS100 17,886.25 17,890.50 17,844.75 17,888.00     2.00        0.01   48939
581   2024-04-29 23:00:00  NAS100 17,888.25 17,913.75 17,882.25 17,896.75     8.75        0.05   36274
582   2024-04-30 00:00:00  NAS100 17,896.00 17,931.50 17,873.50 17,916.75    20.00        0.11   36216
583   2024-04-30 01:00:00  NAS100 17,916.50 17,916.50 17,843.25 17,888.25   -28.50       -0.16   46373
584   2024-04-30 02:00:00  NAS100 17,887.75 17,910.50 17,791.25 17,905.25    17.00        0.10   85831
585   2024-04-30 03:00:00  NAS100 17,905.00 17,932.00 17,904.50 17,912.00     6.75        0.04   15213
586   2024-04-30 20:00:00  NAS100 17,826.50 17,887.75 17,812.00 17,871.75   -40.25       -0.22   81521
587   2024-04-30 21:00:00  NAS100 17,871.75 17,895.25 17,818.00 17,836.25   -35.50       -0.20   85593
588   2024-04-30 22:00:00  NAS100 17,832.00 17,834.50 17,732.00 17,764.25   -72.00       -0.40   93088
589   2024-04-30 23:00:00  NAS100 17,764.25 17,776.00 17,682.25 17,704.50   -59.75       -0.34   62578
590   2024-05-01 00:00:00  NAS100 17,704.50 17,737.00 17,675.50 17,729.00    24.50        0.14   49495
591   2024-05-01 01:00:00  NAS100 17,728.75 17,745.25 17,668.25 17,681.50   -47.50       -0.27   55180
592   2024-05-01 02:00:00  NAS100 17,682.00 17,708.75 17,563.75 17,564.50  -117.00       -0.66   98018
593   2024-05-01 03:00:00  NAS100 17,563.75 17,630.75 17,473.50 17,508.50   -56.00       -0.32   50592
594   2024-05-01 20:00:00  NAS100 17,498.00 17,518.50 17,455.25 17,475.00   -33.50       -0.19   85956
595   2024-05-01 21:00:00  NAS100 17,477.25 17,506.25 17,425.75 17,487.50    12.50        0.07   80041
596   2024-05-01 22:00:00  NAS100 17,487.25 17,493.00 17,412.25 17,421.75   -65.75       -0.38   63103
597   2024-05-01 23:00:00  NAS100 17,421.75 17,467.25 17,399.25 17,433.50    11.75        0.07   48523
598   2024-05-02 00:00:00  NAS100 17,432.75 17,474.75 17,413.00 17,468.50    35.00        0.20   32424
599   2024-05-02 01:00:00  NAS100 17,469.25 17,750.75 17,457.25 17,750.75   282.25        1.62  178185
600   2024-05-02 02:00:00  NAS100 17,750.75 17,793.25 17,425.25 17,431.50  -319.25       -1.80  164387
601   2024-05-02 03:00:00  NAS100 17,432.00 17,490.75 17,431.50 17,474.75    43.25        0.25   27464
602   2024-05-02 20:00:00  NAS100 17,577.50 17,602.50 17,483.00 17,498.75    24.00        0.14  102908
603   2024-05-02 21:00:00  NAS100 17,500.25 17,538.75 17,386.50 17,528.25    29.50        0.17  126370
604   2024-05-02 22:00:00  NAS100 17,528.75 17,571.00 17,488.25 17,561.75    33.50        0.19   62626
605   2024-05-02 23:00:00  NAS100 17,561.75 17,566.25 17,493.25 17,531.25   -30.50       -0.17   44944
606   2024-05-03 00:00:00  NAS100 17,531.25 17,616.25 17,531.25 17,594.75    63.50        0.36   48114
607   2024-05-03 01:00:00  NAS100 17,595.50 17,671.50 17,587.25 17,664.75    70.00        0.40   46001
608   2024-05-03 02:00:00  NAS100 17,664.75 17,685.50 17,611.75 17,648.25   -16.50       -0.09   70296
609   2024-05-03 03:00:00  NAS100 17,648.25 17,755.25 17,634.00 17,743.00    94.75        0.54   28042
610   2024-05-03 20:00:00  NAS100 17,923.25 18,018.75 17,915.25 18,000.25   257.25        1.45   99515
611   2024-05-03 21:00:00  NAS100 18,000.75 18,050.25 17,893.75 17,925.50   -74.75       -0.42  131467
612   2024-05-03 22:00:00  NAS100 17,925.50 18,004.75 17,895.25 17,987.00    61.50        0.34   57373
613   2024-05-03 23:00:00  NAS100 17,987.00 18,008.00 17,962.00 17,972.25   -14.75       -0.08   34470
614   2024-05-04 00:00:00  NAS100 17,972.50 18,004.25 17,967.00 17,986.00    13.75        0.08   28502
615   2024-05-04 01:00:00  NAS100 17,986.25 18,027.75 17,985.50 18,008.75    22.75        0.13   29318
616   2024-05-04 02:00:00  NAS100 18,009.00 18,024.50 17,987.75 18,001.25    -7.50       -0.04   47501
617   2024-05-04 03:00:00  NAS100 18,001.50 18,027.50 18,000.00 18,025.50    24.25        0.13   12530
618   2024-05-06 20:00:00  NAS100 18,058.75 18,109.75 18,042.75 18,109.75    84.25        0.47   68348
619   2024-05-06 21:00:00  NAS100 18,109.75 18,116.75 18,079.25 18,098.25   -11.50       -0.06   56105
620   2024-05-06 22:00:00  NAS100 18,097.75 18,121.50 18,078.25 18,111.25    13.00        0.07   35885
621   2024-05-06 23:00:00  NAS100 18,111.50 18,119.25 18,067.25 18,117.50     6.25        0.03   38757
622   2024-05-07 00:00:00  NAS100 18,117.75 18,132.25 18,093.00 18,128.50    11.00        0.06   30096
623   2024-05-07 01:00:00  NAS100 18,128.50 18,154.75 18,123.50 18,145.75    17.25        0.10   30661
624   2024-05-07 02:00:00  NAS100 18,145.50 18,198.25 18,129.50 18,197.75    52.00        0.29   49308
625   2024-05-07 03:00:00  NAS100 18,197.50 18,201.25 18,179.25 18,185.50   -12.25       -0.07   16158
626   2024-05-07 20:00:00  NAS100 18,192.25 18,236.00 18,188.00 18,193.50     8.00        0.04   73951
627   2024-05-07 21:00:00  NAS100 18,193.25 18,251.75 18,181.75 18,250.25    56.75        0.31   78828
628   2024-05-07 22:00:00  NAS100 18,250.50 18,263.75 18,234.25 18,252.50     2.25        0.01   48296
629   2024-05-07 23:00:00  NAS100 18,252.75 18,263.75 18,228.50 18,240.00   -12.50       -0.07   37781
630   2024-05-08 00:00:00  NAS100 18,240.00 18,266.25 18,183.50 18,193.75   -46.25       -0.25   46884
631   2024-05-08 01:00:00  NAS100 18,194.25 18,213.75 18,166.50 18,194.25     0.50        0.00   51012
632   2024-05-08 02:00:00  NAS100 18,194.50 18,220.75 18,180.75 18,196.50     2.25        0.01   54536
633   2024-05-08 03:00:00  NAS100 18,196.00 18,215.50 18,193.25 18,197.75     1.25        0.01   10815
634   2024-05-08 20:00:00  NAS100 18,091.75 18,174.75 18,078.50 18,168.00   -29.75       -0.16   72469
635   2024-05-08 21:00:00  NAS100 18,168.00 18,242.25 18,151.75 18,218.50    50.50        0.28   73265
636   2024-05-08 22:00:00  NAS100 18,218.25 18,235.25 18,164.25 18,174.50   -44.00       -0.24   55961
637   2024-05-08 23:00:00  NAS100 18,174.50 18,191.50 18,155.00 18,168.00    -6.50       -0.04   34445
638   2024-05-09 00:00:00  NAS100 18,168.25 18,180.75 18,138.75 18,178.75    10.75        0.06   40174
639   2024-05-09 01:00:00  NAS100 18,179.00 18,194.00 18,168.25 18,172.00    -6.75       -0.04   31147
640   2024-05-09 02:00:00  NAS100 18,172.75 18,201.50 18,155.25 18,183.75    11.75        0.06   47248
641   2024-05-09 03:00:00  NAS100 18,183.75 18,184.50 18,153.50 18,160.75   -23.00       -0.13   14559
642   2024-05-09 20:00:00  NAS100 18,190.75 18,210.50 18,108.75 18,157.50    -3.25       -0.02   76284
643   2024-05-09 21:00:00  NAS100 18,157.25 18,222.00 18,129.00 18,211.00    53.50        0.29   91098
644   2024-05-09 22:00:00  NAS100 18,210.75 18,237.25 18,171.00 18,178.75   -32.25       -0.18   53694
645   2024-05-09 23:00:00  NAS100 18,179.00 18,221.00 18,170.00 18,214.25    35.50        0.20   37026
646   2024-05-10 00:00:00  NAS100 18,213.75 18,232.75 18,188.00 18,206.50    -7.75       -0.04   42141
647   2024-05-10 01:00:00  NAS100 18,206.50 18,239.25 18,190.50 18,232.00    25.50        0.14   34052
648   2024-05-10 02:00:00  NAS100 18,231.75 18,234.50 18,195.50 18,215.50   -16.50       -0.09   52663
649   2024-05-10 03:00:00  NAS100 18,215.50 18,240.25 18,211.00 18,214.50    -1.00       -0.01   11660
650   2024-05-10 20:00:00  NAS100 18,253.25 18,348.00 18,247.75 18,330.25   115.75        0.64   71564
651   2024-05-10 21:00:00  NAS100 18,328.75 18,329.75 18,188.50 18,218.75  -111.50       -0.61  107923
652   2024-05-10 22:00:00  NAS100 18,219.00 18,243.50 18,193.25 18,236.50    17.75        0.10   52659
653   2024-05-10 23:00:00  NAS100 18,236.50 18,253.50 18,208.75 18,245.00     8.50        0.05   39227
654   2024-05-11 00:00:00  NAS100 18,244.75 18,254.25 18,207.50 18,252.00     7.00        0.04   35135
655   2024-05-11 01:00:00  NAS100 18,252.00 18,263.00 18,228.75 18,256.50     4.50        0.02   33955
656   2024-05-11 02:00:00  NAS100 18,256.25 18,271.00 18,241.25 18,254.25    -2.25       -0.01   46555
657   2024-05-11 03:00:00  NAS100 18,254.00 18,255.00 18,238.00 18,239.25   -15.00       -0.08    8825
658   2024-05-13 20:00:00  NAS100 18,325.00 18,336.25 18,252.50 18,286.00    46.75        0.26   81907
659   2024-05-13 21:00:00  NAS100 18,286.25 18,311.50 18,277.50 18,293.75     7.75        0.04   60616
660   2024-05-13 22:00:00  NAS100 18,294.00 18,308.50 18,258.75 18,293.75     0.00        0.00   49544
661   2024-05-13 23:00:00  NAS100 18,293.75 18,309.50 18,292.25 18,294.00     0.25        0.00   27209
662   2024-05-14 00:00:00  NAS100 18,294.00 18,296.50 18,235.00 18,284.25    -9.75       -0.05   50791
663   2024-05-14 01:00:00  NAS100 18,283.75 18,289.25 18,267.50 18,287.75     3.50        0.02   24868
664   2024-05-14 02:00:00  NAS100 18,288.00 18,300.75 18,273.00 18,295.75     8.00        0.04   42170
665   2024-05-14 03:00:00  NAS100 18,295.75 18,301.00 18,282.50 18,286.00    -9.75       -0.05    8940
666   2024-05-14 20:00:00  NAS100 18,261.50 18,326.75 18,250.50 18,290.00     4.00        0.02   87028
667   2024-05-14 21:00:00  NAS100 18,289.50 18,370.75 18,274.25 18,339.00    49.00        0.27  118877
668   2024-05-14 22:00:00  NAS100 18,339.00 18,367.00 18,304.75 18,320.75   -18.25       -0.10   58798
669   2024-05-14 23:00:00  NAS100 18,320.25 18,331.50 18,298.00 18,317.25    -3.50       -0.02   35529
670   2024-05-15 00:00:00  NAS100 18,317.25 18,339.50 18,298.50 18,331.25    14.00        0.08   33521
671   2024-05-15 01:00:00  NAS100 18,331.50 18,415.75 18,328.50 18,409.75    78.50        0.43   59027
672   2024-05-15 02:00:00  NAS100 18,409.75 18,433.00 18,397.25 18,411.25     1.50        0.01   58824
673   2024-05-15 03:00:00  NAS100 18,411.00 18,418.25 18,402.50 18,410.50    -0.75       -0.00   13180
674   2024-05-15 20:00:00  NAS100 18,510.25 18,532.00 18,447.00 18,483.00    72.50        0.39  107986
675   2024-05-15 21:00:00  NAS100 18,483.25 18,572.50 18,482.00 18,571.50    88.50        0.48   87830
676   2024-05-15 22:00:00  NAS100 18,571.50 18,605.00 18,570.00 18,593.75    22.25        0.12   57176
677   2024-05-15 23:00:00  NAS100 18,594.25 18,632.00 18,577.25 18,630.00    36.25        0.19   39327
678   2024-05-16 00:00:00  NAS100 18,630.25 18,683.75 18,629.25 18,682.00    52.00        0.28   52865
679   2024-05-16 01:00:00  NAS100 18,682.00 18,702.00 18,671.50 18,685.25     3.25        0.02   55185
680   2024-05-16 02:00:00  NAS100 18,685.25 18,707.00 18,675.50 18,693.00     7.75        0.04   68738
681   2024-05-16 03:00:00  NAS100 18,692.75 18,695.75 18,665.75 18,694.50     1.50        0.01   20279
682   2024-05-16 20:00:00  NAS100 18,695.00 18,716.50 18,672.00 18,708.75    14.25        0.08   73352
683   2024-05-16 21:00:00  NAS100 18,709.00 18,749.75 18,673.75 18,748.00    39.25        0.21   75465
684   2024-05-16 22:00:00  NAS100 18,748.00 18,760.75 18,724.25 18,740.75    -7.25       -0.04   58003
685   2024-05-16 23:00:00  NAS100 18,740.50 18,740.50 18,707.00 18,733.50    -7.25       -0.04   45756
686   2024-05-17 00:00:00  NAS100 18,733.75 18,741.00 18,670.75 18,710.00   -23.50       -0.13   71298
687   2024-05-17 01:00:00  NAS100 18,710.25 18,711.00 18,661.00 18,695.25   -14.75       -0.08   55403
688   2024-05-17 02:00:00  NAS100 18,695.50 18,703.50 18,643.75 18,650.75   -44.50       -0.24   69621
689   2024-05-17 03:00:00  NAS100 18,650.75 18,655.50 18,633.25 18,638.25   -12.50       -0.07   15369
690   2024-05-17 20:00:00  NAS100 18,684.75 18,685.25 18,620.50 18,638.50     0.25        0.00   79289
691   2024-05-17 21:00:00  NAS100 18,638.50 18,677.00 18,622.00 18,665.25    26.75        0.14   69101
692   2024-05-17 22:00:00  NAS100 18,665.00 18,666.00 18,621.50 18,654.00   -11.25       -0.06   58148
693   2024-05-17 23:00:00  NAS100 18,653.75 18,661.00 18,607.75 18,640.50   -13.50       -0.07   42689
694   2024-05-18 00:00:00  NAS100 18,640.75 18,640.75 18,609.25 18,615.25   -25.25       -0.14   32518
695   2024-05-18 01:00:00  NAS100 18,615.50 18,622.50 18,545.00 18,617.25     2.00        0.01   64602
696   2024-05-18 02:00:00  NAS100 18,617.75 18,643.00 18,608.75 18,638.50    21.25        0.11   58506
697   2024-05-18 03:00:00  NAS100 18,638.50 18,639.75 18,620.75 18,633.75    -4.75       -0.03   11743
698   2024-05-20 20:00:00  NAS100 18,649.00 18,753.75 18,635.25 18,749.50   115.75        0.62   82874
699   2024-05-20 21:00:00  NAS100 18,749.75 18,772.00 18,731.75 18,743.50    -6.00       -0.03   62703
700   2024-05-20 22:00:00  NAS100 18,743.75 18,762.50 18,729.50 18,742.00    -1.50       -0.01   43071
701   2024-05-20 23:00:00  NAS100 18,742.00 18,794.50 18,741.25 18,791.25    49.25        0.26   43738
702   2024-05-21 00:00:00  NAS100 18,791.25 18,793.75 18,735.50 18,745.50   -45.75       -0.24   47316
703   2024-05-21 01:00:00  NAS100 18,745.75 18,767.25 18,707.00 18,748.75     3.25        0.02   53546
704   2024-05-21 02:00:00  NAS100 18,748.75 18,784.00 18,740.75 18,766.25    17.50        0.09   61052
705   2024-05-21 03:00:00  NAS100 18,765.75 18,774.50 18,738.00 18,745.25   -21.00       -0.11   14701
706   2024-05-21 20:00:00  NAS100 18,718.25 18,720.50 18,678.00 18,707.75   -37.50       -0.20   95428
707   2024-05-21 21:00:00  NAS100 18,707.75 18,758.75 18,701.75 18,755.00    47.25        0.25   66234
708   2024-05-21 22:00:00  NAS100 18,754.50 18,763.50 18,731.50 18,745.00   -10.00       -0.05   40213
709   2024-05-21 23:00:00  NAS100 18,745.00 18,771.75 18,738.25 18,747.00     2.00        0.01   33539
710   2024-05-22 00:00:00  NAS100 18,747.00 18,775.75 18,734.00 18,775.75    28.75        0.15   35103
711   2024-05-22 01:00:00  NAS100 18,775.75 18,781.00 18,755.25 18,769.50    -6.25       -0.03   29418
712   2024-05-22 02:00:00  NAS100 18,769.50 18,808.75 18,764.00 18,800.75    31.25        0.17   54894
713   2024-05-22 03:00:00  NAS100 18,800.50 18,807.50 18,793.50 18,798.75    -2.00       -0.01   11352
714   2024-05-22 20:00:00  NAS100 18,802.75 18,830.25 18,788.75 18,824.50    25.75        0.14   68852
715   2024-05-22 21:00:00  NAS100 18,823.75 18,832.75 18,801.50 18,821.00    -3.50       -0.02   59538
716   2024-05-22 22:00:00  NAS100 18,822.00 18,838.50 18,800.00 18,819.50    -1.50       -0.01   42734
717   2024-05-22 23:00:00  NAS100 18,819.25 18,832.50 18,790.50 18,803.75   -15.75       -0.08   35879
718   2024-05-23 00:00:00  NAS100 18,803.50 18,826.00 18,746.00 18,771.75   -32.00       -0.17   60341
719   2024-05-23 01:00:00  NAS100 18,771.75 18,771.75 18,684.25 18,730.00   -41.75       -0.22  105282
720   2024-05-23 02:00:00  NAS100 18,730.25 18,794.00 18,694.25 18,793.75    63.75        0.34   88489
721   2024-05-23 03:00:00  NAS100 18,794.00 18,891.00 18,691.25 18,816.25    22.50        0.12   43724
722   2024-05-23 20:00:00  NAS100 19,005.50 19,007.75 18,838.25 18,851.75    35.50        0.19  133690
723   2024-05-23 21:00:00  NAS100 18,852.00 18,915.50 18,802.00 18,807.75   -44.00       -0.23  120872
724   2024-05-23 22:00:00  NAS100 18,808.25 18,931.00 18,805.00 18,915.75   108.00        0.57   79159
725   2024-05-23 23:00:00  NAS100 18,915.50 18,933.50 18,843.25 18,843.25   -72.50       -0.38   61142
726   2024-05-24 00:00:00  NAS100 18,843.50 18,859.00 18,711.25 18,716.50  -126.75       -0.67  103412
727   2024-05-24 01:00:00  NAS100 18,716.50 18,725.25 18,627.75 18,634.00   -82.50       -0.44  118121
728   2024-05-24 02:00:00  NAS100 18,633.50 18,716.75 18,621.50 18,696.75    62.75        0.34  114089
729   2024-05-24 03:00:00  NAS100 18,696.75 18,704.25 18,679.50 18,686.50   -10.25       -0.05   15400
730   2024-05-24 20:00:00  NAS100 18,752.50 18,787.00 18,732.50 18,749.75    63.25        0.34   83342
731   2024-05-24 21:00:00  NAS100 18,750.00 18,866.75 18,750.00 18,862.00   112.25        0.60  101450
732   2024-05-24 22:00:00  NAS100 18,862.25 18,919.00 18,858.75 18,896.75    34.75        0.18   83268
733   2024-05-24 23:00:00  NAS100 18,896.50 18,915.75 18,883.50 18,885.00   -11.75       -0.06   41552
734   2024-05-25 00:00:00  NAS100 18,885.25 18,911.00 18,874.25 18,903.50    18.50        0.10   34695
735   2024-05-25 01:00:00  NAS100 18,903.25 18,926.00 18,870.00 18,870.75   -32.75       -0.17   37187
736   2024-05-25 02:00:00  NAS100 18,870.50 18,883.25 18,835.50 18,874.25     3.50        0.02   66794
737   2024-05-25 03:00:00  NAS100 18,874.25 18,880.75 18,866.00 18,870.75    -3.50       -0.02   12693
738   2024-05-28 20:00:00  NAS100 18,915.50 18,936.50 18,839.00 18,864.25    -6.50       -0.03   81685
739   2024-05-28 21:00:00  NAS100 18,864.50 18,929.75 18,842.50 18,923.50    59.25        0.31   74868
740   2024-05-28 22:00:00  NAS100 18,924.25 18,939.50 18,899.25 18,922.50    -1.00       -0.01   43024
741   2024-05-28 23:00:00  NAS100 18,922.50 18,943.75 18,909.75 18,921.50    -1.00       -0.01   46479
742   2024-05-29 00:00:00  NAS100 18,921.50 18,944.50 18,891.25 18,902.25   -19.25       -0.10   52085
743   2024-05-29 01:00:00  NAS100 18,902.25 18,927.75 18,819.50 18,867.50   -34.75       -0.18   75555
744   2024-05-29 02:00:00  NAS100 18,867.00 18,945.50 18,862.50 18,943.25    75.75        0.40   80569
745   2024-05-29 03:00:00  NAS100 18,943.50 18,967.50 18,942.75 18,950.50     7.25        0.04   20492
746   2024-05-29 20:00:00  NAS100 18,780.50 18,849.25 18,755.50 18,831.75  -118.75       -0.63   95760
747   2024-05-29 21:00:00  NAS100 18,831.25 18,879.75 18,810.50 18,868.25    36.50        0.19   88490
748   2024-05-29 22:00:00  NAS100 18,867.75 18,874.75 18,822.75 18,850.50   -17.75       -0.09   50786
749   2024-05-29 23:00:00  NAS100 18,851.00 18,878.00 18,821.00 18,871.25    20.75        0.11   39734
750   2024-05-30 00:00:00  NAS100 18,871.50 18,874.50 18,816.50 18,859.50   -11.75       -0.06   50780
751   2024-05-30 01:00:00  NAS100 18,859.25 18,865.50 18,814.00 18,825.25   -34.25       -0.18   44584
752   2024-05-30 02:00:00  NAS100 18,825.25 18,862.75 18,785.00 18,810.50   -14.75       -0.08   73562
753   2024-05-30 03:00:00  NAS100 18,811.00 18,815.75 18,740.00 18,746.75   -63.75       -0.34   22228
754   2024-05-30 20:00:00  NAS100 18,765.25 18,773.25 18,697.00 18,739.00    -7.75       -0.04   81253
755   2024-05-30 21:00:00  NAS100 18,739.00 18,752.75 18,645.50 18,658.50   -80.50       -0.43  103472
756   2024-05-30 22:00:00  NAS100 18,658.25 18,698.50 18,623.75 18,669.00    10.50        0.06   60253
757   2024-05-30 23:00:00  NAS100 18,669.00 18,706.00 18,668.25 18,696.50    27.50        0.15   42503
758   2024-05-31 00:00:00  NAS100 18,696.75 18,729.00 18,686.50 18,702.75     6.25        0.03   39730
759   2024-05-31 01:00:00  NAS100 18,702.75 18,705.00 18,650.75 18,670.25   -32.50       -0.17   45090
760   2024-05-31 02:00:00  NAS100 18,670.50 18,675.00 18,546.25 18,604.25   -66.00       -0.35  112537
761   2024-05-31 03:00:00  NAS100 18,604.00 18,609.75 18,554.25 18,606.50     2.25        0.01   23183
762   2024-05-31 20:00:00  NAS100 18,647.00 18,656.50 18,529.00 18,544.25   -62.25       -0.33   94914
763   2024-05-31 21:00:00  NAS100 18,543.50 18,548.75 18,356.00 18,386.75  -157.50       -0.85  145662
764   2024-05-31 22:00:00  NAS100 18,387.00 18,388.00 18,294.75 18,300.75   -86.00       -0.47   83356
765   2024-05-31 23:00:00  NAS100 18,300.50 18,313.75 18,241.25 18,293.00    -7.75       -0.04   76675
766   2024-06-01 00:00:00  NAS100 18,292.75 18,367.00 18,291.50 18,341.25    48.25        0.26   61332
767   2024-06-01 01:00:00  NAS100 18,341.50 18,366.50 18,310.25 18,352.50    11.25        0.06   49308
768   2024-06-01 02:00:00  NAS100 18,352.50 18,601.00 18,339.00 18,598.00   245.50        1.34  145418
769   2024-06-01 03:00:00  NAS100 18,598.50 18,627.25 18,570.25 18,570.75   -27.25       -0.15   38050
770   2024-06-03 20:00:00  NAS100 18,684.75 18,755.50 18,652.25 18,680.75   110.00        0.59   91510
771   2024-06-03 21:00:00  NAS100 18,681.00 18,728.50 18,571.00 18,590.00   -90.75       -0.49  118857
772   2024-06-03 22:00:00  NAS100 18,590.50 18,637.25 18,564.25 18,604.00    14.00        0.08   71424
773   2024-06-03 23:00:00  NAS100 18,604.50 18,618.75 18,467.75 18,483.25  -120.75       -0.65   81730
774   2024-06-04 00:00:00  NAS100 18,483.25 18,578.75 18,435.75 18,557.25    74.00        0.40   70621
775   2024-06-04 01:00:00  NAS100 18,557.25 18,584.75 18,526.50 18,560.50     3.25        0.02   46092
776   2024-06-04 02:00:00  NAS100 18,560.75 18,654.75 18,552.75 18,652.50    92.00        0.50   66886
777   2024-06-04 03:00:00  NAS100 18,652.75 18,674.00 18,644.75 18,662.25     9.75        0.05   17558
778   2024-06-04 20:00:00  NAS100 18,609.00 18,650.75 18,579.50 18,602.50   -59.75       -0.32   68182
779   2024-06-04 21:00:00  NAS100 18,603.00 18,663.75 18,567.75 18,601.00    -1.50       -0.01  114655
780   2024-06-04 22:00:00  NAS100 18,610.50 18,640.00 18,576.25 18,586.00   -15.00       -0.08   61217
781   2024-06-04 23:00:00  NAS100 18,585.75 18,652.25 18,570.75 18,629.00    43.00        0.23   53196
782   2024-06-05 00:00:00  NAS100 18,628.75 18,645.75 18,594.75 18,629.50     0.50        0.00   42501
783   2024-06-05 01:00:00  NAS100 18,628.50 18,753.25 18,624.00 18,711.00    81.50        0.44   70328
784   2024-06-05 02:00:00  NAS100 18,710.75 18,712.75 18,632.00 18,701.50    -9.50       -0.05   92426
785   2024-06-05 03:00:00  NAS100 18,701.75 18,714.25 18,684.75 18,701.00    -0.50       -0.00   15433
786   2024-06-05 20:00:00  NAS100 18,825.25 18,859.50 18,813.75 18,857.75   156.75        0.84   71490
787   2024-06-05 21:00:00  NAS100 18,854.00 18,936.75 18,800.00 18,921.25    63.50        0.34  107245
788   2024-06-05 22:00:00  NAS100 18,921.50 18,987.00 18,921.25 18,965.00    43.75        0.23   66072
789   2024-06-05 23:00:00  NAS100 18,964.75 19,008.00 18,954.75 19,003.50    38.50        0.20   39947
790   2024-06-06 00:00:00  NAS100 19,003.75 19,028.25 18,977.25 19,024.25    20.75        0.11   49112
791   2024-06-06 01:00:00  NAS100 19,024.50 19,043.75 19,005.50 19,037.50    13.25        0.07   36913
792   2024-06-06 02:00:00  NAS100 19,037.25 19,079.50 19,020.50 19,077.50    40.00        0.21   86344
793   2024-06-06 03:00:00  NAS100 19,077.50 19,090.50 19,050.75 19,087.25     9.75        0.05   22118
794   2024-06-06 20:00:00  NAS100 19,093.00 19,115.75 19,032.25 19,033.75   -53.50       -0.28   84481
795   2024-06-06 21:00:00  NAS100 19,033.75 19,106.50 19,032.25 19,083.00    49.25        0.26   85117
796   2024-06-06 22:00:00  NAS100 19,082.25 19,095.75 19,052.00 19,063.25   -19.75       -0.10   48086
797   2024-06-06 23:00:00  NAS100 19,063.50 19,077.00 19,035.25 19,057.00    -6.25       -0.03   46278
798   2024-06-07 00:00:00  NAS100 19,056.50 19,090.50 19,049.00 19,072.25    15.25        0.08   41325
799   2024-06-07 01:00:00  NAS100 19,072.25 19,077.75 19,017.25 19,065.50    -6.75       -0.04   55624
800   2024-06-07 02:00:00  NAS100 19,066.00 19,075.00 19,040.75 19,065.75     0.25        0.00   60411
801   2024-06-07 03:00:00  NAS100 19,065.50 19,070.25 19,044.50 19,069.00     3.25        0.02       0
802   2024-06-07 20:00:00  NAS100 18,982.50 19,065.00 18,974.00 19,032.50   -36.50       -0.19   82559
803   2024-06-07 21:00:00  NAS100 19,032.25 19,117.25 19,019.25 19,076.00    43.50        0.23   73279
804   2024-06-07 22:00:00  NAS100 19,076.00 19,088.75 19,015.25 19,083.75     7.75        0.04   63385
805   2024-06-07 23:00:00  NAS100 19,083.50 19,145.75 19,071.00 19,141.75    58.00        0.30   57971
806   2024-06-08 00:00:00  NAS100 19,141.75 19,155.00 19,113.75 19,114.75   -27.00       -0.14   46572
807   2024-06-08 01:00:00  NAS100 19,114.50 19,116.25 18,997.00 19,051.50   -63.25       -0.33   84591
808   2024-06-08 02:00:00  NAS100 19,052.25 19,067.75 18,999.00 19,041.25   -10.25       -0.05   78739
809   2024-06-08 03:00:00  NAS100 19,040.50 19,045.50 19,016.75 19,030.25   -11.00       -0.06   13343
810   2024-06-10 20:00:00  NAS100 18,993.75 19,023.75 18,977.75 18,993.50   -36.75       -0.19   75971
811   2024-06-10 21:00:00  NAS100 18,993.75 19,069.75 18,988.00 19,065.75    72.25        0.38   81903
812   2024-06-10 22:00:00  NAS100 19,065.75 19,113.50 19,062.25 19,088.25    22.50        0.12   63230
813   2024-06-10 23:00:00  NAS100 19,088.25 19,121.25 19,082.75 19,106.25    18.00        0.09   47740
814   2024-06-11 00:00:00  NAS100 19,106.00 19,118.00 19,054.00 19,101.75    -4.50       -0.02   60050
815   2024-06-11 01:00:00  NAS100 19,101.75 19,106.50 19,034.00 19,077.75   -24.00       -0.13   72658
816   2024-06-11 02:00:00  NAS100 19,077.00 19,129.75 19,072.75 19,112.50    34.75        0.18   78429
817   2024-06-11 03:00:00  NAS100 19,112.25 19,115.00 19,083.25 19,107.75    -4.75       -0.02   13085
818   2024-06-11 20:00:00  NAS100 19,057.00 19,087.50 18,994.50 19,032.25   -75.50       -0.40   95218
819   2024-06-11 21:00:00  NAS100 19,032.25 19,136.50 19,026.00 19,134.25   102.00        0.54   89460
820   2024-06-11 22:00:00  NAS100 19,134.25 19,137.00 19,063.25 19,077.50   -56.75       -0.30   70546
821   2024-06-11 23:00:00  NAS100 19,078.25 19,111.00 19,074.25 19,099.00    21.50        0.11   37002
822   2024-06-12 00:00:00  NAS100 19,098.75 19,166.50 19,086.50 19,164.25    65.25        0.34   54030
823   2024-06-12 01:00:00  NAS100 19,164.75 19,232.25 19,152.00 19,210.25    46.00        0.24   61960
824   2024-06-12 02:00:00  NAS100 19,210.25 19,247.50 19,187.25 19,242.25    32.00        0.17   65638
825   2024-06-12 03:00:00  NAS100 19,242.00 19,257.25 19,227.00 19,247.50     5.25        0.03   15662
826   2024-06-12 20:00:00  NAS100 19,422.25 19,504.50 19,374.75 19,491.00   243.50        1.27  105903
827   2024-06-12 21:00:00  NAS100 19,491.75 19,546.75 19,480.00 19,504.75    13.75        0.07   95779
828   2024-06-12 22:00:00  NAS100 19,505.00 19,538.75 19,497.50 19,515.25    10.50        0.05   53228
829   2024-06-12 23:00:00  NAS100 19,514.75 19,526.00 19,493.25 19,509.50    -5.75       -0.03   38565
830   2024-06-13 00:00:00  NAS100 19,509.75 19,536.75 19,490.75 19,517.75     8.25        0.04   31886
831   2024-06-13 01:00:00  NAS100 19,518.50 19,542.00 19,448.50 19,517.75     0.00        0.00  101533
832   2024-06-13 02:00:00  NAS100 19,518.25 19,588.75 19,433.00 19,492.50   -25.25       -0.13  120479
833   2024-06-13 03:00:00  NAS100 19,492.50 19,612.25 19,463.75 19,610.25   117.75        0.60   32768
834   2024-06-13 20:00:00  NAS100 19,629.50 19,663.50 19,614.75 19,631.25    21.00        0.11   81698
835   2024-06-13 21:00:00  NAS100 19,631.00 19,650.50 19,534.75 19,554.75   -76.50       -0.39  104977
836   2024-06-13 22:00:00  NAS100 19,555.00 19,609.00 19,546.25 19,587.50    32.75        0.17   56104
837   2024-06-13 23:00:00  NAS100 19,588.00 19,589.00 19,500.00 19,544.00   -43.50       -0.22   66261
838   2024-06-14 00:00:00  NAS100 19,543.75 19,586.00 19,537.25 19,568.00    24.00        0.12   43769
839   2024-06-14 01:00:00  NAS100 19,568.25 19,605.50 19,548.00 19,599.00    31.00        0.16   40905
840   2024-06-14 02:00:00  NAS100 19,599.25 19,632.25 19,584.75 19,593.00    -6.00       -0.03   63513
841   2024-06-14 03:00:00  NAS100 19,593.00 19,638.50 19,589.00 19,607.75    14.75        0.08   20411
842   2024-06-14 20:00:00  NAS100 19,561.25 19,646.25 19,552.00 19,638.75    31.00        0.16   76570
843   2024-06-14 21:00:00  NAS100 19,638.75 19,648.50 19,574.00 19,628.50   -10.25       -0.05  105271
844   2024-06-14 22:00:00  NAS100 19,628.25 19,633.00 19,563.50 19,617.75   -10.75       -0.05   65693
845   2024-06-14 23:00:00  NAS100 19,617.75 19,643.00 19,601.00 19,632.25    14.50        0.07   51543
846   2024-06-15 00:00:00  NAS100 19,632.50 19,676.25 19,627.00 19,657.50    25.25        0.13   46957
847   2024-06-15 01:00:00  NAS100 19,657.50 19,675.25 19,629.25 19,665.50     8.00        0.04   45740
848   2024-06-15 02:00:00  NAS100 19,665.25 19,692.50 19,646.00 19,687.50    22.00        0.11   49952
849   2024-06-15 03:00:00  NAS100 19,687.00 19,699.50 19,679.00 19,696.25     8.75        0.04   15145
850   2024-06-17 20:00:00  NAS100 19,692.75 19,709.75 19,640.50 19,690.75    -5.50       -0.03   57455
851   2024-06-17 21:00:00  NAS100 19,690.50 19,720.00 19,665.75 19,713.50    22.75        0.12   48796
852   2024-06-17 22:00:00  NAS100 19,713.75 19,759.75 19,713.50 19,750.00    36.50        0.19   39895
853   2024-06-17 23:00:00  NAS100 19,750.00 19,850.50 19,742.75 19,827.50    77.50        0.39   47902
854   2024-06-18 00:00:00  NAS100 19,828.25 19,967.25 19,828.25 19,963.00   135.50        0.68   55653
855   2024-06-18 01:00:00  NAS100 19,962.75 20,001.00 19,947.75 19,967.00     4.00        0.02   42356
856   2024-06-18 02:00:00  NAS100 19,966.00 19,991.25 19,916.00 19,925.25   -41.75       -0.21   44294
857   2024-06-18 03:00:00  NAS100 19,924.75 19,927.25 19,893.75 19,914.75   -10.50       -0.05   10217
858   2024-06-18 20:00:00  NAS100 19,936.50 19,944.25 19,889.75 19,904.25   -10.50       -0.05   27815
859   2024-06-18 21:00:00  NAS100 19,904.25 19,938.00 19,880.00 19,886.00   -18.25       -0.09   31092
860   2024-06-18 22:00:00  NAS100 19,886.25 19,913.25 19,851.75 19,911.50    25.50        0.13   23086
861   2024-06-18 23:00:00  NAS100 19,910.75 19,934.50 19,893.25 19,929.75    18.25        0.09   14413
862   2024-06-19 00:00:00  NAS100 19,929.00 19,953.00 19,910.50 19,927.00    -2.75       -0.01   13033
863   2024-06-19 01:00:00  NAS100 19,927.75 19,931.75 19,885.00 19,924.25    -2.75       -0.01   14853
864   2024-06-19 02:00:00  NAS100 19,924.00 19,933.00 19,900.00 19,923.75    -0.50       -0.00   21229
865   2024-06-19 03:00:00  NAS100 19,922.75 19,934.00 19,915.25 19,933.50     9.75        0.05    3548
866   2024-06-20 20:00:00  NAS100 19,992.00 19,995.50 19,925.25 19,962.00    28.50        0.14   15641
867   2024-06-20 21:00:00  NAS100 19,962.50 19,968.00 19,847.75 19,946.00   -16.00       -0.08   18190
868   2024-06-20 22:00:00  NAS100 19,946.75 19,957.75 19,885.50 19,893.50   -52.50       -0.26   11003
869   2024-06-20 23:00:00  NAS100 19,893.25 19,907.00 19,745.50 19,812.50   -81.00       -0.41   20952
870   2024-06-21 00:00:00  NAS100 19,812.00 19,813.25 19,694.25 19,766.50   -46.00       -0.23   14864
871   2024-06-21 01:00:00  NAS100 19,766.50 19,813.00 19,745.00 19,747.25   -19.25       -0.10   13066
872   2024-06-21 02:00:00  NAS100 19,747.25 19,799.00 19,696.75 19,767.25    20.00        0.10   14346
873   2024-06-21 03:00:00  NAS100 19,766.75 19,786.50 19,759.25 19,786.00    18.75        0.09    3127
874   2024-06-21 20:00:00  NAS100 19,771.25 19,773.25 19,748.25 19,756.00   -30.00       -0.15     761
875   2024-06-24 20:00:00  NAS100 19,933.25 19,965.25 19,866.75 19,946.00   190.00        0.96   98105
876   2024-06-24 21:00:00  NAS100 19,947.00 19,995.50 19,821.25 19,907.25   -38.75       -0.19  135141
877   2024-06-24 22:00:00  NAS100 19,907.25 19,931.75 19,872.25 19,918.00    10.75        0.05   72714
878   2024-06-24 23:00:00  NAS100 19,918.00 19,921.75 19,841.25 19,851.00   -67.00       -0.34   51371
879   2024-06-25 00:00:00  NAS100 19,851.50 19,866.25 19,787.75 19,810.25   -40.75       -0.21   65225
880   2024-06-25 01:00:00  NAS100 19,810.25 19,834.25 19,767.25 19,820.50    10.25        0.05   61983
881   2024-06-25 02:00:00  NAS100 19,820.50 19,855.00 19,740.50 19,744.75   -75.75       -0.38   81169
882   2024-06-25 03:00:00  NAS100 19,744.75 19,765.50 19,728.00 19,752.50     7.75        0.04   20806
883   2024-06-25 20:00:00  NAS100 19,832.00 19,852.50 19,792.25 19,832.00    79.50        0.40   77175
884   2024-06-25 21:00:00  NAS100 19,832.00 19,902.00 19,828.25 19,866.25    34.25        0.17   98172
885   2024-06-25 22:00:00  NAS100 19,866.50 19,960.75 19,866.50 19,958.75    92.50        0.47   70530
886   2024-06-25 23:00:00  NAS100 19,959.25 19,968.00 19,856.00 19,874.25   -84.50       -0.42   63958
887   2024-06-26 00:00:00  NAS100 19,874.25 19,931.75 19,837.75 19,924.25    50.00        0.25   48253
888   2024-06-26 01:00:00  NAS100 19,924.50 19,965.75 19,916.00 19,949.75    25.50        0.13   43256
889   2024-06-26 02:00:00  NAS100 19,949.50 19,981.25 19,933.75 19,966.75    17.00        0.09   58478
890   2024-06-26 03:00:00  NAS100 19,967.00 19,973.50 19,955.25 19,970.50     3.75        0.02   13675
891   2024-06-26 20:00:00  NAS100 19,934.00 19,999.75 19,901.00 19,972.00     1.50        0.01   83846
892   2024-06-26 21:00:00  NAS100 19,970.50 20,024.00 19,944.50 19,974.75     2.75        0.01   87243
893   2024-06-26 22:00:00  NAS100 19,974.75 20,028.00 19,912.00 20,019.00    44.25        0.22   84762
894   2024-06-26 23:00:00  NAS100 20,019.00 20,020.75 19,944.25 19,974.00   -45.00       -0.22   49424
895   2024-06-27 00:00:00  NAS100 19,974.00 19,990.75 19,935.25 19,984.50    10.50        0.05   41119
896   2024-06-27 01:00:00  NAS100 19,984.75 19,986.50 19,948.25 19,951.00   -33.50       -0.17   39403
897   2024-06-27 02:00:00  NAS100 19,951.75 20,027.50 19,927.25 20,005.00    54.00        0.27   71688
898   2024-06-27 03:00:00  NAS100 20,004.75 20,006.50 19,920.25 19,953.75   -51.25       -0.26   31224
899   2024-06-27 20:00:00  NAS100 20,004.50 20,101.50 19,988.75 20,060.25   106.50        0.53  106156
900   2024-06-27 21:00:00  NAS100 20,059.50 20,116.75 20,001.50 20,030.50   -29.75       -0.15   99495
901   2024-06-27 22:00:00  NAS100 20,030.50 20,039.00 19,954.00 19,989.75   -40.75       -0.20   80989
902   2024-06-27 23:00:00  NAS100 19,988.75 20,058.00 19,980.75 20,028.75    39.00        0.20   49141
903   2024-06-28 00:00:00  NAS100 20,028.75 20,066.00 20,023.25 20,034.25     5.50        0.03   35381
904   2024-06-28 01:00:00  NAS100 20,034.75 20,046.00 19,993.50 20,043.50     9.25        0.05   54265
905   2024-06-28 02:00:00  NAS100 20,043.25 20,061.25 20,000.25 20,047.75     4.25        0.02   57017
906   2024-06-28 03:00:00  NAS100 20,048.00 20,079.75 20,045.75 20,067.50    19.75        0.10   16282
907   2024-06-28 20:00:00  NAS100 20,082.25 20,149.00 20,039.25 20,147.75    80.25        0.40   93586
908   2024-06-28 21:00:00  NAS100 20,148.25 20,273.25 20,119.50 20,140.75    -7.00       -0.03  142088
909   2024-06-28 22:00:00  NAS100 20,140.25 20,140.75 20,075.75 20,108.25   -32.50       -0.16   87013
910   2024-06-28 23:00:00  NAS100 20,109.00 20,115.25 19,985.25 20,036.25   -72.00       -0.36   83393
911   2024-06-29 00:00:00  NAS100 20,036.00 20,072.50 20,017.25 20,041.00     4.75        0.02   43722
912   2024-06-29 01:00:00  NAS100 20,040.25 20,071.75 20,003.25 20,012.50   -28.50       -0.14   47521
913   2024-06-29 02:00:00  NAS100 20,012.50 20,018.25 19,906.25 19,932.25   -80.25       -0.40  123065
914   2024-06-29 03:00:00  NAS100 19,932.50 19,976.75 19,931.25 19,966.50    34.25        0.17   25923
915   2024-07-01 20:00:00  NAS100 19,978.75 19,992.50 19,841.25 19,887.75   -78.75       -0.39   96190
916   2024-07-01 21:00:00  NAS100 19,888.00 19,950.50 19,811.75 19,907.75    20.00        0.10  135229
917   2024-07-01 22:00:00  NAS100 19,907.75 19,976.25 19,885.00 19,975.50    67.75        0.34   69198
918   2024-07-01 23:00:00  NAS100 19,975.75 20,026.50 19,957.25 20,013.50    38.00        0.19   55257
919   2024-07-02 00:00:00  NAS100 20,013.75 20,020.25 19,977.50 19,999.25   -14.25       -0.07   36893
920   2024-07-02 01:00:00  NAS100 19,999.50 20,050.75 19,982.50 20,013.75    14.50        0.07   48021
921   2024-07-02 02:00:00  NAS100 20,013.75 20,074.00 19,983.75 20,049.25    35.50        0.18   75556
922   2024-07-02 03:00:00  NAS100 20,049.00 20,059.75 20,038.00 20,042.50    -6.75       -0.03   12212
923   2024-07-02 20:00:00  NAS100 19,946.25 20,098.00 19,943.25 20,062.50    20.00        0.10  107154
924   2024-07-02 21:00:00  NAS100 20,063.50 20,124.25 20,017.75 20,111.00    48.50        0.24  116529
925   2024-07-02 22:00:00  NAS100 20,111.25 20,156.25 20,084.75 20,094.50   -16.50       -0.08   68724
926   2024-07-02 23:00:00  NAS100 20,094.75 20,127.75 20,065.25 20,126.75    32.25        0.16   45728
927   2024-07-03 00:00:00  NAS100 20,127.25 20,216.00 20,120.00 20,209.00    82.25        0.41   58816
928   2024-07-03 01:00:00  NAS100 20,209.25 20,240.00 20,204.00 20,223.00    14.00        0.07   42887
929   2024-07-03 02:00:00  NAS100 20,222.50 20,259.25 20,208.00 20,256.75    33.75        0.17   62479
930   2024-07-03 03:00:00  NAS100 20,256.50 20,257.25 20,229.00 20,240.00   -16.75       -0.08   16696
931   2024-07-03 20:30:00  NAS100 20,219.00 20,279.50 20,207.00 20,274.25    34.25        0.17   76838
932   2024-07-03 21:30:00  NAS100 20,275.50 20,320.75 20,235.75 20,313.00    38.75        0.19   90948
933   2024-07-03 22:30:00  NAS100 20,313.25 20,382.50 20,292.50 20,379.50    66.50        0.33   68563
934   2024-07-03 23:30:00  NAS100 20,379.25 20,423.50 20,369.75 20,414.00    34.50        0.17   69862
935   2024-07-05 20:00:00  NAS100 20,425.50 20,517.00 20,411.25 20,513.75    99.75        0.49   99919
936   2024-07-05 21:00:00  NAS100 20,514.75 20,552.00 20,462.25 20,524.25    10.50        0.05  101861
937   2024-07-05 22:00:00  NAS100 20,523.50 20,607.00 20,510.00 20,596.25    72.00        0.35   64247
938   2024-07-05 23:00:00  NAS100 20,596.00 20,617.00 20,577.00 20,589.00    -7.25       -0.04   45516
939   2024-07-06 00:00:00  NAS100 20,589.25 20,638.50 20,575.75 20,624.25    35.25        0.17   42525
940   2024-07-06 01:00:00  NAS100 20,624.75 20,629.50 20,594.25 20,614.00   -10.25       -0.05   36141
941   2024-07-06 02:00:00  NAS100 20,613.75 20,639.50 20,608.25 20,622.25     8.25        0.04   58540
942   2024-07-06 03:00:00  NAS100 20,622.00 20,622.25 20,590.25 20,591.50   -30.75       -0.15   15286
943   2024-07-08 20:00:00  NAS100 20,629.00 20,653.50 20,600.50 20,634.75    43.25        0.21   85063
944   2024-07-08 21:00:00  NAS100 20,635.00 20,642.25 20,588.00 20,609.00   -25.75       -0.12   85166
945   2024-07-08 22:00:00  NAS100 20,609.25 20,670.75 20,603.75 20,667.25    58.25        0.28   65531
946   2024-07-08 23:00:00  NAS100 20,668.00 20,669.75 20,609.00 20,634.25   -33.00       -0.16   45951
947   2024-07-09 00:00:00  NAS100 20,634.75 20,668.25 20,625.75 20,653.75    19.50        0.09   32630
948   2024-07-09 01:00:00  NAS100 20,653.50 20,656.25 20,609.00 20,646.00    -7.75       -0.04   41619
949   2024-07-09 02:00:00  NAS100 20,646.00 20,688.00 20,617.75 20,666.00    20.00        0.10   56887
950   2024-07-09 03:00:00  NAS100 20,666.25 20,687.25 20,656.00 20,684.50    18.50        0.09   14568
951   2024-07-09 20:00:00  NAS100 20,722.00 20,764.50 20,716.25 20,749.25    64.75        0.31   75525
952   2024-07-09 21:00:00  NAS100 20,749.50 20,771.75 20,680.50 20,709.00   -40.25       -0.19  112290
953   2024-07-09 22:00:00  NAS100 20,708.75 20,721.25 20,670.25 20,705.50    -3.50       -0.02   64648
954   2024-07-09 23:00:00  NAS100 20,705.25 20,717.00 20,644.00 20,676.00   -29.50       -0.14   60093
955   2024-07-10 00:00:00  NAS100 20,676.25 20,690.75 20,615.75 20,660.50   -15.50       -0.07   64258
956   2024-07-10 01:00:00  NAS100 20,660.25 20,679.25 20,641.75 20,671.75    11.25        0.05   43050
957   2024-07-10 02:00:00  NAS100 20,671.75 20,686.25 20,654.50 20,680.75     9.00        0.04   41828
958   2024-07-10 03:00:00  NAS100 20,682.25 20,689.75 20,672.00 20,687.75     7.00        0.03   21002
959   2024-07-10 20:00:00  NAS100 20,754.75 20,777.75 20,721.50 20,763.75    76.00        0.37   85884
960   2024-07-10 21:00:00  NAS100 20,765.25 20,796.50 20,723.75 20,729.50   -34.25       -0.16  101135
961   2024-07-10 22:00:00  NAS100 20,729.50 20,769.50 20,703.00 20,767.25    37.75        0.18   63437
962   2024-07-10 23:00:00  NAS100 20,767.00 20,850.00 20,760.25 20,847.75    80.50        0.39   68071
963   2024-07-11 00:00:00  NAS100 20,847.50 20,880.50 20,840.50 20,874.00    26.25        0.13   51228
964   2024-07-11 01:00:00  NAS100 20,874.50 20,895.25 20,861.00 20,879.75     5.75        0.03   36348
965   2024-07-11 02:00:00  NAS100 20,879.50 20,916.75 20,853.00 20,894.25    14.50        0.07   79891
966   2024-07-11 03:00:00  NAS100 20,894.00 20,897.25 20,878.00 20,896.50     2.25        0.01   18303
967   2024-07-11 20:00:00  NAS100 20,892.25 20,918.25 20,822.50 20,869.50   -27.00       -0.13  121222
968   2024-07-11 21:00:00  NAS100 20,869.25 20,872.00 20,600.75 20,604.00  -265.50       -1.27  172964
969   2024-07-11 22:00:00  NAS100 20,604.00 20,647.50 20,475.75 20,480.75  -123.25       -0.60  147300
970   2024-07-11 23:00:00  NAS100 20,481.50 20,539.25 20,442.25 20,443.50   -37.25       -0.18   96502
971   2024-07-12 00:00:00  NAS100 20,444.00 20,483.50 20,385.75 20,391.00   -52.50       -0.26   72959
972   2024-07-12 01:00:00  NAS100 20,390.50 20,470.50 20,377.25 20,468.25    77.25        0.38   62931
973   2024-07-12 02:00:00  NAS100 20,468.25 20,493.75 20,429.00 20,429.25   -39.00       -0.19   93467
974   2024-07-12 03:00:00  NAS100 20,429.75 20,462.25 20,409.25 20,432.75     3.50        0.02   21697
975   2024-07-12 20:00:00  NAS100 20,447.50 20,549.75 20,421.75 20,542.75   110.00        0.54  103616
976   2024-07-12 21:00:00  NAS100 20,543.50 20,661.25 20,522.00 20,636.25    93.50        0.46  120409
977   2024-07-12 22:00:00  NAS100 20,636.25 20,666.75 20,589.75 20,595.00   -41.25       -0.20   68432
978   2024-07-12 23:00:00  NAS100 20,594.75 20,632.75 20,554.75 20,630.50    35.50        0.17   66476
979   2024-07-13 00:00:00  NAS100 20,630.50 20,741.00 20,622.75 20,709.25    78.75        0.38   64407
980   2024-07-13 01:00:00  NAS100 20,710.00 20,723.75 20,681.25 20,710.00     0.75        0.00   48235
981   2024-07-13 02:00:00  NAS100 20,709.00 20,712.00 20,510.25 20,539.75  -170.25       -0.82  119987
982   2024-07-13 03:00:00  NAS100 20,540.25 20,562.25 20,525.75 20,540.00     0.25        0.00   18049
983   2024-07-15 20:00:00  NAS100 20,602.25 20,666.25 20,581.75 20,628.00    88.00        0.43  107499
984   2024-07-15 21:00:00  NAS100 20,627.50 20,738.50 20,623.25 20,727.75    99.75        0.48   87934
985   2024-07-15 22:00:00  NAS100 20,727.75 20,797.00 20,664.00 20,701.25   -26.50       -0.13   93283
986   2024-07-15 23:00:00  NAS100 20,700.75 20,704.75 20,603.25 20,651.50   -49.75       -0.24   81470
987   2024-07-16 00:00:00  NAS100 20,652.25 20,653.00 20,556.50 20,569.50   -82.00       -0.40   78275
988   2024-07-16 01:00:00  NAS100 20,569.75 20,633.00 20,547.50 20,617.75    48.25        0.23   54054
989   2024-07-16 02:00:00  NAS100 20,617.50 20,643.25 20,506.25 20,593.50   -24.25       -0.12   92134
990   2024-07-16 03:00:00  NAS100 20,593.25 20,631.00 20,583.75 20,583.75    -9.75       -0.05   17581
991   2024-07-16 20:00:00  NAS100 20,638.00 20,684.50 20,567.00 20,581.00    -2.75       -0.01   86206
992   2024-07-16 21:00:00  NAS100 20,581.25 20,595.00 20,485.50 20,539.50   -41.50       -0.20  127062
993   2024-07-16 22:00:00  NAS100 20,532.00 20,608.50 20,522.50 20,550.50    11.00        0.05   71443
994   2024-07-16 23:00:00  NAS100 20,550.75 20,567.25 20,464.50 20,545.50    -5.00       -0.02   75262
995   2024-07-17 00:00:00  NAS100 20,544.75 20,544.75 20,495.00 20,525.50   -20.00       -0.10   43615
996   2024-07-17 01:00:00  NAS100 20,525.25 20,590.25 20,485.75 20,590.00    64.50        0.31   57912
997   2024-07-17 02:00:00  NAS100 20,590.00 20,614.25 20,558.75 20,599.50     9.50        0.05   64089
998   2024-07-17 03:00:00  NAS100 20,599.75 20,608.00 20,586.25 20,588.50   -11.00       -0.05   14848
999   2024-07-17 20:00:00  NAS100 20,280.25 20,297.00 20,206.25 20,209.00  -379.50       -1.84  116078
1000  2024-07-17 21:00:00  NAS100 20,209.00 20,212.75 20,097.75 20,123.50   -85.50       -0.42  146973
1001  2024-07-17 22:00:00  NAS100 20,123.00 20,151.75 20,053.00 20,086.75   -36.75       -0.18   95860
1002  2024-07-17 23:00:00  NAS100 20,087.00 20,089.25 20,007.75 20,063.00   -23.75       -0.12   89336
1003  2024-07-18 00:00:00  NAS100 20,063.50 20,084.50 20,011.25 20,031.50   -31.50       -0.16   66919
1004  2024-07-18 01:00:00  NAS100 20,032.00 20,075.00 20,011.75 20,026.25    -5.25       -0.03   54993
1005  2024-07-18 02:00:00  NAS100 20,026.00 20,072.50 19,987.75 19,992.25   -34.00       -0.17   93387
1006  2024-07-18 03:00:00  NAS100 19,992.50 20,024.75 19,966.00 20,016.75    24.50        0.12   26427
1007  2024-07-18 20:00:00  NAS100 20,144.75 20,162.50 20,019.75 20,063.50    46.75        0.23  111362
1008  2024-07-18 21:00:00  NAS100 20,069.25 20,107.00 19,893.25 19,989.75   -73.75       -0.37  162961
1009  2024-07-18 22:00:00  NAS100 19,990.00 20,004.75 19,785.00 19,797.00  -192.75       -0.96  130668
1010  2024-07-18 23:00:00  NAS100 19,797.50 19,914.25 19,773.00 19,913.50   116.50        0.59   84824
1011  2024-07-19 00:00:00  NAS100 19,913.50 19,946.25 19,855.00 19,873.25   -40.25       -0.20   76758
1012  2024-07-19 01:00:00  NAS100 19,873.25 19,892.25 19,812.50 19,846.25   -27.00       -0.14   84550
1013  2024-07-19 02:00:00  NAS100 19,846.25 19,961.00 19,758.75 19,892.00    45.75        0.23  140671
1014  2024-07-19 03:00:00  NAS100 19,891.75 19,953.75 19,865.50 19,899.25     7.25        0.04   27478
1015  2024-07-19 20:00:00  NAS100 19,938.75 19,976.50 19,835.75 19,884.00   -15.25       -0.08  101949
1016  2024-07-19 21:00:00  NAS100 19,883.75 19,917.00 19,774.50 19,826.25   -57.75       -0.29  117106
1017  2024-07-19 22:00:00  NAS100 19,826.50 19,875.25 19,704.00 19,816.75    -9.50       -0.05  103295
1018  2024-07-19 23:00:00  NAS100 19,817.75 19,826.25 19,686.50 19,729.25   -87.50       -0.44   78605
1019  2024-07-20 00:00:00  NAS100 19,729.25 19,731.25 19,654.00 19,721.50    -7.75       -0.04   68976
1020  2024-07-20 01:00:00  NAS100 19,720.75 19,746.00 19,669.75 19,720.50    -1.00       -0.01   54397
1021  2024-07-20 02:00:00  NAS100 19,721.00 19,784.50 19,685.00 19,712.25    -8.25       -0.04   89669
1022  2024-07-20 03:00:00  NAS100 19,712.25 19,738.25 19,692.75 19,701.50   -10.75       -0.05   18003
1023  2024-07-22 20:00:00  NAS100 19,912.25 20,026.75 19,882.75 19,970.50   269.00        1.37  105900
1024  2024-07-22 21:00:00  NAS100 19,970.00 20,018.50 19,895.00 19,954.25   -16.25       -0.08  107266
1025  2024-07-22 22:00:00  NAS100 19,961.50 19,998.00 19,809.75 19,865.25   -89.00       -0.45   93628
1026  2024-07-22 23:00:00  NAS100 19,865.25 19,973.25 19,835.50 19,961.50    96.25        0.48   53648
1027  2024-07-23 00:00:00  NAS100 19,961.50 20,016.25 19,957.50 19,999.50    38.00        0.19   44378
1028  2024-07-23 01:00:00  NAS100 20,000.00 20,044.75 19,992.50 20,011.00    11.50        0.06   37732
1029  2024-07-23 02:00:00  NAS100 20,011.25 20,032.50 19,979.25 19,998.00   -13.00       -0.06   58926
1030  2024-07-23 03:00:00  NAS100 19,995.75 20,002.50 19,964.50 19,980.75   -17.25       -0.09   24334
1031  2024-07-23 20:00:00  NAS100 19,968.50 20,036.00 19,933.50 20,005.75    25.00        0.13   80717
1032  2024-07-23 21:00:00  NAS100 20,006.50 20,047.75 19,927.50 19,972.75   -33.00       -0.16  107177
1033  2024-07-23 22:00:00  NAS100 19,979.00 20,084.75 19,978.00 20,034.00    61.25        0.31   72473
1034  2024-07-23 23:00:00  NAS100 20,034.75 20,040.75 19,926.50 19,949.25   -84.75       -0.42   64424
1035  2024-07-24 00:00:00  NAS100 19,949.25 19,988.00 19,915.75 19,979.75    30.50        0.15   46199
1036  2024-07-24 01:00:00  NAS100 19,979.00 19,997.00 19,946.50 19,975.50    -4.25       -0.02   38770
1037  2024-07-24 02:00:00  NAS100 19,976.00 19,995.75 19,904.00 19,924.50   -51.00       -0.26   57476
1038  2024-07-24 03:00:00  NAS100 19,925.00 19,999.75 19,902.75 19,946.25    21.75        0.11   29193
1039  2024-07-24 20:00:00  NAS100 19,633.50 19,653.75 19,501.00 19,512.00  -434.25       -2.18  114444
1040  2024-07-24 21:00:00  NAS100 19,510.50 19,523.75 19,411.75 19,435.00   -77.00       -0.39  117061
1041  2024-07-24 22:00:00  NAS100 19,436.25 19,443.50 19,357.25 19,359.25   -75.75       -0.39   81718
1042  2024-07-24 23:00:00  NAS100 19,359.50 19,367.50 19,308.50 19,321.50   -37.75       -0.19   73426
1043  2024-07-25 00:00:00  NAS100 19,321.25 19,380.50 19,310.75 19,320.00    -1.50       -0.01   61598
1044  2024-07-25 01:00:00  NAS100 19,320.00 19,330.75 19,224.00 19,248.50   -71.50       -0.37   75088
1045  2024-07-25 02:00:00  NAS100 19,248.00 19,307.50 19,169.00 19,205.25   -43.25       -0.22  125110
1046  2024-07-25 03:00:00  NAS100 19,205.00 19,276.75 19,191.00 19,269.50    64.25        0.33   31118
1047  2024-07-25 20:00:00  NAS100 19,233.25 19,244.50 19,016.50 19,031.00  -238.50       -1.24  129110
1048  2024-07-25 21:00:00  NAS100 19,031.25 19,217.00 18,883.25 19,214.75   183.75        0.97  184743
1049  2024-07-25 22:00:00  NAS100 19,214.50 19,280.00 19,142.50 19,235.00    20.25        0.11  106039
1050  2024-07-25 23:00:00  NAS100 19,234.75 19,361.25 19,190.75 19,334.00    99.00        0.51   91845
1051  2024-07-26 00:00:00  NAS100 19,334.50 19,390.50 19,245.00 19,289.50   -44.50       -0.23   67053
1052  2024-07-26 01:00:00  NAS100 19,289.25 19,294.25 19,110.00 19,128.25  -161.25       -0.84   69181
1053  2024-07-26 02:00:00  NAS100 19,127.50 19,244.50 18,982.00 18,991.75  -136.50       -0.71  104901
1054  2024-07-26 03:00:00  NAS100 18,991.50 19,006.75 18,941.00 18,994.75     3.00        0.02   33277
1055  2024-07-26 20:00:00  NAS100 19,178.75 19,184.00 19,060.50 19,129.25   134.50        0.71   93725
1056  2024-07-26 21:00:00  NAS100 19,130.00 19,192.25 19,040.25 19,128.00    -1.25       -0.01  120295
1057  2024-07-26 22:00:00  NAS100 19,127.75 19,194.25 19,090.50 19,184.50    56.50        0.30   72386
1058  2024-07-26 23:00:00  NAS100 19,185.25 19,289.50 19,177.25 19,276.75    92.25        0.48   63763
1059  2024-07-27 00:00:00  NAS100 19,277.00 19,297.75 19,148.50 19,194.25   -82.50       -0.43   73318
1060  2024-07-27 01:00:00  NAS100 19,195.25 19,221.75 19,117.75 19,130.00   -64.25       -0.33   49646
1061  2024-07-27 02:00:00  NAS100 19,129.75 19,191.25 19,104.25 19,176.75    46.75        0.24   90221
1062  2024-07-27 03:00:00  NAS100 19,176.75 19,190.25 19,166.75 19,175.75    -1.00       -0.01   16325
1063  2024-07-29 20:00:00  NAS100 19,310.00 19,367.00 19,222.00 19,358.50   182.75        0.95   94012
1064  2024-07-29 21:00:00  NAS100 19,358.25 19,377.00 19,218.50 19,222.00  -136.50       -0.71   98838
1065  2024-07-29 22:00:00  NAS100 19,221.50 19,271.25 19,113.25 19,260.75    38.75        0.20   84048
1066  2024-07-29 23:00:00  NAS100 19,261.00 19,342.50 19,260.50 19,308.50    47.75        0.25   63407
1067  2024-07-30 00:00:00  NAS100 19,308.25 19,348.75 19,245.00 19,255.00   -53.50       -0.28   46591
1068  2024-07-30 01:00:00  NAS100 19,255.00 19,257.50 19,186.00 19,220.00   -35.00       -0.18   44570
1069  2024-07-30 02:00:00  NAS100 19,220.50 19,267.50 19,198.75 19,209.00   -11.00       -0.06   51055
1070  2024-07-30 03:00:00  NAS100 19,208.75 19,222.50 19,188.50 19,222.50    13.50        0.07   12482
1071  2024-07-30 20:00:00  NAS100 19,268.00 19,319.75 19,206.50 19,225.75     3.25        0.02   80241
1072  2024-07-30 21:00:00  NAS100 19,227.00 19,244.75 19,097.25 19,108.00  -117.75       -0.61  114361
1073  2024-07-30 22:00:00  NAS100 19,106.50 19,116.25 18,926.00 18,929.25  -178.75       -0.94  110643
1074  2024-07-30 23:00:00  NAS100 18,929.75 18,973.25 18,810.75 18,816.25  -113.00       -0.60   77211
1075  2024-07-31 00:00:00  NAS100 18,816.50 18,950.00 18,803.00 18,937.25   121.00        0.64   76117
1076  2024-07-31 01:00:00  NAS100 18,936.75 18,999.50 18,922.50 18,952.50    15.25        0.08   61220
1077  2024-07-31 02:00:00  NAS100 18,953.00 19,016.25 18,903.75 18,939.00   -13.50       -0.07   86580
1078  2024-07-31 03:00:00  NAS100 18,938.75 18,954.00 18,725.00 18,861.25   -77.75       -0.41   47041
1079  2024-07-31 20:00:00  NAS100 19,347.00 19,414.50 19,310.75 19,390.50   529.25        2.81  121025
1080  2024-07-31 21:00:00  NAS100 19,390.75 19,494.00 19,371.75 19,451.75    61.25        0.32  107767
1081  2024-07-31 22:00:00  NAS100 19,452.50 19,515.75 19,441.75 19,471.75    20.00        0.10   61439
1082  2024-07-31 23:00:00  NAS100 19,471.50 19,490.75 19,424.50 19,428.75   -43.00       -0.22   38936
1083  2024-08-01 00:00:00  NAS100 19,429.25 19,479.75 19,344.75 19,426.75    -2.00       -0.01   47641
1084  2024-08-01 01:00:00  NAS100 19,431.50 19,570.25 19,385.00 19,554.25   127.50        0.66   69728
1085  2024-08-01 02:00:00  NAS100 19,554.25 19,573.25 19,416.25 19,496.75   -57.50       -0.29  117747
1086  2024-08-01 03:00:00  NAS100 19,496.50 19,648.00 19,489.00 19,581.75    85.00        0.44   35184
1087  2024-08-01 20:00:00  NAS100 19,596.00 19,681.50 19,505.00 19,646.00    64.25        0.33  115395
1088  2024-08-01 21:00:00  NAS100 19,641.25 19,667.25 19,329.50 19,342.00  -304.00       -1.55  138557
1089  2024-08-01 22:00:00  NAS100 19,342.25 19,357.00 19,146.25 19,162.00  -180.00       -0.93  113086
1090  2024-08-01 23:00:00  NAS100 19,162.75 19,236.25 19,074.50 19,090.25   -71.75       -0.37   82826
1091  2024-08-02 00:00:00  NAS100 19,091.00 19,108.25 18,911.50 19,018.75   -71.50       -0.37   82860
1092  2024-08-02 01:00:00  NAS100 19,019.00 19,034.25 18,868.25 18,891.00  -127.75       -0.67   76542
1093  2024-08-02 02:00:00  NAS100 18,891.75 19,064.25 18,883.25 19,027.25   136.25        0.72  107627
1094  2024-08-02 03:00:00  NAS100 19,026.75 19,049.00 18,854.00 18,967.75   -59.50       -0.31   37360
1095  2024-08-02 20:00:00  NAS100 18,584.25 18,761.00 18,542.00 18,570.75  -397.00       -2.09  117153
1096  2024-08-02 21:00:00  NAS100 18,581.25 18,581.75 18,386.00 18,425.25  -145.50       -0.78  144952
1097  2024-08-02 22:00:00  NAS100 18,425.75 18,630.00 18,404.75 18,593.25   168.00        0.91   98545
1098  2024-08-02 23:00:00  NAS100 18,589.00 18,633.00 18,482.25 18,508.00   -85.25       -0.46   77662
1099  2024-08-03 00:00:00  NAS100 18,507.75 18,559.25 18,445.00 18,492.00   -16.00       -0.09   52702
1100  2024-08-03 01:00:00  NAS100 18,492.25 18,588.25 18,452.25 18,501.00     9.00        0.05   53574
1101  2024-08-03 02:00:00  NAS100 18,500.25 18,580.50 18,461.25 18,561.00    60.00        0.32   81834
1102  2024-08-03 03:00:00  NAS100 18,561.75 18,566.00 18,501.00 18,513.25   -47.75       -0.26   16015
1103  2024-08-05 20:00:00  NAS100 17,533.75 17,938.50 17,509.25 17,881.00  -632.25       -3.42  111543
1104  2024-08-05 21:00:00  NAS100 17,889.25 18,112.50 17,851.00 17,943.50    62.50        0.35  135327
1105  2024-08-05 22:00:00  NAS100 17,943.75 18,189.25 17,888.25 18,105.50   162.00        0.90   87581
1106  2024-08-05 23:00:00  NAS100 18,105.50 18,289.00 18,020.00 18,041.00   -64.50       -0.36   64636
1107  2024-08-06 00:00:00  NAS100 18,042.25 18,168.25 18,021.50 18,077.50    36.50        0.20   45994
1108  2024-08-06 01:00:00  NAS100 18,079.50 18,088.50 17,892.50 17,907.25  -170.25       -0.94   55808
1109  2024-08-06 02:00:00  NAS100 17,907.00 18,033.50 17,907.00 18,020.25   113.00        0.63   90660
1110  2024-08-06 03:00:00  NAS100 18,020.00 18,169.75 17,998.25 18,146.75   126.50        0.70   32805
1111  2024-08-06 20:00:00  NAS100 18,082.50 18,173.75 17,966.00 18,141.00    -5.75       -0.03   83451
1112  2024-08-06 21:00:00  NAS100 18,142.25 18,340.50 18,102.25 18,300.50   159.50        0.88  113435
1113  2024-08-06 22:00:00  NAS100 18,301.75 18,349.75 18,182.00 18,341.25    40.75        0.22   73780
1114  2024-08-06 23:00:00  NAS100 18,342.25 18,446.75 18,316.25 18,426.25    85.00        0.46   48594
1115  2024-08-07 00:00:00  NAS100 18,427.25 18,449.50 18,379.25 18,442.75    16.50        0.09   41853
1116  2024-08-07 01:00:00  NAS100 18,418.75 18,483.25 18,385.00 18,386.75   -56.00       -0.30   42132
1117  2024-08-07 02:00:00  NAS100 18,386.75 18,392.75 18,164.75 18,172.00  -214.75       -1.17   97004
1118  2024-08-07 03:00:00  NAS100 18,171.25 18,272.75 18,068.75 18,099.00   -73.00       -0.40   34490
1119  2024-08-07 20:00:00  NAS100 18,433.00 18,558.50 18,405.50 18,520.25   421.25        2.33   82788
1120  2024-08-07 21:00:00  NAS100 18,520.25 18,557.00 18,405.75 18,511.00    -9.25       -0.05  101025
1121  2024-08-07 22:00:00  NAS100 18,512.00 18,548.75 18,341.25 18,399.00  -112.00       -0.61   72045
1122  2024-08-07 23:00:00  NAS100 18,400.75 18,404.50 18,259.25 18,282.75  -116.25       -0.63   66110
1123  2024-08-08 00:00:00  NAS100 18,281.75 18,298.00 18,095.00 18,117.75  -165.00       -0.90   73694
1124  2024-08-08 01:00:00  NAS100 18,117.75 18,134.25 18,000.50 18,030.00   -87.75       -0.48   72075
1125  2024-08-08 02:00:00  NAS100 18,030.25 18,147.00 17,951.75 17,967.25   -62.75       -0.35   77401
1126  2024-08-08 03:00:00  NAS100 17,969.25 18,000.00 17,836.25 17,854.50  -112.75       -0.63   36626
1127  2024-08-08 20:00:00  NAS100 18,157.25 18,252.25 18,071.75 18,208.75   354.25        1.98   88790
1128  2024-08-08 21:00:00  NAS100 18,209.25 18,438.00 18,190.00 18,412.00   203.25        1.12  100080
1129  2024-08-08 22:00:00  NAS100 18,412.00 18,419.75 18,323.25 18,403.50    -8.50       -0.05   63905
1130  2024-08-08 23:00:00  NAS100 18,403.75 18,463.75 18,361.00 18,406.25     2.75        0.01   53951
1131  2024-08-09 00:00:00  NAS100 18,407.50 18,532.25 18,358.00 18,514.50   108.25        0.59   54192
1132  2024-08-09 01:00:00  NAS100 18,514.25 18,555.25 18,472.25 18,492.25   -22.25       -0.12   44026
1133  2024-08-09 02:00:00  NAS100 18,493.50 18,539.75 18,404.25 18,519.25    27.00        0.15   82970
1134  2024-08-09 03:00:00  NAS100 18,519.00 18,593.50 18,512.00 18,558.00    38.75        0.21   23767
1135  2024-08-09 20:00:00  NAS100 18,417.50 18,528.75 18,404.00 18,432.25  -125.75       -0.68   72624
1136  2024-08-09 21:00:00  NAS100 18,432.00 18,564.75 18,404.50 18,526.25    94.00        0.51   82899
1137  2024-08-09 22:00:00  NAS100 18,525.75 18,578.75 18,473.50 18,482.00   -44.25       -0.24   51293
1138  2024-08-09 23:00:00  NAS100 18,490.25 18,531.00 18,455.50 18,529.50    47.50        0.26   34693
1139  2024-08-10 00:00:00  NAS100 18,529.75 18,674.50 18,521.50 18,608.75    79.25        0.43   46123
1140  2024-08-10 01:00:00  NAS100 18,610.75 18,628.50 18,565.25 18,595.00   -13.75       -0.07   34526
1141  2024-08-10 02:00:00  NAS100 18,594.50 18,633.75 18,566.75 18,609.50    14.50        0.08   51029
1142  2024-08-10 03:00:00  NAS100 18,610.50 18,622.50 18,591.25 18,602.50    -7.00       -0.04   10093
1143  2024-08-12 20:00:00  NAS100 18,660.00 18,672.50 18,523.50 18,540.25   -62.25       -0.33   67412
1144  2024-08-12 21:00:00  NAS100 18,540.75 18,743.25 18,531.00 18,727.75   187.50        1.01   78672
1145  2024-08-12 22:00:00  NAS100 18,728.00 18,765.25 18,576.25 18,720.00    -7.75       -0.04   74614
1146  2024-08-12 23:00:00  NAS100 18,719.75 18,731.75 18,620.75 18,622.50   -97.50       -0.52   44051
1147  2024-08-13 00:00:00  NAS100 18,622.75 18,690.00 18,586.00 18,618.25    -4.25       -0.02   39771
1148  2024-08-13 01:00:00  NAS100 18,618.50 18,649.25 18,598.00 18,647.00    28.75        0.15   29872
1149  2024-08-13 02:00:00  NAS100 18,647.50 18,651.00 18,581.50 18,645.50    -1.50       -0.01   50891
1150  2024-08-13 03:00:00  NAS100 18,645.75 18,658.75 18,617.50 18,626.25   -19.25       -0.10   14230
1151  2024-08-13 20:00:00  NAS100 18,815.25 18,910.00 18,791.25 18,876.00   249.75        1.34   67161
1152  2024-08-13 21:00:00  NAS100 18,897.75 18,951.50 18,856.00 18,941.00    65.00        0.34   75717
1153  2024-08-13 22:00:00  NAS100 18,941.00 18,997.50 18,933.50 18,980.75    39.75        0.21   45878
1154  2024-08-13 23:00:00  NAS100 18,981.25 19,075.00 18,966.00 19,073.75    93.00        0.49   51586
1155  2024-08-14 00:00:00  NAS100 19,073.75 19,087.50 19,006.50 19,057.50   -16.25       -0.09   43971
1156  2024-08-14 01:00:00  NAS100 19,058.00 19,084.75 19,037.50 19,082.25    24.75        0.13   29905
1157  2024-08-14 02:00:00  NAS100 19,082.50 19,112.50 19,032.25 19,101.50    19.25        0.10   60165
1158  2024-08-14 03:00:00  NAS100 19,101.50 19,122.50 19,081.50 19,099.25    -2.25       -0.01   18666
1159  2024-08-14 20:00:00  NAS100 19,131.50 19,175.50 19,011.00 19,029.50   -69.75       -0.37   81499
1160  2024-08-14 21:00:00  NAS100 19,029.50 19,072.25 18,925.50 19,066.75    37.25        0.20   97360
1161  2024-08-14 22:00:00  NAS100 19,067.00 19,203.50 19,053.50 19,196.75   130.00        0.68   61575
1162  2024-08-14 23:00:00  NAS100 19,196.75 19,198.25 19,018.00 19,071.00  -125.75       -0.66   69075
1163  2024-08-15 00:00:00  NAS100 19,070.00 19,102.50 19,052.25 19,071.75     0.75        0.00   39055
1164  2024-08-15 01:00:00  NAS100 19,071.75 19,113.00 19,044.50 19,110.00    38.25        0.20   31159
1165  2024-08-15 02:00:00  NAS100 19,109.25 19,142.25 19,038.25 19,107.50    -2.50       -0.01   52112
1166  2024-08-15 03:00:00  NAS100 19,107.75 19,160.75 19,102.50 19,147.00    39.50        0.21   13741
1167  2024-08-15 20:00:00  NAS100 19,335.50 19,462.00 19,317.25 19,460.75   313.75        1.64   84320
1168  2024-08-15 21:00:00  NAS100 19,461.25 19,514.75 19,405.50 19,481.50    20.75        0.11   80867
1169  2024-08-15 22:00:00  NAS100 19,481.50 19,547.00 19,471.75 19,525.75    44.25        0.23   52863
1170  2024-08-15 23:00:00  NAS100 19,526.00 19,570.00 19,513.25 19,537.50    11.75        0.06   45785
1171  2024-08-16 00:00:00  NAS100 19,538.00 19,585.00 19,519.75 19,583.50    46.00        0.24   34419
1172  2024-08-16 01:00:00  NAS100 19,584.00 19,592.00 19,565.25 19,583.75     0.25        0.00   32925
1173  2024-08-16 02:00:00  NAS100 19,584.00 19,603.25 19,543.00 19,587.25     3.50        0.02   68910
1174  2024-08-16 03:00:00  NAS100 19,587.25 19,591.50 19,560.00 19,568.25   -19.00       -0.10   18316
1175  2024-08-16 20:00:00  NAS100 19,478.75 19,534.25 19,462.50 19,498.00   -70.25       -0.36   75951
1176  2024-08-16 21:00:00  NAS100 19,494.25 19,591.25 19,488.25 19,519.75    21.75        0.11   82864
1177  2024-08-16 22:00:00  NAS100 19,520.25 19,584.00 19,495.00 19,575.75    56.00        0.29   48108
1178  2024-08-16 23:00:00  NAS100 19,575.25 19,660.75 19,564.25 19,651.50    75.75        0.39   40211
1179  2024-08-17 00:00:00  NAS100 19,652.25 19,655.50 19,603.50 19,628.25   -23.25       -0.12   30587
1180  2024-08-17 01:00:00  NAS100 19,628.75 19,629.25 19,590.50 19,622.75    -5.50       -0.03   25842
1181  2024-08-17 02:00:00  NAS100 19,623.50 19,625.00 19,572.25 19,603.50   -19.25       -0.10   40540
1182  2024-08-17 03:00:00  NAS100 19,603.75 19,622.00 19,598.50 19,604.00     0.50        0.00    9955
1183  2024-08-19 20:00:00  NAS100 19,622.25 19,638.75 19,544.50 19,587.75   -16.25       -0.08   67773
1184  2024-08-19 21:00:00  NAS100 19,588.00 19,662.00 19,529.00 19,654.75    67.00        0.34   77849
1185  2024-08-19 22:00:00  NAS100 19,655.25 19,680.00 19,618.25 19,638.00   -16.75       -0.09   42498
1186  2024-08-19 23:00:00  NAS100 19,639.00 19,699.75 19,620.25 19,692.75    54.75        0.28   30202
1187  2024-08-20 00:00:00  NAS100 19,692.50 19,722.75 19,674.00 19,721.25    28.50        0.14   27039
1188  2024-08-20 01:00:00  NAS100 19,721.75 19,786.25 19,719.00 19,769.75    48.50        0.25   34869
1189  2024-08-20 02:00:00  NAS100 19,769.75 19,861.25 19,756.00 19,860.00    90.25        0.46   56615
1190  2024-08-20 03:00:00  NAS100 19,860.25 19,871.75 19,832.75 19,857.75    -2.25       -0.01   17783
1191  2024-08-20 20:00:00  NAS100 19,848.50 19,925.00 19,812.25 19,918.50    60.75        0.31   71661
1192  2024-08-20 21:00:00  NAS100 19,918.50 19,923.50 19,743.00 19,785.50  -133.00       -0.67  105868
1193  2024-08-20 22:00:00  NAS100 19,786.00 19,853.25 19,772.75 19,852.75    67.25        0.34   59771
1194  2024-08-20 23:00:00  NAS100 19,852.75 19,858.50 19,776.00 19,777.50   -75.25       -0.38   42359
1195  2024-08-21 00:00:00  NAS100 19,778.25 19,812.75 19,748.25 19,809.75    32.25        0.16   35836
1196  2024-08-21 01:00:00  NAS100 19,810.00 19,867.75 19,802.25 19,851.50    41.75        0.21   36822
1197  2024-08-21 02:00:00  NAS100 19,851.75 19,859.75 19,803.50 19,811.25   -40.25       -0.20   48842
1198  2024-08-21 03:00:00  NAS100 19,811.50 19,832.75 19,803.00 19,804.75    -6.50       -0.03   12176
1199  2024-08-21 20:00:00  NAS100 19,839.50 19,884.25 19,813.00 19,878.75    74.00        0.37   56105
1200  2024-08-21 21:00:00  NAS100 19,879.75 19,981.75 19,804.00 19,833.75   -45.00       -0.23  114911
1201  2024-08-21 22:00:00  NAS100 19,834.25 19,894.50 19,802.50 19,824.00    -9.75       -0.05   57701
1202  2024-08-21 23:00:00  NAS100 19,824.75 19,879.50 19,771.50 19,870.50    46.50        0.23   40043
1203  2024-08-22 00:00:00  NAS100 19,871.00 19,901.00 19,854.50 19,893.25    22.75        0.11   25627
1204  2024-08-22 01:00:00  NAS100 19,895.00 19,953.25 19,878.25 19,905.00    11.75        0.06   50735
1205  2024-08-22 02:00:00  NAS100 19,904.25 19,922.25 19,832.75 19,906.00     1.00        0.01   57113
1206  2024-08-22 03:00:00  NAS100 19,905.50 19,925.50 19,881.50 19,917.75    11.75        0.06   13646
1207  2024-08-22 20:00:00  NAS100 19,984.50 20,025.00 19,944.25 19,976.00    58.25        0.29   70917
1208  2024-08-22 21:00:00  NAS100 19,977.50 19,985.75 19,854.50 19,878.25   -97.75       -0.49   96392
1209  2024-08-22 22:00:00  NAS100 19,878.50 19,915.25 19,664.00 19,711.25  -167.00       -0.84   95798
1210  2024-08-22 23:00:00  NAS100 19,711.25 19,831.75 19,692.00 19,707.00    -4.25       -0.02   75241
1211  2024-08-23 00:00:00  NAS100 19,707.50 19,738.75 19,586.50 19,610.50   -96.50       -0.49   66412
1212  2024-08-23 01:00:00  NAS100 19,611.25 19,675.00 19,584.00 19,610.25    -0.25       -0.00   54904
1213  2024-08-23 02:00:00  NAS100 19,610.50 19,666.00 19,542.00 19,584.50   -25.75       -0.13   83987
1214  2024-08-23 03:00:00  NAS100 19,585.00 19,630.00 19,566.75 19,612.25    27.75        0.14   17146
1215  2024-08-23 20:00:00  NAS100 19,757.00 19,778.25 19,706.50 19,754.50   142.25        0.73   54526
1216  2024-08-23 21:00:00  NAS100 19,754.75 19,904.25 19,622.50 19,720.50   -34.00       -0.17  153114
1217  2024-08-23 22:00:00  NAS100 19,720.00 19,818.25 19,662.50 19,717.00    -3.50       -0.02   88452
1218  2024-08-23 23:00:00  NAS100 19,717.25 19,725.25 19,591.75 19,681.00   -36.00       -0.18   67862
1219  2024-08-24 00:00:00  NAS100 19,680.75 19,768.75 19,665.75 19,732.75    51.75        0.26   43779
1220  2024-08-24 01:00:00  NAS100 19,732.75 19,766.50 19,722.50 19,738.75     6.00        0.03   34114
1221  2024-08-24 02:00:00  NAS100 19,738.75 19,811.25 19,705.75 19,789.50    50.75        0.26   65324
1222  2024-08-24 03:00:00  NAS100 19,789.25 19,797.50 19,772.25 19,776.75   -12.75       -0.06   11070
1223  2024-08-26 20:00:00  NAS100 19,774.50 19,801.50 19,711.25 19,722.00   -54.75       -0.28   56435
1224  2024-08-26 21:00:00  NAS100 19,722.50 19,727.00 19,505.50 19,601.25  -120.75       -0.61   99260
1225  2024-08-26 22:00:00  NAS100 19,600.25 19,634.00 19,546.25 19,555.75   -45.50       -0.23   55555
1226  2024-08-26 23:00:00  NAS100 19,556.25 19,643.00 19,541.75 19,619.75    64.00        0.33   41471
1227  2024-08-27 00:00:00  NAS100 19,620.25 19,626.75 19,523.75 19,536.75   -83.00       -0.42   41878
1228  2024-08-27 01:00:00  NAS100 19,537.00 19,620.75 19,514.00 19,615.50    78.75        0.40   43874
1229  2024-08-27 02:00:00  NAS100 19,615.50 19,624.50 19,557.50 19,593.00   -22.50       -0.11   48980
1230  2024-08-27 03:00:00  NAS100 19,593.50 19,597.50 19,548.50 19,549.00   -44.00       -0.22   13751
1231  2024-08-27 20:00:00  NAS100 19,513.00 19,570.75 19,441.50 19,543.00    -6.00       -0.03   74982
1232  2024-08-27 21:00:00  NAS100 19,542.75 19,673.50 19,530.50 19,669.50   126.50        0.65   76839
1233  2024-08-27 22:00:00  NAS100 19,669.50 19,694.25 19,578.00 19,610.75   -58.75       -0.30   58877
1234  2024-08-27 23:00:00  NAS100 19,610.25 19,648.00 19,583.25 19,625.25    14.50        0.07   39942
1235  2024-08-28 00:00:00  NAS100 19,625.00 19,690.50 19,618.00 19,686.25    61.00        0.31   37404
1236  2024-08-28 01:00:00  NAS100 19,686.50 19,692.75 19,639.50 19,655.50   -30.75       -0.16   28252
1237  2024-08-28 02:00:00  NAS100 19,656.00 19,668.75 19,631.00 19,651.75    -3.75       -0.02   40416
1238  2024-08-28 03:00:00  NAS100 19,651.25 19,661.50 19,625.75 19,636.00   -15.75       -0.08    9365
1239  2024-08-28 20:00:00  NAS100 19,642.00 19,656.50 19,530.50 19,557.75   -78.25       -0.40   60871
1240  2024-08-28 21:00:00  NAS100 19,558.00 19,593.25 19,454.50 19,454.75  -103.00       -0.53   73029
1241  2024-08-28 22:00:00  NAS100 19,454.50 19,455.00 19,339.25 19,426.75   -28.00       -0.14   81869
1242  2024-08-28 23:00:00  NAS100 19,426.50 19,462.75 19,362.25 19,453.50    26.75        0.14   43395
1243  2024-08-29 00:00:00  NAS100 19,452.75 19,468.75 19,291.25 19,296.75  -156.75       -0.81   49342
1244  2024-08-29 01:00:00  NAS100 19,297.25 19,435.50 19,278.50 19,430.00   133.25        0.69   49843
1245  2024-08-29 02:00:00  NAS100 19,429.75 19,482.75 19,407.25 19,421.25    -8.75       -0.05   67253
1246  2024-08-29 03:00:00  NAS100 19,421.00 19,460.00 19,227.25 19,415.75    -5.50       -0.03   46245
1247  2024-08-29 20:00:00  NAS100 19,468.75 19,651.25 19,463.75 19,643.75   228.00        1.17   98704
1248  2024-08-29 21:00:00  NAS100 19,643.75 19,693.50 19,530.75 19,642.50    -1.25       -0.01  100383
1249  2024-08-29 22:00:00  NAS100 19,640.75 19,686.50 19,591.50 19,632.25   -10.25       -0.05   52863
1250  2024-08-29 23:00:00  NAS100 19,632.75 19,690.00 19,626.00 19,652.25    20.00        0.10   38456
1251  2024-08-30 00:00:00  NAS100 19,652.50 19,652.75 19,575.75 19,633.75   -18.50       -0.09   41702
1252  2024-08-30 01:00:00  NAS100 19,633.25 19,633.75 19,342.00 19,400.75  -233.00       -1.19   92256
1253  2024-08-30 02:00:00  NAS100 19,401.25 19,466.50 19,337.00 19,393.50    -7.25       -0.04   91877
1254  2024-08-30 03:00:00  NAS100 19,393.00 19,455.00 19,391.00 19,445.50    52.00        0.27   16106
1255  2024-08-30 20:00:00  NAS100 19,527.50 19,603.25 19,514.00 19,593.00   147.50        0.76   61176
1256  2024-08-30 21:00:00  NAS100 19,593.75 19,628.75 19,466.75 19,468.75  -124.25       -0.63   82080
1257  2024-08-30 22:00:00  NAS100 19,469.00 19,503.00 19,414.25 19,461.75    -7.00       -0.04   63660
1258  2024-08-30 23:00:00  NAS100 19,461.75 19,483.00 19,370.50 19,463.25     1.50        0.01   50000
1259  2024-08-31 00:00:00  NAS100 19,463.25 19,491.75 19,438.25 19,446.50   -16.75       -0.09   36899
1260  2024-08-31 01:00:00  NAS100 19,447.25 19,538.25 19,434.00 19,524.00    77.50        0.40   34587
1261  2024-08-31 02:00:00  NAS100 19,524.25 19,632.75 19,493.25 19,610.50    86.50        0.44   72346
1262  2024-08-31 03:00:00  NAS100 19,610.25 19,626.25 19,591.25 19,594.00   -16.50       -0.08   14825
1263  2024-09-03 20:00:00  NAS100 19,478.75 19,509.75 19,331.00 19,366.75  -227.25       -1.16   91474
1264  2024-09-03 21:00:00  NAS100 19,366.50 19,386.00 19,158.00 19,162.75  -204.00       -1.05  105058
1265  2024-09-03 22:00:00  NAS100 19,162.50 19,234.00 19,143.00 19,148.25   -14.50       -0.08   63552
1266  2024-09-03 23:00:00  NAS100 19,148.25 19,205.00 19,132.25 19,139.00    -9.25       -0.05   43755
1267  2024-09-04 00:00:00  NAS100 19,139.25 19,178.75 19,103.25 19,108.00   -31.00       -0.16   44770
1268  2024-09-04 01:00:00  NAS100 19,108.75 19,113.50 19,030.50 19,045.00   -63.00       -0.33   50794
1269  2024-09-04 02:00:00  NAS100 19,044.75 19,072.00 18,911.00 19,012.00   -33.00       -0.17   92761
1270  2024-09-04 03:00:00  NAS100 19,012.00 19,037.75 18,969.75 18,989.75   -22.25       -0.12   24997
1271  2024-09-04 20:00:00  NAS100 18,910.25 18,991.25 18,860.00 18,972.50   -17.25       -0.09   73120
1272  2024-09-04 21:00:00  NAS100 18,972.75 19,095.75 18,838.25 19,091.75   119.25        0.63  109360
1273  2024-09-04 22:00:00  NAS100 19,091.25 19,114.75 18,978.00 19,008.75   -83.00       -0.43   66641
1274  2024-09-04 23:00:00  NAS100 19,008.00 19,087.75 18,977.00 19,065.75    57.00        0.30   43406
1275  2024-09-05 00:00:00  NAS100 19,065.00 19,068.00 18,996.50 19,005.25   -60.50       -0.32   35173
1276  2024-09-05 01:00:00  NAS100 19,005.50 19,031.75 18,933.25 18,937.00   -68.25       -0.36   44020
1277  2024-09-05 02:00:00  NAS100 18,937.00 19,019.50 18,907.75 18,957.50    20.50        0.11   67035
1278  2024-09-05 03:00:00  NAS100 18,957.00 18,968.75 18,922.00 18,964.50     7.00        0.04   16677
1279  2024-09-05 20:00:00  NAS100 18,890.50 19,060.75 18,881.25 19,053.50    89.00        0.47   76640
1280  2024-09-05 21:00:00  NAS100 19,051.00 19,150.50 18,980.75 18,983.00   -70.50       -0.37  105130
1281  2024-09-05 22:00:00  NAS100 18,983.00 18,991.75 18,842.00 18,860.75  -122.25       -0.64   78978
1282  2024-09-05 23:00:00  NAS100 18,861.25 18,963.50 18,857.00 18,932.50    71.75        0.38   45357
1283  2024-09-06 00:00:00  NAS100 18,933.00 19,015.25 18,887.00 19,012.00    79.50        0.42   39808
1284  2024-09-06 01:00:00  NAS100 19,012.50 19,040.25 18,983.00 18,989.50   -22.50       -0.12   36045
1285  2024-09-06 02:00:00  NAS100 18,989.75 18,998.25 18,899.25 18,975.50   -14.00       -0.07   67668
1286  2024-09-06 03:00:00  NAS100 18,975.50 19,032.50 18,904.00 18,924.75   -50.75       -0.27   21170
1287  2024-09-06 20:00:00  NAS100 18,933.25 18,972.25 18,741.50 18,745.75  -179.00       -0.95  102080
1288  2024-09-06 21:00:00  NAS100 18,745.75 18,788.00 18,506.00 18,533.75  -212.00       -1.13  122515
1289  2024-09-06 22:00:00  NAS100 18,534.50 18,636.75 18,445.75 18,462.00   -71.75       -0.39  104105
1290  2024-09-06 23:00:00  NAS100 18,461.50 18,498.00 18,430.25 18,450.75   -11.25       -0.06   50684
1291  2024-09-07 00:00:00  NAS100 18,450.75 18,545.75 18,439.50 18,477.50    26.75        0.14   54732
1292  2024-09-07 01:00:00  NAS100 18,478.50 18,493.75 18,432.25 18,481.50     4.00        0.02   39897
1293  2024-09-07 02:00:00  NAS100 18,480.75 18,532.75 18,436.25 18,458.25   -23.25       -0.13   81551
1294  2024-09-07 03:00:00  NAS100 18,458.50 18,460.50 18,339.75 18,377.50   -80.75       -0.44   25812
1295  2024-09-09 20:00:00  NAS100 18,604.50 18,696.25 18,591.50 18,687.00   309.50        1.68   67249
1296  2024-09-09 21:00:00  NAS100 18,687.00 18,720.50 18,516.50 18,517.50  -169.50       -0.91   87158
1297  2024-09-09 22:00:00  NAS100 18,518.00 18,644.50 18,497.25 18,644.00   126.50        0.68   61010
1298  2024-09-09 23:00:00  NAS100 18,653.00 18,718.50 18,636.00 18,710.75    66.75        0.36   45269
1299  2024-09-10 00:00:00  NAS100 18,711.25 18,730.00 18,629.75 18,639.50   -71.25       -0.38   48112
1300  2024-09-10 01:00:00  NAS100 18,639.25 18,642.25 18,566.75 18,603.75   -35.75       -0.19   47368
1301  2024-09-10 02:00:00  NAS100 18,604.00 18,698.25 18,581.00 18,688.50    84.75        0.46   58086
1302  2024-09-10 03:00:00  NAS100 18,688.50 18,734.50 18,678.75 18,722.75    34.25        0.18   14841
1303  2024-09-10 20:00:00  NAS100 18,758.25 18,821.75 18,721.75 18,762.50    39.75        0.21   78627
1304  2024-09-10 21:00:00  NAS100 18,762.75 18,817.00 18,686.75 18,728.75   -33.75       -0.18   90572
1305  2024-09-10 22:00:00  NAS100 18,728.50 18,790.00 18,622.25 18,623.75  -105.00       -0.56   62643
1306  2024-09-10 23:00:00  NAS100 18,623.75 18,718.75 18,597.25 18,688.75    65.00        0.35   56017
1307  2024-09-11 00:00:00  NAS100 18,688.00 18,795.50 18,684.25 18,787.25    98.50        0.53   43783
1308  2024-09-11 01:00:00  NAS100 18,787.25 18,847.50 18,787.25 18,820.75    33.50        0.18   40931
1309  2024-09-11 02:00:00  NAS100 18,826.00 18,878.50 18,818.75 18,864.75    44.00        0.23   45401
1310  2024-09-11 03:00:00  NAS100 18,848.75 18,851.50 18,820.75 18,835.00   -29.75       -0.16   22253
1311  2024-09-11 20:00:00  NAS100 18,885.50 18,927.50 18,773.25 18,792.00   -43.00       -0.23   88984
1312  2024-09-11 21:00:00  NAS100 18,792.25 18,816.50 18,547.00 18,604.75  -187.25       -1.00  114508
1313  2024-09-11 22:00:00  NAS100 18,604.25 18,819.00 18,569.50 18,789.75   185.00        0.99   94069
1314  2024-09-11 23:00:00  NAS100 18,789.00 18,940.25 18,784.00 18,912.75   123.00        0.65   72414
1315  2024-09-12 00:00:00  NAS100 18,912.25 19,070.25 18,908.00 19,040.25   127.50        0.67   64061
1316  2024-09-12 01:00:00  NAS100 19,040.00 19,180.00 19,031.50 19,127.75    87.50        0.46   67841
1317  2024-09-12 02:00:00  NAS100 19,127.75 19,293.50 19,097.75 19,254.75   127.00        0.66   85813
1318  2024-09-12 03:00:00  NAS100 19,255.25 19,268.25 19,229.00 19,248.00    -6.75       -0.04   21161
1319  2024-09-12 20:00:00  NAS100 19,259.00 19,286.50 19,185.25 19,257.00     9.00        0.05   91483
1320  2024-09-12 21:00:00  NAS100 19,257.50 19,366.25 19,230.25 19,310.25    53.25        0.28   95196
1321  2024-09-12 22:00:00  NAS100 19,286.25 19,388.75 19,246.25 19,265.75   -44.50       -0.23   69856
1322  2024-09-12 23:00:00  NAS100 19,265.25 19,383.25 19,258.00 19,381.50   115.75        0.60   44444
1323  2024-09-13 00:00:00  NAS100 19,381.00 19,469.25 19,370.25 19,466.00    84.50        0.44   46277
1324  2024-09-13 01:00:00  NAS100 19,466.25 19,483.50 19,356.75 19,454.00   -12.00       -0.06   53647
1325  2024-09-13 02:00:00  NAS100 19,453.75 19,464.25 19,410.75 19,451.00    -3.00       -0.02   54467
1326  2024-09-13 03:00:00  NAS100 19,451.75 19,458.50 19,401.00 19,413.50   -37.50       -0.19   18274
1327  2024-09-13 20:00:00  NAS100 19,448.75 19,501.50 19,398.25 19,464.00    50.50        0.26   65940
1328  2024-09-13 21:00:00  NAS100 19,466.25 19,534.25 19,413.25 19,512.50    48.50        0.25   95272
1329  2024-09-13 22:00:00  NAS100 19,512.25 19,544.00 19,498.75 19,535.50    23.00        0.12   46438
1330  2024-09-13 23:00:00  NAS100 19,535.00 19,561.00 19,478.00 19,542.50     7.00        0.04   49712
1331  2024-09-14 00:00:00  NAS100 19,542.25 19,577.00 19,536.00 19,560.75    18.25        0.09   36092
1332  2024-09-14 01:00:00  NAS100 19,561.00 19,573.25 19,496.50 19,513.25   -47.50       -0.24   47404
1333  2024-09-14 02:00:00  NAS100 19,513.25 19,552.00 19,492.00 19,527.50    14.25        0.07   49797
1334  2024-09-14 03:00:00  NAS100 19,527.25 19,529.00 19,501.25 19,503.50   -24.00       -0.12   12347
1335  2024-09-16 20:00:00  NAS100 19,442.25 19,463.50 19,326.25 19,428.75   -74.75       -0.38   60546
1336  2024-09-16 21:00:00  NAS100 19,428.75 19,460.25 19,299.50 19,340.25   -88.50       -0.46   66006
1337  2024-09-16 22:00:00  NAS100 19,339.50 19,411.00 19,303.00 19,367.75    27.50        0.14   37953
1338  2024-09-16 23:00:00  NAS100 19,367.75 19,389.00 19,312.00 19,386.75    19.00        0.10   33907
1339  2024-09-17 00:00:00  NAS100 19,387.25 19,437.00 19,358.00 19,428.25    41.50        0.21   25755
1340  2024-09-17 01:00:00  NAS100 19,429.00 19,438.00 19,394.75 19,433.75     5.50        0.03   23314
1341  2024-09-17 02:00:00  NAS100 19,434.50 19,453.00 19,404.75 19,437.75     4.00        0.02   28496
1342  2024-09-17 03:00:00  NAS100 19,438.50 19,440.75 19,417.25 19,419.50   -18.25       -0.09    6001
1343  2024-09-17 20:00:00  NAS100 19,562.75 19,593.75 19,476.25 19,525.75   106.25        0.55   32888
1344  2024-09-17 21:00:00  NAS100 19,527.00 19,615.00 19,511.75 19,536.00    10.25        0.05   38507
1345  2024-09-17 22:00:00  NAS100 19,546.75 19,580.25 19,506.00 19,538.75     2.75        0.01   22755
1346  2024-09-17 23:00:00  NAS100 19,542.00 19,549.25 19,364.25 19,402.50  -136.25       -0.70   34409
1347  2024-09-18 00:00:00  NAS100 19,401.50 19,459.50 19,341.00 19,427.00    24.50        0.13   23424
1348  2024-09-18 01:00:00  NAS100 19,427.00 19,446.50 19,374.00 19,404.00   -23.00       -0.12   24783
1349  2024-09-18 02:00:00  NAS100 19,402.50 19,447.75 19,386.00 19,444.75    40.75        0.21   20351
1350  2024-09-18 03:00:00  NAS100 19,444.75 19,465.25 19,436.00 19,450.75     6.00        0.03    3343
1351  2024-09-18 20:00:00  NAS100 19,490.75 19,499.00 19,430.00 19,472.25    21.50        0.11   15446
1352  2024-09-18 21:00:00  NAS100 19,472.75 19,488.00 19,411.25 19,454.25   -18.00       -0.09   15089
1353  2024-09-18 22:00:00  NAS100 19,455.75 19,472.50 19,352.50 19,362.50   -91.75       -0.47   10261
1354  2024-09-18 23:00:00  NAS100 19,372.75 19,476.75 19,350.00 19,471.00   108.50        0.56   10499
1355  2024-09-19 00:00:00  NAS100 19,471.50 19,494.25 19,438.00 19,460.75   -10.25       -0.05    8059
1356  2024-09-19 01:00:00  NAS100 19,444.00 19,660.00 19,401.00 19,491.50    30.75        0.16   20838
1357  2024-09-19 02:00:00  NAS100 19,486.50 19,540.50 19,331.25 19,350.25  -141.25       -0.72   25229
1358  2024-09-19 03:00:00  NAS100 19,349.50 19,431.75 19,335.75 19,398.75    48.50        0.25    4093
1359  2024-09-19 20:00:00  NAS100 19,759.00 19,835.00 19,727.75 19,774.25   375.50        1.94   24780
1360  2024-09-19 21:00:00  NAS100 19,772.25 19,921.50 19,765.00 19,827.25    53.00        0.27   16688
1361  2024-09-19 22:00:00  NAS100 19,830.75 19,918.00 19,813.75 19,864.00    36.75        0.19    9915
1362  2024-09-19 23:00:00  NAS100 19,864.00 19,937.25 19,858.25 19,921.50    57.50        0.29    5900
1363  2024-09-20 00:00:00  NAS100 19,920.50 19,966.25 19,902.25 19,957.00    35.50        0.18    6956
1364  2024-09-20 01:00:00  NAS100 19,956.25 19,965.75 19,871.50 19,911.75   -45.25       -0.23    8855
1365  2024-09-20 02:00:00  NAS100 19,911.75 19,920.00 19,827.75 19,844.75   -67.00       -0.34   10938
1366  2024-09-20 03:00:00  NAS100 19,834.75 19,849.75 19,812.00 19,828.25   -16.50       -0.08       0
1367  2024-09-20 20:00:00  NAS100 19,829.50 19,829.50 19,783.00 19,814.00   -14.25       -0.07       0
1368  2024-09-21 03:00:00  NAS100 20,015.50 20,015.50 20,015.50 20,015.50   201.50        1.02  470844
1369  2024-09-23 20:00:00  NAS100 20,087.50 20,099.25 20,031.50 20,066.00    50.50        0.25   53940
1370  2024-09-23 21:00:00  NAS100 20,066.75 20,126.75 20,044.25 20,095.25    29.25        0.15   66187
1371  2024-09-23 22:00:00  NAS100 20,089.75 20,125.75 20,047.25 20,105.25    10.00        0.05   48192
1372  2024-09-23 23:00:00  NAS100 20,105.25 20,108.00 20,035.25 20,046.25   -59.00       -0.29   40193
1373  2024-09-24 00:00:00  NAS100 20,045.50 20,078.50 20,018.75 20,073.50    27.25        0.14   29646
1374  2024-09-24 01:00:00  NAS100 20,073.25 20,085.75 20,056.75 20,081.25     7.75        0.04   22999
1375  2024-09-24 02:00:00  NAS100 20,081.00 20,089.25 20,054.00 20,076.50    -4.75       -0.02   36842
1376  2024-09-24 03:00:00  NAS100 20,076.75 20,085.50 20,055.00 20,063.25   -13.25       -0.07    9065
1377  2024-09-24 20:00:00  NAS100 20,117.25 20,154.00 20,083.00 20,089.25    26.00        0.13   45192
1378  2024-09-24 21:00:00  NAS100 20,091.50 20,093.25 19,953.00 20,074.00   -15.25       -0.08   97442
1379  2024-09-24 22:00:00  NAS100 20,074.00 20,214.75 20,069.50 20,187.00   113.00        0.56   71619
1380  2024-09-24 23:00:00  NAS100 20,187.50 20,214.25 20,160.25 20,162.00   -25.00       -0.12   40017
1381  2024-09-25 00:00:00  NAS100 20,162.50 20,193.50 20,151.00 20,165.50     3.50        0.02   28453
1382  2024-09-25 01:00:00  NAS100 20,165.25 20,175.75 20,109.00 20,147.75   -17.75       -0.09   34926
1383  2024-09-25 02:00:00  NAS100 20,147.25 20,174.25 20,138.75 20,169.75    22.00        0.11   38410
1384  2024-09-25 03:00:00  NAS100 20,170.00 20,189.50 20,162.25 20,185.25    15.50        0.08   13224
1385  2024-09-25 20:00:00  NAS100 20,149.25 20,234.00 20,138.00 20,232.00    46.75        0.23   57833
1386  2024-09-25 21:00:00  NAS100 20,231.50 20,271.00 20,205.00 20,230.00    -2.00       -0.01   64194
1387  2024-09-25 22:00:00  NAS100 20,229.50 20,245.50 20,179.00 20,206.75   -23.25       -0.11   51027
1388  2024-09-25 23:00:00  NAS100 20,206.50 20,216.00 20,169.75 20,178.50   -28.25       -0.14   33333
1389  2024-09-26 00:00:00  NAS100 20,178.75 20,203.00 20,135.75 20,200.75    22.25        0.11   43694
1390  2024-09-26 01:00:00  NAS100 20,199.50 20,206.50 20,145.00 20,190.00   -10.75       -0.05   29650
1391  2024-09-26 02:00:00  NAS100 20,190.25 20,200.00 20,173.75 20,194.75     4.75        0.02   33414
1392  2024-09-26 03:00:00  NAS100 20,194.75 20,245.00 20,188.25 20,242.00    47.25        0.23   17994
1393  2024-09-26 20:00:00  NAS100 20,517.00 20,538.00 20,405.00 20,427.50   185.50        0.92   75518
1394  2024-09-26 21:00:00  NAS100 20,428.00 20,436.75 20,205.75 20,214.50  -213.00       -1.04   93398
1395  2024-09-26 22:00:00  NAS100 20,214.50 20,324.50 20,188.00 20,321.50   107.00        0.53   68320
1396  2024-09-26 23:00:00  NAS100 20,321.50 20,321.75 20,228.00 20,252.25   -69.25       -0.34   38555
1397  2024-09-27 00:00:00  NAS100 20,251.75 20,290.50 20,189.00 20,274.25    22.00        0.11   40971
1398  2024-09-27 01:00:00  NAS100 20,274.00 20,350.25 20,274.00 20,339.25    65.00        0.32   37820
1399  2024-09-27 02:00:00  NAS100 20,339.00 20,362.50 20,321.50 20,341.50     2.25        0.01   40913
1400  2024-09-27 03:00:00  NAS100 20,341.75 20,360.75 20,336.00 20,345.75     4.25        0.02    9619
1401  2024-09-27 20:00:00  NAS100 20,376.75 20,392.50 20,312.00 20,327.00   -18.75       -0.09   52586
1402  2024-09-27 21:00:00  NAS100 20,328.00 20,376.50 20,272.50 20,307.50   -19.50       -0.10   66804
1403  2024-09-27 22:00:00  NAS100 20,308.50 20,312.50 20,231.50 20,235.50   -72.00       -0.35   48563
1404  2024-09-27 23:00:00  NAS100 20,235.75 20,268.50 20,210.00 20,261.50    26.00        0.13   36734
1405  2024-09-28 00:00:00  NAS100 20,262.25 20,284.75 20,218.25 20,280.25    18.75        0.09   32375
1406  2024-09-28 01:00:00  NAS100 20,279.75 20,293.00 20,173.25 20,248.50   -31.75       -0.16   47741
1407  2024-09-28 02:00:00  NAS100 20,248.25 20,255.00 20,211.25 20,223.50   -25.00       -0.12   42280
1408  2024-09-28 03:00:00  NAS100 20,222.75 20,227.00 20,188.75 20,193.00   -30.50       -0.15   12112
1409  2024-09-30 20:00:00  NAS100 20,170.00 20,262.50 20,162.25 20,204.25    11.25        0.06   57622
1410  2024-09-30 21:00:00  NAS100 20,204.75 20,221.25 20,127.50 20,179.75   -24.50       -0.12   64598
1411  2024-09-30 22:00:00  NAS100 20,180.00 20,234.75 20,167.25 20,206.50    26.75        0.13   45363
1412  2024-09-30 23:00:00  NAS100 20,207.50 20,254.50 20,204.50 20,212.00     5.50        0.03   33050
1413  2024-10-01 00:00:00  NAS100 20,212.50 20,218.00 20,169.00 20,205.50    -6.50       -0.03   37808
1414  2024-10-01 01:00:00  NAS100 20,206.25 20,212.00 20,056.00 20,147.25   -58.25       -0.29   81607
1415  2024-10-01 02:00:00  NAS100 20,147.75 20,286.75 20,119.00 20,271.00   123.75        0.61   83581
1416  2024-10-01 03:00:00  NAS100 20,271.00 20,275.50 20,232.50 20,233.25   -37.75       -0.19   17182
1417  2024-10-01 20:00:00  NAS100 20,275.25 20,280.00 19,978.50 20,044.00  -189.25       -0.94   99337
1418  2024-10-01 21:00:00  NAS100 20,044.50 20,078.25 19,866.25 19,923.75  -120.25       -0.60  113690
1419  2024-10-01 22:00:00  NAS100 19,923.50 19,976.50 19,821.00 19,923.00    -0.75       -0.00   88813
1420  2024-10-01 23:00:00  NAS100 19,923.25 19,996.00 19,855.00 19,934.50    11.50        0.06   74969
1421  2024-10-02 00:00:00  NAS100 19,935.00 20,001.00 19,844.50 19,999.25    64.75        0.32   68313
1422  2024-10-02 01:00:00  NAS100 19,998.75 20,081.25 19,996.50 20,054.25    55.00        0.28   59633
1423  2024-10-02 02:00:00  NAS100 20,054.50 20,064.25 19,953.25 19,978.25   -76.00       -0.38   57711
1424  2024-10-02 03:00:00  NAS100 19,978.25 20,016.50 19,954.00 19,962.25   -16.00       -0.08   16811
1425  2024-10-02 20:00:00  NAS100 19,981.00 19,987.00 19,833.50 19,915.25   -47.00       -0.24   75261
1426  2024-10-02 21:00:00  NAS100 19,916.00 20,056.75 19,905.50 19,996.50    81.25        0.41   85536
1427  2024-10-02 22:00:00  NAS100 19,996.75 20,090.25 19,991.25 20,060.75    64.25        0.32   54262
1428  2024-10-02 23:00:00  NAS100 20,061.25 20,084.75 19,977.75 19,980.50   -80.25       -0.40   38677
1429  2024-10-03 00:00:00  NAS100 19,980.00 20,048.50 19,968.50 20,045.25    64.75        0.32   41444
1430  2024-10-03 01:00:00  NAS100 20,044.25 20,058.25 19,985.75 20,024.75   -20.50       -0.10   32916
1431  2024-10-03 02:00:00  NAS100 20,024.75 20,058.00 20,004.75 20,009.25   -15.50       -0.08   40973
1432  2024-10-03 03:00:00  NAS100 20,010.00 20,072.50 20,004.00 20,056.25    47.00        0.23   12295
1433  2024-10-03 20:00:00  NAS100 19,921.00 20,048.25 19,894.75 20,023.00   -33.25       -0.17   63650
1434  2024-10-03 21:00:00  NAS100 20,024.50 20,113.50 19,912.50 19,940.00   -83.00       -0.41  130008
1435  2024-10-03 22:00:00  NAS100 19,940.75 20,059.50 19,926.50 20,040.25   100.25        0.50   55341
1436  2024-10-03 23:00:00  NAS100 20,039.75 20,051.75 19,901.75 19,920.00  -120.25       -0.60   49569
1437  2024-10-04 00:00:00  NAS100 19,920.75 19,988.75 19,879.00 19,962.75    42.75        0.21   49557
1438  2024-10-04 01:00:00  NAS100 19,963.00 19,975.75 19,924.75 19,942.75   -20.00       -0.10   27502
1439  2024-10-04 02:00:00  NAS100 19,942.75 20,006.75 19,913.75 19,988.00    45.25        0.23   45969
1440  2024-10-04 03:00:00  NAS100 19,989.00 20,017.50 19,955.25 19,958.25   -29.75       -0.15   11173
1441  2024-10-04 20:00:00  NAS100 20,245.00 20,263.75 20,073.00 20,085.50   127.25        0.64   90340
1442  2024-10-04 21:00:00  NAS100 20,086.50 20,129.25 20,013.25 20,126.75    41.25        0.21  103710
1443  2024-10-04 22:00:00  NAS100 20,126.00 20,160.50 20,034.25 20,141.50    14.75        0.07   72402
1444  2024-10-04 23:00:00  NAS100 20,141.50 20,182.25 20,081.50 20,154.00    12.50        0.06   49798
1445  2024-10-05 00:00:00  NAS100 20,154.00 20,171.00 20,083.75 20,115.50   -38.50       -0.19   39217
1446  2024-10-05 01:00:00  NAS100 20,115.75 20,171.50 20,093.50 20,170.25    54.75        0.27   33512
1447  2024-10-05 02:00:00  NAS100 20,170.25 20,245.50 20,154.75 20,227.00    56.75        0.28   50715
1448  2024-10-05 03:00:00  NAS100 20,227.25 20,233.25 20,197.25 20,202.25   -24.75       -0.12   11819
1449  2024-10-07 20:00:00  NAS100 20,126.00 20,163.75 20,088.75 20,110.00   -92.25       -0.46   59055
1450  2024-10-07 21:00:00  NAS100 20,110.75 20,183.00 20,104.50 20,165.00    55.00        0.27   60536
1451  2024-10-07 22:00:00  NAS100 20,166.00 20,176.00 20,119.00 20,150.25   -14.75       -0.07   36812
1452  2024-10-07 23:00:00  NAS100 20,150.75 20,168.00 20,107.75 20,133.50   -16.75       -0.08   31867
1453  2024-10-08 00:00:00  NAS100 20,146.75 20,163.25 20,113.25 20,148.75    15.25        0.08   25170
1454  2024-10-08 01:00:00  NAS100 20,148.50 20,152.75 19,961.00 19,969.25  -179.50       -0.89   65217
1455  2024-10-08 02:00:00  NAS100 19,969.50 20,028.25 19,948.00 19,987.00    17.75        0.09   57229
1456  2024-10-08 03:00:00  NAS100 20,011.75 20,034.00 20,003.75 20,017.00    30.00        0.15   17787
1457  2024-10-08 20:00:00  NAS100 20,064.75 20,157.50 20,056.25 20,156.00   139.00        0.69   59455
1458  2024-10-08 21:00:00  NAS100 20,155.75 20,273.75 20,155.25 20,239.00    83.00        0.41   81168
1459  2024-10-08 22:00:00  NAS100 20,240.25 20,261.75 20,211.50 20,257.75    18.75        0.09   37012
1460  2024-10-08 23:00:00  NAS100 20,257.25 20,257.25 20,200.00 20,232.75   -25.00       -0.12   29419
1461  2024-10-09 00:00:00  NAS100 20,231.25 20,234.00 20,164.75 20,232.00    -0.75       -0.00   37910
1462  2024-10-09 01:00:00  NAS100 20,232.00 20,282.75 20,223.00 20,274.00    42.00        0.21   29542
1463  2024-10-09 02:00:00  NAS100 20,273.75 20,329.50 20,255.25 20,300.00    26.00        0.13   53587
1464  2024-10-09 03:00:00  NAS100 20,300.50 20,300.50 20,276.25 20,286.25   -13.75       -0.07   14220
1465  2024-10-09 20:00:00  NAS100 20,271.00 20,300.75 20,238.50 20,266.00   -20.25       -0.10   55485
1466  2024-10-09 21:00:00  NAS100 20,265.50 20,363.75 20,263.25 20,361.25    95.25        0.47   67785
1467  2024-10-09 22:00:00  NAS100 20,361.75 20,448.25 20,360.75 20,445.50    84.25        0.41   49698
1468  2024-10-09 23:00:00  NAS100 20,446.00 20,447.25 20,368.00 20,395.50   -50.00       -0.24   43006
1469  2024-10-10 00:00:00  NAS100 20,395.25 20,429.25 20,377.25 20,398.75     3.25        0.02   32262
1470  2024-10-10 01:00:00  NAS100 20,399.75 20,461.75 20,389.00 20,433.50    34.75        0.17   35951
1471  2024-10-10 02:00:00  NAS100 20,433.25 20,482.50 20,405.25 20,458.25    24.75        0.12   50280
1472  2024-10-10 03:00:00  NAS100 20,458.25 20,459.00 20,417.25 20,449.25    -9.00       -0.04   15296
1473  2024-10-10 20:00:00  NAS100 20,361.25 20,390.00 20,301.50 20,357.25   -92.00       -0.45   69540
1474  2024-10-10 21:00:00  NAS100 20,357.50 20,420.00 20,353.75 20,382.25    25.00        0.12   64091
1475  2024-10-10 22:00:00  NAS100 20,382.25 20,477.50 20,363.00 20,475.25    93.00        0.46   43831
1476  2024-10-10 23:00:00  NAS100 20,475.00 20,508.25 20,416.75 20,438.75   -36.50       -0.18   53987
1477  2024-10-11 00:00:00  NAS100 20,439.25 20,473.25 20,378.50 20,445.75     7.00        0.03   47428
1478  2024-10-11 01:00:00  NAS100 20,445.75 20,446.50 20,372.50 20,419.25   -26.50       -0.13   33386
1479  2024-10-11 02:00:00  NAS100 20,419.00 20,443.50 20,388.75 20,429.50    10.25        0.05   44177
1480  2024-10-11 03:00:00  NAS100 20,429.50 20,441.25 20,417.25 20,433.00     3.50        0.02    8477
1481  2024-10-11 20:00:00  NAS100 20,369.25 20,379.75 20,314.75 20,359.25   -73.75       -0.36   56193
1482  2024-10-11 21:00:00  NAS100 20,358.50 20,481.00 20,325.75 20,428.25    69.00        0.34   85449
1483  2024-10-11 22:00:00  NAS100 20,428.00 20,472.00 20,405.75 20,469.25    41.00        0.20   39181
1484  2024-10-11 23:00:00  NAS100 20,469.25 20,471.25 20,404.50 20,440.25   -29.00       -0.14   32998
1485  2024-10-12 00:00:00  NAS100 20,440.25 20,452.00 20,417.25 20,436.75    -3.50       -0.02   21939
1486  2024-10-12 01:00:00  NAS100 20,436.75 20,476.00 20,425.00 20,467.50    30.75        0.15   25765
1487  2024-10-12 02:00:00  NAS100 20,467.00 20,494.25 20,446.25 20,449.75   -17.75       -0.09   40436
1488  2024-10-12 03:00:00  NAS100 20,449.75 20,453.50 20,406.50 20,413.25   -36.50       -0.18   13452
1489  2024-10-14 20:00:00  NAS100 20,538.75 20,671.25 20,538.25 20,670.75   257.50        1.26   63763
1490  2024-10-14 21:00:00  NAS100 20,671.75 20,680.00 20,551.00 20,563.00  -107.75       -0.52   69041
1491  2024-10-14 22:00:00  NAS100 20,563.25 20,586.75 20,525.00 20,584.25    21.25        0.10   55134
1492  2024-10-14 23:00:00  NAS100 20,584.00 20,618.50 20,578.00 20,604.25    20.00        0.10   27902
1493  2024-10-15 00:00:00  NAS100 20,604.50 20,624.00 20,594.25 20,607.75     3.50        0.02   21853
1494  2024-10-15 01:00:00  NAS100 20,608.00 20,642.00 20,596.50 20,626.25    18.50        0.09   26139
1495  2024-10-15 02:00:00  NAS100 20,626.25 20,666.75 20,613.00 20,621.25    -5.00       -0.02   49572
1496  2024-10-15 03:00:00  NAS100 20,621.50 20,640.75 20,602.75 20,638.50    17.25        0.08   12827
1497  2024-10-15 20:00:00  NAS100 20,624.50 20,659.25 20,605.75 20,629.25    -9.25       -0.04   57053
1498  2024-10-15 21:00:00  NAS100 20,629.00 20,648.25 20,331.25 20,399.00  -230.25       -1.12  133674
1499  2024-10-15 22:00:00  NAS100 20,400.00 20,448.00 20,345.50 20,350.50   -48.50       -0.24   66583
1500  2024-10-15 23:00:00  NAS100 20,350.50 20,416.50 20,337.75 20,376.50    26.00        0.13   38786
1501  2024-10-16 00:00:00  NAS100 20,376.00 20,389.25 20,334.25 20,358.75   -17.75       -0.09   36746
1502  2024-10-16 01:00:00  NAS100 20,359.25 20,389.00 20,323.25 20,330.25   -28.50       -0.14   31988
1503  2024-10-16 02:00:00  NAS100 20,330.25 20,350.25 20,254.00 20,343.50    13.25        0.07   75284
1504  2024-10-16 03:00:00  NAS100 20,344.00 20,355.50 20,320.75 20,333.25   -10.25       -0.05   12103
1505  2024-10-16 20:00:00  NAS100 20,350.50 20,378.25 20,215.25 20,223.75  -109.50       -0.54   73413
1506  2024-10-16 21:00:00  NAS100 20,224.25 20,349.25 20,206.25 20,273.50    49.75        0.25   83743
1507  2024-10-16 22:00:00  NAS100 20,273.75 20,329.50 20,266.00 20,275.00     1.50        0.01   43943
1508  2024-10-16 23:00:00  NAS100 20,274.75 20,337.75 20,270.00 20,335.25    60.25        0.30   30404
1509  2024-10-17 00:00:00  NAS100 20,335.50 20,348.75 20,303.25 20,337.25     2.00        0.01   29563
1510  2024-10-17 01:00:00  NAS100 20,337.00 20,379.25 20,318.00 20,362.00    24.75        0.12   32492
1511  2024-10-17 02:00:00  NAS100 20,362.00 20,370.25 20,331.25 20,347.00   -15.00       -0.07   40108
1512  2024-10-17 03:00:00  NAS100 20,346.75 20,348.50 20,318.75 20,328.00   -19.00       -0.09   11804
1513  2024-10-17 20:00:00  NAS100 20,559.25 20,594.75 20,402.75 20,434.25   106.25        0.52   96490
1514  2024-10-17 21:00:00  NAS100 20,434.25 20,464.00 20,366.50 20,399.75   -34.50       -0.17   89235
1515  2024-10-17 22:00:00  NAS100 20,401.00 20,511.00 20,369.00 20,508.50   108.75        0.53   50123
1516  2024-10-17 23:00:00  NAS100 20,508.00 20,528.75 20,447.00 20,467.50   -41.00       -0.20   40291
1517  2024-10-18 00:00:00  NAS100 20,467.25 20,501.25 20,459.25 20,477.50    10.00        0.05   26384
1518  2024-10-18 01:00:00  NAS100 20,477.50 20,484.00 20,365.75 20,431.75   -45.75       -0.22   59505
1519  2024-10-18 02:00:00  NAS100 20,431.75 20,436.00 20,354.00 20,363.75   -68.00       -0.33   54898
1520  2024-10-18 03:00:00  NAS100 20,364.00 20,412.00 20,355.50 20,383.50    19.75        0.10   14896
1521  2024-10-18 20:00:00  NAS100 20,478.75 20,510.50 20,433.00 20,475.25    91.75        0.45   68919
1522  2024-10-18 21:00:00  NAS100 20,476.00 20,523.25 20,452.00 20,463.25   -12.00       -0.06   57999
1523  2024-10-18 22:00:00  NAS100 20,470.75 20,529.75 20,459.25 20,469.00     5.75        0.03   50196
1524  2024-10-18 23:00:00  NAS100 20,469.00 20,521.50 20,442.00 20,496.25    27.25        0.13   36440
1525  2024-10-19 00:00:00  NAS100 20,496.50 20,523.75 20,479.25 20,485.50   -10.75       -0.05   30382
1526  2024-10-19 01:00:00  NAS100 20,485.75 20,508.75 20,451.75 20,492.25     6.75        0.03   24954
1527  2024-10-19 02:00:00  NAS100 20,492.25 20,496.00 20,457.25 20,482.50    -9.75       -0.05   36346
1528  2024-10-19 03:00:00  NAS100 20,482.00 20,504.00 20,474.00 20,484.25     1.75        0.01   11601
1529  2024-10-21 20:00:00  NAS100 20,400.75 20,502.50 20,396.50 20,493.25     9.00        0.04   53095
1530  2024-10-21 21:00:00  NAS100 20,493.50 20,554.50 20,382.00 20,427.75   -65.50       -0.32   95338
1531  2024-10-21 22:00:00  NAS100 20,428.50 20,465.00 20,345.00 20,456.25    28.50        0.14   77541
1532  2024-10-21 23:00:00  NAS100 20,455.50 20,477.00 20,426.00 20,470.75    14.50        0.07   34770
1533  2024-10-22 00:00:00  NAS100 20,471.00 20,497.25 20,455.25 20,491.75    21.00        0.10   28693
1534  2024-10-22 01:00:00  NAS100 20,492.00 20,496.50 20,451.25 20,457.75   -34.00       -0.17   25332
1535  2024-10-22 02:00:00  NAS100 20,458.25 20,523.00 20,446.00 20,520.00    62.25        0.30   45951
1536  2024-10-22 03:00:00  NAS100 20,520.00 20,547.25 20,511.75 20,538.75    18.75        0.09   14598
1537  2024-10-22 20:00:00  NAS100 20,394.50 20,479.50 20,363.25 20,460.25   -78.50       -0.38   70681
1538  2024-10-22 21:00:00  NAS100 20,461.00 20,520.00 20,439.75 20,492.25    32.00        0.16   75159
1539  2024-10-22 22:00:00  NAS100 20,493.25 20,511.75 20,455.50 20,473.25   -19.00       -0.09   39957
1540  2024-10-22 23:00:00  NAS100 20,473.00 20,505.00 20,425.25 20,499.00    25.75        0.13   45915
1541  2024-10-23 00:00:00  NAS100 20,499.00 20,576.50 20,480.25 20,574.50    75.50        0.37   45349
1542  2024-10-23 01:00:00  NAS100 20,574.75 20,602.25 20,513.00 20,521.25   -53.25       -0.26   41270
1543  2024-10-23 02:00:00  NAS100 20,521.25 20,572.50 20,516.00 20,540.00    18.75        0.09   42280
1544  2024-10-23 03:00:00  NAS100 20,540.25 20,541.50 20,507.75 20,519.00   -21.00       -0.10   16179
1545  2024-10-23 20:00:00  NAS100 20,454.75 20,462.75 20,407.75 20,433.00   -86.00       -0.42   68771
1546  2024-10-23 21:00:00  NAS100 20,433.00 20,457.75 20,346.00 20,392.00   -41.00       -0.20  100589
1547  2024-10-23 22:00:00  NAS100 20,393.00 20,418.25 20,303.00 20,358.50   -33.50       -0.16   78589
1548  2024-10-23 23:00:00  NAS100 20,357.75 20,357.75 20,232.50 20,248.50  -110.00       -0.54   64220
1549  2024-10-24 00:00:00  NAS100 20,248.75 20,248.75 20,121.25 20,126.25  -122.25       -0.60   67653
1550  2024-10-24 01:00:00  NAS100 20,125.50 20,189.25 20,079.00 20,177.50    51.25        0.25   64949
1551  2024-10-24 02:00:00  NAS100 20,177.25 20,231.25 20,143.00 20,218.50    41.00        0.20   70821
1552  2024-10-24 03:00:00  NAS100 20,218.75 20,299.50 20,206.00 20,274.50    56.00        0.28   25511
1553  2024-10-24 20:00:00  NAS100 20,383.00 20,406.00 20,296.25 20,337.00    62.50        0.31   68580
1554  2024-10-24 21:00:00  NAS100 20,337.25 20,378.25 20,306.00 20,316.50   -20.50       -0.10   77399
1555  2024-10-24 22:00:00  NAS100 20,316.75 20,367.75 20,264.00 20,327.50    11.00        0.05   56753
1556  2024-10-24 23:00:00  NAS100 20,328.25 20,365.50 20,261.75 20,357.25    29.75        0.15   51326
1557  2024-10-25 00:00:00  NAS100 20,357.50 20,389.00 20,341.00 20,344.50   -12.75       -0.06   35267
1558  2024-10-25 01:00:00  NAS100 20,345.50 20,383.50 20,327.25 20,368.50    24.00        0.12   30215
1559  2024-10-25 02:00:00  NAS100 20,368.00 20,408.50 20,344.00 20,380.00    11.50        0.06   49338
1560  2024-10-25 03:00:00  NAS100 20,380.00 20,413.50 20,371.50 20,391.00    11.00        0.05   12523
1561  2024-10-25 20:00:00  NAS100 20,492.00 20,658.00 20,490.25 20,649.50   258.50        1.27   91716
1562  2024-10-25 21:00:00  NAS100 20,649.25 20,707.25 20,621.00 20,656.00     6.50        0.03   99407
1563  2024-10-25 22:00:00  NAS100 20,656.00 20,675.75 20,603.25 20,620.25   -35.75       -0.17   63738
1564  2024-10-25 23:00:00  NAS100 20,620.25 20,664.75 20,608.75 20,639.00    18.75        0.09   37283
1565  2024-10-26 00:00:00  NAS100 20,639.50 20,642.25 20,483.50 20,510.50  -128.50       -0.62   82669
1566  2024-10-26 01:00:00  NAS100 20,510.75 20,562.00 20,460.00 20,543.00    32.50        0.16   61952
1567  2024-10-26 02:00:00  NAS100 20,543.50 20,544.50 20,482.25 20,494.75   -48.25       -0.23   55042
1568  2024-10-26 03:00:00  NAS100 20,495.00 20,504.25 20,472.00 20,476.00   -18.75       -0.09   15306
1569  2024-10-28 20:00:00  NAS100 20,658.75 20,665.75 20,529.50 20,556.25    80.25        0.39   65631
1570  2024-10-28 21:00:00  NAS100 20,555.50 20,618.00 20,552.50 20,575.25    19.00        0.09   63567
1571  2024-10-28 22:00:00  NAS100 20,575.25 20,579.75 20,524.50 20,531.25   -44.00       -0.21   49865
1572  2024-10-28 23:00:00  NAS100 20,529.25 20,571.50 20,516.50 20,530.25    -1.00       -0.00   36260
1573  2024-10-29 00:00:00  NAS100 20,530.25 20,560.25 20,506.75 20,555.50    25.25        0.12   30985
1574  2024-10-29 01:00:00  NAS100 20,555.50 20,560.00 20,504.50 20,523.25   -32.25       -0.16   33510
1575  2024-10-29 02:00:00  NAS100 20,523.50 20,539.25 20,486.00 20,500.25   -23.00       -0.11   44680
1576  2024-10-29 03:00:00  NAS100 20,500.50 20,523.25 20,490.50 20,507.25     7.00        0.03   12225
1577  2024-10-29 20:00:00  NAS100 20,489.25 20,526.50 20,432.25 20,514.50     7.25        0.04   60111
1578  2024-10-29 21:00:00  NAS100 20,515.00 20,604.00 20,494.75 20,599.75    85.25        0.42   80006
1579  2024-10-29 22:00:00  NAS100 20,599.50 20,625.25 20,571.00 20,621.50    21.75        0.11   51376
1580  2024-10-29 23:00:00  NAS100 20,622.00 20,658.25 20,585.25 20,648.75    27.25        0.13   50777
1581  2024-10-30 00:00:00  NAS100 20,648.25 20,688.00 20,647.50 20,672.00    23.25        0.11   43788
1582  2024-10-30 01:00:00  NAS100 20,672.25 20,714.50 20,660.00 20,695.25    23.25        0.11   33425
1583  2024-10-30 02:00:00  NAS100 20,694.75 20,746.50 20,681.75 20,695.00    -0.25       -0.00   62742
1584  2024-10-30 03:00:00  NAS100 20,695.75 20,760.25 20,688.75 20,708.25    13.25        0.06   26296
1585  2024-10-30 20:00:00  NAS100 20,689.00 20,689.00 20,542.75 20,632.50   -75.75       -0.37   92187
1586  2024-10-30 21:00:00  NAS100 20,631.50 20,699.50 20,629.00 20,650.50    18.00        0.09   71658
1587  2024-10-30 22:00:00  NAS100 20,649.50 20,685.75 20,607.75 20,672.00    21.50        0.10   53751
1588  2024-10-30 23:00:00  NAS100 20,671.50 20,682.75 20,636.50 20,644.75   -27.25       -0.13   34061
1589  2024-10-31 00:00:00  NAS100 20,644.50 20,653.75 20,558.00 20,576.50   -68.25       -0.33   44950
1590  2024-10-31 01:00:00  NAS100 20,576.00 20,622.25 20,575.25 20,604.75    28.25        0.14   31925
1591  2024-10-31 02:00:00  NAS100 20,604.75 20,605.00 20,514.75 20,534.50   -70.25       -0.34   60649
1592  2024-10-31 03:00:00  NAS100 20,534.50 20,588.75 20,472.75 20,507.00   -27.50       -0.13   35413
1593  2024-10-31 20:00:00  NAS100 20,381.25 20,395.50 20,150.75 20,166.00  -341.00       -1.66  105691
1594  2024-10-31 21:00:00  NAS100 20,166.00 20,201.25 20,070.25 20,088.25   -77.75       -0.39  108384
1595  2024-10-31 22:00:00  NAS100 20,087.75 20,117.50 20,023.25 20,060.75   -27.50       -0.14   83558
1596  2024-10-31 23:00:00  NAS100 20,068.50 20,105.75 20,049.50 20,086.50    25.75        0.13   46393
1597  2024-11-01 00:00:00  NAS100 20,086.75 20,115.00 20,025.50 20,035.50   -51.00       -0.25   46097
1598  2024-11-01 01:00:00  NAS100 20,036.25 20,055.75 20,009.25 20,048.25    12.75        0.06   50394
1599  2024-11-01 02:00:00  NAS100 20,048.50 20,132.00 20,009.25 20,012.75   -35.50       -0.18   87045
1600  2024-11-01 03:00:00  NAS100 20,011.25 20,100.50 20,008.50 20,043.00    30.25        0.15   36858
1601  2024-11-01 20:00:00  NAS100 20,113.50 20,175.50 20,057.50 20,169.75   126.75        0.63   70806
1602  2024-11-01 21:00:00  NAS100 20,171.75 20,277.00 20,132.25 20,235.00    65.25        0.32  105300
1603  2024-11-01 22:00:00  NAS100 20,235.50 20,288.00 20,208.25 20,221.75   -13.25       -0.07   64575
1604  2024-11-01 23:00:00  NAS100 20,222.25 20,253.75 20,191.25 20,210.75   -11.00       -0.05   41356
1605  2024-11-02 00:00:00  NAS100 20,211.00 20,252.75 20,155.25 20,157.25   -53.50       -0.26   57850
1606  2024-11-02 01:00:00  NAS100 20,157.75 20,179.75 20,127.75 20,166.25     9.00        0.04   38208
1607  2024-11-02 02:00:00  NAS100 20,166.25 20,202.25 20,122.75 20,147.00   -19.25       -0.10   60949
1608  2024-11-02 03:00:00  NAS100 20,147.00 20,184.50 20,145.50 20,170.25    23.25        0.12   13585
1609  2024-11-04 20:00:00  NAS100 20,166.50 20,179.25 20,137.25 20,147.00   -23.25       -0.12   12185
1610  2024-11-04 21:00:00  NAS100 20,147.25 20,148.00 20,013.25 20,130.00   -17.00       -0.08   82755
1611  2024-11-04 22:00:00  NAS100 20,131.25 20,209.75 20,119.50 20,185.75    55.75        0.28   68722
1612  2024-11-04 23:00:00  NAS100 20,186.00 20,226.75 20,052.75 20,077.00  -108.75       -0.54   65665
1613  2024-11-05 00:00:00  NAS100 20,077.25 20,146.75 20,028.75 20,128.25    51.25        0.26   53105
1614  2024-11-05 01:00:00  NAS100 20,128.50 20,175.75 20,084.25 20,148.50    20.25        0.10   45996
1615  2024-11-05 02:00:00  NAS100 20,148.75 20,169.00 20,122.50 20,135.75   -12.75       -0.06   26881
1616  2024-11-05 03:00:00  NAS100 20,136.25 20,141.75 20,070.25 20,085.25   -50.50       -0.25   54681
1617  2024-11-05 20:00:00  NAS100 20,149.00 20,164.25 20,124.00 20,125.50    40.25        0.20    8260
1618  2024-11-05 21:00:00  NAS100 20,125.50 20,299.50 20,107.50 20,290.75   165.25        0.82   75548
1619  2024-11-05 22:00:00  NAS100 20,289.75 20,321.25 20,241.00 20,257.00   -33.75       -0.17   75159
1620  2024-11-05 23:00:00  NAS100 20,257.25 20,347.75 20,232.50 20,340.50    83.50        0.41   53208
1621  2024-11-06 00:00:00  NAS100 20,340.75 20,372.75 20,327.50 20,351.25    10.75        0.05   35313
1622  2024-11-06 01:00:00  NAS100 20,351.50 20,368.50 20,286.50 20,308.75   -42.50       -0.21   37935
1623  2024-11-06 02:00:00  NAS100 20,308.50 20,335.00 20,280.50 20,294.50   -14.25       -0.07   33246
1624  2024-11-06 03:00:00  NAS100 20,294.00 20,349.75 20,281.50 20,341.75    47.25        0.23   50601
1625  2024-11-06 20:00:00  NAS100 20,688.25 20,718.50 20,660.25 20,687.00   345.25        1.70   15745
1626  2024-11-06 21:00:00  NAS100 20,686.75 20,805.25 20,644.00 20,675.50   -11.50       -0.06   89978
1627  2024-11-06 22:00:00  NAS100 20,676.00 20,822.00 20,666.00 20,724.25    48.75        0.24   96773
1628  2024-11-06 23:00:00  NAS100 20,724.25 20,809.00 20,692.50 20,798.25    74.00        0.36   55089
1629  2024-11-07 00:00:00  NAS100 20,798.25 20,826.00 20,778.25 20,817.75    19.50        0.09   34598
1630  2024-11-07 01:00:00  NAS100 20,817.50 20,877.00 20,810.25 20,861.00    43.25        0.21   38069
1631  2024-11-07 02:00:00  NAS100 20,861.50 20,895.25 20,848.75 20,890.00    29.00        0.14   34300
1632  2024-11-07 03:00:00  NAS100 20,890.25 20,931.00 20,878.00 20,894.75     4.75        0.02   64829
1633  2024-11-07 20:00:00  NAS100 20,967.50 20,999.25 20,958.25 20,986.50    91.75        0.44   16146
1634  2024-11-07 21:00:00  NAS100 20,985.50 21,110.50 20,982.75 21,109.25   122.75        0.58   69386
1635  2024-11-07 22:00:00  NAS100 21,108.75 21,167.25 21,086.50 21,161.00    51.75        0.25   68967
1636  2024-11-07 23:00:00  NAS100 21,160.75 21,199.00 21,124.25 21,194.00    33.00        0.16   47194
1637  2024-11-08 00:00:00  NAS100 21,194.50 21,197.50 21,158.75 21,194.25     0.25        0.00   32404
1638  2024-11-08 01:00:00  NAS100 21,194.75 21,196.25 21,151.25 21,180.00   -14.25       -0.07   29017
1639  2024-11-08 02:00:00  NAS100 21,180.00 21,233.00 21,159.25 21,233.00    53.00        0.25   47323
1640  2024-11-08 03:00:00  NAS100 21,233.25 21,253.00 21,204.50 21,221.75   -11.25       -0.05   63985
1641  2024-11-08 20:00:00  NAS100 21,182.75 21,195.00 21,157.00 21,162.00   -59.75       -0.28   12681
1642  2024-11-08 21:00:00  NAS100 21,162.50 21,232.25 21,156.25 21,207.50    45.50        0.22   57297
1643  2024-11-08 22:00:00  NAS100 21,208.50 21,226.50 21,161.25 21,197.50   -10.00       -0.05   65193
1644  2024-11-08 23:00:00  NAS100 21,197.75 21,236.50 21,171.00 21,219.00    21.50        0.10   41325
1645  2024-11-09 00:00:00  NAS100 21,219.50 21,228.75 21,196.50 21,217.75    -1.25       -0.01   30381
1646  2024-11-09 01:00:00  NAS100 21,217.75 21,265.00 21,214.25 21,250.25    32.50        0.15   35597
1647  2024-11-09 02:00:00  NAS100 21,250.25 21,264.75 21,233.75 21,234.75   -15.50       -0.07   24392
1648  2024-11-09 03:00:00  NAS100 21,234.25 21,238.75 21,208.00 21,234.00    -0.75       -0.00   48509
1649  2024-11-11 20:00:00  NAS100 21,327.50 21,340.75 21,287.50 21,300.50    66.50        0.31   13100
1650  2024-11-11 21:00:00  NAS100 21,301.00 21,307.25 21,163.00 21,171.75  -128.75       -0.60   75654
1651  2024-11-11 22:00:00  NAS100 21,172.00 21,244.25 21,155.50 21,223.25    51.50        0.24   74739
1652  2024-11-11 23:00:00  NAS100 21,223.25 21,232.50 21,190.50 21,203.00   -20.25       -0.10   38478
1653  2024-11-12 00:00:00  NAS100 21,203.25 21,213.00 21,157.00 21,158.00   -45.00       -0.21   37525
1654  2024-11-12 01:00:00  NAS100 21,157.75 21,197.75 21,098.25 21,179.75    21.75        0.10   57516
1655  2024-11-12 02:00:00  NAS100 21,180.00 21,183.00 21,156.25 21,175.50    -4.25       -0.02   26000
1656  2024-11-12 03:00:00  NAS100 21,175.25 21,223.50 21,169.50 21,219.75    44.25        0.21   47659
1657  2024-11-12 20:00:00  NAS100 21,193.25 21,233.00 21,181.00 21,221.50     1.75        0.01   12872
1658  2024-11-12 21:00:00  NAS100 21,221.75 21,251.50 21,181.50 21,235.00    13.50        0.06   64755
1659  2024-11-12 22:00:00  NAS100 21,234.75 21,241.50 21,178.25 21,185.25   -49.75       -0.23   74904
1660  2024-11-12 23:00:00  NAS100 21,183.75 21,205.50 21,143.75 21,154.75   -30.50       -0.14   59788
1661  2024-11-13 00:00:00  NAS100 21,154.50 21,170.75 21,065.25 21,066.25   -88.50       -0.42   51045
1662  2024-11-13 01:00:00  NAS100 21,066.50 21,198.00 21,054.75 21,182.00   115.75        0.55   59030
1663  2024-11-13 02:00:00  NAS100 21,181.50 21,210.50 21,176.00 21,188.50     6.50        0.03   34972
1664  2024-11-13 03:00:00  NAS100 21,188.50 21,206.50 21,167.00 21,185.00    -3.50       -0.02   51184
1665  2024-11-13 20:00:00  NAS100 21,131.50 21,243.50 21,119.75 21,173.50   -11.50       -0.05   28813
1666  2024-11-13 21:00:00  NAS100 21,174.25 21,200.00 21,121.75 21,140.25   -33.25       -0.16   65921
1667  2024-11-13 22:00:00  NAS100 21,140.75 21,141.50 21,056.50 21,115.50   -24.75       -0.12   86711
1668  2024-11-13 23:00:00  NAS100 21,116.00 21,176.50 21,090.50 21,165.50    50.00        0.24   60694
1669  2024-11-14 00:00:00  NAS100 21,165.25 21,233.00 21,157.75 21,228.50    63.00        0.30   49312
1670  2024-11-14 01:00:00  NAS100 21,228.50 21,268.50 21,209.00 21,257.25    28.75        0.14   39948
1671  2024-11-14 02:00:00  NAS100 21,257.75 21,258.25 21,168.25 21,182.75   -74.50       -0.35   55257
1672  2024-11-14 03:00:00  NAS100 21,182.50 21,220.00 21,124.00 21,159.25   -23.50       -0.11   65399
1673  2024-11-14 20:00:00  NAS100 21,155.75 21,176.75 21,112.75 21,134.00   -25.25       -0.12   20918
1674  2024-11-14 21:00:00  NAS100 21,134.75 21,172.00 21,064.00 21,092.00   -42.00       -0.20   74489
1675  2024-11-14 22:00:00  NAS100 21,091.75 21,138.00 21,040.50 21,091.00    -1.00       -0.00   76141
1676  2024-11-14 23:00:00  NAS100 21,090.50 21,140.25 21,086.50 21,101.25    10.25        0.05   45713
1677  2024-11-15 00:00:00  NAS100 21,101.75 21,111.75 21,016.75 21,083.00   -18.25       -0.09   63133
1678  2024-11-15 01:00:00  NAS100 21,083.25 21,120.75 21,021.50 21,027.50   -55.50       -0.26   43250
1679  2024-11-15 02:00:00  NAS100 21,026.75 21,090.25 21,024.25 21,069.25    41.75        0.20   45326
1680  2024-11-15 03:00:00  NAS100 21,069.50 21,069.50 20,971.25 21,009.00   -60.25       -0.29   94639
1681  2024-11-15 20:00:00  NAS100 20,861.25 20,864.00 20,800.00 20,811.50  -197.50       -0.94   17691
1682  2024-11-15 21:00:00  NAS100 20,811.25 20,818.50 20,679.00 20,690.50  -121.00       -0.58   96208
1683  2024-11-15 22:00:00  NAS100 20,690.25 20,697.50 20,542.75 20,561.25  -129.25       -0.62  116065
1684  2024-11-15 23:00:00  NAS100 20,561.50 20,590.75 20,481.00 20,495.50   -65.75       -0.32   82465
1685  2024-11-16 00:00:00  NAS100 20,495.75 20,513.25 20,446.50 20,484.00   -11.50       -0.06   61623
1686  2024-11-16 01:00:00  NAS100 20,483.50 20,491.50 20,405.25 20,429.00   -55.00       -0.27   54945
1687  2024-11-16 02:00:00  NAS100 20,429.25 20,493.75 20,419.50 20,460.75    31.75        0.16   52783
1688  2024-11-16 03:00:00  NAS100 20,460.25 20,513.50 20,452.25 20,491.75    31.00        0.15   83658
1689  2024-11-18 20:00:00  NAS100 20,557.75 20,564.25 20,481.50 20,555.50    63.75        0.31   23629
1690  2024-11-18 21:00:00  NAS100 20,554.75 20,587.50 20,501.00 20,530.00   -25.50       -0.12   71294
1691  2024-11-18 22:00:00  NAS100 20,525.00 20,695.75 20,521.75 20,680.75   150.75        0.73   78685
1692  2024-11-18 23:00:00  NAS100 20,680.75 20,724.25 20,639.25 20,662.25   -18.50       -0.09   58744
1693  2024-11-19 00:00:00  NAS100 20,662.50 20,671.25 20,616.75 20,661.25    -1.00       -0.00   42480
1694  2024-11-19 01:00:00  NAS100 20,661.25 20,668.75 20,595.75 20,660.00    -1.25       -0.01   40805
1695  2024-11-19 02:00:00  NAS100 20,660.00 20,660.50 20,589.50 20,638.75   -21.25       -0.10   41275
1696  2024-11-19 03:00:00  NAS100 20,638.50 20,653.50 20,611.00 20,631.50    -7.25       -0.04   48854
1697  2024-11-19 20:00:00  NAS100 20,614.25 20,621.75 20,415.75 20,422.25  -209.25       -1.01   30938
1698  2024-11-19 21:00:00  NAS100 20,421.75 20,586.00 20,382.50 20,554.25   132.00        0.65   86836
1699  2024-11-19 22:00:00  NAS100 20,553.75 20,657.25 20,524.50 20,636.75    82.50        0.40   71746
1700  2024-11-19 23:00:00  NAS100 20,637.00 20,700.75 20,636.50 20,669.50    32.75        0.16   52892
1701  2024-11-20 00:00:00  NAS100 20,669.75 20,709.00 20,643.25 20,689.25    19.75        0.10   37458
1702  2024-11-20 01:00:00  NAS100 20,691.25 20,792.50 20,681.25 20,784.75    95.50        0.46   42911
1703  2024-11-20 02:00:00  NAS100 20,784.75 20,792.00 20,709.25 20,739.75   -45.00       -0.22   48315
1704  2024-11-20 03:00:00  NAS100 20,739.25 20,779.75 20,726.75 20,765.75    26.00        0.13   49322
1705  2024-11-20 20:00:00  NAS100 20,820.00 20,830.00 20,785.25 20,793.00    27.25        0.13    9041
1706  2024-11-20 21:00:00  NAS100 20,792.75 20,793.25 20,613.00 20,614.00  -179.00       -0.86   84072
1707  2024-11-20 22:00:00  NAS100 20,614.00 20,645.00 20,477.25 20,627.00    13.00        0.06  119731
1708  2024-11-20 23:00:00  NAS100 20,627.25 20,709.00 20,548.00 20,689.00    62.00        0.30   81803
1709  2024-11-21 00:00:00  NAS100 20,688.50 20,708.00 20,580.00 20,607.25   -81.75       -0.40   54031
1710  2024-11-21 01:00:00  NAS100 20,608.00 20,632.00 20,556.50 20,589.75   -17.50       -0.08   39096
1711  2024-11-21 02:00:00  NAS100 20,589.00 20,627.25 20,558.00 20,609.00    19.25        0.09   34161
1712  2024-11-21 03:00:00  NAS100 20,609.00 20,764.50 20,594.50 20,751.25   142.25        0.69   69171
1713  2024-11-21 20:00:00  NAS100 20,761.50 20,872.75 20,759.00 20,844.50    93.25        0.45   24987
1714  2024-11-21 21:00:00  NAS100 20,844.75 20,905.75 20,628.25 20,667.00  -177.50       -0.85  124537
1715  2024-11-21 22:00:00  NAS100 20,668.75 20,716.00 20,514.25 20,708.50    41.50        0.20  136362
1716  2024-11-21 23:00:00  NAS100 20,708.75 20,791.25 20,688.00 20,732.25    23.75        0.11   71118
1717  2024-11-22 00:00:00  NAS100 20,732.75 20,857.00 20,697.50 20,819.50    87.25        0.42   55408
1718  2024-11-22 01:00:00  NAS100 20,819.50 20,866.00 20,811.75 20,857.00    37.50        0.18   41003
1719  2024-11-22 02:00:00  NAS100 20,856.50 20,869.25 20,792.25 20,848.25    -8.75       -0.04   41174
1720  2024-11-22 03:00:00  NAS100 20,848.00 20,878.75 20,819.25 20,823.25   -25.00       -0.12   49689
1721  2024-11-22 20:00:00  NAS100 20,797.25 20,815.75 20,775.75 20,783.75   -39.50       -0.19   12406
1722  2024-11-22 21:00:00  NAS100 20,784.50 20,873.00 20,770.50 20,854.00    70.25        0.34   76821
1723  2024-11-22 22:00:00  NAS100 20,853.00 20,855.50 20,722.25 20,842.00   -12.00       -0.06  100504
1724  2024-11-22 23:00:00  NAS100 20,842.75 20,847.50 20,743.25 20,813.00   -29.00       -0.14   69987
1725  2024-11-23 00:00:00  NAS100 20,813.75 20,864.75 20,797.50 20,854.75    41.75        0.20   45088
1726  2024-11-23 01:00:00  NAS100 20,854.75 20,880.00 20,825.50 20,846.75    -8.00       -0.04   37100
1727  2024-11-23 02:00:00  NAS100 20,847.25 20,854.25 20,795.50 20,846.75     0.00        0.00   31029
1728  2024-11-23 03:00:00  NAS100 20,847.00 20,868.50 20,801.75 20,847.25     0.50        0.00   52562
1729  2024-11-25 20:00:00  NAS100 20,955.25 21,027.00 20,943.00 20,999.00   151.75        0.73   21013
1730  2024-11-25 21:00:00  NAS100 20,998.75 21,081.00 20,918.75 20,944.75   -54.25       -0.26  104021
1731  2024-11-25 22:00:00  NAS100 20,944.25 20,957.00 20,869.50 20,895.00   -49.75       -0.24   97953
1732  2024-11-25 23:00:00  NAS100 20,895.50 20,961.50 20,887.00 20,905.00    10.00        0.05   51790
1733  2024-11-26 00:00:00  NAS100 20,904.75 20,910.25 20,780.25 20,851.25   -53.75       -0.26   68837
1734  2024-11-26 01:00:00  NAS100 20,851.50 20,890.00 20,842.25 20,851.50     0.25        0.00   39074
1735  2024-11-26 02:00:00  NAS100 20,851.50 20,879.50 20,825.50 20,861.50    10.00        0.05   31237
1736  2024-11-26 03:00:00  NAS100 20,861.50 20,886.50 20,835.75 20,878.25    16.75        0.08   46675
1737  2024-11-26 20:00:00  NAS100 20,946.75 20,954.50 20,919.75 20,942.50    64.25        0.31   12241
1738  2024-11-26 21:00:00  NAS100 20,943.25 21,024.75 20,924.50 20,973.75    31.25        0.15   76529
1739  2024-11-26 22:00:00  NAS100 20,974.00 20,997.00 20,919.50 20,950.25   -23.50       -0.11   80984
1740  2024-11-26 23:00:00  NAS100 20,950.00 20,983.75 20,923.50 20,965.25    15.00        0.07   54043
1741  2024-11-27 00:00:00  NAS100 20,965.25 20,984.25 20,926.75 20,981.25    16.00        0.08   34501
1742  2024-11-27 01:00:00  NAS100 20,981.00 20,981.25 20,943.75 20,969.00   -12.25       -0.06   26139
1743  2024-11-27 02:00:00  NAS100 20,968.25 20,981.50 20,903.75 20,932.50   -36.50       -0.17   46613
1744  2024-11-27 03:00:00  NAS100 20,932.00 21,008.75 20,927.00 20,989.50    57.00        0.27   54422
1745  2024-11-27 20:00:00  NAS100 20,943.75 20,970.75 20,941.00 20,953.50   -36.00       -0.17   13182
1746  2024-11-27 21:00:00  NAS100 20,953.75 20,955.50 20,839.25 20,860.50   -93.00       -0.44   66791
1747  2024-11-27 22:00:00  NAS100 20,860.50 20,861.50 20,726.00 20,743.50  -117.00       -0.56  101434
1748  2024-11-27 23:00:00  NAS100 20,743.50 20,762.00 20,694.75 20,716.50   -27.00       -0.13   69457
1749  2024-11-28 00:00:00  NAS100 20,716.00 20,746.00 20,675.25 20,743.00    26.50        0.13   45327
1750  2024-11-28 01:00:00  NAS100 20,742.50 20,818.50 20,735.50 20,810.25    67.25        0.32   45703
1751  2024-11-28 02:00:00  NAS100 20,810.50 20,826.25 20,790.25 20,804.00    -6.25       -0.03   35875
1752  2024-11-28 03:00:00  NAS100 20,804.25 20,829.75 20,769.25 20,816.50    12.50        0.06   55963
1753  2024-11-29 21:30:00  NAS100 20,828.75 20,919.25 20,805.50 20,915.75    99.25        0.48   51848
1754  2024-11-29 22:30:00  NAS100 20,915.50 20,981.75 20,905.50 20,954.00    38.25        0.18   65418
1755  2024-11-29 23:30:00  NAS100 20,954.50 21,006.50 20,954.50 20,996.50    42.50        0.20   44590
1756  2024-11-30 00:30:00  NAS100 20,996.50 21,017.50 20,979.50 20,990.50    -6.00       -0.03   48580
1757  2024-12-02 20:00:00  NAS100 21,006.50 21,036.75 20,999.00 21,026.50    36.00        0.17   13560
1758  2024-12-02 21:00:00  NAS100 21,027.00 21,170.00 21,024.25 21,151.25   124.75        0.59   85447
1759  2024-12-02 22:00:00  NAS100 21,153.00 21,204.50 21,141.00 21,156.25     5.00        0.02   82458
1760  2024-12-02 23:00:00  NAS100 21,156.25 21,238.75 21,152.50 21,229.50    73.25        0.35   54390
1761  2024-12-03 00:00:00  NAS100 21,229.50 21,259.75 21,225.25 21,228.00    -1.50       -0.01   39291
1762  2024-12-03 01:00:00  NAS100 21,227.75 21,233.50 21,194.50 21,212.75   -15.25       -0.07   33404
1763  2024-12-03 02:00:00  NAS100 21,212.50 21,220.50 21,176.25 21,219.50     6.75        0.03   34464
1764  2024-12-03 03:00:00  NAS100 21,219.50 21,241.00 21,202.25 21,217.00    -2.50       -0.01   53893
1765  2024-12-03 20:00:00  NAS100 21,207.25 21,226.00 21,195.50 21,196.00   -21.00       -0.10    9196
1766  2024-12-03 21:00:00  NAS100 21,196.25 21,210.25 21,134.25 21,203.00     7.00        0.03   78051
1767  2024-12-03 22:00:00  NAS100 21,203.00 21,234.00 21,164.50 21,207.00     4.00        0.02   79222
1768  2024-12-03 23:00:00  NAS100 21,207.25 21,262.75 21,196.50 21,205.75    -1.25       -0.01   64865
1769  2024-12-04 00:00:00  NAS100 21,206.25 21,243.00 21,190.00 21,242.25    36.50        0.17   34624
1770  2024-12-04 01:00:00  NAS100 21,242.50 21,246.50 21,213.00 21,232.00   -10.25       -0.05   29324
1771  2024-12-04 02:00:00  NAS100 21,232.50 21,262.00 21,223.75 21,255.00    23.00        0.11   29719
1772  2024-12-04 03:00:00  NAS100 21,254.75 21,289.50 21,239.00 21,279.00    24.00        0.11   46654
1773  2024-12-04 20:00:00  NAS100 21,410.75 21,449.50 21,410.00 21,448.25   169.25        0.80   14913
1774  2024-12-04 21:00:00  NAS100 21,447.75 21,457.00 21,388.25 21,417.50   -30.75       -0.14   69195
1775  2024-12-04 22:00:00  NAS100 21,416.00 21,491.75 21,391.50 21,483.00    65.50        0.31   85304
1776  2024-12-04 23:00:00  NAS100 21,483.00 21,496.75 21,448.25 21,473.25    -9.75       -0.05   44061
1777  2024-12-05 00:00:00  NAS100 21,472.75 21,492.00 21,455.50 21,481.00     7.75        0.04   34325
1778  2024-12-05 01:00:00  NAS100 21,480.75 21,494.00 21,439.50 21,471.75    -9.25       -0.04   36820
1779  2024-12-05 02:00:00  NAS100 21,472.00 21,518.50 21,463.25 21,512.25    40.50        0.19   40997
1780  2024-12-05 03:00:00  NAS100 21,512.00 21,548.50 21,507.00 21,537.00    24.75        0.12   51697
1781  2024-12-05 20:00:00  NAS100 21,537.25 21,537.75 21,506.00 21,526.50   -10.50       -0.05   10550
1782  2024-12-05 21:00:00  NAS100 21,527.00 21,551.50 21,497.75 21,510.50   -16.00       -0.07   58204
1783  2024-12-05 22:00:00  NAS100 21,511.00 21,536.75 21,487.75 21,502.50    -8.00       -0.04   68455
1784  2024-12-05 23:00:00  NAS100 21,502.50 21,539.75 21,497.50 21,531.00    28.50        0.13   36215
1785  2024-12-06 00:00:00  NAS100 21,530.50 21,567.25 21,524.00 21,560.00    29.00        0.13   32677
1786  2024-12-06 01:00:00  NAS100 21,560.25 21,560.75 21,481.50 21,493.25   -66.75       -0.31   52729
1787  2024-12-06 02:00:00  NAS100 21,493.75 21,517.00 21,474.00 21,493.75     0.50        0.00   36655
1788  2024-12-06 03:00:00  NAS100 21,493.25 21,511.00 21,459.00 21,475.25   -18.50       -0.09   56968
1789  2024-12-06 20:00:00  NAS100 21,478.75 21,529.75 21,440.25 21,491.00    15.75        0.07   23419
1790  2024-12-06 21:00:00  NAS100 21,490.75 21,614.00 21,486.00 21,608.25   117.25        0.55   71223
1791  2024-12-06 22:00:00  NAS100 21,607.50 21,645.25 21,593.25 21,619.50    11.25        0.05   75893
1792  2024-12-06 23:00:00  NAS100 21,619.75 21,637.50 21,573.00 21,614.50    -5.00       -0.02   54992
1793  2024-12-07 00:00:00  NAS100 21,615.25 21,637.25 21,597.50 21,619.00     4.50        0.02   38138
1794  2024-12-07 01:00:00  NAS100 21,618.75 21,669.25 21,615.50 21,658.25    39.25        0.18   40762
1795  2024-12-07 02:00:00  NAS100 21,658.50 21,658.50 21,611.75 21,635.50   -22.75       -0.11   36377
1796  2024-12-07 03:00:00  NAS100 21,635.50 21,663.50 21,626.25 21,658.75    23.25        0.11   46507
1797  2024-12-09 20:00:00  NAS100 21,626.50 21,631.00 21,609.50 21,619.75   -39.00       -0.18    7824
1798  2024-12-09 21:00:00  NAS100 21,620.50 21,648.75 21,582.75 21,623.25     3.50        0.02   67387
1799  2024-12-09 22:00:00  NAS100 21,623.25 21,631.50 21,503.25 21,507.75  -115.50       -0.53   94476
1800  2024-12-09 23:00:00  NAS100 21,508.00 21,527.75 21,436.00 21,510.25     2.50        0.01   81723
1801  2024-12-10 00:00:00  NAS100 21,510.00 21,524.50 21,485.75 21,487.75   -22.50       -0.10   35541
1802  2024-12-10 01:00:00  NAS100 21,488.00 21,549.75 21,474.25 21,529.75    42.00        0.20   34240
1803  2024-12-10 02:00:00  NAS100 21,530.00 21,530.25 21,444.25 21,476.25   -53.50       -0.25   41317
1804  2024-12-10 03:00:00  NAS100 21,476.25 21,491.00 21,441.25 21,485.50     9.25        0.04   58633
1805  2024-12-10 20:00:00  NAS100 21,528.50 21,538.00 21,495.75 21,501.75    16.25        0.08   11397
1806  2024-12-10 21:00:00  NAS100 21,501.75 21,589.25 21,491.00 21,546.50    44.75        0.21   82033
1807  2024-12-10 22:00:00  NAS100 21,546.50 21,606.75 21,497.00 21,505.25   -41.25       -0.19   86002
1808  2024-12-10 23:00:00  NAS100 21,505.00 21,516.00 21,449.00 21,484.50   -20.75       -0.10   76957
1809  2024-12-11 00:00:00  NAS100 21,484.25 21,502.50 21,444.00 21,470.25   -14.25       -0.07   51050
1810  2024-12-11 01:00:00  NAS100 21,470.25 21,484.75 21,450.75 21,452.50   -17.75       -0.08   33468
1811  2024-12-11 02:00:00  NAS100 21,453.50 21,460.00 21,400.00 21,411.25   -41.25       -0.19   47716
1812  2024-12-11 03:00:00  NAS100 21,411.25 21,413.00 21,352.75 21,408.00    -3.25       -0.02   78880
1813  2024-12-11 20:00:00  NAS100 21,437.75 21,536.00 21,436.25 21,529.00   121.00        0.57   22664
1814  2024-12-11 21:00:00  NAS100 21,528.50 21,697.00 21,526.25 21,695.50   166.50        0.77  101283
1815  2024-12-11 22:00:00  NAS100 21,696.00 21,736.25 21,672.75 21,696.75     1.25        0.01  106850
1816  2024-12-11 23:00:00  NAS100 21,696.50 21,770.00 21,690.50 21,760.25    63.50        0.29   65763
1817  2024-12-12 00:00:00  NAS100 21,760.50 21,791.00 21,759.00 21,781.25    21.00        0.10   44713
1818  2024-12-12 01:00:00  NAS100 21,781.25 21,811.75 21,778.75 21,793.00    11.75        0.05   37066
1819  2024-12-12 02:00:00  NAS100 21,793.00 21,810.75 21,779.75 21,800.00     7.00        0.03   32114
1820  2024-12-12 03:00:00  NAS100 21,799.75 21,820.00 21,787.50 21,791.25    -8.75       -0.04   55742
1821  2024-12-12 20:00:00  NAS100 21,701.25 21,734.75 21,648.75 21,684.00  -107.25       -0.49   27501
1822  2024-12-12 21:00:00  NAS100 21,683.75 21,699.25 21,656.00 21,682.75    -1.25       -0.01   77163
1823  2024-12-12 22:00:00  NAS100 21,682.25 21,728.50 21,624.75 21,721.75    39.00        0.18   95612
1824  2024-12-12 23:00:00  NAS100 21,720.75 21,739.75 21,671.25 21,674.00   -47.75       -0.22   48591
1825  2024-12-13 00:00:00  NAS100 21,674.00 21,741.75 21,669.25 21,739.50    65.50        0.30   42595
1826  2024-12-13 01:00:00  NAS100 21,739.50 21,745.00 21,695.00 21,697.00   -42.50       -0.20   40221
1827  2024-12-13 02:00:00  NAS100 21,696.75 21,715.50 21,664.00 21,684.25   -12.75       -0.06   41729
1828  2024-12-13 03:00:00  NAS100 21,684.25 21,687.50 21,642.25 21,643.25   -41.00       -0.19   52431
1829  2024-12-13 20:00:00  NAS100 21,831.50 21,843.75 21,814.00 21,821.25   178.00        0.82   12305
1830  2024-12-13 21:00:00  NAS100 21,821.50 21,908.00 21,775.50 21,881.00    59.75        0.27   98100
1831  2024-12-13 22:00:00  NAS100 21,880.50 21,886.50 21,686.50 21,688.25  -192.75       -0.88  126876
1832  2024-12-13 23:00:00  NAS100 21,688.25 21,757.50 21,666.50 21,699.25    11.00        0.05   96479
1833  2024-12-14 00:00:00  NAS100 21,699.00 21,741.50 21,679.50 21,684.50   -14.75       -0.07   54134
1834  2024-12-14 01:00:00  NAS100 21,684.75 21,776.25 21,681.25 21,773.50    89.00        0.41   49455
1835  2024-12-14 02:00:00  NAS100 21,774.25 21,815.75 21,759.25 21,801.50    28.00        0.13   42854
1836  2024-12-14 03:00:00  NAS100 21,801.25 21,824.00 21,774.50 21,797.50    -4.00       -0.02   58513
1837  2024-12-16 20:00:00  NAS100 21,874.00 21,913.50 21,867.00 21,910.75   113.25        0.52   20024
1838  2024-12-16 21:00:00  NAS100 21,910.75 21,972.00 21,880.75 21,971.25    60.50        0.28   75518
1839  2024-12-16 22:00:00  NAS100 21,971.50 22,024.25 21,929.25 21,991.75    20.50        0.09   86897
1840  2024-12-16 23:00:00  NAS100 21,992.00 22,057.50 21,990.50 22,055.50    63.75        0.29   52235
1841  2024-12-17 00:00:00  NAS100 22,055.75 22,087.75 22,038.25 22,086.00    30.50        0.14   40312
1842  2024-12-17 01:00:00  NAS100 22,086.50 22,125.00 22,080.25 22,117.00    31.00        0.14   43282
1843  2024-12-17 02:00:00  NAS100 22,117.25 22,142.50 22,104.75 22,124.25     7.25        0.03   33362
1844  2024-12-17 03:00:00  NAS100 22,125.00 22,152.50 22,097.50 22,111.50   -12.75       -0.06   48983
1845  2024-12-17 20:00:00  NAS100 22,050.00 22,063.50 22,025.50 22,047.25   -64.25       -0.29   15071
1846  2024-12-17 21:00:00  NAS100 22,047.75 22,066.50 21,977.25 22,004.00   -43.25       -0.20   46598
1847  2024-12-17 22:00:00  NAS100 22,004.00 22,014.50 21,942.25 22,005.75     1.75        0.01   46344
1848  2024-12-17 23:00:00  NAS100 22,005.25 22,080.50 21,980.25 22,036.50    30.75        0.14   30267
1849  2024-12-18 00:00:00  NAS100 22,037.75 22,053.25 21,994.75 22,036.25    -0.25       -0.00   21269
1850  2024-12-18 01:00:00  NAS100 22,036.00 22,044.25 22,000.25 22,003.75   -32.50       -0.15   15757
1851  2024-12-18 02:00:00  NAS100 22,004.25 22,005.75 21,966.25 21,981.25   -22.50       -0.10   14258
1852  2024-12-18 03:00:00  NAS100 21,981.00 22,030.25 21,954.00 22,015.75    34.50        0.16   26682
1853  2024-12-18 20:00:00  NAS100 22,074.25 22,074.50 21,985.00 21,987.00   -28.75       -0.13    6636
1854  2024-12-18 21:00:00  NAS100 21,987.75 22,004.50 21,913.25 21,990.75     3.75        0.02   21490
1855  2024-12-18 22:00:00  NAS100 21,991.50 22,053.50 21,975.75 22,022.00    31.25        0.14   18322
1856  2024-12-18 23:00:00  NAS100 22,021.75 22,042.50 21,954.50 22,008.50   -13.50       -0.06   13585
1857  2024-12-19 00:00:00  NAS100 22,007.50 22,026.50 21,982.00 22,003.75    -4.75       -0.02    9586
1858  2024-12-19 01:00:00  NAS100 22,003.50 22,015.75 21,972.00 21,994.75    -9.00       -0.04    7672
1859  2024-12-19 02:00:00  NAS100 22,001.00 22,001.00 21,619.25 21,625.00  -369.75       -1.68   33656
1860  2024-12-19 03:00:00  NAS100 21,629.25 21,650.00 21,156.00 21,212.75  -412.25       -1.91   48893
1861  2024-12-19 20:00:00  NAS100 21,396.75 21,405.00 21,343.25 21,350.75   138.00        0.65    2600
1862  2024-12-19 21:00:00  NAS100 21,346.75 21,424.25 21,280.50 21,300.75   -50.00       -0.23   19349
1863  2024-12-19 22:00:00  NAS100 21,310.75 21,362.50 21,197.25 21,282.50   -18.25       -0.09   20061
1864  2024-12-19 23:00:00  NAS100 21,280.50 21,360.25 21,193.75 21,297.25    14.75        0.07    8832
1865  2024-12-20 00:00:00  NAS100 21,292.00 21,301.50 21,168.25 21,255.25   -42.00       -0.20    8803
1866  2024-12-20 01:00:00  NAS100 21,253.75 21,334.00 21,173.25 21,332.25    77.00        0.36    8754
1867  2024-12-20 02:00:00  NAS100 21,329.50 21,333.75 21,195.25 21,195.25  -137.00       -0.64    8741
1868  2024-12-20 03:00:00  NAS100 21,196.75 21,262.75 21,099.50 21,110.75   -84.50       -0.40   12145
1869  2024-12-20 20:00:00  NAS100 20,836.50 20,969.75 20,808.75 20,956.75  -154.00       -0.73    2769
1870  2024-12-20 21:00:00  NAS100 20,950.00 20,988.75 20,920.00 20,945.25   -11.50       -0.05     944
1871  2024-12-23 20:00:00  NAS100 21,668.00 21,672.50 21,544.25 21,572.50   627.25        2.99   19326
1872  2024-12-23 21:00:00  NAS100 21,572.50 21,675.50 21,553.00 21,630.50    58.00        0.27   72868
1873  2024-12-23 22:00:00  NAS100 21,633.00 21,641.00 21,477.00 21,560.25   -70.25       -0.32   92771
1874  2024-12-23 23:00:00  NAS100 21,559.50 21,696.00 21,554.50 21,693.25   133.00        0.62   55722
1875  2024-12-24 00:00:00  NAS100 21,693.25 21,726.50 21,642.25 21,694.50     1.25        0.01   44992
1876  2024-12-24 01:00:00  NAS100 21,695.50 21,756.25 21,685.25 21,745.50    51.00        0.24   32777
1877  2024-12-24 02:00:00  NAS100 21,744.75 21,776.75 21,706.25 21,707.50   -38.00       -0.17   28536
1878  2024-12-24 03:00:00  NAS100 21,707.75 21,767.25 21,666.00 21,755.50    48.00        0.22   57176
1879  2024-12-24 21:30:00  NAS100 21,826.00 21,907.50 21,799.25 21,904.25   148.75        0.68   50463
1880  2024-12-24 22:30:00  NAS100 21,903.25 21,968.50 21,897.25 21,960.75    56.50        0.26   63193
1881  2024-12-24 23:30:00  NAS100 21,960.75 21,994.75 21,951.00 21,961.75     1.00        0.00   38423
1882  2024-12-25 00:30:00  NAS100 21,961.75 22,034.25 21,943.00 22,033.00    71.25        0.32   45421
1883  2024-12-26 20:00:00  NAS100 21,948.75 21,963.50 21,907.50 21,951.00   -82.00       -0.37   10910
1884  2024-12-26 21:00:00  NAS100 21,950.00 22,008.00 21,870.50 21,957.75     6.75        0.03   60379
1885  2024-12-26 22:00:00  NAS100 21,957.00 22,011.00 21,928.00 22,006.25    48.50        0.22   61403
1886  2024-12-26 23:00:00  NAS100 22,007.00 22,040.50 21,975.75 22,039.75    33.50        0.15   36537
1887  2024-12-27 00:00:00  NAS100 22,039.75 22,076.25 21,972.75 22,005.50   -34.25       -0.16   47201
1888  2024-12-27 01:00:00  NAS100 22,006.50 22,041.00 21,994.75 22,017.00    11.50        0.05   37121
1889  2024-12-27 02:00:00  NAS100 22,016.75 22,047.25 21,994.25 22,044.25    27.25        0.12   27372
1890  2024-12-27 03:00:00  NAS100 22,044.50 22,061.25 22,001.25 22,007.00   -37.25       -0.17   38045
1891  2024-12-27 20:00:00  NAS100 21,940.75 21,940.75 21,885.25 21,894.25  -112.75       -0.51   10923
1892  2024-12-27 21:00:00  NAS100 21,894.25 21,899.50 21,675.75 21,695.25  -199.00       -0.91   87580
1893  2024-12-27 22:00:00  NAS100 21,695.25 21,707.50 21,507.00 21,592.00  -103.25       -0.48  115854
1894  2024-12-27 23:00:00  NAS100 21,592.25 21,651.25 21,525.00 21,551.25   -40.75       -0.19   67807
1895  2024-12-28 00:00:00  NAS100 21,550.75 21,579.50 21,498.75 21,572.25    21.00        0.10   57958
1896  2024-12-28 01:00:00  NAS100 21,571.75 21,677.75 21,556.50 21,669.00    96.75        0.45   44400
1897  2024-12-28 02:00:00  NAS100 21,666.75 21,716.50 21,635.75 21,705.75    36.75        0.17   41463
1898  2024-12-28 03:00:00  NAS100 21,705.50 21,712.00 21,606.50 21,702.75    -3.00       -0.01   72056
1899  2024-12-30 20:00:00  NAS100 21,482.25 21,496.00 21,358.50 21,378.00  -324.75       -1.50   26172
1900  2024-12-30 21:00:00  NAS100 21,378.75 21,425.75 21,283.25 21,288.00   -90.00       -0.42   81371
1901  2024-12-30 22:00:00  NAS100 21,288.75 21,402.75 21,253.00 21,372.50    84.50        0.40   90132
1902  2024-12-30 23:00:00  NAS100 21,371.50 21,469.75 21,340.75 21,458.50    86.00        0.40   49501
1903  2024-12-31 00:00:00  NAS100 21,459.25 21,567.00 21,447.50 21,552.75    94.25        0.44   47860
1904  2024-12-31 01:00:00  NAS100 21,552.75 21,571.00 21,487.75 21,542.50   -10.25       -0.05   40827
1905  2024-12-31 02:00:00  NAS100 21,542.50 21,548.75 21,475.75 21,529.50   -13.00       -0.06   33204
1906  2024-12-31 03:00:00  NAS100 21,528.75 21,544.00 21,408.50 21,412.25  -117.25       -0.54   57368
1907  2024-12-31 20:00:00  NAS100 21,466.00 21,499.50 21,436.00 21,460.75    48.50        0.23   11556
1908  2024-12-31 21:00:00  NAS100 21,461.50 21,488.50 21,368.00 21,435.00   -25.75       -0.12   56258
1909  2024-12-31 22:00:00  NAS100 21,434.00 21,468.50 21,333.50 21,379.25   -55.75       -0.26   67630
1910  2024-12-31 23:00:00  NAS100 21,379.25 21,384.00 21,287.00 21,330.00   -49.25       -0.23   49779
1911  2025-01-01 00:00:00  NAS100 21,329.75 21,344.00 21,208.00 21,313.75   -16.25       -0.08   48655
1912  2025-01-01 01:00:00  NAS100 21,313.25 21,337.50 21,204.50 21,220.00   -93.75       -0.44   45397
1913  2025-01-01 02:00:00  NAS100 21,220.50 21,275.00 21,182.00 21,268.75    48.75        0.23   41496
1914  2025-01-01 03:00:00  NAS100 21,268.25 21,316.00 21,189.00 21,220.75   -48.00       -0.23   75503
1915  2025-01-02 20:00:00  NAS100 21,443.75 21,466.50 21,404.25 21,417.50   196.75        0.93   14880
1916  2025-01-02 21:00:00  NAS100 21,417.75 21,420.00 21,166.50 21,390.75   -26.75       -0.12   97853
1917  2025-01-02 22:00:00  NAS100 21,392.50 21,444.00 21,209.75 21,277.00  -113.75       -0.53   97685
1918  2025-01-02 23:00:00  NAS100 21,278.25 21,357.50 21,186.50 21,316.25    39.25        0.18   62781
1919  2025-01-03 00:00:00  NAS100 21,316.25 21,342.25 20,983.75 21,075.75  -240.50       -1.13   87232
1920  2025-01-03 01:00:00  NAS100 21,076.50 21,090.25 20,987.75 21,047.50   -28.25       -0.13   61506
1921  2025-01-03 02:00:00  NAS100 21,048.00 21,145.50 21,028.00 21,064.00    16.50        0.08   52521
1922  2025-01-03 03:00:00  NAS100 21,063.25 21,195.75 21,062.00 21,169.25   105.25        0.50   56839
1923  2025-01-03 20:00:00  NAS100 21,241.75 21,273.50 21,227.00 21,227.75    58.50        0.28    9762
1924  2025-01-03 21:00:00  NAS100 21,228.25 21,434.50 21,228.00 21,382.25   154.50        0.73   76178
1925  2025-01-03 22:00:00  NAS100 21,382.75 21,440.50 21,262.00 21,377.50    -4.75       -0.02   90349
1926  2025-01-03 23:00:00  NAS100 21,376.25 21,492.25 21,337.25 21,464.00    86.50        0.40   65433
1927  2025-01-04 00:00:00  NAS100 21,464.75 21,487.00 21,441.50 21,471.00     7.00        0.03   33938
1928  2025-01-04 01:00:00  NAS100 21,470.50 21,531.25 21,449.75 21,509.25    38.25        0.18   34795
1929  2025-01-04 02:00:00  NAS100 21,509.50 21,559.25 21,496.75 21,534.50    25.25        0.12   30763
1930  2025-01-04 03:00:00  NAS100 21,534.50 21,534.50 21,474.75 21,508.00   -26.50       -0.12   58078
1931  2025-01-06 20:00:00  NAS100 21,735.00 21,751.25 21,707.00 21,749.50   241.50        1.12   14256
1932  2025-01-06 21:00:00  NAS100 21,749.50 21,848.75 21,641.75 21,819.50    70.00        0.32   91791
1933  2025-01-06 22:00:00  NAS100 21,818.25 21,892.75 21,780.25 21,869.50    50.00        0.23   81330
1934  2025-01-06 23:00:00  NAS100 21,870.25 21,896.75 21,844.50 21,857.50   -12.00       -0.05   45223
1935  2025-01-07 00:00:00  NAS100 21,857.25 21,869.25 21,768.75 21,794.50   -63.00       -0.29   51257
1936  2025-01-07 01:00:00  NAS100 21,794.50 21,795.75 21,701.50 21,707.25   -87.25       -0.40   55738
1937  2025-01-07 02:00:00  NAS100 21,706.75 21,723.25 21,657.50 21,660.00   -47.25       -0.22   51725
1938  2025-01-07 03:00:00  NAS100 21,659.75 21,756.00 21,647.75 21,750.00    90.00        0.42   67379
1939  2025-01-07 20:00:00  NAS100 21,744.75 21,779.00 21,731.25 21,778.25    28.25        0.13    9504
1940  2025-01-07 21:00:00  NAS100 21,778.25 21,806.00 21,695.25 21,709.75   -68.50       -0.31   74432
1941  2025-01-07 22:00:00  NAS100 21,709.75 21,709.75 21,399.50 21,549.75  -160.00       -0.74  165664
1942  2025-01-07 23:00:00  NAS100 21,548.50 21,567.50 21,425.50 21,435.00  -114.75       -0.53   84999
1943  2025-01-08 00:00:00  NAS100 21,435.75 21,475.75 21,387.00 21,445.00    10.00        0.05   51600
1944  2025-01-08 01:00:00  NAS100 21,445.50 21,517.25 21,427.75 21,440.00    -5.00       -0.02   39600
1945  2025-01-08 02:00:00  NAS100 21,439.25 21,474.75 21,403.00 21,417.50   -22.50       -0.10   39200
1946  2025-01-08 03:00:00  NAS100 21,417.75 21,423.00 21,279.50 21,359.50   -58.00       -0.27   80738
1947  2025-01-08 20:00:00  NAS100 21,257.00 21,393.50 21,254.75 21,377.00    17.50        0.08   34750
1948  2025-01-08 21:00:00  NAS100 21,376.75 21,388.00 21,286.00 21,344.25   -32.75       -0.15   83432
1949  2025-01-08 22:00:00  NAS100 21,343.50 21,406.25 21,231.00 21,358.75    14.50        0.07   92541
1950  2025-01-08 23:00:00  NAS100 21,358.25 21,419.00 21,285.50 21,385.50    26.75        0.13   50876
1951  2025-01-09 00:00:00  NAS100 21,385.75 21,387.50 21,166.25 21,268.50  -117.00       -0.55   65208
1952  2025-01-09 01:00:00  NAS100 21,268.00 21,408.00 21,264.75 21,325.50    57.00        0.27   60653
1953  2025-01-09 02:00:00  NAS100 21,327.25 21,431.75 21,287.50 21,337.00    11.50        0.05   67820
1954  2025-01-09 03:00:00  NAS100 21,337.25 21,377.75 21,301.25 21,361.00    24.00        0.11   49853
1955  2025-01-09 20:00:00  NAS100 21,311.50 21,334.00 21,293.00 21,305.00   -56.00       -0.26    7619
1956  2025-01-09 21:00:00  NAS100 21,304.00 21,310.25 21,265.00 21,301.50    -3.50       -0.02    6500
1957  2025-01-10 20:00:00  NAS100 21,320.75 21,323.50 21,045.00 21,116.25  -185.25       -0.87   50238
1958  2025-01-10 21:00:00  NAS100 21,115.50 21,197.25 21,010.00 21,052.00   -64.25       -0.30   92835
1959  2025-01-10 22:00:00  NAS100 21,053.00 21,123.50 20,874.75 20,989.00   -63.00       -0.30  132400
1960  2025-01-10 23:00:00  NAS100 20,989.50 21,002.00 20,885.00 20,899.75   -89.25       -0.43   77850
1961  2025-01-11 00:00:00  NAS100 20,900.75 21,039.00 20,886.00 21,033.75   134.00        0.64   51618
1962  2025-01-11 01:00:00  NAS100 21,033.25 21,176.50 21,005.50 21,167.25   133.50        0.63   61502
1963  2025-01-11 02:00:00  NAS100 21,168.25 21,171.50 21,042.50 21,086.50   -80.75       -0.38   52236
1964  2025-01-11 03:00:00  NAS100 21,086.25 21,099.25 20,982.00 21,016.25   -70.25       -0.33   73277
1965  2025-01-13 20:00:00  NAS100 20,818.50 20,842.25 20,780.25 20,810.00  -206.25       -0.98   17199
1966  2025-01-13 21:00:00  NAS100 20,810.00 20,841.50 20,702.00 20,801.75    -8.25       -0.04   92000
1967  2025-01-13 22:00:00  NAS100 20,802.00 20,880.25 20,714.50 20,798.25    -3.50       -0.02   91270
1968  2025-01-13 23:00:00  NAS100 20,799.00 20,826.50 20,727.00 20,737.50   -60.75       -0.29   64825
1969  2025-01-14 00:00:00  NAS100 20,737.50 20,895.00 20,718.25 20,890.00   152.50        0.74   62745
1970  2025-01-14 01:00:00  NAS100 20,890.00 20,913.75 20,856.25 20,892.50     2.50        0.01   45286
1971  2025-01-14 02:00:00  NAS100 20,891.75 20,926.50 20,835.50 20,906.25    13.75        0.07   44717
1972  2025-01-14 03:00:00  NAS100 20,905.50 20,964.50 20,873.75 20,947.50    41.25        0.20   51998
1973  2025-01-14 20:00:00  NAS100 21,005.50 21,138.50 20,944.00 21,056.50   109.00        0.52   43304
1974  2025-01-14 21:00:00  NAS100 21,057.75 21,129.75 20,966.25 20,981.25   -75.25       -0.36   86306
1975  2025-01-14 22:00:00  NAS100 20,980.75 21,110.75 20,935.25 20,936.25   -45.00       -0.21  105358
1976  2025-01-14 23:00:00  NAS100 20,936.50 20,956.25 20,819.50 20,822.75  -113.50       -0.54   79277
1977  2025-01-15 00:00:00  NAS100 20,822.75 20,884.25 20,791.75 20,863.75    41.00        0.20   58745
1978  2025-01-15 01:00:00  NAS100 20,862.75 21,010.00 20,855.25 20,997.50   133.75        0.64   47382
1979  2025-01-15 02:00:00  NAS100 20,997.25 21,013.25 20,855.75 20,860.50  -137.00       -0.65   50321
1980  2025-01-15 03:00:00  NAS100 20,861.25 20,929.25 20,773.50 20,923.50    63.00        0.30   93663
1981  2025-01-15 20:00:00  NAS100 20,997.00 21,329.00 20,980.25 21,281.25   357.75        1.71   50117
1982  2025-01-15 21:00:00  NAS100 21,281.50 21,345.00 21,186.75 21,327.25    46.00        0.22   91101
1983  2025-01-15 22:00:00  NAS100 21,328.25 21,408.00 21,318.50 21,318.75    -8.50       -0.04   91249
1984  2025-01-15 23:00:00  NAS100 21,319.75 21,370.75 21,246.25 21,273.25   -45.50       -0.21   68009
1985  2025-01-16 00:00:00  NAS100 21,273.00 21,365.00 21,262.25 21,322.00    48.75        0.23   47446
1986  2025-01-16 01:00:00  NAS100 21,322.50 21,395.75 21,321.25 21,380.25    58.25        0.27   33176
1987  2025-01-16 02:00:00  NAS100 21,380.75 21,435.50 21,377.25 21,419.50    39.25        0.18   34937
1988  2025-01-16 03:00:00  NAS100 21,419.25 21,452.75 21,387.75 21,396.50   -23.00       -0.11   62262
1989  2025-01-16 20:00:00  NAS100 21,440.50 21,484.50 21,420.00 21,474.50    78.00        0.36   20103
1990  2025-01-16 21:00:00  NAS100 21,474.00 21,500.25 21,369.75 21,378.75   -95.75       -0.45   76233
1991  2025-01-16 22:00:00  NAS100 21,377.50 21,427.25 21,336.50 21,424.75    46.00        0.22   92497
1992  2025-01-16 23:00:00  NAS100 21,424.25 21,474.75 21,317.75 21,400.75   -24.00       -0.11   75239
1993  2025-01-17 00:00:00  NAS100 21,400.25 21,426.00 21,369.25 21,385.50   -15.25       -0.07   39664
1994  2025-01-17 01:00:00  NAS100 21,386.50 21,413.25 21,262.25 21,290.50   -95.00       -0.44   50959
1995  2025-01-17 02:00:00  NAS100 21,289.75 21,380.75 21,277.25 21,374.50    84.00        0.39   43711
1996  2025-01-17 03:00:00  NAS100 21,374.50 21,395.75 21,243.50 21,247.75  -126.75       -0.59   63853
1997  2025-01-17 20:00:00  NAS100 21,345.25 21,545.50 21,344.00 21,541.50   293.75        1.38   35260
1998  2025-01-17 21:00:00  NAS100 21,541.75 21,682.50 21,487.00 21,506.75   -34.75       -0.16  121924
1999  2025-01-17 22:00:00  NAS100 21,505.50 21,590.25 21,481.25 21,587.50    80.75        0.38   91247
2000  2025-01-17 23:00:00  NAS100 21,590.00 21,637.75 21,570.50 21,583.75    -3.75       -0.02   61977
2001  2025-01-18 00:00:00  NAS100 21,583.50 21,630.00 21,559.75 21,626.25    42.50        0.20   41085
2002  2025-01-18 01:00:00  NAS100 21,626.00 21,672.00 21,612.00 21,631.75     5.50        0.03   46263
2003  2025-01-18 02:00:00  NAS100 21,632.00 21,644.75 21,609.00 21,622.50    -9.25       -0.04   36331
2004  2025-01-18 03:00:00  NAS100 21,622.00 21,638.50 21,579.50 21,600.25   -22.25       -0.10   67813
2005  2025-01-21 20:00:00  NAS100 21,695.00 21,729.50 21,682.00 21,725.25   125.00        0.58    9732
2006  2025-01-21 21:00:00  NAS100 21,725.50 21,736.50 21,572.75 21,631.25   -94.00       -0.43   81744
2007  2025-01-21 22:00:00  NAS100 21,630.75 21,649.50 21,525.75 21,634.00     2.75        0.01   81246
2008  2025-01-21 23:00:00  NAS100 21,633.75 21,682.00 21,593.00 21,674.75    40.75        0.19   52194
2009  2025-01-22 00:00:00  NAS100 21,675.25 21,743.00 21,649.75 21,741.25    66.50        0.31   43032
2010  2025-01-22 01:00:00  NAS100 21,741.00 21,772.00 21,719.75 21,752.75    11.50        0.05   37042
2011  2025-01-22 02:00:00  NAS100 21,752.75 21,763.50 21,697.00 21,724.75   -28.00       -0.13   37119
2012  2025-01-22 03:00:00  NAS100 21,724.75 21,755.50 21,697.50 21,714.50   -10.25       -0.05   50122
2013  2025-01-22 20:00:00  NAS100 21,910.50 21,934.25 21,903.75 21,930.00   215.50        0.99   10496
2014  2025-01-22 21:00:00  NAS100 21,930.50 22,028.00 21,899.00 22,014.00    84.00        0.38   88304
2015  2025-01-22 22:00:00  NAS100 22,013.75 22,042.75 21,976.00 21,994.75   -19.25       -0.09   76407
2016  2025-01-22 23:00:00  NAS100 21,994.75 22,078.50 21,989.50 22,074.75    80.00        0.36   57141
2017  2025-01-23 00:00:00  NAS100 22,075.75 22,093.50 22,046.00 22,057.25   -17.50       -0.08   37970
2018  2025-01-23 01:00:00  NAS100 22,057.25 22,062.25 22,010.50 22,027.25   -30.00       -0.14   44755
2019  2025-01-23 02:00:00  NAS100 22,027.50 22,044.75 22,006.50 22,040.25    13.00        0.06   33226
2020  2025-01-23 03:00:00  NAS100 22,040.25 22,041.50 21,982.00 21,997.75   -42.50       -0.19   59502
2021  2025-01-23 20:00:00  NAS100 21,899.50 21,919.50 21,876.50 21,896.25  -101.50       -0.46   16688
2022  2025-01-23 21:00:00  NAS100 21,896.50 21,918.00 21,866.00 21,897.50     1.25        0.01   61157
2023  2025-01-23 22:00:00  NAS100 21,898.00 21,941.50 21,868.25 21,931.50    34.00        0.16   61946
2024  2025-01-23 23:00:00  NAS100 21,931.75 21,971.50 21,896.75 21,947.75    16.25        0.07   71473
2025  2025-01-24 00:00:00  NAS100 21,948.25 21,948.25 21,900.25 21,938.50    -9.25       -0.04   37239
2026  2025-01-24 01:00:00  NAS100 21,938.50 21,985.00 21,931.75 21,954.75    16.25        0.07   37369
2027  2025-01-24 02:00:00  NAS100 21,954.75 21,963.50 21,923.75 21,954.00    -0.75       -0.00   34144
2028  2025-01-24 03:00:00  NAS100 21,953.75 22,043.75 21,943.50 22,041.75    87.75        0.40   61944
2029  2025-01-24 20:00:00  NAS100 22,031.00 22,032.00 21,996.00 22,011.00   -30.75       -0.14    9558
2030  2025-01-24 21:00:00  NAS100 22,010.75 22,078.25 21,999.75 22,058.00    47.00        0.21   73558
2031  2025-01-24 22:00:00  NAS100 22,058.00 22,070.00 21,978.00 21,986.50   -71.50       -0.32   69628
2032  2025-01-24 23:00:00  NAS100 21,986.75 22,035.75 21,970.25 21,982.75    -3.75       -0.02   50214
2033  2025-01-25 00:00:00  NAS100 21,983.00 22,008.25 21,930.75 21,941.50   -41.25       -0.19   44159
2034  2025-01-25 01:00:00  NAS100 21,941.75 21,952.50 21,862.25 21,867.75   -73.75       -0.34   52587
2035  2025-01-25 02:00:00  NAS100 21,868.25 21,896.75 21,844.00 21,868.00     0.25        0.00   46159
2036  2025-01-25 03:00:00  NAS100 21,868.00 21,919.25 21,857.00 21,908.50    40.50        0.19   55687
2037  2025-01-27 20:00:00  NAS100 21,083.00 21,174.75 21,033.75 21,160.00  -748.50       -3.42   39588
2038  2025-01-27 21:00:00  NAS100 21,158.50 21,341.00 21,103.00 21,334.25   174.25        0.82  127940
2039  2025-01-27 22:00:00  NAS100 21,330.50 21,418.50 21,228.00 21,311.75   -22.50       -0.11  131716
2040  2025-01-27 23:00:00  NAS100 21,312.00 21,326.25 21,185.50 21,209.25  -102.50       -0.48   99582
2041  2025-01-28 00:00:00  NAS100 21,210.50 21,267.00 21,140.25 21,142.25   -67.00       -0.32   63038
2042  2025-01-28 01:00:00  NAS100 21,142.50 21,217.00 21,138.75 21,150.75     8.50        0.04   50762
2043  2025-01-28 02:00:00  NAS100 21,151.75 21,260.50 21,095.00 21,133.00   -17.75       -0.08   70243
2044  2025-01-28 03:00:00  NAS100 21,133.00 21,265.00 21,127.50 21,258.25   125.25        0.59   95233
2045  2025-01-28 20:00:00  NAS100 21,307.25 21,358.00 21,282.00 21,300.75    42.50        0.20   22152
2046  2025-01-28 21:00:00  NAS100 21,301.00 21,319.50 21,159.50 21,283.00   -17.75       -0.08   96885
2047  2025-01-28 22:00:00  NAS100 21,284.75 21,481.50 21,281.00 21,455.00   172.00        0.81  112377
2048  2025-01-28 23:00:00  NAS100 21,456.00 21,479.00 21,387.50 21,472.50    17.50        0.08   74742
2049  2025-01-29 00:00:00  NAS100 21,472.75 21,563.50 21,470.50 21,544.75    72.25        0.34   60756
2050  2025-01-29 01:00:00  NAS100 21,544.75 21,584.00 21,521.50 21,540.25    -4.50       -0.02   44685
2051  2025-01-29 02:00:00  NAS100 21,540.50 21,626.00 21,513.50 21,615.50    75.25        0.35   45675
2052  2025-01-29 03:00:00  NAS100 21,615.25 21,622.50 21,558.00 21,576.25   -39.25       -0.18   65714
2053  2025-01-29 20:00:00  NAS100 21,646.50 21,647.25 21,560.25 21,602.50    26.25        0.12   19795
2054  2025-01-29 21:00:00  NAS100 21,602.25 21,627.00 21,494.00 21,519.00   -83.50       -0.39   76034
2055  2025-01-29 22:00:00  NAS100 21,518.75 21,564.50 21,456.00 21,506.00   -13.00       -0.06   83737
2056  2025-01-29 23:00:00  NAS100 21,507.00 21,525.00 21,466.75 21,484.00   -22.00       -0.10   55271
2057  2025-01-30 00:00:00  NAS100 21,483.50 21,548.25 21,478.25 21,484.75     0.75        0.00   36477
2058  2025-01-30 01:00:00  NAS100 21,485.25 21,516.00 21,367.00 21,467.25   -17.50       -0.08   73050
2059  2025-01-30 02:00:00  NAS100 21,464.00 21,578.00 21,386.75 21,537.75    70.50        0.33   91414
2060  2025-01-30 03:00:00  NAS100 21,538.50 21,600.75 21,463.00 21,530.75    -7.00       -0.03   79621
2061  2025-01-30 20:00:00  NAS100 21,631.25 21,668.75 21,605.25 21,668.00   137.25        0.64   15723
2062  2025-01-30 21:00:00  NAS100 21,668.50 21,748.75 21,596.75 21,674.25     6.25        0.03   89454
2063  2025-01-30 22:00:00  NAS100 21,674.00 21,676.00 21,461.25 21,462.00  -212.25       -0.98  105145
2064  2025-01-30 23:00:00  NAS100 21,462.75 21,625.75 21,420.00 21,610.00   148.00        0.69   78730
2065  2025-01-31 00:00:00  NAS100 21,610.25 21,610.25 21,503.25 21,552.75   -57.25       -0.26   46418
2066  2025-01-31 01:00:00  NAS100 21,552.75 21,612.25 21,527.25 21,606.50    53.75        0.25   35204
2067  2025-01-31 02:00:00  NAS100 21,606.50 21,661.50 21,587.25 21,659.75    53.25        0.25   32077
2068  2025-01-31 03:00:00  NAS100 21,660.00 21,700.00 21,523.50 21,624.75   -35.00       -0.16  104089
2069  2025-01-31 20:00:00  NAS100 21,782.75 21,808.75 21,755.75 21,791.50   166.75        0.77   16162
2070  2025-01-31 21:00:00  NAS100 21,791.25 21,872.25 21,750.00 21,868.00    76.50        0.35   71298
2071  2025-01-31 22:00:00  NAS100 21,868.25 21,957.00 21,865.75 21,937.25    69.25        0.32   83025
2072  2025-01-31 23:00:00  NAS100 21,936.75 21,965.75 21,877.00 21,903.00   -34.25       -0.16   53101
2073  2025-02-01 00:00:00  NAS100 21,903.75 21,939.00 21,865.00 21,915.00    12.00        0.05   45988
2074  2025-02-01 01:00:00  NAS100 21,915.50 21,926.50 21,721.00 21,751.75  -163.25       -0.74   97123
2075  2025-02-01 02:00:00  NAS100 21,752.00 21,781.75 21,584.75 21,660.75   -91.00       -0.42   87873
2076  2025-02-01 03:00:00  NAS100 21,660.50 21,660.50 21,535.75 21,580.50   -80.25       -0.37   95661
2077  2025-02-03 20:00:00  NAS100 21,180.25 21,247.50 21,163.00 21,202.50  -378.00       -1.75   18498
2078  2025-02-03 21:00:00  NAS100 21,202.25 21,295.00 21,171.75 21,216.25    13.75        0.06  100484
2079  2025-02-03 22:00:00  NAS100 21,215.25 21,453.75 21,113.25 21,420.00   203.75        0.96  139293
2080  2025-02-03 23:00:00  NAS100 21,419.00 21,474.50 21,340.75 21,382.50   -37.50       -0.18   76166
2081  2025-02-04 00:00:00  NAS100 21,382.00 21,455.75 21,341.00 21,401.25    18.75        0.09   56866
2082  2025-02-04 01:00:00  NAS100 21,400.75 21,473.00 21,351.00 21,467.75    66.50        0.31   45955
2083  2025-02-04 02:00:00  NAS100 21,466.75 21,519.75 21,448.00 21,485.50    17.75        0.08   41829
2084  2025-02-04 03:00:00  NAS100 21,486.25 21,506.75 21,398.50 21,406.25   -79.25       -0.37   56685
2085  2025-02-04 20:00:00  NAS100 21,455.50 21,475.50 21,421.00 21,434.50    28.25        0.13   12921
2086  2025-02-04 21:00:00  NAS100 21,434.50 21,575.75 21,405.25 21,559.75   125.25        0.58   68516
2087  2025-02-04 22:00:00  NAS100 21,561.00 21,680.00 21,561.00 21,633.50    73.75        0.34   84433
2088  2025-02-04 23:00:00  NAS100 21,634.50 21,694.00 21,634.00 21,657.50    24.00        0.11   43752
2089  2025-02-05 00:00:00  NAS100 21,658.00 21,660.75 21,550.00 21,622.75   -34.75       -0.16   52911
2090  2025-02-05 01:00:00  NAS100 21,623.50 21,646.00 21,570.00 21,622.00    -0.75       -0.00   29725
2091  2025-02-05 02:00:00  NAS100 21,622.75 21,680.00 21,609.50 21,638.75    16.75        0.08   35064
2092  2025-02-05 03:00:00  NAS100 21,638.00 21,685.25 21,625.25 21,668.00    29.25        0.14   45615
2093  2025-02-05 20:00:00  NAS100 21,511.25 21,553.75 21,486.50 21,529.25  -138.75       -0.64   17125
2094  2025-02-05 21:00:00  NAS100 21,529.25 21,588.00 21,510.00 21,568.25    39.00        0.18   37151
2095  2025-02-05 22:00:00  NAS100 21,570.50 21,605.00 21,501.00 21,592.25    24.00        0.11  116250
2096  2025-02-05 23:00:00  NAS100 21,591.00 21,719.25 21,562.75 21,711.00   118.75        0.55   65876
2097  2025-02-06 00:00:00  NAS100 21,711.00 21,742.25 21,684.25 21,704.75    -6.25       -0.03   42562
2098  2025-02-06 01:00:00  NAS100 21,705.50 21,722.25 21,672.00 21,710.50     5.75        0.03   29069
2099  2025-02-06 02:00:00  NAS100 21,710.50 21,736.25 21,703.00 21,709.50    -1.00       -0.00   24393
2100  2025-02-06 03:00:00  NAS100 21,708.75 21,769.00 21,689.75 21,761.50    52.00        0.24   51109
2101  2025-02-06 20:00:00  NAS100 21,764.00 21,777.25 21,742.75 21,776.25    14.75        0.07   12153
2102  2025-02-06 21:00:00  NAS100 21,775.75 21,823.50 21,738.25 21,790.25    14.00        0.06   62582
2103  2025-02-06 22:00:00  NAS100 21,789.50 21,848.75 21,740.25 21,771.75   -18.50       -0.08   81806
2104  2025-02-06 23:00:00  NAS100 21,772.00 21,815.00 21,753.75 21,770.75    -1.00       -0.00   36130
2105  2025-02-07 00:00:00  NAS100 21,772.00 21,830.75 21,748.00 21,815.50    44.75        0.21   30574
2106  2025-02-07 01:00:00  NAS100 21,815.50 21,841.75 21,801.75 21,816.50     1.00        0.00   29745
2107  2025-02-07 02:00:00  NAS100 21,815.25 21,830.25 21,711.50 21,747.50   -69.00       -0.32   43930
2108  2025-02-07 03:00:00  NAS100 21,747.25 21,882.25 21,735.25 21,871.00   123.50        0.57   49486
2109  2025-02-07 20:00:00  NAS100 21,864.75 21,930.00 21,790.25 21,878.25     7.25        0.03   25105
2110  2025-02-07 21:00:00  NAS100 21,878.50 21,968.00 21,863.75 21,904.00    25.75        0.12   63509
2111  2025-02-07 22:00:00  NAS100 21,904.00 21,904.00 21,613.25 21,722.00  -182.00       -0.83  142139
2112  2025-02-07 23:00:00  NAS100 21,721.25 21,759.25 21,606.75 21,629.25   -92.75       -0.43   90980
2113  2025-02-08 00:00:00  NAS100 21,628.75 21,683.00 21,585.00 21,652.50    23.25        0.11   68956
2114  2025-02-08 01:00:00  NAS100 21,652.75 21,730.75 21,619.00 21,624.25   -28.25       -0.13   43484
2115  2025-02-08 02:00:00  NAS100 21,625.00 21,637.25 21,566.00 21,607.50   -16.75       -0.08   41226
2116  2025-02-08 03:00:00  NAS100 21,607.00 21,621.25 21,552.75 21,588.25   -19.25       -0.09   54888
2117  2025-02-10 20:00:00  NAS100 21,739.25 21,785.50 21,733.25 21,780.25   192.00        0.89   10570
2118  2025-02-10 21:00:00  NAS100 21,780.50 21,809.00 21,744.00 21,791.00    10.75        0.05   59213
2119  2025-02-10 22:00:00  NAS100 21,792.50 21,894.00 21,782.50 21,865.75    74.75        0.34   69547
2120  2025-02-10 23:00:00  NAS100 21,865.50 21,886.25 21,836.25 21,871.50     5.75        0.03   40408
2121  2025-02-11 00:00:00  NAS100 21,871.50 21,872.25 21,817.25 21,866.00    -5.50       -0.03   32224
2122  2025-02-11 01:00:00  NAS100 21,865.75 21,886.25 21,858.00 21,878.75    12.75        0.06   20781
2123  2025-02-11 02:00:00  NAS100 21,878.50 21,881.50 21,845.00 21,862.00   -16.75       -0.08   23864
2124  2025-02-11 03:00:00  NAS100 21,862.50 21,875.50 21,832.75 21,843.00   -19.00       -0.09   44913
2125  2025-02-11 20:00:00  NAS100 21,748.50 21,754.25 21,672.50 21,676.00  -167.00       -0.76   15094
2126  2025-02-11 21:00:00  NAS100 21,675.50 21,806.00 21,669.50 21,777.50   101.50        0.47   57394
2127  2025-02-11 22:00:00  NAS100 21,777.50 21,871.50 21,761.00 21,841.25    63.75        0.29   65932
2128  2025-02-11 23:00:00  NAS100 21,841.50 21,850.25 21,785.00 21,791.00   -50.25       -0.23   44832
2129  2025-02-12 00:00:00  NAS100 21,790.25 21,796.00 21,715.75 21,763.75   -27.25       -0.13   57043
2130  2025-02-12 01:00:00  NAS100 21,764.00 21,833.50 21,747.75 21,801.50    37.75        0.17   34374
2131  2025-02-12 02:00:00  NAS100 21,802.25 21,840.25 21,792.25 21,826.25    24.75        0.11   26549
2132  2025-02-12 03:00:00  NAS100 21,826.75 21,840.50 21,766.00 21,790.50   -35.75       -0.16   45771
2133  2025-02-12 20:00:00  NAS100 21,830.50 21,850.00 21,514.50 21,544.50  -246.00       -1.13   47997
2134  2025-02-12 21:00:00  NAS100 21,544.75 21,701.00 21,510.75 21,677.00   132.50        0.62   95849
2135  2025-02-12 22:00:00  NAS100 21,677.25 21,773.25 21,580.50 21,728.00    51.00        0.24  103440
2136  2025-02-12 23:00:00  NAS100 21,728.50 21,784.50 21,646.00 21,780.00    52.00        0.24   58840
2137  2025-02-13 00:00:00  NAS100 21,780.00 21,825.75 21,755.50 21,817.75    37.75        0.17   49957
2138  2025-02-13 01:00:00  NAS100 21,818.00 21,826.75 21,770.25 21,792.50   -25.25       -0.12   32295
2139  2025-02-13 02:00:00  NAS100 21,793.00 21,839.00 21,758.00 21,828.50    36.00        0.17   31925
2140  2025-02-13 03:00:00  NAS100 21,828.75 21,837.25 21,776.25 21,801.75   -26.75       -0.12   44280
2141  2025-02-13 20:00:00  NAS100 21,822.25 21,900.75 21,787.25 21,878.25    76.50        0.35   25529
2142  2025-02-13 21:00:00  NAS100 21,877.50 21,951.00 21,834.75 21,920.00    41.75        0.19   82013
2143  2025-02-13 22:00:00  NAS100 21,919.50 22,057.75 21,876.75 22,038.25   118.25        0.54   95664
2144  2025-02-13 23:00:00  NAS100 22,038.00 22,046.50 21,942.00 21,962.00   -76.25       -0.35   50894
2145  2025-02-14 00:00:00  NAS100 21,962.50 21,999.00 21,943.25 21,966.50     4.50        0.02   33697
2146  2025-02-14 01:00:00  NAS100 21,967.25 21,997.25 21,890.50 21,996.00    29.50        0.13   57805
2147  2025-02-14 02:00:00  NAS100 21,997.00 22,075.50 21,988.00 22,057.00    61.00        0.28   41369
2148  2025-02-14 03:00:00  NAS100 22,057.50 22,123.75 22,052.75 22,110.00    53.00        0.24   51387
2149  2025-02-14 20:00:00  NAS100 22,084.00 22,115.25 22,070.00 22,104.50    -5.50       -0.02   11371
2150  2025-02-14 21:00:00  NAS100 22,105.25 22,141.50 22,090.00 22,127.25    22.75        0.10   56919
2151  2025-02-14 22:00:00  NAS100 22,127.50 22,171.75 22,099.00 22,164.75    37.50        0.17   72586
2152  2025-02-14 23:00:00  NAS100 22,164.50 22,170.25 22,102.00 22,138.50   -26.25       -0.12   50566
2153  2025-02-15 00:00:00  NAS100 22,139.25 22,163.00 22,092.00 22,157.25    18.75        0.08   39055
2154  2025-02-15 01:00:00  NAS100 22,157.75 22,198.75 22,145.00 22,185.50    28.25        0.13   34126
2155  2025-02-15 02:00:00  NAS100 22,185.50 22,206.75 22,156.00 22,178.25    -7.25       -0.03   30502
2156  2025-02-15 03:00:00  NAS100 22,178.50 22,225.00 22,159.25 22,194.50    16.25        0.07   51043
2157  2025-02-18 20:00:00  NAS100 22,285.50 22,313.50 22,269.25 22,311.00   116.50        0.52   10051
2158  2025-02-18 21:00:00  NAS100 22,311.75 22,318.25 22,165.00 22,202.50  -108.50       -0.49   81813
2159  2025-02-18 22:00:00  NAS100 22,202.25 22,207.25 22,125.00 22,187.00   -15.50       -0.07   78604
2160  2025-02-18 23:00:00  NAS100 22,187.25 22,215.75 22,165.00 22,186.25    -0.75       -0.00   48568
2161  2025-02-19 00:00:00  NAS100 22,186.75 22,202.75 22,162.00 22,195.00     8.75        0.04   34268
2162  2025-02-19 01:00:00  NAS100 22,195.00 22,206.00 22,138.50 22,158.75   -36.25       -0.16   35243
2163  2025-02-19 02:00:00  NAS100 22,159.00 22,186.75 22,102.75 22,178.50    19.75        0.09   43309
2164  2025-02-19 03:00:00  NAS100 22,178.50 22,239.50 22,160.50 22,239.00    60.50        0.27   47182
2165  2025-02-19 20:00:00  NAS100 22,228.25 22,241.00 22,179.50 22,204.75   -34.25       -0.15   13994
2166  2025-02-19 21:00:00  NAS100 22,204.50 22,221.50 22,155.00 22,167.75   -37.00       -0.17   65690
2167  2025-02-19 22:00:00  NAS100 22,168.25 22,208.50 22,118.00 22,160.75    -7.00       -0.03   87583
2168  2025-02-19 23:00:00  NAS100 22,160.75 22,243.50 22,159.75 22,238.50    77.75        0.35   52861
2169  2025-02-20 00:00:00  NAS100 22,238.75 22,256.50 22,207.50 22,245.50     7.00        0.03   36473
2170  2025-02-20 01:00:00  NAS100 22,245.50 22,264.25 22,195.00 22,232.50   -13.00       -0.06   37822
2171  2025-02-20 02:00:00  NAS100 22,232.50 22,299.75 22,226.25 22,295.00    62.50        0.28   45416
2172  2025-02-20 03:00:00  NAS100 22,295.25 22,295.25 22,205.50 22,246.75   -48.25       -0.22   71445
2173  2025-02-20 20:00:00  NAS100 22,207.50 22,212.75 22,186.50 22,203.50   -43.25       -0.19    8332
2174  2025-02-20 21:00:00  NAS100 22,203.25 22,225.50 22,000.50 22,010.50  -193.00       -0.87   96355
2175  2025-02-20 22:00:00  NAS100 22,011.00 22,107.50 21,951.00 21,988.75   -21.75       -0.10  121347
2176  2025-02-20 23:00:00  NAS100 21,988.75 22,076.50 21,983.50 22,031.25    42.50        0.19   63059
2177  2025-02-21 00:00:00  NAS100 22,030.50 22,098.00 22,023.25 22,040.00     8.75        0.04   41596
2178  2025-02-21 01:00:00  NAS100 22,039.75 22,077.25 22,027.50 22,067.50    27.50        0.12   37060
2179  2025-02-21 02:00:00  NAS100 22,067.50 22,127.75 22,056.00 22,116.75    49.25        0.22   48167
2180  2025-02-21 03:00:00  NAS100 22,116.50 22,148.25 22,084.50 22,145.00    28.25        0.13   63807
2181  2025-02-21 20:00:00  NAS100 22,217.00 22,245.50 22,207.25 22,224.25    79.25        0.36   12031
2182  2025-02-21 21:00:00  NAS100 22,224.00 22,236.75 22,080.00 22,092.50  -131.75       -0.59   82719
2183  2025-02-21 22:00:00  NAS100 22,096.25 22,110.75 21,940.75 22,006.75   -85.75       -0.39  113224
2184  2025-02-21 23:00:00  NAS100 22,006.25 22,029.75 21,960.00 21,979.25   -27.50       -0.12   66522
2185  2025-02-22 00:00:00  NAS100 21,978.50 21,998.50 21,837.50 21,852.50  -126.75       -0.58   76794
2186  2025-02-22 01:00:00  NAS100 21,852.25 21,854.25 21,759.75 21,771.75   -80.75       -0.37   94246
2187  2025-02-22 02:00:00  NAS100 21,772.25 21,784.50 21,667.25 21,687.50   -84.25       -0.39   89291
2188  2025-02-22 03:00:00  NAS100 21,687.00 21,719.50 21,662.50 21,682.50    -5.00       -0.02   85163
2189  2025-02-24 20:00:00  NAS100 21,763.00 21,800.50 21,757.00 21,798.00   115.50        0.53    9088
2190  2025-02-24 21:00:00  NAS100 21,794.75 21,801.50 21,560.25 21,567.50  -230.50       -1.06   94566
2191  2025-02-24 22:00:00  NAS100 21,567.75 21,585.25 21,436.25 21,492.00   -75.50       -0.35  130876
2192  2025-02-24 23:00:00  NAS100 21,493.00 21,625.00 21,477.50 21,576.50    84.50        0.39   90148
2193  2025-02-25 00:00:00  NAS100 21,577.25 21,659.75 21,569.25 21,605.25    28.75        0.13   63062
2194  2025-02-25 01:00:00  NAS100 21,605.75 21,660.50 21,595.25 21,608.75     3.50        0.02   37844
2195  2025-02-25 02:00:00  NAS100 21,608.50 21,639.50 21,538.50 21,553.25   -55.50       -0.26   43885
2196  2025-02-25 03:00:00  NAS100 21,553.75 21,569.00 21,408.75 21,421.25  -132.00       -0.61   83570
2197  2025-02-25 20:00:00  NAS100 21,429.25 21,451.75 21,392.75 21,404.00   -17.25       -0.08   18256
2198  2025-02-25 21:00:00  NAS100 21,404.25 21,413.75 21,210.75 21,260.00  -144.00       -0.67  101908
2199  2025-02-25 22:00:00  NAS100 21,259.75 21,265.50 21,028.25 21,104.25  -155.75       -0.73  160297
2200  2025-02-25 23:00:00  NAS100 21,105.00 21,202.75 20,990.00 21,170.50    66.25        0.31   96799
2201  2025-02-26 00:00:00  NAS100 21,170.00 21,225.75 21,109.25 21,219.75    49.25        0.23   60028
2202  2025-02-26 01:00:00  NAS100 21,220.00 21,281.25 21,165.50 21,199.50   -20.25       -0.10   64937
2203  2025-02-26 02:00:00  NAS100 21,199.50 21,214.75 21,123.75 21,202.50     3.00        0.01   64217
2204  2025-02-26 03:00:00  NAS100 21,202.50 21,263.00 21,121.00 21,150.00   -52.50       -0.25   93817
2205  2025-02-26 20:00:00  NAS100 21,290.25 21,332.50 21,254.50 21,272.75   122.75        0.58   15361
2206  2025-02-26 21:00:00  NAS100 21,272.75 21,313.00 21,189.00 21,301.75    29.00        0.14   88287
2207  2025-02-26 22:00:00  NAS100 21,301.75 21,373.00 21,264.25 21,352.00    50.25        0.24   91041
2208  2025-02-26 23:00:00  NAS100 21,351.75 21,409.00 21,339.75 21,349.75    -2.25       -0.01   62880
2209  2025-02-27 00:00:00  NAS100 21,349.75 21,407.75 21,229.00 21,248.75  -101.00       -0.47   73066
2210  2025-02-27 01:00:00  NAS100 21,249.50 21,261.75 21,083.00 21,102.25  -146.50       -0.69   76465
2211  2025-02-27 02:00:00  NAS100 21,100.75 21,173.25 21,064.50 21,093.75    -8.50       -0.04   65411
2212  2025-02-27 03:00:00  NAS100 21,094.25 21,224.50 21,077.75 21,191.25    97.50        0.46   65642
2213  2025-02-27 20:00:00  NAS100 21,351.25 21,373.00 21,268.75 21,306.50   115.25        0.54   32707
2214  2025-02-27 21:00:00  NAS100 21,307.25 21,381.00 20,996.00 21,009.00  -297.50       -1.40  117251
2215  2025-02-27 22:00:00  NAS100 21,006.50 21,166.00 20,896.50 21,018.50     9.50        0.05  158399
2216  2025-02-27 23:00:00  NAS100 21,020.50 21,159.75 20,994.50 21,006.25   -12.25       -0.06   73923
2217  2025-02-28 00:00:00  NAS100 21,006.25 21,076.50 20,956.50 21,038.75    32.50        0.15   63756
2218  2025-02-28 01:00:00  NAS100 21,038.75 21,117.50 21,028.50 21,052.25    13.50        0.06   52905
2219  2025-02-28 02:00:00  NAS100 21,051.75 21,056.50 20,795.75 20,834.00  -218.25       -1.04   90621
2220  2025-02-28 03:00:00  NAS100 20,835.00 20,840.50 20,597.75 20,608.50  -225.50       -1.08  125450
2221  2025-02-28 20:00:00  NAS100 20,619.25 20,664.25 20,561.50 20,600.25    -8.25       -0.04   24712
2222  2025-02-28 21:00:00  NAS100 20,601.00 20,645.00 20,460.50 20,593.50    -6.75       -0.03  110679
2223  2025-02-28 22:00:00  NAS100 20,591.75 20,777.75 20,554.00 20,759.75   166.25        0.81  123070
2224  2025-02-28 23:00:00  NAS100 20,760.00 20,776.25 20,624.50 20,696.75   -63.00       -0.30   77241
2225  2025-03-01 00:00:00  NAS100 20,697.25 20,749.00 20,537.00 20,540.50  -156.25       -0.75   75534
2226  2025-03-01 01:00:00  NAS100 20,540.50 20,666.75 20,484.25 20,542.25     1.75        0.01   93768
2227  2025-03-01 02:00:00  NAS100 20,541.50 20,721.75 20,537.75 20,710.50   168.25        0.82   68772
2228  2025-03-01 03:00:00  NAS100 20,711.50 20,944.25 20,683.25 20,920.75   210.25        1.02  118535
2229  2025-03-03 20:00:00  NAS100 21,070.25 21,081.00 21,034.25 21,065.50   144.75        0.69   13490
2230  2025-03-03 21:00:00  NAS100 21,065.25 21,121.00 20,824.25 20,845.50  -220.00       -1.04   98525
2231  2025-03-03 22:00:00  NAS100 20,845.00 20,989.25 20,760.00 20,858.00    12.50        0.06  130368
2232  2025-03-03 23:00:00  NAS100 20,858.50 20,985.00 20,831.00 20,922.00    64.00        0.31   77917
2233  2025-03-04 00:00:00  NAS100 20,922.00 20,964.50 20,822.00 20,849.25   -72.75       -0.35   47665
2234  2025-03-04 01:00:00  NAS100 20,849.50 20,857.00 20,653.25 20,747.75  -101.50       -0.49   92921
2235  2025-03-04 02:00:00  NAS100 20,747.25 20,819.75 20,598.75 20,603.25  -144.50       -0.70   78920
2236  2025-03-04 03:00:00  NAS100 20,604.25 20,606.00 20,316.75 20,473.00  -130.25       -0.63  148894
2237  2025-03-04 20:00:00  NAS100 20,320.75 20,356.00 20,262.25 20,326.25  -146.75       -0.72   34436
2238  2025-03-04 21:00:00  NAS100 20,324.50 20,430.00 20,227.75 20,231.75   -94.50       -0.46  123011
2239  2025-03-04 22:00:00  NAS100 20,230.50 20,263.25 20,075.25 20,196.25   -35.50       -0.18  150128
2240  2025-03-04 23:00:00  NAS100 20,197.50 20,337.75 20,108.50 20,299.00   102.75        0.51  101793
2241  2025-03-05 00:00:00  NAS100 20,298.00 20,436.25 20,265.75 20,337.00    38.00        0.19   85474
2242  2025-03-05 01:00:00  NAS100 20,338.00 20,523.00 20,310.75 20,500.50   163.50        0.80   76010
2243  2025-03-05 02:00:00  NAS100 20,500.00 20,632.25 20,497.75 20,618.75   118.25        0.58   73292
2244  2025-03-05 03:00:00  NAS100 20,619.25 20,732.50 20,324.50 20,397.50  -221.25       -1.07  121894
2245  2025-03-05 20:00:00  NAS100 20,486.00 20,523.25 20,403.75 20,419.50    22.00        0.11   25247
2246  2025-03-05 21:00:00  NAS100 20,419.75 20,465.75 20,270.50 20,316.75  -102.75       -0.50   96768
2247  2025-03-05 22:00:00  NAS100 20,322.75 20,497.00 20,300.00 20,391.25    74.50        0.37  120796
2248  2025-03-05 23:00:00  NAS100 20,390.75 20,390.75 20,215.00 20,338.00   -53.25       -0.26   94832
2249  2025-03-06 00:00:00  NAS100 20,337.00 20,575.75 20,331.00 20,570.50   232.50        1.14   79025
2250  2025-03-06 01:00:00  NAS100 20,570.25 20,596.75 20,446.00 20,590.50    20.00        0.10   77111
2251  2025-03-06 02:00:00  NAS100 20,590.25 20,711.25 20,558.25 20,651.00    60.50        0.29   67482
2252  2025-03-06 03:00:00  NAS100 20,651.00 20,725.00 20,602.00 20,657.50     6.50        0.03   80903
2253  2025-03-06 20:00:00  NAS100 20,371.75 20,385.00 20,299.00 20,326.50  -331.00       -1.60   23341
2254  2025-03-06 21:00:00  NAS100 20,325.75 20,373.00 20,228.25 20,281.50   -45.00       -0.22   84441
2255  2025-03-06 22:00:00  NAS100 20,282.75 20,513.25 20,253.25 20,429.75   148.25        0.73  104373
2256  2025-03-06 23:00:00  NAS100 20,431.00 20,496.00 20,246.25 20,252.00  -177.75       -0.87   82938
2257  2025-03-07 00:00:00  NAS100 20,252.00 20,277.25 20,088.25 20,171.25   -80.75       -0.40   92693
2258  2025-03-07 01:00:00  NAS100 20,171.00 20,208.00 20,040.00 20,119.00   -52.25       -0.26   66959
2259  2025-03-07 02:00:00  NAS100 20,118.50 20,207.50 20,003.00 20,050.50   -68.50       -0.34   81322
2260  2025-03-07 03:00:00  NAS100 20,051.25 20,155.00 20,026.50 20,093.50    43.00        0.21   91614
2261  2025-03-07 20:00:00  NAS100 20,124.00 20,273.00 20,038.50 20,066.25   -27.25       -0.14   38525
2262  2025-03-07 21:00:00  NAS100 20,066.00 20,242.00 20,023.75 20,140.75    74.50        0.37   90653
2263  2025-03-07 22:00:00  NAS100 20,139.50 20,193.00 19,887.75 20,021.00  -119.75       -0.59  114547
2264  2025-03-07 23:00:00  NAS100 20,021.00 20,034.50 19,765.75 19,830.25  -190.75       -0.95   87052
2265  2025-03-08 00:00:00  NAS100 19,831.25 20,084.25 19,771.00 19,945.75   115.50        0.58   93649
2266  2025-03-08 01:00:00  NAS100 19,945.50 20,176.75 19,943.00 20,169.25   223.50        1.12   83578
2267  2025-03-08 02:00:00  NAS100 20,169.75 20,274.00 20,120.75 20,192.75    23.50        0.12   67522
2268  2025-03-08 03:00:00  NAS100 20,193.50 20,286.25 20,098.50 20,225.00    32.25        0.16   82191
2269  2025-03-10 20:00:00  NAS100 19,914.00 19,942.00 19,744.25 19,790.25  -434.75       -2.15   79794
2270  2025-03-10 21:00:00  NAS100 19,791.00 19,791.00 19,521.00 19,554.25  -236.00       -1.19  115492
2271  2025-03-10 22:00:00  NAS100 19,554.00 19,702.75 19,550.00 19,587.50    33.25        0.17   86519
2272  2025-03-10 23:00:00  NAS100 19,586.50 19,639.25 19,522.75 19,542.75   -44.75       -0.23   61626
2273  2025-03-11 00:00:00  NAS100 19,542.50 19,553.00 19,422.00 19,441.75  -101.00       -0.52   73018
2274  2025-03-11 01:00:00  NAS100 19,442.00 19,500.00 19,330.00 19,338.75  -103.00       -0.53   66637
2275  2025-03-11 02:00:00  NAS100 19,338.50 19,551.25 19,272.50 19,464.00   125.25        0.65  129435
2276  2025-03-11 03:00:00  NAS100 19,463.75 19,488.75 19,416.25 19,472.00     8.00        0.04   29019
2277  2025-03-11 20:00:00  NAS100 19,453.75 19,599.00 19,385.75 19,521.00    49.00        0.25   83770
2278  2025-03-11 21:00:00  NAS100 19,523.25 19,613.25 19,264.50 19,315.00  -206.00       -1.06  136254
2279  2025-03-11 22:00:00  NAS100 19,311.50 19,544.25 19,286.00 19,423.25   108.25        0.56   88835
2280  2025-03-11 23:00:00  NAS100 19,422.25 19,446.00 19,296.00 19,323.00  -100.25       -0.52   62435
2281  2025-03-12 00:00:00  NAS100 19,323.00 19,369.50 19,201.00 19,325.00     2.00        0.01   77917
2282  2025-03-12 01:00:00  NAS100 19,326.00 19,686.75 19,319.00 19,638.75   313.75        1.62   91972
2283  2025-03-12 02:00:00  NAS100 19,640.00 19,677.25 19,391.75 19,393.25  -245.50       -1.25  100556
2284  2025-03-12 03:00:00  NAS100 19,392.50 19,446.00 19,371.75 19,401.25     8.00        0.04   25056
2285  2025-03-12 20:00:00  NAS100 19,722.50 19,777.50 19,589.75 19,645.00   243.75        1.26   96677
2286  2025-03-12 21:00:00  NAS100 19,643.25 19,724.50 19,469.50 19,475.75  -169.25       -0.86  105600
2287  2025-03-12 22:00:00  NAS100 19,475.00 19,638.00 19,395.25 19,633.00   157.25        0.81   86211
2288  2025-03-12 23:00:00  NAS100 19,634.00 19,727.75 19,586.50 19,626.50    -6.50       -0.03   77450
2289  2025-03-13 00:00:00  NAS100 19,627.00 19,719.50 19,535.50 19,539.75   -86.75       -0.44   58833
2290  2025-03-13 01:00:00  NAS100 19,540.00 19,706.25 19,531.25 19,677.75   138.00        0.71   52139
2291  2025-03-13 02:00:00  NAS100 19,677.50 19,677.75 19,554.00 19,609.50   -68.25       -0.35   74614
2292  2025-03-13 03:00:00  NAS100 19,609.50 19,609.50 19,561.50 19,572.75   -36.75       -0.19   14912
2293  2025-03-13 20:00:00  NAS100 19,556.00 19,590.75 19,339.50 19,368.00  -204.75       -1.05   87832
2294  2025-03-13 21:00:00  NAS100 19,367.50 19,570.00 19,324.50 19,423.25    55.25        0.29  125470
2295  2025-03-13 22:00:00  NAS100 19,424.50 19,477.50 19,276.50 19,296.75  -126.50       -0.65   90383
2296  2025-03-13 23:00:00  NAS100 19,297.00 19,390.75 19,240.50 19,288.25    -8.50       -0.04   61553
2297  2025-03-14 00:00:00  NAS100 19,287.50 19,312.75 19,170.00 19,191.00   -97.25       -0.50   58230
2298  2025-03-14 01:00:00  NAS100 19,190.00 19,377.00 19,186.75 19,363.50   172.50        0.90   67547
2299  2025-03-14 02:00:00  NAS100 19,362.25 19,396.25 19,184.25 19,251.50  -112.00       -0.58   79262
2300  2025-03-14 03:00:00  NAS100 19,251.75 19,328.50 19,243.75 19,293.00    41.50        0.22   21655
2301  2025-03-14 20:00:00  NAS100 19,495.75 19,620.75 19,450.75 19,548.25   255.25        1.32   87855
2302  2025-03-14 21:00:00  NAS100 19,545.25 19,611.00 19,437.00 19,609.75    61.50        0.31  135774
2303  2025-03-14 22:00:00  NAS100 19,610.25 19,703.00 19,589.25 19,680.00    70.25        0.36   85379
2304  2025-03-14 23:00:00  NAS100 19,680.00 19,707.75 19,604.50 19,687.00     7.00        0.04   63753
2305  2025-03-15 00:00:00  NAS100 19,686.75 19,707.25 19,619.75 19,629.75   -57.25       -0.29   57036
2306  2025-03-15 01:00:00  NAS100 19,630.00 19,704.50 19,612.25 19,674.25    44.50        0.23   51360
2307  2025-03-15 02:00:00  NAS100 19,673.75 19,742.50 19,650.00 19,705.25    31.00        0.16   84990
2308  2025-03-15 03:00:00  NAS100 19,705.00 19,707.25 19,640.75 19,665.00   -40.25       -0.20   24431
2309  2025-03-17 20:00:00  NAS100 19,751.25 19,847.75 19,683.25 19,789.00   124.00        0.63   76167
2310  2025-03-17 21:00:00  NAS100 19,790.00 19,816.75 19,671.25 19,686.00  -103.00       -0.52   99448
2311  2025-03-17 22:00:00  NAS100 19,686.25 19,734.50 19,628.75 19,681.50    -4.50       -0.02   53877
2312  2025-03-17 23:00:00  NAS100 19,682.25 19,745.00 19,654.75 19,699.25    17.75        0.09   48514
2313  2025-03-18 00:00:00  NAS100 19,698.50 19,833.25 19,673.25 19,816.00   116.75        0.59   54868
2314  2025-03-18 01:00:00  NAS100 19,815.75 19,959.25 19,814.75 19,937.50   121.50        0.61   62186
2315  2025-03-18 02:00:00  NAS100 19,936.75 19,944.50 19,826.00 19,832.50  -105.00       -0.53   65050
2316  2025-03-18 03:00:00  NAS100 19,832.50 19,838.50 19,800.50 19,831.25    -1.25       -0.01   14808
2317  2025-03-18 20:00:00  NAS100 19,699.00 19,724.25 19,454.25 19,468.25  -363.00       -1.83   55239
2318  2025-03-18 21:00:00  NAS100 19,469.25 19,530.00 19,431.25 19,478.00     9.75        0.05   52108
2319  2025-03-18 22:00:00  NAS100 19,476.00 19,497.50 19,397.75 19,456.50   -21.50       -0.11   35993
2320  2025-03-18 23:00:00  NAS100 19,456.50 19,548.00 19,446.75 19,529.00    72.50        0.37   34061
2321  2025-03-19 00:00:00  NAS100 19,529.00 19,545.00 19,447.50 19,508.25   -20.75       -0.11   26129
2322  2025-03-19 01:00:00  NAS100 19,508.00 19,579.00 19,454.75 19,542.75    34.50        0.18   27806
2323  2025-03-19 02:00:00  NAS100 19,541.50 19,547.75 19,458.00 19,500.25   -42.50       -0.22   28913
2324  2025-03-19 03:00:00  NAS100 19,500.75 19,531.50 19,495.25 19,496.75    -3.50       -0.02    7860
2325  2025-03-19 20:00:00  NAS100 19,557.75 19,639.00 19,504.25 19,618.75   122.00        0.63   26036
2326  2025-03-19 21:00:00  NAS100 19,618.75 19,694.25 19,585.00 19,595.00   -23.75       -0.12   24235
2327  2025-03-19 22:00:00  NAS100 19,590.50 19,731.50 19,588.00 19,715.00   120.00        0.61   17355
2328  2025-03-19 23:00:00  NAS100 19,715.00 19,728.00 19,651.50 19,672.00   -43.00       -0.22   12302
2329  2025-03-20 00:00:00  NAS100 19,672.25 19,680.75 19,584.75 19,610.50   -61.50       -0.31   10335
2330  2025-03-20 01:00:00  NAS100 19,603.25 19,824.00 19,550.00 19,820.25   209.75        1.07   30490
2331  2025-03-20 02:00:00  NAS100 19,819.00 19,935.00 19,729.50 19,748.50   -71.75       -0.36   27007
2332  2025-03-20 03:00:00  NAS100 19,748.25 19,775.25 19,735.00 19,739.00    -9.50       -0.05    4764
2333  2025-03-20 20:00:00  NAS100 19,623.00 19,733.50 19,554.25 19,729.50    -9.50       -0.05   10171
2334  2025-03-20 21:00:00  NAS100 19,728.50 19,898.75 19,723.25 19,838.00   108.50        0.55   14565
2335  2025-03-20 22:00:00  NAS100 19,840.50 19,857.75 19,757.00 19,784.00   -54.00       -0.27   12084
2336  2025-03-20 23:00:00  NAS100 19,779.25 19,835.00 19,659.25 19,674.50  -109.50       -0.55   12475
2337  2025-03-21 00:00:00  NAS100 19,675.00 19,742.50 19,627.25 19,650.25   -24.25       -0.12    9049
2338  2025-03-21 01:00:00  NAS100 19,650.75 19,699.00 19,597.75 19,618.25   -32.00       -0.16    8265
2339  2025-03-21 02:00:00  NAS100 19,620.50 19,720.00 19,615.00 19,681.00    62.75        0.32   12020
2340  2025-03-21 03:00:00  NAS100 19,682.00 19,712.25 19,678.00 19,690.50     9.50        0.05    2671
2341  2025-03-21 20:00:00  NAS100 19,483.75 19,491.00 19,408.00 19,451.25  -239.25       -1.22    1754
2342  2025-03-22 03:00:00  NAS100 19,970.75 19,970.80 19,970.75 19,970.75   519.50        2.67  589029
2343  2025-03-24 20:00:00  NAS100 20,272.75 20,338.50 20,229.25 20,316.00   345.25        1.73   74518
2344  2025-03-24 21:00:00  NAS100 20,315.50 20,359.25 20,275.00 20,349.25    33.25        0.16   74212
2345  2025-03-24 22:00:00  NAS100 20,349.25 20,370.25 20,328.25 20,354.50     5.25        0.03   46953
2346  2025-03-24 23:00:00  NAS100 20,354.75 20,380.75 20,319.00 20,341.75   -12.75       -0.06   50064
2347  2025-03-25 00:00:00  NAS100 20,342.50 20,350.25 20,309.00 20,342.50     0.75        0.00   37005
2348  2025-03-25 01:00:00  NAS100 20,342.75 20,373.50 20,308.25 20,366.00    23.50        0.12   49802
2349  2025-03-25 02:00:00  NAS100 20,366.25 20,409.50 20,359.75 20,365.75    -0.25       -0.00   69956
2350  2025-03-25 03:00:00  NAS100 20,365.75 20,379.25 20,356.25 20,357.25    -8.50       -0.04   18871
2351  2025-03-25 20:00:00  NAS100 20,407.00 20,434.75 20,361.75 20,410.75    53.50        0.26   64951
2352  2025-03-25 21:00:00  NAS100 20,414.50 20,491.00 20,371.00 20,477.00    66.25        0.32   71490
2353  2025-03-25 22:00:00  NAS100 20,476.00 20,495.25 20,432.25 20,442.50   -34.50       -0.17   44461
2354  2025-03-25 23:00:00  NAS100 20,443.25 20,461.25 20,417.50 20,450.00     7.50        0.04   44140
2355  2025-03-26 00:00:00  NAS100 20,450.25 20,480.00 20,402.00 20,414.25   -35.75       -0.17   41406
2356  2025-03-26 01:00:00  NAS100 20,414.25 20,457.25 20,402.75 20,427.75    13.50        0.07   40913
2357  2025-03-26 02:00:00  NAS100 20,427.50 20,492.75 20,425.00 20,488.00    60.25        0.29   57019
2358  2025-03-26 03:00:00  NAS100 20,487.75 20,524.75 20,486.75 20,517.25    29.25        0.14   15277
2359  2025-03-26 20:00:00  NAS100 20,480.00 20,486.50 20,306.00 20,315.75  -201.50       -0.98   80424
2360  2025-03-26 21:00:00  NAS100 20,316.50 20,356.25 20,227.00 20,295.50   -20.25       -0.10  101561
2361  2025-03-26 22:00:00  NAS100 20,295.75 20,320.50 20,170.25 20,192.50  -103.00       -0.51   70742
2362  2025-03-26 23:00:00  NAS100 20,193.00 20,218.00 20,124.75 20,132.25   -60.25       -0.30   64110
2363  2025-03-27 00:00:00  NAS100 20,132.50 20,157.75 20,076.50 20,083.75   -48.50       -0.24   66005
2364  2025-03-27 01:00:00  NAS100 20,083.25 20,146.25 20,050.00 20,057.25   -26.50       -0.13   58042
2365  2025-03-27 02:00:00  NAS100 20,056.25 20,135.00 20,045.00 20,112.50    55.25        0.28   84370
2366  2025-03-27 03:00:00  NAS100 20,112.25 20,120.50 20,081.50 20,090.50   -22.00       -0.11   17199
2367  2025-03-27 20:00:00  NAS100 20,065.50 20,091.00 19,937.25 20,077.25   -13.25       -0.07   99730
2368  2025-03-27 21:00:00  NAS100 20,076.50 20,199.50 20,028.00 20,189.25   112.00        0.56   93078
2369  2025-03-27 22:00:00  NAS100 20,189.75 20,193.75 20,040.50 20,048.00  -141.25       -0.70   65381
2370  2025-03-27 23:00:00  NAS100 20,048.25 20,155.75 20,006.00 20,008.50   -39.50       -0.20   62176
2371  2025-03-28 00:00:00  NAS100 20,008.50 20,070.75 20,001.00 20,015.00     6.50        0.03   47283
2372  2025-03-28 01:00:00  NAS100 20,014.75 20,109.25 20,011.00 20,045.25    30.25        0.15   50386
2373  2025-03-28 02:00:00  NAS100 20,045.00 20,129.75 19,975.00 19,994.75   -50.50       -0.25   75434
2374  2025-03-28 03:00:00  NAS100 19,995.00 20,019.00 19,988.00 19,997.25     2.50        0.01   15156
2375  2025-03-28 20:00:00  NAS100 19,864.75 19,966.00 19,840.00 19,856.00  -141.25       -0.71   87252
2376  2025-03-28 21:00:00  NAS100 19,856.75 19,879.00 19,575.75 19,605.50  -250.50       -1.26  131724
2377  2025-03-28 22:00:00  NAS100 19,605.25 19,632.00 19,542.00 19,542.25   -63.25       -0.32   84308
2378  2025-03-28 23:00:00  NAS100 19,542.75 19,582.50 19,485.25 19,493.00   -49.25       -0.25   64720
2379  2025-03-29 00:00:00  NAS100 19,492.50 19,500.00 19,439.00 19,482.75   -10.25       -0.05   59930
2380  2025-03-29 01:00:00  NAS100 19,482.75 19,518.50 19,444.25 19,481.50    -1.25       -0.01   48607
2381  2025-03-29 02:00:00  NAS100 19,481.50 19,504.25 19,421.50 19,461.75   -19.75       -0.10   83802
2382  2025-03-29 03:00:00  NAS100 19,461.50 19,462.75 19,367.00 19,371.25   -90.50       -0.47   27476
2383  2025-03-31 20:00:00  NAS100 19,220.00 19,236.75 18,977.00 19,089.25  -282.00       -1.46  110900
2384  2025-03-31 21:00:00  NAS100 19,090.00 19,168.00 19,056.00 19,139.50    50.25        0.26  110549
2385  2025-03-31 22:00:00  NAS100 19,139.50 19,263.75 19,113.75 19,221.50    82.00        0.43   88889
2386  2025-03-31 23:00:00  NAS100 19,220.75 19,286.25 19,174.25 19,217.25    -4.25       -0.02   62575
2387  2025-04-01 00:00:00  NAS100 19,217.75 19,307.50 19,207.50 19,222.75     5.50        0.03   59216
2388  2025-04-01 01:00:00  NAS100 19,222.50 19,416.00 19,218.25 19,348.50   125.75        0.65   83210
2389  2025-04-01 02:00:00  NAS100 19,348.25 19,489.75 19,346.00 19,449.75   101.25        0.52  121315
2390  2025-04-01 03:00:00  NAS100 19,450.00 19,454.25 19,392.25 19,413.00   -36.75       -0.19   20027
2391  2025-04-01 20:00:00  NAS100 19,383.50 19,462.25 19,338.25 19,398.75   -14.25       -0.07   94666
2392  2025-04-01 21:00:00  NAS100 19,410.50 19,519.50 19,261.25 19,516.00   117.25        0.60  135004
2393  2025-04-01 22:00:00  NAS100 19,516.00 19,606.00 19,503.00 19,592.00    76.00        0.39   93790
2394  2025-04-01 23:00:00  NAS100 19,592.75 19,644.00 19,496.50 19,564.25   -27.75       -0.14   86435
2395  2025-04-02 00:00:00  NAS100 19,564.00 19,582.50 19,500.75 19,505.50   -58.75       -0.30   56976
2396  2025-04-02 01:00:00  NAS100 19,505.75 19,514.25 19,385.00 19,448.00   -57.50       -0.29   74970
2397  2025-04-02 02:00:00  NAS100 19,448.25 19,626.25 19,437.50 19,603.25   155.25        0.80   88865
2398  2025-04-02 03:00:00  NAS100 19,603.50 19,629.00 19,574.75 19,598.00    -5.25       -0.03   19484
2399  2025-04-02 20:00:00  NAS100 19,386.50 19,580.50 19,316.50 19,532.25   -65.75       -0.34   96903
2400  2025-04-02 21:00:00  NAS100 19,530.75 19,639.75 19,491.25 19,632.50   100.25        0.51  108081
2401  2025-04-02 22:00:00  NAS100 19,632.50 19,714.00 19,578.50 19,668.50    36.00        0.18   88831
2402  2025-04-02 23:00:00  NAS100 19,668.75 19,829.00 19,658.50 19,813.25   144.75        0.74   74731
2403  2025-04-03 00:00:00  NAS100 19,815.50 19,890.25 19,718.75 19,744.50   -68.75       -0.35   84168
2404  2025-04-03 01:00:00  NAS100 19,744.75 19,762.25 19,604.75 19,607.25  -137.25       -0.70   80567
2405  2025-04-03 02:00:00  NAS100 19,608.00 19,796.00 19,608.00 19,746.50   139.25        0.71   81149
2406  2025-04-03 03:00:00  NAS100 19,746.25 20,044.25 19,076.75 19,152.25  -594.25       -3.01   98298
2407  2025-04-03 20:00:00  NAS100 18,850.00 19,074.00 18,830.25 18,989.25  -163.00       -0.85  111020
2408  2025-04-03 21:00:00  NAS100 18,984.50 19,002.25 18,762.25 18,766.25  -223.00       -1.17  127240
2409  2025-04-03 22:00:00  NAS100 18,766.00 18,934.50 18,720.00 18,885.00   118.75        0.63  105007
2410  2025-04-03 23:00:00  NAS100 18,885.00 18,987.75 18,858.75 18,875.00   -10.00       -0.05   73051
2411  2025-04-04 00:00:00  NAS100 18,875.75 18,918.50 18,812.00 18,814.00   -61.00       -0.32   51265
2412  2025-04-04 01:00:00  NAS100 18,814.25 18,862.00 18,754.75 18,850.25    36.25        0.19   61596
2413  2025-04-04 02:00:00  NAS100 18,850.50 18,862.75 18,664.75 18,686.00  -164.25       -0.87  107584
2414  2025-04-04 03:00:00  NAS100 18,685.75 18,708.75 18,614.00 18,648.50   -37.50       -0.20   28924
2415  2025-04-04 20:00:00  NAS100 18,208.75 18,273.00 18,005.75 18,195.50  -453.00       -2.43  125253
2416  2025-04-04 21:00:00  NAS100 18,195.00 18,200.25 17,656.00 17,855.75  -339.75       -1.87  150808
2417  2025-04-04 22:00:00  NAS100 17,855.00 18,147.75 17,823.00 17,881.00    25.25        0.14  144139
2418  2025-04-04 23:00:00  NAS100 17,881.00 17,978.25 17,710.00 17,751.75  -129.25       -0.72   97577
2419  2025-04-05 00:00:00  NAS100 17,752.75 17,867.25 17,619.75 17,866.25   114.50        0.65   93724
2420  2025-04-05 01:00:00  NAS100 17,867.25 17,913.00 17,548.50 17,623.50  -242.75       -1.36  101808
2421  2025-04-05 02:00:00  NAS100 17,625.25 17,870.25 17,528.50 17,535.25   -88.25       -0.50  160137
2422  2025-04-05 03:00:00  NAS100 17,535.00 17,570.00 17,387.50 17,493.00   -42.25       -0.24   52855
2423  2025-04-07 20:00:00  NAS100 17,168.00 17,296.25 16,673.50 17,274.50  -218.50       -1.25  146830
2424  2025-04-07 21:00:00  NAS100 17,273.00 18,361.50 17,163.00 17,658.50   384.00        2.22  248378
2425  2025-04-07 22:00:00  NAS100 17,657.75 17,799.00 17,150.00 17,389.25  -269.25       -1.52  109858
2426  2025-04-07 23:00:00  NAS100 17,388.25 17,496.75 17,212.75 17,255.25  -134.00       -0.77   49173
2427  2025-04-08 00:00:00  NAS100 17,253.25 17,792.00 17,248.00 17,783.50   528.25        3.06   64756
2428  2025-04-08 01:00:00  NAS100 17,784.75 17,824.00 17,498.00 17,531.25  -252.25       -1.42   53865
2429  2025-04-08 02:00:00  NAS100 17,532.50 17,660.75 17,405.00 17,561.50    30.25        0.17   77840
2430  2025-04-08 03:00:00  NAS100 17,561.00 17,757.50 17,542.25 17,628.75    67.25        0.38   26933
2431  2025-04-08 20:00:00  NAS100 17,982.00 18,265.25 17,964.50 18,248.50   619.75        3.52  104012
2432  2025-04-08 21:00:00  NAS100 18,247.75 18,356.75 18,117.25 18,119.25  -129.25       -0.71  111876
2433  2025-04-08 22:00:00  NAS100 18,120.25 18,182.25 17,952.50 18,054.00   -65.25       -0.36   98441
2434  2025-04-08 23:00:00  NAS100 18,053.75 18,073.25 17,655.50 17,662.75  -391.25       -2.17  109187
2435  2025-04-09 00:00:00  NAS100 17,661.00 17,761.25 17,488.25 17,669.25     6.50        0.04  116611
2436  2025-04-09 01:00:00  NAS100 17,670.50 17,703.50 17,438.50 17,439.50  -229.75       -1.30   76249
2437  2025-04-09 02:00:00  NAS100 17,441.00 17,462.00 16,973.50 17,237.00  -202.50       -1.16  130159
2438  2025-04-09 03:00:00  NAS100 17,239.50 17,331.00 17,139.50 17,232.00    -5.00       -0.03   31895
2439  2025-04-09 20:00:00  NAS100 17,128.25 17,554.00 17,121.25 17,446.50   214.50        1.24   94914
2440  2025-04-09 21:00:00  NAS100 17,446.75 17,597.25 17,219.00 17,225.00  -221.50       -1.27  103497
2441  2025-04-09 22:00:00  NAS100 17,224.50 17,462.00 17,206.00 17,322.50    97.50        0.57   75102
2442  2025-04-09 23:00:00  NAS100 17,320.25 17,579.75 17,281.50 17,530.25   207.75        1.20   52377
2443  2025-04-10 00:00:00  NAS100 17,532.25 18,897.75 17,422.50 18,878.25 1,348.00        7.69  166231
2444  2025-04-10 01:00:00  NAS100 18,877.75 19,112.25 18,743.50 18,776.25  -102.00       -0.54  119012
2445  2025-04-10 02:00:00  NAS100 18,776.75 19,386.75 18,719.25 19,271.50   495.25        2.64  132001
2446  2025-04-10 03:00:00  NAS100 19,270.50 19,365.50 19,229.25 19,353.50    82.00        0.43   43093
2447  2025-04-10 20:00:00  NAS100 18,822.50 18,902.25 18,658.00 18,661.75  -691.75       -3.57   86651
2448  2025-04-10 21:00:00  NAS100 18,661.25 18,800.75 18,568.50 18,585.00   -76.75       -0.41  107609
2449  2025-04-10 22:00:00  NAS100 18,586.50 18,677.75 18,257.50 18,277.25  -307.75       -1.66   88888
2450  2025-04-10 23:00:00  NAS100 18,278.25 18,335.00 17,919.00 18,313.00    35.75        0.20  135373
2451  2025-04-11 00:00:00  NAS100 18,309.00 18,515.75 18,030.25 18,458.75   145.75        0.80  100792
2452  2025-04-11 01:00:00  NAS100 18,460.25 18,674.75 18,300.75 18,538.25    79.50        0.43   95814
2453  2025-04-11 02:00:00  NAS100 18,537.25 18,657.75 18,241.25 18,482.00   -56.25       -0.30  118522
2454  2025-04-11 03:00:00  NAS100 18,483.25 18,573.75 18,437.00 18,501.50    19.50        0.11   24611
2455  2025-04-11 20:00:00  NAS100 18,491.25 18,647.50 18,352.00 18,570.00    68.50        0.37   72422
2456  2025-04-11 21:00:00  NAS100 18,562.00 18,623.00 18,270.00 18,413.00  -157.00       -0.85  101293
2457  2025-04-11 22:00:00  NAS100 18,412.00 18,576.00 18,323.00 18,568.50   155.50        0.84   62741
2458  2025-04-11 23:00:00  NAS100 18,568.75 18,790.00 18,532.00 18,736.25   167.75        0.90   54995
2459  2025-04-12 00:00:00  NAS100 18,737.25 18,873.50 18,594.75 18,822.50    86.25        0.46   64504
2460  2025-04-12 01:00:00  NAS100 18,821.50 18,838.25 18,713.25 18,739.50   -83.00       -0.44   49029
2461  2025-04-12 02:00:00  NAS100 18,742.25 18,867.50 18,735.00 18,810.00    70.50        0.38   64131
2462  2025-04-12 03:00:00  NAS100 18,810.25 18,838.25 18,783.00 18,820.50    10.50        0.06   15210
2463  2025-04-14 20:00:00  NAS100 19,185.50 19,256.00 18,988.25 19,046.00   225.50        1.20   76057
2464  2025-04-14 21:00:00  NAS100 19,046.75 19,193.00 19,030.00 19,128.25    82.25        0.43   68119
2465  2025-04-14 22:00:00  NAS100 19,128.25 19,151.00 18,803.50 18,828.75  -299.50       -1.57   71341
2466  2025-04-14 23:00:00  NAS100 18,829.50 18,898.00 18,737.50 18,784.50   -44.25       -0.24   63162
2467  2025-04-15 00:00:00  NAS100 18,784.75 18,951.75 18,772.00 18,941.00   156.50        0.83   48058
2468  2025-04-15 01:00:00  NAS100 18,940.75 19,044.25 18,936.00 19,014.00    73.00        0.39   38924
2469  2025-04-15 02:00:00  NAS100 19,015.00 19,095.00 18,921.25 18,940.25   -73.75       -0.39   59542
2470  2025-04-15 03:00:00  NAS100 18,940.75 18,961.50 18,792.25 18,902.50   -37.75       -0.20   20357
2471  2025-04-15 20:00:00  NAS100 18,936.25 19,117.50 18,936.25 19,067.75   165.25        0.87   60400
2472  2025-04-15 21:00:00  NAS100 19,068.25 19,144.50 18,924.50 19,019.50   -48.25       -0.25   99310
2473  2025-04-15 22:00:00  NAS100 19,019.00 19,088.75 18,983.00 19,049.25    29.75        0.16   60389
2474  2025-04-15 23:00:00  NAS100 19,050.00 19,090.50 18,943.50 18,964.00   -85.25       -0.45   42055
2475  2025-04-16 00:00:00  NAS100 18,964.50 19,009.50 18,908.00 18,952.00   -12.00       -0.06   50178
2476  2025-04-16 01:00:00  NAS100 18,951.25 18,994.25 18,884.25 18,975.00    23.00        0.12   47500
2477  2025-04-16 02:00:00  NAS100 18,975.50 19,000.75 18,922.50 18,960.50   -14.50       -0.08   50811
2478  2025-04-16 03:00:00  NAS100 18,959.50 18,979.00 18,930.25 18,938.00   -22.50       -0.12    9851
2479  2025-04-16 20:00:00  NAS100 18,636.50 18,679.50 18,523.25 18,524.00  -414.00       -2.19   72917
2480  2025-04-16 21:00:00  NAS100 18,522.75 18,669.50 18,509.25 18,628.00   104.00        0.56   67656
2481  2025-04-16 22:00:00  NAS100 18,628.00 18,735.00 18,576.25 18,587.75   -40.25       -0.22   63131
2482  2025-04-16 23:00:00  NAS100 18,588.50 18,616.50 18,548.00 18,560.00   -27.75       -0.15   50085
2483  2025-04-17 00:00:00  NAS100 18,561.00 18,595.75 18,288.00 18,293.00  -267.00       -1.44   73113
2484  2025-04-17 01:00:00  NAS100 18,292.50 18,387.75 18,209.50 18,213.50   -79.50       -0.43   77374
2485  2025-04-17 02:00:00  NAS100 18,213.25 18,400.00 18,116.25 18,388.25   174.75        0.96  104742
2486  2025-04-17 03:00:00  NAS100 18,387.50 18,441.00 18,338.50 18,369.25   -19.00       -0.10   26954
2487  2025-04-17 20:00:00  NAS100 18,529.75 18,546.75 18,376.25 18,467.75    98.50        0.54   78252
2488  2025-04-17 21:00:00  NAS100 18,466.25 18,488.00 18,261.50 18,304.00  -163.75       -0.89   87604
2489  2025-04-17 22:00:00  NAS100 18,304.00 18,443.75 18,291.00 18,339.50    35.50        0.19   73680
2490  2025-04-17 23:00:00  NAS100 18,340.25 18,478.75 18,317.00 18,454.00   114.50        0.62   77548
2491  2025-04-18 00:00:00  NAS100 18,454.00 18,487.50 18,366.75 18,453.00    -1.00       -0.01   50291
2492  2025-04-18 01:00:00  NAS100 18,453.75 18,526.00 18,418.00 18,420.00   -33.00       -0.18   51895
2493  2025-04-18 02:00:00  NAS100 18,419.75 18,431.25 18,330.00 18,373.25   -46.75       -0.25   63424
2494  2025-04-18 03:00:00  NAS100 18,373.75 18,455.75 18,364.25 18,427.75    54.50        0.30   14652
2495  2025-04-21 20:00:00  NAS100 18,121.25 18,165.00 17,994.00 17,994.50  -433.25       -2.35   56538
2496  2025-04-21 21:00:00  NAS100 17,994.50 17,998.25 17,899.75 17,931.25   -63.25       -0.35   63836
2497  2025-04-21 22:00:00  NAS100 17,931.75 17,949.50 17,786.50 17,796.75  -134.50       -0.75   53562
2498  2025-04-21 23:00:00  NAS100 17,796.00 17,875.00 17,788.25 17,794.75    -2.00       -0.01   39486
2499  2025-04-22 00:00:00  NAS100 17,794.50 17,812.75 17,703.00 17,712.25   -82.50       -0.46   41930
2500  2025-04-22 01:00:00  NAS100 17,712.75 17,781.25 17,700.00 17,709.00    -3.25       -0.02   40228
2501  2025-04-22 02:00:00  NAS100 17,708.00 17,952.00 17,705.25 17,923.00   214.00        1.21   74872
2502  2025-04-22 03:00:00  NAS100 17,923.00 17,929.75 17,889.75 17,914.00    -9.00       -0.05   16810
2503  2025-04-22 20:00:00  NAS100 18,138.00 18,255.00 18,100.50 18,253.00   339.00        1.89   65405
2504  2025-04-22 21:00:00  NAS100 18,253.75 18,354.75 18,241.00 18,340.50    87.50        0.48   78477
2505  2025-04-22 22:00:00  NAS100 18,340.75 18,396.25 18,287.25 18,378.50    38.00        0.21   58483
2506  2025-04-22 23:00:00  NAS100 18,378.75 18,513.75 18,378.75 18,450.50    72.00        0.39   68695
2507  2025-04-23 00:00:00  NAS100 18,449.75 18,493.00 18,211.25 18,223.25  -227.25       -1.23   93425
2508  2025-04-23 01:00:00  NAS100 18,223.50 18,399.75 18,218.00 18,382.75   159.50        0.88   47007
2509  2025-04-23 02:00:00  NAS100 18,383.00 18,406.25 18,240.50 18,379.50    -3.25       -0.02   73914
2510  2025-04-23 03:00:00  NAS100 18,380.00 18,437.25 18,345.00 18,359.00   -20.50       -0.11   16675
2511  2025-04-23 20:00:00  NAS100 18,966.75 19,122.25 18,889.00 19,072.00   713.00        3.88  103735
2512  2025-04-23 21:00:00  NAS100 19,074.25 19,165.50 18,974.00 19,061.75   -10.25       -0.05   99215
2513  2025-04-23 22:00:00  NAS100 19,062.25 19,104.75 18,797.25 18,876.75  -185.00       -0.97   98188
2514  2025-04-23 23:00:00  NAS100 18,876.50 18,933.75 18,747.00 18,916.75    40.00        0.21   69084
2515  2025-04-24 00:00:00  NAS100 18,915.75 18,966.25 18,832.00 18,925.75     9.00        0.05   52282
2516  2025-04-24 01:00:00  NAS100 18,927.50 18,959.00 18,846.75 18,869.50   -56.25       -0.30   48533
2517  2025-04-24 02:00:00  NAS100 18,869.25 18,894.25 18,729.75 18,788.00   -81.50       -0.43   81811
2518  2025-04-24 03:00:00  NAS100 18,788.75 18,927.00 18,771.00 18,850.00    62.00        0.33   26910
2519  2025-04-24 20:00:00  NAS100 18,853.00 19,060.50 18,824.00 19,051.75   201.75        1.07   63860
2520  2025-04-24 21:00:00  NAS100 19,052.50 19,180.00 19,044.75 19,141.25    89.50        0.47   86799
2521  2025-04-24 22:00:00  NAS100 19,141.00 19,215.00 19,120.75 19,162.25    21.00        0.11   64023
2522  2025-04-24 23:00:00  NAS100 19,163.00 19,278.00 19,140.25 19,262.50   100.25        0.52   59721
2523  2025-04-25 00:00:00  NAS100 19,262.00 19,273.50 19,203.50 19,265.00     2.50        0.01   44983
2524  2025-04-25 01:00:00  NAS100 19,265.75 19,325.00 19,258.50 19,293.25    28.25        0.15   42734
2525  2025-04-25 02:00:00  NAS100 19,292.00 19,338.00 19,221.00 19,319.00    25.75        0.13   69360
2526  2025-04-25 03:00:00  NAS100 19,319.25 19,418.00 19,312.75 19,347.50    28.50        0.15   25332
2527  2025-04-25 20:00:00  NAS100 19,245.00 19,363.75 19,216.25 19,263.75   -83.75       -0.43   66053
2528  2025-04-25 21:00:00  NAS100 19,257.00 19,405.75 19,233.75 19,338.25    74.50        0.39   88886
2529  2025-04-25 22:00:00  NAS100 19,338.00 19,393.00 19,309.25 19,362.75    24.50        0.13   50233
2530  2025-04-25 23:00:00  NAS100 19,363.00 19,469.00 19,349.75 19,466.50   103.75        0.54   43029
2531  2025-04-26 00:00:00  NAS100 19,467.00 19,554.25 19,374.25 19,428.25   -38.25       -0.20   74671
2532  2025-04-26 01:00:00  NAS100 19,428.75 19,528.50 19,414.25 19,500.50    72.25        0.37   49322
2533  2025-04-26 02:00:00  NAS100 19,500.50 19,546.75 19,447.25 19,531.00    30.50        0.16   57399
2534  2025-04-26 03:00:00  NAS100 19,530.50 19,589.00 19,526.00 19,554.75    23.75        0.12   15410
2535  2025-04-28 20:00:00  NAS100 19,540.00 19,623.00 19,454.00 19,465.25   -89.50       -0.46   69916
2536  2025-04-28 21:00:00  NAS100 19,464.50 19,539.25 19,433.25 19,471.75     6.50        0.03   72581
2537  2025-04-28 22:00:00  NAS100 19,471.50 19,496.00 19,311.75 19,347.75  -124.00       -0.64   70643
2538  2025-04-28 23:00:00  NAS100 19,347.00 19,356.25 19,267.50 19,318.00   -29.75       -0.15   52644
2539  2025-04-29 00:00:00  NAS100 19,317.00 19,378.75 19,257.25 19,371.25    53.25        0.28   45116
2540  2025-04-29 01:00:00  NAS100 19,372.00 19,438.75 19,356.75 19,428.50    57.25        0.30   38625
2541  2025-04-29 02:00:00  NAS100 19,429.00 19,578.75 19,423.50 19,524.50    96.00        0.49   59950
2542  2025-04-29 03:00:00  NAS100 19,524.75 19,526.50 19,475.25 19,483.75   -40.75       -0.21   13432
2543  2025-04-29 20:00:00  NAS100 19,450.50 19,546.00 19,378.00 19,506.25    22.50        0.12   74125
2544  2025-04-29 21:00:00  NAS100 19,506.00 19,609.00 19,466.25 19,597.00    90.75        0.47   87100
2545  2025-04-29 22:00:00  NAS100 19,598.00 19,615.25 19,500.00 19,539.00   -58.00       -0.30   58557
2546  2025-04-29 23:00:00  NAS100 19,538.50 19,606.00 19,471.00 19,494.25   -44.75       -0.23   57303
2547  2025-04-30 00:00:00  NAS100 19,494.00 19,667.50 19,483.00 19,656.00   161.75        0.83   55581
2548  2025-04-30 01:00:00  NAS100 19,656.50 19,688.50 19,638.75 19,646.25    -9.75       -0.05   47467
2549  2025-04-30 02:00:00  NAS100 19,646.50 19,683.25 19,615.00 19,645.00    -1.25       -0.01   61184
2550  2025-04-30 03:00:00  NAS100 19,645.25 19,668.50 19,567.25 19,614.25   -30.75       -0.16   16773
2551  2025-04-30 20:00:00  NAS100 19,285.50 19,307.50 19,106.00 19,121.25  -493.00       -2.51   97121
2552  2025-04-30 21:00:00  NAS100 19,120.25 19,356.75 19,103.75 19,333.00   211.75        1.11  103366
2553  2025-04-30 22:00:00  NAS100 19,332.75 19,455.00 19,327.50 19,443.25   110.25        0.57   74266
2554  2025-04-30 23:00:00  NAS100 19,442.75 19,473.50 19,356.75 19,438.25    -5.00       -0.03   58687
2555  2025-05-01 00:00:00  NAS100 19,438.25 19,509.00 19,337.00 19,478.25    40.00        0.21   54488
2556  2025-05-01 01:00:00  NAS100 19,478.50 19,582.00 19,447.50 19,474.25    -4.00       -0.02   68518
2557  2025-05-01 02:00:00  NAS100 19,474.75 19,715.75 19,467.25 19,642.50   168.25        0.86   89921
2558  2025-05-01 03:00:00  NAS100 19,643.00 19,880.00 19,591.25 19,848.50   206.00        1.05   43567
2559  2025-05-01 20:00:00  NAS100 19,954.00 19,996.25 19,860.00 19,860.00    11.50        0.06   76478
2560  2025-05-01 21:00:00  NAS100 19,877.00 20,073.50 19,866.00 20,072.75   212.75        1.07   81460
2561  2025-05-01 22:00:00  NAS100 20,073.25 20,125.75 19,933.00 19,962.00  -110.75       -0.55   72522
2562  2025-05-01 23:00:00  NAS100 19,963.00 19,999.50 19,910.00 19,942.75   -19.25       -0.10   57576
2563  2025-05-02 00:00:00  NAS100 19,942.25 20,029.00 19,939.00 19,982.00    39.25        0.20   43273
2564  2025-05-02 01:00:00  NAS100 19,982.00 20,049.25 19,976.50 20,009.00    27.00        0.14   38420
2565  2025-05-02 02:00:00  NAS100 20,009.00 20,022.50 19,857.75 19,878.00  -131.00       -0.65   67979
2566  2025-05-02 03:00:00  NAS100 19,878.25 19,923.00 19,757.25 19,799.00   -79.00       -0.40   30804
2567  2025-05-02 20:00:00  NAS100 20,095.75 20,141.25 20,020.00 20,073.00   274.00        1.38   72341
2568  2025-05-02 21:00:00  NAS100 20,073.25 20,180.50 20,062.00 20,166.00    93.00        0.46   67007
2569  2025-05-02 22:00:00  NAS100 20,166.00 20,207.00 20,127.25 20,197.25    31.25        0.15   47246
2570  2025-05-02 23:00:00  NAS100 20,197.00 20,266.00 20,192.00 20,241.75    44.50        0.22   51293
2571  2025-05-03 00:00:00  NAS100 20,242.00 20,254.50 20,196.25 20,226.00   -15.75       -0.08   36755
2572  2025-05-03 01:00:00  NAS100 20,225.75 20,276.75 20,198.75 20,221.25    -4.75       -0.02   32956
2573  2025-05-03 02:00:00  NAS100 20,220.75 20,235.50 20,152.25 20,185.50   -35.75       -0.18   64478
2574  2025-05-03 03:00:00  NAS100 20,186.00 20,225.00 20,177.50 20,204.50    19.00        0.09   14117
2575  2025-05-05 20:00:00  NAS100 20,004.25 20,070.75 19,985.25 20,051.25  -153.25       -0.76   48934
2576  2025-05-05 21:00:00  NAS100 20,059.25 20,115.25 20,009.00 20,105.00    53.75        0.27   67204
2577  2025-05-05 22:00:00  NAS100 20,103.75 20,124.00 20,065.50 20,102.00    -3.00       -0.01   40850
2578  2025-05-05 23:00:00  NAS100 20,102.25 20,146.75 20,094.50 20,134.25    32.25        0.16   27860
2579  2025-05-06 00:00:00  NAS100 20,134.00 20,156.25 20,106.25 20,143.75     9.50        0.05   26138
2580  2025-05-06 01:00:00  NAS100 20,144.00 20,191.50 20,138.25 20,151.50     7.75        0.04   29922
2581  2025-05-06 02:00:00  NAS100 20,152.00 20,155.00 20,044.75 20,065.50   -86.00       -0.43   51027
2582  2025-05-06 03:00:00  NAS100 20,065.75 20,070.50 20,002.25 20,042.25   -23.25       -0.12   18453
2583  2025-05-06 20:00:00  NAS100 19,840.50 19,864.00 19,747.00 19,757.75  -284.50       -1.42   66974
2584  2025-05-06 21:00:00  NAS100 19,757.50 19,937.75 19,739.25 19,905.00   147.25        0.75   73800
2585  2025-05-06 22:00:00  NAS100 19,903.75 19,952.50 19,885.25 19,897.00    -8.00       -0.04   46672
2586  2025-05-06 23:00:00  NAS100 19,895.75 20,026.25 19,860.25 19,864.25   -32.75       -0.16   67197
2587  2025-05-07 00:00:00  NAS100 19,864.75 19,920.00 19,837.50 19,846.75   -17.50       -0.09   40503
2588  2025-05-07 01:00:00  NAS100 19,847.00 19,955.00 19,845.50 19,954.25   107.50        0.54   39102
2589  2025-05-07 02:00:00  NAS100 19,953.75 19,972.50 19,870.75 19,875.50   -78.75       -0.39   52133
2590  2025-05-07 03:00:00  NAS100 19,876.00 19,905.50 19,809.00 19,846.75   -28.75       -0.14   20811
2591  2025-05-07 20:00:00  NAS100 19,932.25 19,944.75 19,857.50 19,937.50    90.75        0.46   60533
2592  2025-05-07 21:00:00  NAS100 19,936.75 19,977.25 19,829.25 19,842.50   -95.00       -0.48   61098
2593  2025-05-07 22:00:00  NAS100 19,843.00 19,857.25 19,787.00 19,850.00     7.50        0.04   65791
2594  2025-05-07 23:00:00  NAS100 19,848.00 19,904.25 19,806.00 19,898.75    48.75        0.25   38610
2595  2025-05-08 00:00:00  NAS100 19,898.50 19,925.75 19,802.50 19,818.75   -80.00       -0.40   35694
2596  2025-05-08 01:00:00  NAS100 19,817.50 19,902.75 19,678.75 19,886.25    67.50        0.34   87731
2597  2025-05-08 02:00:00  NAS100 19,886.75 20,053.50 19,764.00 19,949.50    63.25        0.32  102347
2598  2025-05-08 03:00:00  NAS100 19,949.25 19,998.25 19,915.50 19,957.50     8.00        0.04   20021
2599  2025-05-08 20:00:00  NAS100 20,175.25 20,183.75 20,061.00 20,089.25   131.75        0.66   56928
2600  2025-05-08 21:00:00  NAS100 20,090.50 20,124.25 19,979.00 20,017.25   -72.00       -0.36   71690
2601  2025-05-08 22:00:00  NAS100 20,016.25 20,316.50 19,993.25 20,273.00   255.75        1.28  101809
2602  2025-05-08 23:00:00  NAS100 20,273.00 20,337.25 20,268.75 20,331.75    58.75        0.29   45335
2603  2025-05-09 00:00:00  NAS100 20,331.00 20,335.75 20,246.75 20,250.75   -81.00       -0.40   36717
2604  2025-05-09 01:00:00  NAS100 20,250.00 20,317.75 20,234.25 20,283.75    33.00        0.16   36910
2605  2025-05-09 02:00:00  NAS100 20,283.75 20,331.25 20,141.25 20,152.50  -131.25       -0.65   72040
2606  2025-05-09 03:00:00  NAS100 20,153.00 20,179.50 20,143.50 20,156.25     3.75        0.02   16586
2607  2025-05-09 20:00:00  NAS100 20,232.75 20,279.75 20,205.00 20,254.25    98.00        0.49   49527
2608  2025-05-09 21:00:00  NAS100 20,254.00 20,275.00 20,058.00 20,142.00  -112.25       -0.55   81203
2609  2025-05-09 22:00:00  NAS100 20,143.00 20,176.25 20,103.00 20,169.75    27.75        0.14   52128
2610  2025-05-09 23:00:00  NAS100 20,170.25 20,174.75 20,072.00 20,087.75   -82.00       -0.41   41888
2611  2025-05-10 00:00:00  NAS100 20,088.25 20,161.00 20,061.50 20,156.00    68.25        0.34   37366
2612  2025-05-10 01:00:00  NAS100 20,155.25 20,160.25 20,110.00 20,141.50   -14.50       -0.07   27319
2613  2025-05-10 02:00:00  NAS100 20,141.25 20,185.50 20,127.75 20,136.25    -5.25       -0.03   47481
2614  2025-05-10 03:00:00  NAS100 20,136.25 20,149.25 20,120.50 20,146.50    10.25        0.05   13069
2615  2025-05-12 20:00:00  NAS100 20,916.50 20,939.75 20,746.50 20,786.75   640.25        3.18   84320
2616  2025-05-12 21:00:00  NAS100 20,796.25 20,849.25 20,690.00 20,770.50   -16.25       -0.08   84900
2617  2025-05-12 22:00:00  NAS100 20,772.00 20,806.50 20,753.75 20,764.75    -5.75       -0.03   49344
2618  2025-05-12 23:00:00  NAS100 20,765.25 20,883.50 20,756.75 20,877.75   113.00        0.54   45810
2619  2025-05-13 00:00:00  NAS100 20,878.25 20,935.00 20,872.25 20,914.00    36.25        0.17   45643
2620  2025-05-13 01:00:00  NAS100 20,919.50 20,943.50 20,893.25 20,896.50   -17.50       -0.08   38479
2621  2025-05-13 02:00:00  NAS100 20,896.00 20,954.25 20,859.00 20,950.25    53.75        0.26   74074
2622  2025-05-13 03:00:00  NAS100 20,950.00 20,996.00 20,937.75 20,957.00     6.75        0.03   21718
2623  2025-05-13 20:00:00  NAS100 21,006.25 21,131.75 20,972.75 21,124.50   167.50        0.80   67123
2624  2025-05-13 21:00:00  NAS100 21,125.00 21,260.00 21,115.50 21,250.00   125.50        0.59   87967
2625  2025-05-13 22:00:00  NAS100 21,250.75 21,304.75 21,230.75 21,284.25    34.25        0.16   55103
2626  2025-05-13 23:00:00  NAS100 21,284.00 21,338.50 21,252.50 21,321.25    37.00        0.17   46991
2627  2025-05-14 00:00:00  NAS100 21,322.00 21,346.50 21,294.00 21,295.75   -25.50       -0.12   41637
2628  2025-05-14 01:00:00  NAS100 21,296.50 21,331.25 21,275.00 21,327.50    31.75        0.15   35078
2629  2025-05-14 02:00:00  NAS100 21,326.75 21,341.50 21,257.75 21,291.25   -36.25       -0.17   51266
2630  2025-05-14 03:00:00  NAS100 21,260.25 21,268.50 21,247.50 21,254.75   -36.50       -0.17   25822
2631  2025-05-14 20:00:00  NAS100 21,325.00 21,405.25 21,273.75 21,330.75    76.00        0.36   75785
2632  2025-05-14 21:00:00  NAS100 21,331.75 21,370.00 21,297.75 21,357.00    26.25        0.12   64892
2633  2025-05-14 22:00:00  NAS100 21,357.50 21,389.25 21,289.00 21,376.25    19.25        0.09   53499
2634  2025-05-14 23:00:00  NAS100 21,375.75 21,419.50 21,355.75 21,367.50    -8.75       -0.04   35942
2635  2025-05-15 00:00:00  NAS100 21,367.25 21,369.75 21,281.50 21,365.25    -2.25       -0.01   45688
2636  2025-05-15 01:00:00  NAS100 21,365.25 21,400.50 21,336.00 21,369.50     4.25        0.02   40673
2637  2025-05-15 02:00:00  NAS100 21,369.75 21,406.50 21,331.00 21,396.50    27.00        0.13   60119
2638  2025-05-15 03:00:00  NAS100 21,396.50 21,412.75 21,379.25 21,399.75     3.25        0.02   14354
2639  2025-05-15 20:00:00  NAS100 21,288.00 21,339.25 21,247.75 21,299.00  -100.75       -0.47   59512
2640  2025-05-15 21:00:00  NAS100 21,299.00 21,346.50 21,257.25 21,335.25    36.25        0.17   67477
2641  2025-05-15 22:00:00  NAS100 21,335.25 21,446.50 21,327.75 21,429.25    94.00        0.44   61600
2642  2025-05-15 23:00:00  NAS100 21,429.50 21,492.75 21,419.00 21,491.75    62.50        0.29   42347
2643  2025-05-16 00:00:00  NAS100 21,491.50 21,529.75 21,468.00 21,475.50   -16.25       -0.08   39849
2644  2025-05-16 01:00:00  NAS100 21,474.75 21,474.75 21,376.00 21,392.50   -83.00       -0.39   57613
2645  2025-05-16 02:00:00  NAS100 21,392.25 21,423.25 21,303.75 21,418.50    26.00        0.12   83549
2646  2025-05-16 03:00:00  NAS100 21,419.25 21,445.00 21,395.25 21,395.50   -23.00       -0.11   17149
2647  2025-05-16 20:00:00  NAS100 21,438.75 21,504.75 21,388.25 21,437.50    42.00        0.20   68015
2648  2025-05-16 21:00:00  NAS100 21,435.75 21,456.50 21,320.50 21,391.00   -46.50       -0.22   71178
2649  2025-05-16 22:00:00  NAS100 21,391.50 21,443.25 21,373.75 21,412.50    21.50        0.10   40922
2650  2025-05-16 23:00:00  NAS100 21,411.50 21,451.25 21,405.50 21,427.50    15.00        0.07   29443
2651  2025-05-17 00:00:00  NAS100 21,427.25 21,478.00 21,419.25 21,445.00    17.50        0.08   30581
2652  2025-05-17 01:00:00  NAS100 21,445.50 21,493.25 21,435.25 21,476.50    31.50        0.15   26953
2653  2025-05-17 02:00:00  NAS100 21,477.00 21,512.00 21,461.75 21,504.75    28.25        0.13   47811
2654  2025-05-17 03:00:00  NAS100 21,505.25 21,509.75 21,384.00 21,400.25  -104.50       -0.49   16901
2655  2025-05-19 20:00:00  NAS100 21,212.50 21,375.00 21,153.25 21,356.25   -44.00       -0.21   73015
2656  2025-05-19 21:00:00  NAS100 21,356.00 21,462.25 21,347.75 21,394.00    37.75        0.18   68523
2657  2025-05-19 22:00:00  NAS100 21,394.00 21,476.25 21,379.75 21,433.75    39.75        0.19   41938
2658  2025-05-19 23:00:00  NAS100 21,434.00 21,503.50 21,428.25 21,498.50    64.75        0.30   34777
2659  2025-05-20 00:00:00  NAS100 21,498.25 21,544.50 21,493.50 21,499.25     0.75        0.00   43212
2660  2025-05-20 01:00:00  NAS100 21,499.25 21,505.75 21,449.75 21,495.75    -3.50       -0.02   38110
2661  2025-05-20 02:00:00  NAS100 21,496.25 21,533.50 21,443.50 21,523.25    27.50        0.13   58982
2662  2025-05-20 03:00:00  NAS100 21,523.25 21,527.25 21,478.25 21,517.00    -6.25       -0.03   14536
2663  2025-05-20 20:00:00  NAS100 21,435.50 21,458.25 21,355.00 21,394.75  -122.25       -0.57   61314
2664  2025-05-20 21:00:00  NAS100 21,394.75 21,451.00 21,363.00 21,408.00    13.25        0.06   56540
2665  2025-05-20 22:00:00  NAS100 21,407.25 21,445.75 21,387.50 21,435.50    27.50        0.13   37547
2666  2025-05-20 23:00:00  NAS100 21,435.50 21,472.00 21,402.75 21,458.75    23.25        0.11   31466
2667  2025-05-21 00:00:00  NAS100 21,459.25 21,474.25 21,408.00 21,431.50   -27.25       -0.13   30641
2668  2025-05-21 01:00:00  NAS100 21,430.50 21,441.50 21,340.75 21,348.75   -82.75       -0.39   45946
2669  2025-05-21 02:00:00  NAS100 21,348.75 21,452.00 21,298.00 21,447.00    98.25        0.46   64739
2670  2025-05-21 03:00:00  NAS100 21,447.25 21,452.00 21,398.50 21,420.00   -27.00       -0.13   14329
2671  2025-05-21 20:00:00  NAS100 21,312.75 21,404.75 21,262.50 21,373.75   -46.25       -0.22   57617
2672  2025-05-21 21:00:00  NAS100 21,374.25 21,459.00 21,363.00 21,456.25    82.50        0.39   64560
2673  2025-05-21 22:00:00  NAS100 21,456.50 21,535.00 21,447.00 21,515.75    59.50        0.28   57284
2674  2025-05-21 23:00:00  NAS100 21,515.00 21,558.50 21,508.50 21,515.25    -0.50       -0.00   34769
2675  2025-05-22 00:00:00  NAS100 21,515.25 21,523.25 21,159.50 21,271.25  -244.00       -1.13  126208
2676  2025-05-22 01:00:00  NAS100 21,271.50 21,282.50 21,167.00 21,176.50   -94.75       -0.45   60812
2677  2025-05-22 02:00:00  NAS100 21,178.00 21,221.00 21,072.75 21,149.00   -27.50       -0.13   86139
2678  2025-05-22 03:00:00  NAS100 21,148.75 21,155.50 21,111.50 21,145.50    -3.50       -0.02   17865
2679  2025-05-22 20:00:00  NAS100 21,191.25 21,292.25 21,113.75 21,285.50   140.00        0.66   77298
2680  2025-05-22 21:00:00  NAS100 21,285.75 21,330.25 21,166.50 21,231.25   -54.25       -0.25   81592
2681  2025-05-22 22:00:00  NAS100 21,231.75 21,281.25 21,198.75 21,271.75    40.50        0.19   50400
2682  2025-05-22 23:00:00  NAS100 21,272.25 21,324.50 21,208.75 21,218.00   -53.75       -0.25   45214
2683  2025-05-23 00:00:00  NAS100 21,217.75 21,310.25 21,196.50 21,292.50    74.50        0.35   41136
2684  2025-05-23 01:00:00  NAS100 21,292.25 21,317.75 21,268.25 21,305.25    12.75        0.06   31150
2685  2025-05-23 02:00:00  NAS100 21,305.25 21,337.50 21,166.00 21,184.25  -121.00       -0.57   60147
2686  2025-05-23 03:00:00  NAS100 21,184.00 21,215.00 21,174.75 21,214.50    30.25        0.14   15779
2687  2025-05-23 20:00:00  NAS100 20,801.75 20,953.75 20,756.75 20,884.75  -329.75       -1.55   78650
2688  2025-05-23 21:00:00  NAS100 20,888.25 20,994.25 20,882.00 20,911.25    26.50        0.13   62290
2689  2025-05-23 22:00:00  NAS100 20,911.25 21,008.75 20,885.25 20,935.25    24.00        0.11   46516
2690  2025-05-23 23:00:00  NAS100 20,935.75 21,006.00 20,917.75 20,983.00    47.75        0.23   36643
2691  2025-05-24 00:00:00  NAS100 20,983.50 21,074.25 20,971.75 21,052.00    69.00        0.33   39575
2692  2025-05-24 01:00:00  NAS100 21,051.75 21,083.00 21,006.25 21,039.00   -13.00       -0.06   36163
2693  2025-05-24 02:00:00  NAS100 21,038.75 21,069.75 20,958.75 20,978.50   -60.50       -0.29   53528
2694  2025-05-24 03:00:00  NAS100 20,979.50 20,980.50 20,930.75 20,953.25   -25.25       -0.12   15392
2695  2025-05-26 20:00:00  NAS100 21,263.00 21,307.75 21,248.50 21,279.25   326.00        1.56    8263
2696  2025-05-26 21:00:00  NAS100 21,280.50 21,282.00 21,224.75 21,230.25   -49.00       -0.23    7393
2697  2025-05-26 22:00:00  NAS100 21,231.25 21,276.25 21,215.50 21,273.50    43.25        0.20    6196
2698  2025-05-26 23:00:00  NAS100 21,274.00 21,294.00 21,268.00 21,283.50    10.00        0.05    4795
2699  2025-05-27 20:00:00  NAS100 21,276.75 21,315.25 21,192.75 21,293.75    10.25        0.05   59486
2700  2025-05-27 21:00:00  NAS100 21,292.50 21,389.50 21,292.25 21,355.25    61.50        0.29   61271
2701  2025-05-27 22:00:00  NAS100 21,355.50 21,406.50 21,353.00 21,399.50    44.25        0.21   39160
2702  2025-05-27 23:00:00  NAS100 21,400.00 21,459.25 21,395.50 21,430.25    30.75        0.14   39142
2703  2025-05-28 00:00:00  NAS100 21,430.50 21,480.25 21,430.00 21,476.75    46.50        0.22   31738
2704  2025-05-28 01:00:00  NAS100 21,476.50 21,488.50 21,440.75 21,442.75   -34.00       -0.16   32453
2705  2025-05-28 02:00:00  NAS100 21,442.50 21,469.50 21,414.25 21,466.50    23.75        0.11   61255
2706  2025-05-28 03:00:00  NAS100 21,465.50 21,479.50 21,443.50 21,477.00    10.50        0.05   17524
2707  2025-05-28 20:00:00  NAS100 21,507.00 21,567.50 21,451.50 21,472.25    -4.75       -0.02   63195
2708  2025-05-28 21:00:00  NAS100 21,477.50 21,486.50 21,426.00 21,432.50   -39.75       -0.19   55121
2709  2025-05-28 22:00:00  NAS100 21,432.00 21,477.50 21,428.50 21,437.00     4.50        0.02   39964
2710  2025-05-28 23:00:00  NAS100 21,437.25 21,481.00 21,436.50 21,465.25    28.25        0.13   27560
2711  2025-05-29 00:00:00  NAS100 21,465.50 21,490.50 21,456.25 21,470.50     5.25        0.02   25199
2712  2025-05-29 01:00:00  NAS100 21,469.75 21,502.25 21,401.50 21,469.00    -1.50       -0.01   35532
2713  2025-05-29 02:00:00  NAS100 21,468.25 21,514.25 21,349.00 21,372.50   -96.50       -0.45   65929
2714  2025-05-29 03:00:00  NAS100 21,372.00 21,528.75 21,321.25 21,379.75     7.25        0.03   31220
2715  2025-05-29 20:00:00  NAS100 21,645.50 21,692.75 21,485.25 21,518.75   139.00        0.65   72999
2716  2025-05-29 21:00:00  NAS100 21,517.50 21,533.25 21,380.50 21,516.00    -2.75       -0.01   76188
2717  2025-05-29 22:00:00  NAS100 21,515.00 21,519.50 21,325.50 21,348.75  -167.25       -0.78   55818
2718  2025-05-29 23:00:00  NAS100 21,348.00 21,471.50 21,301.00 21,456.25   107.50        0.50   47971
2719  2025-05-30 00:00:00  NAS100 21,455.25 21,485.00 21,368.00 21,372.25   -84.00       -0.39   37592
2720  2025-05-30 01:00:00  NAS100 21,373.00 21,405.00 21,317.25 21,362.75    -9.50       -0.04   39479
2721  2025-05-30 02:00:00  NAS100 21,363.00 21,447.25 21,338.50 21,411.75    49.00        0.23   54225
2722  2025-05-30 03:00:00  NAS100 21,411.50 21,427.50 21,367.50 21,385.00   -26.75       -0.12   14941
2723  2025-05-30 20:00:00  NAS100 21,338.00 21,390.50 21,234.75 21,257.50  -127.50       -0.60   59966
2724  2025-05-30 21:00:00  NAS100 21,257.25 21,399.50 21,254.00 21,354.50    97.00        0.46   61106
2725  2025-05-30 22:00:00  NAS100 21,356.50 21,378.75 21,288.25 21,323.50   -31.00       -0.15   49716
2726  2025-05-30 23:00:00  NAS100 21,323.75 21,337.00 21,071.50 21,109.00  -214.50       -1.01   79837
2727  2025-05-31 00:00:00  NAS100 21,109.25 21,214.75 21,089.00 21,176.00    67.00        0.32   48107
2728  2025-05-31 01:00:00  NAS100 21,176.50 21,307.25 21,174.75 21,300.75   124.75        0.59   44856
2729  2025-05-31 02:00:00  NAS100 21,300.50 21,433.50 21,295.75 21,369.25    68.50        0.32   78383
2730  2025-05-31 03:00:00  NAS100 21,369.75 21,406.00 21,330.00 21,369.00    -0.25       -0.00   21790
2731  2025-06-02 20:00:00  NAS100 21,285.00 21,458.00 21,257.75 21,317.25   -51.75       -0.24   66237
2732  2025-06-02 21:00:00  NAS100 21,311.00 21,418.75 21,235.00 21,397.25    80.00        0.38   72715
2733  2025-06-02 22:00:00  NAS100 21,396.75 21,444.75 21,355.25 21,434.25    37.00        0.17   45806
2734  2025-06-02 23:00:00  NAS100 21,434.00 21,454.50 21,401.25 21,445.50    11.25        0.05   29424
2735  2025-06-03 00:00:00  NAS100 21,445.75 21,474.25 21,425.25 21,445.50     0.00        0.00   28590
2736  2025-06-03 01:00:00  NAS100 21,445.50 21,525.75 21,426.75 21,517.75    72.25        0.34   37263
2737  2025-06-03 02:00:00  NAS100 21,517.75 21,543.75 21,495.25 21,534.00    16.25        0.08   43390
2738  2025-06-03 03:00:00  NAS100 21,534.25 21,576.25 21,527.75 21,554.50    20.50        0.10   17281
2739  2025-06-03 20:00:00  NAS100 21,535.00 21,606.00 21,509.75 21,594.75    40.25        0.19   53829
2740  2025-06-03 21:00:00  NAS100 21,594.75 21,664.00 21,557.50 21,661.00    66.25        0.31   62230
2741  2025-06-03 22:00:00  NAS100 21,661.00 21,688.25 21,652.50 21,684.50    23.50        0.11   44496
2742  2025-06-03 23:00:00  NAS100 21,684.50 21,747.75 21,675.25 21,737.75    53.25        0.25   35421
2743  2025-06-04 00:00:00  NAS100 21,738.25 21,759.75 21,715.75 21,717.75   -20.00       -0.09   31566
2744  2025-06-04 01:00:00  NAS100 21,718.25 21,721.75 21,635.75 21,710.75    -7.00       -0.03   45951
2745  2025-06-04 02:00:00  NAS100 21,710.75 21,725.75 21,673.50 21,704.25    -6.50       -0.03   50570
2746  2025-06-04 03:00:00  NAS100 21,704.25 21,706.25 21,666.25 21,688.00   -16.25       -0.07   15338
2747  2025-06-04 20:00:00  NAS100 21,709.50 21,790.50 21,699.50 21,754.00    66.00        0.30   51589
2748  2025-06-04 21:00:00  NAS100 21,746.00 21,764.25 21,641.00 21,761.00     7.00        0.03   73463
2749  2025-06-04 22:00:00  NAS100 21,761.25 21,784.50 21,731.75 21,754.25    -6.75       -0.03   43105
2750  2025-06-04 23:00:00  NAS100 21,753.75 21,758.00 21,707.25 21,754.25     0.00        0.00   35025
2751  2025-06-05 00:00:00  NAS100 21,754.25 21,787.00 21,752.75 21,786.00    31.75        0.15   26771
2752  2025-06-05 01:00:00  NAS100 21,785.75 21,803.00 21,771.75 21,782.75    -3.25       -0.01   30587
2753  2025-06-05 02:00:00  NAS100 21,783.00 21,798.25 21,748.25 21,757.50   -25.25       -0.12   43425
2754  2025-06-05 03:00:00  NAS100 21,757.50 21,764.75 21,740.25 21,748.00    -9.50       -0.04   14541
2755  2025-06-05 20:00:00  NAS100 21,802.50 21,840.50 21,691.50 21,723.50   -24.50       -0.11   71360
2756  2025-06-05 21:00:00  NAS100 21,724.75 21,878.75 21,704.00 21,858.25   134.75        0.62   88677
2757  2025-06-05 22:00:00  NAS100 21,858.25 21,935.00 21,844.50 21,920.00    61.75        0.28   50002
2758  2025-06-05 23:00:00  NAS100 21,920.25 21,923.00 21,670.25 21,687.25  -232.75       -1.06   73911
2759  2025-06-06 00:00:00  NAS100 21,687.00 21,789.75 21,659.50 21,729.00    41.75        0.19   44275
2760  2025-06-06 01:00:00  NAS100 21,730.00 21,740.00 21,606.50 21,686.75   -42.25       -0.19   58996
2761  2025-06-06 02:00:00  NAS100 21,686.50 21,698.00 21,503.50 21,587.00   -99.75       -0.46   90318
2762  2025-06-06 03:00:00  NAS100 21,587.25 21,619.25 21,510.75 21,515.00   -72.00       -0.33   18338
2763  2025-06-06 20:00:00  NAS100 21,761.00 21,864.25 21,746.75 21,840.25   325.25        1.51   69480
2764  2025-06-06 21:00:00  NAS100 21,840.25 21,852.25 21,762.75 21,820.00   -20.25       -0.09   60117
2765  2025-06-06 22:00:00  NAS100 21,819.75 21,870.00 21,736.50 21,806.00   -14.00       -0.06   60079
2766  2025-06-06 23:00:00  NAS100 21,806.50 21,834.50 21,722.00 21,755.25   -50.75       -0.23   37321
2767  2025-06-07 00:00:00  NAS100 21,755.25 21,826.75 21,737.00 21,821.50    66.25        0.30   31827
2768  2025-06-07 01:00:00  NAS100 21,822.25 21,873.50 21,821.50 21,835.00    13.50        0.06   42398
2769  2025-06-07 02:00:00  NAS100 21,834.50 21,847.50 21,784.75 21,789.00   -46.00       -0.21   49424
2770  2025-06-07 03:00:00  NAS100 21,789.50 21,819.00 21,780.25 21,809.50    20.50        0.09   13507
2771  2025-06-09 20:00:00  NAS100 21,797.50 21,817.75 21,750.75 21,787.00   -22.50       -0.10   49638
2772  2025-06-09 21:00:00  NAS100 21,787.00 21,880.50 21,787.00 21,842.50    55.50        0.25   55719
2773  2025-06-09 22:00:00  NAS100 21,842.50 21,867.25 21,816.50 21,838.50    -4.00       -0.02   34311
2774  2025-06-09 23:00:00  NAS100 21,839.25 21,885.00 21,815.50 21,870.25    31.75        0.15   28725
2775  2025-06-10 00:00:00  NAS100 21,870.25 21,881.75 21,834.25 21,867.25    -3.00       -0.01   30127
2776  2025-06-10 01:00:00  NAS100 21,867.50 21,879.25 21,845.25 21,869.25     2.00        0.01   23641
2777  2025-06-10 02:00:00  NAS100 21,869.75 21,875.25 21,814.00 21,818.50   -50.75       -0.23   49317
2778  2025-06-10 03:00:00  NAS100 21,818.25 21,825.00 21,797.00 21,822.25     3.75        0.02       0
2779  2025-06-10 20:00:00  NAS100 21,854.75 21,893.25 21,818.00 21,857.00    34.75        0.16   50568
2780  2025-06-10 21:00:00  NAS100 21,857.25 21,890.75 21,847.50 21,865.25     8.25        0.04   38355
2781  2025-06-10 22:00:00  NAS100 21,873.25 21,878.50 21,743.25 21,874.50     9.25        0.04   59829
2782  2025-06-10 23:00:00  NAS100 21,874.25 21,918.00 21,871.75 21,909.75    35.25        0.16   34025
2783  2025-06-11 00:00:00  NAS100 21,905.50 21,931.00 21,867.00 21,873.00   -36.75       -0.17   31805
2784  2025-06-11 01:00:00  NAS100 21,873.50 21,967.25 21,820.75 21,948.50    75.50        0.35   49136
2785  2025-06-11 02:00:00  NAS100 21,949.00 21,992.25 21,910.75 21,964.75    16.25        0.07   62350
2786  2025-06-11 03:00:00  NAS100 21,965.00 21,969.25 21,936.00 21,951.00   -13.75       -0.06   14715
2787  2025-06-11 20:00:00  NAS100 22,029.75 22,041.00 21,915.75 21,980.75    29.75        0.14   65720
2788  2025-06-11 21:00:00  NAS100 21,981.00 22,062.00 21,973.75 22,059.25    78.50        0.36   54270
2789  2025-06-11 22:00:00  NAS100 22,058.75 22,066.25 21,986.25 21,993.50   -65.75       -0.30   55242
2790  2025-06-11 23:00:00  NAS100 21,994.25 22,006.75 21,908.00 21,977.50   -16.00       -0.07   49808
2791  2025-06-12 00:00:00  NAS100 21,978.25 22,018.50 21,910.75 21,916.50   -61.00       -0.28   39023
2792  2025-06-12 01:00:00  NAS100 21,917.25 21,931.00 21,790.75 21,861.00   -55.50       -0.25   86916
2793  2025-06-12 02:00:00  NAS100 21,862.25 21,892.50 21,824.25 21,887.50    26.50        0.12   58781
2794  2025-06-12 03:00:00  NAS100 21,887.50 21,910.75 21,870.25 21,883.25    -4.25       -0.02   12245
2795  2025-06-12 20:00:00  NAS100 21,836.25 21,892.50 21,818.50 21,858.00   -25.25       -0.12   45398
2796  2025-06-12 21:00:00  NAS100 21,857.25 21,948.25 21,840.50 21,934.75    76.75        0.35   53289
2797  2025-06-12 22:00:00  NAS100 21,934.50 21,977.25 21,881.00 21,922.50   -12.25       -0.06   52642
2798  2025-06-12 23:00:00  NAS100 21,922.25 21,969.75 21,901.50 21,923.50     1.00        0.00   46016
2799  2025-06-13 00:00:00  NAS100 21,924.25 21,967.50 21,917.00 21,937.00    13.50        0.06   30913
2800  2025-06-13 01:00:00  NAS100 21,937.75 21,950.00 21,903.75 21,937.25     0.25        0.00   31128
2801  2025-06-13 02:00:00  NAS100 21,937.00 21,953.00 21,893.50 21,936.75    -0.50       -0.00   40736
2802  2025-06-13 03:00:00  NAS100 21,938.50 21,947.75 21,906.25 21,909.00   -27.75       -0.13   13541
2803  2025-06-13 20:00:00  NAS100 21,659.00 21,794.50 21,626.00 21,729.00  -180.00       -0.82   60368
2804  2025-06-13 21:00:00  NAS100 21,727.00 21,751.75 21,617.00 21,743.50    14.50        0.07   75402
2805  2025-06-13 22:00:00  NAS100 21,743.75 21,843.00 21,735.50 21,833.75    90.25        0.42   53126
2806  2025-06-13 23:00:00  NAS100 21,833.25 21,853.75 21,798.75 21,827.50    -6.25       -0.03   37815
2807  2025-06-14 00:00:00  NAS100 21,827.25 21,834.75 21,749.75 21,787.75   -39.75       -0.18   42728
2808  2025-06-14 01:00:00  NAS100 21,788.25 21,805.25 21,601.50 21,668.25  -119.50       -0.55   66063
2809  2025-06-14 02:00:00  NAS100 21,668.00 21,693.00 21,600.25 21,652.25   -16.00       -0.07   66672
2810  2025-06-14 03:00:00  NAS100 21,661.75 21,679.00 21,643.25 21,652.00    -0.25       -0.00   15859
2811  2025-06-16 20:00:00  NAS100 21,816.00 21,931.50 21,790.00 21,928.25   276.25        1.28   51800
2812  2025-06-16 21:00:00  NAS100 21,928.00 21,981.25 21,921.75 21,958.25    30.00        0.14   54464
2813  2025-06-16 22:00:00  NAS100 21,958.75 21,999.25 21,930.50 21,945.75   -12.50       -0.06   42003
2814  2025-06-16 23:00:00  NAS100 21,946.25 21,969.75 21,918.00 21,938.75    -7.00       -0.03   28356
2815  2025-06-17 00:00:00  NAS100 21,944.00 21,983.00 21,923.50 21,938.25    -0.50       -0.00   25806
2816  2025-06-17 01:00:00  NAS100 21,938.75 21,956.50 21,910.75 21,940.75     2.50        0.01   23830
2817  2025-06-17 02:00:00  NAS100 21,940.00 21,957.00 21,914.25 21,948.50     7.75        0.04   35462
2818  2025-06-17 03:00:00  NAS100 21,949.00 21,964.50 21,929.75 21,936.00   -12.50       -0.06    8762
2819  2025-06-17 20:00:00  NAS100 21,827.00 21,885.50 21,802.25 21,867.75   -68.25       -0.31   25611
2820  2025-06-17 21:00:00  NAS100 21,871.50 21,907.50 21,845.00 21,850.25   -17.50       -0.08   20132
2821  2025-06-17 22:00:00  NAS100 21,849.25 21,910.00 21,847.75 21,872.00    21.75        0.10   13406
2822  2025-06-17 23:00:00  NAS100 21,874.75 21,905.75 21,801.25 21,812.00   -60.00       -0.27   13024
2823  2025-06-18 00:00:00  NAS100 21,809.50 21,832.50 21,718.50 21,738.00   -74.00       -0.34   13541
2824  2025-06-18 01:00:00  NAS100 21,736.50 21,753.50 21,685.00 21,751.50    13.50        0.06   11859
2825  2025-06-18 02:00:00  NAS100 21,752.25 21,779.50 21,720.50 21,730.25   -21.25       -0.10   12449
2826  2025-06-18 03:00:00  NAS100 21,730.25 21,758.00 21,704.25 21,722.50    -7.75       -0.04    5320
2827  2025-06-18 20:00:00  NAS100 21,763.25 21,801.25 21,704.50 21,778.75    56.25        0.26   13370
2828  2025-06-18 21:00:00  NAS100 21,761.75 21,871.25 21,761.75 21,854.00    75.25        0.35   14992
2829  2025-06-18 22:00:00  NAS100 21,846.50 21,854.25 21,810.00 21,815.00   -39.00       -0.18    6840
2830  2025-06-18 23:00:00  NAS100 21,813.75 21,840.75 21,797.75 21,804.50   -10.50       -0.05    5949
2831  2025-06-19 00:00:00  NAS100 21,801.75 21,815.25 21,716.25 21,808.75     4.25        0.02    6013
2832  2025-06-19 01:00:00  NAS100 21,836.25 21,846.25 21,667.75 21,692.75  -116.00       -0.53   16179
2833  2025-06-19 02:00:00  NAS100 21,692.50 21,787.75 21,660.00 21,718.75    26.00        0.12   18664
2834  2025-06-19 03:00:00  NAS100 21,737.50 21,752.50 21,723.25 21,732.00    13.25        0.06    5492
2835  2025-06-19 20:00:00  NAS100 21,553.00 21,571.00 21,443.75 21,469.50  -262.50       -1.21    1811
2836  2025-06-19 21:00:00  NAS100 21,467.25 21,516.25 21,457.00 21,509.25    39.75        0.19    2486
2837  2025-06-19 22:00:00  NAS100 21,509.50 21,522.50 21,459.25 21,463.75   -45.50       -0.21    3049
2838  2025-06-19 23:00:00  NAS100 21,461.75 21,524.75 21,461.75 21,484.75    21.00        0.10       0
2839  2025-06-20 20:00:00  NAS100 21,806.50 21,888.00 21,803.50 21,865.25   380.50        1.77       0
2840  2025-06-23 20:00:00  NAS100 21,883.50 21,928.50 21,758.50 21,925.25    60.00        0.27   62631
2841  2025-06-23 21:00:00  NAS100 21,925.75 22,016.00 21,925.75 21,952.75    27.50        0.13   67287
2842  2025-06-23 22:00:00  NAS100 21,988.50 22,004.00 21,922.25 21,938.50   -14.25       -0.06   43280
2843  2025-06-23 23:00:00  NAS100 21,938.50 21,945.25 21,738.25 21,840.75   -97.75       -0.45   89997
2844  2025-06-24 00:00:00  NAS100 21,841.25 22,088.00 21,821.75 22,052.00   211.25        0.97   78428
2845  2025-06-24 01:00:00  NAS100 22,052.00 22,085.50 22,021.25 22,036.00   -16.00       -0.07   34293
2846  2025-06-24 02:00:00  NAS100 22,036.00 22,093.00 22,024.00 22,073.00    37.00        0.17   49801
2847  2025-06-24 03:00:00  NAS100 22,073.00 22,086.00 22,052.75 22,072.25    -0.75       -0.00   14864
2848  2025-06-24 20:00:00  NAS100 22,286.25 22,333.25 22,260.00 22,291.25   219.00        0.99   55970
2849  2025-06-24 21:00:00  NAS100 22,292.00 22,340.25 22,282.00 22,314.75    23.50        0.11   57040
2850  2025-06-24 22:00:00  NAS100 22,345.25 22,388.00 22,335.75 22,362.25    47.50        0.21   47020
2851  2025-06-24 23:00:00  NAS100 22,362.50 22,417.75 22,357.25 22,400.00    37.75        0.17   36662
2852  2025-06-25 00:00:00  NAS100 22,400.00 22,426.00 22,379.75 22,417.50    17.50        0.08   31169
2853  2025-06-25 01:00:00  NAS100 22,417.50 22,432.00 22,408.00 22,426.00     8.50        0.04   24667
2854  2025-06-25 02:00:00  NAS100 22,425.50 22,448.25 22,405.25 22,405.75   -20.25       -0.09   53036
2855  2025-06-25 03:00:00  NAS100 22,406.00 22,419.00 22,395.25 22,407.75     2.00        0.01   14321
2856  2025-06-25 20:00:00  NAS100 22,508.00 22,548.25 22,485.75 22,522.25   114.50        0.51   60629
2857  2025-06-25 21:00:00  NAS100 22,523.00 22,530.00 22,463.75 22,497.00   -25.25       -0.11   61290
2858  2025-06-25 22:00:00  NAS100 22,491.25 22,492.25 22,429.00 22,444.00   -53.00       -0.24   47107
2859  2025-06-25 23:00:00  NAS100 22,444.00 22,458.00 22,410.00 22,442.75    -1.25       -0.01   33620
2860  2025-06-26 00:00:00  NAS100 22,442.75 22,462.75 22,388.75 22,412.25   -30.50       -0.14   40072
2861  2025-06-26 01:00:00  NAS100 22,413.00 22,434.75 22,402.00 22,420.00     7.75        0.03   23393
2862  2025-06-26 02:00:00  NAS100 22,420.50 22,465.75 22,418.75 22,462.75    42.75        0.19   47522
2863  2025-06-26 03:00:00  NAS100 22,463.00 22,484.75 22,451.00 22,472.50     9.75        0.04   14788
2864  2025-06-26 20:00:00  NAS100 22,555.00 22,566.50 22,476.00 22,520.00    47.50        0.21   59891
2865  2025-06-26 21:00:00  NAS100 22,564.00 22,597.00 22,537.25 22,571.25    51.25        0.23   58586
2866  2025-06-26 22:00:00  NAS100 22,570.00 22,618.75 22,550.00 22,610.00    38.75        0.17   51493
2867  2025-06-26 23:00:00  NAS100 22,610.00 22,632.75 22,596.75 22,607.25    -2.75       -0.01   30743
2868  2025-06-27 00:00:00  NAS100 22,607.25 22,652.00 22,597.50 22,640.00    32.75        0.14   29967
2869  2025-06-27 01:00:00  NAS100 22,640.25 22,687.00 22,634.25 22,667.00    27.00        0.12   36241
2870  2025-06-27 02:00:00  NAS100 22,667.25 22,694.00 22,652.50 22,672.75     5.75        0.03   51775
2871  2025-06-27 03:00:00  NAS100 22,673.00 22,677.25 22,641.00 22,672.50    -0.25       -0.00   16163
2872  2025-06-27 20:00:00  NAS100 22,731.00 22,770.00 22,685.25 22,764.00    91.50        0.40   49646
2873  2025-06-27 21:00:00  NAS100 22,764.50 22,825.50 22,748.50 22,759.00    -5.00       -0.02   69688
2874  2025-06-27 22:00:00  NAS100 22,760.50 22,820.00 22,745.00 22,809.25    50.25        0.22   43125
2875  2025-06-27 23:00:00  NAS100 22,809.25 22,810.00 22,770.25 22,795.00   -14.25       -0.06   34719
2876  2025-06-28 00:00:00  NAS100 22,794.75 22,798.25 22,696.00 22,736.00   -59.00       -0.26   51287
2877  2025-06-28 01:00:00  NAS100 22,736.25 22,742.50 22,600.00 22,609.75  -126.25       -0.56   65013
2878  2025-06-28 02:00:00  NAS100 22,611.00 22,759.75 22,605.25 22,751.75   142.00        0.63   69934
2879  2025-06-28 03:00:00  NAS100 22,751.75 22,752.50 22,727.25 22,740.25   -11.50       -0.05   18565
2880  2025-06-30 20:00:00  NAS100 22,868.00 22,889.50 22,794.25 22,826.75    86.50        0.38   55790
2881  2025-06-30 21:00:00  NAS100 22,837.00 22,853.75 22,807.50 22,821.50    -5.25       -0.02   52923
2882  2025-06-30 22:00:00  NAS100 22,821.75 22,858.50 22,801.50 22,843.25    21.75        0.10   39303
2883  2025-06-30 23:00:00  NAS100 22,843.50 22,867.50 22,832.25 22,842.25    -1.00       -0.00   30321
2884  2025-07-01 00:00:00  NAS100 22,842.25 22,849.50 22,786.25 22,821.00   -21.25       -0.09   33421
2885  2025-07-01 01:00:00  NAS100 22,821.00 22,853.25 22,781.00 22,849.50    28.50        0.12   40474
2886  2025-07-01 02:00:00  NAS100 22,849.25 22,934.75 22,848.25 22,885.25    35.75        0.16   79084
2887  2025-07-01 03:00:00  NAS100 22,885.00 22,897.50 22,852.50 22,866.75   -18.50       -0.08   17020
2888  2025-07-01 20:00:00  NAS100 22,794.00 22,834.00 22,780.00 22,815.00   -51.75       -0.23   48289
2889  2025-07-01 21:00:00  NAS100 22,809.75 22,848.25 22,674.50 22,688.00  -127.00       -0.56   85881
2890  2025-07-01 22:00:00  NAS100 22,687.25 22,718.00 22,594.50 22,659.25   -28.75       -0.13   82554
2891  2025-07-01 23:00:00  NAS100 22,659.75 22,736.75 22,631.75 22,700.75    41.50        0.18   50905
2892  2025-07-02 00:00:00  NAS100 22,701.50 22,762.25 22,701.25 22,742.50    41.75        0.18   35942
2893  2025-07-02 01:00:00  NAS100 22,742.50 22,753.50 22,701.00 22,702.75   -39.75       -0.17   29608
2894  2025-07-02 02:00:00  NAS100 22,702.50 22,745.25 22,647.25 22,692.25   -10.50       -0.05   68254
2895  2025-07-02 03:00:00  NAS100 22,692.25 22,698.00 22,671.25 22,691.75    -0.50       -0.00   12546
2896  2025-07-02 20:00:00  NAS100 22,616.25 22,728.25 22,599.25 22,707.00    15.25        0.07   52984
2897  2025-07-02 21:00:00  NAS100 22,706.50 22,831.50 22,702.75 22,811.50   104.50        0.46   74164
2898  2025-07-02 22:00:00  NAS100 22,811.75 22,847.50 22,798.25 22,822.00    10.50        0.05   43621
2899  2025-07-02 23:00:00  NAS100 22,822.00 22,845.00 22,809.50 22,840.25    18.25        0.08   32934
2900  2025-07-03 00:00:00  NAS100 22,840.75 22,848.25 22,808.50 22,825.25   -15.00       -0.07   30514
2901  2025-07-03 01:00:00  NAS100 22,823.75 22,838.25 22,818.00 22,828.25     3.00        0.01   25841
2902  2025-07-03 02:00:00  NAS100 22,829.00 22,854.00 22,813.25 22,844.50    16.25        0.07   48000
2903  2025-07-03 03:00:00  NAS100 22,844.75 22,858.75 22,827.75 22,852.75     8.25        0.04   13967
2904  2025-07-03 20:30:00  NAS100 22,893.25 23,004.50 22,891.25 22,997.50   144.75        0.63   57749
2905  2025-07-03 21:30:00  NAS100 23,027.75 23,067.75 23,023.25 23,051.50    54.00        0.23   54288
2906  2025-07-03 22:30:00  NAS100 23,050.00 23,102.50 23,048.50 23,081.75    30.25        0.13   38287
2907  2025-07-03 23:30:00  NAS100 23,086.50 23,094.50 23,027.50 23,057.50   -24.25       -0.11   42703
2908  2025-07-04 20:00:00  NAS100 22,921.50 22,935.00 22,888.00 22,923.50  -134.00       -0.58    7750
2909  2025-07-04 21:00:00  NAS100 22,923.75 22,945.50 22,908.50 22,936.75    13.25        0.06    5993
2910  2025-07-04 22:00:00  NAS100 22,936.25 22,943.00 22,910.75 22,934.25    -2.50       -0.01    4677
2911  2025-07-04 23:00:00  NAS100 22,933.75 22,936.25 22,896.00 22,906.75   -27.50       -0.12    3956
2912  2025-07-07 20:00:00  NAS100 22,951.50 22,977.50 22,900.50 22,945.50    38.75        0.17   53247
2913  2025-07-07 21:00:00  NAS100 22,944.50 22,962.75 22,882.50 22,895.50   -50.00       -0.22   56102
2914  2025-07-07 22:00:00  NAS100 22,894.75 22,937.50 22,892.50 22,929.00    33.50        0.15   41718
2915  2025-07-07 23:00:00  NAS100 22,928.50 22,962.50 22,833.75 22,870.50   -58.50       -0.26   73108
2916  2025-07-08 00:00:00  NAS100 22,870.00 22,930.00 22,846.00 22,871.00     0.50        0.00   45284
2917  2025-07-08 01:00:00  NAS100 22,876.00 22,881.25 22,779.75 22,877.50     6.50        0.03   51755
2918  2025-07-08 02:00:00  NAS100 22,877.25 22,891.25 22,840.75 22,883.25     5.75        0.03   51317
2919  2025-07-08 03:00:00  NAS100 22,883.75 22,887.00 22,822.00 22,839.00   -44.25       -0.19   13140
2920  2025-07-08 20:00:00  NAS100 22,939.75 22,956.25 22,881.00 22,881.50    42.50        0.19   48800
2921  2025-07-08 21:00:00  NAS100 22,882.00 22,942.75 22,841.00 22,866.75   -14.75       -0.06   80194
2922  2025-07-08 22:00:00  NAS100 22,885.50 22,915.00 22,853.75 22,906.00    39.25        0.17   48257
2923  2025-07-08 23:00:00  NAS100 22,906.50 22,962.75 22,888.00 22,916.50    10.50        0.05   52770
2924  2025-07-09 00:00:00  NAS100 22,916.75 22,939.00 22,875.75 22,934.00    17.50        0.08   38445
2925  2025-07-09 01:00:00  NAS100 22,934.00 22,942.75 22,890.25 22,899.00   -35.00       -0.15   31069
2926  2025-07-09 02:00:00  NAS100 22,899.00 22,903.75 22,870.25 22,898.00    -1.00       -0.00   35610
2927  2025-07-09 03:00:00  NAS100 22,891.25 22,908.50 22,890.75 22,903.25     5.25        0.02   18280
2928  2025-07-09 20:00:00  NAS100 22,935.25 23,097.00 22,931.00 23,081.00   177.75        0.78   62449
2929  2025-07-09 21:00:00  NAS100 23,105.25 23,112.00 22,928.00 22,947.50  -133.50       -0.58  102160
2930  2025-07-09 22:00:00  NAS100 22,945.25 22,990.00 22,920.00 22,948.25     0.75        0.00   58017
2931  2025-07-09 23:00:00  NAS100 22,948.25 23,008.50 22,937.00 22,983.00    34.75        0.15   34072
2932  2025-07-10 00:00:00  NAS100 22,982.75 23,000.50 22,960.00 22,983.50     0.50        0.00   40747
2933  2025-07-10 01:00:00  NAS100 22,983.25 23,039.75 22,981.75 23,032.25    48.75        0.21   36034
2934  2025-07-10 02:00:00  NAS100 23,032.50 23,057.00 23,022.75 23,051.00    18.75        0.08   44184
2935  2025-07-10 03:00:00  NAS100 23,051.25 23,060.50 23,031.00 23,043.50    -7.50       -0.03   13467
2936  2025-07-10 20:00:00  NAS100 23,049.00 23,078.75 22,938.25 22,960.75   -82.75       -0.36   59611
2937  2025-07-10 21:00:00  NAS100 22,960.75 22,986.75 22,901.25 22,963.25     2.50        0.01   76528
2938  2025-07-10 22:00:00  NAS100 22,963.25 23,024.25 22,940.00 23,020.00    56.75        0.25   44377
2939  2025-07-10 23:00:00  NAS100 23,018.25 23,022.75 22,963.25 22,992.00   -28.00       -0.12   37332
2940  2025-07-11 00:00:00  NAS100 22,992.00 23,041.75 22,988.25 23,037.00    45.00        0.20   31479
2941  2025-07-11 01:00:00  NAS100 23,037.25 23,050.00 23,024.00 23,037.50     0.50        0.00   26321
2942  2025-07-11 02:00:00  NAS100 23,037.25 23,044.50 22,990.75 23,015.00   -22.50       -0.10   40223
2943  2025-07-11 03:00:00  NAS100 23,015.25 23,025.00 22,997.25 23,010.00    -5.00       -0.02   10953
2944  2025-07-11 20:00:00  NAS100 22,904.25 22,967.25 22,863.00 22,963.75   -46.25       -0.20   59500
2945  2025-07-11 21:00:00  NAS100 22,963.75 23,009.00 22,942.00 22,970.00     6.25        0.03   62412
2946  2025-07-11 22:00:00  NAS100 22,970.00 23,005.00 22,908.75 22,976.75     6.75        0.03   57617
2947  2025-07-11 23:00:00  NAS100 22,976.75 23,008.25 22,958.75 23,003.75    27.00        0.12   40864
2948  2025-07-12 00:00:00  NAS100 23,003.25 23,021.50 22,960.00 22,998.50    -5.25       -0.02   35281
2949  2025-07-12 01:00:00  NAS100 22,997.75 23,018.50 22,969.50 22,976.50   -22.00       -0.10   31579
2950  2025-07-12 02:00:00  NAS100 22,976.75 22,997.25 22,924.00 22,955.50   -21.00       -0.09   57878
2951  2025-07-12 03:00:00  NAS100 22,955.25 22,959.00 22,930.25 22,959.00     3.50        0.02   13664
2952  2025-07-14 20:00:00  NAS100 22,898.00 22,979.25 22,842.25 22,911.75   -47.25       -0.21   73536
2953  2025-07-14 21:00:00  NAS100 22,912.00 22,992.50 22,905.50 22,991.50    79.75        0.35   63642
2954  2025-07-14 22:00:00  NAS100 22,991.25 23,022.50 22,984.75 23,009.00    17.50        0.08   48754
2955  2025-07-14 23:00:00  NAS100 23,008.75 23,040.75 22,999.50 23,034.00    25.00        0.11   30075
2956  2025-07-15 00:00:00  NAS100 23,034.25 23,066.50 23,033.75 23,045.25    11.25        0.05   32027
2957  2025-07-15 01:00:00  NAS100 23,045.00 23,060.00 23,035.75 23,051.25     6.00        0.03   21762
2958  2025-07-15 02:00:00  NAS100 23,051.50 23,059.25 23,016.00 23,034.00   -17.25       -0.07   47213
2959  2025-07-15 03:00:00  NAS100 23,034.00 23,039.00 23,022.25 23,036.25     2.25        0.01   10865
2960  2025-07-15 20:00:00  NAS100 23,196.00 23,222.75 23,123.00 23,138.50   102.25        0.44   69388
2961  2025-07-15 21:00:00  NAS100 23,139.00 23,198.50 23,096.00 23,099.50   -39.00       -0.17   82116
2962  2025-07-15 22:00:00  NAS100 23,100.25 23,181.00 23,099.75 23,158.00    58.50        0.25   54919
2963  2025-07-15 23:00:00  NAS100 23,157.50 23,168.00 23,083.00 23,098.75   -59.25       -0.26   43584
2964  2025-07-16 00:00:00  NAS100 23,098.50 23,171.00 23,086.75 23,169.50    70.75        0.31   40446
2965  2025-07-16 01:00:00  NAS100 23,170.00 23,180.00 23,094.50 23,094.50   -75.00       -0.32   40157
2966  2025-07-16 02:00:00  NAS100 23,114.00 23,119.00 23,069.25 23,073.75   -20.75       -0.09   52393
2967  2025-07-16 03:00:00  NAS100 23,058.00 23,058.00 23,009.50 23,017.75   -56.00       -0.24   29599
2968  2025-07-16 20:00:00  NAS100 23,073.25 23,089.50 22,957.25 22,968.50   -49.25       -0.21   66880
2969  2025-07-16 21:00:00  NAS100 22,968.50 23,033.75 22,948.75 22,990.25    21.75        0.09   86447
2970  2025-07-16 22:00:00  NAS100 22,989.75 23,045.75 22,835.75 22,990.75     0.50        0.00  137042
2971  2025-07-16 23:00:00  NAS100 22,990.00 23,051.25 22,953.00 23,045.75    55.00        0.24   46233
2972  2025-07-17 00:00:00  NAS100 23,045.75 23,069.50 23,020.00 23,028.00   -17.75       -0.08   31902
2973  2025-07-17 01:00:00  NAS100 23,028.50 23,074.00 23,016.50 23,072.75    44.75        0.19   29483
2974  2025-07-17 02:00:00  NAS100 23,074.00 23,100.00 23,058.25 23,074.50     1.75        0.01   48881
2975  2025-07-17 03:00:00  NAS100 23,075.00 23,075.75 23,055.50 23,063.25   -11.25       -0.05   11989
2976  2025-07-17 20:00:00  NAS100 23,145.75 23,158.50 23,065.75 23,149.75    86.50        0.38   65928
2977  2025-07-17 21:00:00  NAS100 23,150.50 23,198.75 23,115.00 23,194.50    44.75        0.19   70089
2978  2025-07-17 22:00:00  NAS100 23,194.25 23,255.50 23,193.75 23,249.50    55.00        0.24   54587
2979  2025-07-17 23:00:00  NAS100 23,249.00 23,276.00 23,246.00 23,256.75     7.25        0.03   37944
2980  2025-07-18 00:00:00  NAS100 23,257.25 23,276.00 23,240.50 23,275.25    18.50        0.08   27021
2981  2025-07-18 01:00:00  NAS100 23,276.00 23,279.75 23,236.50 23,252.50   -22.75       -0.10   33199
2982  2025-07-18 02:00:00  NAS100 23,253.00 23,278.00 23,245.25 23,258.25     5.75        0.02   55227
2983  2025-07-18 03:00:00  NAS100 23,257.75 23,275.50 23,234.25 23,265.50     7.25        0.03   19071
2984  2025-07-18 20:00:00  NAS100 23,269.00 23,320.75 23,252.50 23,257.50    -8.00       -0.03   74200
2985  2025-07-18 21:00:00  NAS100 23,257.25 23,295.00 23,188.50 23,217.00   -40.50       -0.17   77241
2986  2025-07-18 22:00:00  NAS100 23,195.00 23,254.25 23,186.75 23,247.50    30.50        0.13   49681
2987  2025-07-18 23:00:00  NAS100 23,247.75 23,249.25 23,169.50 23,187.50   -60.00       -0.26   58683
2988  2025-07-19 00:00:00  NAS100 23,187.25 23,222.75 23,172.25 23,198.50    11.00        0.05   41209
2989  2025-07-19 01:00:00  NAS100 23,199.25 23,227.00 23,193.75 23,204.00     5.50        0.02   28794
2990  2025-07-19 02:00:00  NAS100 23,203.50 23,232.50 23,198.50 23,226.50    22.50        0.10   44501
2991  2025-07-19 03:00:00  NAS100 23,226.25 23,229.75 23,217.00 23,228.50     2.00        0.01   11311
2992  2025-07-21 20:00:00  NAS100 23,238.00 23,396.00 23,223.75 23,376.25   147.75        0.64   66853
2993  2025-07-21 21:00:00  NAS100 23,389.75 23,424.75 23,380.00 23,397.50    21.25        0.09   58988
2994  2025-07-21 22:00:00  NAS100 23,397.50 23,404.75 23,378.75 23,385.50   -12.00       -0.05   35746
2995  2025-07-21 23:00:00  NAS100 23,385.50 23,410.25 23,358.75 23,405.25    19.75        0.08   43025
2996  2025-07-22 00:00:00  NAS100 23,405.25 23,423.50 23,404.00 23,411.25     6.00        0.03   23757
2997  2025-07-22 01:00:00  NAS100 23,411.50 23,417.75 23,386.25 23,390.50   -20.75       -0.09   26779
2998  2025-07-22 02:00:00  NAS100 23,390.50 23,392.75 23,330.50 23,344.50   -46.00       -0.20   68847
2999  2025-07-22 03:00:00  NAS100 23,344.25 23,354.50 23,338.25 23,347.00     2.50        0.01   13428
3000  2025-07-22 20:00:00  NAS100 23,334.75 23,345.25 23,121.75 23,142.00  -205.00       -0.88  104130
3001  2025-07-22 21:00:00  NAS100 23,142.25 23,228.25 23,108.00 23,224.25    82.25        0.36  100779
3002  2025-07-22 22:00:00  NAS100 23,224.50 23,237.25 23,194.50 23,221.00    -3.25       -0.01   48492
3003  2025-07-22 23:00:00  NAS100 23,208.50 23,224.50 23,159.50 23,198.75   -22.25       -0.10   52985
3004  2025-07-23 00:00:00  NAS100 23,198.50 23,250.75 23,195.25 23,217.50    18.75        0.08   38419
3005  2025-07-23 01:00:00  NAS100 23,217.00 23,253.50 23,171.00 23,251.75    34.25        0.15   42345
3006  2025-07-23 02:00:00  NAS100 23,251.50 23,257.75 23,219.25 23,222.00   -29.75       -0.13   50124
3007  2025-07-23 03:00:00  NAS100 23,222.00 23,223.75 23,188.00 23,199.00   -23.00       -0.10   20782
3008  2025-07-23 20:00:00  NAS100 23,236.25 23,274.75 23,160.50 23,166.50   -32.50       -0.14   73868
3009  2025-07-23 21:00:00  NAS100 23,165.50 23,203.50 23,146.75 23,199.25    32.75        0.14   65706
3010  2025-07-23 22:00:00  NAS100 23,199.50 23,289.00 23,179.00 23,257.75    58.50        0.25   63837
3011  2025-07-23 23:00:00  NAS100 23,257.00 23,262.75 23,192.75 23,228.50   -29.25       -0.13   54913
3012  2025-07-24 00:00:00  NAS100 23,228.25 23,269.75 23,213.75 23,263.25    34.75        0.15   42649
3013  2025-07-24 01:00:00  NAS100 23,263.75 23,323.75 23,263.25 23,301.50    38.25        0.16   47295
3014  2025-07-24 02:00:00  NAS100 23,302.25 23,324.75 23,269.00 23,324.00    22.50        0.10   51009
3015  2025-07-24 03:00:00  NAS100 23,324.25 23,418.00 23,303.25 23,411.25    87.25        0.37   31850
3016  2025-07-24 20:00:00  NAS100 23,360.50 23,401.00 23,334.25 23,362.75   -48.50       -0.21   67360
3017  2025-07-24 21:00:00  NAS100 23,364.00 23,381.00 23,298.25 23,372.50     9.75        0.04   69010
3018  2025-07-24 22:00:00  NAS100 23,372.75 23,400.50 23,368.75 23,388.25    15.75        0.07   46111
3019  2025-07-24 23:00:00  NAS100 23,388.00 23,388.75 23,340.00 23,370.50   -17.75       -0.08   42206
3020  2025-07-25 00:00:00  NAS100 23,370.25 23,423.00 23,365.75 23,384.25    13.75        0.06   36839
3021  2025-07-25 01:00:00  NAS100 23,383.75 23,422.00 23,376.75 23,400.75    16.50        0.07   38379
3022  2025-07-25 02:00:00  NAS100 23,400.00 23,424.50 23,372.25 23,376.50   -24.25       -0.10   52005
3023  2025-07-25 03:00:00  NAS100 23,376.75 23,401.00 23,366.25 23,395.00    18.50        0.08   14850
3024  2025-07-25 20:00:00  NAS100 23,371.25 23,408.00 23,330.75 23,389.25    -5.75       -0.02   64302
3025  2025-07-25 21:00:00  NAS100 23,389.50 23,423.50 23,384.00 23,405.25    16.00        0.07   62046
3026  2025-07-25 22:00:00  NAS100 23,405.50 23,429.25 23,392.75 23,421.00    15.75        0.07   39059
3027  2025-07-25 23:00:00  NAS100 23,421.00 23,476.00 23,416.00 23,450.50    29.50        0.13   44715
3028  2025-07-26 00:00:00  NAS100 23,450.25 23,455.00 23,432.00 23,439.00   -11.50       -0.05   28991
3029  2025-07-26 01:00:00  NAS100 23,439.50 23,459.75 23,424.00 23,443.00     4.00        0.02   30685
3030  2025-07-26 02:00:00  NAS100 23,443.00 23,455.50 23,408.25 23,422.25   -20.75       -0.09   44526
3031  2025-07-26 03:00:00  NAS100 23,422.00 23,448.75 23,407.00 23,421.25    -1.00       -0.00   18214
3032  2025-07-28 20:00:00  NAS100 23,514.25 23,521.25 23,464.75 23,520.00    98.75        0.42   66206
3033  2025-07-28 21:00:00  NAS100 23,520.00 23,529.00 23,473.50 23,493.00   -27.00       -0.11   66817
3034  2025-07-28 22:00:00  NAS100 23,493.50 23,500.00 23,442.50 23,493.50     0.50        0.00   49959
3035  2025-07-28 23:00:00  NAS100 23,494.00 23,509.25 23,474.00 23,485.75    -7.75       -0.03   36663
3036  2025-07-29 00:00:00  NAS100 23,486.00 23,488.25 23,455.00 23,461.25   -24.50       -0.10   34077
3037  2025-07-29 01:00:00  NAS100 23,461.00 23,471.00 23,440.00 23,463.00     1.75        0.01   35967
3038  2025-07-29 02:00:00  NAS100 23,462.50 23,496.25 23,450.00 23,491.75    28.75        0.12   46182
3039  2025-07-29 03:00:00  NAS100 23,491.75 23,512.75 23,489.00 23,509.25    17.50        0.07   16817
3040  2025-07-29 20:00:00  NAS100 23,579.25 23,652.50 23,555.75 23,581.00    71.75        0.31   79794
3041  2025-07-29 21:00:00  NAS100 23,588.50 23,593.50 23,514.50 23,525.50   -55.50       -0.24   78797
3042  2025-07-29 22:00:00  NAS100 23,540.25 23,542.50 23,438.25 23,503.75   -21.75       -0.09   94460
3043  2025-07-29 23:00:00  NAS100 23,503.25 23,513.75 23,448.50 23,507.25     3.50        0.01   52709
3044  2025-07-30 00:00:00  NAS100 23,507.50 23,525.75 23,462.00 23,491.50   -15.75       -0.07   48810
3045  2025-07-30 01:00:00  NAS100 23,491.50 23,507.50 23,467.75 23,479.00   -12.50       -0.05   36657
3046  2025-07-30 02:00:00  NAS100 23,478.25 23,486.00 23,421.50 23,457.25   -21.75       -0.09   66268
3047  2025-07-30 03:00:00  NAS100 23,457.25 23,462.25 23,445.50 23,452.00    -5.25       -0.02   13982
3048  2025-07-30 20:00:00  NAS100 23,489.75 23,526.25 23,450.75 23,483.75    31.75        0.14   59073
3049  2025-07-30 21:00:00  NAS100 23,483.25 23,541.25 23,467.00 23,516.75    33.00        0.14   56110
3050  2025-07-30 22:00:00  NAS100 23,523.00 23,530.50 23,475.50 23,530.00    13.25        0.06   43310
3051  2025-07-30 23:00:00  NAS100 23,529.75 23,547.00 23,518.25 23,534.00     4.00        0.02   30153
3052  2025-07-31 00:00:00  NAS100 23,534.00 23,551.00 23,523.00 23,544.75    10.75        0.05   22289
3053  2025-07-31 01:00:00  NAS100 23,542.00 23,589.50 23,400.25 23,412.50  -132.25       -0.56   87858
3054  2025-07-31 02:00:00  NAS100 23,412.25 23,490.25 23,356.50 23,483.75    71.25        0.30  117665
3055  2025-07-31 03:00:00  NAS100 23,484.00 23,689.00 23,470.50 23,661.75   178.00        0.76   51032
3056  2025-07-31 20:00:00  NAS100 23,801.50 23,804.00 23,609.50 23,671.25     9.50        0.04   98905
3057  2025-07-31 21:00:00  NAS100 23,671.50 23,700.00 23,546.75 23,547.25  -124.00       -0.52   88992
3058  2025-07-31 22:00:00  NAS100 23,553.50 23,585.00 23,483.25 23,584.00    36.75        0.16   83547
3059  2025-07-31 23:00:00  NAS100 23,583.75 23,617.00 23,557.50 23,570.00   -14.00       -0.06   44482
3060  2025-08-01 00:00:00  NAS100 23,570.25 23,571.75 23,365.00 23,389.50  -180.50       -0.77   88971
3061  2025-08-01 01:00:00  NAS100 23,389.75 23,465.75 23,305.75 23,414.75    25.25        0.11   86569
3062  2025-08-01 02:00:00  NAS100 23,415.00 23,443.00 23,311.25 23,354.25   -60.50       -0.26  100816
3063  2025-08-01 03:00:00  NAS100 23,354.25 23,458.75 23,290.50 23,329.50   -24.75       -0.11   40399
3064  2025-08-01 20:00:00  NAS100 23,068.75 23,102.25 22,858.00 22,883.00  -446.50       -1.91  118612
3065  2025-08-01 21:00:00  NAS100 22,872.25 23,017.75 22,800.00 22,929.75    46.75        0.20  136690
3066  2025-08-01 22:00:00  NAS100 22,929.50 23,018.75 22,896.00 23,006.50    76.75        0.33   70743
3067  2025-08-01 23:00:00  NAS100 23,006.25 23,045.50 22,872.75 22,879.00  -127.50       -0.55   63384
3068  2025-08-02 00:00:00  NAS100 22,879.00 22,899.75 22,827.50 22,845.00   -34.00       -0.15   60995
3069  2025-08-02 01:00:00  NAS100 22,844.75 22,942.75 22,775.00 22,870.25    25.25        0.11   67999
3070  2025-08-02 02:00:00  NAS100 22,870.25 22,944.50 22,836.25 22,881.00    10.75        0.05   79864
3071  2025-08-02 03:00:00  NAS100 22,881.00 22,894.25 22,867.50 22,883.75     2.75        0.01   19005
3072  2025-08-04 20:00:00  NAS100 23,075.50 23,257.75 23,070.50 23,246.50   362.75        1.59   78396
3073  2025-08-04 21:00:00  NAS100 23,246.75 23,264.25 23,194.00 23,215.25   -31.25       -0.13   68196
3074  2025-08-04 22:00:00  NAS100 23,215.00 23,263.50 23,187.75 23,254.00    38.75        0.17   43970
3075  2025-08-04 23:00:00  NAS100 23,254.25 23,279.50 23,248.00 23,270.50    16.50        0.07   32291
3076  2025-08-05 00:00:00  NAS100 23,270.00 23,285.25 23,241.25 23,268.00    -2.50       -0.01   30673
3077  2025-08-05 01:00:00  NAS100 23,268.25 23,283.75 23,255.75 23,261.50    -6.50       -0.03   26644
3078  2025-08-05 02:00:00  NAS100 23,261.00 23,307.25 23,253.25 23,296.75    35.25        0.15   58336
3079  2025-08-05 03:00:00  NAS100 23,296.75 23,352.50 23,285.00 23,350.75    54.00        0.23   23899
3080  2025-08-05 20:00:00  NAS100 23,360.75 23,397.25 23,303.50 23,374.25    23.50        0.10   63738
3081  2025-08-05 21:00:00  NAS100 23,374.00 23,374.00 23,138.50 23,181.25  -193.00       -0.83  105566
3082  2025-08-05 22:00:00  NAS100 23,180.50 23,219.75 23,113.50 23,156.25   -25.00       -0.11   72579
3083  2025-08-05 23:00:00  NAS100 23,155.75 23,225.25 23,137.00 23,180.50    24.25        0.10   52025
3084  2025-08-06 00:00:00  NAS100 23,180.00 23,252.00 23,166.75 23,241.25    60.75        0.26   33968
3085  2025-08-06 01:00:00  NAS100 23,241.00 23,249.00 23,115.00 23,147.00   -94.25       -0.41   50816
3086  2025-08-06 02:00:00  NAS100 23,147.75 23,178.50 23,121.25 23,133.50   -13.50       -0.06   57121
3087  2025-08-06 03:00:00  NAS100 23,133.75 23,166.75 23,084.50 23,092.00   -41.50       -0.18   21075
3088  2025-08-06 20:00:00  NAS100 23,178.25 23,244.50 23,148.50 23,201.50   109.50        0.47   78720
3089  2025-08-06 21:00:00  NAS100 23,201.50 23,287.00 23,164.25 23,282.25    80.75        0.35   91586
3090  2025-08-06 22:00:00  NAS100 23,282.25 23,375.50 23,258.00 23,368.00    85.75        0.37   76808
3091  2025-08-06 23:00:00  NAS100 23,367.75 23,389.50 23,346.00 23,371.00     3.00        0.01   43341
3092  2025-08-07 00:00:00  NAS100 23,370.75 23,396.50 23,358.50 23,373.00     2.00        0.01   28243
3093  2025-08-07 01:00:00  NAS100 23,373.00 23,435.25 23,370.50 23,416.00    43.00        0.18   37557
3094  2025-08-07 02:00:00  NAS100 23,415.50 23,445.25 23,407.50 23,423.75     7.75        0.03   50478
3095  2025-08-07 03:00:00  NAS100 23,424.25 23,425.75 23,398.00 23,413.25   -10.50       -0.04   17985
3096  2025-08-07 20:00:00  NAS100 23,597.75 23,658.75 23,570.00 23,654.25   241.00        1.03   74872
3097  2025-08-07 21:00:00  NAS100 23,654.00 23,671.00 23,516.00 23,538.25  -116.00       -0.49   92658
3098  2025-08-07 22:00:00  NAS100 23,546.25 23,558.50 23,477.00 23,497.75   -40.50       -0.17   57579
3099  2025-08-07 23:00:00  NAS100 23,497.50 23,513.75 23,397.00 23,461.50   -36.25       -0.15   57670
3100  2025-08-08 00:00:00  NAS100 23,460.25 23,488.00 23,381.00 23,419.25   -42.25       -0.18   50272
3101  2025-08-08 01:00:00  NAS100 23,418.75 23,430.50 23,329.00 23,406.00   -13.25       -0.06   49120
3102  2025-08-08 02:00:00  NAS100 23,406.50 23,503.75 23,379.75 23,501.50    95.50        0.41   53533
3103  2025-08-08 03:00:00  NAS100 23,501.25 23,534.00 23,499.25 23,521.75    20.25        0.09   19571
3104  2025-08-08 20:00:00  NAS100 23,533.50 23,649.25 23,521.25 23,643.50   121.75        0.52   61690
3105  2025-08-08 21:00:00  NAS100 23,643.75 23,703.00 23,626.25 23,652.50     9.00        0.04   78157
3106  2025-08-08 22:00:00  NAS100 23,652.25 23,681.75 23,612.00 23,680.50    28.00        0.12   58948
3107  2025-08-08 23:00:00  NAS100 23,680.00 23,707.50 23,674.50 23,677.00    -3.50       -0.01   40740
3108  2025-08-09 00:00:00  NAS100 23,677.00 23,703.50 23,655.25 23,699.75    22.75        0.10   36842
3109  2025-08-09 01:00:00  NAS100 23,700.50 23,724.00 23,689.75 23,711.00    11.25        0.05   32506
3110  2025-08-09 02:00:00  NAS100 23,711.50 23,721.00 23,677.75 23,713.75     2.75        0.01   54305
3111  2025-08-09 03:00:00  NAS100 23,713.50 23,767.75 23,713.00 23,713.75     0.00        0.00   19452
3112  2025-08-11 20:00:00  NAS100 23,722.50 23,745.25 23,680.75 23,744.25    30.50        0.13   58415
3113  2025-08-11 21:00:00  NAS100 23,744.75 23,767.50 23,722.50 23,727.00   -17.25       -0.07   55748
3114  2025-08-11 22:00:00  NAS100 23,726.75 23,764.25 23,715.00 23,764.25    37.25        0.16   47865
3115  2025-08-11 23:00:00  NAS100 23,763.75 23,804.50 23,733.25 23,736.50   -27.75       -0.12   48205
3116  2025-08-12 00:00:00  NAS100 23,736.75 23,753.00 23,688.50 23,697.75   -38.75       -0.16   37748
3117  2025-08-12 01:00:00  NAS100 23,698.00 23,701.25 23,650.75 23,685.75   -12.00       -0.05   45740
3118  2025-08-12 02:00:00  NAS100 23,686.50 23,690.00 23,587.50 23,638.75   -47.00       -0.20   61394
3119  2025-08-12 03:00:00  NAS100 23,638.50 23,648.75 23,616.00 23,629.50    -9.25       -0.04   14283
3120  2025-08-12 20:00:00  NAS100 23,772.50 23,808.25 23,649.25 23,653.00    23.50        0.10   93995
3121  2025-08-12 21:00:00  NAS100 23,653.75 23,781.75 23,622.00 23,776.50   123.50        0.52   79264
3122  2025-08-12 22:00:00  NAS100 23,776.75 23,871.00 23,773.00 23,868.00    91.50        0.38   66477
3123  2025-08-12 23:00:00  NAS100 23,867.50 23,910.75 23,846.25 23,899.75    31.75        0.13   38453
3124  2025-08-13 00:00:00  NAS100 23,900.25 23,916.00 23,885.50 23,914.50    14.75        0.06   27266
3125  2025-08-13 01:00:00  NAS100 23,914.25 23,932.75 23,905.50 23,907.00    -7.50       -0.03   27203
3126  2025-08-13 02:00:00  NAS100 23,907.00 23,950.00 23,902.25 23,934.50    27.50        0.12   52755
3127  2025-08-13 03:00:00  NAS100 23,934.00 23,953.50 23,924.25 23,949.50    15.00        0.06   13527
3128  2025-08-13 20:00:00  NAS100 24,019.75 24,068.50 24,005.00 24,017.25    67.75        0.28   63025
3129  2025-08-13 21:00:00  NAS100 24,017.50 24,018.25 23,932.50 23,959.50   -57.75       -0.24   81423
3130  2025-08-13 22:00:00  NAS100 23,959.00 23,961.00 23,892.25 23,924.75   -34.75       -0.15   65747
3131  2025-08-13 23:00:00  NAS100 23,925.50 23,940.00 23,886.00 23,899.25   -25.50       -0.11   36850
3132  2025-08-14 00:00:00  NAS100 23,899.25 23,947.50 23,895.50 23,939.00    39.75        0.17   42246
3133  2025-08-14 01:00:00  NAS100 23,938.75 23,954.25 23,887.25 23,933.75    -5.25       -0.02   39380
3134  2025-08-14 02:00:00  NAS100 23,934.00 23,958.50 23,911.50 23,943.00     9.25        0.04   48494
3135  2025-08-14 03:00:00  NAS100 23,943.00 23,960.00 23,922.00 23,927.75   -15.25       -0.06   12874
3136  2025-08-14 20:00:00  NAS100 23,843.75 23,960.25 23,816.50 23,935.50     7.75        0.03   76346
3137  2025-08-14 21:00:00  NAS100 23,935.75 24,007.75 23,904.75 23,955.00    19.50        0.08   66270
3138  2025-08-14 22:00:00  NAS100 23,955.75 23,960.75 23,863.25 23,931.25   -23.75       -0.10   68110
3139  2025-08-14 23:00:00  NAS100 23,931.50 23,951.25 23,864.75 23,947.50    16.25        0.07   51399
3140  2025-08-15 00:00:00  NAS100 23,947.50 23,980.00 23,937.50 23,962.25    14.75        0.06   36233
3141  2025-08-15 01:00:00  NAS100 23,963.00 23,963.00 23,893.50 23,923.50   -38.75       -0.16   41980
3142  2025-08-15 02:00:00  NAS100 23,924.00 23,958.50 23,917.00 23,922.00    -1.50       -0.01   50509
3143  2025-08-15 03:00:00  NAS100 23,922.00 23,923.00 23,870.00 23,891.50   -30.50       -0.13   29090
3144  2025-08-15 20:00:00  NAS100 23,904.50 23,924.25 23,770.25 23,807.00   -84.50       -0.35   74620
3145  2025-08-15 21:00:00  NAS100 23,800.75 23,881.00 23,770.25 23,800.50    -6.50       -0.03   73666
3146  2025-08-15 22:00:00  NAS100 23,800.25 23,836.25 23,734.50 23,787.75   -12.75       -0.05   57424
3147  2025-08-15 23:00:00  NAS100 23,787.75 23,826.00 23,763.75 23,819.00    31.25        0.13   41239
3148  2025-08-16 00:00:00  NAS100 23,818.25 23,843.25 23,786.00 23,839.75    20.75        0.09   35406
3149  2025-08-16 01:00:00  NAS100 23,839.75 23,847.50 23,790.00 23,811.50   -28.25       -0.12   33717
3150  2025-08-16 02:00:00  NAS100 23,811.00 23,830.50 23,775.75 23,806.00    -5.50       -0.02   49932
3151  2025-08-16 03:00:00  NAS100 23,806.00 23,811.25 23,777.75 23,804.00    -2.00       -0.01   12637
3152  2025-08-18 20:00:00  NAS100 23,775.00 23,817.25 23,735.00 23,749.00   -55.00       -0.23   61996
3153  2025-08-18 21:00:00  NAS100 23,749.25 23,824.25 23,719.00 23,778.00    29.00        0.12   74420
3154  2025-08-18 22:00:00  NAS100 23,777.50 23,784.25 23,728.75 23,747.75   -30.25       -0.13   40483
3155  2025-08-18 23:00:00  NAS100 23,747.25 23,780.50 23,722.50 23,735.00   -12.75       -0.05   37598
3156  2025-08-19 00:00:00  NAS100 23,735.25 23,800.00 23,733.00 23,760.00    25.00        0.11   36493
3157  2025-08-19 01:00:00  NAS100 23,761.25 23,802.00 23,748.25 23,795.50    35.50        0.15   30017
3158  2025-08-19 02:00:00  NAS100 23,795.75 23,816.25 23,784.50 23,796.25     0.75        0.00   41496
3159  2025-08-19 03:00:00  NAS100 23,796.50 23,806.25 23,783.75 23,788.00    -8.25       -0.03   11051
3160  2025-08-19 20:00:00  NAS100 23,744.00 23,770.50 23,638.50 23,678.75  -109.25       -0.46   86508
3161  2025-08-19 21:00:00  NAS100 23,677.75 23,728.75 23,540.00 23,540.75  -138.00       -0.58  105329
3162  2025-08-19 22:00:00  NAS100 23,541.00 23,589.50 23,514.50 23,559.25    18.50        0.08   59779
3163  2025-08-19 23:00:00  NAS100 23,558.75 23,577.75 23,472.75 23,482.25   -77.00       -0.33   60694
3164  2025-08-20 00:00:00  NAS100 23,482.75 23,517.25 23,445.00 23,506.75    24.50        0.10   49834
3165  2025-08-20 01:00:00  NAS100 23,507.00 23,508.00 23,444.25 23,462.25   -44.50       -0.19   45069
3166  2025-08-20 02:00:00  NAS100 23,462.00 23,477.00 23,426.00 23,470.50     8.25        0.04   62476
3167  2025-08-20 03:00:00  NAS100 23,470.25 23,487.50 23,463.50 23,473.50     3.00        0.01   16542
3168  2025-08-20 20:00:00  NAS100 23,427.00 23,432.00 23,146.00 23,173.25  -300.25       -1.28  104943
3169  2025-08-20 21:00:00  NAS100 23,174.00 23,215.00 23,035.00 23,057.00  -116.25       -0.50  139664
3170  2025-08-20 22:00:00  NAS100 23,057.75 23,266.00 23,046.00 23,171.75   114.75        0.50  100013
3171  2025-08-20 23:00:00  NAS100 23,171.25 23,305.00 23,168.75 23,234.00    62.25        0.27   64226
3172  2025-08-21 00:00:00  NAS100 23,233.50 23,315.50 23,225.25 23,264.75    30.75        0.13   53457
3173  2025-08-21 01:00:00  NAS100 23,264.50 23,281.00 23,191.00 23,243.75   -21.00       -0.09   57963
3174  2025-08-21 02:00:00  NAS100 23,243.75 23,368.75 23,243.75 23,335.25    91.50        0.39   57895
3175  2025-08-21 03:00:00  NAS100 23,322.50 23,325.25 23,307.00 23,319.00   -16.25       -0.07   25073
3176  2025-08-21 20:00:00  NAS100 23,223.50 23,290.25 23,175.75 23,187.50  -131.50       -0.56   80055
3177  2025-08-21 21:00:00  NAS100 23,184.50 23,348.25 23,156.00 23,295.00   107.50        0.46   82375
3178  2025-08-21 22:00:00  NAS100 23,295.00 23,312.75 23,191.25 23,204.25   -90.75       -0.39   68188
3179  2025-08-21 23:00:00  NAS100 23,204.50 23,213.75 23,150.50 23,161.25   -43.00       -0.19   51967
3180  2025-08-22 00:00:00  NAS100 23,161.75 23,224.25 23,119.00 23,215.00    53.75        0.23   54945
3181  2025-08-22 01:00:00  NAS100 23,214.50 23,235.00 23,179.50 23,225.50    10.50        0.05   39726
3182  2025-08-22 02:00:00  NAS100 23,225.00 23,255.25 23,203.75 23,218.50    -7.00       -0.03   46935
3183  2025-08-22 03:00:00  NAS100 23,218.00 23,226.25 23,200.00 23,221.75     3.25        0.01   12555
3184  2025-08-22 20:00:00  NAS100 23,242.00 23,342.25 23,205.50 23,268.50    46.75        0.20   58659
3185  2025-08-22 21:00:00  NAS100 23,269.00 23,647.25 23,269.00 23,603.00   334.50        1.44  119587
3186  2025-08-22 22:00:00  NAS100 23,603.75 23,650.00 23,565.00 23,569.00   -34.00       -0.14   52697
3187  2025-08-22 23:00:00  NAS100 23,569.25 23,591.50 23,507.25 23,528.50   -40.50       -0.17   46495
3188  2025-08-23 00:00:00  NAS100 23,528.00 23,625.00 23,527.75 23,605.75    77.25        0.33   42420
3189  2025-08-23 01:00:00  NAS100 23,606.25 23,616.75 23,582.25 23,586.50   -19.25       -0.08   28909
3190  2025-08-23 02:00:00  NAS100 23,586.00 23,593.75 23,531.25 23,565.75   -20.75       -0.09   55834
3191  2025-08-23 03:00:00  NAS100 23,565.50 23,587.50 23,549.50 23,569.75     4.00        0.02   13605
3192  2025-08-25 20:00:00  NAS100 23,479.25 23,519.50 23,443.25 23,519.25   -50.50       -0.21   66097
3193  2025-08-25 21:00:00  NAS100 23,519.00 23,574.25 23,505.00 23,571.00    51.75        0.22   67786
3194  2025-08-25 22:00:00  NAS100 23,570.75 23,616.25 23,564.25 23,601.25    30.25        0.13   44511
3195  2025-08-25 23:00:00  NAS100 23,600.75 23,613.75 23,588.75 23,596.25    -5.00       -0.02   24961
3196  2025-08-26 00:00:00  NAS100 23,596.25 23,598.00 23,557.25 23,578.00   -18.25       -0.08   28645
3197  2025-08-26 01:00:00  NAS100 23,578.50 23,583.75 23,549.25 23,552.50   -25.50       -0.11   27004
3198  2025-08-26 02:00:00  NAS100 23,552.25 23,573.50 23,489.00 23,495.50   -57.00       -0.24   49829
3199  2025-08-26 03:00:00  NAS100 23,495.25 23,518.50 23,485.75 23,502.25     6.75        0.03   14450
3200  2025-08-26 20:00:00  NAS100 23,471.00 23,518.50 23,427.00 23,494.75    -7.50       -0.03   73704
3201  2025-08-26 21:00:00  NAS100 23,494.75 23,553.75 23,483.50 23,522.25    27.50        0.12   66344
3202  2025-08-26 22:00:00  NAS100 23,521.75 23,537.50 23,493.25 23,517.75    -4.50       -0.02   40139
3203  2025-08-26 23:00:00  NAS100 23,517.50 23,556.75 23,517.50 23,539.50    21.75        0.09   30060
3204  2025-08-27 00:00:00  NAS100 23,539.25 23,544.00 23,479.00 23,502.75   -36.75       -0.16   33908
3205  2025-08-27 01:00:00  NAS100 23,502.75 23,556.00 23,498.75 23,550.00    47.25        0.20   30932
3206  2025-08-27 02:00:00  NAS100 23,549.75 23,600.00 23,534.50 23,586.75    36.75        0.16   60985
3207  2025-08-27 03:00:00  NAS100 23,586.75 23,611.00 23,583.25 23,607.50    20.75        0.09   13812
3208  2025-08-27 20:00:00  NAS100 23,581.50 23,586.00 23,487.50 23,535.50   -72.00       -0.30   73556
3209  2025-08-27 21:00:00  NAS100 23,534.75 23,616.00 23,526.50 23,600.00    64.50        0.27   59880
3210  2025-08-27 22:00:00  NAS100 23,600.75 23,630.75 23,572.25 23,623.25    23.25        0.10   40133
3211  2025-08-27 23:00:00  NAS100 23,623.25 23,624.25 23,542.00 23,600.00   -23.25       -0.10   49041
3212  2025-08-28 00:00:00  NAS100 23,600.50 23,624.50 23,587.25 23,621.25    21.25        0.09   23758
3213  2025-08-28 01:00:00  NAS100 23,621.25 23,657.50 23,613.25 23,626.75     5.50        0.02   30144
3214  2025-08-28 02:00:00  NAS100 23,626.50 23,646.75 23,553.50 23,620.00    -6.75       -0.03   58390
3215  2025-08-28 03:00:00  NAS100 23,620.25 23,689.00 23,434.75 23,542.00   -78.00       -0.33   42541
3216  2025-08-28 20:00:00  NAS100 23,634.00 23,742.25 23,572.50 23,609.25    67.25        0.29   96428
3217  2025-08-28 21:00:00  NAS100 23,608.50 23,730.00 23,593.25 23,714.25   105.00        0.44   84159
3218  2025-08-28 22:00:00  NAS100 23,714.50 23,752.75 23,665.00 23,687.50   -26.75       -0.11   58333
3219  2025-08-28 23:00:00  NAS100 23,688.00 23,766.00 23,682.50 23,732.00    44.50        0.19   39776
3220  2025-08-29 00:00:00  NAS100 23,732.25 23,773.25 23,722.25 23,766.75    34.75        0.15   28370
3221  2025-08-29 01:00:00  NAS100 23,766.25 23,792.50 23,761.50 23,789.00    22.25        0.09   24955
3222  2025-08-29 02:00:00  NAS100 23,788.50 23,803.75 23,765.00 23,766.50   -22.50       -0.09   47107
3223  2025-08-29 03:00:00  NAS100 23,766.75 23,774.00 23,744.75 23,762.00    -4.50       -0.02   14939
3224  2025-08-29 20:00:00  NAS100 23,665.50 23,670.25 23,507.25 23,514.50  -247.50       -1.04   82726
3225  2025-08-29 21:00:00  NAS100 23,507.00 23,515.75 23,415.25 23,435.50   -79.00       -0.34  121274
3226  2025-08-29 22:00:00  NAS100 23,434.25 23,498.75 23,425.00 23,431.75    -3.75       -0.02   51673
3227  2025-08-29 23:00:00  NAS100 23,431.50 23,492.00 23,428.75 23,477.75    46.00        0.20   36798
3228  2025-08-30 00:00:00  NAS100 23,477.75 23,477.75 23,397.50 23,459.50   -18.25       -0.08   48410
3229  2025-08-30 01:00:00  NAS100 23,459.25 23,467.25 23,433.50 23,459.00    -0.50       -0.00   30302
3230  2025-08-30 02:00:00  NAS100 23,459.00 23,495.25 23,426.00 23,473.25    14.25        0.06   65960
3231  2025-08-30 03:00:00  NAS100 23,473.00 23,488.50 23,452.25 23,461.75   -11.50       -0.05   20686
3232  2025-09-02 20:00:00  NAS100 23,096.25 23,260.75 23,025.25 23,237.50  -224.25       -0.96  106384
3233  2025-09-02 21:00:00  NAS100 23,230.00 23,280.00 23,135.50 23,161.75   -75.75       -0.33   97232
3234  2025-09-02 22:00:00  NAS100 23,162.25 23,179.50 23,027.00 23,048.75  -113.00       -0.49   70503
3235  2025-09-02 23:00:00  NAS100 23,047.75 23,131.00 23,037.75 23,126.75    78.00        0.34   48937
3236  2025-09-03 00:00:00  NAS100 23,126.50 23,225.50 23,104.50 23,189.25    62.50        0.27   54525
3237  2025-09-03 01:00:00  NAS100 23,189.00 23,232.75 23,157.50 23,189.00    -0.25       -0.00   43970
3238  2025-09-03 02:00:00  NAS100 23,189.00 23,290.25 23,188.50 23,277.00    88.00        0.38   63684
3239  2025-09-03 03:00:00  NAS100 23,277.00 23,386.00 23,269.75 23,379.50   102.50        0.44   39391
3240  2025-09-03 20:00:00  NAS100 23,422.25 23,457.00 23,370.00 23,384.25     4.75        0.02   74685
3241  2025-09-03 21:00:00  NAS100 23,380.00 23,525.25 23,372.50 23,504.75   120.50        0.52   87325
3242  2025-09-03 22:00:00  NAS100 23,504.50 23,515.00 23,400.25 23,415.50   -89.25       -0.38   70567
3243  2025-09-03 23:00:00  NAS100 23,415.00 23,464.00 23,391.50 23,410.75    -4.75       -0.02   49441
3244  2025-09-04 00:00:00  NAS100 23,411.00 23,462.00 23,346.75 23,364.75   -46.00       -0.20   58530
3245  2025-09-04 01:00:00  NAS100 23,365.25 23,366.00 23,318.25 23,342.50   -22.25       -0.10   48482
3246  2025-09-04 02:00:00  NAS100 23,342.50 23,455.00 23,330.00 23,452.25   109.75        0.47   60414
3247  2025-09-04 03:00:00  NAS100 23,452.00 23,471.75 23,447.50 23,455.75     3.50        0.01   18626
3248  2025-09-04 20:00:00  NAS100 23,485.00 23,548.25 23,457.25 23,470.50    14.75        0.06   72744
3249  2025-09-04 21:00:00  NAS100 23,477.50 23,530.25 23,410.00 23,522.25    51.75        0.22   88845
3250  2025-09-04 22:00:00  NAS100 23,522.00 23,556.00 23,492.25 23,538.75    16.50        0.07   57410
3251  2025-09-04 23:00:00  NAS100 23,538.50 23,565.25 23,512.50 23,538.25    -0.50       -0.00   38180
3252  2025-09-05 00:00:00  NAS100 23,538.50 23,608.25 23,536.50 23,583.75    45.50        0.19   39082
3253  2025-09-05 01:00:00  NAS100 23,583.25 23,625.00 23,582.50 23,620.25    36.50        0.15   29967
3254  2025-09-05 02:00:00  NAS100 23,620.00 23,680.00 23,616.50 23,666.00    45.75        0.19   54017
3255  2025-09-05 03:00:00  NAS100 23,666.25 23,708.75 23,658.50 23,684.00    18.00        0.08   21914
3256  2025-09-05 20:00:00  NAS100 23,873.75 23,902.00 23,821.75 23,852.50   168.50        0.71  104799
3257  2025-09-05 21:00:00  NAS100 23,852.75 23,853.50 23,544.75 23,547.75  -304.75       -1.28  160444
3258  2025-09-05 22:00:00  NAS100 23,547.75 23,669.00 23,505.00 23,619.00    71.25        0.30   95577
3259  2025-09-05 23:00:00  NAS100 23,618.50 23,658.75 23,595.00 23,654.50    35.50        0.15   52664
3260  2025-09-06 00:00:00  NAS100 23,654.00 23,663.75 23,585.75 23,613.50   -41.00       -0.17   46792
3261  2025-09-06 01:00:00  NAS100 23,614.25 23,664.00 23,603.25 23,657.25    43.75        0.19   35433
3262  2025-09-06 02:00:00  NAS100 23,657.00 23,694.25 23,641.25 23,690.75    33.50        0.14   69086
3263  2025-09-06 03:00:00  NAS100 23,690.50 23,696.25 23,666.75 23,673.25   -17.50       -0.07   13887
3264  2025-09-08 20:00:00  NAS100 23,778.25 23,876.25 23,767.00 23,846.00   172.75        0.73   80213
3265  2025-09-08 21:00:00  NAS100 23,846.25 23,888.00 23,806.25 23,859.50    13.50        0.06   74558
3266  2025-09-08 22:00:00  NAS100 23,859.50 23,884.75 23,829.75 23,872.50    13.00        0.05   47238
3267  2025-09-08 23:00:00  NAS100 23,873.00 23,873.75 23,790.00 23,811.75   -60.75       -0.25   47537
3268  2025-09-09 00:00:00  NAS100 23,811.50 23,817.00 23,762.75 23,782.25   -29.50       -0.12   37373
3269  2025-09-09 01:00:00  NAS100 23,782.75 23,819.75 23,772.25 23,793.75    11.50        0.05   32263
3270  2025-09-09 02:00:00  NAS100 23,793.75 23,812.50 23,760.00 23,803.00     9.25        0.04   56239
3271  2025-09-09 03:00:00  NAS100 23,803.25 23,810.25 23,791.75 23,798.50    -4.50       -0.02   12095
3272  2025-09-09 20:00:00  NAS100 23,839.25 23,857.50 23,800.25 23,815.00    16.50        0.07   67271
3273  2025-09-09 21:00:00  NAS100 23,815.50 23,850.75 23,726.00 23,785.75   -29.25       -0.12  102289
3274  2025-09-09 22:00:00  NAS100 23,785.75 23,812.75 23,752.00 23,784.50    -1.25       -0.01   55653
3275  2025-09-09 23:00:00  NAS100 23,784.50 23,833.75 23,781.50 23,821.50    37.00        0.16   38033
3276  2025-09-10 00:00:00  NAS100 23,821.25 23,855.50 23,821.00 23,839.50    18.00        0.08   37997
3277  2025-09-10 01:00:00  NAS100 23,839.50 23,849.00 23,823.50 23,843.75     4.25        0.02   31142
3278  2025-09-10 02:00:00  NAS100 23,843.50 23,890.00 23,834.75 23,867.25    23.50        0.10   49838
3279  2025-09-10 03:00:00  NAS100 23,867.50 23,921.25 23,850.75 23,889.75    22.50        0.09   27685
3280  2025-09-10 20:00:00  NAS100 24,004.25 24,015.00 23,905.00 23,929.50    39.75        0.17   91619
3281  2025-09-10 21:00:00  NAS100 23,930.75 23,991.00 23,924.75 23,967.00    37.50        0.16   76065
3282  2025-09-10 22:00:00  NAS100 23,966.75 23,979.00 23,922.50 23,950.00   -17.00       -0.07   56204
3283  2025-09-10 23:00:00  NAS100 23,950.25 23,950.75 23,897.25 23,924.50   -25.50       -0.11   40750
3284  2025-09-11 00:00:00  NAS100 23,924.00 23,940.25 23,872.50 23,897.25   -27.25       -0.11   43537
3285  2025-09-11 01:00:00  NAS100 23,897.75 23,899.75 23,835.75 23,862.25   -35.00       -0.15   43354
3286  2025-09-11 02:00:00  NAS100 23,862.50 23,893.00 23,785.00 23,874.00    11.75        0.05   72234
3287  2025-09-11 03:00:00  NAS100 23,874.25 23,885.25 23,857.25 23,858.00   -16.00       -0.07   13167
3288  2025-09-11 20:00:00  NAS100 23,959.00 23,997.50 23,909.75 23,979.25   121.25        0.51   81551
3289  2025-09-11 21:00:00  NAS100 23,978.75 24,020.00 23,947.00 24,003.50    24.25        0.10   81947
3290  2025-09-11 22:00:00  NAS100 24,003.25 24,046.00 24,000.50 24,024.75    21.25        0.09   54166
3291  2025-09-11 23:00:00  NAS100 24,024.50 24,043.50 23,994.00 24,008.50   -16.25       -0.07   33124
3292  2025-09-12 00:00:00  NAS100 24,009.00 24,033.75 23,997.25 24,032.25    23.75        0.10   32894
3293  2025-09-12 01:00:00  NAS100 24,032.75 24,044.50 24,014.25 24,033.75     1.50        0.01   26548
3294  2025-09-12 02:00:00  NAS100 24,033.75 24,044.00 24,007.75 24,011.75   -22.00       -0.09   43134
3295  2025-09-12 03:00:00  NAS100 24,011.50 24,023.75 24,003.75 24,006.75    -5.00       -0.02   14558
3296  2025-09-12 20:00:00  NAS100 24,041.75 24,064.50 24,001.50 24,042.50    35.75        0.15   62599
3297  2025-09-12 21:00:00  NAS100 24,049.25 24,115.25 24,023.25 24,106.00    63.50        0.26   68101
3298  2025-09-12 22:00:00  NAS100 24,106.25 24,111.50 24,072.25 24,090.75   -15.25       -0.06   46471
3299  2025-09-12 23:00:00  NAS100 24,090.75 24,122.00 24,071.75 24,110.75    20.00        0.08   39012
3300  2025-09-13 00:00:00  NAS100 24,111.25 24,128.25 24,091.50 24,123.75    13.00        0.05   27668
3301  2025-09-13 01:00:00  NAS100 24,123.75 24,159.00 24,113.00 24,154.00    30.25        0.13   36403
3302  2025-09-13 02:00:00  NAS100 24,154.00 24,157.75 24,087.50 24,109.50   -44.50       -0.18   65697
3303  2025-09-13 03:00:00  NAS100 24,109.50 24,119.25 24,097.00 24,115.25     5.75        0.02   14716
3304  2025-09-15 20:00:00  NAS100 24,172.75 24,262.25 24,162.25 24,260.50   145.25        0.60   57578
3305  2025-09-15 21:00:00  NAS100 24,260.50 24,265.25 24,227.75 24,262.00     1.50        0.01   68562
3306  2025-09-15 22:00:00  NAS100 24,262.00 24,289.75 24,240.25 24,279.75    17.75        0.07   45428
3307  2025-09-15 23:00:00  NAS100 24,280.00 24,295.00 24,261.00 24,266.00   -13.75       -0.06   31350
3308  2025-09-16 00:00:00  NAS100 24,266.00 24,288.50 24,248.75 24,286.75    20.75        0.09   27244
3309  2025-09-16 01:00:00  NAS100 24,286.50 24,290.50 24,245.00 24,270.75   -16.00       -0.07   31834
3310  2025-09-16 02:00:00  NAS100 24,271.25 24,315.50 24,261.75 24,311.75    41.00        0.17   36423
3311  2025-09-16 03:00:00  NAS100 24,311.75 24,314.25 24,286.00 24,296.50   -15.25       -0.06    9337
3312  2025-09-16 20:00:00  NAS100 24,353.00 24,366.00 24,280.50 24,294.00    -2.50       -0.01   32164
3313  2025-09-16 21:00:00  NAS100 24,292.50 24,318.00 24,279.50 24,295.25     1.25        0.01   31551
3314  2025-09-16 22:00:00  NAS100 24,295.50 24,300.50 24,261.25 24,267.25   -28.00       -0.12   26706
3315  2025-09-16 23:00:00  NAS100 24,267.75 24,291.75 24,258.25 24,283.00    15.75        0.06   17454
3316  2025-09-17 00:00:00  NAS100 24,282.75 24,305.25 24,282.00 24,294.00    11.00        0.05   12967
3317  2025-09-17 01:00:00  NAS100 24,294.25 24,310.50 24,283.75 24,308.25    14.25        0.06   12121
3318  2025-09-17 02:00:00  NAS100 24,308.75 24,563.00 24,279.25 24,524.25   216.00        0.89  240907
3319  2025-09-17 03:00:00  NAS100 24,524.25 24,543.25 24,283.25 24,292.50  -231.75       -0.94   11917
3320  2025-09-17 20:00:00  NAS100 24,524.50 24,540.75 24,251.50 24,477.25   184.75        0.76   67826
3321  2025-09-17 21:00:00  NAS100 24,477.50 24,481.00 24,410.00 24,420.25   -57.00       -0.23   69212
3322  2025-09-17 22:00:00  NAS100 24,420.25 24,445.00 24,398.00 24,411.25    -9.00       -0.04   44713
3323  2025-09-17 23:00:00  NAS100 24,410.75 24,422.00 24,374.75 24,389.75   -21.50       -0.09   36968
3324  2025-09-18 00:00:00  NAS100 24,389.75 24,461.25 24,388.00 24,455.50    65.75        0.27   30803
3325  2025-09-18 01:00:00  NAS100 24,455.75 24,524.00 24,242.00 24,393.00   -62.50       -0.26  155132
3326  2025-09-18 02:00:00  NAS100 24,392.25 24,550.50 24,382.75 24,475.25    82.25        0.34  122951
3327  2025-09-18 03:00:00  NAS100 24,475.00 24,523.75 24,472.25 24,502.00    26.75        0.11   17895
3328  2025-09-18 20:00:00  NAS100 24,690.25 24,713.25 24,430.25 24,697.00   195.00        0.80   97483
3329  2025-09-18 21:00:00  NAS100 24,696.75 24,809.25 24,694.00 24,734.50    37.50        0.15   89439
3330  2025-09-18 22:00:00  NAS100 24,734.75 24,816.00 24,517.50 24,736.50     2.00        0.01   66153
3331  2025-09-18 23:00:00  NAS100 24,736.25 24,793.25 24,720.75 24,787.75    51.25        0.21   39396
3332  2025-09-19 00:00:00  NAS100 24,787.50 24,796.75 24,723.50 24,734.25   -53.50       -0.22   43385
3333  2025-09-19 01:00:00  NAS100 24,734.50 24,769.00 24,727.75 24,756.25    22.00        0.09   39008
3334  2025-09-19 02:00:00  NAS100 24,756.00 24,758.75 24,696.75 24,698.50   -57.75       -0.23   62330
3335  2025-09-19 03:00:00  NAS100 24,698.75 24,722.75 24,685.00 24,713.75    15.25        0.06   17839
3336  2025-09-19 20:00:00  NAS100 24,738.25 24,817.50 24,517.00 24,790.75    77.00        0.31   85624
3337  2025-09-19 21:00:00  NAS100 24,790.50 24,807.50 24,734.00 24,763.50   -27.25       -0.11   69766
3338  2025-09-19 22:00:00  NAS100 24,763.50 24,778.50 24,708.00 24,771.25     7.75        0.03   57692
3339  2025-09-19 23:00:00  NAS100 24,771.00 24,835.50 24,770.50 24,821.50    50.25        0.20   54877
3340  2025-09-20 00:00:00  NAS100 24,821.50 24,829.25 24,795.50 24,815.75    -5.75       -0.02   31117
3341  2025-09-20 01:00:00  NAS100 24,816.50 24,833.00 24,804.00 24,825.25     9.50        0.04   26716
3342  2025-09-20 02:00:00  NAS100 24,825.00 24,888.00 24,821.50 24,860.25    35.00        0.14   67954
3343  2025-09-20 03:00:00  NAS100 24,860.00 24,880.00 24,853.00 24,866.25     6.00        0.02   20589
3344  2025-09-22 20:00:00  NAS100 24,798.50 24,880.50 24,783.00 24,872.25     6.00        0.02   63323
3345  2025-09-22 21:00:00  NAS100 24,872.75 24,931.00 24,855.00 24,926.75    54.50        0.22   63395
3346  2025-09-22 22:00:00  NAS100 24,926.50 24,937.75 24,897.25 24,911.25   -15.50       -0.06   45056
3347  2025-09-22 23:00:00  NAS100 24,911.25 24,994.50 24,910.00 24,986.75    75.50        0.30   66457
3348  2025-09-23 00:00:00  NAS100 24,986.50 25,000.50 24,973.25 24,988.75     2.00        0.01   38600
3349  2025-09-23 01:00:00  NAS100 24,988.50 25,019.25 24,986.75 25,012.75    24.00        0.10   36780
3350  2025-09-23 02:00:00  NAS100 25,012.50 25,027.25 24,989.75 24,999.00   -13.75       -0.05   60706
3351  2025-09-23 03:00:00  NAS100 24,998.50 25,001.75 24,980.50 24,996.25    -2.75       -0.01   20210
3352  2025-09-23 20:00:00  NAS100 25,009.25 25,010.75 24,932.50 24,940.00   -56.25       -0.23   67976
3353  2025-09-23 21:00:00  NAS100 24,940.50 24,975.25 24,929.50 24,944.50     4.50        0.02   74554
3354  2025-09-23 22:00:00  NAS100 24,944.50 24,969.75 24,929.50 24,946.25     1.75        0.01   52551
3355  2025-09-23 23:00:00  NAS100 24,945.75 24,954.50 24,915.00 24,928.75   -17.50       -0.07   53306
3356  2025-09-24 00:00:00  NAS100 24,928.75 24,930.50 24,780.50 24,835.75   -93.00       -0.37  102063
3357  2025-09-24 01:00:00  NAS100 24,835.25 24,846.25 24,784.00 24,790.25   -45.50       -0.18   58915
3358  2025-09-24 02:00:00  NAS100 24,790.75 24,843.00 24,789.75 24,830.25    40.00        0.16   68838
3359  2025-09-24 03:00:00  NAS100 24,830.75 24,856.00 24,824.25 24,833.75     3.50        0.01   15385
3360  2025-09-24 20:00:00  NAS100 24,881.50 24,899.25 24,784.50 24,820.75   -13.00       -0.05   76504
3361  2025-09-24 21:00:00  NAS100 24,821.00 24,841.00 24,790.25 24,794.00   -26.75       -0.11   68782
3362  2025-09-24 22:00:00  NAS100 24,794.00 24,810.00 24,678.25 24,679.75  -114.25       -0.46   77043
3363  2025-09-24 23:00:00  NAS100 24,679.75 24,706.00 24,627.00 24,685.00     5.25        0.02   73947
3364  2025-09-25 00:00:00  NAS100 24,685.25 24,759.00 24,682.75 24,709.75    24.75        0.10   53428
3365  2025-09-25 01:00:00  NAS100 24,709.50 24,741.50 24,682.75 24,739.00    29.25        0.12   42318
3366  2025-09-25 02:00:00  NAS100 24,739.75 24,749.25 24,700.50 24,740.00     1.00        0.00   52374
3367  2025-09-25 03:00:00  NAS100 24,739.50 24,754.75 24,739.25 24,747.50     7.50        0.03   13460
3368  2025-09-25 20:00:00  NAS100 24,567.75 24,587.00 24,422.50 24,452.75  -294.75       -1.19  119747
3369  2025-09-25 21:00:00  NAS100 24,452.50 24,656.75 24,445.00 24,635.25   182.50        0.75  118973
3370  2025-09-25 22:00:00  NAS100 24,635.00 24,696.75 24,583.75 24,677.75    42.50        0.17   82243
3371  2025-09-25 23:00:00  NAS100 24,677.25 24,691.75 24,613.00 24,625.00   -52.75       -0.21   49981
3372  2025-09-26 00:00:00  NAS100 24,624.75 24,644.75 24,511.75 24,517.25  -107.75       -0.44   58956
3373  2025-09-26 01:00:00  NAS100 24,517.50 24,640.25 24,453.50 24,628.00   110.75        0.45   84901
3374  2025-09-26 02:00:00  NAS100 24,627.75 24,646.25 24,592.00 24,630.75     2.75        0.01   60070
3375  2025-09-26 03:00:00  NAS100 24,632.50 24,648.25 24,611.00 24,635.50     4.75        0.02   15891
3376  2025-09-26 20:00:00  NAS100 24,694.00 24,715.00 24,597.00 24,706.25    70.75        0.29   81765
3377  2025-09-26 21:00:00  NAS100 24,707.50 24,733.25 24,520.00 24,565.00  -141.25       -0.57  124859
3378  2025-09-26 22:00:00  NAS100 24,566.25 24,636.50 24,545.75 24,581.00    16.00        0.07   65562
3379  2025-09-26 23:00:00  NAS100 24,581.50 24,700.00 24,568.25 24,691.00   110.00        0.45   48045
3380  2025-09-27 00:00:00  NAS100 24,691.50 24,717.00 24,665.00 24,692.00     1.00        0.00   34035
3381  2025-09-27 01:00:00  NAS100 24,691.75 24,737.00 24,671.75 24,725.75    33.75        0.14   36389
3382  2025-09-27 02:00:00  NAS100 24,725.50 24,735.75 24,700.25 24,726.00     0.25        0.00   39362
3383  2025-09-27 03:00:00  NAS100 24,725.50 24,746.50 24,722.25 24,726.75     0.75        0.00   12740
3384  2025-09-29 20:00:00  NAS100 24,899.25 24,955.50 24,846.50 24,942.00   215.25        0.87   71273
3385  2025-09-29 21:00:00  NAS100 24,942.00 24,975.50 24,917.50 24,929.00   -13.00       -0.05   70293
3386  2025-09-29 22:00:00  NAS100 24,929.25 24,942.75 24,830.75 24,849.25   -79.75       -0.32   76666
3387  2025-09-29 23:00:00  NAS100 24,849.00 24,867.50 24,822.00 24,834.75   -14.50       -0.06   47137
3388  2025-09-30 00:00:00  NAS100 24,835.00 24,849.25 24,800.25 24,844.75    10.00        0.04   41998
3389  2025-09-30 01:00:00  NAS100 24,845.00 24,869.25 24,834.25 24,843.00    -1.75       -0.01   32179
3390  2025-09-30 02:00:00  NAS100 24,842.75 24,848.25 24,780.50 24,837.75    -5.25       -0.02   72684
3391  2025-09-30 03:00:00  NAS100 24,837.00 24,846.25 24,805.25 24,811.25   -26.50       -0.11   13814
3392  2025-09-30 20:00:00  NAS100 24,833.00 24,837.00 24,722.25 24,785.50   -25.75       -0.10   66833
3393  2025-09-30 21:00:00  NAS100 24,785.50 24,854.50 24,747.00 24,842.25    56.75        0.23   81515
3394  2025-09-30 22:00:00  NAS100 24,842.50 24,862.75 24,755.50 24,810.75   -31.50       -0.13   71792
3395  2025-09-30 23:00:00  NAS100 24,810.50 24,843.75 24,767.75 24,783.25   -27.50       -0.11   39164
3396  2025-10-01 00:00:00  NAS100 24,783.00 24,797.50 24,731.75 24,769.00   -14.25       -0.06   43639
3397  2025-10-01 01:00:00  NAS100 24,768.50 24,851.75 24,762.00 24,837.75    68.75        0.28   41895
3398  2025-10-01 02:00:00  NAS100 24,838.00 24,913.75 24,821.50 24,897.50    59.75        0.24   74396
3399  2025-10-01 03:00:00  NAS100 24,899.75 24,901.25 24,834.75 24,838.25   -59.25       -0.24   19352
3400  2025-10-01 20:00:00  NAS100 24,777.50 24,841.50 24,726.50 24,784.75   -53.50       -0.22   73900
3401  2025-10-01 21:00:00  NAS100 24,781.25 24,912.00 24,750.00 24,897.50   112.75        0.45   72535
3402  2025-10-01 22:00:00  NAS100 24,896.75 24,938.50 24,875.25 24,931.00    33.50        0.13   49821
3403  2025-10-01 23:00:00  NAS100 24,931.50 24,957.75 24,928.75 24,955.00    24.00        0.10   30616
3404  2025-10-02 00:00:00  NAS100 24,955.00 24,990.00 24,952.25 24,983.50    28.50        0.11   35787
3405  2025-10-02 01:00:00  NAS100 24,983.00 25,034.75 24,972.75 25,024.00    40.50        0.16   41839
3406  2025-10-02 02:00:00  NAS100 25,023.75 25,036.75 25,000.75 25,011.50   -12.50       -0.05   51910
3407  2025-10-02 03:00:00  NAS100 25,011.25 25,014.75 24,992.75 25,009.25    -2.25       -0.01   15192
3408  2025-10-02 20:00:00  NAS100 25,162.00 25,180.00 25,014.25 25,062.75    53.50        0.21   84864
3409  2025-10-02 21:00:00  NAS100 25,063.50 25,091.50 25,019.00 25,022.00   -40.75       -0.16   78563
3410  2025-10-02 22:00:00  NAS100 25,021.25 25,082.25 24,993.75 25,077.50    55.50        0.22   67435
3411  2025-10-02 23:00:00  NAS100 25,077.50 25,080.25 25,034.00 25,077.25    -0.25       -0.00   39328
3412  2025-10-03 00:00:00  NAS100 25,077.00 25,113.00 25,059.50 25,085.50     8.25        0.03   31371
3413  2025-10-03 01:00:00  NAS100 25,085.50 25,120.00 25,079.25 25,112.25    26.75        0.11   28465
3414  2025-10-03 02:00:00  NAS100 25,111.75 25,126.50 25,091.25 25,108.50    -3.75       -0.01   42126
3415  2025-10-03 03:00:00  NAS100 25,108.75 25,125.25 25,099.50 25,105.00    -3.50       -0.01   11955
3416  2025-10-03 20:00:00  NAS100 25,119.75 25,168.00 25,100.75 25,105.75     0.75        0.00   55367
3417  2025-10-03 21:00:00  NAS100 25,105.50 25,128.75 25,051.00 25,116.75    11.00        0.04   77945
3418  2025-10-03 22:00:00  NAS100 25,117.25 25,152.00 25,099.25 25,145.25    28.50        0.11   47368
3419  2025-10-03 23:00:00  NAS100 25,144.75 25,156.00 25,108.00 25,118.00   -27.25       -0.11   29707
3420  2025-10-04 00:00:00  NAS100 25,117.50 25,117.50 24,923.25 24,973.50  -144.50       -0.58   94800
3421  2025-10-04 01:00:00  NAS100 24,973.50 25,044.50 24,926.00 25,009.00    35.50        0.14   63409
3422  2025-10-04 02:00:00  NAS100 25,008.50 25,030.00 24,980.00 24,996.25   -12.75       -0.05   47452
3423  2025-10-04 03:00:00  NAS100 24,996.50 25,006.50 24,973.75 24,992.00    -4.25       -0.02   11243
3424  2025-10-06 20:00:00  NAS100 25,191.75 25,221.75 25,116.75 25,155.75   163.75        0.66   67273
3425  2025-10-06 21:00:00  NAS100 25,156.00 25,185.00 25,108.50 25,152.25    -3.50       -0.01   65879
3426  2025-10-06 22:00:00  NAS100 25,152.00 25,216.00 25,143.00 25,208.00    55.75        0.22   43439
3427  2025-10-06 23:00:00  NAS100 25,207.75 25,211.50 25,182.75 25,202.25    -5.75       -0.02   27788
3428  2025-10-07 00:00:00  NAS100 25,202.50 25,231.75 25,183.00 25,227.50    25.25        0.10   33552
3429  2025-10-07 01:00:00  NAS100 25,227.75 25,252.75 25,218.50 25,238.75    11.25        0.04   30509
3430  2025-10-07 02:00:00  NAS100 25,238.25 25,239.00 25,180.50 25,184.25   -54.50       -0.22   51818
3431  2025-10-07 03:00:00  NAS100 25,184.50 25,190.00 25,174.00 25,184.00    -0.25       -0.00   13754
3432  2025-10-07 20:00:00  NAS100 25,254.50 25,275.00 25,217.00 25,241.25    57.25        0.23   60272
3433  2025-10-07 21:00:00  NAS100 25,242.00 25,257.50 25,172.25 25,186.00   -55.25       -0.22   73526
3434  2025-10-07 22:00:00  NAS100 25,186.50 25,191.50 24,984.75 25,029.50  -156.50       -0.62  129209
3435  2025-10-07 23:00:00  NAS100 25,029.75 25,092.00 24,998.00 25,024.75    -4.75       -0.02   69856
3436  2025-10-08 00:00:00  NAS100 25,024.50 25,065.00 25,013.50 25,015.50    -9.25       -0.04   40656
3437  2025-10-08 01:00:00  NAS100 25,016.00 25,053.25 24,991.00 25,053.25    37.75        0.15   35617
3438  2025-10-08 02:00:00  NAS100 25,053.00 25,072.75 25,027.00 25,045.25    -8.00       -0.03   47754
3439  2025-10-08 03:00:00  NAS100 25,045.25 25,069.00 25,045.25 25,054.75     9.50        0.04   11982
3440  2025-10-08 20:00:00  NAS100 25,063.25 25,183.50 25,054.75 25,174.50   119.75        0.48   67501
3441  2025-10-08 21:00:00  NAS100 25,174.25 25,231.00 25,172.75 25,193.75    19.25        0.08   79380
3442  2025-10-08 22:00:00  NAS100 25,193.75 25,261.00 25,190.00 25,254.50    60.75        0.24   47032
3443  2025-10-08 23:00:00  NAS100 25,254.75 25,276.25 25,233.50 25,251.50    -3.00       -0.01   33865
3444  2025-10-09 00:00:00  NAS100 25,251.25 25,290.75 25,238.25 25,273.75    22.25        0.09   28869
3445  2025-10-09 01:00:00  NAS100 25,273.25 25,297.50 25,265.25 25,270.75    -3.00       -0.01   35645
3446  2025-10-09 02:00:00  NAS100 25,270.50 25,344.25 25,267.00 25,329.75    59.00        0.23   61871
3447  2025-10-09 03:00:00  NAS100 25,330.00 25,364.75 25,320.50 25,354.00    24.25        0.10   17054
3448  2025-10-09 20:00:00  NAS100 25,332.75 25,337.75 25,251.50 25,278.75   -75.25       -0.30   72478
3449  2025-10-09 21:00:00  NAS100 25,279.50 25,288.50 25,193.50 25,250.50   -28.25       -0.11   84106
3450  2025-10-09 22:00:00  NAS100 25,251.50 25,274.50 25,197.75 25,263.00    12.50        0.05   64170
3451  2025-10-09 23:00:00  NAS100 25,263.25 25,274.00 25,196.00 25,203.75   -59.25       -0.23   49056
3452  2025-10-10 00:00:00  NAS100 25,204.25 25,233.75 25,160.75 25,215.50    11.75        0.05   57296
3453  2025-10-10 01:00:00  NAS100 25,215.50 25,244.00 25,182.50 25,235.00    19.50        0.08   36060
3454  2025-10-10 02:00:00  NAS100 25,235.25 25,295.75 25,233.25 25,294.50    59.50        0.24   53383
3455  2025-10-10 03:00:00  NAS100 25,294.75 25,299.75 25,270.25 25,287.25    -7.25       -0.03   12375
3456  2025-10-10 20:00:00  NAS100 25,297.50 25,388.00 25,293.50 25,355.50    68.25        0.27   70813
3457  2025-10-10 21:00:00  NAS100 25,357.50 25,370.75 25,127.75 25,194.50  -161.00       -0.63   92752
3458  2025-10-10 22:00:00  NAS100 25,191.75 25,195.25 24,670.75 24,827.50  -367.00       -1.46  240452
3459  2025-10-10 23:00:00  NAS100 24,825.00 24,848.00 24,647.50 24,658.00  -169.50       -0.68  114146
3460  2025-10-11 00:00:00  NAS100 24,657.25 24,751.00 24,604.00 24,680.00    22.00        0.09   94485
3461  2025-10-11 01:00:00  NAS100 24,680.25 24,718.50 24,572.00 24,588.25   -91.75       -0.37   66373
3462  2025-10-11 02:00:00  NAS100 24,589.00 24,635.75 24,384.50 24,402.75  -185.50       -0.75  123602
3463  2025-10-11 03:00:00  NAS100 24,402.25 24,448.00 24,158.50 24,397.00    -5.75       -0.02   45159
3464  2025-10-13 20:00:00  NAS100 24,787.25 24,892.00 24,724.50 24,888.00   491.00        2.01  107106
3465  2025-10-13 21:00:00  NAS100 24,887.00 24,913.25 24,744.00 24,758.25  -129.75       -0.52  102225
3466  2025-10-13 22:00:00  NAS100 24,758.25 24,901.75 24,745.75 24,893.50   135.25        0.55   60439
3467  2025-10-13 23:00:00  NAS100 24,893.75 24,956.25 24,869.00 24,948.25    54.75        0.22   54721
3468  2025-10-14 00:00:00  NAS100 24,948.00 24,959.00 24,888.50 24,926.50   -21.75       -0.09   40184
3469  2025-10-14 01:00:00  NAS100 24,926.25 24,965.00 24,889.75 24,901.00   -25.50       -0.10   36068
3470  2025-10-14 02:00:00  NAS100 24,901.25 24,948.50 24,883.00 24,921.00    20.00        0.08   60572
3471  2025-10-14 03:00:00  NAS100 24,921.00 24,927.25 24,899.00 24,904.50   -16.50       -0.07   14705
3472  2025-10-14 20:00:00  NAS100 24,620.75 24,656.25 24,421.25 24,576.25  -328.25       -1.32  115542
3473  2025-10-14 21:00:00  NAS100 24,575.00 24,743.75 24,556.75 24,690.00   113.75        0.46   91095
3474  2025-10-14 22:00:00  NAS100 24,689.50 24,839.25 24,684.25 24,805.00   115.00        0.47   72003
3475  2025-10-14 23:00:00  NAS100 24,805.00 24,947.25 24,762.00 24,892.25    87.25        0.35   71200
3476  2025-10-15 00:00:00  NAS100 24,892.00 24,938.00 24,858.00 24,899.50     7.25        0.03   46099
3477  2025-10-15 01:00:00  NAS100 24,900.25 24,926.75 24,881.50 24,899.25    -0.25       -0.00   32900
3478  2025-10-15 02:00:00  NAS100 24,899.25 24,927.00 24,685.75 24,756.50  -142.75       -0.57   89946
3479  2025-10-15 03:00:00  NAS100 24,757.00 24,789.75 24,697.25 24,756.25    -0.25       -0.00   20884
3480  2025-10-15 20:00:00  NAS100 25,022.50 25,023.50 24,897.25 25,014.00   257.75        1.04   83757
3481  2025-10-15 21:00:00  NAS100 25,013.75 25,115.00 25,013.00 25,100.00    86.00        0.34   74898
3482  2025-10-15 22:00:00  NAS100 25,100.50 25,109.75 24,877.25 24,934.25  -165.75       -0.66   87493
3483  2025-10-15 23:00:00  NAS100 24,934.50 24,992.25 24,892.25 24,903.00   -31.25       -0.13   58143
3484  2025-10-16 00:00:00  NAS100 24,902.75 24,914.00 24,663.25 24,903.50     0.50        0.00  101477
3485  2025-10-16 01:00:00  NAS100 24,904.00 24,959.00 24,859.00 24,953.00    49.50        0.20   44184
3486  2025-10-16 02:00:00  NAS100 24,952.75 24,956.25 24,845.00 24,924.75   -28.25       -0.11   60092
3487  2025-10-16 03:00:00  NAS100 24,924.75 24,964.25 24,912.50 24,941.25    16.50        0.07   20211
3488  2025-10-16 20:00:00  NAS100 25,080.25 25,125.25 25,026.75 25,062.25   121.00        0.49   80619
3489  2025-10-16 21:00:00  NAS100 25,062.50 25,179.50 25,013.75 25,106.50    44.25        0.18   98399
3490  2025-10-16 22:00:00  NAS100 25,107.50 25,131.25 24,946.00 24,972.75  -133.75       -0.53   87032
3491  2025-10-16 23:00:00  NAS100 24,972.25 24,996.50 24,732.00 24,927.50   -45.25       -0.18  117084
3492  2025-10-17 00:00:00  NAS100 24,926.75 24,967.00 24,826.25 24,865.50   -62.00       -0.25   73275
3493  2025-10-17 01:00:00  NAS100 24,864.50 24,871.50 24,643.50 24,798.50   -67.00       -0.27   85475
3494  2025-10-17 02:00:00  NAS100 24,797.00 24,846.00 24,692.50 24,831.00    32.50        0.13   73319
3495  2025-10-17 03:00:00  NAS100 24,831.25 24,854.50 24,745.50 24,794.25   -36.75       -0.15   18082
3496  2025-10-17 20:00:00  NAS100 24,737.00 24,889.75 24,672.50 24,822.00    27.75        0.11   95288
3497  2025-10-17 21:00:00  NAS100 24,822.25 24,960.75 24,749.00 24,764.00   -58.00       -0.23  107303
3498  2025-10-17 22:00:00  NAS100 24,764.50 24,873.25 24,675.00 24,849.50    85.50        0.35   94162
3499  2025-10-17 23:00:00  NAS100 24,849.75 24,973.25 24,849.00 24,902.75    53.25        0.21   68880
3500  2025-10-18 00:00:00  NAS100 24,903.25 24,946.50 24,829.00 24,936.50    33.75        0.14   50015
3501  2025-10-18 01:00:00  NAS100 24,935.25 25,030.00 24,935.00 24,996.75    60.25        0.24   43792
3502  2025-10-18 02:00:00  NAS100 24,997.75 25,055.75 24,979.25 24,988.25    -8.50       -0.03   54347
3503  2025-10-18 03:00:00  NAS100 24,988.25 25,043.00 24,976.00 24,986.50    -1.75       -0.01   17325
3504  2025-10-20 20:00:00  NAS100 25,129.50 25,240.00 25,114.75 25,222.00   235.50        0.94   62934
3505  2025-10-20 21:00:00  NAS100 25,222.50 25,322.00 25,212.00 25,314.25    92.25        0.37   74549
3506  2025-10-20 22:00:00  NAS100 25,314.50 25,345.50 25,289.25 25,316.75     2.50        0.01   55092
3507  2025-10-20 23:00:00  NAS100 25,319.00 25,327.50 25,290.75 25,314.50    -2.25       -0.01   33797
3508  2025-10-21 00:00:00  NAS100 25,314.25 25,354.50 25,311.75 25,336.75    22.25        0.09   26662
3509  2025-10-21 01:00:00  NAS100 25,336.25 25,353.25 25,306.50 25,327.25    -9.50       -0.04   26807
3510  2025-10-21 02:00:00  NAS100 25,327.50 25,336.50 25,297.00 25,300.00   -27.25       -0.11   46610
3511  2025-10-21 03:00:00  NAS100 25,300.25 25,327.75 25,289.75 25,326.75    26.75        0.11   14927
3512  2025-10-21 20:00:00  NAS100 25,298.50 25,305.75 25,211.50 25,234.50   -92.25       -0.36   68995
3513  2025-10-21 21:00:00  NAS100 25,235.00 25,301.75 25,203.25 25,298.00    63.50        0.25   75726
3514  2025-10-21 22:00:00  NAS100 25,297.75 25,326.75 25,242.25 25,322.75    24.75        0.10   58399
3515  2025-10-21 23:00:00  NAS100 25,322.00 25,348.50 25,277.50 25,285.50   -37.25       -0.15   40707
3516  2025-10-22 00:00:00  NAS100 25,285.75 25,317.50 25,250.00 25,313.25    27.75        0.11   40184
3517  2025-10-22 01:00:00  NAS100 25,313.50 25,327.00 25,290.00 25,309.75    -3.50       -0.01   24465
3518  2025-10-22 02:00:00  NAS100 25,309.25 25,334.25 25,286.75 25,291.50   -18.25       -0.07   34288
3519  2025-10-22 03:00:00  NAS100 25,291.00 25,299.25 25,228.75 25,265.25   -26.25       -0.10   23837
3520  2025-10-22 20:00:00  NAS100 25,260.75 25,289.25 25,172.25 25,258.00    -7.25       -0.03   68520
3521  2025-10-22 21:00:00  NAS100 25,258.00 25,280.75 25,050.75 25,173.25   -84.75       -0.34  126177
3522  2025-10-22 22:00:00  NAS100 25,173.75 25,192.25 25,003.25 25,100.25   -73.00       -0.29   91732
3523  2025-10-22 23:00:00  NAS100 25,101.00 25,110.00 24,867.00 24,992.75  -107.50       -0.43   99137
3524  2025-10-23 00:00:00  NAS100 24,991.50 25,011.00 24,804.75 24,874.00  -118.75       -0.48   72218
3525  2025-10-23 01:00:00  NAS100 24,873.75 24,960.00 24,827.00 24,957.50    83.50        0.34   63971
3526  2025-10-23 02:00:00  NAS100 24,957.75 25,058.00 24,923.25 25,040.50    83.00        0.33   68628
3527  2025-10-23 03:00:00  NAS100 25,040.50 25,076.50 25,023.50 25,040.00    -0.50       -0.00   17830
3528  2025-10-23 20:00:00  NAS100 25,008.00 25,179.75 24,940.75 25,160.50   120.50        0.48   86079
3529  2025-10-23 21:00:00  NAS100 25,160.75 25,198.50 25,084.00 25,190.00    29.50        0.12   89692
3530  2025-10-23 22:00:00  NAS100 25,189.75 25,216.50 25,119.75 25,193.75     3.75        0.01   67564
3531  2025-10-23 23:00:00  NAS100 25,194.75 25,241.25 25,183.75 25,240.00    46.25        0.18   42216
3532  2025-10-24 00:00:00  NAS100 25,240.00 25,283.25 25,189.50 25,278.75    38.75        0.15   53436
3533  2025-10-24 01:00:00  NAS100 25,279.50 25,288.00 25,245.50 25,273.75    -5.00       -0.02   30442
3534  2025-10-24 02:00:00  NAS100 25,274.25 25,282.50 25,230.75 25,252.75   -21.00       -0.08   41853
3535  2025-10-24 03:00:00  NAS100 25,252.50 25,296.00 25,247.50 25,278.00    25.25        0.10   16818
3536  2025-10-24 20:00:00  NAS100 25,459.00 25,535.00 25,429.75 25,506.00   228.00        0.90   76857
3537  2025-10-24 21:00:00  NAS100 25,506.00 25,548.75 25,431.50 25,468.00   -38.00       -0.15   83341
3538  2025-10-24 22:00:00  NAS100 25,468.75 25,546.50 25,456.75 25,523.00    55.00        0.22   56341
3539  2025-10-24 23:00:00  NAS100 25,522.50 25,563.00 25,520.00 25,551.50    28.50        0.11   36353
3540  2025-10-25 00:00:00  NAS100 25,551.00 25,570.75 25,538.75 25,549.25    -2.25       -0.01   24954
3541  2025-10-25 01:00:00  NAS100 25,549.00 25,555.00 25,528.25 25,544.00    -5.25       -0.02   25409
3542  2025-10-25 02:00:00  NAS100 25,543.75 25,566.75 25,497.50 25,509.00   -35.00       -0.14   55076
3543  2025-10-25 03:00:00  NAS100 25,509.50 25,525.75 25,497.50 25,509.25     0.25        0.00   15682
3544  2025-10-27 20:00:00  NAS100 25,830.75 25,859.50 25,796.75 25,848.75   339.50        1.33   61613
3545  2025-10-27 21:00:00  NAS100 25,849.00 25,892.00 25,823.00 25,857.50     8.75        0.03   68982
3546  2025-10-27 22:00:00  NAS100 25,857.75 25,910.00 25,855.50 25,893.00    35.50        0.14   42760
3547  2025-10-27 23:00:00  NAS100 25,893.00 25,918.00 25,889.00 25,913.75    20.75        0.08   26580
3548  2025-10-28 00:00:00  NAS100 25,913.50 25,929.00 25,891.00 25,926.50    12.75        0.05   27757
3549  2025-10-28 01:00:00  NAS100 25,926.75 25,946.25 25,919.50 25,941.50    15.00        0.06   27129
3550  2025-10-28 02:00:00  NAS100 25,941.75 25,981.25 25,920.50 25,960.75    19.25        0.07   62993
3551  2025-10-28 03:00:00  NAS100 25,960.50 26,013.50 25,960.00 26,003.75    43.00        0.17   20915
3552  2025-10-28 20:00:00  NAS100 26,012.25 26,094.75 26,008.25 26,065.00    61.25        0.24   70474
3553  2025-10-28 21:00:00  NAS100 26,065.00 26,076.50 26,008.75 26,035.00   -30.00       -0.12   56021
3554  2025-10-28 22:00:00  NAS100 26,035.50 26,061.75 26,006.00 26,060.50    25.50        0.10   37898
3555  2025-10-28 23:00:00  NAS100 26,060.75 26,146.00 26,060.50 26,108.50    48.00        0.18   52466
3556  2025-10-29 00:00:00  NAS100 26,108.50 26,158.25 26,102.75 26,153.25    44.75        0.17   41206
3557  2025-10-29 01:00:00  NAS100 26,153.50 26,197.00 26,147.25 26,194.50    41.25        0.16   35555
3558  2025-10-29 02:00:00  NAS100 26,194.75 26,231.50 26,157.75 26,160.50   -34.00       -0.13   67929
3559  2025-10-29 03:00:00  NAS100 26,160.25 26,178.00 26,150.50 26,172.50    12.00        0.05   18193
3560  2025-10-29 20:00:00  NAS100 26,260.75 26,319.50 26,254.75 26,318.75   146.25        0.56   68167
3561  2025-10-29 21:00:00  NAS100 26,319.50 26,326.50 26,243.50 26,259.50   -59.25       -0.23   65408
3562  2025-10-29 22:00:00  NAS100 26,260.25 26,278.00 26,218.50 26,237.75   -21.75       -0.08   54156
3563  2025-10-29 23:00:00  NAS100 26,237.75 26,266.50 26,203.50 26,254.25    16.50        0.06   41395
3564  2025-10-30 00:00:00  NAS100 26,254.00 26,268.25 26,219.00 26,254.00    -0.25       -0.00   21906
3565  2025-10-30 01:00:00  NAS100 26,255.00 26,290.00 26,049.25 26,184.75   -69.25       -0.26   96093
3566  2025-10-30 02:00:00  NAS100 26,185.25 26,287.50 26,111.75 26,280.00    95.25        0.36   81992
3567  2025-10-30 03:00:00  NAS100 26,280.25 26,379.75 26,159.75 26,221.00   -59.00       -0.22   40509
3568  2025-10-30 20:00:00  NAS100 26,087.00 26,147.25 25,942.25 26,125.00   -96.00       -0.37  106653
3569  2025-10-30 21:00:00  NAS100 26,124.75 26,182.50 25,979.00 26,016.50  -108.50       -0.42  102279
3570  2025-10-30 22:00:00  NAS100 26,016.25 26,077.00 25,965.25 25,991.00   -25.50       -0.10   56430
3571  2025-10-30 23:00:00  NAS100 25,991.75 26,097.00 25,985.25 26,073.25    82.25        0.32   50958
3572  2025-10-31 00:00:00  NAS100 26,073.25 26,075.50 25,999.00 26,067.50    -5.75       -0.02   39984
3573  2025-10-31 01:00:00  NAS100 26,067.50 26,067.50 25,975.25 25,989.00   -78.50       -0.30   41936
3574  2025-10-31 02:00:00  NAS100 25,989.00 25,993.75 25,869.75 25,869.75  -119.25       -0.46   71397
3575  2025-10-31 03:00:00  NAS100 25,872.00 26,149.50 25,853.00 26,149.25   279.50        1.08   43617
3576  2025-10-31 20:00:00  NAS100 26,211.50 26,217.00 26,080.25 26,101.75   -47.50       -0.18   80647
3577  2025-10-31 21:00:00  NAS100 26,102.25 26,182.00 26,060.00 26,164.50    62.75        0.24   76445
3578  2025-10-31 22:00:00  NAS100 26,164.00 26,182.75 26,050.00 26,052.25  -112.25       -0.43   67697
3579  2025-10-31 23:00:00  NAS100 26,052.25 26,053.50 25,929.75 25,949.50  -102.75       -0.39   70374
3580  2025-11-01 00:00:00  NAS100 25,949.25 25,980.75 25,888.75 25,947.75    -1.75       -0.01   68866
3581  2025-11-01 01:00:00  NAS100 25,948.00 26,022.50 25,944.50 26,014.00    66.25        0.26   45643
3582  2025-11-01 02:00:00  NAS100 26,014.50 26,118.25 25,992.25 25,994.25   -19.75       -0.08   78085
3583  2025-11-01 03:00:00  NAS100 25,993.00 26,004.00 25,967.00 26,004.00     9.75        0.04   20840
3584  2025-11-03 20:00:00  NAS100 26,152.25 26,191.25 26,133.00 26,189.00   185.00        0.71   11354
3585  2025-11-03 21:00:00  NAS100 26,189.50 26,266.00 26,118.75 26,134.25   -54.75       -0.21   76463
3586  2025-11-03 22:00:00  NAS100 26,140.50 26,155.75 26,015.50 26,088.50   -45.75       -0.18   92387
3587  2025-11-03 23:00:00  NAS100 26,088.50 26,128.00 26,043.50 26,118.50    30.00        0.11   53350
3588  2025-11-04 00:00:00  NAS100 26,118.75 26,159.50 26,083.25 26,149.75    31.25        0.12   42125
3589  2025-11-04 01:00:00  NAS100 26,150.00 26,166.25 26,123.75 26,129.50   -20.25       -0.08   28322
3590  2025-11-04 02:00:00  NAS100 26,129.50 26,138.50 26,066.25 26,116.50   -13.00       -0.05   37933
3591  2025-11-04 03:00:00  NAS100 26,116.50 26,124.50 26,071.50 26,111.00    -5.50       -0.02   42940
3592  2025-11-04 20:00:00  NAS100 25,754.25 25,766.00 25,684.50 25,716.25  -394.75       -1.51   19653
3593  2025-11-04 21:00:00  NAS100 25,715.75 25,880.75 25,663.00 25,875.25   159.00        0.62   98792
3594  2025-11-04 22:00:00  NAS100 25,874.75 25,893.50 25,763.75 25,789.50   -85.75       -0.33   84076
3595  2025-11-04 23:00:00  NAS100 25,789.00 25,822.75 25,723.25 25,756.25   -33.25       -0.13   64867
3596  2025-11-05 00:00:00  NAS100 25,756.25 25,757.75 25,642.25 25,679.25   -77.00       -0.30   64107
3597  2025-11-05 01:00:00  NAS100 25,677.25 25,684.50 25,601.75 25,669.25   -10.00       -0.04   58170
3598  2025-11-05 02:00:00  NAS100 25,668.00 25,688.25 25,574.25 25,605.25   -64.00       -0.25   50569
3599  2025-11-05 03:00:00  NAS100 25,605.75 25,642.50 25,544.00 25,579.50   -25.75       -0.10   70741
3600  2025-11-05 20:00:00  NAS100 25,528.00 25,596.00 25,508.25 25,587.00     7.50        0.03   19393
3601  2025-11-05 21:00:00  NAS100 25,586.75 25,696.00 25,488.00 25,696.00   109.00        0.43   85045
3602  2025-11-05 22:00:00  NAS100 25,680.50 25,736.00 25,615.00 25,720.75    24.75        0.10   92042
3603  2025-11-05 23:00:00  NAS100 25,719.75 25,788.50 25,658.25 25,774.25    53.50        0.21   66269
3604  2025-11-06 00:00:00  NAS100 25,774.00 25,828.25 25,740.25 25,812.25    38.00        0.15   43623
3605  2025-11-06 01:00:00  NAS100 25,811.75 25,872.75 25,804.50 25,864.50    52.25        0.20   32049
3606  2025-11-06 02:00:00  NAS100 25,864.25 25,880.00 25,823.25 25,863.25    -1.25       -0.00   35547
3607  2025-11-06 03:00:00  NAS100 25,863.25 25,877.75 25,729.50 25,741.50  -121.75       -0.47   63035
3608  2025-11-06 20:00:00  NAS100 25,778.50 25,822.25 25,761.25 25,766.00    24.50        0.10   11973
3609  2025-11-06 21:00:00  NAS100 25,766.75 25,774.25 25,510.00 25,513.00  -253.00       -0.98  103715
3610  2025-11-06 22:00:00  NAS100 25,513.25 25,547.00 25,290.75 25,303.00  -210.00       -0.82  155031
3611  2025-11-06 23:00:00  NAS100 25,302.75 25,370.25 25,201.75 25,220.50   -82.50       -0.33   94373
3612  2025-11-07 00:00:00  NAS100 25,220.25 25,356.25 25,197.75 25,337.25   116.75        0.46   74237
3613  2025-11-07 01:00:00  NAS100 25,337.25 25,371.25 25,225.50 25,330.25    -7.00       -0.03   61265
3614  2025-11-07 02:00:00  NAS100 25,331.25 25,438.50 25,321.00 25,404.25    74.00        0.29   61312
3615  2025-11-07 03:00:00  NAS100 25,403.75 25,414.75 25,226.75 25,258.75  -145.50       -0.57   77023
3616  2025-11-07 20:00:00  NAS100 25,092.50 25,147.25 25,066.75 25,111.50  -147.25       -0.58   20787
3617  2025-11-07 21:00:00  NAS100 25,111.25 25,124.00 24,918.00 25,028.00   -83.50       -0.33   98206
3618  2025-11-07 22:00:00  NAS100 25,018.00 25,045.00 24,823.00 24,823.50  -204.50       -0.82  126350
3619  2025-11-07 23:00:00  NAS100 24,822.75 24,861.00 24,718.75 24,746.75   -76.75       -0.31   82342
3620  2025-11-08 00:00:00  NAS100 24,745.75 24,864.50 24,709.25 24,841.25    94.50        0.38   68918
3621  2025-11-08 01:00:00  NAS100 24,841.50 24,953.50 24,821.25 24,922.50    81.25        0.33   63389
3622  2025-11-08 02:00:00  NAS100 24,922.50 25,116.75 24,900.75 25,114.50   192.00        0.77   64720
3623  2025-11-08 03:00:00  NAS100 25,113.75 25,172.75 25,023.50 25,163.50    49.00        0.20   81122
3624  2025-11-10 20:00:00  NAS100 25,540.25 25,559.00 25,519.50 25,556.00   392.50        1.56   11638
3625  2025-11-10 21:00:00  NAS100 25,555.75 25,657.25 25,521.50 25,638.25    82.25        0.32   86309
3626  2025-11-10 22:00:00  NAS100 25,637.25 25,666.50 25,516.50 25,524.00  -114.25       -0.45   88349
3627  2025-11-10 23:00:00  NAS100 25,523.75 25,537.75 25,452.00 25,521.25    -2.75       -0.01   88330
3628  2025-11-11 00:00:00  NAS100 25,521.25 25,647.25 25,507.50 25,635.00   113.75        0.45   60316
3629  2025-11-11 01:00:00  NAS100 25,635.50 25,682.50 25,628.75 25,646.75    11.75        0.05   40963
3630  2025-11-11 02:00:00  NAS100 25,647.25 25,716.50 25,642.50 25,702.00    55.25        0.22   39861
3631  2025-11-11 03:00:00  NAS100 25,702.25 25,760.50 25,696.75 25,713.00    11.00        0.04   75844
3632  2025-11-11 20:00:00  NAS100 25,591.50 25,627.25 25,571.75 25,597.00  -116.00       -0.45   13276
3633  2025-11-11 21:00:00  NAS100 25,596.75 25,646.00 25,560.25 25,627.00    30.00        0.12   69720
3634  2025-11-11 22:00:00  NAS100 25,626.75 25,628.00 25,486.50 25,513.00  -114.00       -0.44   89234
3635  2025-11-11 23:00:00  NAS100 25,513.00 25,591.50 25,478.50 25,510.25    -2.75       -0.01   74500
3636  2025-11-12 00:00:00  NAS100 25,510.25 25,631.25 25,506.75 25,618.00   107.75        0.42   51423
3637  2025-11-12 01:00:00  NAS100 25,617.50 25,696.25 25,607.25 25,690.50    72.50        0.28   52805
3638  2025-11-12 02:00:00  NAS100 25,690.50 25,691.25 25,637.75 25,663.25   -27.25       -0.11   34622
3639  2025-11-12 03:00:00  NAS100 25,663.75 25,688.50 25,619.75 25,647.00   -16.25       -0.06   47741
3640  2025-11-12 20:00:00  NAS100 25,791.25 25,812.50 25,787.25 25,800.50   153.50        0.60    7979
3641  2025-11-12 21:00:00  NAS100 25,800.75 25,801.00 25,561.50 25,593.25  -207.25       -0.80   88776
3642  2025-11-12 22:00:00  NAS100 25,593.50 25,660.00 25,528.50 25,557.00   -36.25       -0.14  106830
3643  2025-11-12 23:00:00  NAS100 25,557.25 25,608.50 25,488.75 25,532.00   -25.00       -0.10   84090
3644  2025-11-13 00:00:00  NAS100 25,532.25 25,629.00 25,518.00 25,608.75    76.75        0.30   68247
3645  2025-11-13 01:00:00  NAS100 25,608.75 25,637.25 25,582.75 25,612.50     3.75        0.01   43870
3646  2025-11-13 02:00:00  NAS100 25,613.00 25,624.50 25,552.25 25,580.25   -32.25       -0.13   45249
3647  2025-11-13 03:00:00  NAS100 25,580.25 25,651.50 25,545.00 25,625.50    45.25        0.18   60801
3648  2025-11-13 20:00:00  NAS100 25,585.50 25,597.00 25,491.75 25,497.25  -128.25       -0.50   17388
3649  2025-11-13 21:00:00  NAS100 25,497.75 25,509.50 25,281.00 25,381.25  -116.00       -0.45  104566
3650  2025-11-13 22:00:00  NAS100 25,382.00 25,496.75 25,197.00 25,258.50  -122.75       -0.48  129217
3651  2025-11-13 23:00:00  NAS100 25,257.75 25,277.75 25,159.00 25,192.50   -66.00       -0.26   88370
3652  2025-11-14 00:00:00  NAS100 25,192.50 25,254.75 25,125.75 25,136.00   -56.50       -0.22   69984
3653  2025-11-14 01:00:00  NAS100 25,137.50 25,166.00 25,012.75 25,070.50   -65.50       -0.26   75431
3654  2025-11-14 02:00:00  NAS100 25,070.00 25,132.50 25,002.50 25,054.50   -16.00       -0.06   66877
3655  2025-11-14 03:00:00  NAS100 25,054.25 25,145.00 25,015.00 25,100.25    45.75        0.18   87595
3656  2025-11-14 20:00:00  NAS100 24,724.00 24,766.25 24,657.00 24,716.75  -383.50       -1.53   30541
3657  2025-11-14 21:00:00  NAS100 24,717.00 24,970.25 24,626.00 24,953.00   236.25        0.96  137209
3658  2025-11-14 22:00:00  NAS100 24,953.00 25,179.00 24,863.25 25,143.00   190.00        0.76  149407
3659  2025-11-14 23:00:00  NAS100 25,142.50 25,268.25 25,069.00 25,247.75   104.75        0.42   87079
3660  2025-11-15 00:00:00  NAS100 25,247.75 25,293.25 25,160.25 25,203.50   -44.25       -0.18   73024
3661  2025-11-15 01:00:00  NAS100 25,204.00 25,224.25 25,088.25 25,172.75   -30.75       -0.12   78253
3662  2025-11-15 02:00:00  NAS100 25,172.50 25,241.75 25,124.50 25,228.00    55.25        0.22   46649
3663  2025-11-15 03:00:00  NAS100 25,228.00 25,251.25 25,071.25 25,106.00  -122.00       -0.48   72310
3664  2025-11-17 20:00:00  NAS100 25,131.00 25,139.50 25,010.00 25,078.25   -27.75       -0.11   20250
3665  2025-11-17 21:00:00  NAS100 25,078.50 25,254.00 24,955.00 25,198.50   120.25        0.48   95732
3666  2025-11-17 22:00:00  NAS100 25,199.25 25,216.00 25,053.75 25,080.50  -118.00       -0.47  104905
3667  2025-11-17 23:00:00  NAS100 25,080.50 25,201.00 24,945.00 25,196.75   116.25        0.46   88204
3668  2025-11-18 00:00:00  NAS100 25,196.25 25,199.75 24,997.00 25,001.00  -195.75       -0.78   62990
3669  2025-11-18 01:00:00  NAS100 25,001.00 25,050.75 24,886.75 24,895.25  -105.75       -0.42   68491
3670  2025-11-18 02:00:00  NAS100 24,895.50 24,911.50 24,754.25 24,756.25  -139.00       -0.56   74731
3671  2025-11-18 03:00:00  NAS100 24,756.25 24,890.75 24,731.75 24,887.75   131.50        0.53   89403
3672  2025-11-18 20:00:00  NAS100 24,694.50 24,771.00 24,694.50 24,731.75  -156.00       -0.63   19019
3673  2025-11-18 21:00:00  NAS100 24,731.75 24,832.00 24,522.00 24,522.50  -209.25       -0.85  122956
3674  2025-11-18 22:00:00  NAS100 24,521.75 24,613.00 24,430.00 24,458.50   -64.00       -0.26  152350
3675  2025-11-18 23:00:00  NAS100 24,458.75 24,696.75 24,378.00 24,653.25   194.75        0.80  110530
3676  2025-11-19 00:00:00  NAS100 24,653.00 24,783.25 24,493.50 24,752.75    99.50        0.40   83376
3677  2025-11-19 01:00:00  NAS100 24,753.50 24,804.50 24,692.00 24,708.75   -44.00       -0.18   63028
3678  2025-11-19 02:00:00  NAS100 24,710.25 24,810.25 24,686.00 24,775.50    66.75        0.27   58309
3679  2025-11-19 03:00:00  NAS100 24,775.25 24,795.75 24,578.75 24,583.50  -192.00       -0.77   77553
3680  2025-11-19 20:00:00  NAS100 24,695.50 24,709.00 24,640.75 24,664.75    81.25        0.33   14630
3681  2025-11-19 21:00:00  NAS100 24,664.75 24,903.75 24,573.00 24,893.75   229.00        0.93   96717
3682  2025-11-19 22:00:00  NAS100 24,894.00 24,988.00 24,748.00 24,769.50  -124.25       -0.50  123164
3683  2025-11-19 23:00:00  NAS100 24,768.75 24,785.75 24,648.75 24,714.50   -55.00       -0.22  102668
3684  2025-11-20 00:00:00  NAS100 24,714.50 24,721.25 24,507.00 24,635.25   -79.25       -0.32   81462
3685  2025-11-20 01:00:00  NAS100 24,633.50 24,712.75 24,587.25 24,686.75    51.50        0.21   56374
3686  2025-11-20 02:00:00  NAS100 24,688.25 24,701.25 24,571.00 24,658.50   -28.25       -0.11   52765
3687  2025-11-20 03:00:00  NAS100 24,656.75 24,830.25 24,644.50 24,724.75    66.25        0.27   77009
3688  2025-11-20 20:00:00  NAS100 25,156.00 25,264.75 25,120.75 25,229.50   504.75        2.04   28952
3689  2025-11-20 21:00:00  NAS100 25,230.00 25,291.50 25,146.00 25,274.25    44.75        0.18   92002
3690  2025-11-20 22:00:00  NAS100 25,275.00 25,310.00 25,156.75 25,162.75  -111.50       -0.44  110964
3691  2025-11-20 23:00:00  NAS100 25,162.75 25,164.75 24,512.00 24,554.75  -608.00       -2.42  188902
3692  2025-11-21 00:00:00  NAS100 24,554.00 24,641.50 24,308.50 24,395.00  -159.75       -0.65  151996
3693  2025-11-21 01:00:00  NAS100 24,395.25 24,598.75 24,235.50 24,278.50  -116.50       -0.48  102153
3694  2025-11-21 02:00:00  NAS100 24,278.75 24,402.00 24,205.00 24,396.50   118.00        0.49   73176
3695  2025-11-21 03:00:00  NAS100 24,396.25 24,396.25 24,098.00 24,137.25  -259.25       -1.06   93184
3696  2025-11-21 20:00:00  NAS100 24,191.75 24,292.00 24,144.50 24,244.50   107.25        0.44   33820
3697  2025-11-21 21:00:00  NAS100 24,242.00 24,298.00 24,101.50 24,174.25   -70.25       -0.29  111166
3698  2025-11-21 22:00:00  NAS100 24,174.25 24,228.50 23,927.25 24,022.25  -152.00       -0.63  150210
3699  2025-11-21 23:00:00  NAS100 24,018.50 24,373.25 23,935.00 24,372.25   350.00        1.46   95087
3700  2025-11-22 00:00:00  NAS100 24,371.75 24,415.50 24,305.50 24,350.25   -22.00       -0.09   68502
3701  2025-11-22 01:00:00  NAS100 24,350.50 24,559.50 24,203.50 24,477.25   127.00        0.52   84010
3702  2025-11-22 02:00:00  NAS100 24,477.50 24,596.25 24,427.50 24,458.75   -18.50       -0.08   63057
3703  2025-11-22 03:00:00  NAS100 24,458.75 24,496.25 24,285.00 24,317.75  -141.00       -0.58   72239
3704  2025-11-24 20:00:00  NAS100 24,505.25 24,564.00 24,491.00 24,499.25   181.50        0.75   14443
3705  2025-11-24 21:00:00  NAS100 24,498.00 24,722.75 24,495.25 24,683.50   184.25        0.75   86925
3706  2025-11-24 22:00:00  NAS100 24,683.00 24,817.25 24,664.00 24,780.25    96.75        0.39   96442
3707  2025-11-24 23:00:00  NAS100 24,780.00 24,889.75 24,779.50 24,846.25    66.00        0.27   59780
3708  2025-11-25 00:00:00  NAS100 24,847.00 24,939.75 24,829.00 24,920.50    74.25        0.30   52104
3709  2025-11-25 01:00:00  NAS100 24,920.25 24,953.75 24,914.00 24,925.50     5.00        0.02   36455
3710  2025-11-25 02:00:00  NAS100 24,925.25 24,961.00 24,893.00 24,914.00   -11.50       -0.05   43358
3711  2025-11-25 03:00:00  NAS100 24,914.25 24,993.50 24,912.75 24,942.50    28.50        0.11   76273
3712  2025-11-25 20:00:00  NAS100 24,910.25 24,960.00 24,873.50 24,883.50   -59.00       -0.24   21749
3713  2025-11-25 21:00:00  NAS100 24,884.00 24,892.75 24,602.00 24,817.00   -66.50       -0.27  119440
3714  2025-11-25 22:00:00  NAS100 24,819.00 24,873.00 24,655.50 24,818.00     1.00        0.00  122365
3715  2025-11-25 23:00:00  NAS100 24,818.25 24,913.50 24,773.50 24,899.25    81.25        0.33   58778
3716  2025-11-26 00:00:00  NAS100 24,899.25 25,060.75 24,893.75 24,986.25    87.00        0.35   61296
3717  2025-11-26 01:00:00  NAS100 24,986.50 25,049.50 24,982.75 25,023.75    37.50        0.15   35785
3718  2025-11-26 02:00:00  NAS100 25,024.00 25,033.25 24,938.00 25,013.75   -10.00       -0.04   40346
3719  2025-11-26 03:00:00  NAS100 25,014.50 25,135.25 25,012.50 25,079.75    66.00        0.26   62008
3720  2025-11-26 20:00:00  NAS100 25,175.50 25,220.50 25,168.00 25,214.00   134.25        0.54   15652
3721  2025-11-26 21:00:00  NAS100 25,214.25 25,280.25 25,155.25 25,167.50   -46.50       -0.18   79150
3722  2025-11-26 22:00:00  NAS100 25,167.00 25,271.50 25,133.75 25,268.00   100.50        0.40   87844
3723  2025-11-26 23:00:00  NAS100 25,268.25 25,376.00 25,263.25 25,354.25    86.25        0.34   63158
3724  2025-11-27 00:00:00  NAS100 25,355.00 25,369.25 25,313.25 25,338.75   -15.50       -0.06   40549
3725  2025-11-27 01:00:00  NAS100 25,339.00 25,360.00 25,281.00 25,316.50   -22.25       -0.09   50492
3726  2025-11-27 02:00:00  NAS100 25,316.50 25,355.25 25,297.75 25,332.50    16.00        0.06   37672
3727  2025-11-27 03:00:00  NAS100 25,332.50 25,360.75 25,294.75 25,296.25   -36.25       -0.14   51026
3728  2025-11-28 21:30:00  NAS100 25,373.00 25,422.00 25,331.00 25,369.25    73.00        0.29   23792
3729  2025-11-28 22:30:00  NAS100 25,370.50 25,421.75 25,352.25 25,409.50    40.25        0.16   26400
3730  2025-11-28 23:30:00  NAS100 25,409.00 25,436.25 25,367.50 25,426.25    16.75        0.07   34404
3731  2025-11-29 00:30:00  NAS100 25,426.75 25,490.50 25,394.25 25,487.00    60.75        0.24   41805
3732  2025-12-01 20:00:00  NAS100 25,226.75 25,270.75 25,214.75 25,266.00  -221.00       -0.87   13380
3733  2025-12-01 21:00:00  NAS100 25,266.00 25,379.50 25,209.25 25,365.50    99.50        0.39   82471
3734  2025-12-01 22:00:00  NAS100 25,365.75 25,420.00 25,267.50 25,412.75    47.25        0.19   94809
3735  2025-12-01 23:00:00  NAS100 25,413.00 25,451.00 25,322.50 25,435.50    22.75        0.09   60880
3736  2025-12-02 00:00:00  NAS100 25,434.75 25,495.75 25,414.25 25,450.50    15.00        0.06   42008
3737  2025-12-02 01:00:00  NAS100 25,450.75 25,492.75 25,446.50 25,486.50    36.00        0.14   26876
3738  2025-12-02 02:00:00  NAS100 25,486.75 25,488.00 25,357.00 25,373.75  -112.75       -0.44   56745
3739  2025-12-02 03:00:00  NAS100 25,373.75 25,421.25 25,365.00 25,402.00    28.25        0.11   62520
3740  2025-12-02 20:00:00  NAS100 25,498.50 25,514.75 25,480.50 25,506.75   104.75        0.41    9529
3741  2025-12-02 21:00:00  NAS100 25,507.25 25,613.00 25,471.25 25,597.75    91.00        0.36   78078
3742  2025-12-02 22:00:00  NAS100 25,598.50 25,670.00 25,531.00 25,647.75    50.00        0.20   97069
3743  2025-12-02 23:00:00  NAS100 25,648.00 25,663.50 25,414.50 25,509.25  -138.50       -0.54  106762
3744  2025-12-03 00:00:00  NAS100 25,509.75 25,622.25 25,504.50 25,506.25    -3.00       -0.01   56304
3745  2025-12-03 01:00:00  NAS100 25,506.25 25,587.25 25,496.50 25,577.00    70.75        0.28   44662
3746  2025-12-03 02:00:00  NAS100 25,577.25 25,643.00 25,563.25 25,633.75    56.75        0.22   38457
3747  2025-12-03 03:00:00  NAS100 25,634.00 25,646.75 25,591.50 25,600.50   -33.25       -0.13   46000
3748  2025-12-03 20:00:00  NAS100 25,654.50 25,677.75 25,639.50 25,648.50    48.00        0.19    9326
3749  2025-12-03 21:00:00  NAS100 25,648.00 25,653.00 25,421.50 25,494.50  -154.00       -0.60  105271
3750  2025-12-03 22:00:00  NAS100 25,497.50 25,605.50 25,482.25 25,563.00    68.50        0.27   97862
3751  2025-12-03 23:00:00  NAS100 25,563.25 25,621.50 25,521.75 25,560.25    -2.75       -0.01   59700
3752  2025-12-04 00:00:00  NAS100 25,560.75 25,637.25 25,555.00 25,625.50    65.25        0.26   41886
3753  2025-12-04 01:00:00  NAS100 25,625.25 25,654.75 25,608.25 25,629.00     3.50        0.01   32987
3754  2025-12-04 02:00:00  NAS100 25,628.50 25,672.25 25,625.75 25,669.75    40.75        0.16   27796
3755  2025-12-04 03:00:00  NAS100 25,670.00 25,685.25 25,640.75 25,657.25   -12.50       -0.05   45299
3756  2025-12-04 20:00:00  NAS100 25,657.75 25,666.50 25,618.25 25,632.00   -25.25       -0.10    8680
3757  2025-12-04 21:00:00  NAS100 25,631.75 25,732.50 25,540.25 25,555.50   -76.50       -0.30   86731
3758  2025-12-04 22:00:00  NAS100 25,555.50 25,639.25 25,520.50 25,569.75    14.25        0.06   83398
3759  2025-12-04 23:00:00  NAS100 25,569.50 25,650.25 25,505.00 25,642.00    72.25        0.28   72362
3760  2025-12-05 00:00:00  NAS100 25,642.00 25,653.25 25,585.75 25,617.50   -24.50       -0.10   41848
3761  2025-12-05 01:00:00  NAS100 25,617.50 25,632.50 25,574.75 25,604.00   -13.50       -0.05   35893
3762  2025-12-05 02:00:00  NAS100 25,603.75 25,612.00 25,488.75 25,589.00   -15.00       -0.06   60494
3763  2025-12-05 03:00:00  NAS100 25,589.25 25,632.75 25,551.75 25,627.25    38.25        0.15   53268
3764  2025-12-05 20:00:00  NAS100 25,703.00 25,710.00 25,579.75 25,614.25   -13.00       -0.05   20280
3765  2025-12-05 21:00:00  NAS100 25,613.75 25,803.25 25,611.50 25,791.25   177.00        0.69   74138
3766  2025-12-05 22:00:00  NAS100 25,791.25 25,868.00 25,716.25 25,743.00   -48.25       -0.19   92669
3767  2025-12-05 23:00:00  NAS100 25,743.00 25,767.00 25,651.25 25,730.25   -12.75       -0.05   81936
3768  2025-12-06 00:00:00  NAS100 25,729.50 25,740.75 25,664.75 25,730.50     0.25        0.00   45267
3769  2025-12-06 01:00:00  NAS100 25,729.75 25,758.50 25,700.00 25,726.75    -3.75       -0.01   34938
3770  2025-12-06 02:00:00  NAS100 25,727.75 25,743.75 25,702.50 25,737.50    10.75        0.04   31401
3771  2025-12-06 03:00:00  NAS100 25,737.75 25,740.25 25,677.75 25,726.00   -11.50       -0.04   47838
3772  2025-12-08 20:00:00  NAS100 25,803.25 25,833.00 25,784.50 25,810.50    84.50        0.33   10876
3773  2025-12-08 21:00:00  NAS100 25,810.25 25,860.75 25,721.50 25,744.50   -66.00       -0.26   69606
3774  2025-12-08 22:00:00  NAS100 25,744.75 25,778.00 25,649.75 25,663.00   -81.50       -0.32   69668
3775  2025-12-08 23:00:00  NAS100 25,662.75 25,671.50 25,626.25 25,639.50   -23.50       -0.09   55898
3776  2025-12-09 00:00:00  NAS100 25,640.25 25,690.00 25,593.75 25,680.50    41.00        0.16   54365
3777  2025-12-09 01:00:00  NAS100 25,680.25 25,696.25 25,564.75 25,592.50   -88.00       -0.34   53415
3778  2025-12-09 02:00:00  NAS100 25,592.75 25,622.25 25,568.00 25,591.75    -0.75       -0.00   36805
3779  2025-12-09 03:00:00  NAS100 25,591.75 25,671.75 25,582.50 25,669.00    77.25        0.30   46594
3780  2025-12-09 20:00:00  NAS100 25,663.50 25,666.00 25,607.00 25,617.00   -52.00       -0.20    9105
3781  2025-12-09 21:00:00  NAS100 25,616.50 25,653.50 25,560.00 25,629.50    12.50        0.05   64394
3782  2025-12-09 22:00:00  NAS100 25,630.50 25,685.25 25,605.50 25,684.50    55.00        0.21   67690
3783  2025-12-09 23:00:00  NAS100 25,683.75 25,716.00 25,668.25 25,709.00    24.50        0.10   51909
3784  2025-12-10 00:00:00  NAS100 25,709.00 25,733.00 25,689.25 25,717.75     8.75        0.03   38618
3785  2025-12-10 01:00:00  NAS100 25,716.75 25,735.75 25,690.75 25,721.75     4.00        0.02   38976
3786  2025-12-10 02:00:00  NAS100 25,721.75 25,724.25 25,683.00 25,702.50   -19.25       -0.07   30377
3787  2025-12-10 03:00:00  NAS100 25,701.75 25,722.00 25,683.75 25,703.25     0.75        0.00   37881
3788  2025-12-10 20:00:00  NAS100 25,649.00 25,720.00 25,645.00 25,672.50   -30.75       -0.12    9652
3789  2025-12-10 21:00:00  NAS100 25,673.00 25,682.75 25,567.00 25,631.25   -41.25       -0.16   73938
3790  2025-12-10 22:00:00  NAS100 25,630.50 25,656.50 25,550.25 25,566.75   -64.50       -0.25   73573
3791  2025-12-10 23:00:00  NAS100 25,567.00 25,658.25 25,528.75 25,650.50    83.75        0.33   55942
3792  2025-12-11 00:00:00  NAS100 25,650.50 25,682.25 25,615.75 25,665.25    14.75        0.06   33387
3793  2025-12-11 01:00:00  NAS100 25,664.75 25,667.75 25,595.00 25,616.75   -48.50       -0.19   30692
3794  2025-12-11 02:00:00  NAS100 25,614.50 25,834.75 25,602.50 25,824.75   208.00        0.81  128266
3795  2025-12-11 03:00:00  NAS100 25,824.00 25,870.75 25,788.00 25,800.00   -24.75       -0.10   73747
3796  2025-12-11 20:00:00  NAS100 25,692.50 25,699.50 25,632.00 25,643.50  -156.50       -0.61   11897
3797  2025-12-11 21:00:00  NAS100 25,643.75 25,681.00 25,400.50 25,414.50  -229.00       -0.89  113190
3798  2025-12-11 22:00:00  NAS100 25,414.75 25,629.25 25,390.25 25,531.00   116.50        0.46  120822
3799  2025-12-11 23:00:00  NAS100 25,531.25 25,589.25 25,456.25 25,501.25   -29.75       -0.12   76225
3800  2025-12-12 00:00:00  NAS100 25,501.25 25,647.50 25,494.75 25,592.50    91.25        0.36   55226
3801  2025-12-12 01:00:00  NAS100 25,592.00 25,687.00 25,582.00 25,637.50    45.00        0.18   46946
3802  2025-12-12 02:00:00  NAS100 25,636.75 25,722.75 25,635.25 25,689.50    52.00        0.20   34340
3803  2025-12-12 03:00:00  NAS100 25,690.25 25,720.00 25,660.50 25,715.00    25.50        0.10   46829
3804  2025-12-12 20:00:00  NAS100 25,568.25 25,626.25 25,558.50 25,625.75   -89.25       -0.35   10059
3805  2025-12-12 21:00:00  NAS100 25,625.50 25,632.25 25,501.50 25,558.25   -67.50       -0.26   91854
3806  2025-12-12 22:00:00  NAS100 25,558.25 25,559.00 25,214.00 25,240.50  -317.75       -1.24  166012
3807  2025-12-12 23:00:00  NAS100 25,240.25 25,277.25 25,118.00 25,174.50   -66.00       -0.26  124420
3808  2025-12-13 00:00:00  NAS100 25,173.50 25,311.50 25,162.75 25,276.50   102.00        0.41   72664
3809  2025-12-13 01:00:00  NAS100 25,277.25 25,372.50 25,262.75 25,278.25     1.75        0.01   62249
3810  2025-12-13 02:00:00  NAS100 25,279.00 25,285.50 25,215.25 25,244.00   -34.25       -0.14   51415
3811  2025-12-13 03:00:00  NAS100 25,244.25 25,262.75 25,145.50 25,209.75   -34.25       -0.14   81969
3812  2025-12-15 20:00:00  NAS100 25,351.25 25,383.50 25,336.25 25,380.75   171.00        0.68   13481
3813  2025-12-15 21:00:00  NAS100 25,380.00 25,410.00 25,213.75 25,223.75  -157.00       -0.62   65420
3814  2025-12-15 22:00:00  NAS100 25,225.75 25,235.75 25,033.25 25,153.00   -70.75       -0.28   91087
3815  2025-12-15 23:00:00  NAS100 25,154.25 25,266.75 25,119.00 25,162.50     9.50        0.04   58377
3816  2025-12-16 00:00:00  NAS100 25,161.00 25,187.75 25,084.25 25,131.25   -31.25       -0.12   43669
3817  2025-12-16 01:00:00  NAS100 25,130.00 25,169.50 25,080.25 25,152.50    21.25        0.08   36237
3818  2025-12-16 02:00:00  NAS100 25,152.50 25,181.50 25,106.25 25,150.00    -2.50       -0.01   29878
3819  2025-12-16 03:00:00  NAS100 25,149.50 25,157.25 25,082.50 25,084.00   -66.00       -0.26   39569
3820  2025-12-16 20:00:00  NAS100 25,298.00 25,386.50 24,994.50 25,252.00   168.00        0.67   27522
3821  2025-12-16 21:00:00  NAS100 25,252.50 25,398.75 24,961.00 25,147.00  -105.00       -0.42       0
3822  2025-12-16 22:00:00  NAS100 25,149.25 25,409.00 24,937.25 25,321.75   174.75        0.69  236454
3823  2025-12-16 23:00:00  NAS100 25,322.00 25,344.00 24,971.00 25,335.50    13.75        0.05   75744
3824  2025-12-17 00:00:00  NAS100 25,335.75 25,355.00 24,952.50 25,200.00  -135.50       -0.53   65717
3825  2025-12-17 01:00:00  NAS100 25,200.50 25,350.25 24,934.00 25,316.25   116.25        0.46   64919
3826  2025-12-17 02:00:00  NAS100 25,315.75 25,349.25 24,985.50 25,318.50     2.25        0.01   54324
3827  2025-12-17 03:00:00  NAS100 25,318.25 25,444.00 25,072.00 25,132.75  -185.75       -0.73       0
3828  2025-12-17 20:00:00  NAS100 25,244.00 25,497.00 25,152.00 25,464.50   331.75        1.32   25376
3829  2025-12-17 21:00:00  NAS100 25,464.75 25,482.00 25,011.50 25,332.00  -132.50       -0.52  101686
3830  2025-12-17 22:00:00  NAS100 25,099.50 25,345.75 24,807.50 25,059.50  -272.50       -1.08  133625
3831  2025-12-17 23:00:00  NAS100 25,058.25 25,122.50 24,758.75 25,034.50   -25.00       -0.10  105398
3832  2025-12-18 00:00:00  NAS100 25,035.25 25,085.00 24,756.25 25,022.50   -12.00       -0.05   70764
3833  2025-12-18 01:00:00  NAS100 25,022.00 25,078.00 24,795.25 24,957.75   -64.75       -0.26   49108
3834  2025-12-18 02:00:00  NAS100 24,956.50 24,985.50 24,922.00 24,975.50    17.75        0.07   43370
3835  2025-12-18 03:00:00  NAS100 24,975.00 24,983.25 24,887.75 24,892.00   -83.50       -0.33   61619
3836  2025-12-18 20:00:00  NAS100 25,094.75 25,264.00 25,064.75 25,223.00   331.00        1.33   33964
3837  2025-12-18 21:00:00  NAS100 25,221.50 25,329.50 25,161.25 25,277.50    54.50        0.22  104960
3838  2025-12-18 22:00:00  NAS100 25,277.50 25,407.25 25,174.75 25,366.00    88.50        0.35  117828
3839  2025-12-18 23:00:00  NAS100 25,365.75 25,412.50 25,343.25 25,386.50    20.50        0.08   60492
3840  2025-12-19 00:00:00  NAS100 25,386.75 25,386.75 25,184.50 25,355.25   -31.25       -0.12  101231
3841  2025-12-19 01:00:00  NAS100 25,355.50 25,402.25 25,317.25 25,338.50   -16.75       -0.07   51661
3842  2025-12-19 02:00:00  NAS100 25,338.00 25,340.00 25,193.75 25,208.00  -130.50       -0.52   70462
3843  2025-12-19 03:00:00  NAS100 25,208.25 25,343.50 25,192.50 25,252.00    44.00        0.17   72742
3844  2025-12-19 20:00:00  NAS100 25,280.25 25,339.75 25,273.75 25,323.50    71.50        0.28   11031
3845  2025-12-19 21:00:00  NAS100 25,323.00 25,573.00 25,298.25 25,560.25   236.75        0.93  105294
3846  2025-12-19 22:00:00  NAS100 25,558.75 25,600.25 25,465.25 25,483.00   -77.25       -0.30   81974
3847  2025-12-19 23:00:00  NAS100 25,483.00 25,565.00 25,460.00 25,505.25    22.25        0.09   56775
3848  2025-12-20 00:00:00  NAS100 25,505.25 25,597.50 25,502.00 25,578.25    73.00        0.29   40406
3849  2025-12-20 01:00:00  NAS100 25,577.75 25,592.00 25,543.75 25,551.75   -26.50       -0.10   27927
3850  2025-12-20 02:00:00  NAS100 25,551.50 25,589.50 25,550.50 25,569.00    17.25        0.07   20572
3851  2025-12-20 03:00:00  NAS100 25,569.50 25,593.00 25,549.75 25,581.00    12.00        0.05   55108
3852  2025-12-22 20:00:00  NAS100 25,736.75 25,757.00 25,730.75 25,752.50   171.50        0.67    7255
3853  2025-12-22 21:00:00  NAS100 25,753.00 25,794.75 25,672.25 25,748.00    -4.50       -0.02   76049
3854  2025-12-22 22:00:00  NAS100 25,747.00 25,754.75 25,628.00 25,674.50   -73.50       -0.29   67091
3855  2025-12-22 23:00:00  NAS100 25,674.25 25,721.25 25,672.50 25,714.75    40.25        0.16   38433
3856  2025-12-23 00:00:00  NAS100 25,715.00 25,727.25 25,686.50 25,721.00     6.25        0.02   30789
3857  2025-12-23 01:00:00  NAS100 25,721.25 25,722.25 25,673.00 25,689.50   -31.50       -0.12   29437
3858  2025-12-23 02:00:00  NAS100 25,689.75 25,712.25 25,676.25 25,690.50     1.00        0.00   22906
3859  2025-12-23 03:00:00  NAS100 25,690.75 25,703.50 25,679.25 25,688.25    -2.25       -0.01   33732
3860  2025-12-23 20:00:00  NAS100 25,684.75 25,687.00 25,608.25 25,619.75   -68.50       -0.27   13013
3861  2025-12-23 21:00:00  NAS100 25,621.00 25,751.25 25,609.00 25,692.75    73.00        0.28   65045
3862  2025-12-23 22:00:00  NAS100 25,692.25 25,741.00 25,628.25 25,731.25    38.50        0.15   66020
3863  2025-12-23 23:00:00  NAS100 25,731.50 25,776.50 25,726.50 25,773.25    42.00        0.16   40649
3864  2025-12-24 00:00:00  NAS100 25,774.00 25,777.75 25,750.75 25,754.75   -18.50       -0.07   24433
3865  2025-12-24 01:00:00  NAS100 25,754.25 25,780.25 25,751.50 25,774.00    19.25        0.07   19535
3866  2025-12-24 02:00:00  NAS100 25,774.00 25,800.50 25,772.50 25,797.25    23.25        0.09   20387
3867  2025-12-24 03:00:00  NAS100 25,797.00 25,820.50 25,792.25 25,811.25    14.00        0.05   34744
3868  2025-12-24 21:30:00  NAS100 25,822.75 25,827.50 25,784.00 25,809.75    -1.50       -0.01   34303
3869  2025-12-24 22:30:00  NAS100 25,809.50 25,840.75 25,803.75 25,828.75    19.00        0.07   34124
3870  2025-12-24 23:30:00  NAS100 25,829.00 25,885.00 25,828.00 25,876.25    47.50        0.18   31422
3871  2025-12-25 00:30:00  NAS100 25,876.50 25,892.00 25,864.00 25,877.75     1.50        0.01   26844
3872  2025-12-26 20:00:00  NAS100 25,890.00 25,923.25 25,886.75 25,896.50    18.75        0.07    5772
3873  2025-12-26 21:00:00  NAS100 25,897.00 25,935.25 25,864.50 25,881.00   -15.50       -0.06   40248
3874  2025-12-26 22:00:00  NAS100 25,881.00 25,906.00 25,834.25 25,899.50    18.50        0.07   45918
3875  2025-12-26 23:00:00  NAS100 25,899.00 25,912.00 25,857.00 25,873.75   -25.75       -0.10   27951
3876  2025-12-27 00:00:00  NAS100 25,873.50 25,881.75 25,847.75 25,871.75    -2.00       -0.01   21696
3877  2025-12-27 01:00:00  NAS100 25,871.75 25,893.25 25,854.50 25,891.75    20.00        0.08   16975
3878  2025-12-27 02:00:00  NAS100 25,891.75 25,899.00 25,873.00 25,891.25    -0.50       -0.00   17696
3879  2025-12-27 03:00:00  NAS100 25,890.75 25,892.00 25,853.50 25,866.75   -24.50       -0.09   27054
3880  2025-12-29 20:00:00  NAS100 25,745.50 25,762.75 25,660.75 25,693.00  -173.75       -0.67   11513
3881  2025-12-29 21:00:00  NAS100 25,694.75 25,819.00 25,656.75 25,724.50    31.50        0.12   65720
3882  2025-12-29 22:00:00  NAS100 25,723.00 25,772.75 25,661.75 25,702.75   -21.75       -0.08   63573
3883  2025-12-29 23:00:00  NAS100 25,702.50 25,718.25 25,680.00 25,695.50    -7.25       -0.03   33196
3884  2025-12-30 00:00:00  NAS100 25,695.50 25,707.75 25,648.00 25,700.00     4.50        0.02   29091
3885  2025-12-30 01:00:00  NAS100 25,699.25 25,729.00 25,680.50 25,694.50    -5.50       -0.02   23480
3886  2025-12-30 02:00:00  NAS100 25,694.00 25,774.25 25,683.50 25,765.50    71.00        0.28   28393
3887  2025-12-30 03:00:00  NAS100 25,765.75 25,766.25 25,729.25 25,741.00   -24.50       -0.10   31045
3888  2025-12-30 20:00:00  NAS100 25,726.25 25,744.75 25,691.25 25,713.75   -27.25       -0.11    6887
3889  2025-12-30 21:00:00  NAS100 25,714.25 25,774.75 25,674.25 25,756.75    43.00        0.17   55371
3890  2025-12-30 22:00:00  NAS100 25,756.00 25,761.50 25,681.50 25,744.00   -12.75       -0.05   52761
3891  2025-12-30 23:00:00  NAS100 25,744.50 25,793.75 25,717.00 25,720.50   -23.50       -0.09   38613
3892  2025-12-31 00:00:00  NAS100 25,720.00 25,739.00 25,699.50 25,728.75     8.25        0.03   25479
3893  2025-12-31 01:00:00  NAS100 25,728.75 25,744.25 25,707.50 25,732.50     3.75        0.01   19582
3894  2025-12-31 02:00:00  NAS100 25,732.50 25,743.00 25,705.50 25,712.00   -20.50       -0.08   21698
3895  2025-12-31 03:00:00  NAS100 25,711.50 25,717.75 25,668.25 25,677.50   -34.50       -0.13   33595
3896  2025-12-31 20:00:00  NAS100 25,629.25 25,714.75 25,621.75 25,703.00    25.50        0.10   10067
3897  2025-12-31 21:00:00  NAS100 25,702.75 25,716.75 25,581.50 25,605.50   -97.50       -0.38   50737
3898  2025-12-31 22:00:00  NAS100 25,606.25 25,618.00 25,542.50 25,555.00   -50.50       -0.20   42444
3899  2025-12-31 23:00:00  NAS100 25,554.25 25,607.50 25,552.75 25,605.00    50.00        0.20   27312
3900  2026-01-01 00:00:00  NAS100 25,605.00 25,606.50 25,568.00 25,581.50   -23.50       -0.09   22184
3901  2026-01-01 01:00:00  NAS100 25,581.50 25,629.50 25,572.50 25,614.25    32.75        0.13   20214
3902  2026-01-01 02:00:00  NAS100 25,614.50 25,634.50 25,532.00 25,535.75   -78.50       -0.31   28955
3903  2026-01-01 03:00:00  NAS100 25,535.75 25,539.50 25,444.50 25,455.25   -80.50       -0.32   57219
3904  2026-01-02 20:00:00  NAS100 25,703.25 25,709.00 25,679.25 25,692.75   237.50        0.93    7009
3905  2026-01-02 21:00:00  NAS100 25,692.00 25,803.75 25,638.25 25,733.00    40.25        0.16   78071
3906  2026-01-02 22:00:00  NAS100 25,733.75 25,780.00 25,360.50 25,375.00  -358.00       -1.39  123411
3907  2026-01-02 23:00:00  NAS100 25,375.75 25,427.25 25,294.25 25,341.50   -33.50       -0.13   85884
3908  2026-01-03 00:00:00  NAS100 25,341.25 25,405.50 25,310.75 25,323.75   -17.75       -0.07   40356
3909  2026-01-03 01:00:00  NAS100 25,323.50 25,363.75 25,265.25 25,295.00   -28.75       -0.11   36929
3910  2026-01-03 02:00:00  NAS100 25,294.50 25,457.00 25,288.50 25,399.50   104.50        0.41   42858
3911  2026-01-03 03:00:00  NAS100 25,399.50 25,450.50 25,362.00 25,386.00   -13.50       -0.05   49650
3912  2026-01-05 20:00:00  NAS100 25,558.25 25,592.75 25,520.25 25,576.00   190.00        0.75   10481
3913  2026-01-05 21:00:00  NAS100 25,576.00 25,672.50 25,538.75 25,599.75    23.75        0.09  100070
3914  2026-01-05 22:00:00  NAS100 25,593.25 25,690.50 25,566.00 25,665.00    65.25        0.25   71997
3915  2026-01-05 23:00:00  NAS100 25,665.25 25,708.00 25,651.25 25,658.25    -6.75       -0.03   44850
3916  2026-01-06 00:00:00  NAS100 25,659.00 25,673.50 25,607.50 25,626.75   -31.50       -0.12   41602
3917  2026-01-06 01:00:00  NAS100 25,627.00 25,632.25 25,557.00 25,612.75   -14.00       -0.05   36633
3918  2026-01-06 02:00:00  NAS100 25,612.75 25,618.75 25,549.50 25,577.50   -35.25       -0.14   30774
3919  2026-01-06 03:00:00  NAS100 25,577.00 25,613.00 25,565.00 25,587.00     9.50        0.04   42872
3920  2026-01-06 20:00:00  NAS100 25,640.25 25,650.50 25,590.50 25,616.50    29.50        0.12    8597
3921  2026-01-06 21:00:00  NAS100 25,616.75 25,761.25 25,592.50 25,753.00   136.50        0.53   85107
3922  2026-01-06 22:00:00  NAS100 25,753.00 25,779.00 25,676.75 25,687.50   -65.50       -0.25   78197
3923  2026-01-06 23:00:00  NAS100 25,687.00 25,706.75 25,644.75 25,695.50     8.00        0.03   61540
3924  2026-01-07 00:00:00  NAS100 25,696.00 25,772.50 25,674.50 25,760.25    64.75        0.25   43504
3925  2026-01-07 01:00:00  NAS100 25,759.75 25,805.75 25,745.00 25,800.00    39.75        0.15   31573
3926  2026-01-07 02:00:00  NAS100 25,805.00 25,821.00 25,794.00 25,809.75     9.75        0.04   24717
3927  2026-01-07 03:00:00  NAS100 25,812.25 25,837.75 25,802.00 25,834.75    25.00        0.10   32208
3928  2026-01-07 20:00:00  NAS100 25,765.00 25,793.75 25,755.25 25,788.75   -46.00       -0.18    9868
3929  2026-01-07 21:00:00  NAS100 25,788.25 25,880.00 25,761.50 25,855.00    66.25        0.26   67442
3930  2026-01-07 22:00:00  NAS100 25,857.25 25,911.25 25,810.75 25,903.25    48.25        0.19   78758
3931  2026-01-07 23:00:00  NAS100 25,919.25 25,971.00 25,879.25 25,970.00    66.75        0.26   59659
3932  2026-01-08 00:00:00  NAS100 25,970.25 25,996.25 25,960.00 25,971.00     1.00        0.00   42024
3933  2026-01-08 01:00:00  NAS100 25,971.00 25,979.00 25,926.00 25,955.50   -15.50       -0.06   40804
3934  2026-01-08 02:00:00  NAS100 25,956.00 25,956.25 25,890.00 25,902.75   -52.75       -0.20   40804
3935  2026-01-08 03:00:00  NAS100 25,902.75 25,913.50 25,814.50 25,834.25   -68.50       -0.26   66681
3936  2026-01-08 20:00:00  NAS100 25,766.50 25,818.00 25,758.00 25,799.50   -34.75       -0.13    8456
3937  2026-01-08 21:00:00  NAS100 25,799.50 25,811.00 25,597.25 25,603.25  -196.25       -0.76  101620
3938  2026-01-08 22:00:00  NAS100 25,603.75 25,713.50 25,569.00 25,684.25    81.00        0.32  100524
3939  2026-01-08 23:00:00  NAS100 25,684.25 25,686.50 25,583.75 25,671.25   -13.00       -0.05   60366
3940  2026-01-09 00:00:00  NAS100 25,670.75 25,703.75 25,627.00 25,680.50     9.25        0.04   35637
3941  2026-01-09 01:00:00  NAS100 25,681.00 25,684.75 25,619.25 25,631.75   -48.75       -0.19   35316
3942  2026-01-09 02:00:00  NAS100 25,631.25 25,657.75 25,595.00 25,634.25     2.50        0.01   34689
3943  2026-01-09 03:00:00  NAS100 25,633.50 25,700.00 25,625.50 25,683.00    48.75        0.19   44798
3944  2026-01-09 20:00:00  NAS100 25,749.00 25,807.50 25,726.50 25,804.75   121.75        0.47   17880
3945  2026-01-09 21:00:00  NAS100 25,805.25 25,824.75 25,648.50 25,734.75   -70.00       -0.27   94342
3946  2026-01-09 22:00:00  NAS100 25,734.00 25,879.00 25,615.50 25,812.25    77.50        0.30  116964
3947  2026-01-09 23:00:00  NAS100 25,811.75 25,920.50 25,810.75 25,910.25    98.00        0.38   61920
3948  2026-01-10 00:00:00  NAS100 25,910.00 25,936.00 25,885.50 25,923.50    13.25        0.05   39396
3949  2026-01-10 01:00:00  NAS100 25,923.50 25,967.75 25,882.00 25,961.25    37.75        0.15   41137
3950  2026-01-10 02:00:00  NAS100 25,961.25 25,972.75 25,948.00 25,954.50    -6.75       -0.03   23267
3951  2026-01-10 03:00:00  NAS100 25,954.25 25,985.50 25,930.25 25,932.75   -21.75       -0.08   43532
3952  2026-01-12 20:00:00  NAS100 25,752.50 25,763.00 25,728.25 25,743.50  -189.25       -0.73    9748
3953  2026-01-12 21:00:00  NAS100 25,743.75 25,924.00 25,719.75 25,901.00   157.50        0.61   83807
3954  2026-01-12 22:00:00  NAS100 25,901.25 25,933.50 25,863.75 25,915.50    14.50        0.06   70197
3955  2026-01-12 23:00:00  NAS100 25,915.50 25,969.50 25,901.00 25,961.00    45.50        0.18   46839
3956  2026-01-13 00:00:00  NAS100 25,961.00 25,974.00 25,938.25 25,968.00     7.00        0.03   26929
3957  2026-01-13 01:00:00  NAS100 25,968.50 25,997.50 25,965.00 25,978.50    10.50        0.04   25934
3958  2026-01-13 02:00:00  NAS100 25,978.50 26,016.50 25,962.00 26,014.75    36.25        0.14   26699
3959  2026-01-13 03:00:00  NAS100 26,015.00 26,020.50 25,950.50 25,952.25   -62.50       -0.24   44466
3960  2026-01-13 20:00:00  NAS100 25,895.25 26,045.50 25,887.00 25,971.25    19.00        0.07   27951
3961  2026-01-13 21:00:00  NAS100 25,970.25 26,042.75 25,930.75 25,948.75   -22.50       -0.09   86079
3962  2026-01-13 22:00:00  NAS100 25,947.25 25,969.75 25,809.25 25,894.50   -54.25       -0.21  104591
3963  2026-01-13 23:00:00  NAS100 25,894.50 26,025.75 25,847.25 26,008.50   114.00        0.44   66405
3964  2026-01-14 00:00:00  NAS100 26,008.75 26,018.25 25,857.75 25,877.25  -131.25       -0.50   58248
3965  2026-01-14 01:00:00  NAS100 25,876.50 25,910.75 25,833.75 25,839.75   -37.50       -0.14   47501
3966  2026-01-14 02:00:00  NAS100 25,840.25 25,885.25 25,821.25 25,866.25    26.50        0.10   42467
3967  2026-01-14 03:00:00  NAS100 25,866.00 25,912.00 25,803.25 25,903.75    37.50        0.14   51450
3968  2026-01-14 20:00:00  NAS100 25,779.00 25,805.50 25,732.50 25,754.75  -149.00       -0.58   15024
3969  2026-01-14 21:00:00  NAS100 25,754.25 25,790.25 25,582.00 25,585.00  -169.75       -0.66  102684
3970  2026-01-14 22:00:00  NAS100 25,586.25 25,693.50 25,469.50 25,492.00   -93.00       -0.36  127424
3971  2026-01-14 23:00:00  NAS100 25,491.75 25,592.25 25,440.00 25,460.25   -31.75       -0.12   72993
3972  2026-01-15 00:00:00  NAS100 25,459.50 25,509.00 25,433.25 25,449.75   -10.50       -0.04   55917
3973  2026-01-15 01:00:00  NAS100 25,449.75 25,526.00 25,420.75 25,515.00    65.25        0.26   49799
3974  2026-01-15 02:00:00  NAS100 25,515.25 25,534.00 25,486.00 25,500.50   -14.50       -0.06   35458
3975  2026-01-15 03:00:00  NAS100 25,500.00 25,643.50 25,460.50 25,636.75   136.25        0.53   93705
3976  2026-01-15 20:00:00  NAS100 25,852.00 25,916.75 25,834.00 25,893.75   257.00        1.00   16212
3977  2026-01-15 21:00:00  NAS100 25,893.75 25,952.75 25,843.00 25,864.00   -29.75       -0.11  101559
3978  2026-01-15 22:00:00  NAS100 25,863.50 25,925.75 25,803.25 25,884.25    20.25        0.08   93760
3979  2026-01-15 23:00:00  NAS100 25,884.50 25,937.25 25,877.25 25,924.75    40.50        0.16   52788
3980  2026-01-16 00:00:00  NAS100 25,924.50 25,938.00 25,849.25 25,853.50   -71.25       -0.27   39485
3981  2026-01-16 01:00:00  NAS100 25,853.25 25,911.00 25,848.75 25,886.00    32.50        0.13   30783
3982  2026-01-16 02:00:00  NAS100 25,885.00 25,885.00 25,746.25 25,757.50  -128.50       -0.50   67368
3983  2026-01-16 03:00:00  NAS100 25,756.00 25,771.75 25,676.50 25,719.25   -38.25       -0.15   77971
3984  2026-01-16 20:00:00  NAS100 25,830.25 25,838.50 25,802.00 25,826.50   107.25        0.42   10216
3985  2026-01-16 21:00:00  NAS100 25,826.00 25,891.00 25,726.25 25,728.50   -98.00       -0.38   82572
3986  2026-01-16 22:00:00  NAS100 25,729.00 25,765.50 25,591.50 25,680.50   -48.00       -0.19  108023
3987  2026-01-16 23:00:00  NAS100 25,680.25 25,752.75 25,661.00 25,716.50    36.00        0.14   57045
3988  2026-01-17 00:00:00  NAS100 25,716.50 25,721.50 25,657.75 25,660.00   -56.50       -0.22   35319
3989  2026-01-17 01:00:00  NAS100 25,660.75 25,732.25 25,654.00 25,716.50    56.50        0.22   28491
3990  2026-01-17 02:00:00  NAS100 25,716.25 25,748.00 25,672.75 25,716.25    -0.25       -0.00   38607
3991  2026-01-17 03:00:00  NAS100 25,715.75 25,729.50 25,681.50 25,684.75   -31.50       -0.12   55638
3992  2026-01-20 20:00:00  NAS100 25,258.00 25,277.25 25,181.00 25,212.50  -472.25       -1.84   26624
3993  2026-01-20 21:00:00  NAS100 25,211.75 25,368.50 25,201.50 25,324.75   112.25        0.45  107423
3994  2026-01-20 22:00:00  NAS100 25,322.00 25,417.00 25,254.75 25,362.75    38.00        0.15   95340
3995  2026-01-20 23:00:00  NAS100 25,363.00 25,429.75 25,333.75 25,398.75    36.00        0.14   74879
3996  2026-01-21 00:00:00  NAS100 25,398.50 25,406.75 25,257.50 25,292.75  -106.00       -0.42   57209
3997  2026-01-21 01:00:00  NAS100 25,293.00 25,311.25 25,170.50 25,199.25   -93.50       -0.37   46802
3998  2026-01-21 02:00:00  NAS100 25,199.00 25,225.00 25,128.00 25,168.75   -30.50       -0.12   52416
3999  2026-01-21 03:00:00  NAS100 25,169.25 25,169.75 25,098.00 25,141.25   -27.50       -0.11   80629
4000  2026-01-21 20:00:00  NAS100 25,086.50 25,125.50 25,041.00 25,085.00   -56.25       -0.22   20957
4001  2026-01-21 21:00:00  NAS100 25,083.00 25,339.25 25,072.25 25,324.75   239.75        0.96  117449
4002  2026-01-21 22:00:00  NAS100 25,323.50 25,488.00 25,294.75 25,470.00   145.25        0.57   96192
4003  2026-01-21 23:00:00  NAS100 25,469.75 25,494.25 25,220.50 25,229.25  -240.75       -0.95  100955
4004  2026-01-22 00:00:00  NAS100 25,229.75 25,262.75 25,142.00 25,246.25    17.00        0.07   88644
4005  2026-01-22 01:00:00  NAS100 25,244.75 25,294.75 25,150.75 25,283.25    37.00        0.15   64064
4006  2026-01-22 02:00:00  NAS100 25,282.25 25,648.25 25,232.75 25,638.75   355.50        1.41  106875
4007  2026-01-22 03:00:00  NAS100 25,639.00 25,653.50 25,446.00 25,471.50  -167.25       -0.65   87403
4008  2026-01-22 20:00:00  NAS100 25,691.50 25,739.75 25,677.75 25,736.25   264.75        1.04   14798
4009  2026-01-22 21:00:00  NAS100 25,735.75 25,739.00 25,554.25 25,578.00  -158.25       -0.61   93782
4010  2026-01-22 22:00:00  NAS100 25,582.00 25,658.75 25,536.75 25,606.00    28.00        0.11   91838
4011  2026-01-22 23:00:00  NAS100 25,605.25 25,700.00 25,603.75 25,669.50    63.50        0.25   50565
4012  2026-01-23 00:00:00  NAS100 25,668.75 25,722.00 25,652.50 25,712.25    42.75        0.17   40162
4013  2026-01-23 01:00:00  NAS100 25,711.75 25,723.50 25,667.00 25,673.50   -38.75       -0.15   32845
4014  2026-01-23 02:00:00  NAS100 25,673.50 25,715.25 25,634.00 25,639.75   -33.75       -0.13   36657
4015  2026-01-23 03:00:00  NAS100 25,639.50 25,665.75 25,584.75 25,663.00    23.25        0.09   69450
4016  2026-01-23 20:00:00  NAS100 25,628.75 25,635.50 25,560.25 25,570.75   -92.25       -0.36   11164
4017  2026-01-23 21:00:00  NAS100 25,570.75 25,668.00 25,556.75 25,663.75    93.00        0.36   70292
4018  2026-01-23 22:00:00  NAS100 25,668.00 25,827.50 25,661.50 25,826.50   162.75        0.63   85406
4019  2026-01-23 23:00:00  NAS100 25,826.50 25,845.75 25,761.00 25,789.00   -37.50       -0.15   61038
4020  2026-01-24 00:00:00  NAS100 25,789.00 25,808.00 25,683.00 25,693.75   -95.25       -0.37   52202
4021  2026-01-24 01:00:00  NAS100 25,693.75 25,764.25 25,688.50 25,725.50    31.75        0.12   41274
4022  2026-01-24 02:00:00  NAS100 25,726.25 25,774.75 25,719.50 25,748.00    22.50        0.09   31747
4023  2026-01-24 03:00:00  NAS100 25,748.00 25,755.75 25,691.25 25,734.50   -13.50       -0.05   53785
4024  2026-01-26 20:00:00  NAS100 25,688.50 25,721.75 25,658.00 25,716.25   -18.25       -0.07   10222
4025  2026-01-26 21:00:00  NAS100 25,716.25 25,853.50 25,704.25 25,837.25   121.00        0.47   66850
4026  2026-01-26 22:00:00  NAS100 25,837.00 25,898.50 25,803.00 25,881.25    44.00        0.17   72027
4027  2026-01-26 23:00:00  NAS100 25,881.00 25,928.50 25,850.75 25,906.25    25.00        0.10   50514
4028  2026-01-27 00:00:00  NAS100 25,906.50 25,936.50 25,881.75 25,891.25   -15.00       -0.06   30995
4029  2026-01-27 01:00:00  NAS100 25,890.50 25,932.25 25,873.50 25,898.75     7.50        0.03   30416
4030  2026-01-27 02:00:00  NAS100 25,898.25 25,913.75 25,877.75 25,878.50   -20.25       -0.08   25564
4031  2026-01-27 03:00:00  NAS100 25,879.00 25,895.00 25,840.50 25,844.50   -34.00       -0.13   47136
4032  2026-01-27 20:00:00  NAS100 26,003.75 26,018.00 25,982.50 25,989.75   145.25        0.56    8596
4033  2026-01-27 21:00:00  NAS100 25,990.50 26,058.00 25,917.25 26,053.25    63.50        0.24   82115
4034  2026-01-27 22:00:00  NAS100 26,052.50 26,098.50 26,021.50 26,078.50    25.25        0.10   74137
4035  2026-01-27 23:00:00  NAS100 26,078.50 26,106.75 26,073.25 26,079.75     1.25        0.00   40325
4036  2026-01-28 00:00:00  NAS100 26,080.00 26,092.00 26,050.25 26,061.75   -18.00       -0.07   35465
4037  2026-01-28 01:00:00  NAS100 26,062.00 26,097.75 26,038.00 26,090.25    28.50        0.11   30527
4038  2026-01-28 02:00:00  NAS100 26,090.00 26,099.75 26,072.75 26,091.75     1.50        0.01   23275
4039  2026-01-28 03:00:00  NAS100 26,092.00 26,114.25 26,068.25 26,075.50   -16.25       -0.06   46922
4040  2026-01-28 20:00:00  NAS100 26,281.25 26,306.00 26,255.25 26,273.50   198.00        0.76   10754
4041  2026-01-28 21:00:00  NAS100 26,273.50 26,301.00 26,213.75 26,253.50   -20.00       -0.08   73098
4042  2026-01-28 22:00:00  NAS100 26,253.00 26,265.50 26,159.50 26,162.75   -90.75       -0.35   72391
4043  2026-01-28 23:00:00  NAS100 26,162.50 26,198.50 26,100.75 26,116.75   -46.00       -0.18   45972
4044  2026-01-29 00:00:00  NAS100 26,117.25 26,165.50 26,110.50 26,140.75    24.00        0.09   39705
4045  2026-01-29 01:00:00  NAS100 26,140.50 26,180.00 26,122.00 26,171.50    30.75        0.12   25475
4046  2026-01-29 02:00:00  NAS100 26,171.00 26,210.25 26,112.75 26,160.75   -10.75       -0.04   59204
4047  2026-01-29 03:00:00  NAS100 26,161.00 26,212.25 26,131.25 26,150.75   -10.00       -0.04   50323
4048  2026-01-29 20:00:00  NAS100 26,176.00 26,203.50 26,150.50 26,194.75    44.00        0.17    9125
4049  2026-01-29 21:00:00  NAS100 26,194.25 26,196.75 25,858.00 25,864.00  -330.75       -1.26  110997
4050  2026-01-29 22:00:00  NAS100 25,864.50 25,868.25 25,536.00 25,576.75  -287.25       -1.11  160333
4051  2026-01-29 23:00:00  NAS100 25,576.75 25,739.75 25,538.00 25,711.25   134.50        0.53   90904
4052  2026-01-30 00:00:00  NAS100 25,711.25 25,878.75 25,708.75 25,760.50    49.25        0.19   61914
4053  2026-01-30 01:00:00  NAS100 25,760.25 25,891.50 25,758.25 25,836.75    76.25        0.30   45077
4054  2026-01-30 02:00:00  NAS100 25,836.25 25,898.50 25,820.00 25,849.00    12.25        0.05   35238
4055  2026-01-30 03:00:00  NAS100 25,849.25 26,020.00 25,841.50 25,992.75   143.75        0.56   61925
4056  2026-01-30 20:00:00  NAS100 25,847.00 25,888.00 25,752.50 25,826.25  -166.50       -0.64   15174
4057  2026-01-30 21:00:00  NAS100 25,825.75 25,940.00 25,805.50 25,827.75     1.50        0.01   83468
4058  2026-01-30 22:00:00  NAS100 25,827.25 25,925.50 25,810.25 25,859.25    31.50        0.12   40155
4059  2026-02-03 01:00:00  NAS100 25,929.00 25,949.50 25,926.50 25,941.75    82.50        0.32  201706
4060  2026-02-03 02:00:00  NAS100 25,941.75 25,945.00 25,841.50 25,846.50   -95.25       -0.37   27676
4061  2026-02-03 03:00:00  NAS100 25,846.75 25,900.00 25,821.75 25,855.75     9.25        0.04   58946
4062  2026-02-03 20:00:00  NAS100 25,983.00 26,003.50 25,961.50 25,967.25   111.50        0.43    7842
4063  2026-02-03 21:00:00  NAS100 25,967.00 25,976.75 25,623.25 25,633.00  -334.25       -1.29   99307
4064  2026-02-03 22:00:00  NAS100 25,632.75 25,646.75 25,470.25 25,617.50   -15.50       -0.06  138944
4065  2026-02-03 23:00:00  NAS100 25,617.50 25,619.75 25,467.75 25,491.25  -126.25       -0.49   75628
4066  2026-02-04 00:00:00  NAS100 25,491.50 25,502.50 25,345.00 25,387.25  -104.00       -0.41   71904
4067  2026-02-04 01:00:00  NAS100 25,386.50 25,423.50 25,245.50 25,245.50  -141.75       -0.56   57831
4068  2026-02-04 02:00:00  NAS100 25,245.50 25,359.25 25,219.00 25,316.25    70.75        0.28   72440
4069  2026-02-04 03:00:00  NAS100 25,316.25 25,459.00 25,269.50 25,446.25   130.00        0.51   68763
4070  2026-02-04 20:00:00  NAS100 25,406.25 25,418.00 25,342.00 25,358.00   -88.25       -0.35   14447
4071  2026-02-04 21:00:00  NAS100 25,356.25 25,390.00 25,186.00 25,194.25  -163.75       -0.65   97020
4072  2026-02-04 22:00:00  NAS100 25,194.25 25,305.00 25,108.00 25,151.50   -42.75       -0.17  125690
4073  2026-02-04 23:00:00  NAS100 25,152.25 25,171.50 24,928.00 25,035.50  -116.00       -0.46   89902
4074  2026-02-05 00:00:00  NAS100 25,035.75 25,057.50 24,783.50 24,874.25  -161.25       -0.64   84863
4075  2026-02-05 01:00:00  NAS100 24,873.75 24,959.75 24,819.00 24,925.00    50.75        0.20   68756
4076  2026-02-05 02:00:00  NAS100 24,923.50 25,115.50 24,863.75 25,106.25   181.25        0.73   72445
4077  2026-02-05 03:00:00  NAS100 25,106.00 25,123.75 24,979.00 24,996.50  -109.75       -0.44   59864
4078  2026-02-05 20:00:00  NAS100 24,792.50 24,869.25 24,758.75 24,767.75  -228.75       -0.92   27610
4079  2026-02-05 21:00:00  NAS100 24,768.25 24,960.75 24,652.00 24,769.25     1.50        0.01  116175
4080  2026-02-05 22:00:00  NAS100 24,769.00 24,800.75 24,550.00 24,634.50  -134.75       -0.54  130047
4081  2026-02-05 23:00:00  NAS100 24,634.25 24,856.50 24,543.25 24,829.00   194.50        0.79   93393
4082  2026-02-06 00:00:00  NAS100 24,829.50 24,887.50 24,722.25 24,782.25   -46.75       -0.19   55374
4083  2026-02-06 01:00:00  NAS100 24,783.75 24,834.50 24,662.00 24,700.25   -82.00       -0.33   44225
4084  2026-02-06 02:00:00  NAS100 24,700.25 24,839.25 24,672.50 24,712.00    11.75        0.05   48015
4085  2026-02-06 03:00:00  NAS100 24,711.75 24,808.00 24,567.75 24,638.75   -73.25       -0.30   75907
4086  2026-02-06 20:00:00  NAS100 24,782.75 24,851.75 24,758.25 24,799.75   161.00        0.65   18739
4087  2026-02-06 21:00:00  NAS100 24,797.00 24,984.00 24,719.50 24,850.75    51.00        0.21  105610
4088  2026-02-06 22:00:00  NAS100 24,856.75 24,962.25 24,743.25 24,878.00    27.25        0.11  111080
4089  2026-02-06 23:00:00  NAS100 24,945.25 25,051.75 24,940.50 25,000.75   122.75        0.49   72562
4090  2026-02-07 00:00:00  NAS100 25,001.00 25,108.75 24,986.50 25,097.00    96.25        0.38   44797
4091  2026-02-07 01:00:00  NAS100 25,096.00 25,124.00 25,074.00 25,084.50   -12.50       -0.05   30852
4092  2026-02-07 02:00:00  NAS100 25,084.25 25,108.75 25,065.25 25,070.75   -13.75       -0.05   24219
4093  2026-02-07 03:00:00  NAS100 25,070.25 25,222.00 25,052.75 25,148.00    77.25        0.31   59977
4094  2026-02-09 20:00:00  NAS100 25,101.00 25,155.75 25,074.25 25,079.00   -69.00       -0.27   12081
4095  2026-02-09 21:00:00  NAS100 25,080.00 25,188.50 24,955.50 25,113.25    34.25        0.14   89190
4096  2026-02-09 22:00:00  NAS100 25,112.25 25,329.00 25,102.75 25,312.25   199.00        0.79   68931
4097  2026-02-09 23:00:00  NAS100 25,311.50 25,404.00 25,305.75 25,391.00    78.75        0.31   49248
4098  2026-02-10 00:00:00  NAS100 25,390.75 25,416.50 25,349.50 25,355.25   -35.75       -0.14   36844
4099  2026-02-10 01:00:00  NAS100 25,355.00 25,388.75 25,312.25 25,369.50    14.25        0.06   38192
4100  2026-02-10 02:00:00  NAS100 25,370.00 25,428.75 25,363.75 25,399.00    29.50        0.12   24463
4101  2026-02-10 03:00:00  NAS100 25,399.25 25,413.00 25,332.25 25,338.50   -60.50       -0.24   49387
4102  2026-02-10 20:00:00  NAS100 25,339.00 25,374.75 25,292.25 25,372.75    34.25        0.14   16014
4103  2026-02-10 21:00:00  NAS100 25,372.75 25,410.00 25,255.75 25,392.25    19.50        0.08   75439
4104  2026-02-10 22:00:00  NAS100 25,392.50 25,447.25 25,348.00 25,375.00   -17.25       -0.07   73772
4105  2026-02-10 23:00:00  NAS100 25,375.00 25,400.25 25,316.25 25,327.00   -48.00       -0.19   50979
4106  2026-02-11 00:00:00  NAS100 25,327.25 25,397.75 25,304.00 25,384.00    57.00        0.23   32816
4107  2026-02-11 01:00:00  NAS100 25,383.75 25,386.00 25,270.75 25,312.50   -71.50       -0.28   48537
4108  2026-02-11 02:00:00  NAS100 25,312.50 25,323.25 25,274.50 25,294.50   -18.00       -0.07   29738
4109  2026-02-11 03:00:00  NAS100 25,292.50 25,296.75 25,198.25 25,219.00   -75.50       -0.30   52198
4110  2026-02-11 20:00:00  NAS100 25,245.75 25,452.00 25,236.25 25,444.25   225.25        0.89   27580
4111  2026-02-11 21:00:00  NAS100 25,443.50 25,465.25 25,290.00 25,305.25  -139.00       -0.55   84626
4112  2026-02-11 22:00:00  NAS100 25,306.50 25,343.25 25,058.25 25,244.00   -61.25       -0.24  122373
4113  2026-02-11 23:00:00  NAS100 25,244.25 25,275.00 25,175.00 25,181.00   -63.00       -0.25   50899
4114  2026-02-12 00:00:00  NAS100 25,180.75 25,325.00 25,141.75 25,263.75    82.75        0.33   46980
4115  2026-02-12 01:00:00  NAS100 25,264.50 25,312.50 25,200.75 25,301.25    37.50        0.15   41048
4116  2026-02-12 02:00:00  NAS100 25,302.00 25,360.50 25,257.75 25,309.00     7.75        0.03   35035
4117  2026-02-12 03:00:00  NAS100 25,308.75 25,322.50 25,271.75 25,278.25   -30.75       -0.12   39954
4118  2026-02-12 20:00:00  NAS100 25,356.25 25,419.75 25,320.25 25,395.75   117.50        0.46   13358
4119  2026-02-12 21:00:00  NAS100 25,396.25 25,400.25 25,186.25 25,206.50  -189.25       -0.75   79304
4120  2026-02-12 22:00:00  NAS100 25,208.25 25,260.25 25,006.50 25,010.25  -196.25       -0.78  100860
4121  2026-02-12 23:00:00  NAS100 25,011.00 25,031.75 24,805.75 24,878.50  -131.75       -0.53  116307
4122  2026-02-13 00:00:00  NAS100 24,878.00 24,940.75 24,823.75 24,825.25   -53.25       -0.21   67482
4123  2026-02-13 01:00:00  NAS100 24,825.50 24,929.75 24,800.25 24,905.50    80.25        0.32   61135
4124  2026-02-13 02:00:00  NAS100 24,906.25 24,943.75 24,846.50 24,898.50    -7.00       -0.03   56805
4125  2026-02-13 03:00:00  NAS100 24,899.75 24,912.75 24,721.50 24,762.75  -135.75       -0.55   81536
4126  2026-02-13 20:00:00  NAS100 24,694.00 24,823.25 24,620.50 24,781.50    18.75        0.08   38741
4127  2026-02-13 21:00:00  NAS100 24,780.75 24,849.50 24,578.75 24,698.25   -83.25       -0.34  130709
4128  2026-02-13 22:00:00  NAS100 24,699.00 24,928.50 24,692.25 24,810.25   112.00        0.45  107593
4129  2026-02-13 23:00:00  NAS100 24,811.00 24,934.50 24,762.75 24,894.50    84.25        0.34   58541
4130  2026-02-14 00:00:00  NAS100 24,894.25 24,993.50 24,883.50 24,938.25    43.75        0.18   42596
4131  2026-02-14 01:00:00  NAS100 24,938.50 24,995.50 24,900.75 24,939.75     1.50        0.01   40810
4132  2026-02-14 02:00:00  NAS100 24,940.50 24,968.50 24,848.75 24,852.75   -87.00       -0.35   38179
4133  2026-02-14 03:00:00  NAS100 24,852.25 24,890.50 24,731.75 24,802.75   -50.00       -0.20   75056
4134  2026-02-17 20:00:00  NAS100 24,584.25 24,705.25 24,518.00 24,612.00  -190.75       -0.77   23863
4135  2026-02-17 21:00:00  NAS100 24,613.00 24,815.75 24,475.00 24,485.75  -126.25       -0.51   94233
4136  2026-02-17 22:00:00  NAS100 24,483.75 24,641.00 24,449.25 24,600.25   114.50        0.47  114005
4137  2026-02-17 23:00:00  NAS100 24,599.25 24,796.75 24,593.25 24,759.25   159.00        0.65   75964
4138  2026-02-18 00:00:00  NAS100 24,759.00 24,764.50 24,608.75 24,697.50   -61.75       -0.25   51888
4139  2026-02-18 01:00:00  NAS100 24,698.00 24,874.75 24,649.25 24,845.00   147.50        0.60   55677
4140  2026-02-18 02:00:00  NAS100 24,845.50 24,889.75 24,807.75 24,815.00   -30.00       -0.12   43026
4141  2026-02-18 03:00:00  NAS100 24,815.00 24,841.75 24,735.75 24,776.75   -38.25       -0.15   62988
4142  2026-02-18 20:00:00  NAS100 24,890.50 24,921.75 24,817.25 24,828.00    51.25        0.21   14157
4143  2026-02-18 21:00:00  NAS100 24,828.75 24,958.50 24,752.00 24,940.00   112.00        0.45   95293
4144  2026-02-18 22:00:00  NAS100 24,940.75 25,099.75 24,937.50 25,086.75   146.75        0.59   84633
4145  2026-02-18 23:00:00  NAS100 25,086.50 25,117.25 25,057.50 25,061.50   -25.25       -0.10   44394
4146  2026-02-19 00:00:00  NAS100 25,061.25 25,128.25 25,058.75 25,098.25    36.75        0.15   38420
4147  2026-02-19 01:00:00  NAS100 25,097.75 25,127.25 24,981.75 25,027.50   -70.75       -0.28   41814
4148  2026-02-19 02:00:00  NAS100 25,025.75 25,036.75 24,862.00 24,883.00  -144.50       -0.58   57208
4149  2026-02-19 03:00:00  NAS100 24,884.00 24,998.00 24,856.00 24,957.50    74.50        0.30   67097
4150  2026-02-19 20:00:00  NAS100 24,869.00 24,881.00 24,798.00 24,853.50  -104.00       -0.42   14009
4151  2026-02-19 21:00:00  NAS100 24,855.00 24,920.00 24,763.00 24,881.50    28.00        0.11   81137
4152  2026-02-19 22:00:00  NAS100 24,880.00 24,956.50 24,848.25 24,924.25    42.75        0.17   80529
4153  2026-02-19 23:00:00  NAS100 24,925.00 24,959.50 24,801.25 24,843.75   -80.50       -0.32   62372
4154  2026-02-20 00:00:00  NAS100 24,844.25 24,904.75 24,764.75 24,780.00   -63.75       -0.26   47871
4155  2026-02-20 01:00:00  NAS100 24,779.50 24,849.00 24,749.00 24,842.00    62.00        0.25   45832
4156  2026-02-20 02:00:00  NAS100 24,840.75 24,849.25 24,751.50 24,782.00   -60.00       -0.24   35077
4157  2026-02-20 03:00:00  NAS100 24,781.25 24,866.00 24,777.50 24,863.50    81.50        0.33   46074
4158  2026-02-20 20:00:00  NAS100 24,828.00 24,864.00 24,722.50 24,769.25   -94.25       -0.38   21720
4159  2026-02-20 21:00:00  NAS100 24,769.75 24,957.50 24,678.50 24,897.50   128.25        0.52   88249
4160  2026-02-20 22:00:00  NAS100 24,900.50 25,127.00 24,858.25 25,118.75   221.25        0.89  120568
4161  2026-02-20 23:00:00  NAS100 25,118.25 25,139.50 24,967.25 25,098.00   -20.75       -0.08   69876
4162  2026-02-21 00:00:00  NAS100 25,098.50 25,109.25 24,879.25 25,034.25   -63.75       -0.25   79254
4163  2026-02-21 01:00:00  NAS100 25,034.25 25,122.25 24,928.00 25,097.75    63.50        0.25   68220
4164  2026-02-21 02:00:00  NAS100 25,098.50 25,118.75 25,018.00 25,023.00   -74.75       -0.30   33277
4165  2026-02-21 03:00:00  NAS100 25,023.00 25,079.25 25,014.25 25,074.00    51.00        0.20   44287
4166  2026-02-23 20:00:00  NAS100 24,903.75 24,954.50 24,887.25 24,934.75  -139.25       -0.56   10530
4167  2026-02-23 21:00:00  NAS100 24,935.00 25,040.00 24,857.75 24,913.75   -21.00       -0.08   85956
4168  2026-02-23 22:00:00  NAS100 24,913.25 24,952.25 24,738.75 24,743.25  -170.50       -0.68   98412
4169  2026-02-23 23:00:00  NAS100 24,743.25 24,789.25 24,668.00 24,734.75    -8.50       -0.03   78592
4170  2026-02-24 00:00:00  NAS100 24,735.00 24,763.75 24,677.50 24,744.75    10.00        0.04   47609
4171  2026-02-24 01:00:00  NAS100 24,744.50 24,820.25 24,720.00 24,727.50   -17.25       -0.07   45176
4172  2026-02-24 02:00:00  NAS100 24,727.75 24,755.00 24,683.75 24,692.00   -35.50       -0.14   40840
4173  2026-02-24 03:00:00  NAS100 24,692.00 24,772.75 24,678.75 24,768.00    76.00        0.31   63702
4174  2026-02-24 20:00:00  NAS100 24,816.75 24,892.00 24,814.25 24,877.25   109.25        0.44   12077
4175  2026-02-24 21:00:00  NAS100 24,876.75 24,964.25 24,694.50 24,877.25     0.00        0.00  100736
4176  2026-02-24 22:00:00  NAS100 24,878.50 25,031.00 24,819.50 24,976.50    99.25        0.40   92008
4177  2026-02-24 23:00:00  NAS100 24,976.50 25,047.25 24,969.25 25,028.75    52.25        0.21   55564
4178  2026-02-25 00:00:00  NAS100 25,028.75 25,076.25 25,021.25 25,046.00    17.25        0.07   37479
4179  2026-02-25 01:00:00  NAS100 25,046.00 25,078.75 25,011.50 25,030.00   -16.00       -0.06   33174
4180  2026-02-25 02:00:00  NAS100 25,030.00 25,060.25 24,988.50 25,021.50    -8.50       -0.03   32640
4181  2026-02-25 03:00:00  NAS100 25,021.75 25,072.00 24,994.75 25,029.50     8.00        0.03   53209
4182  2026-02-25 20:00:00  NAS100 25,139.25 25,165.75 25,123.75 25,150.25   120.75        0.48    8341
4183  2026-02-25 21:00:00  NAS100 25,150.75 25,353.25 25,129.75 25,344.00   193.75        0.77   81537
4184  2026-02-25 22:00:00  NAS100 25,343.25 25,361.75 25,264.50 25,295.25   -48.75       -0.19   72760
4185  2026-02-25 23:00:00  NAS100 25,295.25 25,333.25 25,282.75 25,316.50    21.25        0.08   39633
4186  2026-02-26 00:00:00  NAS100 25,316.75 25,355.00 25,310.50 25,352.25    35.75        0.14   28249
4187  2026-02-26 01:00:00  NAS100 25,352.75 25,358.00 25,334.25 25,350.50    -1.75       -0.01   17073
4188  2026-02-26 02:00:00  NAS100 25,350.25 25,378.50 25,349.50 25,368.75    18.25        0.07   18793
4189  2026-02-26 03:00:00  NAS100 25,368.50 25,396.50 25,352.00 25,383.25    14.50        0.06   45165
4190  2026-02-26 20:00:00  NAS100 25,372.75 25,415.25 25,361.25 25,383.75     0.50        0.00   10141
4191  2026-02-26 21:00:00  NAS100 25,383.00 25,398.75 25,181.25 25,193.00  -190.75       -0.75   91530
4192  2026-02-26 22:00:00  NAS100 25,193.50 25,210.75 24,861.75 24,998.75  -194.25       -0.77  141357
4193  2026-02-26 23:00:00  NAS100 24,999.50 25,085.50 24,954.25 24,963.50   -35.25       -0.14   65793
4194  2026-02-27 00:00:00  NAS100 24,963.75 25,009.25 24,912.00 24,934.75   -28.75       -0.12   42556
4195  2026-02-27 01:00:00  NAS100 24,935.25 25,030.75 24,888.75 25,001.50    66.75        0.27   49465
4196  2026-02-27 02:00:00  NAS100 25,002.00 25,099.00 24,988.25 25,063.00    61.50        0.25   40668
4197  2026-02-27 03:00:00  NAS100 25,062.75 25,094.75 25,024.00 25,083.25    20.25        0.08   52419
4198  2026-02-27 20:00:00  NAS100 24,919.50 24,942.75 24,793.75 24,870.50  -212.75       -0.85   28304
4199  2026-02-27 21:00:00  NAS100 24,871.00 24,938.50 24,782.00 24,880.00     9.50        0.04   83772
4200  2026-02-27 22:00:00  NAS100 24,879.50 25,017.25 24,866.50 24,982.75   102.75        0.41   78804
4201  2026-02-27 23:00:00  NAS100 24,983.50 25,021.50 24,931.50 24,968.75   -14.00       -0.06   52984
4202  2026-02-28 00:00:00  NAS100 24,969.25 25,036.75 24,900.25 24,945.50   -23.25       -0.09   53647
4203  2026-02-28 01:00:00  NAS100 24,945.00 24,955.25 24,874.75 24,902.75   -42.75       -0.17   35868
4204  2026-02-28 02:00:00  NAS100 24,902.50 24,963.00 24,873.00 24,895.25    -7.50       -0.03   31525
4205  2026-02-28 03:00:00  NAS100 24,894.25 25,022.75 24,893.50 24,998.25   103.00        0.41   74903
4206  2026-03-02 20:00:00  NAS100 24,630.00 24,739.25 24,592.75 24,620.75  -377.50       -1.51   19814
4207  2026-03-02 21:00:00  NAS100 24,621.50 24,898.50 24,605.00 24,862.00   241.25        0.98   81238
4208  2026-03-02 22:00:00  NAS100 24,862.00 24,958.50 24,802.00 24,924.50    62.50        0.25   76550
4209  2026-03-02 23:00:00  NAS100 24,923.75 25,044.25 24,852.00 25,033.50   109.00        0.44   68063
4210  2026-03-03 00:00:00  NAS100 25,033.75 25,076.50 25,007.50 25,065.75    32.25        0.13   37356
4211  2026-03-03 01:00:00  NAS100 25,066.00 25,074.75 24,968.50 24,972.50   -93.25       -0.37   33277
4212  2026-03-03 02:00:00  NAS100 24,972.00 25,101.00 24,966.25 25,082.75   110.25        0.44   43573
4213  2026-03-03 03:00:00  NAS100 25,082.50 25,090.50 24,946.75 25,021.75   -61.00       -0.24   74986
4214  2026-03-03 20:00:00  NAS100 24,584.00 24,590.00 24,447.75 24,495.00  -526.75       -2.11   22852
4215  2026-03-03 21:00:00  NAS100 24,496.00 24,661.25 24,456.00 24,489.25    -5.75       -0.02  101256
4216  2026-03-03 22:00:00  NAS100 24,489.00 24,562.50 24,352.00 24,446.75   -42.50       -0.17  105104
4217  2026-03-03 23:00:00  NAS100 24,447.25 24,724.75 24,436.50 24,671.00   224.25        0.92   83104
4218  2026-03-04 00:00:00  NAS100 24,672.00 24,712.25 24,602.50 24,641.50   -29.50       -0.12   48539
4219  2026-03-04 01:00:00  NAS100 24,641.00 24,832.50 24,640.75 24,800.25   158.75        0.64   49796
4220  2026-03-04 02:00:00  NAS100 24,799.50 24,850.00 24,709.50 24,787.25   -13.00       -0.05   49276
4221  2026-03-04 03:00:00  NAS100 24,787.25 24,821.75 24,718.00 24,756.50   -30.75       -0.12   53655
4222  2026-03-04 20:00:00  NAS100 24,800.50 24,930.25 24,795.50 24,889.25   132.75        0.54   27025
4223  2026-03-04 21:00:00  NAS100 24,889.50 24,970.25 24,826.00 24,922.50    33.25        0.13   80279
4224  2026-03-04 22:00:00  NAS100 24,919.25 25,148.50 24,891.50 25,127.50   205.00        0.82  101718
4225  2026-03-04 23:00:00  NAS100 25,127.25 25,170.50 25,051.00 25,145.50    18.00        0.07   63304
4226  2026-03-05 00:00:00  NAS100 25,146.25 25,181.50 25,105.00 25,168.75    23.25        0.09   37499
4227  2026-03-05 01:00:00  NAS100 25,170.00 25,214.25 25,140.50 25,192.75    24.00        0.10   33756
4228  2026-03-05 02:00:00  NAS100 25,192.50 25,217.75 25,180.25 25,189.00    -3.75       -0.01   23411
4229  2026-03-05 03:00:00  NAS100 25,188.75 25,195.25 25,113.50 25,120.50   -68.50       -0.27   52616
4230  2026-03-05 20:00:00  NAS100 25,069.50 25,076.00 24,980.75 24,993.75  -126.75       -0.50   19330
4231  2026-03-05 21:00:00  NAS100 24,994.50 25,187.75 24,962.75 25,186.00   192.25        0.77   83048
4232  2026-03-05 22:00:00  NAS100 25,185.50 25,209.75 24,930.50 25,082.50  -103.50       -0.41  100179
4233  2026-03-05 23:00:00  NAS100 25,080.25 25,093.25 24,942.00 25,042.50   -40.00       -0.16   62324
4234  2026-03-06 00:00:00  NAS100 25,043.00 25,123.00 24,789.00 24,807.00  -235.50       -0.94   81381
4235  2026-03-06 01:00:00  NAS100 24,807.00 24,888.75 24,772.50 24,814.00     7.00        0.03   53072
4236  2026-03-06 02:00:00  NAS100 24,814.00 24,882.25 24,792.50 24,858.00    44.00        0.18   37461
4237  2026-03-06 03:00:00  NAS100 24,857.75 25,056.00 24,826.75 25,048.00   190.00        0.76   75404
4238  2026-03-06 20:00:00  NAS100 24,835.00 24,908.75 24,618.25 24,645.75  -402.25       -1.61   43054
4239  2026-03-06 21:00:00  NAS100 24,644.50 24,742.50 24,608.75 24,690.00    44.25        0.18   93411
4240  2026-03-06 22:00:00  NAS100 24,691.25 24,893.25 24,664.50 24,858.50   168.50        0.68   92265
4241  2026-03-06 23:00:00  NAS100 24,859.00 24,915.00 24,790.00 24,880.75    22.25        0.09   61280
4242  2026-03-07 00:00:00  NAS100 24,881.00 24,926.25 24,744.25 24,784.25   -96.50       -0.39   46944
4243  2026-03-07 01:00:00  NAS100 24,783.75 24,898.50 24,779.00 24,799.75    15.50        0.06   46433
4244  2026-03-07 02:00:00  NAS100 24,800.50 24,854.00 24,773.50 24,808.25     8.50        0.03   36584
4245  2026-03-07 03:00:00  NAS100 24,808.00 24,853.25 24,601.00 24,667.25  -141.00       -0.57   74971
4246  2026-03-09 20:00:00  NAS100 24,380.75 24,525.25 24,313.00 24,370.75  -296.50       -1.20   76622
4247  2026-03-09 21:00:00  NAS100 24,370.75 24,585.50 24,320.00 24,549.00   178.25        0.73   88626
4248  2026-03-09 22:00:00  NAS100 24,549.50 24,659.25 24,549.50 24,642.50    93.50        0.38   51691
4249  2026-03-09 23:00:00  NAS100 24,642.75 24,749.25 24,631.25 24,709.25    66.75        0.27   46272
4250  2026-03-10 00:00:00  NAS100 24,709.75 24,712.25 24,575.75 24,611.00   -98.25       -0.40   39871
4251  2026-03-10 01:00:00  NAS100 24,611.25 24,708.25 24,609.00 24,655.50    44.50        0.18   36126
4252  2026-03-10 02:00:00  NAS100 24,655.50 25,058.00 24,640.00 24,992.00   336.50        1.36  109803
4253  2026-03-10 03:00:00  NAS100 24,992.25 25,025.75 24,907.50 24,958.00   -34.00       -0.14   24407
4254  2026-03-10 20:00:00  NAS100 24,970.25 25,081.75 24,947.25 24,962.25     4.25        0.02   63597
4255  2026-03-10 21:00:00  NAS100 24,964.75 25,152.75 24,892.25 25,151.25   189.00        0.76   77277
4256  2026-03-10 22:00:00  NAS100 25,151.25 25,182.00 25,109.75 25,148.75    -2.50       -0.01   51167
4257  2026-03-10 23:00:00  NAS100 25,149.50 25,169.25 25,080.25 25,156.25     7.50        0.03   40763
4258  2026-03-11 00:00:00  NAS100 25,155.75 25,217.50 25,102.25 25,170.25    14.00        0.06   51982
4259  2026-03-11 01:00:00  NAS100 25,169.75 25,181.00 24,987.75 25,030.00  -140.25       -0.56   67950
4260  2026-03-11 02:00:00  NAS100 25,030.25 25,072.50 24,940.25 24,986.25   -43.75       -0.17   62795
4261  2026-03-11 03:00:00  NAS100 24,986.50 25,039.00 24,985.00 25,010.50    24.25        0.10   13608
4262  2026-03-11 20:00:00  NAS100 24,946.25 25,115.50 24,943.50 25,101.25    90.75        0.36   59692
4263  2026-03-11 21:00:00  NAS100 25,101.50 25,180.00 24,958.25 25,065.00   -36.25       -0.14   78074
4264  2026-03-11 22:00:00  NAS100 25,065.75 25,090.00 24,888.00 24,934.75  -130.25       -0.52   67894
4265  2026-03-11 23:00:00  NAS100 24,934.25 25,012.50 24,897.75 25,007.25    72.50        0.29   40974
4266  2026-03-12 00:00:00  NAS100 25,006.50 25,026.50 24,873.50 24,951.00   -56.25       -0.22   45619
4267  2026-03-12 01:00:00  NAS100 24,951.50 24,977.00 24,888.75 24,957.50     6.50        0.03   36689
4268  2026-03-12 02:00:00  NAS100 24,958.00 25,006.75 24,913.50 24,984.00    26.50        0.11   37263
4269  2026-03-12 03:00:00  NAS100 24,984.00 24,990.75 24,940.00 24,945.50   -38.50       -0.15   11359
4270  2026-03-12 20:00:00  NAS100 24,834.50 24,852.75 24,630.50 24,657.75  -287.75       -1.15   75575
4271  2026-03-12 21:00:00  NAS100 24,658.75 24,747.50 24,572.50 24,619.75   -38.00       -0.15   89311
4272  2026-03-12 22:00:00  NAS100 24,620.50 24,709.75 24,561.00 24,665.50    45.75        0.19   67617
4273  2026-03-12 23:00:00  NAS100 24,666.00 24,735.25 24,587.75 24,662.25    -3.25       -0.01   63043
4274  2026-03-13 00:00:00  NAS100 24,661.50 24,724.00 24,585.25 24,625.50   -36.75       -0.15   39293
4275  2026-03-13 01:00:00  NAS100 24,625.25 24,671.50 24,595.25 24,599.75   -25.75       -0.10   31710
4276  2026-03-13 02:00:00  NAS100 24,599.50 24,643.00 24,542.75 24,555.75   -44.00       -0.18   54173
4277  2026-03-13 03:00:00  NAS100 24,555.25 24,577.50 24,517.75 24,568.50    12.75        0.05   17364
4278  2026-03-13 20:00:00  NAS100 24,680.50 24,805.25 24,611.00 24,726.00   157.50        0.64   73000
4279  2026-03-13 21:00:00  NAS100 24,728.50 24,765.00 24,482.00 24,489.75  -236.25       -0.96  100078
4280  2026-03-13 22:00:00  NAS100 24,490.50 24,569.25 24,391.75 24,408.75   -81.00       -0.33   81123
4281  2026-03-13 23:00:00  NAS100 24,408.75 24,488.50 24,382.00 24,397.25   -11.50       -0.05   56014
4282  2026-03-14 00:00:00  NAS100 24,396.00 24,473.75 24,353.00 24,374.25   -23.00       -0.09   48202
4283  2026-03-14 01:00:00  NAS100 24,374.75 24,472.50 24,367.25 24,448.50    74.25        0.30   41134
4284  2026-03-14 02:00:00  NAS100 24,448.25 24,449.50 24,350.50 24,397.25   -51.25       -0.21   54282
4285  2026-03-14 03:00:00  NAS100 24,398.00 24,400.25 24,333.75 24,394.25    -3.00       -0.01   16122
4286  2026-03-16 20:00:00  NAS100 24,658.00 24,741.00 24,623.00 24,736.75   342.50        1.40   55700
4287  2026-03-16 21:00:00  NAS100 24,735.50 24,764.50 24,610.75 24,693.75   -43.00       -0.17   70565
4288  2026-03-16 22:00:00  NAS100 24,694.25 24,954.00 24,647.50 24,890.25   196.50        0.80   51652
4289  2026-03-16 23:00:00  NAS100 24,889.25 24,917.75 24,832.25 24,890.00    -0.25       -0.00   42893
4290  2026-03-17 00:00:00  NAS100 24,891.50 24,939.50 24,867.00 24,897.00     7.00        0.03   33257
4291  2026-03-17 01:00:00  NAS100 24,896.75 24,949.75 24,891.75 24,919.00    22.00        0.09   29108
4292  2026-03-17 02:00:00  NAS100 24,919.75 25,035.00 24,850.00 24,884.75   -34.25       -0.14   57526
4293  2026-03-17 03:00:00  NAS100 24,885.00 24,901.50 24,861.50 24,872.25   -12.50       -0.05   10449
4294  2026-03-17 20:00:00  NAS100 24,932.75 25,117.00 24,929.50 25,093.00   220.75        0.89   75002
4295  2026-03-17 21:00:00  NAS100 25,092.75 25,098.00 24,995.75 25,075.75   -17.25       -0.07   72147
4296  2026-03-17 22:00:00  NAS100 25,076.00 25,089.50 24,951.25 24,991.00   -84.75       -0.34   64590
4297  2026-03-17 23:00:00  NAS100 24,990.75 25,026.25 24,946.25 24,995.50     4.50        0.02   47204
4298  2026-03-18 00:00:00  NAS100 24,995.50 25,044.25 24,994.00 25,034.50    39.00        0.16   34465
4299  2026-03-18 01:00:00  NAS100 25,034.25 25,057.75 24,989.75 25,003.25   -31.25       -0.12   33841
4300  2026-03-18 02:00:00  NAS100 25,003.50 25,027.75 24,982.00 25,010.50     7.25        0.03   40799
4301  2026-03-18 03:00:00  NAS100 25,010.50 25,030.00 25,004.25 25,027.50    17.00        0.07   13410
4302  2026-03-18 20:00:00  NAS100 24,880.75 24,998.25 24,864.00 24,971.75   -55.75       -0.22   64193
4303  2026-03-18 21:00:00  NAS100 24,969.00 24,984.75 24,811.75 24,882.25   -89.50       -0.36   69627
4304  2026-03-18 22:00:00  NAS100 24,883.25 24,931.75 24,860.00 24,899.25    17.00        0.07   47926
4305  2026-03-18 23:00:00  NAS100 24,899.00 24,912.00 24,830.75 24,845.00   -54.25       -0.22   33257
4306  2026-03-19 00:00:00  NAS100 24,844.25 24,884.75 24,795.50 24,880.00    35.00        0.14   29618
4307  2026-03-19 01:00:00  NAS100 24,881.50 24,916.50 24,741.25 24,743.75  -136.25       -0.55   49209
4308  2026-03-19 02:00:00  NAS100 24,742.75 24,801.50 24,641.75 24,651.50   -92.25       -0.37   69732
4309  2026-03-19 03:00:00  NAS100 24,651.50 24,690.00 24,565.50 24,606.25   -45.25       -0.18   24102
4310  2026-03-19 20:00:00  NAS100 24,447.00 24,521.25 24,326.75 24,504.50  -101.75       -0.41   79422
4311  2026-03-19 21:00:00  NAS100 24,501.75 24,546.75 24,407.25 24,489.00   -15.50       -0.06   70729
4312  2026-03-19 22:00:00  NAS100 24,488.75 24,577.50 24,397.00 24,475.00   -14.00       -0.06   63701
4313  2026-03-19 23:00:00  NAS100 24,474.75 24,522.75 24,423.75 24,454.75   -20.25       -0.08   42556
4314  2026-03-20 00:00:00  NAS100 24,454.50 24,488.25 24,377.75 24,453.50    -1.25       -0.01   41007
4315  2026-03-20 01:00:00  NAS100 24,452.75 24,524.50 24,418.00 24,509.75    56.25        0.23   42882
4316  2026-03-20 02:00:00  NAS100 24,508.75 24,691.50 24,506.00 24,574.75    65.00        0.27   93878
4317  2026-03-20 03:00:00  NAS100 24,574.25 24,633.00 24,563.50 24,617.00    42.25        0.17   19004
4318  2026-03-20 20:00:00  NAS100 24,496.25 24,527.50 24,279.75 24,285.00  -332.00       -1.35   72080
4319  2026-03-20 21:00:00  NAS100 24,285.75 24,328.00 24,231.25 24,271.00   -14.00       -0.06   77975
4320  2026-03-20 22:00:00  NAS100 24,270.00 24,343.25 24,237.00 24,310.75    39.75        0.16   54523
4321  2026-03-20 23:00:00  NAS100 24,311.75 24,356.75 24,235.50 24,272.25   -38.50       -0.16   45024
4322  2026-03-21 00:00:00  NAS100 24,272.50 24,292.50 24,164.00 24,212.25   -60.00       -0.25   44933
4323  2026-03-21 01:00:00  NAS100 24,211.75 24,222.25 24,070.50 24,094.25  -118.00       -0.49   45698
4324  2026-03-21 02:00:00  NAS100 24,094.50 24,118.00 23,971.25 24,113.00    18.75        0.08   87781
4325  2026-03-21 03:00:00  NAS100 24,114.00 24,216.00 24,096.00 24,206.50    93.50        0.39   28444
4326  2026-03-23 20:00:00  NAS100 24,610.00 24,648.00 24,432.50 24,599.25   392.75        1.62   73304
4327  2026-03-23 21:00:00  NAS100 24,600.50 24,688.25 24,527.50 24,609.50    10.25        0.04   72171
4328  2026-03-23 22:00:00  NAS100 24,611.00 24,690.00 24,370.25 24,381.50  -228.00       -0.93   68035
4329  2026-03-23 23:00:00  NAS100 24,382.00 24,465.50 24,308.50 24,368.75   -12.75       -0.05   63545
4330  2026-03-24 00:00:00  NAS100 24,369.00 24,473.75 24,311.25 24,468.25    99.50        0.41   41552
4331  2026-03-24 01:00:00  NAS100 24,468.50 24,536.75 24,416.75 24,514.00    45.75        0.19   38854
4332  2026-03-24 02:00:00  NAS100 24,514.25 24,516.50 24,398.25 24,399.25  -114.75       -0.47   49336
4333  2026-03-24 03:00:00  NAS100 24,399.50 24,433.75 24,359.00 24,400.00     0.75        0.00   16300
4334  2026-03-24 20:00:00  NAS100 24,279.50 24,317.50 24,134.00 24,215.75  -184.25       -0.76   68721
4335  2026-03-24 21:00:00  NAS100 24,215.75 24,343.00 24,175.75 24,242.50    26.75        0.11   83483
4336  2026-03-24 22:00:00  NAS100 24,244.50 24,385.25 24,240.50 24,295.50    53.00        0.22   51675
4337  2026-03-24 23:00:00  NAS100 24,295.00 24,346.25 24,244.25 24,281.25   -14.25       -0.06   37262
4338  2026-03-25 00:00:00  NAS100 24,280.75 24,294.75 24,160.25 24,242.50   -38.75       -0.16   48606
4339  2026-03-25 01:00:00  NAS100 24,243.00 24,348.00 24,209.25 24,275.75    33.25        0.14   41650
4340  2026-03-25 02:00:00  NAS100 24,276.25 24,319.75 24,188.50 24,218.75   -57.00       -0.23   44274
4341  2026-03-25 03:00:00  NAS100 24,218.75 24,550.00 24,214.25 24,403.75   185.00        0.76   39016
4342  2026-03-25 20:00:00  NAS100 24,448.75 24,526.00 24,360.75 24,368.50   -35.25       -0.14   59648
4343  2026-03-25 21:00:00  NAS100 24,368.50 24,519.50 24,327.50 24,484.25   115.75        0.47   70402
4344  2026-03-25 22:00:00  NAS100 24,483.75 24,494.25 24,286.50 24,378.25  -106.00       -0.43   75517
4345  2026-03-25 23:00:00  NAS100 24,377.50 24,450.25 24,330.75 24,422.00    43.75        0.18   44574
4346  2026-03-26 00:00:00  NAS100 24,422.50 24,493.75 24,377.25 24,427.75     5.75        0.02   44719
4347  2026-03-26 01:00:00  NAS100 24,426.00 24,453.00 24,322.75 24,354.50   -73.25       -0.30   32537
4348  2026-03-26 02:00:00  NAS100 24,354.75 24,395.00 24,311.75 24,372.00    17.50        0.07   48365
4349  2026-03-26 03:00:00  NAS100 24,371.75 24,393.00 24,349.25 24,367.75    -4.25       -0.02   10592
4350  2026-03-26 20:00:00  NAS100 24,117.25 24,233.25 24,064.00 24,215.50  -152.25       -0.62   68710
4351  2026-03-26 21:00:00  NAS100 24,216.00 24,242.50 24,030.25 24,103.00  -112.50       -0.46   74239
4352  2026-03-26 22:00:00  NAS100 24,104.00 24,129.75 24,051.25 24,093.00   -10.00       -0.04   47477
4353  2026-03-26 23:00:00  NAS100 24,092.50 24,101.75 23,970.00 23,998.00   -95.00       -0.39   48843
4354  2026-03-27 00:00:00  NAS100 23,998.50 24,018.00 23,851.50 23,861.25  -136.75       -0.57   40512
4355  2026-03-27 01:00:00  NAS100 23,860.75 23,900.75 23,844.50 23,882.75    21.50        0.09   37951
4356  2026-03-27 02:00:00  NAS100 23,882.75 23,886.50 23,775.00 23,787.25   -95.50       -0.40   66117
4357  2026-03-27 03:00:00  NAS100 23,787.25 24,022.25 23,763.25 23,822.00    34.75        0.15   38995
4358  2026-03-27 20:00:00  NAS100 23,615.50 23,664.00 23,470.00 23,478.75  -343.25       -1.44   70842
4359  2026-03-27 21:00:00  NAS100 23,481.00 23,558.50 23,440.00 23,511.50    32.75        0.14   70469
4360  2026-03-27 22:00:00  NAS100 23,511.50 23,610.50 23,458.50 23,549.50    38.00        0.16   63413
4361  2026-03-27 23:00:00  NAS100 23,550.50 23,556.75 23,444.25 23,473.50   -76.00       -0.32   38459
4362  2026-03-28 00:00:00  NAS100 23,473.50 23,529.50 23,344.00 23,360.25  -113.25       -0.48   47108
4363  2026-03-28 01:00:00  NAS100 23,359.75 23,396.25 23,325.25 23,340.00   -20.25       -0.09   39095
4364  2026-03-28 02:00:00  NAS100 23,339.25 23,360.50 23,269.00 23,309.00   -31.00       -0.13   63710
4365  2026-03-28 03:00:00  NAS100 23,309.00 23,330.50 23,232.50 23,254.25   -54.75       -0.23   24428
4366  2026-03-30 20:00:00  NAS100 23,505.75 23,538.25 23,292.75 23,302.00    47.75        0.21   62596
4367  2026-03-30 21:00:00  NAS100 23,302.50 23,382.75 23,262.25 23,377.50    75.50        0.32   73231
4368  2026-03-30 22:00:00  NAS100 23,377.50 23,436.25 23,282.00 23,375.00    -2.50       -0.01   63348
4369  2026-03-30 23:00:00  NAS100 23,374.50 23,380.25 23,267.00 23,288.00   -87.00       -0.37   39051
4370  2026-03-31 00:00:00  NAS100 23,288.00 23,306.25 23,169.50 23,210.75   -77.25       -0.33   47246
4371  2026-03-31 01:00:00  NAS100 23,210.50 23,212.75 23,115.25 23,120.75   -90.00       -0.39   31652
4372  2026-03-31 02:00:00  NAS100 23,120.75 23,165.25 23,024.50 23,135.50    14.75        0.06   66567
4373  2026-03-31 03:00:00  NAS100 23,135.50 23,144.50 23,091.75 23,106.25   -29.25       -0.13   15985
4374  2026-03-31 20:00:00  NAS100 23,370.75 23,575.00 23,357.00 23,565.00   458.75        1.99   70254
4375  2026-03-31 21:00:00  NAS100 23,569.00 23,587.75 23,376.50 23,409.50  -155.50       -0.66   77924
4376  2026-03-31 22:00:00  NAS100 23,409.25 23,558.75 23,407.50 23,446.50    37.00        0.16   61901
4377  2026-03-31 23:00:00  NAS100 23,446.25 23,857.25 23,435.75 23,775.25   328.75        1.40  109422
4378  2026-04-01 00:00:00  NAS100 23,775.75 23,876.00 23,747.50 23,761.00   -14.25       -0.06   81436
4379  2026-04-01 01:00:00  NAS100 23,760.00 23,872.00 23,760.00 23,855.50    94.50        0.40   41982
4380  2026-04-01 02:00:00  NAS100 23,856.25 23,975.25 23,833.50 23,909.75    54.25        0.23   77958
4381  2026-04-01 03:00:00  NAS100 23,909.50 23,945.50 23,868.25 23,905.50    -4.25       -0.02   25428
4382  2026-04-01 20:00:00  NAS100 24,061.00 24,194.75 24,036.00 24,120.75   215.25        0.90   72136
4383  2026-04-01 21:00:00  NAS100 24,121.75 24,270.00 24,108.75 24,260.00   139.25        0.58   81192
4384  2026-04-01 22:00:00  NAS100 24,260.25 24,327.00 24,229.75 24,313.25    53.25        0.22   50782
4385  2026-04-01 23:00:00  NAS100 24,314.00 24,330.75 24,288.25 24,318.75     5.50        0.02   31162
4386  2026-04-02 00:00:00  NAS100 24,319.75 24,348.25 24,265.50 24,266.75   -52.00       -0.21   30558
4387  2026-04-02 01:00:00  NAS100 24,266.75 24,273.50 24,124.50 24,159.00  -107.75       -0.44   65668
4388  2026-04-02 02:00:00  NAS100 24,159.00 24,255.75 24,153.75 24,200.50    41.50        0.17   67048
4389  2026-04-02 03:00:00  NAS100 24,200.75 24,215.75 24,176.50 24,187.25   -13.25       -0.05   14019
4390  2026-04-02 20:00:00  NAS100 23,725.25 23,908.25 23,678.00 23,898.00  -289.25       -1.20   71195
4391  2026-04-02 21:00:00  NAS100 23,897.75 24,266.75 23,859.00 24,175.00   277.00        1.16  125169
4392  2026-04-02 22:00:00  NAS100 24,174.50 24,214.50 24,089.00 24,136.00   -39.00       -0.16   67292
4393  2026-04-02 23:00:00  NAS100 24,136.00 24,177.00 24,057.50 24,121.00   -15.00       -0.06   42629
4394  2026-04-03 00:00:00  NAS100 24,120.50 24,182.75 24,063.50 24,090.75   -30.25       -0.13   31591
4395  2026-04-03 01:00:00  NAS100 24,091.25 24,165.00 24,091.00 24,140.50    49.75        0.21   29013
4396  2026-04-03 02:00:00  NAS100 24,141.00 24,225.75 24,135.00 24,220.75    80.25        0.33   39924
4397  2026-04-03 03:00:00  NAS100 24,220.75 24,233.75 24,199.75 24,219.50    -1.25       -0.01   15092
4398  2026-04-06 20:00:00  NAS100 24,307.50 24,416.75 24,245.75 24,411.75   192.25        0.79   62842
4399  2026-04-06 21:00:00  NAS100 24,411.50 24,452.25 24,262.25 24,306.25  -105.50       -0.43   75644
4400  2026-04-06 22:00:00  NAS100 24,306.25 24,337.50 24,252.25 24,323.25    17.00        0.07   37674
4401  2026-04-06 23:00:00  NAS100 24,324.00 24,346.75 24,283.25 24,309.25   -14.00       -0.06   25550
4402  2026-04-07 00:00:00  NAS100 24,309.00 24,334.25 24,202.75 24,263.50   -45.75       -0.19   37072
4403  2026-04-07 01:00:00  NAS100 24,264.50 24,364.25 24,245.50 24,351.25    87.75        0.36   31897
4404  2026-04-07 02:00:00  NAS100 24,351.50 24,376.25 24,326.25 24,363.00    11.75        0.05   31050
4405  2026-04-07 03:00:00  NAS100 24,363.25 24,370.00 24,334.00 24,349.75   -13.25       -0.05   10997
4406  2026-04-07 20:00:00  NAS100 24,216.25 24,308.00 24,118.00 24,120.25  -229.50       -0.94   60492
4407  2026-04-07 21:00:00  NAS100 24,121.25 24,144.50 23,994.00 24,009.25  -111.00       -0.46   82638
4408  2026-04-07 22:00:00  NAS100 24,009.25 24,133.00 23,941.50 24,108.50    99.25        0.41   61263
4409  2026-04-07 23:00:00  NAS100 24,107.50 24,241.75 24,105.50 24,202.25    93.75        0.39   50084
4410  2026-04-08 00:00:00  NAS100 24,201.75 24,299.75 24,169.75 24,225.50    23.25        0.10   42770
4411  2026-04-08 01:00:00  NAS100 24,226.00 24,238.25 24,076.75 24,102.00  -123.50       -0.51   37403
4412  2026-04-08 02:00:00  NAS100 24,102.50 24,381.00 24,083.25 24,370.00   268.00        1.11   85924
4413  2026-04-08 03:00:00  NAS100 24,369.25 24,451.50 24,345.75 24,399.25    29.25        0.12   26959
4414  2026-04-08 20:00:00  NAS100 25,213.00 25,249.75 25,064.00 25,080.75   681.50        2.79   84770
4415  2026-04-08 21:00:00  NAS100 25,080.75 25,105.00 24,926.50 24,993.00   -87.75       -0.35   85792
4416  2026-04-08 22:00:00  NAS100 24,993.25 25,089.00 24,978.75 25,078.50    85.50        0.34   52323
4417  2026-04-08 23:00:00  NAS100 25,078.75 25,157.50 25,061.75 25,142.25    63.75        0.25   37663
4418  2026-04-09 00:00:00  NAS100 25,142.50 25,156.75 25,065.00 25,094.25   -48.00       -0.19   34408
4419  2026-04-09 01:00:00  NAS100 25,094.50 25,131.75 24,948.75 24,953.25  -141.00       -0.56   46814
4420  2026-04-09 02:00:00  NAS100 24,953.25 25,097.00 24,943.25 25,079.75   126.50        0.51   67593
4421  2026-04-09 03:00:00  NAS100 25,079.75 25,095.25 25,033.25 25,039.00   -40.75       -0.16   16709
4422  2026-04-09 20:00:00  NAS100 25,029.25 25,111.50 25,005.50 25,033.25    -5.75       -0.02   59054
4423  2026-04-09 21:00:00  NAS100 25,033.00 25,056.00 24,960.50 25,041.25     8.00        0.03   67167
4424  2026-04-09 22:00:00  NAS100 25,041.50 25,197.75 25,016.00 25,189.00   147.75        0.59   77645
4425  2026-04-09 23:00:00  NAS100 25,189.00 25,265.75 25,161.75 25,196.50     7.50        0.03   56481
4426  2026-04-10 00:00:00  NAS100 25,196.75 25,257.00 25,188.00 25,226.75    30.25        0.12   36354
4427  2026-04-10 01:00:00  NAS100 25,227.00 25,231.25 25,145.00 25,179.75   -47.00       -0.19   47793
4428  2026-04-10 02:00:00  NAS100 25,180.25 25,269.75 25,175.75 25,248.75    69.00        0.27   50358
4429  2026-04-10 03:00:00  NAS100 25,248.75 25,254.00 25,220.25 25,244.75    -4.00       -0.02   13241
4430  2026-04-10 20:00:00  NAS100 25,304.00 25,369.25 25,290.50 25,320.50    75.75        0.30   55608
4431  2026-04-10 21:00:00  NAS100 25,319.00 25,373.75 25,268.00 25,352.50    32.00        0.13   65335
4432  2026-04-10 22:00:00  NAS100 25,352.50 25,393.00 25,244.75 25,264.50   -88.00       -0.35   59743
4433  2026-04-10 23:00:00  NAS100 25,264.50 25,301.50 25,222.25 25,264.50     0.00        0.00   43686
4434  2026-04-11 00:00:00  NAS100 25,265.50 25,276.00 25,223.25 25,272.00     7.50        0.03   29572
4435  2026-04-11 01:00:00  NAS100 25,271.75 25,281.25 25,238.50 25,260.75   -11.25       -0.04   29032
4436  2026-04-11 02:00:00  NAS100 25,261.25 25,302.00 25,259.00 25,284.25    23.50        0.09   44175
4437  2026-04-11 03:00:00  NAS100 25,284.00 25,338.00 25,276.75 25,281.25    -3.00       -0.01   12655
4438  2026-04-13 20:00:00  NAS100 25,168.25 25,310.00 25,156.50 25,307.00    25.75        0.10   74553
4439  2026-04-13 21:00:00  NAS100 25,308.00 25,360.75 25,245.50 25,351.75    44.75        0.18   71540
4440  2026-04-13 22:00:00  NAS100 25,352.00 25,355.00 25,296.50 25,309.50   -42.25       -0.17   43689
4441  2026-04-13 23:00:00  NAS100 25,309.00 25,435.00 25,282.50 25,410.75   101.25        0.40   65096
4442  2026-04-14 00:00:00  NAS100 25,411.00 25,439.50 25,396.75 25,404.00    -6.75       -0.03   30733
4443  2026-04-14 01:00:00  NAS100 25,404.50 25,454.50 25,396.00 25,445.25    41.25        0.16   26143
4444  2026-04-14 02:00:00  NAS100 25,445.50 25,550.25 25,431.00 25,537.75    92.50        0.36   53370
4445  2026-04-14 03:00:00  NAS100 25,538.00 25,599.25 25,533.50 25,585.50    47.75        0.19   19111
4446  2026-04-14 20:00:00  NAS100 25,675.50 25,763.75 25,651.75 25,722.25   136.75        0.53   62735
4447  2026-04-14 21:00:00  NAS100 25,721.50 25,820.25 25,712.00 25,806.00    83.75        0.33   64170
4448  2026-04-14 22:00:00  NAS100 25,805.75 25,899.75 25,762.50 25,875.75    69.75        0.27   56734
4449  2026-04-14 23:00:00  NAS100 25,876.00 25,938.00 25,872.00 25,914.00    38.25        0.15   40265
4450  2026-04-15 00:00:00  NAS100 25,914.25 25,969.25 25,911.75 25,958.00    44.00        0.17   31295
4451  2026-04-15 01:00:00  NAS100 25,958.75 25,964.75 25,884.25 25,917.75   -40.25       -0.16   40537
4452  2026-04-15 02:00:00  NAS100 25,917.50 26,003.25 25,915.00 26,001.25    83.50        0.32   66066
4453  2026-04-15 03:00:00  NAS100 26,001.25 26,003.00 25,972.00 25,990.00   -11.25       -0.04   16248
4454  2026-04-15 20:00:00  NAS100 25,990.00 26,072.25 25,979.00 26,068.50    78.50        0.30   63059
4455  2026-04-15 21:00:00  NAS100 26,069.25 26,176.25 26,048.50 26,163.00    94.50        0.36   69144
4456  2026-04-15 22:00:00  NAS100 26,163.00 26,215.50 26,138.75 26,196.75    33.75        0.13   51975
4457  2026-04-15 23:00:00  NAS100 26,197.25 26,251.50 26,102.25 26,144.25   -52.50       -0.20   58806
4458  2026-04-16 00:00:00  NAS100 26,144.25 26,220.00 26,136.75 26,190.75    46.50        0.18   37709
4459  2026-04-16 01:00:00  NAS100 26,190.25 26,315.25 26,173.25 26,303.25   112.50        0.43   45920
4460  2026-04-16 02:00:00  NAS100 26,303.00 26,377.50 26,292.25 26,363.50    60.25        0.23   65270
4461  2026-04-16 03:00:00  NAS100 26,364.00 26,371.25 26,330.00 26,359.50    -4.00       -0.02   16413
4462  2026-04-16 20:00:00  NAS100 26,402.00 26,453.25 26,275.50 26,322.00   -37.50       -0.14   82800
4463  2026-04-16 21:00:00  NAS100 26,321.25 26,422.75 26,290.50 26,404.25    82.25        0.31   81626
4464  2026-04-16 22:00:00  NAS100 26,403.75 26,543.00 26,403.75 26,533.25   129.00        0.49   74598
4465  2026-04-16 23:00:00  NAS100 26,533.75 26,564.00 26,430.50 26,473.25   -60.00       -0.23   56987
4466  2026-04-17 00:00:00  NAS100 26,474.25 26,509.75 26,431.00 26,460.75   -12.50       -0.05   51513
4467  2026-04-17 01:00:00  NAS100 26,460.25 26,484.25 26,355.00 26,438.00   -22.75       -0.09   68984
4468  2026-04-17 02:00:00  NAS100 26,438.00 26,498.50 26,434.25 26,483.75    45.75        0.17   54378
4469  2026-04-17 03:00:00  NAS100 26,483.75 26,490.75 26,440.75 26,464.25   -19.50       -0.07   16439
4470  2026-04-17 20:00:00  NAS100 26,742.00 26,817.75 26,629.50 26,731.25   267.00        1.01  107201
4471  2026-04-17 21:00:00  NAS100 26,731.75 26,855.75 26,714.50 26,827.25    96.00        0.36   83035
4472  2026-04-17 22:00:00  NAS100 26,827.75 26,877.00 26,799.25 26,804.75   -22.50       -0.08   64324
4473  2026-04-17 23:00:00  NAS100 26,804.75 26,884.75 26,791.50 26,859.25    54.50        0.20   44075
4474  2026-04-18 00:00:00  NAS100 26,859.50 26,877.25 26,735.50 26,808.00   -51.25       -0.19   70348
4475  2026-04-18 01:00:00  NAS100 26,808.25 26,822.00 26,755.50 26,784.75   -23.25       -0.09   50934
4476  2026-04-18 02:00:00  NAS100 26,785.00 26,831.00 26,757.75 26,827.50    42.75        0.16   54613
4477  2026-04-18 03:00:00  NAS100 26,827.25 26,845.00 26,816.00 26,825.50    -2.00       -0.01   14334
4478  2026-04-20 20:00:00  NAS100 26,751.75 26,827.75 26,715.75 26,780.75   -44.75       -0.17   63776
4479  2026-04-20 21:00:00  NAS100 26,782.75 26,788.25 26,611.25 26,637.75  -143.00       -0.53   85545
4480  2026-04-20 22:00:00  NAS100 26,638.25 26,710.75 26,568.75 26,658.50    20.75        0.08   69428
4481  2026-04-20 23:00:00  NAS100 26,658.25 26,699.75 26,639.25 26,679.25    20.75        0.08   34153
4482  2026-04-21 00:00:00  NAS100 26,679.50 26,727.00 26,660.50 26,707.25    28.00        0.10   33252
4483  2026-04-21 01:00:00  NAS100 26,707.50 26,748.50 26,696.75 26,732.25    25.00        0.09   35082
4484  2026-04-21 02:00:00  NAS100 26,732.00 26,752.00 26,709.25 26,745.00    12.75        0.05   39581
4485  2026-04-21 03:00:00  NAS100 26,745.00 26,809.75 26,729.25 26,774.25    29.25        0.11   19715
4486  2026-04-21 20:00:00  NAS100 26,823.25 26,839.00 26,726.75 26,838.50    64.25        0.24   61277
4487  2026-04-21 21:00:00  NAS100 26,838.75 26,885.25 26,730.00 26,736.75  -101.75       -0.38   76329
4488  2026-04-21 22:00:00  NAS100 26,737.75 26,786.25 26,662.50 26,731.50    -5.25       -0.02   84915
4489  2026-04-21 23:00:00  NAS100 26,733.00 26,782.75 26,668.25 26,670.75   -60.75       -0.23   53222
4490  2026-04-22 00:00:00  NAS100 26,670.75 26,765.75 26,600.00 26,699.25    28.50        0.11   81666
4491  2026-04-22 01:00:00  NAS100 26,699.00 26,746.25 26,659.50 26,724.00    24.75        0.09   46538
4492  2026-04-22 02:00:00  NAS100 26,724.25 26,786.50 26,551.75 26,641.50   -82.50       -0.31   87870
4493  2026-04-22 03:00:00  NAS100 26,642.25 26,794.25 26,601.75 26,721.25    79.75        0.30   30362
4494  2026-04-22 20:00:00  NAS100 26,821.75 26,892.75 26,811.50 26,864.50   143.25        0.54   64868
4495  2026-04-22 21:00:00  NAS100 26,864.25 27,006.25 26,852.00 26,972.00   107.50        0.40   85076
4496  2026-04-22 22:00:00  NAS100 26,972.25 27,008.75 26,940.25 26,980.50     8.50        0.03   51858
4497  2026-04-22 23:00:00  NAS100 26,980.50 27,005.00 26,957.25 26,966.75   -13.75       -0.05   38333
4498  2026-04-23 00:00:00  NAS100 26,966.50 27,050.00 26,965.75 27,030.00    63.25        0.23   42045
4499  2026-04-23 01:00:00  NAS100 27,029.75 27,041.00 26,992.50 27,013.75   -16.25       -0.06   30323
4500  2026-04-23 02:00:00  NAS100 27,014.00 27,093.00 26,978.00 27,079.75    66.00        0.24   62217
4501  2026-04-23 03:00:00  NAS100 27,079.50 27,136.00 27,069.00 27,106.50    26.75        0.10   22308
4502  2026-04-23 20:00:00  NAS100 27,009.25 27,102.75 26,965.00 27,016.75   -89.75       -0.33   59241
4503  2026-04-23 21:00:00  NAS100 27,017.25 27,106.25 26,970.00 27,094.25    77.50        0.29   74617
4504  2026-04-23 22:00:00  NAS100 27,094.50 27,155.75 27,061.00 27,093.00    -1.25       -0.00   57403
4505  2026-04-23 23:00:00  NAS100 27,093.25 27,119.00 27,038.75 27,087.75    -5.25       -0.02   40050
4506  2026-04-24 00:00:00  NAS100 27,089.00 27,099.00 26,681.75 26,880.50  -207.25       -0.77  143004
4507  2026-04-24 01:00:00  NAS100 26,879.00 26,982.25 26,842.50 26,860.50   -20.00       -0.07   59167
4508  2026-04-24 02:00:00  NAS100 26,861.00 26,944.50 26,840.25 26,926.50    66.00        0.25   55264
4509  2026-04-24 03:00:00  NAS100 26,926.50 26,988.50 26,909.25 26,942.75    16.25        0.06   19704
4510  2026-04-24 20:00:00  NAS100 27,238.00 27,266.75 27,130.25 27,193.75   251.00        0.93   72104
4511  2026-04-24 21:00:00  NAS100 27,193.75 27,297.25 27,158.50 27,290.25    96.50        0.35   75098
4512  2026-04-24 22:00:00  NAS100 27,290.50 27,417.50 27,286.25 27,396.00   105.75        0.39   69321
4513  2026-04-24 23:00:00  NAS100 27,396.25 27,430.50 27,360.00 27,409.75    13.75        0.05   41651
4514  2026-04-25 00:00:00  NAS100 27,409.75 27,462.50 27,367.00 27,432.75    23.00        0.08   39054
4515  2026-04-25 01:00:00  NAS100 27,433.00 27,443.00 27,383.75 27,408.00   -24.75       -0.09   31653
4516  2026-04-25 02:00:00  NAS100 27,408.50 27,454.50 27,404.00 27,433.25    25.25        0.09   54835
4517  2026-04-25 03:00:00  NAS100 27,433.50 27,444.50 27,409.00 27,440.25     7.00        0.03   14691
4518  2026-04-27 20:00:00  NAS100 27,419.75 27,435.00 27,298.50 27,401.75   -38.50       -0.14   79166
4519  2026-04-27 21:00:00  NAS100 27,401.50 27,409.50 27,321.50 27,368.00   -33.75       -0.12   74251
4520  2026-04-27 22:00:00  NAS100 27,369.00 27,383.00 27,307.50 27,367.25    -0.75       -0.00   50847
4521  2026-04-27 23:00:00  NAS100 27,367.00 27,406.50 27,347.75 27,390.50    23.25        0.08   27813
4522  2026-04-28 00:00:00  NAS100 27,391.00 27,439.75 27,380.25 27,428.50    38.00        0.14   31847
4523  2026-04-28 01:00:00  NAS100 27,428.50 27,437.25 27,391.00 27,399.25   -29.25       -0.11   20002
4524  2026-04-28 02:00:00  NAS100 27,399.75 27,454.75 27,390.50 27,445.00    45.75        0.17   36641
4525  2026-04-28 03:00:00  NAS100 27,445.00 27,446.00 27,411.25 27,418.50   -26.50       -0.10   10646
4526  2026-04-28 20:00:00  NAS100 27,148.75 27,252.00 27,068.25 27,202.50  -216.00       -0.79   89537
4527  2026-04-28 21:00:00  NAS100 27,201.75 27,235.00 27,012.50 27,091.75  -110.75       -0.41   99909
4528  2026-04-28 22:00:00  NAS100 27,091.25 27,119.75 27,009.50 27,053.50   -38.25       -0.14   66014
4529  2026-04-28 23:00:00  NAS100 27,053.50 27,095.75 27,028.00 27,084.25    30.75        0.11   46498
4530  2026-04-29 00:00:00  NAS100 27,084.50 27,144.25 27,047.50 27,141.50    57.25        0.21   36323
4531  2026-04-29 01:00:00  NAS100 27,141.50 27,194.75 27,120.75 27,194.25    52.75        0.19   38578
4532  2026-04-29 02:00:00  NAS100 27,194.75 27,224.50 27,154.50 27,169.25   -25.00       -0.09   52163
4533  2026-04-29 03:00:00  NAS100 27,169.25 27,207.25 27,147.25 27,191.50    22.25        0.08   16330
4534  2026-04-29 20:00:00  NAS100 27,225.75 27,251.25 27,124.25 27,220.25    28.75        0.11   57052
4535  2026-04-29 21:00:00  NAS100 27,220.75 27,315.50 27,177.75 27,302.25    82.00        0.30   59520
4536  2026-04-29 22:00:00  NAS100 27,303.00 27,309.50 27,199.25 27,240.25   -62.00       -0.23   62965
4537  2026-04-29 23:00:00  NAS100 27,239.75 27,273.50 27,153.50 27,199.25   -41.00       -0.15   46668
4538  2026-04-30 00:00:00  NAS100 27,199.00 27,254.00 27,170.00 27,249.50    50.25        0.18   32107
4539  2026-04-30 01:00:00  NAS100 27,249.50 27,301.00 27,158.00 27,295.25    45.75        0.17   49651
4540  2026-04-30 02:00:00  NAS100 27,295.50 27,340.25 27,262.25 27,337.00    41.75        0.15   57273
4541  2026-04-30 03:00:00  NAS100 27,337.00 27,414.00 27,094.00 27,148.75  -188.25       -0.69   56607
4542  2026-04-30 20:00:00  NAS100 27,522.75 27,540.00 27,203.00 27,245.75    97.00        0.36   92763
4543  2026-04-30 21:00:00  NAS100 27,247.25 27,376.00 27,163.25 27,359.50   113.75        0.42  107261
4544  2026-04-30 22:00:00  NAS100 27,359.25 27,435.75 27,331.25 27,388.50    29.00        0.11   73225
4545  2026-04-30 23:00:00  NAS100 27,388.25 27,435.00 27,347.75 27,371.25   -17.25       -0.06   43050
4546  2026-05-01 00:00:00  NAS100 27,370.75 27,548.00 27,369.50 27,543.25   172.00        0.63   50556
4547  2026-05-01 01:00:00  NAS100 27,543.50 27,591.75 27,542.00 27,551.25     8.00        0.03   41998
4548  2026-05-01 02:00:00  NAS100 27,551.25 27,622.00 27,542.00 27,577.50    26.25        0.10   61845
4549  2026-05-01 03:00:00  NAS100 27,578.50 27,617.50 27,557.00 27,598.50    21.00        0.08   27488
4550  2026-05-01 20:00:00  NAS100 27,576.50 27,875.75 27,575.75 27,873.50   275.00        1.00   82467
4551  2026-05-01 21:00:00  NAS100 27,873.50 27,909.25 27,751.00 27,814.75   -58.75       -0.21   92006
4552  2026-05-01 22:00:00  NAS100 27,815.25 27,917.00 27,769.00 27,890.75    76.00        0.27   59836
4553  2026-05-01 23:00:00  NAS100 27,890.75 27,901.50 27,805.50 27,831.50   -59.25       -0.21   47514
4554  2026-05-02 00:00:00  NAS100 27,831.00 27,897.00 27,828.50 27,883.75    52.25        0.19   30057
4555  2026-05-02 01:00:00  NAS100 27,883.25 27,890.25 27,794.75 27,821.75   -62.00       -0.22   38788
4556  2026-05-02 02:00:00  NAS100 27,822.25 27,900.75 27,818.00 27,837.00    15.25        0.05   54088
4557  2026-05-02 03:00:00  NAS100 27,837.25 27,837.50 27,755.75 27,835.75    -1.25       -0.00   18329
4558  2026-05-04 20:00:00  NAS100 27,845.25 27,898.75 27,787.50 27,895.50    59.75        0.21   63659
4559  2026-05-04 21:00:00  NAS100 27,896.00 27,941.00 27,844.00 27,882.00   -13.50       -0.05   63333
4560  2026-05-04 22:00:00  NAS100 27,882.00 27,914.25 27,697.25 27,734.75  -147.25       -0.53   93848
4561  2026-05-04 23:00:00  NAS100 27,734.25 27,747.75 27,613.00 27,706.25   -28.50       -0.10   67985
4562  2026-05-05 00:00:00  NAS100 27,705.25 27,803.75 27,704.00 27,792.25    86.00        0.31   41694
4563  2026-05-05 01:00:00  NAS100 27,792.25 27,818.75 27,718.00 27,759.75   -32.50       -0.12   35847
4564  2026-05-05 02:00:00  NAS100 27,759.00 27,794.00 27,739.75 27,780.25    20.50        0.07   43310
4565  2026-05-05 03:00:00  NAS100 27,779.75 27,781.00 27,738.75 27,743.00   -37.25       -0.13   10217
4566  2026-05-05 20:00:00  NAS100 27,973.50 28,112.00 27,971.00 28,085.25   342.25        1.23   71058
4567  2026-05-05 21:00:00  NAS100 28,085.00 28,139.25 28,031.75 28,096.00    10.75        0.04   80823
4568  2026-05-05 22:00:00  NAS100 28,095.75 28,149.75 28,087.75 28,127.00    31.00        0.11   41678
4569  2026-05-05 23:00:00  NAS100 28,126.75 28,152.50 28,090.25 28,125.50    -1.50       -0.01   36618
4570  2026-05-06 00:00:00  NAS100 28,125.50 28,167.75 28,107.75 28,159.00    33.50        0.12   27692
4571  2026-05-06 01:00:00  NAS100 28,159.50 28,186.25 28,154.25 28,169.25    10.25        0.04   24313
4572  2026-05-06 02:00:00  NAS100 28,168.75 28,188.25 28,108.75 28,135.50   -33.75       -0.12   48794
4573  2026-05-06 03:00:00  NAS100 28,135.25 28,247.00 28,110.00 28,207.25    71.75        0.26   28918
4574  2026-05-06 20:00:00  NAS100 28,457.75 28,506.00 28,336.00 28,469.00   261.75        0.93   95539
4575  2026-05-06 21:00:00  NAS100 28,468.25 28,550.75 28,385.00 28,537.25    68.25        0.24   96046
4576  2026-05-06 22:00:00  NAS100 28,537.50 28,586.75 28,518.00 28,560.25    23.00        0.08   51617
4577  2026-05-06 23:00:00  NAS100 28,560.50 28,601.25 28,512.25 28,539.25   -21.00       -0.07   36067
4578  2026-05-07 00:00:00  NAS100 28,539.50 28,610.25 28,528.50 28,600.00    60.75        0.21   27477
4579  2026-05-07 01:00:00  NAS100 28,599.50 28,665.75 28,591.75 28,640.25    40.25        0.14   34337
4580  2026-05-07 02:00:00  NAS100 28,640.00 28,725.75 28,637.75 28,711.25    71.00        0.25   64456
4581  2026-05-07 03:00:00  NAS100 28,711.00 28,800.00 28,694.50 28,712.25     1.00        0.00   29298
4582  2026-05-07 20:00:00  NAS100 28,755.25 28,803.00 28,708.00 28,781.50    69.25        0.24   73171
4583  2026-05-07 21:00:00  NAS100 28,781.50 28,944.75 28,779.00 28,928.50   147.00        0.51   82644
4584  2026-05-07 22:00:00  NAS100 28,928.00 28,930.50 28,772.75 28,784.25  -144.25       -0.50   71365
4585  2026-05-07 23:00:00  NAS100 28,785.50 28,788.25 28,637.00 28,696.75   -87.50       -0.30   91043
4586  2026-05-08 00:00:00  NAS100 28,697.50 28,713.50 28,552.00 28,696.50    -0.25       -0.00   83794
4587  2026-05-08 01:00:00  NAS100 28,696.75 28,721.50 28,582.75 28,644.75   -51.75       -0.18   63658
4588  2026-05-08 02:00:00  NAS100 28,645.00 28,708.75 28,586.75 28,683.75    39.00        0.14   63669
4589  2026-05-08 03:00:00  NAS100 28,684.25 28,766.25 28,633.00 28,644.00   -39.75       -0.14   24833
4590  2026-05-08 20:00:00  NAS100 28,911.50 29,111.25 28,859.50 29,107.25   463.25        1.62   76782
4591  2026-05-08 21:00:00  NAS100 29,106.50 29,175.25 29,073.50 29,162.00    54.75        0.19   79997
4592  2026-05-08 22:00:00  NAS100 29,162.25 29,217.75 29,124.75 29,191.50    29.50        0.10   59511
4593  2026-05-08 23:00:00  NAS100 29,191.00 29,247.75 29,190.25 29,241.00    49.50        0.17   42037
4594  2026-05-09 00:00:00  NAS100 29,241.25 29,317.50 29,235.00 29,264.25    23.25        0.08   48471
4595  2026-05-09 01:00:00  NAS100 29,264.25 29,305.50 29,237.75 29,240.50   -23.75       -0.08   34212
4596  2026-05-09 02:00:00  NAS100 29,240.50 29,341.00 29,238.50 29,340.00    99.50        0.34   63268
4597  2026-05-09 03:00:00  NAS100 29,339.50 29,386.75 29,330.25 29,332.50    -7.50       -0.03   23924
4598  2026-05-11 20:00:00  NAS100 29,297.00 29,434.75 29,281.50 29,310.25   -22.25       -0.08   78647
4599  2026-05-11 21:00:00  NAS100 29,311.25 29,417.75 29,246.75 29,391.50    81.25        0.28   80080
4600  2026-05-11 22:00:00  NAS100 29,390.75 29,475.25 29,359.75 29,465.25    73.75        0.25   51137
4601  2026-05-11 23:00:00  NAS100 29,465.25 29,480.00 29,369.00 29,405.00   -60.25       -0.20   43158
4602  2026-05-12 00:00:00  NAS100 29,404.50 29,476.50 29,377.25 29,441.50    36.50        0.12   35833
4603  2026-05-12 01:00:00  NAS100 29,442.00 29,475.00 29,386.00 29,387.75   -53.75       -0.18   32397
4604  2026-05-12 02:00:00  NAS100 29,388.75 29,434.50 29,371.25 29,429.25    41.50        0.14   62343
4605  2026-05-12 03:00:00  NAS100 29,428.50 29,430.00 29,314.75 29,400.00   -29.25       -0.10   18835
4606  2026-05-12 20:00:00  NAS100 29,222.75 29,296.00 29,109.75 29,129.50  -270.50       -0.92   99330
4607  2026-05-12 21:00:00  NAS100 29,129.00 29,228.25 29,000.00 29,014.25  -115.25       -0.40  112278
4608  2026-05-12 22:00:00  NAS100 29,013.75 29,031.00 28,828.50 28,839.75  -174.50       -0.60   86908
4609  2026-05-12 23:00:00  NAS100 28,840.00 28,913.50 28,742.00 28,749.00   -90.75       -0.31   64678
4610  2026-05-13 00:00:00  NAS100 28,749.50 28,929.75 28,749.00 28,920.50   171.50        0.60   57324
4611  2026-05-13 01:00:00  NAS100 28,920.25 29,007.25 28,911.25 28,956.00    35.50        0.12   53945
4612  2026-05-13 02:00:00  NAS100 28,956.25 29,188.25 28,955.75 29,174.50   218.50        0.75   74187
4613  2026-05-13 03:00:00  NAS100 29,174.25 29,176.00 29,103.00 29,134.25   -40.25       -0.14   20596
4614  2026-05-13 20:00:00  NAS100 29,237.50 29,304.75 29,075.00 29,169.25    35.00        0.12   95800
4615  2026-05-13 21:00:00  NAS100 29,170.25 29,322.00 29,112.00 29,317.50   148.25        0.51   84205
4616  2026-05-13 22:00:00  NAS100 29,317.50 29,386.75 29,281.50 29,310.00    -7.50       -0.03   52031
4617  2026-05-13 23:00:00  NAS100 29,310.25 29,463.50 29,299.25 29,447.75   137.75        0.47   49050
4618  2026-05-14 00:00:00  NAS100 29,448.00 29,496.25 29,442.50 29,444.25    -3.50       -0.01   33828
4619  2026-05-14 01:00:00  NAS100 29,445.25 29,565.50 29,441.50 29,472.25    28.00        0.10   47887
4620  2026-05-14 02:00:00  NAS100 29,472.50 29,540.00 29,449.50 29,476.00     3.75        0.01   51298
4621  2026-05-14 03:00:00  NAS100 29,476.00 29,547.00 29,448.75 29,536.00    60.00        0.20   16736
4622  2026-05-14 20:00:00  NAS100 29,494.25 29,684.75 29,448.25 29,541.75     5.75        0.02   96104
4623  2026-05-14 21:00:00  NAS100 29,542.00 29,730.00 29,533.00 29,674.25   132.50        0.45   88933
4624  2026-05-14 22:00:00  NAS100 29,674.75 29,773.75 29,665.00 29,755.25    81.00        0.27   53805
4625  2026-05-14 23:00:00  NAS100 29,756.00 29,782.00 29,692.25 29,728.00   -27.25       -0.09   49743
4626  2026-05-15 00:00:00  NAS100 29,728.25 29,754.50 29,595.25 29,731.00     3.00        0.01   65693
4627  2026-05-15 01:00:00  NAS100 29,730.75 29,730.75 29,640.50 29,708.50   -22.50       -0.08   51007
4628  2026-05-15 02:00:00  NAS100 29,709.00 29,735.00 29,678.50 29,686.75   -21.75       -0.07   52971
4629  2026-05-15 03:00:00  NAS100 29,686.75 29,737.75 29,633.75 29,688.50     1.75        0.01   17229
4630  2026-05-15 20:00:00  NAS100 29,191.00 29,291.00 29,089.75 29,143.25  -545.25       -1.84  113204
4631  2026-05-15 21:00:00  NAS100 29,144.00 29,382.75 29,132.00 29,281.25   138.00        0.47  111015
4632  2026-05-15 22:00:00  NAS100 29,281.00 29,382.00 29,212.00 29,281.25     0.00        0.00   72996
4633  2026-05-15 23:00:00  NAS100 29,282.00 29,351.00 29,251.50 29,322.75    41.50        0.14   46787
4634  2026-05-16 00:00:00  NAS100 29,323.25 29,453.75 29,312.00 29,447.25   124.50        0.42   40113
4635  2026-05-16 01:00:00  NAS100 29,449.00 29,486.75 29,316.00 29,389.75   -57.50       -0.20   52286
4636  2026-05-16 02:00:00  NAS100 29,389.50 29,398.25 29,208.25 29,231.25  -158.50       -0.54   66260
4637  2026-05-16 03:00:00  NAS100 29,230.50 29,233.75 29,111.00 29,231.75     0.50        0.00   30121
4638  2026-05-18 20:00:00  NAS100 29,408.25 29,419.00 29,135.00 29,243.75    12.00        0.04  107643
4639  2026-05-18 21:00:00  NAS100 29,242.50 29,299.00 28,970.75 29,082.50  -161.25       -0.55  125229
4640  2026-05-18 22:00:00  NAS100 29,082.25 29,126.25 28,941.50 28,997.25   -85.25       -0.29   77183
4641  2026-05-18 23:00:00  NAS100 28,996.25 29,074.00 28,842.50 29,006.00     8.75        0.03   76630
4642  2026-05-19 00:00:00  NAS100 29,004.75 29,038.00 28,959.75 29,014.00     8.00        0.03   44137
4643  2026-05-19 01:00:00  NAS100 29,014.25 29,020.50 28,814.75 28,840.00  -174.00       -0.60   61401
4644  2026-05-19 02:00:00  NAS100 28,842.25 29,114.00 28,837.75 29,098.75   258.75        0.90   98880
4645  2026-05-19 03:00:00  NAS100 29,099.50 29,110.00 29,068.50 29,076.00   -22.75       -0.08   13662
4646  2026-05-19 20:00:00  NAS100 28,912.25 29,068.00 28,802.75 28,937.75  -138.25       -0.48  115679
4647  2026-05-19 21:00:00  NAS100 28,936.75 28,944.00 28,663.00 28,804.00  -133.75       -0.46  135025
4648  2026-05-19 22:00:00  NAS100 28,803.75 28,877.75 28,726.00 28,815.75    11.75        0.04   68756
4649  2026-05-19 23:00:00  NAS100 28,818.00 29,034.75 28,791.50 29,021.75   206.00        0.71   57143
4650  2026-05-20 00:00:00  NAS100 29,022.50 29,126.50 29,007.00 29,068.75    47.00        0.16   56186
4651  2026-05-20 01:00:00  NAS100 29,069.25 29,101.75 28,941.75 28,959.50  -109.25       -0.38   44667
4652  2026-05-20 02:00:00  NAS100 28,959.75 29,059.75 28,867.00 28,923.25   -36.25       -0.13   63437
4653  2026-05-20 03:00:00  NAS100 28,923.75 28,941.50 28,887.50 28,899.25   -24.00       -0.08   13325
4654  2026-05-20 20:00:00  NAS100 29,103.75 29,194.75 29,023.25 29,100.50   201.25        0.70   94594
4655  2026-05-20 21:00:00  NAS100 29,100.75 29,279.50 29,008.50 29,261.25   160.75        0.55  108830
4656  2026-05-20 22:00:00  NAS100 29,261.50 29,395.50 29,230.75 29,331.50    70.25        0.24   68445
4657  2026-05-20 23:00:00  NAS100 29,331.50 29,337.50 29,210.00 29,261.75   -69.75       -0.24   51601
4658  2026-05-21 00:00:00  NAS100 29,263.00 29,326.00 29,229.00 29,301.25    39.50        0.13   34154
4659  2026-05-21 01:00:00  NAS100 29,302.50 29,345.00 29,275.25 29,300.50    -0.75       -0.00   30253
4660  2026-05-21 02:00:00  NAS100 29,301.25 29,396.75 29,298.25 29,396.00    95.50        0.33   49546
4661  2026-05-21 03:00:00  NAS100 29,395.50 29,397.50 29,247.25 29,390.50    -5.50       -0.02   31915
4662  2026-05-21 20:00:00  NAS100 29,193.50 29,315.00 29,174.00 29,288.25  -102.25       -0.35   90268
4663  2026-05-21 21:00:00  NAS100 29,287.50 29,340.00 29,127.00 29,235.75   -52.50       -0.18   98835
4664  2026-05-21 22:00:00  NAS100 29,235.50 29,304.50 29,139.00 29,266.25    30.50        0.10   63922
4665  2026-05-21 23:00:00  NAS100 29,267.00 29,310.50 29,207.75 29,257.75    -8.50       -0.03   33742
4666  2026-05-22 00:00:00  NAS100 29,258.75 29,554.00 29,258.25 29,497.25   239.50        0.82   69792
4667  2026-05-22 01:00:00  NAS100 29,497.00 29,521.50 29,293.25 29,337.00  -160.25       -0.54   55462
4668  2026-05-22 02:00:00  NAS100 29,338.50 29,466.00 29,335.25 29,445.25   108.25        0.37   54223
4669  2026-05-22 03:00:00  NAS100 29,445.50 29,471.00 29,433.75 29,455.50    10.25        0.03   10753
4670  2026-05-22 20:00:00  NAS100 29,594.25 29,715.50 29,548.50 29,640.50   185.00        0.63   79314
4671  2026-05-22 21:00:00  NAS100 29,643.00 29,655.00 29,490.25 29,647.25     6.75        0.02   76881
4672  2026-05-22 22:00:00  NAS100 29,647.00 29,713.75 29,644.50 29,687.50    40.25        0.14   44678
4673  2026-05-22 23:00:00  NAS100 29,687.00 29,694.75 29,632.50 29,671.50   -16.00       -0.05   33535
4674  2026-05-23 00:00:00  NAS100 29,671.75 29,749.00 29,645.00 29,678.50     7.00        0.02   44712
4675  2026-05-23 01:00:00  NAS100 29,679.25 29,688.75 29,624.00 29,650.25   -28.25       -0.10   30341
4676  2026-05-23 02:00:00  NAS100 29,650.50 29,664.50 29,532.00 29,551.25   -99.00       -0.33   55496
4677  2026-05-23 03:00:00  NAS100 29,551.75 29,580.75 29,502.25 29,558.75     7.50        0.03   14714
4678  2026-05-26 20:00:00  NAS100 29,920.00 30,007.00 29,826.75 30,007.00   448.25        1.52   89078
4679  2026-05-26 21:00:00  NAS100 30,006.75 30,118.75 29,976.00 30,054.75    47.75        0.16   77646
4680  2026-05-26 22:00:00  NAS100 30,055.50 30,066.75 29,886.00 29,927.25  -127.50       -0.42   80529
4681  2026-05-26 23:00:00  NAS100 29,926.75 30,015.50 29,921.75 29,974.75    47.50        0.16   48629
4682  2026-05-27 00:00:00  NAS100 29,975.50 30,013.25 29,954.50 29,996.75    22.00        0.07   34656
4683  2026-05-27 01:00:00  NAS100 29,996.50 30,060.75 29,982.00 30,014.50    17.75        0.06   36373
4684  2026-05-27 02:00:00  NAS100 30,014.00 30,112.00 30,005.75 30,079.25    64.75        0.22   54362
4685  2026-05-27 03:00:00  NAS100 30,079.25 30,084.00 30,031.50 30,044.25   -35.00       -0.12   14942
4686  2026-05-27 20:00:00  NAS100 30,260.75 30,271.00 29,937.00 30,059.75    15.50        0.05  119536
4687  2026-05-27 21:00:00  NAS100 30,060.75 30,099.25 29,877.50 29,940.75  -119.00       -0.40  119731
4688  2026-05-27 22:00:00  NAS100 29,940.50 29,981.25 29,882.50 29,936.00    -4.75       -0.02   69301
4689  2026-05-27 23:00:00  NAS100 29,934.75 30,048.25 29,917.25 29,988.00    52.00        0.17   48539
4690  2026-05-28 00:00:00  NAS100 29,989.75 29,997.25 29,894.75 29,972.50   -15.50       -0.05   43462
4691  2026-05-28 01:00:00  NAS100 29,972.50 30,060.25 29,963.00 30,038.75    66.25        0.22   37407
4692  2026-05-28 02:00:00  NAS100 30,039.00 30,072.00 30,009.50 30,047.25     8.50        0.03   46142
4693  2026-05-28 03:00:00  NAS100 30,047.00 30,129.50 30,031.00 30,125.25    78.00        0.26   17884
4694  2026-05-28 20:00:00  NAS100 30,056.75 30,112.00 29,920.25 29,990.75  -134.50       -0.45   88651
4695  2026-05-28 21:00:00  NAS100 29,992.25 30,191.50 29,963.25 30,187.75   197.00        0.66  103778
4696  2026-05-28 22:00:00  NAS100 30,188.00 30,293.00 30,180.75 30,264.50    76.75        0.25   52590
4697  2026-05-28 23:00:00  NAS100 30,264.75 30,329.75 30,238.50 30,327.00    62.50        0.21   36140
4698  2026-05-29 00:00:00  NAS100 30,326.75 30,344.50 30,282.50 30,319.50    -7.50       -0.02   37358
4699  2026-05-29 01:00:00  NAS100 30,319.50 30,337.50 30,280.50 30,293.50   -26.00       -0.09   33103
4700  2026-05-29 02:00:00  NAS100 30,292.00 30,331.50 30,274.25 30,306.75    13.25        0.04   48196
4701  2026-05-29 03:00:00  NAS100 30,306.25 30,344.00 30,292.00 30,313.00     6.25        0.02   13109
4702  2026-05-29 20:00:00  NAS100 30,349.50 30,520.75 30,336.00 30,519.00   206.00        0.68   77197
4703  2026-05-29 21:00:00  NAS100 30,518.00 30,536.00 30,270.00 30,359.50  -159.50       -0.52  137208
4704  2026-05-29 22:00:00  NAS100 30,359.75 30,439.75 30,335.25 30,362.50     3.00        0.01   61395
4705  2026-05-29 23:00:00  NAS100 30,364.00 30,447.75 30,357.75 30,396.75    34.25        0.11   41555
4706  2026-05-30 00:00:00  NAS100 30,398.00 30,410.75 30,296.00 30,302.00   -94.75       -0.31   37835
4707  2026-05-30 01:00:00  NAS100 30,301.75 30,402.25 30,291.00 30,324.50    22.50        0.07   42423
4708  2026-05-30 02:00:00  NAS100 30,324.00 30,445.25 30,315.25 30,396.25    71.75        0.24   61184
4709  2026-05-30 03:00:00  NAS100 30,396.25 30,411.00 30,376.50 30,405.25     9.00        0.03   15679
4710  2026-06-01 20:00:00  NAS100 30,449.00 30,467.25 30,291.50 30,321.50   -83.75       -0.28   96578
4711  2026-06-01 21:00:00  NAS100 30,314.50 30,447.25 30,292.00 30,436.75   115.25        0.38   82561
4712  2026-06-01 22:00:00  NAS100 30,437.00 30,554.25 30,412.50 30,502.25    65.50        0.22   60505
4713  2026-06-01 23:00:00  NAS100 30,501.50 30,584.25 30,450.00 30,580.75    78.50        0.26   49136
4714  2026-06-02 00:00:00  NAS100 30,581.25 30,693.00 30,535.00 30,670.00    89.25        0.29   58236
4715  2026-06-02 01:00:00  NAS100 30,670.00 30,675.75 30,614.00 30,623.50   -46.50       -0.15   30068
4716  2026-06-02 02:00:00  NAS100 30,622.75 30,648.75 30,555.75 30,571.25   -52.25       -0.17   49814
4717  2026-06-02 03:00:00  NAS100 30,571.00 30,575.00 30,506.75 30,522.50   -48.75       -0.16   18720
4718  2026-06-02 20:00:00  NAS100 30,529.75 30,604.75 30,423.75 30,601.75    79.25        0.26   81742
4719  2026-06-02 21:00:00  NAS100 30,603.00 30,647.25 30,537.75 30,642.25    40.50        0.13   78735
4720  2026-06-02 22:00:00  NAS100 30,642.50 30,697.75 30,611.75 30,689.50    47.25        0.15   52519
4721  2026-06-02 23:00:00  NAS100 30,690.00 30,713.25 30,640.50 30,691.25     1.75        0.01   40978
4722  2026-06-03 00:00:00  NAS100 30,691.00 30,703.25 30,608.75 30,627.50   -63.75       -0.21   38785
4723  2026-06-03 01:00:00  NAS100 30,628.50 30,664.00 30,598.50 30,638.50    11.00        0.04   32582
4724  2026-06-03 02:00:00  NAS100 30,639.00 30,721.25 30,637.50 30,707.25    68.75        0.22   51985
4725  2026-06-03 03:00:00  NAS100 30,707.25 30,763.25 30,697.75 30,743.00    35.75        0.12   19589
4726  2026-06-03 20:00:00  NAS100 30,716.75 30,807.75 30,496.00 30,558.75  -184.25       -0.60  113597
4727  2026-06-03 21:00:00  NAS100 30,562.00 30,739.50 30,547.50 30,667.25   108.50        0.36   93981
4728  2026-06-03 22:00:00  NAS100 30,667.75 30,715.50 30,568.00 30,604.25   -63.00       -0.21   61581
4729  2026-06-03 23:00:00  NAS100 30,605.00 30,623.25 30,505.75 30,606.75     2.50        0.01   57343
4730  2026-06-04 00:00:00  NAS100 30,607.25 30,647.25 30,516.25 30,642.75    36.00        0.12   43837
4731  2026-06-04 01:00:00  NAS100 30,643.25 30,682.25 30,608.00 30,652.00     9.25        0.03   37969
4732  2026-06-04 02:00:00  NAS100 30,652.00 30,694.75 30,611.25 30,635.75   -16.25       -0.05   59408
4733  2026-06-04 03:00:00  NAS100 30,635.75 30,639.75 30,478.25 30,495.00  -140.75       -0.46   34498
4734  2026-06-04 20:00:00  NAS100 30,310.25 30,364.50 30,187.75 30,248.00  -247.00       -0.81  110002
4735  2026-06-04 21:00:00  NAS100 30,247.75 30,360.00 30,151.00 30,356.75   108.75        0.36  101536
4736  2026-06-04 22:00:00  NAS100 30,357.25 30,469.50 30,354.50 30,413.75    57.00        0.19   68304
4737  2026-06-04 23:00:00  NAS100 30,413.25 30,493.25 30,393.00 30,479.00    65.25        0.21   43471
4738  2026-06-05 00:00:00  NAS100 30,479.00 30,563.25 30,464.25 30,559.50    80.50        0.26   41859
4739  2026-06-05 01:00:00  NAS100 30,559.25 30,598.50 30,550.00 30,558.00    -1.50       -0.00   43789
4740  2026-06-05 02:00:00  NAS100 30,558.00 30,603.25 30,481.25 30,485.25   -72.75       -0.24   64712
4741  2026-06-05 03:00:00  NAS100 30,485.50 30,495.00 30,397.50 30,399.50   -85.75       -0.28   23959
4742  2026-06-05 20:00:00  NAS100 30,054.25 30,100.50 29,771.00 29,773.75  -625.75       -2.06  122416
4743  2026-06-05 21:00:00  NAS100 29,774.25 29,942.50 29,758.00 29,853.00    79.25        0.27  124936
4744  2026-06-05 22:00:00  NAS100 29,853.25 29,870.00 29,614.50 29,658.50  -194.50       -0.65   93976
4745  2026-06-05 23:00:00  NAS100 29,658.75 29,660.25 29,379.00 29,490.50  -168.00       -0.57  113050
4746  2026-06-06 00:00:00  NAS100 29,490.50 29,505.00 29,361.75 29,471.00   -19.50       -0.07   85478
4747  2026-06-06 01:00:00  NAS100 29,471.50 29,477.00 29,096.00 29,191.00  -280.00       -0.95  112919
4748  2026-06-06 02:00:00  NAS100 29,191.50 29,211.00 28,974.25 29,016.50  -174.50       -0.60  136646
4749  2026-06-06 03:00:00  NAS100 29,015.75 29,042.25 28,781.25 28,829.25  -187.25       -0.65   50921

==================================================
      HOÀN THÀNH PHÂN TÍCH          
==================================================
