
  ╭──────────────────────────────────────────────────────────╮
  │  ⚠️  VNSTOCK DEPRECATION NOTICE (31/08/2025)             │
  │                                                          │
  │  Lớp Vnstock và các phương thức cũ (stock, fx, crypto,   │
  │  world_index, fund...) đã chính thức bị ngừng hỗ trợ.    │
  │                                                          │
  │  Để hệ thống ổn định và nhận được cập nhật mới nhất,     │
  │  vui lòng chuyển sang dùng bộ thư viện `vnstock.api`.    │
  │                                                          │
  │  👉 Xem hướng dẫn Migration: /vnstock-migration          │
  ╰──────────────────────────────────────────────────────────╯

Mẫu code chuyển đổi (Migration Example):
--------------------------------------
Cũ (Old):  stock = Vnstock().stock('ACB')
Mới (New): from vnstock.api.quote import Quote
          q = Quote(symbol='ACB', source='VCI')

==================================================
      VNSTOCK 4.x OPTIMIZED ANALYZER
      Danh sách: MSN
      Khung: 1D, Số lượng: 2000
==================================================

==================================================
      PHÂN TÍCH MÃ: MSN  
      Khung thời gian: 1D
==================================================
┏━━━━━━━━━━━━━━━━━━━━━━━━━━━━━━━━━━━━━━━━━━━━━━━━━━━━━━━━━━━━━━━━━━━━━━━━━━━━━━━━━┓
┃                                                                                 ┃
┃  ⚠️ THÔNG BÁO QUAN TRỌNG                                                        ┃
┃                                                                                 ┃
┃  Phát hành vnstock 4.0.1 cung cấp sửa lỗi quan trọng và bổ sung giao diện API   ┃
┃  thống nhất (Unified UI), tăng tính ổn định của code.                           ┃
┃  Cập nhật: pip install vnstock -U                                               ┃
┃  AI Agent Guide: https://github.com/vnstock-hq/vnstock-agent-guide/             ┃
┃                                                                                 ┃
┃  ────────────────────────────────────────────────────────────────────────────── ┃
┃                                                                                 ┃
┃  🚀 VNSTOCK INSIDERS PROGRAM - NÂNG TẦM TRẢI NGHIỆM CỦA BẠN! 🚀                 ┃
┃                                                                                 ┃
┃  Nếu bạn cảm thấy khó chịu với các thông báo và quảng cáo:                      ┃
┃                                                                                 ┃
┃  ✨ Ẩn toàn bộ thông báo và quảng cáo phiền hà                                  ┃
┃  🔓 Mở rộng khả năng sử dụng API tối đa                                         ┃
┃  ⚡ Tăng tốc tải dữ liệu từ 5-8 lần                                              ┃
┃  📈 Tăng giới hạn truy cập API lên đến 5 lần                                    ┃
┃  🤖 Dùng AI Agent viết code hiệu quả với tài liệu Agent Guide                    ┃
┃                                                                                 ┃
┃  🔗 Tham gia ngay: https://vnstocks.com/insiders-program#tiers                  ┃
┃                                                                                 ┃
┗━━━━━━━━━━━━━━━━━━━━━━━━━━━━━━━━━━━━━━━━━━━━━━━━━━━━━━━━━━━━━━━━━━━━━━━━━━━━━━━━━┛

--- [ LỊCH SỬ GIÁ MSN  ] ---
            time   open   high    low  close  change  pct_change    volume
0     2018-06-06  69.19  69.27  68.46  69.27    0.08        0.12   1170840
1     2018-06-07  70.00  72.43  69.67  70.73    1.46        2.11   1148300
2     2018-06-08  70.73  71.13  69.35  69.67   -1.06       -1.50    672840
3     2018-06-11  69.67  70.24  68.86  68.86   -0.81       -1.16    881240
4     2018-06-12  68.05  68.05  64.41  66.76   -2.10       -3.05   1388340
5     2018-06-13  67.24  67.73  66.76  67.65    0.89        1.33    665420
6     2018-06-14  68.46  69.11  67.32  68.46    0.81        1.20    754200
7     2018-06-15  67.97  68.86  67.32  68.86    0.40        0.58   1125470
8     2018-06-18  68.05  68.86  66.03  68.05   -0.81       -1.18    825840
9     2018-06-19  66.43  66.43  64.00  64.81   -3.24       -4.76   1502690
10    2018-06-20  64.81  66.35  63.19  65.62    0.81        1.25    986430
11    2018-06-21  65.62  65.95  64.57  65.62    0.00        0.00    609310
12    2018-06-22  65.62  65.62  64.08  65.62    0.00        0.00    606920
13    2018-06-25  67.65  67.65  66.03  67.24    1.62        2.47    458160
14    2018-06-26  66.84  66.84  65.54  66.84   -0.40       -0.59    258540
15    2018-06-27  66.84  67.24  64.81  65.62   -1.22       -1.83    418190
16    2018-06-28  64.81  65.54  62.38  64.00   -1.62       -2.47    810880
17    2018-06-29  62.54  64.41  62.54  64.00    0.00        0.00    683730
18    2018-07-02  62.71  63.92  59.55  61.57   -2.43       -3.80   1503790
19    2018-07-03  61.57  61.98  58.41  59.95   -1.62       -2.63   1224710
20    2018-07-04  59.14  60.44  57.52  60.03    0.08        0.13    967410
21    2018-07-05  59.30  60.03  58.17  59.87   -0.16       -0.27   1268230
22    2018-07-06  58.17  60.03  57.60  59.95    0.08        0.13   1494750
23    2018-07-09  59.95  61.57  59.22  60.11    0.16        0.27    414980
24    2018-07-10  59.95  60.68  59.87  60.11    0.00        0.00    495930
25    2018-07-11  59.95  60.11  58.82  59.95   -0.16       -0.27    962210
26    2018-07-12  58.90  59.95  58.82  59.95    0.00        0.00    521530
27    2018-07-13  59.95  61.08  59.55  60.68    0.73        1.22    453210
28    2018-07-16  60.36  60.92  59.87  60.11   -0.57       -0.94   1011680
29    2018-07-17  59.38  60.36  59.38  60.36    0.25        0.42    549360
30    2018-07-18  60.36  62.38  60.11  61.57    1.21        2.00   1230190
31    2018-07-19  62.38  65.22  62.22  64.08    2.51        4.08    761010
32    2018-07-20  64.49  64.81  63.27  64.08    0.00        0.00    766990
33    2018-07-23  64.00  65.78  63.68  64.08    0.00        0.00   1161850
34    2018-07-24  64.08  65.78  63.35  65.22    1.14        1.78   1009400
35    2018-07-25  65.22  68.05  64.73  65.62    0.40        0.61    935280
36    2018-07-26  66.35  66.51  64.81  65.62    0.00        0.00    433810
37    2018-07-27  65.46  66.03  64.73  65.86    0.24        0.37    525860
38    2018-07-30  66.27  66.27  64.81  65.95    0.09        0.14    515970
39    2018-07-31  65.62  68.54  65.62  68.21    2.26        3.43    910850
40    2018-08-01  68.46  68.46  67.00  68.21    0.00        0.00    299790
41    2018-08-02  68.21  68.70  67.57  68.21    0.00        0.00    491440
42    2018-08-03  68.94  69.02  68.21  68.86    0.65        0.95    478550
43    2018-08-06  68.86  71.62  68.46  70.81    1.95        2.83    636030
44    2018-08-07  70.81  73.40  70.48  72.91    2.10        2.97    675440
45    2018-08-08  72.91  72.91  71.70  72.91    0.00        0.00    405530
46    2018-08-09  72.91  73.64  72.02  72.83   -0.08       -0.11    333290
47    2018-08-10  71.86  72.51  71.13  72.10   -0.73       -1.00    886180
48    2018-08-13  71.54  74.37  71.21  73.64    1.54        2.14    744800
49    2018-08-14  73.64  75.75  72.83  75.75    2.11        2.87    597970
50    2018-08-15  75.75  75.99  74.13  74.13   -1.62       -2.14    322230
51    2018-08-16  72.99  73.80  71.78  72.91   -1.22       -1.65    519730
52    2018-08-17  73.56  73.97  72.51  72.59   -0.32       -0.44    356510
53    2018-08-20  73.32  73.32  72.35  72.83    0.24        0.33    256130
54    2018-08-21  73.56  74.37  72.91  73.16    0.33        0.45    292260
55    2018-08-22  73.56  74.78  73.32  74.53    1.37        1.87    361550
56    2018-08-23  75.18  75.26  73.89  73.89   -0.64       -0.86    269120
57    2018-08-24  73.89  74.53  73.40  73.40   -0.49       -0.66    466910
58    2018-08-27  73.40  74.37  73.32  73.89    0.49        0.67    317350
59    2018-08-28  74.53  74.53  73.72  74.05    0.16        0.22    315060
60    2018-08-29  74.53  75.51  73.72  73.72   -0.33       -0.45    760740
61    2018-08-30  74.53  78.58  74.13  78.58    4.86        6.59    743980
62    2018-08-31  77.45  78.75  76.80  76.96   -1.62       -2.06    749680
63    2018-09-04  76.96  78.02  76.15  76.15   -0.81       -1.05    822140
64    2018-09-05  75.91  76.64  75.02  75.34   -0.81       -1.06    541780
65    2018-09-06  75.34  77.37  75.26  76.80    1.46        1.94    501250
66    2018-09-07  76.40  76.96  75.83  76.96    0.16        0.21    218340
67    2018-09-10  76.23  76.96  74.13  74.13   -2.83       -3.68    392730
68    2018-09-11  74.53  75.02  72.91  74.94    0.81        1.09    499990
69    2018-09-12  75.83  76.56  75.02  75.02    0.08        0.11    314160
70    2018-09-13  74.29  76.15  74.29  74.86   -0.16       -0.21    241210
71    2018-09-14  74.86  74.86  74.13  74.21   -0.65       -0.87    422950
72    2018-09-17  73.80  74.21  72.02  74.21    0.00        0.00    490340
73    2018-09-18  74.13  74.13  72.18  72.99   -1.22       -1.64    280760
74    2018-09-19  74.53  75.34  73.72  73.89    0.90        1.23    447450
75    2018-09-20  74.13  75.10  74.13  74.94    1.05        1.42    637980
76    2018-09-21  74.94  76.72  73.72  73.72   -1.22       -1.63   3712030
77    2018-09-24  75.34  76.96  75.26  76.56    2.84        3.85    558170
78    2018-09-25  77.37  77.69  76.07  76.48   -0.08       -0.10    289760
79    2018-09-26  75.75  76.32  75.59  75.75   -0.73       -0.95    659600
80    2018-09-27  75.75  76.15  74.53  74.94   -0.81       -1.07    442950
81    2018-09-28  75.67  75.67  74.13  75.18    0.24        0.32    686950
82    2018-10-01  75.18  76.07  74.21  76.07    0.89        1.18   1291940
83    2018-10-02  76.07  76.23  73.40  76.15    0.08        0.11   2307220
84    2018-10-03  75.75  75.91  74.94  75.51   -0.64       -0.84    604560
85    2018-10-04  75.59  76.07  75.18  76.07    0.56        0.74   1441430
86    2018-10-05  75.99  75.99  73.64  73.72   -2.35       -3.09   1591190
87    2018-10-08  73.24  73.72  70.97  72.75   -0.97       -1.32   1958530
88    2018-10-09  72.75  72.91  71.29  71.29   -1.46       -2.01    669990
89    2018-10-10  71.29  71.29  68.46  68.46   -2.83       -3.97   1323520
90    2018-10-11  65.38  66.35  63.68  63.68   -4.78       -6.98   2375010
91    2018-10-12  61.08  65.86  61.08  65.86    2.18        3.42   1444630
92    2018-10-15  65.62  65.62  63.19  63.60   -2.26       -3.43   1242460
93    2018-10-16  63.52  64.16  62.79  63.68    0.08        0.13    851250
94    2018-10-17  64.81  66.27  64.41  65.62    1.94        3.05    993370
95    2018-10-18  65.62  65.86  64.65  64.97   -0.65       -0.99    644320
96    2018-10-19  64.08  65.62  63.60  65.62    0.65        1.00   1119580
97    2018-10-22  65.62  65.95  64.16  64.16   -1.46       -2.22    551610
98    2018-10-23  64.00  64.00  60.84  62.79   -1.37       -2.14   1943490
99    2018-10-24  61.65  62.71  60.11  60.76   -2.03       -3.23   1772610
100   2018-10-25  57.52  62.79  57.52  62.79    2.03        3.34   2117680
101   2018-10-26  62.38  62.71  61.81  61.98   -0.81       -1.29    785650
102   2018-10-29  60.76  62.06  60.52  61.98    0.00        0.00    728550
103   2018-10-30  61.00  63.76  60.92  63.19    1.21        1.95    819270
104   2018-10-31  64.00  67.24  63.60  67.24    4.05        6.41   1008000
105   2018-11-01  66.84  67.73  65.78  66.43   -0.81       -1.20    831090
106   2018-11-02  67.00  68.46  66.43  68.46    2.03        3.06    993240
107   2018-11-05  67.00  69.02  67.00  69.02    0.56        0.82    536740
108   2018-11-06  69.83  70.48  68.05  68.05   -0.97       -1.41    995460
109   2018-11-07  68.46  69.19  67.81  68.62    0.57        0.84    892740
110   2018-11-08  68.86  69.67  68.05  68.46   -0.16       -0.23    145850
111   2018-11-09  68.05  68.46  67.00  68.30   -0.16       -0.23    577220
112   2018-11-12  67.32  68.21  66.76  67.73   -0.57       -0.83    241050
113   2018-11-13  66.43  66.51  64.00  64.00   -3.73       -5.51    576150
114   2018-11-14  64.08  65.30  62.38  64.00    0.00        0.00    331450
115   2018-11-15  64.65  64.73  63.52  64.33    0.33        0.52    383880
116   2018-11-16  65.54  65.54  64.00  64.49    0.16        0.25    399900
117   2018-11-19  64.49  66.43  64.49  66.27    1.78        2.76    260240
118   2018-11-20  65.78  66.76  65.78  66.27    0.00        0.00    334090
119   2018-11-21  64.81  66.03  64.81  65.78   -0.49       -0.74    282090
120   2018-11-22  65.78  66.84  65.62  66.43    0.65        0.99    551990
121   2018-11-23  66.43  66.67  66.03  66.11   -0.32       -0.48    450020
122   2018-11-26  66.11  66.67  65.78  66.51    0.40        0.61    349670
123   2018-11-27  66.51  67.24  66.35  66.43   -0.08       -0.12    420980
124   2018-11-28  66.11  66.43  65.62  65.86   -0.57       -0.86    323700
125   2018-11-29  66.84  66.84  65.62  65.62   -0.24       -0.36    359660
126   2018-11-30  65.62  65.95  64.41  64.81   -0.81       -1.23    644810
127   2018-12-03  66.03  66.76  65.86  66.59    1.78        2.75    739700
128   2018-12-04  66.84  68.46  66.76  68.13    1.54        2.31   1138470
129   2018-12-05  67.65  68.13  66.84  68.13    0.00        0.00    642600
130   2018-12-06  68.05  69.11  67.65  67.89   -0.24       -0.35    629700
131   2018-12-07  68.05  69.19  68.05  68.54    0.65        0.96    811580
132   2018-12-10  68.46  69.67  68.13  69.35    0.81        1.18    485360
133   2018-12-11  69.02  69.75  69.02  69.59    0.24        0.35    646530
134   2018-12-12  69.59  70.48  69.02  70.48    0.89        1.28    377650
135   2018-12-13  71.29  71.45  70.32  70.56    0.08        0.11    630690
136   2018-12-14  70.81  70.81  69.27  69.27   -1.29       -1.83    367370
137   2018-12-17  68.21  69.19  66.43  66.43   -2.84       -4.10    605910
138   2018-12-18  65.05  65.95  65.05  65.78   -0.65       -0.98    595370
139   2018-12-19  65.70  66.67  65.62  66.03    0.25        0.38    325700
140   2018-12-20  65.62  66.43  65.62  65.62   -0.41       -0.62    337360
141   2018-12-21  65.46  66.35  63.68  63.68   -1.94       -2.96   2407240
142   2018-12-24  64.81  65.54  64.00  64.00    0.32        0.50    379150
143   2018-12-25  63.92  65.14  63.11  64.81    0.81        1.27    562070
144   2018-12-26  64.81  64.97  64.00  64.00   -0.81       -1.25    577200
145   2018-12-27  64.81  65.22  64.00  64.00    0.00        0.00    425950
146   2018-12-28  64.33  64.81  62.79  62.79   -1.21       -1.89    546000
147   2019-01-02  63.92  63.92  63.35  63.68    0.89        1.42    433670
148   2019-01-03  63.92  63.92  62.87  63.19   -0.49       -0.77    565640
149   2019-01-04  62.38  62.79  61.17  61.73   -1.46       -2.31    463070
150   2019-01-07  63.27  63.60  62.54  63.35    1.62        2.62    336380
151   2019-01-08  63.35  64.08  63.27  64.00    0.65        1.03    279810
152   2019-01-09  64.00  64.65  63.92  64.00    0.00        0.00    339530
153   2019-01-10  64.00  65.70  64.00  64.97    0.97        1.52    450900
154   2019-01-11  65.05  65.78  64.81  65.38    0.41        0.63    452300
155   2019-01-14  65.38  65.86  65.05  65.22   -0.16       -0.24    268810
156   2019-01-15  65.30  66.43  65.14  66.35    1.13        1.73    403800
157   2019-01-16  66.43  66.92  65.95  65.95   -0.40       -0.60    483100
158   2019-01-17  65.86  66.51  64.97  64.97   -0.98       -1.49    320060
159   2019-01-18  64.97  65.95  64.97  65.62    0.65        1.00    359080
160   2019-01-21  65.62  65.86  65.30  65.46   -0.16       -0.24    266000
161   2019-01-22  65.46  65.54  64.89  64.89   -0.57       -0.87    115780
162   2019-01-23  64.89  64.89  63.19  63.19   -1.70       -2.62    707690
163   2019-01-24  63.76  63.92  62.79  63.19    0.00        0.00    435690
164   2019-01-25  63.19  63.68  63.03  63.43    0.24        0.38    677540
165   2019-01-28  63.43  64.24  63.43  64.08    0.65        1.02    749070
166   2019-01-29  64.81  64.81  64.16  64.41    0.33        0.51    604480
167   2019-01-30  64.08  64.49  64.08  64.08   -0.33       -0.51    591400
168   2019-01-31  64.33  64.49  62.95  62.95   -1.13       -1.76    721900
169   2019-02-01  63.19  63.68  62.79  63.52    0.57        0.91    679540
170   2019-02-11  64.73  66.59  64.65  64.97    1.45        2.28   1094450
171   2019-02-12  66.03  67.24  65.46  66.67    1.70        2.62   1032810
172   2019-02-13  66.67  69.59  66.67  69.59    2.92        4.38   1361490
173   2019-02-14  69.59  70.00  68.05  69.67    0.08        0.11   1451830
174   2019-02-15  69.51  69.51  68.54  68.62   -1.05       -1.51    779850
175   2019-02-18  68.86  69.27  68.78  69.19    0.57        0.83    659240
176   2019-02-19  68.94  70.16  68.94  70.08    0.89        1.29   1121720
177   2019-02-20  69.67  70.00  69.51  69.67   -0.41       -0.59   1131460
178   2019-02-21  69.92  72.83  69.92  72.67    3.00        4.31   2224960
179   2019-02-22  72.83  73.72  71.62  71.62   -1.05       -1.44   1234210
180   2019-02-25  74.53  74.53  73.32  73.89    2.27        3.17   1139980
181   2019-02-26  73.80  73.89  71.62  72.91   -0.98       -1.33    902730
182   2019-02-27  72.99  73.64  72.75  72.83   -0.08       -0.11    788910
183   2019-02-28  72.83  72.83  71.70  72.02   -0.81       -1.11    835220
184   2019-03-01  72.10  72.26  71.45  72.10    0.08        0.11    683440
185   2019-03-04  72.18  74.05  72.10  72.51    0.41        0.57   1284390
186   2019-03-05  72.51  73.64  72.35  72.43   -0.08       -0.11    772090
187   2019-03-06  72.91  73.08  72.35  72.91    0.48        0.66    695520
188   2019-03-07  73.48  73.72  72.75  72.91    0.00        0.00    947510
189   2019-03-08  72.18  72.91  71.70  72.75   -0.16       -0.22    469730
190   2019-03-11  71.37  72.67  71.37  72.59   -0.16       -0.22    602350
191   2019-03-12  72.59  72.91  71.37  71.70   -0.89       -1.23    653990
192   2019-03-13  71.70  72.51  71.70  72.10    0.40        0.56   1014640
193   2019-03-14  72.10  72.35  71.78  71.78   -0.32       -0.44    201760
194   2019-03-15  71.78  72.10  69.11  70.08   -1.70       -2.37   1372560
195   2019-03-18  70.08  70.97  68.70  70.32    0.24        0.34    766250
196   2019-03-19  70.73  70.73  69.67  70.48    0.16        0.23    442460
197   2019-03-20  69.11  69.83  68.05  68.86   -1.62       -2.30    591560
198   2019-03-21  68.94  69.19  68.30  68.86    0.00        0.00    665060
199   2019-03-22  68.78  69.11  68.46  68.46   -0.40       -0.58    759190
200   2019-03-25  67.24  67.81  66.51  66.59   -1.87       -2.73    488150
201   2019-03-26  66.59  68.05  66.59  67.32    0.73        1.10    488320
202   2019-03-27  67.32  69.02  67.32  68.86    1.54        2.29    455910
203   2019-03-28  68.86  68.86  68.21  68.86    0.00        0.00    395730
204   2019-03-29  68.86  70.40  68.30  68.30   -0.56       -0.81    756010
205   2019-04-01  69.35  71.29  69.02  71.29    2.99        4.38    515710
206   2019-04-02  71.54  71.78  69.92  71.37    0.08        0.11    393200
207   2019-04-03  71.37  71.37  70.48  71.05   -0.32       -0.45    303680
208   2019-04-04  70.56  71.37  70.56  71.13    0.08        0.11    336280
209   2019-04-05  71.13  71.94  71.13  71.54    0.41        0.58    231110
210   2019-04-08  71.29  71.70  69.51  71.54    0.00        0.00    582440
211   2019-04-09  71.86  71.86  70.48  70.89   -0.65       -0.91    280380
212   2019-04-10  69.02  70.48  69.02  70.24   -0.65       -0.92    292050
213   2019-04-11  70.24  71.29  70.24  71.05    0.81        1.15    188220
214   2019-04-12  71.13  71.37  70.48  71.13    0.08        0.11     95630
215   2019-04-16  69.67  71.37  69.19  71.13    0.00        0.00    290800
216   2019-04-17  71.13  71.37  70.48  71.29    0.16        0.22    730310
217   2019-04-18  69.75  71.21  69.67  69.67   -1.62       -2.27    407720
218   2019-04-19  69.67  71.29  69.67  70.97    1.30        1.87     57480
219   2019-04-22  70.97  71.29  70.89  71.21    0.24        0.34    292240
220   2019-04-23  70.56  71.29  70.56  71.21    0.00        0.00    338520
221   2019-04-24  70.16  71.37  70.16  71.29    0.08        0.11    573510
222   2019-04-25  71.29  71.29  70.56  70.81   -0.48       -0.67    271410
223   2019-04-26  70.48  70.81  70.00  70.40   -0.41       -0.58    284150
224   2019-05-02  70.48  71.70  70.08  71.70    1.30        1.85    678660
225   2019-05-03  71.86  73.24  70.73  71.78    0.08        0.11    868120
226   2019-05-06  71.62  71.62  70.08  70.48   -1.30       -1.81     90180
227   2019-05-07  70.48  71.86  70.48  71.21    0.73        1.04    337420
228   2019-05-08  70.48  71.70  70.48  71.13   -0.08       -0.11    509850
229   2019-05-09  71.13  71.45  70.89  71.05   -0.08       -0.11    221500
230   2019-05-10  70.56  71.54  70.56  70.89   -0.16       -0.23    189070
231   2019-05-13  70.89  71.21  70.24  70.24   -0.65       -0.92    291940
232   2019-05-14  68.13  71.13  68.13  70.08   -0.16       -0.23    327800
233   2019-05-15  70.08  71.70  70.08  71.13    1.05        1.50    202520
234   2019-05-16  71.13  71.54  70.48  70.48   -0.65       -0.91    359320
235   2019-05-17  69.83  71.13  69.83  70.08   -0.40       -0.57    419260
236   2019-05-20  70.16  71.45  70.08  71.29    1.21        1.73    396980
237   2019-05-21  71.29  74.21  71.29  73.97    2.68        3.76    976350
238   2019-05-22  72.91  74.21  72.75  72.91   -1.06       -1.43    436560
239   2019-05-23  72.75  73.56  72.10  72.91    0.00        0.00    254800
240   2019-05-24  72.91  73.32  70.64  70.64   -2.27       -3.11    687440
241   2019-05-27  70.56  71.94  70.56  71.62    0.98        1.39    353840
242   2019-05-28  71.29  71.70  70.08  70.48   -1.14       -1.59    642340
243   2019-05-29  70.16  71.05  70.08  70.73    0.25        0.35    313820
244   2019-05-30  70.73  71.13  69.27  69.27   -1.46       -2.06    309190
245   2019-05-31  69.35  70.32  69.35  69.51    0.24        0.35    463440
246   2019-06-03  69.51  70.00  68.86  68.86   -0.65       -0.94    381730
247   2019-06-04  68.86  69.35  67.65  68.86    0.00        0.00    326580
248   2019-06-05  69.59  69.59  68.86  68.86    0.00        0.00    214360
249   2019-06-06  68.54  69.27  68.54  69.02    0.16        0.23    254610
250   2019-06-07  69.27  70.40  68.86  69.67    0.65        0.94    293020
251   2019-06-10  70.48  70.48  69.35  70.24    0.57        0.82    435320
252   2019-06-11  70.24  70.32  69.67  69.67   -0.57       -0.81    226860
253   2019-06-12  70.08  70.08  68.86  68.86   -0.81       -1.16    209690
254   2019-06-13  68.86  69.83  68.30  68.46   -0.40       -0.58    111480
255   2019-06-14  68.86  68.86  67.73  68.21   -0.25       -0.37    248270
256   2019-06-17  67.49  68.70  67.24  67.65   -0.56       -0.82    334140
257   2019-06-18  67.57  67.81  66.11  66.43   -1.22       -1.80    471770
258   2019-06-19  67.08  67.57  66.43  67.08    0.65        0.98    267320
259   2019-06-20  66.84  68.46  66.67  66.84   -0.24       -0.36    313420
260   2019-06-21  66.84  68.05  66.76  68.05    1.21        1.81    739810
261   2019-06-24  68.05  69.27  63.35  68.13    0.08        0.12    292000
262   2019-06-25  68.05  68.62  68.05  68.05   -0.08       -0.12    246500
263   2019-06-26  67.89  69.27  67.89  69.27    1.22        1.79    273640
264   2019-06-27  68.62  69.35  66.43  66.43   -2.84       -4.10    598870
265   2019-06-28  67.24  67.24  66.03  67.24    0.81        1.22    513210
266   2019-07-01  68.05  69.35  67.97  69.35    2.11        3.14    329720
267   2019-07-02  69.35  69.35  68.54  68.54   -0.81       -1.17    143850
268   2019-07-03  68.54  68.78  67.40  68.46   -0.08       -0.12    391950
269   2019-07-04  68.46  69.02  68.30  69.02    0.56        0.82    305720
270   2019-07-05  68.78  69.02  68.21  68.86   -0.16       -0.23     96600
271   2019-07-08  68.13  68.62  67.65  68.46   -0.40       -0.58    395430
272   2019-07-09  68.05  68.46  67.97  68.21   -0.25       -0.37    195010
273   2019-07-10  68.21  68.54  67.89  68.21    0.00        0.00    271130
274   2019-07-11  68.21  68.46  66.84  66.84   -1.37       -2.01    585230
275   2019-07-12  66.84  67.89  66.03  66.03   -0.81       -1.21    447220
276   2019-07-15  66.84  66.03  64.33  64.73   -1.30       -1.97    679300
277   2019-07-16  64.81  65.54  64.81  65.14    0.41        0.63    275440
278   2019-07-17  65.38  65.38  64.41  64.65   -0.49       -0.75    543700
279   2019-07-18  63.92  64.81  60.76  61.41   -3.24       -5.01   1683640
280   2019-07-19  61.57  63.03  61.41  62.95    1.54        2.51    512090
281   2019-07-22  62.95  64.73  62.95  64.16    1.21        1.92    473610
282   2019-07-23  63.35  64.57  63.19  64.49    0.33        0.51    756340
283   2019-07-24  64.73  65.54  64.49  65.38    0.89        1.38    523110
284   2019-07-25  65.05  65.86  64.73  65.46    0.08        0.12    322150
285   2019-07-26  65.46  65.54  64.73  65.54    0.08        0.12    342240
286   2019-07-29  65.38  65.62  64.89  65.62    0.08        0.12    354020
287   2019-07-30  65.62  65.70  64.73  64.73   -0.89       -1.36    345050
288   2019-07-31  64.00  64.81  63.68  64.81    0.08        0.12    691960
289   2019-08-01  64.81  65.38  64.73  64.89    0.08        0.12    367740
290   2019-08-02  64.00  64.81  64.00  64.00   -0.89       -1.37    328940
291   2019-08-05  63.35  64.00  62.22  62.22   -1.78       -2.78    794840
292   2019-08-06  61.98  62.06  60.52  60.76   -1.46       -2.35   1021670
293   2019-08-07  61.98  61.90  59.63  60.60   -0.16       -0.26    890330
294   2019-08-08  59.63  60.60  58.98  60.60    0.00        0.00    800350
295   2019-08-09  60.68  61.90  60.68  61.65    1.05        1.73    459400
296   2019-08-12  61.57  61.98  61.17  61.57   -0.08       -0.13    258890
297   2019-08-13  61.57  61.57  60.68  61.25   -0.32       -0.52    352420
298   2019-08-14  61.98  61.98  61.25  61.25    0.00        0.00    432980
299   2019-08-15  60.84  61.65  60.44  61.65    0.40        0.65    487060
300   2019-08-16  60.92  62.79  60.92  62.38    0.73        1.18    405510
301   2019-08-19  62.38  62.79  62.22  62.46    0.08        0.13    291070
302   2019-08-20  62.38  62.38  61.57  61.73   -0.73       -1.17    258670
303   2019-08-21  61.25  62.62  61.25  62.38    0.65        1.05    398000
304   2019-08-22  62.38  63.19  61.98  63.19    0.81        1.30    398850
305   2019-08-23  63.43  63.43  62.38  62.38   -0.81       -1.28    134130
306   2019-08-26  61.57  61.98  60.92  61.57   -0.81       -1.30    408280
307   2019-08-27  61.57  61.98  60.76  60.76   -0.81       -1.32    363230
308   2019-08-28  60.76  61.41  60.44  60.60   -0.16       -0.26    267990
309   2019-08-29  60.60  61.17  60.60  60.76    0.16        0.26    194630
310   2019-08-30  60.76  61.41  60.68  61.08    0.32        0.53    181410
311   2019-09-03  61.08  61.08  59.95  59.95   -1.13       -1.85    290930
312   2019-09-04  61.08  61.17  59.95  60.76    0.81        1.35    255700
313   2019-09-05  60.76  60.92  59.79  60.36   -0.40       -0.66    305580
314   2019-09-06  60.36  60.76  59.95  59.95   -0.41       -0.68    242520
315   2019-09-09  59.71  60.60  59.71  59.95    0.00        0.00    267130
316   2019-09-10  59.95  61.90  59.95  61.65    1.70        2.84    420710
317   2019-09-11  61.73  63.35  61.65  63.19    1.54        2.50    569250
318   2019-09-12  63.19  63.19  62.22  62.22   -0.97       -1.54    291870
319   2019-09-13  61.73  62.14  61.49  61.98   -0.24       -0.39    432610
320   2019-09-16  61.98  63.19  61.98  63.03    1.05        1.69    333720
321   2019-09-17  63.19  64.49  63.03  64.41    1.38        2.19    604250
322   2019-09-18  64.41  65.54  64.00  65.54    1.13        1.75    906280
323   2019-09-19  65.54  65.62  64.65  64.97   -0.57       -0.87    548790
324   2019-09-20  64.89  64.97  64.08  64.97    0.00        0.00    816210
325   2019-09-23  64.97  65.54  64.73  64.81   -0.16       -0.25    485650
326   2019-09-24  64.73  64.73  63.52  64.00   -0.81       -1.25    561260
327   2019-09-25  64.00  64.16  63.68  64.00    0.00        0.00    257150
328   2019-09-26  63.84  64.00  63.43  63.60   -0.40       -0.62    220020
329   2019-09-27  64.00  64.73  63.76  64.33    0.73        1.15    570790
330   2019-09-30  64.33  64.41  63.60  63.60   -0.73       -1.13    562880
331   2019-10-01  64.00  64.08  63.27  63.84    0.24        0.38    246870
332   2019-10-02  64.00  64.00  62.38  62.38   -1.46       -2.29    700310
333   2019-10-03  62.38  63.19  61.90  63.19    0.81        1.30    390570
334   2019-10-04  63.19  63.60  62.46  62.71   -0.48       -0.76    165650
335   2019-10-07  62.71  62.95  61.98  61.98   -0.73       -1.16    357580
336   2019-10-08  62.22  62.79  62.06  62.30    0.32        0.52    258070
337   2019-10-09  62.30  62.54  62.06  62.38    0.08        0.13    223030
338   2019-10-10  62.38  62.79  62.14  62.38    0.00        0.00    417560
339   2019-10-11  62.62  62.71  62.22  62.38    0.00        0.00    560570
340   2019-10-14  62.54  62.71  62.06  62.06   -0.32       -0.51    199640
341   2019-10-15  62.06  63.76  62.06  63.35    1.29        2.08    411850
342   2019-10-16  63.60  63.60  63.03  63.03   -0.32       -0.51    323340
343   2019-10-17  63.03  63.19  62.38  62.38   -0.65       -1.03    818380
344   2019-10-18  62.38  62.79  61.57  61.57   -0.81       -1.30    448610
345   2019-10-21  61.57  61.57  60.52  60.76   -0.81       -1.32    769240
346   2019-10-22  60.76  61.08  60.03  60.27   -0.49       -0.81    431650
347   2019-10-23  60.36  61.57  60.36  61.41    1.14        1.89    387600
348   2019-10-24  61.57  61.57  60.92  61.25   -0.16       -0.26    272770
349   2019-10-25  61.25  61.25  60.36  60.44   -0.81       -1.32    479400
350   2019-10-28  60.52  60.76  60.36  60.36   -0.08       -0.13    502510
351   2019-10-29  60.36  60.68  59.95  59.95   -0.41       -0.68    483230
352   2019-10-30  60.44  60.60  59.79  59.95    0.00        0.00    638330
353   2019-10-31  60.76  61.00  59.79  60.11    0.16        0.27    908640
354   2019-11-01  60.36  61.57  60.36  61.33    1.22        2.03   1597000
355   2019-11-04  61.73  62.46  61.73  61.81    0.48        0.78    890560
356   2019-11-05  61.81  61.90  61.25  61.57   -0.24       -0.39    764730
357   2019-11-06  61.49  62.14  61.49  61.57    0.00        0.00    537760
358   2019-11-07  61.57  61.98  61.33  61.98    0.41        0.67    431590
359   2019-11-08  62.54  62.71  62.06  62.22    0.24        0.39    586260
360   2019-11-11  62.14  62.14  60.36  60.36   -1.86       -2.99   1140280
361   2019-11-12  60.44  60.92  60.36  60.76    0.40        0.66    399080
362   2019-11-13  60.92  60.92  60.19  60.19   -0.57       -0.94    645910
363   2019-11-14  60.27  61.00  60.27  60.92    0.73        1.21    477280
364   2019-11-15  60.92  60.92  60.36  60.36   -0.56       -0.92    275160
365   2019-11-18  60.76  60.76  60.27  60.27   -0.09       -0.15    222090
366   2019-11-19  60.36  60.68  59.87  59.95   -0.32       -0.53    542900
367   2019-11-20  59.95  60.36  59.63  59.63   -0.32       -0.53    283120
368   2019-11-21  59.14  59.79  57.93  57.93   -1.70       -2.85    843260
369   2019-11-22  58.82  59.06  56.63  57.12   -0.81       -1.40    797010
370   2019-11-25  57.20  58.01  57.12  57.93    0.81        1.42    311430
371   2019-11-26  58.17  58.82  57.93  57.93    0.00        0.00    561680
372   2019-11-27  57.93  58.33  57.44  57.52   -0.41       -0.71    213600
373   2019-11-28  57.20  57.52  55.58  56.31   -1.21       -2.10    608710
374   2019-11-29  56.31  57.03  55.82  56.71    0.40        0.71    302310
375   2019-12-02  57.12  57.12  55.90  55.90   -0.81       -1.43    273550
376   2019-12-03  55.66  55.98  52.01  52.01   -3.89       -6.96   2271640
377   2019-12-04  51.93  52.01  48.53  50.63   -1.38       -2.65   5523420
378   2019-12-05  50.63  50.63  49.01  50.23   -0.40       -0.79   1458980
379   2019-12-06  49.82  51.61  49.66  50.63    0.40        0.80   1617700
380   2019-12-09  50.47  50.55  48.85  49.01   -1.62       -3.20   1422780
381   2019-12-10  49.01  49.34  45.85  45.85   -3.16       -6.45   2722140
382   2019-12-11  45.53  46.58  44.07  45.13   -0.72       -1.57   2330190
383   2019-12-12  45.37  47.64  45.37  47.39    2.26        5.01   1874500
384   2019-12-13  47.80  48.12  46.18  46.99   -0.40       -0.84   1736100
385   2019-12-16  46.42  46.83  45.94  45.94   -1.05       -2.23   1297380
386   2019-12-17  46.02  46.10  45.13  45.45   -0.49       -1.07   1132900
387   2019-12-18  45.37  46.18  44.56  45.69    0.24        0.53   1110730
388   2019-12-19  45.37  45.69  44.96  45.04   -0.65       -1.42    831960
389   2019-12-20  45.04  45.13  44.23  44.56   -0.48       -1.07   1799670
390   2019-12-23  45.04  45.29  41.80  41.80   -2.76       -6.19   2225100
391   2019-12-24  41.88  44.31  40.67  44.15    2.35        5.62   1401890
392   2019-12-25  44.40  45.53  44.15  45.13    0.98        2.22   1310750
393   2019-12-26  44.56  47.07  44.48  46.18    1.05        2.33   1900250
394   2019-12-27  45.77  46.50  45.37  46.10   -0.08       -0.17    629490
395   2019-12-30  46.18  46.99  46.02  46.26    0.16        0.35    887370
396   2019-12-31  46.26  46.42  45.29  45.77   -0.49       -1.06    695750
397   2020-01-02  46.10  46.50  45.61  46.18    0.41        0.90    518870
398   2020-01-03  46.34  46.75  46.02  46.58    0.40        0.87    777690
399   2020-01-06  46.58  46.58  45.85  45.85   -0.73       -1.57    582020
400   2020-01-07  46.02  46.42  45.94  46.02    0.17        0.37    319680
401   2020-01-08  45.53  45.77  45.04  45.37   -0.65       -1.41    737690
402   2020-01-09  45.85  46.34  45.77  46.18    0.81        1.79    505680
403   2020-01-10  46.18  46.75  45.77  45.77   -0.41       -0.89    524930
404   2020-01-13  45.85  46.26  45.69  46.18    0.41        0.90    413810
405   2020-01-14  46.18  46.42  45.85  45.85   -0.33       -0.71    349410
406   2020-01-15  46.18  46.18  45.37  45.77   -0.08       -0.17    373290
407   2020-01-16  45.77  46.10  45.53  45.53   -0.24       -0.52    290210
408   2020-01-17  45.45  45.69  44.56  44.56   -0.97       -2.13    496940
409   2020-01-20  44.56  44.64  42.94  43.99   -0.57       -1.28    541490
410   2020-01-21  43.99  44.48  43.83  44.15    0.16        0.36    369330
411   2020-01-22  43.91  44.23  43.18  43.26   -0.89       -2.02    540210
412   2020-01-30  42.94  42.94  40.51  40.59   -2.67       -6.17   1591110
413   2020-01-31  40.51  41.88  40.51  40.59    0.00        0.00    791350
414   2020-02-03  37.83  40.51  37.75  40.51   -0.08       -0.20   1290570
415   2020-02-04  40.59  41.32  40.10  40.51    0.00        0.00    744900
416   2020-02-05  40.91  40.91  39.86  40.51    0.00        0.00    750710
417   2020-02-06  40.47  40.47  38.48  40.43   -0.08       -0.20   2389970
418   2020-02-07  40.35  40.43  39.54  40.43    0.00        0.00    932290
419   2020-02-10  40.43  40.43  39.54  40.43    0.00        0.00    600280
420   2020-02-11  39.86  41.88  39.86  40.43    0.00        0.00   2081860
421   2020-02-12  40.51  41.07  40.51  40.91    0.48        1.19    804720
422   2020-02-13  41.07  41.24  40.59  40.67   -0.24       -0.59    547970
423   2020-02-14  40.67  40.67  40.06  40.35   -0.32       -0.79   1120310
424   2020-02-17  40.35  40.35  39.66  40.26   -0.09       -0.22   1492320
425   2020-02-18  39.86  40.26  39.86  40.26    0.00        0.00    591220
426   2020-02-19  40.18  41.88  40.18  40.83    0.57        1.42   1818680
427   2020-02-20  41.24  41.64  40.83  41.40    0.57        1.40   1365480
428   2020-02-21  41.72  43.75  41.72  42.94    1.54        3.72   2061050
429   2020-02-24  41.80  42.53  41.32  41.40   -1.54       -3.59   1429040
430   2020-02-25  40.91  41.56  40.35  40.99   -0.41       -0.99    896710
431   2020-02-26  40.35  40.75  39.70  40.30   -0.69       -1.68   1252450
432   2020-02-27  39.86  40.35  39.54  40.26   -0.04       -0.10   1642080
433   2020-02-28  40.26  40.26  38.64  39.70   -0.56       -1.39   2255610
434   2020-03-02  39.17  39.70  38.77  39.70    0.00        0.00   1588150
435   2020-03-03  39.86  40.35  39.29  39.70    0.00        0.00   1225730
436   2020-03-04  39.62  39.98  39.41  39.70    0.00        0.00    909830
437   2020-03-05  40.06  42.13  39.82  41.24    1.54        3.88   1780900
438   2020-03-06  41.16  44.07  40.59  44.07    2.83        6.86   2794380
439   2020-03-09  42.94  46.02  41.32  42.13   -1.94       -4.40   4205130
440   2020-03-10  42.86  43.59  42.13  42.45    0.32        0.76   2386840
441   2020-03-11  43.18  43.18  39.86  40.47   -1.98       -4.66   2637580
442   2020-03-12  38.24  40.47  37.67  40.47    0.00        0.00   4072710
443   2020-03-13  37.67  40.47  37.67  40.39   -0.08       -0.20   3783330
444   2020-03-16  39.70  40.35  38.48  40.10   -0.29       -0.72   3216820
445   2020-03-17  38.89  40.10  38.64  40.10    0.00        0.00   3877150
446   2020-03-18  40.10  40.26  39.54  40.02   -0.08       -0.20   2170340
447   2020-03-19  39.29  39.86  38.93  39.86   -0.16       -0.40   3350310
448   2020-03-20  39.70  39.86  38.72  39.86    0.00        0.00   4120820
449   2020-03-23  38.97  39.86  37.59  39.86    0.00        0.00   5025020
450   2020-03-24  39.29  39.78  39.13  39.78   -0.08       -0.20   3558350
451   2020-03-25  39.70  40.26  39.29  39.78    0.00        0.00   2857290
452   2020-03-26  39.70  39.86  39.33  39.70   -0.08       -0.20   2763490
453   2020-03-27  39.45  41.32  39.29  39.94    0.24        0.60   2587920
454   2020-03-30  39.29  39.78  39.21  39.78   -0.16       -0.40   1378940
455   2020-03-31  39.78  40.43  39.05  39.70   -0.08       -0.20   3667100
456   2020-04-01  39.54  40.51  39.54  39.86    0.16        0.40   1725880
457   2020-04-03  40.18  42.37  40.10  42.37    2.51        6.30   1841480
458   2020-04-06  43.18  45.29  43.02  45.29    2.92        6.89   2556830
459   2020-04-07  46.02  47.31  44.64  46.58    1.29        2.85   2099700
460   2020-04-08  45.45  47.72  44.96  47.72    1.14        2.45   1338040
461   2020-04-09  47.80  48.37  47.07  48.12    0.40        0.84   2047890
462   2020-04-10  47.80  50.63  47.23  48.77    0.65        1.35   1914340
463   2020-04-13  48.77  49.74  47.07  47.07   -1.70       -3.49   2106950
464   2020-04-14  46.99  49.42  46.34  49.42    2.35        4.99   1449880
465   2020-04-15  49.42  50.47  49.18  49.34   -0.08       -0.16   1106350
466   2020-04-16  48.28  49.58  48.28  49.26   -0.08       -0.16    981480
467   2020-04-17  49.42  49.74  49.01  49.09   -0.17       -0.35   1417150
468   2020-04-20  49.09  49.42  48.12  48.12   -0.97       -1.98   1843690
469   2020-04-21  47.07  47.64  45.45  45.85   -2.27       -4.72   1855040
470   2020-04-22  44.96  47.47  44.96  47.15    1.30        2.84   1062970
471   2020-04-23  48.20  48.45  47.15  47.15    0.00        0.00    842920
472   2020-04-24  46.83  48.20  46.34  48.20    1.05        2.23   1218690
473   2020-04-27  48.61  49.01  47.39  47.39   -0.81       -1.68   1122520
474   2020-04-28  47.39  48.85  46.99  48.37    0.98        2.07   1095230
475   2020-04-29  47.64  48.53  47.64  47.64   -0.73       -1.51    830530
476   2020-05-04  46.34  47.56  46.26  46.42   -1.22       -2.56   1148810
477   2020-05-05  46.34  46.58  45.69  45.69   -0.73       -1.57   1098980
478   2020-05-06  46.18  46.99  45.13  46.99    1.30        2.85   1019980
479   2020-05-07  47.64  47.80  46.99  47.64    0.65        1.38    780600
480   2020-05-08  47.80  50.55  47.72  49.42    1.78        3.74   3319850
481   2020-05-11  51.12  51.12  49.09  51.12    1.70        3.44   1838950
482   2020-05-12  51.04  51.20  50.07  50.23   -0.89       -1.74   1028270
483   2020-05-13  49.66  50.63  49.01  50.15   -0.08       -0.16   1598740
484   2020-05-14  49.82  52.82  49.42  51.77    1.62        3.23   2573510
485   2020-05-15  52.25  52.58  50.31  50.31   -1.46       -2.82   1305890
486   2020-05-18  50.31  50.88  49.74  50.63    0.32        0.64    840070
487   2020-05-19  51.28  52.17  50.63  51.04    0.41        0.81   1923440
488   2020-05-20  50.63  51.77  50.63  51.69    0.65        1.27    998400
489   2020-05-21  51.69  51.85  50.88  51.69    0.00        0.00   1513470
490   2020-05-22  51.44  51.61  50.23  50.23   -1.46       -2.82   1310850
491   2020-05-25  50.39  50.80  49.82  50.07   -0.16       -0.32   1354620
492   2020-05-26  50.23  50.88  50.15  50.63    0.56        1.12   1053240
493   2020-05-27  51.20  52.34  50.63  50.63    0.00        0.00   2189080
494   2020-05-28  51.36  51.36  50.55  50.88    0.25        0.49    797480
495   2020-05-29  50.88  50.96  50.39  50.80   -0.08       -0.16    698100
496   2020-06-01  50.80  51.61  50.80  51.12    0.32        0.63   1076880
497   2020-06-02  51.53  53.31  51.36  51.77    0.65        1.27   4190080
498   2020-06-03  52.25  52.25  51.53  51.85    0.08        0.15    749700
499   2020-06-04  52.34  52.34  51.28  51.44   -0.41       -0.79   1528010
500   2020-06-05  51.04  51.28  50.63  51.04   -0.40       -0.78   1826680
501   2020-06-08  51.36  52.17  50.88  51.36    0.32        0.63   1758860
502   2020-06-09  51.44  52.01  50.80  51.04   -0.32       -0.62   1614250
503   2020-06-10  50.96  51.04  50.63  50.96   -0.08       -0.16   1210600
504   2020-06-11  51.28  51.93  47.39  47.39   -3.57       -7.01   2635700
505   2020-06-12  46.18  47.56  46.18  47.39    0.00        0.00   3042060
506   2020-06-15  47.39  47.72  44.80  45.69   -1.70       -3.59   2603230
507   2020-06-16  46.50  46.83  45.77  46.66    0.97        2.12   1492420
508   2020-06-17  46.99  47.15  46.10  46.58   -0.08       -0.17   1155980
509   2020-06-18  46.18  46.50  45.29  46.18   -0.40       -0.86    928290
510   2020-06-19  46.66  46.75  46.18  46.18    0.00        0.00   2419830
511   2020-06-22  46.58  47.39  46.58  47.23    1.05        2.27   1621780
512   2020-06-23  46.99  48.20  46.99  47.31    0.08        0.17   1453290
513   2020-06-24  47.31  47.64  45.77  46.34   -0.97       -2.05    935890
514   2020-06-25  45.85  46.18  45.53  45.94   -0.40       -0.86   1540010
515   2020-06-26  45.94  46.91  45.69  45.69   -0.25       -0.54    574970
516   2020-06-29  45.69  45.69  43.67  44.64   -1.05       -2.30   1720440
517   2020-06-30  45.29  45.45  43.75  43.83   -0.81       -1.81   1378930
518   2020-07-01  44.07  45.45  43.75  44.96    1.13        2.58    965870
519   2020-07-02  45.37  46.66  44.96  46.34    1.38        3.07   1094380
520   2020-07-03  46.34  46.91  45.94  46.34    0.00        0.00    699930
521   2020-07-06  46.34  46.99  46.26  46.66    0.32        0.69    855780
522   2020-07-07  46.91  47.31  46.18  46.18   -0.48       -1.03    959250
523   2020-07-08  46.18  46.58  46.18  46.18    0.00        0.00    467170
524   2020-07-09  46.26  46.75  46.10  46.50    0.32        0.69   1097650
525   2020-07-10  46.50  46.66  45.37  46.10   -0.40       -0.86    564900
526   2020-07-13  46.18  46.58  45.77  45.85   -0.25       -0.54    557920
527   2020-07-14  45.69  45.85  45.13  45.37   -0.48       -1.05    929240
528   2020-07-15  45.77  45.94  45.13  45.13   -0.24       -0.53   1250200
529   2020-07-16  45.37  46.18  44.96  46.18    1.05        2.33    978700
530   2020-07-17  45.94  46.02  45.37  45.53   -0.65       -1.41    759610
531   2020-07-20  45.37  45.37  44.56  44.56   -0.97       -2.13    944440
532   2020-07-21  44.56  45.04  43.99  44.31   -0.25       -0.56   1670960
533   2020-07-22  44.31  44.72  43.91  43.91   -0.40       -0.90    833760
534   2020-07-23  43.91  44.23  43.42  43.67   -0.24       -0.55    762030
535   2020-07-24  43.50  43.67  41.16  42.13   -1.54       -3.53   2045780
536   2020-07-27  39.62  41.72  39.62  40.10   -2.03       -4.82   2819250
537   2020-07-28  40.51  41.32  40.10  40.91    0.81        2.02   1318770
538   2020-07-29  40.10  40.51  39.70  39.98   -0.93       -2.27   1352670
539   2020-07-30  40.43  40.59  40.10  40.35    0.37        0.93    821650
540   2020-07-31  39.78  41.64  39.78  40.91    0.56        1.39   2195060
541   2020-08-03  40.91  42.69  40.91  42.61    1.70        4.16   1395440
542   2020-08-04  43.10  43.99  43.10  43.75    1.14        2.68   1681090
543   2020-08-05  43.34  44.56  43.10  44.56    0.81        1.85   1810780
544   2020-08-06  44.15  44.48  43.50  43.67   -0.89       -2.00   1178020
545   2020-08-07  43.75  44.40  43.59  43.83    0.16        0.37    959230
546   2020-08-10  43.91  44.48  43.91  44.15    0.32        0.73    953690
547   2020-08-11  44.40  44.40  43.83  44.23    0.08        0.18    658760
548   2020-08-12  43.99  44.40  43.67  43.91   -0.32       -0.72    981320
549   2020-08-13  43.91  44.23  43.75  44.07    0.16        0.36    953060
550   2020-08-14  44.07  44.15  42.94  43.26   -0.81       -1.84   1796510
551   2020-08-17  43.26  43.34  42.37  42.94   -0.32       -0.74   1099660
552   2020-08-18  42.94  42.94  42.37  42.45   -0.49       -1.14    771290
553   2020-08-19  42.45  42.86  42.21  42.69    0.24        0.57    867050
554   2020-08-20  42.69  42.78  42.13  42.13   -0.56       -1.31   1419940
555   2020-08-21  42.13  42.86  42.13  42.61    0.48        1.14    968870
556   2020-08-24  42.78  43.75  42.78  43.42    0.81        1.90   1713810
557   2020-08-25  43.75  44.07  43.42  43.42    0.00        0.00   1698780
558   2020-08-26  43.42  43.67  43.18  43.34   -0.08       -0.18    883720
559   2020-08-27  43.34  43.50  43.26  43.42    0.08        0.18    816320
560   2020-08-28  43.67  44.96  43.50  44.15    0.73        1.68   2380000
561   2020-08-31  44.56  44.96  44.07  44.56    0.41        0.93   1294650
562   2020-09-01  44.56  44.56  43.99  44.23   -0.33       -0.74   1624840
563   2020-09-03  44.88  44.96  44.31  44.88    0.65        1.47   1754030
564   2020-09-04  44.07  45.77  44.07  45.61    0.73        1.63   2640190
565   2020-09-07  45.85  46.26  44.23  44.23   -1.38       -3.03   2265500
566   2020-09-08  44.31  44.56  44.07  44.40    0.17        0.38   1460040
567   2020-09-09  43.83  44.88  43.83  44.56    0.16        0.36   1082410
568   2020-09-10  44.88  44.96  44.31  44.40   -0.16       -0.36    735560
569   2020-09-11  44.23  44.56  43.99  44.56    0.16        0.36    539780
570   2020-09-14  44.56  45.21  44.56  45.04    0.48        1.08    944590
571   2020-09-15  45.04  45.21  44.64  44.88   -0.16       -0.36    794620
572   2020-09-16  44.88  44.88  44.23  44.48   -0.40       -0.89    908870
573   2020-09-17  44.48  44.48  43.75  43.75   -0.73       -1.64   1241490
574   2020-09-18  43.75  44.23  43.75  43.91    0.16        0.37   1122350
575   2020-09-21  44.07  44.40  44.07  44.15    0.24        0.55    879920
576   2020-09-22  44.15  44.23  43.83  43.99   -0.16       -0.36    760350
577   2020-09-23  44.23  44.88  44.07  44.88    0.89        2.02   1284870
578   2020-09-24  44.64  45.13  44.56  44.56   -0.32       -0.71    881030
579   2020-09-25  44.56  44.80  44.15  44.31   -0.25       -0.56    708340
580   2020-09-28  44.31  44.64  44.15  44.31    0.00        0.00    623360
581   2020-09-29  44.48  44.48  43.42  43.42   -0.89       -2.01   1283100
582   2020-09-30  43.42  44.23  43.42  44.23    0.81        1.87    843740
583   2020-10-01  44.31  44.56  44.23  44.48    0.25        0.57    964220
584   2020-10-02  44.48  44.56  43.59  43.83   -0.65       -1.46   1483120
585   2020-10-05  44.23  45.53  43.83  45.37    1.54        3.51   3268020
586   2020-10-06  45.69  47.23  45.61  46.99    1.62        3.57   4400570
587   2020-10-07  46.99  50.23  46.91  50.15    3.16        6.72   6435850
588   2020-10-08  49.82  51.77  49.09  51.77    1.62        3.23   4846470
589   2020-10-09  51.44  55.25  50.39  55.17    3.40        6.57   5339660
590   2020-10-12  55.09  56.87  53.87  56.87    1.70        3.08   5818700
591   2020-10-13  56.71  60.84  55.09  60.60    3.73        6.56   4664240
592   2020-10-14  60.52  64.81  59.22  64.81    4.21        6.95   5066890
593   2020-10-15  64.81  67.16  63.43  65.70    0.89        1.37   5698130
594   2020-10-16  65.62  65.62  61.17  64.81   -0.89       -1.35   6539150
595   2020-10-19  61.73  66.43  61.73  66.43    1.62        2.50   3072960
596   2020-10-20  66.27  67.81  64.81  67.81    1.38        2.08   4875310
597   2020-10-21  67.24  68.78  66.43  67.81    0.00        0.00   1756450
598   2020-10-22  67.08  68.86  66.84  68.86    1.05        1.55   5130670
599   2020-10-23  68.94  69.75  68.46  69.67    0.81        1.18   3419860
600   2020-10-26  68.62  71.21  68.62  71.21    1.54        2.21   4666520
601   2020-10-27  71.29  72.10  68.86  71.21    0.00        0.00   4042910
602   2020-10-28  71.13  71.13  68.21  69.67   -1.54       -2.16   4631980
603   2020-10-29  67.24  68.86  64.81  68.05   -1.62       -2.33   6707870
604   2020-10-30  66.59  68.05  64.41  68.05    0.00        0.00   4060060
605   2020-11-02  68.05  68.46  66.67  68.46    0.41        0.60   3845900
606   2020-11-03  68.05  68.30  67.40  68.05   -0.41       -0.60   3178300
607   2020-11-04  68.05  68.62  67.32  68.21    0.16        0.24   2008660
608   2020-11-05  68.46  71.21  67.89  71.21    3.00        4.40   1794890
609   2020-11-06  71.13  72.83  70.48  72.83    1.62        2.27   1218300
610   2020-11-09  72.91  77.45  72.75  77.45    4.62        6.34   2470010
611   2020-11-10  77.77  79.39  76.88  77.29   -0.16       -0.21   3489650
612   2020-11-11  75.91  77.29  74.53  77.29    0.00        0.00   2025450
613   2020-11-12  77.37  77.37  75.42  75.42   -1.87       -2.42    484080
614   2020-11-13  75.10  75.10  72.83  72.99   -2.43       -3.22   1094470
615   2020-11-16  72.51  72.99  67.97  67.97   -5.02       -6.88   2454980
616   2020-11-17  68.05  69.59  67.89  68.86    0.89        1.31    813710
617   2020-11-18  68.94  68.94  67.00  67.16   -1.70       -2.47    985490
618   2020-11-19  67.24  67.57  65.62  66.43   -0.73       -1.09   1205410
619   2020-11-20  66.19  67.97  65.70  66.43    0.00        0.00   1166780
620   2020-11-23  66.43  67.57  66.43  67.32    0.89        1.34    871370
621   2020-11-24  67.32  67.32  64.81  66.43   -0.89       -1.32    679550
622   2020-11-25  66.43  67.24  66.43  66.67    0.24        0.36    686650
623   2020-11-26  66.19  67.97  66.11  67.81    1.14        1.71    510660
624   2020-11-27  67.81  67.81  67.08  67.81    0.00        0.00    420570
625   2020-11-30  66.51  67.65  66.19  66.43   -1.38       -2.04    964680
626   2020-12-01  65.22  67.24  65.22  67.24    0.81        1.22   1051590
627   2020-12-02  67.24  68.05  66.43  67.40    0.16        0.24    741130
628   2020-12-03  67.49  68.05  66.84  67.57    0.17        0.25    542070
629   2020-12-04  68.05  70.89  67.65  69.67    2.10        3.11   1978040
630   2020-12-07  70.08  70.56  69.27  69.67    0.00        0.00    825210
631   2020-12-08  69.75  70.00  69.11  69.27   -0.40       -0.57    855880
632   2020-12-09  69.27  69.43  68.86  69.19   -0.08       -0.12    840910
633   2020-12-10  69.19  69.19  67.73  67.97   -1.22       -1.76   1432910
634   2020-12-11  67.97  68.54  67.40  68.46    0.49        0.72    791100
635   2020-12-14  68.62  68.94  67.97  68.46    0.00        0.00   1079350
636   2020-12-15  68.46  68.70  67.97  68.46    0.00        0.00    935010
637   2020-12-16  68.05  68.54  67.97  68.46    0.00        0.00    648540
638   2020-12-17  68.46  69.11  67.88  68.87    0.41        0.60   1179730
639   2020-12-18  68.62  69.11  68.62  68.95    0.08        0.12   1417470
640   2020-12-21  69.69  69.69  68.38  68.70   -0.25       -0.36    827020
641   2020-12-22  68.70  68.87  67.64  67.88   -0.82       -1.19    805250
642   2020-12-23  67.80  69.11  67.72  67.88    0.00        0.00    910150
643   2020-12-24  67.88  68.05  67.06  67.80   -0.08       -0.12    638900
644   2020-12-25  68.05  68.13  67.56  67.64   -0.16       -0.24    598590
645   2020-12-28  68.05  68.21  67.31  67.56   -0.08       -0.12    553150
646   2020-12-29  68.87  68.87  68.05  68.21    0.65        0.96   1440210
647   2020-12-30  68.79  69.03  67.72  68.46    0.25        0.37    959720
648   2020-12-31  68.05  73.05  68.05  72.88    4.42        6.46   3806160
649   2021-01-04  74.61  74.61  72.88  72.88    0.00        0.00   1915700
650   2021-01-05  72.97  73.79  72.23  73.21    0.33        0.45   1274800
651   2021-01-06  73.21  74.61  72.15  72.39   -0.82       -1.12   2344400
652   2021-01-07  72.39  75.84  72.39  75.43    3.04        4.20   3028500
653   2021-01-08  76.25  77.39  75.43  76.33    0.90        1.19   2639600
654   2021-01-11  76.41  78.30  76.41  77.15    0.82        1.07   2553900
655   2021-01-12  77.15  77.31  76.33  77.07   -0.08       -0.10   1830900
656   2021-01-13  77.23  77.31  76.00  76.49   -0.58       -0.75   2553600
657   2021-01-14  76.41  76.49  75.18  75.67   -0.82       -1.07   1447400
658   2021-01-15  76.25  76.57  75.84  76.25    0.58        0.77   2144900
659   2021-01-18  77.89  80.43  77.80  77.97    1.72        2.26   3740700
660   2021-01-19  78.54  78.54  72.56  74.52   -3.45       -4.42   2416600
661   2021-01-20  75.02  75.26  70.51  74.52    0.00        0.00   2314800
662   2021-01-21  75.02  75.51  73.29  75.02    0.50        0.67   2180900
663   2021-01-22  75.43  78.05  74.61  76.49    1.47        1.96   3060300
664   2021-01-25  77.89  80.35  77.07  79.53    3.04        3.97   3869900
665   2021-01-26  80.51  80.51  74.85  78.30   -1.23       -1.55   2475200
666   2021-01-27  77.48  77.72  73.95  75.18   -3.12       -3.98   2243700
667   2021-01-28  69.93  73.29  69.93  69.93   -5.25       -6.98   3816800
668   2021-01-29  66.00  74.61  66.00  70.10    0.17        0.24   2838500
669   2021-02-01  70.42  72.39  66.41  67.23   -2.87       -4.09   1792200
670   2021-02-02  67.23  69.69  65.59  68.87    1.64        2.44   1927500
671   2021-02-03  70.10  72.97  70.10  72.88    4.01        5.82   1539300
672   2021-02-04  72.15  74.20  71.74  73.38    0.50        0.69   1415200
673   2021-02-05  73.38  73.79  73.05  73.46    0.08        0.11   1209500
674   2021-02-08  73.46  73.70  68.87  70.18   -3.28       -4.47   2260800
675   2021-02-09  70.51  73.46  69.77  72.72    2.54        3.62   1448200
676   2021-02-17  73.62  75.43  72.80  75.43    2.71        3.73   1142900
677   2021-02-18  75.43  78.71  74.61  77.97    2.54        3.37   2207200
678   2021-02-19  76.74  78.30  76.74  77.80   -0.17       -0.22   1419300
679   2021-02-22  77.80  77.97  76.90  77.56   -0.24       -0.31   1186200
680   2021-02-23  77.48  77.48  75.84  76.00   -1.56       -2.01   1592900
681   2021-02-24  77.07  77.07  74.20  74.61   -1.39       -1.83   1478100
682   2021-02-25  75.26  75.26  73.29  73.46   -1.15       -1.54   1571600
683   2021-02-26  72.64  74.11  72.56  74.03    0.57        0.78   1485300
684   2021-03-01  74.11  75.34  74.03  74.85    0.82        1.11    859200
685   2021-03-02  76.08  76.08  73.79  74.52   -0.33       -0.44   1027600
686   2021-03-03  74.52  74.61  73.79  74.20   -0.32       -0.43    803200
687   2021-03-04  74.61  74.61  71.74  72.47   -1.73       -2.33   1647600
688   2021-03-05  72.15  73.79  71.74  73.13    0.66        0.91   1141200
689   2021-03-08  74.11  74.11  71.33  71.65   -1.48       -2.02   1612700
690   2021-03-09  71.90  71.90  66.65  71.08   -0.57       -0.80   1166700
691   2021-03-10  71.08  71.33  69.93  71.33    0.25        0.35    817400
692   2021-03-11  71.98  72.47  71.24  71.57    0.24        0.34    878000
693   2021-03-12  72.15  72.23  71.49  71.57    0.00        0.00    872100
694   2021-03-15  72.15  73.13  71.57  72.56    0.99        1.38   1188500
695   2021-03-16  72.80  72.80  71.49  72.15   -0.41       -0.57    535200
696   2021-03-17  71.82  72.23  71.33  72.15    0.00        0.00    576400
697   2021-03-18  72.06  73.70  71.90  73.54    1.39        1.93   1222500
698   2021-03-19  72.97  73.29  70.92  72.72   -0.82       -1.12   1148800
699   2021-03-22  72.72  72.80  71.74  72.23   -0.49       -0.67    723300
700   2021-03-23  72.23  72.31  70.51  70.92   -1.31       -1.81   1022900
701   2021-03-24  69.85  70.92  69.69  69.77   -1.15       -1.62    869100
702   2021-03-25  70.10  70.51  68.87  70.51    0.74        1.06   1076400
703   2021-03-26  70.10  70.51  68.62  70.42   -0.09       -0.13    912800
704   2021-03-29  70.10  70.92  69.69  70.59    0.17        0.24    918800
705   2021-03-30  70.18  73.38  70.02  72.56    1.97        2.79   1443600
706   2021-03-31  72.56  76.25  72.56  75.84    3.28        4.52   3145400
707   2021-04-01  76.16  76.25  75.51  75.67   -0.17       -0.22   2037400
708   2021-04-02  76.25  76.49  75.67  76.00    0.33        0.44   2155300
709   2021-04-05  77.89  77.97  76.08  76.25    0.25        0.33   2571700
710   2021-04-06  76.25  76.41  74.85  75.34   -0.91       -1.19   1808000
711   2021-04-07  75.34  77.31  74.44  76.90    1.56        2.07   1957200
712   2021-04-08  77.48  77.48  75.75  76.25   -0.65       -0.85   1205800
713   2021-04-09  76.08  76.08  75.10  75.51   -0.74       -0.97   1062300
714   2021-04-12  75.51  75.84  74.93  75.34   -0.17       -0.23   1536200
715   2021-04-13  75.92  78.71  75.43  77.23    1.89        2.51   4864100
716   2021-04-14  77.56  82.56  76.82  82.56    5.33        6.90   6637200
717   2021-04-15  84.85  86.08  81.98  81.98   -0.58       -0.70   2903400
718   2021-04-16  81.82  83.21  78.05  82.07    0.09        0.11   3077700
719   2021-04-19  83.21  87.81  81.49  87.81    5.74        6.99   6460900
720   2021-04-20  87.81  91.41  85.35  86.49   -1.32       -1.50   4290600
721   2021-04-22  85.26  88.05  80.51  80.51   -5.98       -6.91   3474400
722   2021-04-23  80.51  83.21  78.71  81.98    1.47        1.83   5010500
723   2021-04-26  83.21  83.38  77.89  77.89   -4.09       -4.99   3744400
724   2021-04-27  77.89  80.84  76.74  80.35    2.46        3.16   2383000
725   2021-04-28  80.35  81.82  79.94  81.16    0.81        1.01   1830800
726   2021-04-29  81.33  81.49  79.53  80.35   -0.81       -1.00   1803600
727   2021-05-04  80.35  80.35  77.97  78.62   -1.73       -2.15   2322900
728   2021-05-05  78.62  81.08  78.54  78.71    0.09        0.11   1788700
729   2021-05-06  78.71  80.02  78.38  78.38   -0.33       -0.42   1529000
730   2021-05-07  77.97  79.20  77.31  77.89   -0.49       -0.63   2566600
731   2021-05-10  79.85  83.30  79.12  83.30    5.41        6.95   3909900
732   2021-05-11  85.26  86.74  83.21  83.21   -0.09       -0.11   3396000
733   2021-05-12  83.21  86.08  83.21  85.26    2.05        2.46   2454800
734   2021-05-13  85.02  85.92  84.28  84.44   -0.82       -0.96   2424100
735   2021-05-14  85.10  90.18  85.10  88.63    4.19        4.96   3609800
736   2021-05-17  89.36  89.77  85.43  85.43   -3.20       -3.61   2365200
737   2021-05-18  86.90  90.18  85.92  86.17    0.74        0.87   2952600
738   2021-05-19  86.90  89.36  86.17  88.54    2.37        2.75   2094300
739   2021-05-20  89.36  93.46  88.46  93.13    4.59        5.18   2826500
740   2021-05-21  92.23  93.30  91.50  91.74   -1.39       -1.49   2584400
741   2021-05-24  91.74  93.13  91.00  91.82    0.08        0.09   2152900
742   2021-05-25  91.41  94.69  91.00  93.13    1.31        1.43   1734000
743   2021-05-26  93.46  93.46  91.82  93.13    0.00        0.00   1459300
744   2021-05-27  93.13  93.30  86.66  90.18   -2.95       -3.17   1642200
745   2021-05-28  90.18  92.23  89.04  92.23    2.05        2.27   2045800
746   2021-05-31  91.82  91.99  89.77  90.27   -1.96       -2.13   1011700
747   2021-06-01  90.18  90.18  85.84  87.72   -2.55       -2.82   2426200
748   2021-06-02  88.71  88.95  86.49  86.66   -1.06       -1.21   1867800
749   2021-06-03  86.58  86.66  84.44  86.08   -0.58       -0.67   2624700
750   2021-06-04  85.67  87.97  84.44  87.97    1.89        2.20   1560500
751   2021-06-07  87.72  87.97  85.26  85.67   -2.30       -2.61    905600
752   2021-06-08  85.76  87.48  85.26  85.26   -0.41       -0.48   1589500
753   2021-06-09  84.44  86.08  84.44  85.67    0.41        0.48   1070000
754   2021-06-10  85.26  86.00  84.44  84.53   -1.14       -1.33    876600
755   2021-06-11  84.53  86.99  84.44  86.90    2.37        2.80   1791100
756   2021-06-14  87.72  88.54  86.08  87.64    0.74        0.85   1488600
757   2021-06-15  87.72  88.46  87.07  87.31   -0.33       -0.38    994300
758   2021-06-16  86.90  87.72  85.26  85.43   -1.88       -2.15   1031500
759   2021-06-17  84.44  86.90  84.44  84.44   -0.99       -1.16   1384400
760   2021-06-18  86.41  87.72  84.44  87.31    2.87        3.40   1510800
761   2021-06-21  87.31  90.18  86.08  89.12    1.81        2.07   1793300
762   2021-06-22  89.45  90.18  88.05  88.95   -0.17       -0.19   1229800
763   2021-06-23  88.54  89.04  87.31  87.56   -1.39       -1.56    744300
764   2021-06-24  87.31  88.46  86.58  87.31   -0.25       -0.29    766600
765   2021-06-25  87.15  87.72  86.08  87.23   -0.08       -0.09    779600
766   2021-06-28  87.72  90.10  87.48  89.28    2.05        2.35   1490000
767   2021-06-29  89.77  90.10  88.22  88.95   -0.33       -0.37    990100
768   2021-06-30  89.36  92.23  89.36  91.33    2.38        2.68   2251800
769   2021-07-01  92.07  94.22  91.00  93.81    2.48        2.72   1706400
770   2021-07-02  94.22  94.55  93.56  94.14    0.33        0.35   1294400
771   2021-07-05  93.23  93.65  87.61  92.24   -1.90       -2.02   2219000
772   2021-07-06  90.92  92.57  89.26  90.09   -2.15       -2.33   1564800
773   2021-07-07  90.09  95.88  87.69  95.88    5.79        6.43   2469900
774   2021-07-08  95.05  99.18  94.22  99.02    3.14        3.27   2502500
775   2021-07-09  97.53 101.25  95.05  96.62   -2.40       -2.42   2139100
776   2021-07-12  97.53  99.10  90.50  99.10    2.48        2.57   2102000
777   2021-07-13  99.10  99.10  93.56  95.05   -4.05       -4.09   1521900
778   2021-07-14  95.05  96.62  91.91  96.04    0.99        1.04   1433200
779   2021-07-15  94.22  97.45  93.81  95.05   -0.99       -1.03   1054500
780   2021-07-16  95.46 100.01  94.89  99.60    4.55        4.79   1976800
781   2021-07-19  97.94 103.32  97.94  98.69   -0.91       -0.91   1431300
782   2021-07-20  98.77 101.66  97.20 101.66    2.97        3.01   1779800
783   2021-07-21 101.66 102.65 100.84 100.84   -0.82       -0.81   1393300
784   2021-07-22 100.84 101.66  99.18 101.58    0.74        0.73   1098700
785   2021-07-23 100.09 101.00  98.36  98.36   -3.22       -3.17   1647400
786   2021-07-26  99.10 100.42  97.28 100.09    1.73        1.76   1257100
787   2021-07-27  99.60 104.56  99.60 103.73    3.64        3.64   1932300
788   2021-07-28 103.32 103.65 102.49 102.90   -0.83       -0.80    839900
789   2021-07-29 102.90 105.80 101.66 105.55    2.65        2.58   1173800
790   2021-07-30 105.80 112.90 105.13 110.75    5.20        4.93   2654400
791   2021-08-02 110.59 114.06 108.27 112.57    1.82        1.64   1268100
792   2021-08-03 112.41 114.06 111.58 113.90    1.33        1.18   1355500
793   2021-08-04 113.90 114.06 111.75 112.41   -1.49       -1.31   1587600
794   2021-08-05 111.66 113.15 111.00 111.58   -0.83       -0.74   1348900
795   2021-08-06 111.66 112.41 111.17 111.17   -0.41       -0.37    670500
796   2021-08-09 110.75 116.54 110.75 116.54    5.37        4.83   1525400
797   2021-08-10 116.54 116.95 114.47 114.47   -2.07       -1.78   1011600
798   2021-08-11 114.89 116.54 112.90 112.90   -1.57       -1.37    993500
799   2021-08-12 114.47 114.47 110.75 110.75   -2.15       -1.90   1946000
800   2021-08-13 109.51 110.75 108.94 110.34   -0.41       -0.37   1394600
801   2021-08-16 111.17 112.82 109.27 110.34    0.00        0.00    969800
802   2021-08-17 111.42 111.50 109.51 109.51   -0.83       -0.75    793600
803   2021-08-18 111.58 113.15 110.75 111.17    1.66        1.52   1302800
804   2021-08-19 112.41 112.66 111.17 112.66    1.49        1.34    842400
805   2021-08-20 111.83 112.24 109.85 110.59   -2.07       -1.84   1311400
806   2021-08-23 109.93 110.34 104.97 104.97   -5.62       -5.08   1719900
807   2021-08-24 104.97 107.28 104.97 106.21    1.24        1.18   1302200
808   2021-08-25 107.28 112.82 106.70 111.58    5.37        5.06   1163100
809   2021-08-26 111.66 113.40 109.18 110.75   -0.83       -0.74    970800
810   2021-08-27 109.18 112.74 109.18 112.32    1.57        1.42   1927000
811   2021-08-30 114.47 114.47 109.60 109.60   -2.72       -2.42   2696800
812   2021-08-31 109.60 112.41 109.10 111.58    1.98        1.81   3127300
813   2021-09-01 110.92 111.99 109.93 110.18   -1.40       -1.25   1024900
814   2021-09-06 110.75 110.75 108.36 108.36   -1.82       -1.65   1518900
815   2021-09-07 108.44 108.44 107.03 107.28   -1.08       -1.00   1539300
816   2021-09-08 106.62 107.45 105.80 105.80   -1.48       -1.38   1395400
817   2021-09-09 105.63 109.27 105.46 108.27    2.47        2.33   1026600
818   2021-09-10 108.69 109.43 107.45 107.45   -0.82       -0.76    711300
819   2021-09-13 108.27 109.10 107.53 107.94    0.49        0.46   1264400
820   2021-09-14 108.94 112.16 108.11 111.99    4.05        3.75   2566900
821   2021-09-15 111.58 119.76 111.58 119.76    7.77        6.94   2796100
822   2021-09-16 121.50 123.98 120.01 123.81    4.05        3.38   2286500
823   2021-09-17 122.33 123.57 120.26 120.67   -3.14       -2.54   2389800
824   2021-09-20 120.76 122.74 118.19 118.19   -2.48       -2.06   1053000
825   2021-09-21 116.54 119.85 116.54 118.61    0.42        0.36   1328900
826   2021-09-22 119.85 123.15 118.61 121.50    2.89        2.44    859600
827   2021-09-23 121.09 122.74 118.19 119.85   -1.65       -1.36    932400
828   2021-09-24 119.85 120.26 117.20 117.70   -2.15       -1.79   1161000
829   2021-09-27 117.95 118.61 111.58 111.58   -6.12       -5.20   1213100
830   2021-09-28 111.50 116.29 110.84 112.41    0.83        0.74   1284000
831   2021-09-29 114.80 116.54 114.06 116.54    4.13        3.67    563500
832   2021-09-30 116.62 119.35 116.54 117.86    1.32        1.13    754600
833   2021-10-01 117.37 118.19 115.71 115.71   -2.15       -1.82    859300
834   2021-10-04 117.28 118.19 115.80 116.71    1.00        0.86    495400
835   2021-10-05 117.95 118.11 116.21 116.71    0.00        0.00    599300
836   2021-10-06 117.78 117.78 116.46 117.53    0.82        0.70    540300
837   2021-10-07 118.19 118.19 116.54 117.12   -0.41       -0.35    548300
838   2021-10-08 117.37 120.67 117.28 120.26    3.14        2.68   1009100
839   2021-10-11 120.26 122.74 118.19 121.50    1.24        1.03    924200
840   2021-10-12 121.91 122.74 119.85 120.26   -1.24       -1.02    675700
841   2021-10-13 121.50 121.50 118.19 118.28   -1.98       -1.65   1139600
842   2021-10-14 118.28 119.02 117.04 117.45   -0.83       -0.70   1426200
843   2021-10-15 117.53 118.52 116.54 116.54   -0.91       -0.77    891600
844   2021-10-18 116.62 119.10 116.54 118.19    1.65        1.42    634000
845   2021-10-19 118.77 118.77 116.46 116.54   -1.65       -1.40    765000
846   2021-10-20 117.04 118.52 115.71 118.28    1.74        1.49    987100
847   2021-10-21 118.19 118.28 115.88 115.88   -2.40       -2.03   1085600
848   2021-10-22 116.21 116.95 115.80 115.80   -0.08       -0.07    466100
849   2021-10-25 118.19 118.19 116.04 116.04    0.24        0.21    575000
850   2021-10-26 116.95 116.95 114.72 115.38   -0.66       -0.57    850200
851   2021-10-27 115.71 122.24 115.55 121.33    5.95        5.16   2012700
852   2021-10-28 121.33 126.05 119.02 125.38    4.05        3.34   1754500
853   2021-10-29 123.98 125.63 121.91 124.72   -0.66       -0.53   1547000
854   2021-11-01 123.98 124.06 119.93 120.26   -4.46       -3.58   1668800
855   2021-11-02 120.26 122.90 120.18 120.26    0.00        0.00   1021800
856   2021-11-03 120.26 122.33 119.02 120.26    0.00        0.00   1352400
857   2021-11-04 120.51 123.57 119.85 122.24    1.98        1.65   1148200
858   2021-11-05 122.33 123.90 121.66 122.16   -0.08       -0.07   1235600
859   2021-11-08 123.98 126.13 122.99 125.63    3.47        2.84   1877000
860   2021-11-09 126.38 126.38 122.08 122.16   -3.47       -2.76   1478500
861   2021-11-10 122.33 123.81 121.42 122.08   -0.08       -0.07   1317500
862   2021-11-11 122.99 124.81 120.67 121.42   -0.66       -0.54   1740900
863   2021-11-12 121.42 124.06 121.33 123.65    2.23        1.84   1456700
864   2021-11-15 123.98 127.28 122.49 127.28    3.63        2.94   1822500
865   2021-11-16 127.12 128.19 123.98 125.63   -1.65       -1.30   1698000
866   2021-11-17 124.81 125.63 124.06 124.39   -1.24       -0.99    362200
867   2021-11-18 124.39 125.63 122.33 122.33   -2.06       -1.66   1057900
868   2021-11-19 123.15 123.90 121.83 121.83   -0.50       -0.41   1301600
869   2021-11-22 121.91 123.90 121.50 123.90    2.07        1.70    634600
870   2021-11-23 122.82 129.60 122.82 129.35    5.45        4.40   1864400
871   2021-11-24 128.52 132.00 127.37 129.76    0.41        0.32   1298500
872   2021-11-25 129.76 131.42 128.19 130.18    0.42        0.32   1050400
873   2021-11-26 128.94 130.18 128.28 130.18    0.00        0.00   1131800
874   2021-11-29 128.11 128.94 125.71 126.05   -4.13       -3.17   1470900
875   2021-11-30 126.21 127.20 123.32 123.32   -2.73       -2.17   1488000
876   2021-12-01 123.15 125.63 123.15 123.90    0.58        0.47   1261100
877   2021-12-02 123.98 126.79 123.98 125.63    1.73        1.40   1004300
878   2021-12-03 125.63 128.52 124.81 124.81   -0.82       -0.65   1148800
879   2021-12-06 124.81 126.46 119.85 124.81    0.00        0.00   1098300
880   2021-12-07 124.39 126.05 124.39 125.55    0.74        0.59    569700
881   2021-12-08 124.97 125.63 124.89 124.89   -0.66       -0.53    648400
882   2021-12-09 123.98 127.28 123.98 127.28    2.39        1.91    784400
883   2021-12-10 126.46 127.28 124.14 127.04   -0.24       -0.19    996400
884   2021-12-13 127.37 130.10 127.12 128.94    1.90        1.50   1458500
885   2021-12-14 128.86 130.18 128.69 129.76    0.82        0.64    942300
886   2021-12-15 129.10 133.24 129.10 133.24    3.48        2.68   1227700
887   2021-12-16 133.24 133.99 125.96 132.41   -0.83       -0.62    957300
888   2021-12-17 132.16 133.74 130.10 130.34   -2.07       -1.56   2984600
889   2021-12-20 134.07 134.81 130.34 134.07    3.73        2.86   5033600
890   2021-12-21 134.07 137.96 132.41 137.87    3.80        2.83   7522000
891   2021-12-22 139.03 141.52 137.54 140.69    2.82        2.05   8679300
892   2021-12-23 140.61 144.83 137.87 141.52    0.83        0.59   9870200
893   2021-12-24 141.52 144.83 139.12 141.52    0.00        0.00   7727500
894   2021-12-27 141.43 144.83 139.12 139.86   -1.66       -1.17   7115800
895   2021-12-28 140.27 144.66 138.37 141.93    2.07        1.48   7688200
896   2021-12-29 141.93 144.08 140.27 142.34    0.41        0.29   6219000
897   2021-12-30 142.34 143.01 139.86 141.93   -0.41       -0.29   5093400
898   2021-12-31 140.52 142.01 139.61 141.52   -0.41       -0.29   6544000
899   2022-01-04 141.52 141.52 139.86 140.69   -0.83       -0.59    998000
900   2022-01-05 141.52 141.52 133.24 133.24   -7.45       -5.30   1261000
901   2022-01-06 133.24 133.24 127.28 127.28   -5.96       -4.47   1650400
902   2022-01-07 129.02 132.00 127.45 127.45    0.17        0.13   1307500
903   2022-01-10 129.02 129.02 126.62 126.62   -0.83       -0.65    445400
904   2022-01-11 126.62 127.45 119.92 119.92   -6.70       -5.29   1345000
905   2022-01-12 120.41 122.32 119.75 119.92    0.00        0.00   1058300
906   2022-01-13 120.00 121.49 117.19 119.83   -0.09       -0.08    974500
907   2022-01-14 117.60 120.00 117.60 119.83    0.00        0.00    490800
908   2022-01-17 120.00 120.66 113.30 117.52   -2.31       -1.93    829900
909   2022-01-18 115.86 125.71 115.45 117.60    0.08        0.07    872600
910   2022-01-19 116.85 125.38 116.85 122.07    4.47        3.80   1268700
911   2022-01-20 124.14 124.96 122.48 123.47    1.40        1.15    874800
912   2022-01-21 126.12 126.12 123.47 124.96    1.49        1.21    869400
913   2022-01-24 122.73 124.30 118.34 118.34   -6.62       -5.30    952700
914   2022-01-25 119.17 126.62 116.77 126.62    8.28        7.00   1050100
915   2022-01-26 127.78 127.78 121.65 121.65   -4.97       -3.93    969400
916   2022-01-27 121.24 121.24 117.52 117.52   -4.13       -3.39    727700
917   2022-01-28 118.43 121.82 118.34 118.34    0.82        0.70    356900
918   2022-02-07 120.00 122.90 118.34 122.40    4.06        3.43    611900
919   2022-02-08 121.16 122.23 120.00 120.41   -1.99       -1.63    502000
920   2022-02-09 121.24 122.90 120.00 121.32    0.91        0.76    585500
921   2022-02-10 122.48 123.81 121.57 123.81    2.49        2.05   1433500
922   2022-02-11 124.14 125.38 122.56 123.97    0.16        0.13    487500
923   2022-02-14 122.90 125.46 122.56 125.46    1.49        1.20    925700
924   2022-02-15 125.63 132.83 124.14 132.83    7.37        5.87   1575800
925   2022-02-16 132.41 132.41 130.34 130.84   -1.99       -1.50    823200
926   2022-02-17 130.76 134.90 130.51 134.90    4.06        3.10   1673100
927   2022-02-18 132.41 136.55 131.42 135.14    0.24        0.18   1183000
928   2022-02-21 135.23 135.23 132.50 132.66   -2.48       -1.84    957200
929   2022-02-22 129.35 132.25 129.35 130.34   -2.32       -1.75    559100
930   2022-02-23 130.26 132.00 129.52 130.10   -0.24       -0.18    459600
931   2022-02-24 129.52 134.90 128.77 132.00    1.90        1.46    989000
932   2022-02-25 133.24 133.24 130.76 130.76   -1.24       -0.94    572500
933   2022-02-28 130.76 132.33 129.10 129.10   -1.66       -1.27    426900
934   2022-03-01 129.93 130.34 128.69 129.52    0.42        0.33    360000
935   2022-03-02 128.27 130.76 128.27 129.93    0.41        0.32    822900
936   2022-03-03 131.34 134.07 129.68 131.67    1.74        1.34    752900
937   2022-03-04 132.00 134.73 130.76 133.49    1.82        1.38   1197900
938   2022-03-07 132.16 134.40 130.76 130.92   -2.57       -1.93    942300
939   2022-03-08 130.76 132.50 130.34 131.42    0.50        0.38    634300
940   2022-03-09 131.17 132.33 127.86 128.69   -2.73       -2.08    875100
941   2022-03-10 128.85 131.01 124.14 124.14   -4.55       -3.54   1245100
942   2022-03-11 123.31 125.38 117.93 117.93   -6.21       -5.00   1565500
943   2022-03-14 117.68 117.68 110.98 112.63   -5.30       -4.49   1649600
944   2022-03-15 112.14 116.77 112.14 116.77    4.14        3.68   1020500
945   2022-03-16 118.10 118.10 115.86 116.27   -0.50       -0.43    503900
946   2022-03-17 116.69 117.76 114.21 114.21   -2.06       -1.77    766800
947   2022-03-18 115.03 118.10 113.13 113.13   -1.08       -0.95   2545700
948   2022-03-21 114.95 120.16 114.87 120.00    6.87        6.07    890400
949   2022-03-22 120.41 124.96 118.34 122.90    2.90        2.42    969400
950   2022-03-23 121.49 127.28 120.08 121.65   -1.25       -1.02   1396000
951   2022-03-24 122.81 124.14 121.32 121.32   -0.33       -0.27    760300
952   2022-03-25 121.65 122.32 119.75 121.16   -0.16       -0.13    545600
953   2022-03-28 120.00 120.74 118.34 120.50   -0.66       -0.54    630000
954   2022-03-29 120.83 121.99 118.76 119.17   -1.33       -1.10    595200
955   2022-03-30 118.43 120.41 117.60 119.17    0.00        0.00    675400
956   2022-03-31 119.09 119.42 117.43 117.68   -1.49       -1.25    589200
957   2022-04-01 119.17 122.98 117.93 121.24    3.56        3.03    808700
958   2022-04-04 123.31 128.27 122.90 124.14    2.90        2.39   1685400
959   2022-04-05 125.63 127.28 124.14 125.46    1.32        1.06    739300
960   2022-04-06 125.71 128.27 124.22 127.28    1.82        1.45   1374300
961   2022-04-07 128.27 128.27 124.96 124.96   -2.32       -1.82   1113200
962   2022-04-08 125.38 125.38 122.90 122.90   -2.06       -1.65   1169600
963   2022-04-12 129.05 129.05 122.99 124.48    1.58        1.29   1373600
964   2022-04-13 125.08 128.55 125.08 125.97    1.49        1.20    989500
965   2022-04-14 126.07 126.57 123.59 124.78   -1.19       -0.94    800000
966   2022-04-15 125.28 125.68 123.19 124.09   -0.69       -0.55   1015000
967   2022-04-18 125.58 125.58 123.09 123.09   -1.00       -0.81    890800
968   2022-04-19 123.99 124.58 118.63 119.62   -3.47       -2.82    943100
969   2022-04-20 120.51 124.09 119.62 123.39    3.77        3.15   1116500
970   2022-04-21 121.11 124.09 121.11 122.10   -1.29       -1.05   1507800
971   2022-04-22 122.10 124.09 121.61 122.40    0.30        0.25   1750600
972   2022-04-25 123.69 123.69 114.95 115.15   -7.25       -5.92   1076900
973   2022-04-26 115.85 123.19 108.30 115.15    0.00        0.00   2206600
974   2022-04-27 115.15 120.91 110.19 118.13    2.98        2.59   1241700
975   2022-04-28 118.13 119.02 115.65 115.65   -2.48       -2.10    837600
976   2022-04-29 116.15 117.73 114.26 115.15   -0.50       -0.43   1098700
977   2022-05-04 115.15 115.95 112.17 112.27   -2.88       -2.50    512200
978   2022-05-05 113.17 118.13 112.57 118.13    5.86        5.22    933300
979   2022-05-06 114.16 117.63 114.16 116.15   -1.98       -1.68    825300
980   2022-05-09 115.15 115.35 110.19 114.06   -2.09       -1.80   1084200
981   2022-05-10 113.27 115.25 109.39 115.25    1.19        1.04   1088600
982   2022-05-11 112.87 114.16 110.69 111.08   -4.17       -3.62    990800
983   2022-05-12 111.08 111.88 103.34 103.34   -7.74       -6.97   1061600
984   2022-05-13 102.35 104.23  96.19  96.19   -7.15       -6.92   1761600
985   2022-05-16  98.28  98.87  89.54  89.54   -6.65       -6.91   1052900
986   2022-05-17  87.36  95.79  85.07  95.79    6.25        6.98   1573900
987   2022-05-18  97.38 102.45  92.82 102.45    6.66        6.95   1291600
988   2022-05-19 101.25 109.59  99.27 109.59    7.14        6.97   1722900
989   2022-05-20 109.00 110.88 106.22 107.01   -2.58       -2.35    930900
990   2022-05-23 107.81 108.10 103.24 103.74   -3.27       -3.06    700700
991   2022-05-24 103.74 109.10 103.24 108.20    4.46        4.30    829900
992   2022-05-25 108.20 112.67 106.71 109.69    1.49        1.38    829700
993   2022-05-26 109.69 109.89 107.21 107.81   -1.88       -1.71    834000
994   2022-05-27 108.01 111.08 107.21 109.20    1.39        1.29    771700
995   2022-05-30 109.20 109.20 108.10 109.20    0.00        0.00    671100
996   2022-05-31 107.21 111.58 107.21 111.58    2.38        2.18   1265300
997   2022-06-01 109.20 114.16 109.20 114.16    2.58        2.31   1097900
998   2022-06-02 114.16 114.16 112.08 113.46   -0.70       -0.61    457800
999   2022-06-03 113.66 113.66 110.69 111.98   -1.48       -1.30    394800
1000  2022-06-06 111.98 116.15 107.21 116.15    4.17        3.72   1729500
1001  2022-06-07 114.26 117.04 112.37 117.04    0.89        0.77   1460100
1002  2022-06-08 117.14 120.61 117.04 118.43    1.39        1.19   1318800
1003  2022-06-09 117.63 119.12 117.24 117.63   -0.80       -0.68    711400
1004  2022-06-10 114.26 117.63 114.26 116.15   -1.48       -1.26    632500
1005  2022-06-13 112.27 114.16 108.20 108.20   -7.95       -6.84   1101100
1006  2022-06-14 103.34 109.00 103.34 105.52   -2.68       -2.48   1658900
1007  2022-06-15 106.22 108.20 103.94 105.23   -0.29       -0.27    997000
1008  2022-06-16 106.22 112.57 106.22 109.89    4.66        4.43   1394900
1009  2022-06-17 107.21 116.15 106.52 116.15    6.26        5.70   1627200
1010  2022-06-20 114.16 116.64 110.19 110.19   -5.96       -5.13    862000
1011  2022-06-21 109.99 112.97 108.40 110.19    0.00        0.00    954600
1012  2022-06-22 110.19 113.17 105.23 105.23   -4.96       -4.50    802700
1013  2022-06-23 105.23 109.20 105.23 109.20    3.97        3.77    397300
1014  2022-06-24 107.71 109.39 107.71 108.70   -0.50       -0.46    543000
1015  2022-06-27 109.00 112.57 107.71 112.17    3.47        3.19    882000
1016  2022-06-28 112.17 113.37 109.49 113.17    1.00        0.89   1209600
1017  2022-06-29 108.20 114.16 108.20 113.17    0.00        0.00    713400
1018  2022-06-30 111.38 113.37 110.69 111.18   -1.99       -1.76    456000
1019  2022-07-01 111.08 111.18 108.20 108.70   -2.48       -2.23    478200
1020  2022-07-04 109.50 110.00 107.10 107.70   -1.00       -0.92    357800
1021  2022-07-05 107.90 108.50 102.00 102.00   -5.70       -5.29    942500
1022  2022-07-06 102.00 106.20 100.00 100.00   -2.00       -1.96   1181300
1023  2022-07-07 100.00 104.50 100.00 103.00    3.00        3.00    444900
1024  2022-07-08 103.50 104.90 103.50 104.90    1.90        1.84    609700
1025  2022-07-11 101.50 103.90 101.50 102.50   -2.40       -2.29    565100
1026  2022-07-12 103.50 104.00 101.50 102.00   -0.50       -0.49    287100
1027  2022-07-13 100.70 103.70 100.70 101.00   -1.00       -0.98    549100
1028  2022-07-14 101.20 103.00 101.10 102.50    1.50        1.49    356200
1029  2022-07-15 101.90 103.50 101.00 101.20   -1.30       -1.27    413900
1030  2022-07-18 101.10 103.80 100.50 102.60    1.40        1.38    666600
1031  2022-07-19 102.50 102.50 101.00 102.00   -0.60       -0.58    367200
1032  2022-07-20 102.10 105.50 102.00 103.00    1.00        0.98    679400
1033  2022-07-21 103.20 106.90 103.00 105.50    2.50        2.43   1032900
1034  2022-07-22 105.10 109.00 103.70 108.50    3.00        2.84   1241500
1035  2022-07-25 105.70 111.30 105.70 108.60    0.10        0.09    461100
1036  2022-07-26 107.00 110.00 107.00 110.00    1.40        1.29    487400
1037  2022-07-27 109.20 110.00 108.00 109.90   -0.10       -0.09    334400
1038  2022-07-28 110.00 110.50 108.00 109.90    0.00        0.00    619200
1039  2022-07-29 111.00 112.00 106.10 106.10   -3.80       -3.46    840100
1040  2022-08-01 107.00 111.00 106.50 109.40    3.30        3.11    730600
1041  2022-08-02 109.60 111.00 107.10 110.00    0.60        0.55   1114600
1042  2022-08-03 109.50 110.20 106.80 110.00    0.00        0.00   1452700
1043  2022-08-04 110.00 110.20 106.70 107.90   -2.10       -1.91   1593800
1044  2022-08-05 107.90 108.00 104.10 104.50   -3.40       -3.15   1920800
1045  2022-08-08 104.50 105.80 104.50 104.80    0.30        0.29    637400
1046  2022-08-09 106.00 106.10 104.50 105.20    0.40        0.38    502900
1047  2022-08-10 105.20 107.00 104.70 105.80    0.60        0.57    560100
1048  2022-08-11 106.00 107.50 105.30 106.80    1.00        0.95    772100
1049  2022-08-12 106.70 107.20 105.70 107.20    0.40        0.37    252200
1050  2022-08-15 107.90 108.80 106.50 108.50    1.30        1.21    554600
1051  2022-08-16 108.50 109.20 107.10 109.00    0.50        0.46    619600
1052  2022-08-17 109.30 111.70 108.50 111.30    2.30        2.11   1170500
1053  2022-08-18 111.50 114.90 110.60 112.00    0.70        0.63   1715300
1054  2022-08-19 112.00 113.90 110.80 112.00    0.00        0.00    458300
1055  2022-08-22 112.00 113.80 111.00 111.80   -0.20       -0.18    460700
1056  2022-08-23 111.20 113.00 111.00 112.60    0.80        0.72    649500
1057  2022-08-24 112.80 114.00 111.90 111.90   -0.70       -0.62    556200
1058  2022-08-25 111.20 113.40 111.00 112.80    0.90        0.80    564700
1059  2022-08-26 113.50 113.50 112.00 112.20   -0.60       -0.53    359700
1060  2022-08-29 111.00 113.80 111.00 112.20    0.00        0.00    572700
1061  2022-08-30 113.00 114.80 112.00 113.70    1.50        1.34    574200
1062  2022-08-31 113.80 115.50 113.80 114.50    0.80        0.70    786700
1063  2022-09-05 113.50 115.80 113.10 115.50    1.00        0.87    556800
1064  2022-09-06 115.50 116.60 114.20 115.00   -0.50       -0.43    337200
1065  2022-09-07 114.80 115.40 112.00 112.00   -3.00       -2.61    836300
1066  2022-09-08 113.50 115.00 112.00 115.00    3.00        2.68    484100
1067  2022-09-09 115.50 117.00 114.40 116.10    1.10        0.96    539300
1068  2022-09-12 116.10 116.50 114.50 115.00   -1.10       -0.95    327700
1069  2022-09-13 114.50 116.40 114.00 114.00   -1.00       -0.87    542200
1070  2022-09-14 114.00 114.00 112.00 112.00   -2.00       -1.75    554500
1071  2022-09-15 114.20 114.50 111.00 112.00    0.00        0.00    538400
1072  2022-09-16 111.80 112.80 109.80 112.80    0.80        0.71   1709700
1073  2022-09-19 111.00 113.50 111.00 112.50   -0.30       -0.27    548800
1074  2022-09-20 112.00 113.40 111.80 113.30    0.80        0.71    302800
1075  2022-09-21 113.00 113.40 111.10 112.00   -1.30       -1.15    332400
1076  2022-09-22 110.90 111.50 108.10 110.00   -2.00       -1.79    435200
1077  2022-09-23 109.00 110.00 108.30 108.60   -1.40       -1.27    353900
1078  2022-09-26 107.20 109.50 107.00 107.70   -0.90       -0.83    658100
1079  2022-09-27 106.00 108.60 106.00 107.70    0.00        0.00    343300
1080  2022-09-28 105.10 105.90 102.10 102.10   -5.60       -5.20    415600
1081  2022-09-29 102.60 104.10 100.00 100.00   -2.10       -2.06    443000
1082  2022-09-30  98.20 103.20  98.20  99.00   -1.00       -1.00    893200
1083  2022-10-03  97.00  98.50  92.20  94.00   -5.00       -5.05    752700
1084  2022-10-04  93.10  95.00  90.40  90.50   -3.50       -3.72    991500
1085  2022-10-05  93.30  93.30  91.00  91.40    0.90        0.99    559600
1086  2022-10-06  91.40  91.50  86.00  86.70   -4.70       -5.14    948300
1087  2022-10-07  84.80  86.60  80.70  81.50   -5.20       -6.00   1461300
1088  2022-10-10  80.00  87.00  77.00  80.50   -1.00       -1.23   1089700
1089  2022-10-11  80.10  80.10  74.90  79.80   -0.70       -0.87   1971900
1090  2022-10-12  81.40  82.50  79.80  81.10    1.30        1.63   2400700
1091  2022-10-13  82.00  82.00  78.00  78.70   -2.40       -2.96   1014100
1092  2022-10-14  81.00  81.00  79.00  79.00    0.30        0.38   1554200
1093  2022-10-17  78.90  80.50  77.00  79.00    0.00        0.00   1481400
1094  2022-10-18  80.00  83.20  79.90  82.00    3.00        3.80   1767000
1095  2022-10-19  82.50  82.50  79.90  80.00   -2.00       -2.44   1401200
1096  2022-10-20  79.50  80.80  78.50  80.20    0.20        0.25   1683100
1097  2022-10-21  81.00  81.00  74.80  74.80   -5.40       -6.73   1651200
1098  2022-10-24  74.80  75.80  69.60  72.80   -2.00       -2.67   1295700
1099  2022-10-25  72.50  75.00  69.10  75.00    2.20        3.02   1850400
1100  2022-10-26  75.00  78.00  73.30  78.00    3.00        4.00   1006000
1101  2022-10-27  78.70  83.00  77.00  83.00    5.00        6.41   1607900
1102  2022-10-28  83.00  83.90  81.50  83.90    0.90        1.08   1768700
1103  2022-10-31  83.90  86.00  82.70  85.50    1.60        1.91   1329900
1104  2022-11-01  86.40  87.20  83.80  86.50    1.00        1.17   1128600
1105  2022-11-02  86.50  87.00  81.00  81.00   -5.50       -6.36    893000
1106  2022-11-03  80.00  85.40  79.90  85.40    4.40        5.43    737800
1107  2022-11-04  84.00  85.40  81.00  84.30   -1.10       -1.29    952900
1108  2022-11-07  84.30  88.00  82.50  84.50    0.20        0.24   1266700
1109  2022-11-08  84.00  87.80  81.00  86.00    1.50        1.78   1180600
1110  2022-11-09  86.50  87.50  84.50  87.00    1.00        1.16   1227900
1111  2022-11-10  87.00  87.10  81.00  81.00   -6.00       -6.90   1015300
1112  2022-11-11  82.00  86.60  82.00  86.50    5.50        6.79   1055100
1113  2022-11-14  85.50  92.50  84.10  89.10    2.60        3.01   1292200
1114  2022-11-15  89.10  89.80  85.80  89.40    0.30        0.34   1067100
1115  2022-11-16  85.50  90.90  84.50  90.90    1.50        1.68   1308900
1116  2022-11-17  90.50  97.00  90.20  97.00    6.10        6.71   1525000
1117  2022-11-18  97.10  97.50  91.50  95.20   -1.80       -1.86   1016400
1118  2022-11-21  95.20  95.20  93.40  95.10   -0.10       -0.11    633400
1119  2022-11-22  93.60  98.00  88.50  91.80   -3.30       -3.47   1395000
1120  2022-11-23  88.60  92.90  88.30  92.90    1.10        1.20    834200
1121  2022-11-24  91.50  91.50  88.00  89.00   -3.90       -4.20   1043500
1122  2022-11-25  90.00  94.50  90.00  94.00    5.00        5.62    923100
1123  2022-11-28  94.00  97.20  93.50  97.20    3.20        3.40   2126900
1124  2022-11-29  97.20  99.00  95.50  99.00    1.80        1.85   2170100
1125  2022-11-30  99.50 102.00  92.90 102.00    3.00        3.03   1501800
1126  2022-12-01 102.00 102.00  99.00  99.00   -3.00       -2.94   1543500
1127  2022-12-02  99.00 103.90  98.40 103.90    4.90        4.95   1435000
1128  2022-12-05 102.90 110.00 102.50 105.00    1.10        1.06   1024200
1129  2022-12-06 105.50 105.50 101.60 102.00   -3.00       -2.86   1097400
1130  2022-12-07 102.00 106.00 100.00 100.00   -2.00       -1.96    734100
1131  2022-12-08 103.80 105.00  96.00  96.00   -4.00       -4.00    903000
1132  2022-12-09  99.00 101.90  96.10  97.00    1.00        1.04   1175300
1133  2022-12-12 100.00 100.00  96.00  97.00    0.00        0.00    913300
1134  2022-12-13  96.90  97.50  95.80  97.00    0.00        0.00   1493100
1135  2022-12-14  98.50  98.50  95.10  96.00   -1.00       -1.03   1028300
1136  2022-12-15  97.00  99.00  95.10  98.20    2.20        2.29    687600
1137  2022-12-16  98.00  98.00  93.50  93.50   -4.70       -4.79   2672500
1138  2022-12-19  94.20  95.30  92.50  95.00    1.50        1.60   1257100
1139  2022-12-20  93.40  95.00  92.10  94.00   -1.00       -1.05    568100
1140  2022-12-21  94.70  94.90  93.00  94.90    0.90        0.96    582500
1141  2022-12-22  95.00  95.60  93.00  94.40   -0.50       -0.53    371000
1142  2022-12-23  92.50  95.20  91.40  95.00    0.60        0.64    552900
1143  2022-12-26  95.00  95.00  91.50  91.50   -3.50       -3.68    613800
1144  2022-12-27  91.50  95.80  91.20  91.60    0.10        0.11    617300
1145  2022-12-28  91.70  96.00  91.10  93.00    1.40        1.53    661400
1146  2022-12-29  92.50  95.80  92.50  94.00    1.00        1.08    629600
1147  2022-12-30  96.00  96.00  93.00  93.00   -1.00       -1.06    453200
1148  2023-01-03  95.00  96.00  93.00  96.00    3.00        3.23    740400
1149  2023-01-04  97.00  99.30  95.00  99.30    3.30        3.44    549400
1150  2023-01-05 100.00 100.10  98.00  99.50    0.20        0.20    684600
1151  2023-01-06  99.50  99.50  95.00  95.80   -3.70       -3.72    541300
1152  2023-01-09  96.70  97.30  95.50  96.50    0.70        0.73    398200
1153  2023-01-10  96.50  96.90  93.60  95.40   -1.10       -1.14    613400
1154  2023-01-11  96.00  96.30  94.30  96.00    0.60        0.63    556800
1155  2023-01-12  96.10  96.30  93.00  93.30   -2.70       -2.81    537400
1156  2023-01-13  94.10  95.00  93.40  95.00    1.70        1.82    319700
1157  2023-01-16  95.00  96.00  93.70  94.90   -0.10       -0.11    339600
1158  2023-01-17  94.70  97.50  93.30  97.50    2.60        2.74    600000
1159  2023-01-18  97.50  99.90  96.10  99.90    2.40        2.46    620900
1160  2023-01-19  98.30 102.00  95.30 102.00    2.10        2.10   1021900
1161  2023-01-27 102.00 106.00 101.90 103.70    1.70        1.67    741600
1162  2023-01-30 105.00 105.40 102.00 102.00   -1.70       -1.64    330200
1163  2023-01-31 100.10 102.00 100.10 101.10   -0.90       -0.88    354700
1164  2023-02-01 100.20 101.80  95.10  95.20   -5.90       -5.84    958200
1165  2023-02-02  97.90  97.90  95.00  96.70    1.50        1.58    736900
1166  2023-02-03  95.60  96.70  93.60  96.50   -0.20       -0.21    567900
1167  2023-02-06  94.20  96.30  93.50  96.30   -0.20       -0.21    685600
1168  2023-02-07  96.00  96.00  93.30  94.10   -2.20       -2.28    857100
1169  2023-02-08  94.10  95.50  93.50  93.50   -0.60       -0.64    446700
1170  2023-02-09  93.50  94.50  91.80  91.80   -1.70       -1.82    773600
1171  2023-02-10  91.80  92.00  89.50  91.20   -0.60       -0.65    680900
1172  2023-02-13  91.20  92.90  90.10  92.90    1.70        1.86    468600
1173  2023-02-14  92.90  93.40  91.60  92.90    0.00        0.00    392700
1174  2023-02-15  92.00  93.30  92.00  93.00    0.10        0.11    617800
1175  2023-02-16  93.00  93.40  92.10  92.90   -0.10       -0.11    379900
1176  2023-02-17  93.00  93.00  91.10  91.30   -1.60       -1.72    279500
1177  2023-02-20  91.40  94.50  91.40  94.50    3.20        3.50    685100
1178  2023-02-21  94.00  94.80  93.20  93.80   -0.70       -0.74    258400
1179  2023-02-22  93.00  93.30  91.00  91.00   -2.80       -2.99    784400
1180  2023-02-23  91.50  91.50  87.00  87.60   -3.40       -3.74    672900
1181  2023-02-24  88.80  88.80  84.90  85.90   -1.70       -1.94    716200
1182  2023-02-27  83.90  84.50  79.90  79.90   -6.00       -6.98    900500
1183  2023-02-28  82.00  82.50  80.00  82.00    2.10        2.63    585400
1184  2023-03-01  80.00  81.80  79.70  80.50   -1.50       -1.83   1083200
1185  2023-03-02  80.40  81.30  79.00  79.00   -1.50       -1.86    540200
1186  2023-03-03  79.70  79.80  76.00  76.00   -3.00       -3.80    581000
1187  2023-03-06  76.50  78.00  74.40  74.40   -1.60       -2.11    850800
1188  2023-03-07  76.00  79.60  75.20  78.30    3.90        5.24   1893800
1189  2023-03-08  78.20  81.00  77.80  80.40    2.10        2.68   1497600
1190  2023-03-09  80.50  82.00  80.10  80.80    0.40        0.50   1257800
1191  2023-03-10  80.50  84.50  80.50  83.90    3.10        3.84   1407600
1192  2023-03-13  83.80  85.80  83.80  84.50    0.60        0.72   1593800
1193  2023-03-14  84.10  85.00  82.50  83.60   -0.90       -1.07    939100
1194  2023-03-15  83.70  85.10  83.60  84.70    1.10        1.32   1108600
1195  2023-03-16  84.70  84.70  82.00  83.80   -0.90       -1.06    897900
1196  2023-03-17  83.80  84.00  82.70  83.50   -0.30       -0.36   1173700
1197  2023-03-20  82.60  82.80  79.40  81.50   -2.00       -2.40   1328800
1198  2023-03-21  81.50  83.20  79.00  80.10   -1.40       -1.72   1059400
1199  2023-03-22  80.20  80.60  78.20  80.50    0.40        0.50   2038600
1200  2023-03-23  79.70  79.70  78.50  79.00   -1.50       -1.86   1501600
1201  2023-03-24  79.00  79.00  77.70  78.00   -1.00       -1.27   1368800
1202  2023-03-27  78.20  78.20  76.20  76.70   -1.30       -1.67   1640300
1203  2023-03-28  77.50  77.80  76.80  77.60    0.90        1.17   1759500
1204  2023-03-29  77.60  78.80  76.80  78.80    1.20        1.55   1178200
1205  2023-03-30  79.30  79.60  78.50  79.20    0.40        0.51   1105900
1206  2023-03-31  79.20  79.40  77.80  77.80   -1.40       -1.77   1340600
1207  2023-04-03  78.80  78.80  76.80  76.80   -1.00       -1.29   1651800
1208  2023-04-04  76.90  78.60  76.90  78.40    1.60        2.08   1319600
1209  2023-04-05  78.70  79.20  77.60  78.40    0.00        0.00    835000
1210  2023-04-06  78.10  78.40  77.00  77.00   -1.40       -1.79   1050000
1211  2023-04-07  77.00  77.90  76.90  77.60    0.60        0.78    611100
1212  2023-04-10  77.70  78.10  77.10  77.20   -0.40       -0.52    863300
1213  2023-04-11  77.60  78.00  77.20  77.90    0.70        0.91    753700
1214  2023-04-12  77.90  80.20  77.90  79.50    1.60        2.05   1601300
1215  2023-04-13  80.00  80.50  79.20  79.20   -0.30       -0.38   1223300
1216  2023-04-14  79.30  79.90  78.10  78.10   -1.10       -1.39   1415100
1217  2023-04-17  78.00  78.20  77.20  78.10    0.00        0.00    912500
1218  2023-04-18  78.20  78.50  77.80  78.20    0.10        0.13    536300
1219  2023-04-19  78.20  79.80  78.00  78.70    0.50        0.64   1244600
1220  2023-04-20  79.00  79.10  77.70  78.00   -0.70       -0.89    754800
1221  2023-04-21  78.00  78.10  76.20  76.40   -1.60       -2.05   1126600
1222  2023-04-24  76.60  76.60  73.30  73.30   -3.10       -4.06   1591200
1223  2023-04-25  73.90  73.90  71.10  71.30   -2.00       -2.73   1018400
1224  2023-04-26  71.30  71.90  70.50  71.40    0.10        0.14   1167500
1225  2023-04-27  71.70  72.90  71.30  72.30    0.90        1.26    466300
1226  2023-04-28  72.70  73.20  72.30  73.10    0.80        1.11    612100
1227  2023-05-04  72.80  72.80  70.60  70.60   -2.50       -3.42    824100
1228  2023-05-05  70.60  73.10  70.50  73.00    2.40        3.40    950000
1229  2023-05-08  73.50  75.20  73.10  74.10    1.10        1.51   1035000
1230  2023-05-09  74.10  74.60  73.40  73.60   -0.50       -0.67    646900
1231  2023-05-10  74.00  75.00  73.60  73.60    0.00        0.00    749900
1232  2023-05-11  73.70  74.30  73.30  73.80    0.20        0.27    454100
1233  2023-05-12  73.30  74.50  73.30  74.40    0.60        0.81    431700
1234  2023-05-15  74.40  75.20  74.10  74.10   -0.30       -0.40    718700
1235  2023-05-16  74.10  74.20  73.20  73.30   -0.80       -1.08    384400
1236  2023-05-17  73.30  74.00  73.00  73.10   -0.20       -0.27    645600
1237  2023-05-18  73.20  73.80  72.70  73.20    0.10        0.14    994700
1238  2023-05-19  73.20  73.20  71.60  72.40   -0.80       -1.09    760300
1239  2023-05-22  71.40  72.50  71.40  72.00   -0.40       -0.55    809500
1240  2023-05-23  72.00  72.00  70.20  70.40   -1.60       -2.22   2296900
1241  2023-05-24  70.90  71.90  70.00  71.80    1.40        1.99    951300
1242  2023-05-25  71.80  72.50  70.80  72.00    0.20        0.28    740000
1243  2023-05-26  71.80  72.10  71.40  72.00    0.00        0.00    757500
1244  2023-05-29  72.10  72.20  71.40  71.60   -0.40       -0.56    483800
1245  2023-05-30  71.60  73.20  71.60  72.80    1.20        1.68    946700
1246  2023-05-31  72.90  73.50  72.00  72.00   -0.80       -1.10    718500
1247  2023-06-01  72.00  72.20  71.50  71.80   -0.20       -0.28    326400
1248  2023-06-02  72.00  72.70  71.80  72.30    0.50        0.70    936100
1249  2023-06-05  73.00  74.70  72.80  74.10    1.80        2.49   2010900
1250  2023-06-06  74.00  74.60  73.50  73.60   -0.50       -0.67   1265200
1251  2023-06-07  74.20  75.70  73.50  75.50    1.90        2.58   2296600
1252  2023-06-08  76.30  76.40  74.30  74.40   -1.10       -1.46   1251100
1253  2023-06-09  75.00  76.90  74.20  76.50    2.10        2.82   2410700
1254  2023-06-12  77.00  78.40  76.60  78.40    1.90        2.48   2600400
1255  2023-06-13  78.60  78.80  77.90  78.80    0.40        0.51   1699700
1256  2023-06-14  78.80  79.40  77.80  78.00   -0.80       -1.02   2339300
1257  2023-06-15  78.00  78.10  76.70  77.10   -0.90       -1.15   1224800
1258  2023-06-16  77.50  77.60  75.40  76.60   -0.50       -0.65   2124500
1259  2023-06-19  76.50  76.50  74.50  74.50   -2.10       -2.74   1152200
1260  2023-06-20  74.30  75.30  74.30  75.20    0.70        0.94    605600
1261  2023-06-21  75.10  76.20  74.60  76.10    0.90        1.20   1015400
1262  2023-06-22  76.10  76.50  75.80  76.30    0.20        0.26    850900
1263  2023-06-23  76.10  77.80  75.70  77.30    1.00        1.31   1600600
1264  2023-06-26  78.00  79.00  77.00  77.70    0.40        0.52    981300
1265  2023-06-27  77.80  78.00  76.90  77.70    0.00        0.00    685500
1266  2023-06-28  77.90  77.90  76.70  77.00   -0.70       -0.90    691700
1267  2023-06-29  76.80  76.80  75.40  75.40   -1.60       -2.08   1147500
1268  2023-06-30  75.40  76.20  75.20  75.20   -0.20       -0.27    866600
1269  2023-07-03  75.20  76.00  75.20  75.40    0.20        0.27    646200
1270  2023-07-04  75.40  75.90  75.30  75.60    0.20        0.27    823200
1271  2023-07-05  75.90  76.30  75.50  75.80    0.20        0.26   1395400
1272  2023-07-06  75.50  76.10  75.50  76.00    0.20        0.26    964100
1273  2023-07-07  76.20  76.20  75.20  75.20   -0.80       -1.05   1421500
1274  2023-07-10  75.40  77.90  75.40  77.90    2.70        3.59   2345800
1275  2023-07-11  78.10  80.10  78.10  79.20    1.30        1.67   2849800
1276  2023-07-12  80.10  80.10  79.00  79.50    0.30        0.38   1607300
1277  2023-07-13  79.60  81.90  79.50  81.80    2.30        2.89   2671400
1278  2023-07-14  82.00  82.70  80.70  81.80    0.00        0.00   1690600
1279  2023-07-17  81.80  81.80  80.50  80.70   -1.10       -1.34   1453800
1280  2023-07-18  80.60  81.30  80.20  80.50   -0.20       -0.25   1274400
1281  2023-07-19  80.60  81.30  80.50  80.80    0.30        0.37   1370700
1282  2023-07-20  80.90  80.90  79.10  79.50   -1.30       -1.61   2335700
1283  2023-07-21  79.50  83.00  79.50  83.00    3.50        4.40   2083200
1284  2023-07-24  84.60  84.70  83.20  84.00    1.00        1.20   2678700
1285  2023-07-25  84.10  84.50  83.00  83.40   -0.60       -0.71   1938900
1286  2023-07-26  83.40  85.20  83.20  84.60    1.20        1.44   1719300
1287  2023-07-27  84.50  84.70  84.00  84.20   -0.40       -0.47   1846200
1288  2023-07-28  84.20  86.20  84.00  86.10    1.90        2.26   2241800
1289  2023-07-31  87.00  88.20  86.80  87.30    1.20        1.39   2580800
1290  2023-08-01  87.60  87.60  86.40  86.70   -0.60       -0.69   1843700
1291  2023-08-02  86.40  86.40  85.10  85.20   -1.50       -1.73   2264000
1292  2023-08-03  85.50  86.60  85.20  86.10    0.90        1.06   1880500
1293  2023-08-04  86.30  86.70  85.70  86.30    0.20        0.23   2037600
1294  2023-08-07  86.70  88.20  86.00  88.20    1.90        2.20   2407300
1295  2023-08-08  89.30  89.40  87.90  89.20    1.00        1.13   2451900
1296  2023-08-09  89.00  89.00  87.80  88.00   -1.20       -1.35   2415600
1297  2023-08-10  87.30  87.90  83.00  83.00   -5.00       -5.68   4724500
1298  2023-08-11  82.80  85.00  82.50  84.50    1.50        1.81   2070900
1299  2023-08-14  84.50  84.50  82.20  82.20   -2.30       -2.72   2720900
1300  2023-08-15  82.50  83.80  81.40  82.40    0.20        0.24   2240300
1301  2023-08-16  82.30  82.40  81.20  81.80   -0.60       -0.73   1866300
1302  2023-08-17  81.80  82.80  81.40  82.10    0.30        0.37   1885500
1303  2023-08-18  82.10  82.40  77.80  79.00   -3.10       -3.78   4020300
1304  2023-08-21  78.30  79.80  78.30  78.40   -0.60       -0.76   2250500
1305  2023-08-22  78.50  78.90  76.30  77.70   -0.70       -0.89   1849900
1306  2023-08-23  78.00  78.60  77.00  77.50   -0.20       -0.26   1456000
1307  2023-08-24  77.30  80.00  77.30  80.00    2.50        3.23   1756900
1308  2023-08-25  80.00  80.50  79.20  79.70   -0.30       -0.37   1178100
1309  2023-08-28  79.70  80.80  79.50  80.70    1.00        1.25   1100800
1310  2023-08-29  81.20  81.40  79.80  80.00   -0.70       -0.87   1728500
1311  2023-08-30  80.00  80.10  79.30  79.60   -0.40       -0.50   1580000
1312  2023-08-31  80.00  81.70  79.50  81.50    1.90        2.39   2545900
1313  2023-09-05  82.30  82.40  81.30  81.50    0.00        0.00   1426200
1314  2023-09-06  81.50  82.70  80.80  82.70    1.20        1.47   1831100
1315  2023-09-07  83.50  83.90  82.00  82.00   -0.70       -0.85   2102600
1316  2023-09-08  82.10  83.50  81.80  81.80   -0.20       -0.24   3064800
1317  2023-09-11  82.10  82.40  79.60  79.60   -2.20       -2.69   3008800
1318  2023-09-12  80.00  81.00  79.30  81.00    1.40        1.76   1513100
1319  2023-09-13  81.00  81.40  79.90  80.10   -0.90       -1.11   1618400
1320  2023-09-14  80.40  80.40  78.30  78.60   -1.50       -1.87   1810500
1321  2023-09-15  78.80  80.70  78.40  79.70    1.10        1.40   2314600
1322  2023-09-18  79.70  79.70  78.10  78.50   -1.20       -1.51   1009600
1323  2023-09-19  78.30  79.40  78.00  79.00    0.50        0.64   1116700
1324  2023-09-20  78.80  79.80  78.70  79.70    0.70        0.89   2339000
1325  2023-09-21  79.50  80.10  78.50  78.80   -0.90       -1.13   1493900
1326  2023-09-22  77.40  78.00  75.40  75.40   -3.40       -4.31   2281400
1327  2023-09-25  75.00  75.40  70.30  70.30   -5.10       -6.76   3403100
1328  2023-09-26  70.30  74.90  70.30  73.00    2.70        3.84   2269800
1329  2023-09-27  73.00  76.00  72.60  76.00    3.00        4.11   2155500
1330  2023-09-28  74.50  77.00  73.10  76.50    0.50        0.66   1700600
1331  2023-09-29  76.50  76.50  75.20  76.30   -0.20       -0.26   1276500
1332  2023-10-02  76.20  78.70  76.00  77.40    1.10        1.44   2722000
1333  2023-10-03  77.40  77.40  74.00  74.00   -3.40       -4.39   2189000
1334  2023-10-04  73.00  75.00  72.80  73.50   -0.50       -0.68   1448600
1335  2023-10-05  73.60  74.80  72.80  72.80   -0.70       -0.95    877900
1336  2023-10-06  72.70  72.90  71.00  72.70   -0.10       -0.14   2313000
1337  2023-10-09  72.20  74.00  72.10  73.50    0.80        1.10    854300
1338  2023-10-10  74.00  74.30  73.20  73.20   -0.30       -0.41    926500
1339  2023-10-11  73.50  73.80  72.20  73.80    0.60        0.82    909700
1340  2023-10-12  74.00  74.10  73.00  73.10   -0.70       -0.95   1055400
1341  2023-10-13  72.50  73.50  71.60  72.70   -0.40       -0.55   1242300
1342  2023-10-16  72.50  72.50  71.60  71.60   -1.10       -1.51   1004000
1343  2023-10-17  72.00  72.30  71.00  71.00   -0.60       -0.84    727500
1344  2023-10-18  71.00  71.50  67.50  68.30   -2.70       -3.80   1882700
1345  2023-10-19  68.30  68.40  65.90  66.40   -1.90       -2.78   2406000
1346  2023-10-20  66.40  69.00  65.90  69.00    2.60        3.92   1883100
1347  2023-10-23  68.00  68.10  65.80  66.00   -3.00       -4.35   2129600
1348  2023-10-24  66.20  67.30  64.90  66.90    0.90        1.36   1638700
1349  2023-10-25  67.00  67.50  66.00  66.00   -0.90       -1.35   1385400
1350  2023-10-26  64.80  64.80  61.40  61.40   -4.60       -6.97   3585400
1351  2023-10-27  62.00  62.00  57.20  57.80   -3.60       -5.86   4376500
1352  2023-10-30  56.00  59.20  56.00  58.00    0.20        0.35   2162100
1353  2023-10-31  59.00  59.00  56.00  58.20    0.20        0.34   2913300
1354  2023-11-01  58.20  59.50  57.00  59.50    1.30        2.23   1807900
1355  2023-11-02  60.50  62.80  59.80  62.70    3.20        5.38   1571400
1356  2023-11-03  63.00  63.90  61.70  63.90    1.20        1.91   1619400
1357  2023-11-06  64.00  64.60  63.00  64.00    0.10        0.16   1132500
1358  2023-11-07  64.00  64.00  62.00  62.00   -2.00       -3.12   1583400
1359  2023-11-08  62.00  63.90  60.50  63.80    1.80        2.90   2102400
1360  2023-11-09  63.90  64.50  62.70  62.80   -1.00       -1.57   1616400
1361  2023-11-10  62.00  63.40  61.70  61.70   -1.10       -1.75   1581800
1362  2023-11-13  62.00  62.90  61.00  62.00    0.30        0.49   1203300
1363  2023-11-14  62.20  62.80  61.60  62.60    0.60        0.97   1533100
1364  2023-11-15  63.60  66.90  63.50  65.80    3.20        5.11   3867100
1365  2023-11-16  66.80  66.90  65.40  66.00    0.20        0.30   1450600
1366  2023-11-17  66.70  67.00  63.40  64.10   -1.90       -2.88   2889900
1367  2023-11-20  62.70  65.00  62.70  63.60   -0.50       -0.78   1336400
1368  2023-11-21  64.90  64.90  63.60  64.60    1.00        1.57   1393000
1369  2023-11-22  64.70  65.50  63.60  64.90    0.30        0.46   1764000
1370  2023-11-23  65.50  65.50  63.30  63.30   -1.60       -2.47   1594500
1371  2023-11-24  63.40  63.50  60.60  61.80   -1.50       -2.37   2092400
1372  2023-11-27  62.00  62.30  60.90  60.90   -0.90       -1.46   1253800
1373  2023-11-28  60.90  61.80  59.90  61.30    0.40        0.66   1182700
1374  2023-11-29  61.50  63.00  61.50  62.90    1.60        2.61   1595200
1375  2023-11-30  62.20  62.90  60.50  60.50   -2.40       -3.82   2262200
1376  2023-12-01  61.00  61.80  60.80  61.50    1.00        1.65   1080400
1377  2023-12-04  61.50  63.00  61.50  62.20    0.70        1.14   1303600
1378  2023-12-05  62.30  62.40  61.40  61.40   -0.80       -1.29   1426500
1379  2023-12-06  61.40  62.30  61.40  62.10    0.70        1.14   1534400
1380  2023-12-07  62.20  64.20  62.10  63.50    1.40        2.25   3977500
1381  2023-12-08  63.50  66.90  63.50  66.20    2.70        4.25   5420600
1382  2023-12-11  66.80  68.00  66.70  67.50    1.30        1.96   2893500
1383  2023-12-12  67.70  67.70  65.70  66.20   -1.30       -1.93   3134200
1384  2023-12-13  66.50  67.40  65.70  65.80   -0.40       -0.60   2727000
1385  2023-12-14  66.30  66.50  64.80  65.00   -0.80       -1.22   1750100
1386  2023-12-15  65.00  65.00  63.00  63.00   -2.00       -3.08   4208100
1387  2023-12-18  63.20  63.80  62.60  62.90   -0.10       -0.16   1640800
1388  2023-12-19  62.90  63.50  61.80  62.20   -0.70       -1.11   2055200
1389  2023-12-20  62.80  64.00  62.50  63.90    1.70        2.73   1625900
1390  2023-12-21  63.00  64.40  63.00  63.70   -0.20       -0.31   1375900
1391  2023-12-22  64.00  64.20  63.00  63.00   -0.70       -1.10   2188600
1392  2023-12-25  63.20  66.50  63.20  66.40    3.40        5.40   3234900
1393  2023-12-26  66.90  66.90  65.60  66.20   -0.20       -0.30   2681200
1394  2023-12-27  66.20  67.90  66.00  67.00    0.80        1.21   2866200
1395  2023-12-28  67.10  67.60  66.60  67.00    0.00        0.00   1859800
1396  2023-12-29  67.10  68.30  67.00  67.00    0.00        0.00   2217700
1397  2024-01-02  67.70  69.30  67.30  68.40    1.40        2.09   3624100
1398  2024-01-03  68.00  68.90  67.70  68.90    0.50        0.73   1720500
1399  2024-01-04  69.00  69.10  68.10  68.10   -0.80       -1.16   2526000
1400  2024-01-05  68.20  68.30  66.60  67.90   -0.20       -0.29   3405400
1401  2024-01-08  68.00  68.00  66.60  66.60   -1.30       -1.91   2683300
1402  2024-01-09  66.70  67.40  66.00  66.10   -0.50       -0.75   2177500
1403  2024-01-10  66.20  67.50  66.10  66.20    0.10        0.15   1883100
1404  2024-01-11  66.40  66.90  66.00  66.10   -0.10       -0.15   2173000
1405  2024-01-12  66.00  66.00  64.80  64.80   -1.30       -1.97   2390500
1406  2024-01-15  65.30  66.10  65.20  65.60    0.80        1.23   1312000
1407  2024-01-16  65.60  67.30  65.30  67.10    1.50        2.29   1938100
1408  2024-01-17  67.10  67.50  66.30  66.30   -0.80       -1.19   1904200
1409  2024-01-18  66.40  67.00  66.40  66.40    0.10        0.15   1290100
1410  2024-01-19  66.70  68.40  66.70  67.80    1.40        2.11   3305300
1411  2024-01-22  68.50  68.50  67.00  67.70   -0.10       -0.15   1775900
1412  2024-01-23  67.80  67.80  66.50  67.50   -0.20       -0.30   2445600
1413  2024-01-24  67.00  67.50  66.20  66.20   -1.30       -1.93   2446900
1414  2024-01-25  66.40  66.80  66.10  66.80    0.60        0.91   1161400
1415  2024-01-26  67.00  67.00  65.80  65.80   -1.00       -1.50   1936600
1416  2024-01-29  66.00  66.40  65.50  65.60   -0.20       -0.30   1429100
1417  2024-01-30  65.60  66.60  65.60  66.10    0.50        0.76   1170700
1418  2024-01-31  66.50  66.60  64.40  64.40   -1.70       -2.57   2589000
1419  2024-02-01  64.40  65.50  64.40  65.10    0.70        1.09   1692500
1420  2024-02-02  65.60  65.60  65.00  65.40    0.30        0.46   1607400
1421  2024-02-05  65.40  65.70  64.70  64.90   -0.50       -0.76   1612700
1422  2024-02-06  65.30  65.30  64.70  64.80   -0.10       -0.15   1607300
1423  2024-02-07  65.00  65.30  64.60  64.90    0.10        0.15   1352400
1424  2024-02-15  65.00  65.70  64.90  64.90    0.00        0.00   2030300
1425  2024-02-16  65.10  66.40  65.10  66.20    1.30        2.00   2714100
1426  2024-02-19  66.50  69.40  66.50  68.90    2.70        4.08   7833600
1427  2024-02-20  69.70  69.70  68.20  68.80   -0.10       -0.15   3375900
1428  2024-02-21  68.80  68.90  67.70  68.00   -0.80       -1.16   3336800
1429  2024-02-22  68.10  69.30  67.80  68.10    0.10        0.15   4149500
1430  2024-02-23  68.30  68.90  66.60  66.70   -1.40       -2.06   4792400
1431  2024-02-26  66.70  67.40  66.10  66.70    0.00        0.00   2921700
1432  2024-02-27  66.70  68.20  66.70  67.60    0.90        1.35   3037600
1433  2024-02-28  68.00  68.40  67.70  68.30    0.70        1.04   3481000
1434  2024-02-29  69.40  71.50  69.10  70.40    2.10        3.07   8297600
1435  2024-03-01  70.40  71.20  70.00  70.50    0.10        0.14   3757800
1436  2024-03-04  70.70  71.10  69.90  70.80    0.30        0.43   5315800
1437  2024-03-05  71.20  75.70  70.90  75.70    4.90        6.92  12999600
1438  2024-03-06  76.80  77.80  75.70  76.90    1.20        1.59   6843400
1439  2024-03-07  77.00  80.80  76.40  80.80    3.90        5.07   8721100
1440  2024-03-08  81.00  81.00  78.00  78.50   -2.30       -2.85   7454600
1441  2024-03-11  78.50  81.10  76.60  77.50   -1.00       -1.27   7103800
1442  2024-03-12  77.50  79.40  77.20  78.70    1.20        1.55   5975700
1443  2024-03-13  79.00  81.00  78.90  80.90    2.20        2.80   7035500
1444  2024-03-14  81.50  81.60  78.70  78.90   -2.00       -2.47   6416700
1445  2024-03-15  78.30  79.20  76.80  78.50   -0.40       -0.51   6908900
1446  2024-03-18  77.80  78.90  73.90  77.90   -0.60       -0.76   7516900
1447  2024-03-19  77.90  79.40  77.20  77.40   -0.50       -0.64   3129300
1448  2024-03-20  77.40  77.80  76.50  77.30   -0.10       -0.13   4238700
1449  2024-03-21  78.50  78.80  77.60  78.00    0.70        0.91   4982600
1450  2024-03-22  79.30  80.90  78.30  78.50    0.50        0.64   6018700
1451  2024-03-25  78.00  78.50  75.40  75.50   -3.00       -3.82   8724000
1452  2024-03-26  75.90  76.20  74.00  74.00   -1.50       -1.99   6370600
1453  2024-03-27  75.00  76.10  74.10  75.40    1.40        1.89   6073600
1454  2024-03-28  76.90  77.70  75.70  76.00    0.60        0.80   6237000
1455  2024-03-29  76.50  76.50  74.20  74.20   -1.80       -2.37   8324900
1456  2024-04-01  74.40  74.90  72.60  73.40   -0.80       -1.08   7701100
1457  2024-04-02  73.40  75.00  73.30  74.50    1.10        1.50   3738600
1458  2024-04-03  74.50  75.40  73.20  73.40   -1.10       -1.48   4986800
1459  2024-04-04  73.10  74.50  73.00  73.40    0.00        0.00   3739000
1460  2024-04-05  72.80  73.20  71.90  71.90   -1.50       -2.04   5609400
1461  2024-04-08  72.10  72.80  71.70  71.90    0.00        0.00   2804400
1462  2024-04-09  72.40  73.50  72.20  73.50    1.60        2.23   4123400
1463  2024-04-10  73.50  73.90  72.50  72.50   -1.00       -1.36   3030600
1464  2024-04-11  71.90  72.20  71.50  71.80   -0.70       -0.97   3576900
1465  2024-04-12  71.80  72.60  71.70  71.90    0.10        0.14   3572900
1466  2024-04-15  71.90  71.90  66.90  66.90   -5.00       -6.95  10945300
1467  2024-04-16  66.90  67.40  64.60  66.10   -0.80       -1.20   8049800
1468  2024-04-17  66.40  68.90  65.50  66.80    0.70        1.06   7216500
1469  2024-04-19  66.00  67.90  65.90  66.50   -0.30       -0.45   4767700
1470  2024-04-22  67.30  67.50  66.70  66.90    0.40        0.60   2931700
1471  2024-04-23  67.70  67.70  64.50  64.70   -2.20       -3.29   5047400
1472  2024-04-24  65.50  67.50  65.20  66.90    2.20        3.40   3276700
1473  2024-04-25  67.20  68.50  66.20  68.10    1.20        1.79   6074900
1474  2024-04-26  67.50  68.30  67.10  67.20   -0.90       -1.32   3593000
1475  2024-05-02  67.80  68.00  67.10  68.00    0.80        1.19   2279400
1476  2024-05-03  68.60  70.90  68.10  69.80    1.80        2.65   7049300
1477  2024-05-06  70.70  71.30  70.10  71.10    1.30        1.86   5105300
1478  2024-05-07  71.40  71.50  70.50  71.20    0.10        0.14   3244000
1479  2024-05-08  70.90  73.20  70.20  72.30    1.10        1.54   6123100
1480  2024-05-09  72.10  73.80  70.60  71.40   -0.90       -1.24   7165500
1481  2024-05-10  71.40  71.90  70.60  70.80   -0.60       -0.84   3714800
1482  2024-05-13  70.90  71.70  70.30  70.80    0.00        0.00   2571500
1483  2024-05-14  71.00  71.40  70.10  70.60   -0.20       -0.28   3692100
1484  2024-05-15  72.00  73.30  71.90  72.20    1.60        2.27   6888800
1485  2024-05-16  72.90  73.00  72.00  72.40    0.20        0.28   4045400
1486  2024-05-17  72.60  76.00  72.40  75.50    3.10        4.28  12300700
1487  2024-05-20  76.50  77.30  75.70  76.40    0.90        1.19   7869900
1488  2024-05-21  76.20  76.50  74.90  75.80   -0.60       -0.79   5878600
1489  2024-05-22  76.00  76.40  73.80  73.90   -1.90       -2.51   8354500
1490  2024-05-23  73.90  75.80  73.20  75.80    1.90        2.57   6128100
1491  2024-05-24  75.50  76.30  73.10  73.50   -2.30       -3.03   7669800
1492  2024-05-27  73.50  74.00  72.70  73.50    0.00        0.00   3881500
1493  2024-05-28  74.20  75.50  73.80  75.50    2.00        2.72   5100400
1494  2024-05-29  75.70  76.90  75.00  75.00   -0.50       -0.66   8003700
1495  2024-05-30  74.30  77.40  74.10  77.20    2.20        2.93  11161400
1496  2024-05-31  78.00  78.40  76.60  76.60   -0.60       -0.78   5592200
1497  2024-06-03  77.30  78.50  76.80  77.70    1.10        1.44   6570000
1498  2024-06-04  78.00  78.00  77.10  77.50   -0.20       -0.26   4403700
1499  2024-06-05  77.50  79.40  77.50  78.10    0.60        0.77   7549800
1500  2024-06-06  78.40  78.80  77.50  78.10    0.00        0.00   4727200
1501  2024-06-07  78.50  78.60  77.00  77.60   -0.50       -0.64   4621100
1502  2024-06-10  77.60  78.00  76.80  77.10   -0.50       -0.64   5324000
1503  2024-06-11  77.20  77.50  75.70  75.80   -1.30       -1.69   6573500
1504  2024-06-12  76.00  78.10  76.00  77.80    2.00        2.64   5837700
1505  2024-06-13  78.50  78.80  78.00  78.60    0.80        1.03   6210400
1506  2024-06-14  78.70  80.30  78.00  78.00   -0.60       -0.76   9028100
1507  2024-06-17  78.00  78.00  76.20  76.20   -1.80       -2.31   6242500
1508  2024-06-18  76.20  77.30  76.20  76.20    0.00        0.00   4126300
1509  2024-06-19  76.70  76.70  74.90  75.60   -0.60       -0.79   6657600
1510  2024-06-20  75.60  76.20  75.10  75.80    0.20        0.26   4159400
1511  2024-06-21  75.80  77.50  75.50  76.20    0.40        0.53   3974100
1512  2024-06-24  75.50  76.30  73.70  73.70   -2.50       -3.28   8305600
1513  2024-06-25  74.20  74.50  73.60  73.90    0.20        0.27   5262400
1514  2024-06-26  73.90  74.50  73.10  74.00    0.10        0.14   3527400
1515  2024-06-27  73.90  75.20  73.60  74.50    0.50        0.68   3765600
1516  2024-06-28  74.60  76.20  74.50  74.70    0.20        0.27   6405900
1517  2024-07-01  74.70  76.20  74.70  76.00    1.30        1.74   2944600
1518  2024-07-02  76.10  76.80  76.00  76.30    0.30        0.39   2695600
1519  2024-07-03  76.50  76.60  75.80  76.50    0.20        0.26   2551200
1520  2024-07-04  76.90  77.80  76.50  76.80    0.30        0.39   6265500
1521  2024-07-05  77.00  77.00  76.30  76.70   -0.10       -0.13   2539100
1522  2024-07-08  77.00  77.00  75.70  76.20   -0.50       -0.65   5961700
1523  2024-07-09  76.20  76.50  75.50  76.50    0.30        0.39   5982100
1524  2024-07-10  76.60  77.50  76.40  76.80    0.30        0.39   5381900
1525  2024-07-11  77.20  77.20  75.80  75.80   -1.00       -1.30   3833600
1526  2024-07-12  75.80  76.10  74.60  74.80   -1.00       -1.32   4442000
1527  2024-07-15  74.80  75.00  74.20  74.50   -0.30       -0.40   2888200
1528  2024-07-16  74.70  75.30  73.80  74.00   -0.50       -0.67   4286400
1529  2024-07-17  74.30  74.30  71.00  71.80   -2.20       -2.97   5875500
1530  2024-07-18  71.80  72.30  70.20  71.20   -0.60       -0.84   7523700
1531  2024-07-19  71.50  71.60  70.70  71.00   -0.20       -0.28   4785600
1532  2024-07-22  71.10  72.60  70.40  72.20    1.20        1.69   4068800
1533  2024-07-23  72.40  72.40  70.10  71.00   -1.20       -1.66   3375900
1534  2024-07-24  70.80  72.20  70.20  71.50    0.50        0.70   3435000
1535  2024-07-25  71.10  71.40  70.80  71.00   -0.50       -0.70   1645300
1536  2024-07-26  71.00  74.00  71.00  74.00    3.00        4.23   7229400
1537  2024-07-29  74.80  74.90  73.70  74.00    0.00        0.00   3719200
1538  2024-07-30  74.00  75.30  73.80  74.60    0.60        0.81   5717400
1539  2024-07-31  75.00  75.00  74.10  74.10   -0.50       -0.67   3565400
1540  2024-08-01  74.10  74.90  70.80  71.80   -2.30       -3.10   7659500
1541  2024-08-02  71.00  73.20  71.00  72.20    0.40        0.56   5314700
1542  2024-08-05  71.30  72.70  70.20  70.50   -1.70       -2.35   6260600
1543  2024-08-06  71.00  73.40  70.50  73.20    2.70        3.83   5272100
1544  2024-08-07  73.30  73.50  72.20  73.00   -0.20       -0.27   3653400
1545  2024-08-08  73.00  75.60  72.70  74.50    1.50        2.05   9533100
1546  2024-08-09  74.60  75.30  74.50  75.20    0.70        0.94   3965800
1547  2024-08-12  75.50  76.20  74.30  75.20    0.00        0.00   4458500
1548  2024-08-13  75.00  75.20  73.80  74.80   -0.40       -0.53   4760200
1549  2024-08-14  75.20  77.30  74.90  76.50    1.70        2.27  10253700
1550  2024-08-15  76.70  76.70  75.00  75.00   -1.50       -1.96   3319900
1551  2024-08-16  75.40  77.50  75.20  77.30    2.30        3.07   8146700
1552  2024-08-19  77.80  79.00  77.10  77.80    0.50        0.65   5460700
1553  2024-08-20  77.70  79.10  77.50  77.60   -0.20       -0.26   5748400
1554  2024-08-21  77.60  78.50  77.10  77.50   -0.10       -0.13   4523300
1555  2024-08-22  77.70  79.60  77.30  78.00    0.50        0.65   6729800
1556  2024-08-23  78.40  79.00  77.40  77.90   -0.10       -0.13   4063000
1557  2024-08-26  78.10  78.20  76.20  76.20   -1.70       -2.18   7989100
1558  2024-08-27  76.30  76.80  75.60  76.80    0.60        0.79   5246000
1559  2024-08-28  77.00  77.90  76.80  77.10    0.30        0.39   4558700
1560  2024-08-29  77.40  77.50  76.80  76.90   -0.20       -0.26   1890900
1561  2024-08-30  77.10  77.60  76.50  76.50   -0.40       -0.52   3214000
1562  2024-09-04  75.30  76.00  75.20  75.30   -1.20       -1.57   4905100
1563  2024-09-05  75.20  75.90  74.10  74.10   -1.20       -1.59   5019900
1564  2024-09-06  74.20  76.00  74.00  76.00    1.90        2.56   4443500
1565  2024-09-09  75.80  75.90  75.10  75.40   -0.60       -0.79   3747400
1566  2024-09-10  75.50  77.00  75.20  75.20   -0.20       -0.27   5918100
1567  2024-09-11  75.20  75.70  74.80  75.10   -0.10       -0.13   2637200
1568  2024-09-12  75.60  75.80  74.90  75.10    0.00        0.00   1664500
1569  2024-09-13  75.10  75.40  74.20  74.20   -0.90       -1.20   2857800
1570  2024-09-16  74.20  74.60  72.80  72.90   -1.30       -1.75   5065500
1571  2024-09-17  73.00  74.50  72.80  74.50    1.60        2.19   2785100
1572  2024-09-18  74.70  75.30  74.40  74.40   -0.10       -0.13   2719900
1573  2024-09-19  74.50  74.80  74.00  74.40    0.00        0.00   2663300
1574  2024-09-20  75.00  75.70  74.60  74.70    0.30        0.40   4014300
1575  2024-09-23  74.70  75.30  74.40  74.40   -0.30       -0.40   1836800
1576  2024-09-24  74.40  74.80  74.00  74.80    0.40        0.54   3044400
1577  2024-09-25  75.10  75.80  75.10  75.50    0.70        0.94   5135300
1578  2024-09-26  75.80  76.40  75.70  76.10    0.60        0.79   4617400
1579  2024-09-27  76.30  76.40  75.20  75.90   -0.20       -0.26   3725200
1580  2024-09-30  75.90  76.60  75.60  75.70   -0.20       -0.26   3473400
1581  2024-10-01  75.80  77.40  75.80  76.60    0.90        1.19   6912000
1582  2024-10-02  76.30  76.50  76.00  76.00   -0.60       -0.78   2345800
1583  2024-10-03  76.00  77.30  76.00  76.00    0.00        0.00   7165200
1584  2024-10-04  76.00  76.40  75.50  75.60   -0.40       -0.53   3189400
1585  2024-10-07  76.00  76.30  74.50  74.80   -0.80       -1.06   4123200
1586  2024-10-08  75.00  75.40  74.60  75.20    0.40        0.53   2771300
1587  2024-10-09  75.30  77.10  75.10  77.00    1.80        2.39   8346300
1588  2024-10-10  78.00  80.50  77.90  80.00    3.00        3.90  19870800
1589  2024-10-11  80.20  81.10  79.50  81.10    1.10        1.37   6900400
1590  2024-10-14  82.00  82.10  80.10  80.30   -0.80       -0.99   5907400
1591  2024-10-15  80.30  81.50  80.20  80.80    0.50        0.62   6647800
1592  2024-10-16  80.80  82.30  80.00  80.40   -0.40       -0.50   8065600
1593  2024-10-17  80.60  81.00  79.30  81.00    0.60        0.75   5878300
1594  2024-10-18  81.30  81.40  80.30  80.40   -0.60       -0.74   5100500
1595  2024-10-21  80.10  81.20  79.70  80.20   -0.20       -0.25   5181300
1596  2024-10-22  80.00  80.40  78.50  78.90   -1.30       -1.62   7311400
1597  2024-10-23  79.00  80.10  78.30  79.40    0.50        0.63   4189400
1598  2024-10-24  79.50  80.60  78.50  78.50   -0.90       -1.13   5506000
1599  2024-10-25  79.10  79.30  77.20  77.20   -1.30       -1.66  10132900
1600  2024-10-28  77.20  77.90  76.30  77.90    0.70        0.91   5735500
1601  2024-10-29  78.10  78.20  77.30  78.00    0.10        0.13   3292200
1602  2024-10-30  78.00  78.10  76.80  78.10    0.10        0.13   5638600
1603  2024-10-31  77.30  77.40  76.00  76.60   -1.50       -1.92   8540200
1604  2024-11-01  76.10  76.40  74.20  74.50   -2.10       -2.74  13047900
1605  2024-11-04  74.50  74.70  73.10  73.20   -1.30       -1.74   8323700
1606  2024-11-05  73.20  73.70  73.00  73.10   -0.10       -0.14   4967700
1607  2024-11-06  73.50  74.40  73.30  74.20    1.10        1.50   6268000
1608  2024-11-07  74.30  74.40  73.30  73.30   -0.90       -1.21   4433800
1609  2024-11-08  73.30  73.60  72.20  72.30   -1.00       -1.36   7811800
1610  2024-11-11  72.30  73.70  71.30  73.50    1.20        1.66   8239800
1611  2024-11-12  73.50  73.90  72.40  72.50   -1.00       -1.36   3990400
1612  2024-11-13  72.30  73.10  71.90  73.00    0.50        0.69   4122600
1613  2024-11-14  72.60  73.20  71.40  71.40   -1.60       -2.19   4521100
1614  2024-11-15  71.10  71.70  70.60  70.60   -0.80       -1.12   5685500
1615  2024-11-18  70.60  71.10  69.30  70.30   -0.30       -0.42   5225100
1616  2024-11-19  70.60  71.40  70.00  70.00   -0.30       -0.43   3920200
1617  2024-11-20  69.90  70.90  69.10  70.30    0.30        0.43   3919900
1618  2024-11-21  70.50  71.50  70.10  71.30    1.00        1.42   3799900
1619  2024-11-22  71.30  71.60  70.80  71.00   -0.30       -0.42   3658600
1620  2024-11-25  71.20  72.50  71.00  72.20    1.20        1.69   4915500
1621  2024-11-26  72.30  73.10  72.10  72.70    0.50        0.69   4756300
1622  2024-11-27  72.50  72.90  72.40  72.70    0.00        0.00   2239300
1623  2024-11-28  72.90  73.00  72.20  72.40   -0.30       -0.41   3106100
1624  2024-11-29  72.50  73.60  72.20  73.20    0.80        1.10   4424300
1625  2024-12-02  73.20  73.50  72.50  72.60   -0.60       -0.82   2724700
1626  2024-12-03  72.40  73.00  72.40  72.70    0.10        0.14   2928400
1627  2024-12-04  72.50  72.50  71.40  72.10   -0.60       -0.83   4106400
1628  2024-12-05  71.90  73.70  71.80  73.70    1.60        2.22   5390800
1629  2024-12-06  74.10  74.20  73.20  73.40   -0.30       -0.41   5635400
1630  2024-12-09  73.40  73.60  73.10  73.20   -0.20       -0.27   2810900
1631  2024-12-10  73.00  73.30  72.70  72.70   -0.50       -0.68   2512300
1632  2024-12-11  73.00  73.70  72.20  72.70    0.00        0.00   2857600
1633  2024-12-12  72.50  72.70  72.10  72.10   -0.60       -0.83   2674500
1634  2024-12-13  72.00  72.00  71.00  71.10   -1.00       -1.39   3536600
1635  2024-12-16  71.20  71.70  70.90  71.10    0.00        0.00   2462600
1636  2024-12-17  71.00  71.30  71.00  71.00   -0.10       -0.14   1652300
1637  2024-12-18  71.10  71.40  71.00  71.40    0.40        0.56   2486900
1638  2024-12-19  71.00  71.20  70.30  70.40   -1.00       -1.40   3513100
1639  2024-12-20  70.50  70.60  70.00  70.30   -0.10       -0.14   2753800
1640  2024-12-23  70.90  71.00  70.30  70.30    0.00        0.00   1755400
1641  2024-12-24  70.40  70.60  69.90  70.20   -0.10       -0.14   3833400
1642  2024-12-25  70.20  71.20  70.20  70.70    0.50        0.71   3713100
1643  2024-12-26  71.10  71.30  70.50  70.50   -0.20       -0.28   2134200
1644  2024-12-27  70.50  71.10  70.40  70.40   -0.10       -0.14   2398100
1645  2024-12-30  70.30  70.80  70.00  70.10   -0.30       -0.43   1654300
1646  2024-12-31  70.20  70.80  70.00  70.00   -0.10       -0.14   2800400
1647  2025-01-02  70.10  70.90  70.00  70.80    0.80        1.14   2326400
1648  2025-01-03  70.80  70.80  69.60  69.70   -1.10       -1.55   2679200
1649  2025-01-06  69.80  70.20  67.20  67.20   -2.50       -3.59   5156900
1650  2025-01-07  67.30  68.20  66.50  66.80   -0.40       -0.60   5735600
1651  2025-01-08  66.90  68.00  66.60  67.70    0.90        1.35   2812900
1652  2025-01-09  67.80  68.10  66.80  67.30   -0.40       -0.59   1886700
1653  2025-01-10  67.30  67.40  65.50  65.50   -1.80       -2.67   2905200
1654  2025-01-13  65.40  65.50  64.40  65.00   -0.50       -0.76   3672000
1655  2025-01-14  65.00  65.30  63.70  63.70   -1.30       -2.00   3586600
1656  2025-01-15  64.50  66.40  64.00  65.80    2.10        3.30   4159100
1657  2025-01-16  66.50  66.50  65.30  66.30    0.50        0.76   2458700
1658  2025-01-17  66.30  66.40  65.70  65.90   -0.40       -0.60   1689700
1659  2025-01-20  66.00  66.30  65.50  65.50   -0.40       -0.61   1814200
1660  2025-01-21  65.60  66.40  65.40  65.70    0.20        0.31   2258500
1661  2025-01-22  65.80  66.20  65.20  65.20   -0.50       -0.76   2338800
1662  2025-01-23  65.30  66.10  65.20  65.40    0.20        0.31   3685200
1663  2025-01-24  65.50  68.00  65.40  68.00    2.60        3.98   6680300
1664  2025-02-03  67.80  68.40  67.00  68.00    0.00        0.00   4360300
1665  2025-02-04  68.10  68.80  68.10  68.60    0.60        0.88   3948000
1666  2025-02-05  68.70  68.70  67.30  67.50   -1.10       -1.60   4852700
1667  2025-02-06  67.50  68.10  67.20  67.40   -0.10       -0.15   2799000
1668  2025-02-07  67.70  68.00  67.20  67.70    0.30        0.45   2265600
1669  2025-02-10  67.80  69.70  67.80  68.80    1.10        1.62   6909800
1670  2025-02-11  68.80  68.90  68.10  68.70   -0.10       -0.15   2435600
1671  2025-02-12  68.70  69.10  68.30  69.00    0.30        0.44   2088500
1672  2025-02-13  68.80  69.00  68.30  68.90   -0.10       -0.14   1824000
1673  2025-02-14  69.20  69.40  67.80  68.10   -0.80       -1.16   2983400
1674  2025-02-17  68.10  68.40  66.20  66.40   -1.70       -2.50   5693000
1675  2025-02-18  66.40  67.20  66.00  66.40    0.00        0.00   2602400
1676  2025-02-19  66.60  67.70  66.60  67.70    1.30        1.96   3261800
1677  2025-02-20  68.00  68.00  67.50  68.00    0.30        0.44   2935400
1678  2025-02-21  68.00  68.00  67.20  67.60   -0.40       -0.59   2315500
1679  2025-02-24  67.20  67.70  66.80  67.60    0.00        0.00   3245600
1680  2025-02-25  67.80  68.90  67.80  68.40    0.80        1.18   5119200
1681  2025-02-26  68.40  68.60  68.00  68.30   -0.10       -0.15   2082800
1682  2025-02-27  68.50  69.30  68.20  68.40    0.10        0.15   4565500
1683  2025-02-28  68.40  68.50  67.50  67.70   -0.70       -1.02   3925400
1684  2025-03-03  67.80  68.40  67.70  68.00    0.30        0.44   2758100
1685  2025-03-04  68.00  69.10  67.40  69.10    1.10        1.62   5946400
1686  2025-03-05  69.30  70.20  68.20  68.20   -0.90       -1.30   6222600
1687  2025-03-06  68.40  69.20  68.20  69.20    1.00        1.47   4342500
1688  2025-03-07  69.20  70.00  68.40  69.00   -0.20       -0.29   4410100
1689  2025-03-10  69.00  69.90  68.70  68.90   -0.10       -0.14   5117800
1690  2025-03-11  68.20  68.90  68.10  68.90    0.00        0.00   4533500
1691  2025-03-12  68.90  69.70  68.70  68.70   -0.20       -0.29   4987800
1692  2025-03-13  68.70  71.20  68.70  70.40    1.70        2.47  11573600
1693  2025-03-14  70.50  71.90  70.40  71.10    0.70        0.99   7301100
1694  2025-03-17  71.40  71.40  70.30  70.50   -0.60       -0.84   4528900
1695  2025-03-18  70.70  71.30  69.60  69.60   -0.90       -1.28   6175200
1696  2025-03-19  69.50  69.60  68.50  68.50   -1.10       -1.58   6651600
1697  2025-03-20  68.50  69.10  68.20  68.40   -0.10       -0.15   3437000
1698  2025-03-21  68.60  68.60  67.50  67.90   -0.50       -0.73   3804100
1699  2025-03-24  67.80  68.80  67.80  68.50    0.60        0.88   2426900
1700  2025-03-25  68.50  69.00  68.10  68.50    0.00        0.00   2767600
1701  2025-03-26  68.60  69.60  68.30  68.30   -0.20       -0.29   3801800
1702  2025-03-27  68.60  70.70  68.50  69.40    1.10        1.61   7235300
1703  2025-03-28  69.40  69.60  68.30  68.50   -0.90       -1.30   3797400
1704  2025-03-31  68.50  69.70  66.80  66.80   -1.70       -2.48   6976700
1705  2025-04-01  67.80  67.80  65.60  66.20   -0.60       -0.90   6498900
1706  2025-04-02  66.70  67.00  66.00  66.00   -0.20       -0.30   3637800
1707  2025-04-03  63.00  63.90  61.40  61.40   -4.60       -6.97  10609500
1708  2025-04-04  57.20  58.70  57.20  58.00   -3.40       -5.54  14296500
1709  2025-04-08  55.10  56.80  54.00  54.00   -4.00       -6.90   5452200
1710  2025-04-09  50.30  52.90  50.30  50.30   -3.70       -6.85  13474100
1711  2025-04-10  53.80  53.80  53.80  53.80    3.50        6.96    491600
1712  2025-04-11  55.40  57.50  53.10  57.10    3.30        6.13  14118700
1713  2025-04-14  57.70  60.30  56.90  60.00    2.90        5.08   7927500
1714  2025-04-15  59.00  60.90  58.10  58.50   -1.50       -2.50   6076700
1715  2025-04-16  58.30  58.80  56.40  56.40   -2.10       -3.59   6391100
1716  2025-04-17  55.00  57.60  55.00  57.30    0.90        1.60   4980400
1717  2025-04-18  57.90  59.00  57.90  58.00    0.70        1.22   3630300
1718  2025-04-21  58.00  58.50  56.90  58.10    0.10        0.17   3787400
1719  2025-04-22  57.50  59.10  54.10  58.70    0.60        1.03   9268700
1720  2025-04-23  59.70  59.90  58.90  59.60    0.90        1.53   5295500
1721  2025-04-24  60.00  60.00  58.30  59.90    0.30        0.50   4948200
1722  2025-04-25  60.00  62.00  59.90  62.00    2.10        3.51  10545400
1723  2025-04-28  62.40  62.50  61.00  62.50    0.50        0.81   4247600
1724  2025-04-29  61.80  62.50  61.80  62.50    0.00        0.00   3854100
1725  2025-05-05  62.70  62.80  61.60  62.50    0.00        0.00   2950500
1726  2025-05-06  62.40  62.40  61.80  62.00   -0.50       -0.80   3955400
1727  2025-05-07  61.60  61.80  60.90  60.90   -1.10       -1.77   3353100
1728  2025-05-08  61.00  63.00  60.70  63.00    2.10        3.45   4439500
1729  2025-05-09  63.00  63.00  62.20  62.80   -0.20       -0.32   3321700
1730  2025-05-12  62.80  63.30  62.00  62.00   -0.80       -1.27   3820500
1731  2025-05-13  62.40  63.20  62.10  62.10    0.10        0.16   4735700
1732  2025-05-14  62.30  63.70  62.20  62.30    0.20        0.32   5676400
1733  2025-05-15  62.60  63.50  62.40  62.80    0.50        0.80   5773200
1734  2025-05-16  62.60  63.00  61.70  62.50   -0.30       -0.48   5901500
1735  2025-05-19  62.40  62.40  61.40  62.00   -0.50       -0.80   6012400
1736  2025-05-20  62.00  63.10  61.50  62.70    0.70        1.13   5378500
1737  2025-05-21  63.10  64.30  63.10  63.60    0.90        1.44   8645400
1738  2025-05-22  63.60  64.60  63.20  64.00    0.40        0.63   7955100
1739  2025-05-23  64.00  64.30  62.70  63.20   -0.80       -1.25   4290900
1740  2025-05-26  63.20  63.80  61.50  63.80    0.60        0.95   4405400
1741  2025-05-27  63.90  64.80  63.50  64.00    0.20        0.31   4747700
1742  2025-05-28  64.10  64.50  63.50  63.90   -0.10       -0.16   4017900
1743  2025-05-29  64.10  64.20  62.90  63.40   -0.50       -0.78   3507500
1744  2025-05-30  63.00  63.10  62.00  62.00   -1.40       -2.21   4024000
1745  2025-06-02  62.00  62.50  61.70  62.10    0.10        0.16   2287700
1746  2025-06-03  62.30  63.60  62.30  63.30    1.20        1.93   4281300
1747  2025-06-04  63.50  64.40  63.00  64.10    0.80        1.26   6891000
1748  2025-06-05  64.40  65.80  63.90  65.80    1.70        2.65  11745400
1749  2025-06-06  65.90  66.40  64.70  65.00   -0.80       -1.22   4122600
1750  2025-06-09  65.00  65.00  63.50  64.10   -0.90       -1.38   5031500
1751  2025-06-10  64.50  65.50  64.10  64.80    0.70        1.09   5622000
1752  2025-06-11  64.80  65.20  64.10  64.80    0.00        0.00   2850500
1753  2025-06-12  65.30  66.00  65.20  65.80    1.00        1.54   6866200
1754  2025-06-13  65.00  65.40  64.30  65.40   -0.40       -0.61   5911100
1755  2025-06-16  65.70  67.00  65.40  66.80    1.40        2.14   7846900
1756  2025-06-17  67.00  67.90  66.20  67.90    1.10        1.65   5760000
1757  2025-06-18  67.90  67.90  66.60  67.50   -0.40       -0.59   5472800
1758  2025-06-19  67.00  67.50  66.10  67.50    0.00        0.00   5629600
1759  2025-06-20  67.40  67.60  66.80  67.50    0.00        0.00   6005100
1760  2025-06-23  66.80  68.00  66.20  68.00    0.50        0.74   5818700
1761  2025-06-24  68.90  69.30  68.30  69.20    1.20        1.76   6555800
1762  2025-06-25  69.70  70.40  69.10  70.30    1.10        1.59   7935800
1763  2025-06-26  70.40  72.00  70.20  72.00    1.70        2.42   8616800
1764  2025-06-27  72.30  76.90  72.00  76.80    4.80        6.67  14084900
1765  2025-06-30  76.60  77.40  76.00  76.80    0.00        0.00   8361100
1766  2025-07-01  76.20  76.70  74.90  75.20   -1.60       -2.08   6823100
1767  2025-07-02  75.00  76.30  74.60  75.20    0.00        0.00   4787500
1768  2025-07-03  74.80  76.30  74.10  74.50   -0.70       -0.93   5988200
1769  2025-07-04  74.70  75.00  73.70  74.60    0.10        0.13   4470400
1770  2025-07-07  75.00  75.70  74.30  74.80    0.20        0.27   5874900
1771  2025-07-08  74.90  76.20  74.60  75.60    0.80        1.07   7088700
1772  2025-07-09  76.50  76.50  75.40  75.80    0.20        0.26   7231700
1773  2025-07-10  76.00  78.40  75.90  76.90    1.10        1.45  12326900
1774  2025-07-11  76.80  77.50  76.10  76.50   -0.40       -0.52   8284200
1775  2025-07-14  76.90  77.10  74.60  75.30   -1.20       -1.57   6527400
1776  2025-07-15  75.30  76.70  74.50  74.50   -0.80       -1.06   8071700
1777  2025-07-16  74.30  75.50  74.00  75.00    0.50        0.67   6128400
1778  2025-07-17  75.80  77.30  75.60  76.20    1.20        1.60  10772700
1779  2025-07-18  76.50  81.00  76.50  79.10    2.90        3.81  14574300
1780  2025-07-21  79.60  79.80  77.50  77.50   -1.60       -2.02   7866900
1781  2025-07-22  77.30  78.40  76.60  77.70    0.20        0.26   7375500
1782  2025-07-23  78.70  79.30  77.20  77.30   -0.40       -0.51   8228200
1783  2025-07-24  77.50  77.50  75.40  76.00   -1.30       -1.68  16440600
1784  2025-07-25  76.00  77.20  75.50  75.80   -0.20       -0.26   8684800
1785  2025-07-28  76.20  78.60  75.90  77.60    1.80        2.37  12672700
1786  2025-07-29  78.50  78.50  72.20  72.20   -5.40       -6.96  16023900
1787  2025-07-30  73.00  73.50  71.00  73.00    0.80        1.11   9483500
1788  2025-07-31  73.10  73.40  70.80  72.50   -0.50       -0.68   9176600
1789  2025-08-01  72.30  72.50  71.10  72.50    0.00        0.00   5598500
1790  2025-08-04  72.10  74.00  71.80  73.90    1.40        1.93   5917800
1791  2025-08-05  74.00  77.20  73.50  74.60    0.70        0.95  18436200
1792  2025-08-06  75.60  76.80  75.20  76.00    1.40        1.88   9656300
1793  2025-08-07  76.40  77.80  75.80  76.20    0.20        0.26   9815900
1794  2025-08-08  76.50  77.70  75.60  76.70    0.50        0.66  11377400
1795  2025-08-11  77.90  82.00  77.80  82.00    5.30        6.91  29731100
1796  2025-08-12  85.00  86.00  82.30  83.60    1.60        1.95  13213200
1797  2025-08-13  84.40  87.40  82.10  85.90    2.30        2.75  24211400
1798  2025-08-14  86.60  86.80  83.80  84.80   -1.10       -1.28  13527300
1799  2025-08-15  84.80  86.20  82.70  83.10   -1.70       -2.00  13662000
1800  2025-08-18  83.10  84.40  83.00  83.90    0.80        0.96   8972500
1801  2025-08-19  84.50  86.50  83.20  85.00    1.10        1.31  14531000
1802  2025-08-20  86.80  87.40  81.00  83.90   -1.10       -1.29  19059400
1803  2025-08-21  83.90  84.80  83.30  84.30    0.40        0.48   9701000
1804  2025-08-22  83.00  83.40  79.70  81.00   -3.30       -3.91  18642000
1805  2025-08-25  81.30  81.80  78.30  79.50   -1.50       -1.85  10287200
1806  2025-08-26  78.70  81.10  78.20  81.10    1.60        2.01   8579900
1807  2025-08-27  81.30  82.80  81.20  82.20    1.10        1.36   8098600
1808  2025-08-28  82.50  83.30  81.90  83.10    0.90        1.09   6539900
1809  2025-08-29  83.20  83.60  82.20  83.00   -0.10       -0.12   7420100
1810  2025-09-03  83.50  85.30  82.90  83.00    0.00        0.00   9531800
1811  2025-09-04  83.50  85.30  82.00  84.80    1.80        2.17  13228500
1812  2025-09-05  86.30  87.40  83.00  83.00   -1.80       -2.12  12005700
1813  2025-09-08  82.60  83.30  80.00  81.00   -2.00       -2.41  13945500
1814  2025-09-09  81.00  81.30  79.80  81.00    0.00        0.00   6003800
1815  2025-09-10  81.40  81.40  80.00  81.00    0.00        0.00   4256100
1816  2025-09-11  80.80  82.30  79.10  82.00    1.00        1.23  10202400
1817  2025-09-12  82.30  86.90  81.60  86.00    4.00        4.88  21808200
1818  2025-09-15  86.80  89.00  86.30  88.50    2.50        2.91  16596700
1819  2025-09-16  89.00  89.00  86.80  86.80   -1.70       -1.92  13155500
1820  2025-09-17  86.60  86.90  84.20  84.20   -2.60       -3.00  11516500
1821  2025-09-18  84.40  85.20  83.50  84.00   -0.20       -0.24   6725200
1822  2025-09-19  84.60  84.70  83.30  83.90   -0.10       -0.12  10383000
1823  2025-09-22  83.90  84.00  81.00  81.90   -2.00       -2.38   8824400
1824  2025-09-23  81.90  82.60  81.50  81.90    0.00        0.00   3808100
1825  2025-09-24  82.00  83.70  81.10  82.90    1.00        1.22   5235500
1826  2025-09-25  83.50  83.60  82.20  82.20   -0.70       -0.84   4585800
1827  2025-09-26  82.20  83.50  82.00  82.20    0.00        0.00   6728100
1828  2025-09-29  82.20  82.50  81.30  81.80   -0.40       -0.49   4298200
1829  2025-09-30  82.00  82.00  80.50  81.00   -0.80       -0.98   4726100
1830  2025-10-01  81.10  82.30  81.10  81.30    0.30        0.37   3192800
1831  2025-10-02  81.50  82.10  81.00  81.50    0.20        0.25   3777300
1832  2025-10-03  81.20  81.20  79.40  80.00   -1.50       -1.84   6475000
1833  2025-10-06  81.40  83.30  81.00  83.00    3.00        3.75   8979600
1834  2025-10-07  83.30  83.40  82.50  82.50   -0.50       -0.60   5203300
1835  2025-10-08  83.70  84.40  82.60  82.60    0.10        0.12  11323000
1836  2025-10-09  82.90  84.20  82.70  83.10    0.50        0.61   7329600
1837  2025-10-10  83.50  84.20  83.00  84.10    1.00        1.20  13452100
1838  2025-10-13  83.60  85.80  83.60  85.00    0.90        1.07  12632300
1839  2025-10-14  85.60  85.60  82.50  82.50   -2.50       -2.94  12780300
1840  2025-10-15  83.00  83.70  82.50  82.50    0.00        0.00   6589100
1841  2025-10-16  85.00  88.20  84.80  88.20    5.70        6.91  17212400
1842  2025-10-17  91.40  94.00  88.00  88.00   -0.20       -0.23  32812700
1843  2025-10-20  87.00  88.80  81.90  81.90   -6.10       -6.93  31684600
1844  2025-10-21  79.90  80.00  76.20  78.00   -3.90       -4.76  28573200
1845  2025-10-22  79.90  80.60  77.40  79.00    1.00        1.28  13805300
1846  2025-10-23  79.60  80.00  77.60  78.20   -0.80       -1.01   9732300
1847  2025-10-24  77.90  79.50  75.70  79.30    1.10        1.41  13522400
1848  2025-10-27  79.60  79.80  77.40  78.50   -0.80       -1.01   7509000
1849  2025-10-28  78.60  79.00  76.20  79.00    0.50        0.64   7889400
1850  2025-10-29  79.10  80.60  78.50  79.20    0.20        0.25   8381100
1851  2025-10-30  79.70  80.60  79.30  79.30    0.10        0.13   6826300
1852  2025-10-31  79.40  80.80  79.00  79.60    0.30        0.38   6477800
1853  2025-11-03  79.60  79.80  77.00  77.00   -2.60       -3.27   7670000
1854  2025-11-04  76.80  80.50  74.40  80.00    3.00        3.90  12598000
1855  2025-11-05  79.90  81.50  79.10  80.20    0.20        0.25   8834200
1856  2025-11-06  80.10  80.10  78.80  78.80   -1.40       -1.75   4652600
1857  2025-11-07  78.20  79.70  76.80  76.80   -2.00       -2.54   7306800
1858  2025-11-10  77.10  78.30  76.00  76.00   -0.80       -1.04   5025900
1859  2025-11-11  76.50  78.90  76.40  78.20    2.20        2.89   7667500
1860  2025-11-12  78.50  79.50  78.30  79.20    1.00        1.28   5010800
1861  2025-11-13  79.30  79.70  78.90  79.00   -0.20       -0.25   4590600
1862  2025-11-14  78.60  79.30  77.60  78.00   -1.00       -1.27   5137900
1863  2025-11-17  78.80  80.00  78.30  79.70    1.70        2.18   5528700
1864  2025-11-18  79.80  80.30  78.50  79.00   -0.70       -0.88   4594500
1865  2025-11-19  79.00  79.60  78.50  78.80   -0.20       -0.25   3470500
1866  2025-11-20  78.90  79.10  78.50  78.50   -0.30       -0.38   3398600
1867  2025-11-21  78.40  78.40  77.20  77.50   -1.00       -1.27   4020000
1868  2025-11-24  77.70  79.00  77.70  77.80    0.30        0.39   3380300
1869  2025-11-25  78.00  78.70  77.00  77.00   -0.80       -1.03   3736600
1870  2025-11-26  77.50  78.60  77.30  78.60    1.60        2.08   3197800
1871  2025-11-27  78.90  79.80  78.40  78.50   -0.10       -0.13   4485400
1872  2025-11-28  78.80  79.00  77.40  77.40   -1.10       -1.40   4238900
1873  2025-12-01  77.80  79.20  77.70  78.80    1.40        1.81   5362600
1874  2025-12-02  78.90  79.50  78.00  78.60   -0.20       -0.25   4648900
1875  2025-12-03  79.20  81.20  78.90  80.60    2.00        2.54  12175800
1876  2025-12-04  81.30  81.30  79.90  79.90   -0.70       -0.87   5309300
1877  2025-12-05  80.20  80.60  78.20  78.20   -1.70       -2.13   6658500
1878  2025-12-08  78.00  78.80  77.90  77.90   -0.30       -0.38   4073000
1879  2025-12-09  77.90  78.00  76.60  77.00   -0.90       -1.16   6841600
1880  2025-12-10  77.10  77.40  76.60  77.00    0.00        0.00   3186100
1881  2025-12-11  77.40  77.60  76.00  76.10   -0.90       -1.17   3520000
1882  2025-12-12  76.50  76.60  73.10  73.50   -2.60       -3.42   8979200
1883  2025-12-15  73.20  74.30  73.00  73.50    0.00        0.00   4188700
1884  2025-12-16  73.90  75.20  73.00  74.50    1.00        1.36   4400000
1885  2025-12-17  74.60  75.00  74.00  74.00   -0.50       -0.67   3573600
1886  2025-12-18  74.40  74.40  73.50  74.00    0.00        0.00   3135400
1887  2025-12-19  74.30  75.80  74.00  75.80    1.80        2.43   4350100
1888  2025-12-22  76.00  76.20  75.50  76.00    0.20        0.26   3463700
1889  2025-12-23  76.30  77.30  75.60  76.10    0.10        0.13   5203600
1890  2025-12-24  75.60  76.20  75.10  76.20    0.10        0.13   3229900
1891  2025-12-25  76.50  77.00  76.00  76.30    0.10        0.13   3230800
1892  2025-12-26  76.00  76.00  73.10  75.30   -1.00       -1.31   6065600
1893  2025-12-29  75.30  75.50  74.60  75.50    0.20        0.27   2513400
1894  2025-12-30  75.70  76.90  75.50  76.90    1.40        1.85   4153700
1895  2025-12-31  76.70  77.20  76.10  77.00    0.10        0.13   4728800
1896  2026-01-05  76.90  77.00  75.00  76.80   -0.20       -0.26   4140400
1897  2026-01-06  76.70  77.20  75.90  77.00    0.20        0.26   3765300
1898  2026-01-07  77.10  78.40  76.70  78.40    1.40        1.82   8379800
1899  2026-01-08  79.00  79.00  77.70  78.30   -0.10       -0.13   4525700
1900  2026-01-09  78.50  78.60  76.50  76.50   -1.80       -2.30   5786600
1901  2026-01-12  76.60  78.80  75.90  78.60    2.10        2.75   8295600
1902  2026-01-13  79.50  82.20  79.30  79.30    0.70        0.89  10133600
1903  2026-01-14  79.10  82.00  78.60  80.60    1.30        1.64  13858700
1904  2026-01-15  80.50  82.50  79.80  81.00    0.40        0.50   9103300
1905  2026-01-16  81.30  85.50  79.90  81.40    0.40        0.49  15818700
1906  2026-01-19  82.10  82.30  80.20  80.20   -1.20       -1.47   6226700
1907  2026-01-20  80.20  81.40  79.10  80.00   -0.20       -0.25  11205300
1908  2026-01-21  79.00  79.90  78.50  79.90   -0.10       -0.12   6385500
1909  2026-01-22  79.60  80.60  79.10  79.90    0.00        0.00   5049500
1910  2026-01-23  80.00  80.20  79.00  79.00   -0.90       -1.13   4123600
1911  2026-01-26  79.10  79.50  76.00  77.30   -1.70       -2.15   5784500
1912  2026-01-27  77.40  77.50  76.70  76.70   -0.60       -0.78   3805800
1913  2026-01-28  77.20  79.50  77.10  79.50    2.80        3.65   8819900
1914  2026-01-29  80.30  85.00  80.20  84.10    4.60        5.79  24722400
1915  2026-01-30  84.60  85.00  83.30  84.00   -0.10       -0.12  10777800
1916  2026-02-02  83.90  85.50  82.20  83.80   -0.20       -0.24  11833900
1917  2026-02-03  84.50  84.80  83.30  83.80    0.00        0.00   8426800
1918  2026-02-04  84.10  84.90  82.50  82.70   -1.10       -1.31   8323300
1919  2026-02-05  82.80  82.90  79.40  79.40   -3.30       -3.99  10434400
1920  2026-02-06  78.40  79.50  77.70  78.20   -1.20       -1.51   9419400
1921  2026-02-09  79.00  79.20  78.00  78.20    0.00        0.00   3681100
1922  2026-02-10  78.20  78.40  75.60  76.80   -1.40       -1.79   6018600
1923  2026-02-11  77.30  78.60  76.90  78.00    1.20        1.56   5600000
1924  2026-02-12  78.40  78.40  78.00  78.00    0.00        0.00   2759900
1925  2026-02-13  78.00  78.30  77.70  78.00    0.00        0.00   3963900
1926  2026-02-23  78.80  79.20  78.30  79.20    1.20        1.54   3791500
1927  2026-02-24  79.30  80.90  78.60  80.90    1.70        2.15   8479700
1928  2026-02-25  81.30  81.60  80.30  80.30   -0.60       -0.74   5852200
1929  2026-02-26  80.70  81.20  79.90  80.40    0.10        0.12   4991400
1930  2026-02-27  80.50  80.60  79.00  79.00   -1.40       -1.74   5053900
1931  2026-03-02  77.80  80.70  77.30  78.40   -0.60       -0.76  10248500
1932  2026-03-03  79.20  79.70  77.00  77.00   -1.40       -1.79   7767900
1933  2026-03-04  77.10  77.60  74.00  76.00   -1.00       -1.30  11189700
1934  2026-03-05  76.80  77.50  75.30  75.30   -0.70       -0.92   6074200
1935  2026-03-06  74.90  75.00  73.20  73.30   -2.00       -2.66   7955900
1936  2026-03-09  68.20  70.00  68.20  68.20   -5.10       -6.96   4325700
1937  2026-03-10  69.00  69.80  66.10  68.30    0.10        0.15  13574400
1938  2026-03-11  69.30  73.00  69.10  73.00    4.70        6.88  10575800
1939  2026-03-12  73.20  74.50  71.80  73.10    0.10        0.14   8489100
1940  2026-03-13  73.40  74.70  72.70  73.90    0.80        1.09   8344100
1941  2026-03-16  74.70  75.20  73.40  73.50   -0.40       -0.54   4578400
1942  2026-03-17  74.00  75.70  73.80  75.40    1.90        2.59   8479300
1943  2026-03-18  75.80  75.80  74.00  75.30   -0.10       -0.13   5029900
1944  2026-03-19  73.60  75.70  73.50  75.40    0.10        0.13   8216000
1945  2026-03-20  75.10  75.50  71.30  71.30   -4.10       -5.44   8880900
1946  2026-03-23  70.60  72.80  70.60  70.80   -0.50       -0.70   8307600
1947  2026-03-24  72.50  72.80  71.70  72.10    1.30        1.84   3692600
1948  2026-03-25  73.50  73.50  72.20  73.20    1.10        1.53   4078200
1949  2026-03-26  73.00  73.20  71.80  72.10   -1.10       -1.50   4014500
1950  2026-03-27  72.20  73.40  72.20  73.30    1.20        1.66   4263900
1951  2026-03-30  72.00  75.30  71.80  74.80    1.50        2.05   6573900
1952  2026-03-31  75.50  76.40  75.00  75.50    0.70        0.94   5911100
1953  2026-04-01  76.80  77.40  75.90  76.90    1.40        1.85   8282500
1954  2026-04-02  76.60  76.70  75.30  76.10   -0.80       -1.04   5420300
1955  2026-04-03  76.20  77.10  74.80  75.30   -0.80       -1.05   5241600
1956  2026-04-06  75.10  76.20  74.50  75.30    0.00        0.00   4242400
1957  2026-04-07  75.40  75.70  74.30  75.10   -0.20       -0.27   3191700
1958  2026-04-08  77.20  77.80  76.30  77.70    2.60        3.46  10008300
1959  2026-04-09  77.60  79.50  76.80  78.00    0.30        0.39   6333100
1960  2026-04-10  78.50  78.70  77.50  78.00    0.00        0.00   3896000
1961  2026-04-13  77.20  77.60  76.40  77.00   -1.00       -1.28   5031600
1962  2026-04-14  77.70  78.00  77.00  77.60    0.60        0.78   4522400
1963  2026-04-15  78.40  78.40  77.00  77.20   -0.40       -0.52   4323100
1964  2026-04-16  77.20  78.80  76.70  78.00    0.80        1.04   7346700
1965  2026-04-17  78.30  82.50  78.30  79.50    1.50        1.92  13601600
1966  2026-04-20  80.00  80.40  79.30  79.80    0.30        0.38   5211800
1967  2026-04-21  80.00  80.90  78.80  79.00   -0.80       -1.00   7452100
1968  2026-04-22  78.90  79.20  78.10  79.00    0.00        0.00   4824100
1969  2026-04-23  79.20  79.30  77.10  78.20   -0.80       -1.01   6071800
1970  2026-04-24  79.00  79.60  77.20  77.20   -1.00       -1.28   7800700
1971  2026-04-28  77.20  77.90  76.70  77.40    0.20        0.26   3730200
1972  2026-04-29  77.00  77.40  76.10  76.80   -0.60       -0.78   4028900
1973  2026-05-04  77.20  77.50  76.20  76.80    0.00        0.00   3381400
1974  2026-05-05  76.90  78.40  76.60  76.60   -0.20       -0.26   4691700
1975  2026-05-06  77.30  78.50  76.90  78.40    1.80        2.35   5808400
1976  2026-05-07  79.70  82.30  79.20  81.00    2.60        3.32  15769900
1977  2026-05-08  81.00  82.40  80.00  80.20   -0.80       -0.99   8819100
1978  2026-05-11  80.80  80.80  77.50  77.50   -2.70       -3.37   8192600
1979  2026-05-12  77.70  78.00  76.60  77.70    0.20        0.26   6062900
1980  2026-05-13  77.70  79.30  77.50  78.90    1.20        1.54   6479900
1981  2026-05-14  79.30  79.50  78.60  79.10    0.20        0.25   4324500
1982  2026-05-15  79.10  79.10  77.10  77.50   -1.60       -2.02   4808600
1983  2026-05-18  77.10  77.30  76.40  76.50   -1.00       -1.29   5621700
1984  2026-05-19  76.80  77.40  76.30  76.50    0.00        0.00   5113200
1985  2026-05-20  76.40  76.80  74.40  75.60   -0.90       -1.18   7861100
1986  2026-05-21  76.00  76.90  75.80  76.20    0.60        0.79   3550000
1987  2026-05-22  76.10  76.70  75.60  76.00   -0.20       -0.26   2603200
1988  2026-05-25  76.00  77.30  75.70  77.20    1.20        1.58   4612600
1989  2026-05-26  77.30  77.30  76.70  77.00   -0.20       -0.26   2637100
1990  2026-05-27  77.30  77.50  76.50  76.50   -0.50       -0.65   3270300
1991  2026-05-28  76.60  76.90  75.50  75.50   -1.00       -1.31   3042800
1992  2026-05-29  75.80  75.80  74.70  74.70   -0.80       -1.06   3638900
1993  2026-06-01  74.80  75.20  74.20  74.70    0.00        0.00   2089100
1994  2026-06-02  74.70  74.80  73.20  73.20   -1.50       -2.01   3422300
1995  2026-06-03  73.10  75.10  72.60  75.10    1.90        2.60   3872000
1996  2026-06-04  74.90  74.90  73.90  74.00   -1.10       -1.46   1879100
1997  2026-06-05  74.30  74.30  73.00  73.10   -0.90       -1.22   2864100
1998  2026-06-08  72.40  72.70  70.80  70.80   -2.30       -3.15   5812600
1999  2026-06-09  71.30  72.50  70.90  72.20    1.40        1.98   2661200

==================================================
      HOÀN THÀNH PHÂN TÍCH          
==================================================
