==================================================
      VNSTOCK 4.x OPTIMIZED ANALYZER
      Danh sách: GOLDm
      Khung: 1H, Số lượng: 1000
==================================================

==================================================
      PHÂN TÍCH MÃ: GOLD (Gold / USD (TradingView)) 
      Khung thời gian: 1H
==================================================

--- [ LỊCH SỬ GIÁ GOLD (Phiên Mỹ) ] ---
                    time symbol     open     high      low    close  change  wick_up    body  wick_dn     volume
0    2026-01-24 01:00:00   GOLD 4,965.99 4,984.20 4,958.35 4,966.85    0.95    17.35    0.86     7.65  49,482.00
1    2026-01-24 02:00:00   GOLD 4,966.98 4,989.88 4,966.98 4,984.14   17.29     5.74   17.16     0.00  31,413.00
2    2026-01-24 03:00:00   GOLD 4,984.15 4,985.72 4,970.59 4,981.06   -3.09     1.57   -3.10    10.47  38,543.00
3    2026-01-26 20:00:00   GOLD 5,078.98 5,083.19 5,054.67 5,068.73   87.68     4.21  -10.25    14.06  69,656.00
4    2026-01-26 21:00:00   GOLD 5,068.80 5,097.02 5,058.45 5,096.18   27.45     0.84   27.38    10.35  78,669.00
5    2026-01-26 22:00:00   GOLD 5,096.24 5,097.46 5,074.26 5,090.85   -5.34     1.22   -5.40    16.59  81,012.00
6    2026-01-26 23:00:00   GOLD 5,090.86 5,105.34 5,065.39 5,089.55   -1.30    14.48   -1.32    24.16  84,253.00
7    2026-01-27 00:00:00   GOLD 5,089.55 5,105.15 5,080.28 5,101.23   11.69     3.91   11.68     9.27  58,470.00
8    2026-01-27 01:00:00   GOLD 5,101.20 5,103.22 5,057.94 5,069.04  -32.19     2.02  -32.16    11.10 108,573.00
9    2026-01-27 02:00:00   GOLD 5,069.09 5,069.85 5,008.27 5,028.72  -40.32     0.77  -40.37    20.44 137,507.00
10   2026-01-27 03:00:00   GOLD 5,028.73 5,062.32 5,026.26 5,055.11   26.39     7.21   26.38     2.47  93,830.00
11   2026-01-27 20:00:00   GOLD 5,085.19 5,093.15 5,069.47 5,077.56   22.45     7.96   -7.63     8.09  64,031.00
12   2026-01-27 21:00:00   GOLD 5,077.52 5,082.20 5,046.84 5,054.74  -22.82     4.68  -22.78     7.90 121,369.00
13   2026-01-27 22:00:00   GOLD 5,054.74 5,091.32 5,047.69 5,090.90   36.16     0.41   36.16     7.05 110,711.00
14   2026-01-27 23:00:00   GOLD 5,090.93 5,103.35 5,083.30 5,087.47   -3.43    12.43   -3.45     4.17  76,402.00
15   2026-01-28 00:00:00   GOLD 5,087.49 5,094.15 5,076.92 5,081.37   -6.10     6.66   -6.12     4.45  69,721.00
16   2026-01-28 01:00:00   GOLD 5,081.40 5,095.82 5,076.45 5,088.11    6.74     7.71    6.71     4.95  62,237.00
17   2026-01-28 02:00:00   GOLD 5,088.14 5,100.12 5,081.05 5,099.06   10.95     1.06   10.92     7.09  35,432.00
18   2026-01-28 03:00:00   GOLD 5,099.05 5,182.80 5,098.03 5,176.65   77.59     6.15   77.60     1.02 117,783.00
19   2026-01-28 20:00:00   GOLD 5,279.27 5,289.71 5,257.02 5,266.65   90.00    10.44  -12.63     9.63  76,872.00
20   2026-01-28 21:00:00   GOLD 5,266.61 5,288.48 5,248.77 5,286.19   19.54     2.30   19.57    17.84  99,099.00
21   2026-01-28 22:00:00   GOLD 5,285.93 5,298.35 5,235.75 5,278.28   -7.91    12.43   -7.65    42.53 145,446.00
22   2026-01-28 23:00:00   GOLD 5,278.30 5,300.33 5,274.51 5,299.88   21.60     0.45   21.58     3.79  91,705.00
23   2026-01-29 00:00:00   GOLD 5,299.91 5,307.28 5,283.26 5,298.11   -1.77     7.37   -1.81    14.85  73,917.00
24   2026-01-29 01:00:00   GOLD 5,298.15 5,325.97 5,268.45 5,282.60  -15.51    27.82  -15.55    14.15 108,238.00
25   2026-01-29 02:00:00   GOLD 5,282.85 5,332.08 5,269.30 5,325.41   42.81     6.67   42.56    13.56 134,556.00
26   2026-01-29 03:00:00   GOLD 5,325.39 5,391.62 5,320.90 5,376.89   51.48    14.73   51.49     4.49 128,721.00
27   2026-01-29 20:00:00   GOLD 5,534.23 5,541.22 5,499.93 5,510.78  133.90     6.99  -23.44    10.86  87,229.00
28   2026-01-29 21:00:00   GOLD 5,510.77 5,549.56 5,491.24 5,496.97  -13.82    38.79  -13.81     5.73 136,416.00
29   2026-01-29 22:00:00   GOLD 5,496.52 5,496.66 5,097.22 5,183.20 -313.77     0.14 -313.32    85.98 199,633.00
30   2026-01-29 23:00:00   GOLD 5,183.13 5,311.67 5,171.89 5,264.55   81.35    47.12   81.42    11.24 184,501.00
31   2026-01-30 00:00:00   GOLD 5,264.61 5,375.73 5,264.61 5,335.37   70.82    40.36   70.76     0.00 146,645.00
32   2026-01-30 01:00:00   GOLD 5,335.40 5,362.02 5,307.69 5,338.78    3.41    23.24    3.39    27.70 120,434.00
33   2026-01-30 02:00:00   GOLD 5,338.81 5,345.75 5,290.46 5,306.00  -32.78     6.94  -32.81    15.54 115,867.00
34   2026-01-30 03:00:00   GOLD 5,306.07 5,407.33 5,282.98 5,394.17   88.17    13.16   88.10    23.10 105,595.00
35   2026-01-30 20:00:00   GOLD 5,064.62 5,100.20 4,992.56 5,019.65 -374.52    35.58  -44.97    27.09 110,494.00
36   2026-01-30 21:00:00   GOLD 5,019.53 5,113.80 5,014.07 5,033.26   13.61    80.54   13.73     5.46 150,569.00
37   2026-01-30 22:00:00   GOLD 5,033.24 5,074.36 4,980.80 5,050.93   17.67    23.43   17.69    52.44 172,794.00
38   2026-01-30 23:00:00   GOLD 5,050.90 5,052.30 4,943.18 4,985.70  -65.23     1.40  -65.20    42.52 179,130.00
39   2026-01-31 00:00:00   GOLD 4,985.71 4,986.51 4,800.85 4,850.23 -135.47     0.80 -135.48    49.37 194,367.00
40   2026-01-31 01:00:00   GOLD 4,850.19 4,893.80 4,679.51 4,878.95   28.73    14.84   28.77   170.68 180,208.00
41   2026-01-31 02:00:00   GOLD 4,879.14 4,948.55 4,836.87 4,932.84   53.89    15.70   53.70    42.27 125,916.00
42   2026-01-31 03:00:00   GOLD 4,932.85 4,932.94 4,807.73 4,847.57  -85.27     0.10  -85.28    39.84 131,441.00
43   2026-02-02 20:00:00   GOLD 4,794.39 4,804.20 4,669.27 4,706.31 -141.26     9.81  -88.09    37.03 133,584.00
44   2026-02-02 21:00:00   GOLD 4,706.31 4,794.69 4,680.24 4,718.94   12.64    75.74   12.64    26.07 143,078.00
45   2026-02-02 22:00:00   GOLD 4,718.38 4,745.54 4,617.31 4,619.85  -99.09    27.16  -98.52     2.54 161,499.00
46   2026-02-02 23:00:00   GOLD 4,619.82 4,708.90 4,596.74 4,666.18   46.33    42.72   46.36    23.08 138,503.00
47   2026-02-03 00:00:00   GOLD 4,666.18 4,714.10 4,656.85 4,674.11    7.93    39.99    7.93     9.32  86,016.00
48   2026-02-03 01:00:00   GOLD 4,674.21 4,674.41 4,618.67 4,657.88  -16.23     0.20  -16.33    39.21  89,490.00
49   2026-02-03 02:00:00   GOLD 4,657.89 4,712.93 4,631.55 4,685.41   27.53    27.52   27.52    26.34  83,571.00
50   2026-02-03 03:00:00   GOLD 4,685.40 4,701.06 4,647.88 4,653.11  -32.30    15.66  -32.29     5.24  82,808.00
51   2026-02-03 20:00:00   GOLD 4,913.82 4,951.30 4,902.90 4,933.07  279.95    18.23   19.24    10.93  80,274.00
52   2026-02-03 21:00:00   GOLD 4,933.14 4,937.19 4,893.77 4,917.07  -16.00     4.05  -16.07    23.30 106,186.00
53   2026-02-03 22:00:00   GOLD 4,916.94 4,948.84 4,904.81 4,935.44   18.38    13.40   18.50    12.14 102,649.00
54   2026-02-03 23:00:00   GOLD 4,935.60 4,993.84 4,929.66 4,955.63   20.19    38.20   20.03     5.93  93,991.00
55   2026-02-04 00:00:00   GOLD 4,955.41 4,970.05 4,907.63 4,929.04  -26.59    14.64  -26.38    21.41 124,710.00
56   2026-02-04 01:00:00   GOLD 4,928.68 4,954.28 4,884.77 4,908.43  -20.61    25.61  -20.24    23.66 104,308.00
57   2026-02-04 02:00:00   GOLD 4,908.35 4,948.87 4,880.60 4,927.23   18.80    21.64   18.88    27.76  90,297.00
58   2026-02-04 03:00:00   GOLD 4,927.09 4,957.21 4,902.11 4,944.10   16.88    13.11   17.01    24.98  74,158.00
59   2026-02-04 20:00:00   GOLD 5,041.38 5,063.73 5,023.73 5,054.19  110.08     9.55   12.81    17.64  57,280.00
60   2026-02-04 21:00:00   GOLD 5,054.19 5,059.23 4,967.01 4,987.05  -67.14     5.03  -67.15    20.04 108,020.00
61   2026-02-04 22:00:00   GOLD 4,987.04 5,008.05 4,887.62 4,920.41  -66.64    21.01  -66.63    32.79 144,331.00
62   2026-02-04 23:00:00   GOLD 4,920.36 4,940.31 4,848.40 4,904.53  -15.88    19.95  -15.83    56.12 122,857.00
63   2026-02-05 00:00:00   GOLD 4,904.54 4,931.53 4,888.23 4,897.86   -6.67    26.99   -6.68     9.63 101,378.00
64   2026-02-05 01:00:00   GOLD 4,897.92 4,935.09 4,872.86 4,927.68   29.82     7.41   29.76    25.06  73,956.00
65   2026-02-05 02:00:00   GOLD 4,927.80 4,957.72 4,914.57 4,941.72   14.04    16.00   13.93    13.22  65,744.00
66   2026-02-05 03:00:00   GOLD 4,941.77 4,951.85 4,914.24 4,938.33   -3.39    10.08   -3.44    24.09  57,351.00
67   2026-02-05 20:00:00   GOLD 4,854.22 4,868.82 4,802.06 4,835.64 -102.69    14.60  -18.59    33.57 107,372.00
68   2026-02-05 21:00:00   GOLD 4,835.65 4,869.81 4,806.26 4,846.34   10.70    23.47   10.69    29.39 120,604.00
69   2026-02-05 22:00:00   GOLD 4,846.01 4,866.82 4,800.53 4,817.91  -28.43    20.81  -28.10    17.38 132,454.00
70   2026-02-05 23:00:00   GOLD 4,817.89 4,906.73 4,812.68 4,888.85   70.94    17.88   70.96     5.22 124,479.00
71   2026-02-06 00:00:00   GOLD 4,888.89 4,890.59 4,859.23 4,869.02  -19.83     1.70  -19.86     9.80  89,482.00
72   2026-02-06 01:00:00   GOLD 4,868.98 4,875.25 4,851.31 4,858.13  -10.89     6.27  -10.85     6.82  74,936.00
73   2026-02-06 02:00:00   GOLD 4,858.06 4,865.35 4,823.85 4,829.48  -28.65     7.30  -28.57     5.63  61,884.00
74   2026-02-06 03:00:00   GOLD 4,829.66 4,843.56 4,793.20 4,811.57  -17.91    13.90  -18.09    18.37  66,966.00
75   2026-02-06 20:00:00   GOLD 4,900.47 4,938.51 4,897.35 4,929.11  117.54     9.39   28.64     3.12  64,970.00
76   2026-02-06 21:00:00   GOLD 4,929.13 4,949.98 4,894.45 4,948.29   19.18     1.69   19.16    34.68  77,271.00
77   2026-02-06 22:00:00   GOLD 4,948.16 4,964.81 4,928.50 4,943.77   -4.52    16.65   -4.39    15.27 100,312.00
78   2026-02-06 23:00:00   GOLD 4,943.73 4,953.62 4,921.85 4,951.88    8.10     1.74    8.15    21.88  78,383.00
79   2026-02-07 00:00:00   GOLD 4,951.83 4,968.72 4,948.24 4,960.60    8.73     8.12    8.77     3.59  48,902.00
80   2026-02-07 01:00:00   GOLD 4,960.58 4,971.34 4,943.84 4,962.47    1.87     8.87    1.89    16.74  47,066.00
81   2026-02-07 02:00:00   GOLD 4,962.48 4,963.28 4,948.59 4,957.14   -5.34     0.81   -5.34     8.55  21,858.00
82   2026-02-07 03:00:00   GOLD 4,957.14 4,959.34 4,936.69 4,953.33   -3.81     2.20   -3.81    16.64  41,166.00
83   2026-02-09 20:00:00   GOLD 5,013.40 5,025.00 4,995.12 5,007.34   54.01    11.60   -6.06    12.22  52,434.00
84   2026-02-09 21:00:00   GOLD 5,007.38 5,040.85 5,002.40 5,038.01   30.67     2.84   30.63     4.98  74,632.00
85   2026-02-09 22:00:00   GOLD 5,037.81 5,060.56 5,023.76 5,059.06   21.05     1.50   21.26    14.05  51,528.00
86   2026-02-09 23:00:00   GOLD 5,059.05 5,080.90 5,056.65 5,073.57   14.51     7.33   14.52     2.40  38,621.00
87   2026-02-10 00:00:00   GOLD 5,073.59 5,075.62 5,040.97 5,046.30  -27.27     2.03  -27.28     5.34  55,421.00
88   2026-02-10 01:00:00   GOLD 5,046.29 5,064.12 5,044.44 5,062.85   16.55     1.27   16.56     1.85  60,456.00
89   2026-02-10 02:00:00   GOLD 5,062.84 5,080.15 5,062.49 5,074.62   11.77     5.53   11.78     0.35  32,694.00
90   2026-02-10 03:00:00   GOLD 5,074.69 5,086.68 5,072.22 5,079.70    5.09     6.98    5.02     2.47  47,274.00
91   2026-02-10 20:00:00   GOLD 5,032.28 5,059.06 5,026.60 5,051.18  -28.53     7.89   18.89     5.68  46,503.00
92   2026-02-10 21:00:00   GOLD 5,051.19 5,078.74 5,020.80 5,039.53  -11.65    27.55  -11.66    18.73  67,815.00
93   2026-02-10 22:00:00   GOLD 5,039.09 5,048.04 4,998.95 5,019.60  -19.93     8.95  -19.48    20.65  82,616.00
94   2026-02-10 23:00:00   GOLD 5,019.61 5,026.57 5,005.78 5,023.94    4.34     2.64    4.33    13.82  76,060.00
95   2026-02-11 00:00:00   GOLD 5,023.92 5,040.22 5,020.78 5,026.60    2.66    13.62    2.68     3.14  39,123.00
96   2026-02-11 01:00:00   GOLD 5,026.59 5,027.98 5,004.73 5,013.17  -13.43     1.40  -13.41     8.44  46,468.00
97   2026-02-11 02:00:00   GOLD 5,013.16 5,030.38 5,009.02 5,028.15   14.98     2.22   14.99     4.14  28,609.00
98   2026-02-11 03:00:00   GOLD 5,028.16 5,045.60 5,020.50 5,030.31    2.16    15.29    2.15     7.66  33,734.00
99   2026-02-11 20:00:00   GOLD 5,083.40 5,090.24 5,019.72 5,065.77   35.46     6.84  -17.62    46.06  80,783.00
100  2026-02-11 21:00:00   GOLD 5,065.79 5,083.35 5,035.78 5,059.44   -6.33    17.56   -6.35    23.66  91,123.00
101  2026-02-11 22:00:00   GOLD 5,059.40 5,081.90 5,039.31 5,060.07    0.62    21.83    0.67    20.09 111,518.00
102  2026-02-11 23:00:00   GOLD 5,060.03 5,078.31 5,043.11 5,075.22   15.15     3.09   15.19    16.92  78,052.00
103  2026-02-12 00:00:00   GOLD 5,075.27 5,099.31 5,068.55 5,091.53   16.31     7.78   16.26     6.72  46,225.00
104  2026-02-12 01:00:00   GOLD 5,091.45 5,092.99 5,066.96 5,082.64   -8.89     1.55   -8.81    15.68  43,589.00
105  2026-02-12 02:00:00   GOLD 5,082.59 5,094.29 5,076.92 5,081.99   -0.65    11.70   -0.60     5.07  41,875.00
106  2026-02-12 03:00:00   GOLD 5,081.97 5,090.19 5,078.22 5,086.98    4.99     3.21    5.01     3.75  42,777.00
107  2026-02-12 20:00:00   GOLD 5,052.84 5,083.85 5,051.48 5,075.45  -11.53     8.40   22.62     1.35  32,010.00
108  2026-02-12 21:00:00   GOLD 5,075.48 5,077.90 5,039.70 5,044.62  -30.83     2.43  -30.85     4.93  57,744.00
109  2026-02-12 22:00:00   GOLD 5,044.63 5,074.87 5,039.81 5,060.57   15.94    14.30   15.94     4.82  46,487.00
110  2026-02-12 23:00:00   GOLD 5,060.59 5,068.36 4,878.50 4,954.74 -105.83     7.77 -105.85    76.24 158,751.00
111  2026-02-13 00:00:00   GOLD 4,955.03 4,983.24 4,939.89 4,941.15  -13.59    28.22  -13.88     1.26 112,151.00
112  2026-02-13 01:00:00   GOLD 4,941.14 4,952.28 4,906.77 4,935.62   -5.52    11.14   -5.52    28.86  90,556.00
113  2026-02-13 02:00:00   GOLD 4,935.64 4,958.15 4,927.77 4,945.66   10.04    12.49   10.02     7.87  82,517.00
114  2026-02-13 03:00:00   GOLD 4,945.72 4,948.68 4,911.22 4,915.12  -30.55     2.97  -30.60     3.90  88,700.00
115  2026-02-13 20:00:00   GOLD 4,969.66 4,999.69 4,957.71 4,987.26   72.14    12.43   17.60    11.95  50,485.00
116  2026-02-13 21:00:00   GOLD 4,987.27 5,011.07 4,964.22 4,996.12    8.86    14.95    8.85    23.05  84,712.00
117  2026-02-13 22:00:00   GOLD 4,996.24 5,020.68 4,974.03 4,976.89  -19.23    24.44  -19.36     2.85 107,653.00
118  2026-02-13 23:00:00   GOLD 4,976.87 5,033.73 4,975.52 5,007.99   31.11    25.74   31.12     1.35  69,544.00
119  2026-02-14 00:00:00   GOLD 5,008.03 5,029.23 5,006.10 5,021.05   13.05     8.19   13.02     1.93  36,069.00
120  2026-02-14 01:00:00   GOLD 5,021.09 5,035.55 5,015.48 5,031.19   10.14     4.36   10.10     5.60  33,760.00
121  2026-02-14 02:00:00   GOLD 5,031.24 5,046.19 5,023.55 5,023.94   -7.25    14.95   -7.30     0.39  38,969.00
122  2026-02-14 03:00:00   GOLD 5,023.86 5,034.85 5,021.70 5,032.59    8.65     2.26    8.73     2.16  45,548.00
123  2026-02-16 20:00:00   GOLD 5,002.06 5,003.90 4,989.64 4,997.36  -35.23     1.84   -4.70     7.72  17,440.00
124  2026-02-16 21:00:00   GOLD 4,997.37 4,999.66 4,981.77 4,988.41   -8.95     2.29   -8.96     6.64  23,574.00
125  2026-02-16 22:00:00   GOLD 4,988.40 4,988.51 4,969.11 4,979.70   -8.71     0.11   -8.70    10.59  28,305.00
126  2026-02-16 23:00:00   GOLD 4,979.71 4,990.45 4,973.23 4,988.37    8.67     2.08    8.66     6.48  18,596.00
127  2026-02-17 00:00:00   GOLD 4,988.38 4,996.19 4,988.22 4,991.77    3.40     4.43    3.39     0.15   9,099.00
128  2026-02-17 01:00:00   GOLD 4,991.86 4,997.98 4,988.65 4,994.59    2.82     3.39    2.73     3.22   8,854.00
129  2026-02-17 02:00:00   GOLD 4,994.61 4,996.52 4,990.43 4,992.01   -2.59     1.91   -2.60     1.58   5,817.00
130  2026-02-17 20:00:00   GOLD 4,932.28 4,933.55 4,869.97 4,870.96 -121.05     1.27  -61.32     0.99  51,950.00
131  2026-02-17 21:00:00   GOLD 4,870.92 4,907.23 4,842.60 4,863.32   -7.64    36.31   -7.60    20.72 102,688.00
132  2026-02-17 22:00:00   GOLD 4,863.20 4,882.64 4,849.17 4,878.60   15.28     4.04   15.40    14.03 109,771.00
133  2026-02-17 23:00:00   GOLD 4,878.60 4,894.01 4,868.65 4,869.33   -9.27    15.40   -9.27     0.68  78,403.00
134  2026-02-18 00:00:00   GOLD 4,869.38 4,871.49 4,850.09 4,865.10   -4.23     2.11   -4.28    15.01  88,804.00
135  2026-02-18 01:00:00   GOLD 4,865.10 4,910.90 4,862.40 4,899.16   34.07    11.73   34.06     2.70  61,700.00
136  2026-02-18 02:00:00   GOLD 4,899.19 4,901.30 4,876.45 4,880.52  -18.65     2.11  -18.67     4.07  55,408.00
137  2026-02-18 03:00:00   GOLD 4,880.52 4,884.35 4,873.59 4,877.79   -2.73     3.83   -2.73     4.20  58,134.00
138  2026-02-18 20:00:00   GOLD 4,943.35 4,969.10 4,943.20 4,954.78   76.99    14.32   11.43     0.15  37,116.00
139  2026-02-18 21:00:00   GOLD 4,954.79 4,994.51 4,952.34 4,991.80   37.02     2.72   37.01     2.45  61,390.00
140  2026-02-18 22:00:00   GOLD 4,991.71 5,009.03 4,991.49 4,997.95    6.15    11.09    6.24     0.22  58,922.00
141  2026-02-18 23:00:00   GOLD 4,997.99 5,010.91 4,991.44 5,000.56    2.61    10.36    2.57     6.55  48,229.00
142  2026-02-19 00:00:00   GOLD 5,000.62 5,001.97 4,993.50 4,999.19   -1.36     1.35   -1.43     5.69  28,204.00
143  2026-02-19 01:00:00   GOLD 4,999.19 5,003.27 4,980.55 4,987.44  -11.75     4.09  -11.74     6.89  50,531.00
144  2026-02-19 02:00:00   GOLD 4,987.45 4,995.56 4,972.87 4,980.72   -6.73     8.11   -6.73     7.85  56,565.00
145  2026-02-19 03:00:00   GOLD 4,980.59 4,987.56 4,975.61 4,984.96    4.24     2.60    4.38     4.97  52,377.00
146  2026-02-19 20:00:00   GOLD 4,985.02 4,998.81 4,971.12 4,997.17   12.21     1.64   12.15    13.90  31,715.00
147  2026-02-19 21:00:00   GOLD 4,997.12 5,010.44 4,963.44 5,005.80    8.62     4.64    8.68    33.68  65,666.00
148  2026-02-19 22:00:00   GOLD 5,005.89 5,022.39 4,996.10 5,013.83    8.03     8.56    7.94     9.80  77,671.00
149  2026-02-19 23:00:00   GOLD 5,013.86 5,014.44 4,990.22 4,995.15  -18.68     0.58  -18.72     4.93  36,757.00
150  2026-02-20 00:00:00   GOLD 4,995.23 5,001.90 4,982.84 4,985.16   -9.98     6.68  -10.06     2.32  34,350.00
151  2026-02-20 01:00:00   GOLD 4,985.20 4,989.70 4,975.41 4,981.87   -3.30     4.50   -3.33     6.46  40,238.00
152  2026-02-20 02:00:00   GOLD 4,981.88 4,990.49 4,978.32 4,987.88    6.01     2.61    6.01     3.55  33,230.00
153  2026-02-20 03:00:00   GOLD 4,987.94 5,003.55 4,987.91 5,001.84   13.96     1.70   13.90     0.02  43,358.00
154  2026-02-20 20:00:00   GOLD 5,025.19 5,048.89 5,018.15 5,043.48   41.64     5.41   18.29     7.04  41,572.00
155  2026-02-20 21:00:00   GOLD 5,043.50 5,060.65 5,037.31 5,054.49   11.02     6.16   10.99     6.19  62,250.00
156  2026-02-20 22:00:00   GOLD 5,054.65 5,064.33 4,990.59 5,042.81  -11.69     9.68  -11.84    52.22 145,769.00
157  2026-02-20 23:00:00   GOLD 5,042.52 5,069.48 5,038.84 5,066.77   23.96     2.71   24.25     3.68  77,125.00
158  2026-02-21 00:00:00   GOLD 5,066.74 5,076.47 5,054.56 5,073.12    6.35     3.35    6.38    12.19  70,543.00
159  2026-02-21 01:00:00   GOLD 5,073.06 5,075.16 5,053.79 5,071.52   -1.60     2.10   -1.54    17.73  70,369.00
160  2026-02-21 02:00:00   GOLD 5,071.52 5,079.81 5,068.78 5,079.27    7.74     0.55    7.74     2.74  31,777.00
161  2026-02-21 03:00:00   GOLD 5,079.26 5,098.22 5,077.01 5,097.02   17.76     1.19   17.76     2.25  50,082.00
162  2026-02-23 20:00:00   GOLD 5,164.20 5,165.56 5,143.85 5,146.38   49.35     1.36  -17.82     2.52  27,612.00
163  2026-02-23 21:00:00   GOLD 5,146.32 5,200.66 5,141.61 5,192.82   46.45     7.84   46.50     4.71  55,471.00
164  2026-02-23 22:00:00   GOLD 5,192.69 5,205.17 5,180.72 5,195.97    3.15     9.20    3.28    11.97  62,781.00
165  2026-02-23 23:00:00   GOLD 5,195.90 5,219.22 5,175.81 5,210.16   14.19     9.06   14.26    20.10  60,844.00
166  2026-02-24 00:00:00   GOLD 5,210.55 5,213.57 5,191.27 5,208.06   -2.10     3.03   -2.48    16.79  59,375.00
167  2026-02-24 01:00:00   GOLD 5,208.09 5,215.93 5,201.02 5,209.48    1.42     6.45    1.39     7.07  43,433.00
168  2026-02-24 02:00:00   GOLD 5,209.52 5,218.44 5,206.65 5,215.64    6.16     2.80    6.11     2.88  35,138.00
169  2026-02-24 03:00:00   GOLD 5,215.69 5,237.95 5,214.88 5,236.50   20.86     1.45   20.81     0.81  46,691.00
170  2026-02-24 20:00:00   GOLD 5,151.10 5,161.48 5,111.00 5,115.15 -121.35    10.38  -35.96     4.15  58,424.00
171  2026-02-24 21:00:00   GOLD 5,115.14 5,139.38 5,093.23 5,127.89   12.74    11.49   12.74    21.91  97,691.00
172  2026-02-24 22:00:00   GOLD 5,127.90 5,155.38 5,117.88 5,150.39   22.50     4.99   22.49    10.02  69,737.00
173  2026-02-24 23:00:00   GOLD 5,150.39 5,152.33 5,130.68 5,141.98   -8.41     1.94   -8.41    11.30  44,870.00
174  2026-02-25 00:00:00   GOLD 5,141.95 5,163.86 5,141.69 5,163.78   21.80     0.08   21.83     0.26  34,112.00
175  2026-02-25 01:00:00   GOLD 5,163.72 5,170.37 5,153.57 5,160.12   -3.65     6.65   -3.59     6.55  34,437.00
176  2026-02-25 02:00:00   GOLD 5,160.12 5,160.55 5,146.39 5,153.99   -6.13     0.43   -6.12     7.60  32,662.00
177  2026-02-25 03:00:00   GOLD 5,154.00 5,173.31 5,146.65 5,164.10   10.10     9.22   10.10     7.35  41,012.00
178  2026-02-25 20:00:00   GOLD 5,182.81 5,191.41 5,181.10 5,185.20   21.11     6.21    2.40     1.70  31,498.00
179  2026-02-25 21:00:00   GOLD 5,185.18 5,193.31 5,158.65 5,191.18    5.97     2.14    6.00    26.53  54,356.00
180  2026-02-25 22:00:00   GOLD 5,191.10 5,202.80 5,172.20 5,194.88    3.70     7.92    3.78    18.90  59,357.00
181  2026-02-25 23:00:00   GOLD 5,194.81 5,214.02 5,189.87 5,212.24   17.37     1.78   17.44     4.94  36,518.00
182  2026-02-26 00:00:00   GOLD 5,212.32 5,217.78 5,203.70 5,206.94   -5.30     5.45   -5.38     3.24  37,632.00
183  2026-02-26 01:00:00   GOLD 5,206.96 5,207.65 5,200.55 5,202.31   -4.63     0.69   -4.65     1.76  12,388.00
184  2026-02-26 02:00:00   GOLD 5,202.40 5,208.44 5,191.69 5,205.07    2.76     3.38    2.67    10.70  35,579.00
185  2026-02-26 03:00:00   GOLD 5,205.09 5,206.31 5,144.90 5,152.55  -52.52     1.22  -52.53     7.65  57,007.00
186  2026-02-26 20:00:00   GOLD 5,183.85 5,185.73 5,164.38 5,165.99   13.44     1.88  -17.86     1.62  42,110.00
187  2026-02-26 21:00:00   GOLD 5,165.98 5,176.33 5,140.14 5,164.98   -1.02    10.35   -1.01    24.84  83,741.00
188  2026-02-26 22:00:00   GOLD 5,164.53 5,192.95 5,130.23 5,185.77   20.80     7.18   21.24    34.30 101,609.00
189  2026-02-26 23:00:00   GOLD 5,185.82 5,187.34 5,172.96 5,179.56   -6.21     1.52   -6.26     6.60  57,346.00
190  2026-02-27 00:00:00   GOLD 5,179.61 5,190.46 5,162.02 5,167.35  -12.22    10.85  -12.26     5.32  52,142.00
191  2026-02-27 01:00:00   GOLD 5,167.49 5,186.14 5,160.53 5,180.56   13.22     5.57   13.07     6.96  47,897.00
192  2026-02-27 02:00:00   GOLD 5,180.56 5,194.08 5,179.68 5,187.00    6.44     7.08    6.44     0.88  27,532.00
193  2026-02-27 03:00:00   GOLD 5,187.01 5,201.01 5,186.74 5,196.62    9.62     4.39    9.61     0.27  35,807.00
194  2026-02-27 20:00:00   GOLD 5,187.70 5,240.82 5,186.90 5,223.22   26.60    17.60   35.52     0.81  75,601.00
195  2026-02-27 21:00:00   GOLD 5,223.17 5,236.66 5,213.94 5,223.76    0.54    12.90    0.59     9.23  75,685.00
196  2026-02-27 22:00:00   GOLD 5,223.60 5,246.83 5,214.97 5,239.48   15.72     7.35   15.88     8.62  75,976.00
197  2026-02-27 23:00:00   GOLD 5,239.48 5,257.75 5,221.89 5,229.32  -10.15    18.27  -10.15     7.43  66,080.00
198  2026-02-28 00:00:00   GOLD 5,229.32 5,237.01 5,220.76 5,234.74    5.41     2.27    5.42     8.56  59,032.00
199  2026-02-28 01:00:00   GOLD 5,234.75 5,246.98 5,222.66 5,245.34   10.60     1.64   10.59    12.09  45,480.00
200  2026-02-28 02:00:00   GOLD 5,245.35 5,252.43 5,240.20 5,250.10    4.76     2.34    4.74     5.15  36,904.00
201  2026-02-28 03:00:00   GOLD 5,250.14 5,265.60 5,248.73 5,263.47   13.38     2.13   13.34     1.40  51,220.00
202  2026-03-02 20:00:00   GOLD 5,397.19 5,417.05 5,381.97 5,394.08  130.61    19.85   -3.11    12.11  75,462.00
203  2026-03-02 21:00:00   GOLD 5,394.10 5,395.38 5,306.51 5,334.35  -59.73     1.27  -59.75    27.84 125,850.00
204  2026-03-02 22:00:00   GOLD 5,334.12 5,349.16 5,308.27 5,315.60  -18.75    15.04  -18.52     7.33 127,883.00
205  2026-03-02 23:00:00   GOLD 5,315.55 5,315.55 5,260.28 5,290.20  -25.40     0.01  -25.34    29.92 124,033.00
206  2026-03-03 00:00:00   GOLD 5,290.23 5,320.92 5,287.11 5,306.99   16.79    13.93   16.76     3.12  59,759.00
207  2026-03-03 01:00:00   GOLD 5,306.99 5,316.66 5,289.87 5,315.52    8.52     1.15    8.53    17.12  46,583.00
208  2026-03-03 02:00:00   GOLD 5,315.54 5,334.19 5,313.88 5,330.65   15.13     3.54   15.11     1.66  32,525.00
209  2026-03-03 03:00:00   GOLD 5,330.69 5,346.59 5,328.44 5,332.69    2.04    13.90    2.00     2.25  60,838.00
210  2026-03-03 20:00:00   GOLD 5,224.57 5,224.62 5,127.60 5,156.90 -175.79     0.05  -67.68    29.30 104,555.00
211  2026-03-03 21:00:00   GOLD 5,156.89 5,175.70 5,016.12 5,039.06 -117.83    18.81 -117.82    22.94 134,677.00
212  2026-03-03 22:00:00   GOLD 5,039.09 5,097.12 4,996.27 5,095.76   56.70     1.36   56.68    42.81 155,953.00
213  2026-03-03 23:00:00   GOLD 5,095.76 5,134.82 5,090.72 5,107.44   11.68    27.38   11.68     5.04 121,566.00
214  2026-03-04 00:00:00   GOLD 5,107.45 5,109.91 5,065.50 5,079.63  -27.81     2.47  -27.82    14.13  87,273.00
215  2026-03-04 01:00:00   GOLD 5,079.55 5,138.44 5,079.38 5,136.11   56.48     2.33   56.56     0.17  77,298.00
216  2026-03-04 02:00:00   GOLD 5,136.13 5,149.06 5,099.43 5,113.40  -22.71    12.93  -22.73    13.97  81,832.00
217  2026-03-04 03:00:00   GOLD 5,113.39 5,130.67 5,086.21 5,097.52  -15.88    17.28  -15.86    11.31  77,718.00
218  2026-03-04 20:00:00   GOLD 5,171.31 5,196.52 5,167.53 5,167.97   70.44    25.21   -3.35     0.44  65,515.00
219  2026-03-04 21:00:00   GOLD 5,167.99 5,185.33 5,138.98 5,147.48  -20.49    17.34  -20.51     8.50 106,943.00
220  2026-03-04 22:00:00   GOLD 5,146.01 5,167.05 5,131.34 5,151.60    4.12    15.45    5.59    14.66 113,482.00
221  2026-03-04 23:00:00   GOLD 5,151.49 5,162.68 5,138.28 5,149.67   -1.93    11.19   -1.82    11.39  74,036.00
222  2026-03-05 00:00:00   GOLD 5,149.68 5,152.99 5,120.28 5,141.28   -8.39     3.31   -8.39    21.00  65,785.00
223  2026-03-05 01:00:00   GOLD 5,141.23 5,143.69 5,108.64 5,134.06   -7.22     2.47   -7.17    25.42  58,880.00
224  2026-03-05 02:00:00   GOLD 5,134.06 5,139.69 5,123.39 5,138.02    3.95     1.68    3.96    10.67  39,254.00
225  2026-03-05 03:00:00   GOLD 5,137.98 5,146.94 5,123.78 5,134.81   -3.20     8.97   -3.16    11.03  43,842.00
226  2026-03-05 20:00:00   GOLD 5,162.61 5,164.11 5,081.23 5,118.09  -16.73     1.49  -44.53    36.86  83,449.00
227  2026-03-05 21:00:00   GOLD 5,118.09 5,130.01 5,090.54 5,102.31  -15.78    11.91  -15.78    11.77 112,582.00
228  2026-03-05 22:00:00   GOLD 5,102.30 5,119.97 5,060.62 5,102.63    0.32    17.34    0.33    41.68 115,399.00
229  2026-03-05 23:00:00   GOLD 5,102.64 5,104.76 5,054.22 5,077.73  -24.90     2.12  -24.90    23.51  95,017.00
230  2026-03-06 00:00:00   GOLD 5,077.74 5,089.50 5,055.06 5,062.87  -14.86    11.76  -14.87     7.81 101,822.00
231  2026-03-06 01:00:00   GOLD 5,062.75 5,085.52 5,050.90 5,069.41    6.54    16.11    6.66    11.85  89,425.00
232  2026-03-06 02:00:00   GOLD 5,069.40 5,081.32 5,055.77 5,066.14   -3.27    11.93   -3.26    10.37  83,620.00
233  2026-03-06 03:00:00   GOLD 5,066.15 5,094.93 5,061.81 5,076.85   10.71    18.07   10.71     4.34  84,125.00
234  2026-03-06 20:00:00   GOLD 5,083.29 5,131.24 5,065.50 5,085.12    8.27    46.12    1.83    17.79 104,090.00
235  2026-03-06 21:00:00   GOLD 5,085.17 5,132.44 5,080.90 5,130.20   45.08     2.24   45.03     4.27 122,051.00
236  2026-03-06 22:00:00   GOLD 5,130.18 5,171.89 5,127.96 5,141.84   11.64    30.06   11.65     2.22 120,681.00
237  2026-03-06 23:00:00   GOLD 5,141.84 5,153.30 5,125.86 5,140.12   -1.71    11.46   -1.72    14.26  95,291.00
238  2026-03-07 00:00:00   GOLD 5,140.23 5,152.59 5,129.02 5,141.01    0.89    11.57    0.78    11.20  74,621.00
239  2026-03-07 01:00:00   GOLD 5,141.02 5,167.88 5,138.88 5,161.08   20.07     6.80   20.06     2.14  58,310.00
240  2026-03-07 02:00:00   GOLD 5,161.07 5,174.67 5,156.79 5,159.73   -1.35    13.60   -1.34     2.94  49,855.00
241  2026-03-07 03:00:00   GOLD 5,159.90 5,162.63 5,149.34 5,153.35   -6.38     2.73   -6.55     4.01  52,291.00
242  2026-03-09 20:00:00   GOLD 5,095.07 5,111.52 5,067.42 5,074.39  -78.95    16.45  -20.68     6.97 100,612.00
243  2026-03-09 21:00:00   GOLD 5,074.44 5,116.28 5,060.60 5,094.12   19.73    22.15   19.69    13.84 127,458.00
244  2026-03-09 22:00:00   GOLD 5,094.01 5,103.54 5,079.59 5,099.79    5.66     3.75    5.78    14.43  74,241.00
245  2026-03-09 23:00:00   GOLD 5,099.89 5,110.72 5,094.76 5,104.74    4.95     5.98    4.85     5.12  49,933.00
246  2026-03-10 00:00:00   GOLD 5,104.76 5,106.99 5,089.14 5,096.12   -8.62     2.23   -8.64     6.98  44,696.00
247  2026-03-10 01:00:00   GOLD 5,096.07 5,126.65 5,092.51 5,123.46   27.34     3.19   27.39     3.56  34,785.00
248  2026-03-10 02:00:00   GOLD 5,123.53 5,144.32 5,118.38 5,141.21   17.75     3.11   17.68     5.16  71,122.00
249  2026-03-10 03:00:00   GOLD 5,141.27 5,148.20 5,134.40 5,137.91   -3.30     6.94   -3.36     3.51  17,888.00
250  2026-03-10 20:00:00   GOLD 5,187.01 5,228.93 5,186.01 5,205.34   67.43    23.59   18.33     1.01  59,704.00
251  2026-03-10 21:00:00   GOLD 5,205.45 5,214.55 5,185.30 5,206.85    1.51     7.70    1.39    20.15  45,107.00
252  2026-03-10 22:00:00   GOLD 5,206.76 5,238.77 5,203.28 5,228.69   21.84    10.09   21.93     3.48  33,643.00
253  2026-03-10 23:00:00   GOLD 5,228.88 5,235.65 5,222.75 5,227.58   -1.11     6.77   -1.30     4.83  21,179.00
254  2026-03-11 00:00:00   GOLD 5,227.59 5,235.55 5,223.70 5,227.57   -0.01     7.97   -0.01     3.88  38,790.00
255  2026-03-11 01:00:00   GOLD 5,227.57 5,228.06 5,160.65 5,192.05  -35.52     0.49  -35.52    31.40  76,760.00
256  2026-03-11 02:00:00   GOLD 5,192.08 5,207.86 5,179.90 5,198.89    6.84     8.98    6.81    12.18  63,365.00
257  2026-03-11 03:00:00   GOLD 5,198.88 5,199.16 5,191.88 5,192.51   -6.38     0.28   -6.37     0.64  12,331.00
258  2026-03-11 20:00:00   GOLD 5,167.48 5,183.19 5,149.15 5,176.85  -15.66     6.33    9.38    18.32  55,937.00
259  2026-03-11 21:00:00   GOLD 5,176.86 5,196.31 5,174.56 5,183.38    6.53    12.93    6.52     2.30  58,617.00
260  2026-03-11 22:00:00   GOLD 5,183.39 5,185.90 5,164.07 5,166.60  -16.78     2.51  -16.79     2.53  45,296.00
261  2026-03-11 23:00:00   GOLD 5,166.51 5,178.15 5,163.81 5,175.77    9.17     2.38    9.26     2.70  53,788.00
262  2026-03-12 00:00:00   GOLD 5,175.84 5,181.11 5,154.98 5,169.85   -5.93     5.27   -5.99    14.86  46,929.00
263  2026-03-12 01:00:00   GOLD 5,169.89 5,178.40 5,169.35 5,172.56    2.71     5.84    2.67     0.53  31,046.00
264  2026-03-12 02:00:00   GOLD 5,172.60 5,183.76 5,169.38 5,183.29   10.73     0.47   10.69     3.23  28,504.00
265  2026-03-12 03:00:00   GOLD 5,183.22 5,183.60 5,175.27 5,176.48   -6.81     0.38   -6.74     1.21   7,384.00
266  2026-03-12 20:00:00   GOLD 5,181.57 5,186.15 5,146.09 5,151.45  -25.03     4.57  -30.12     5.36  57,612.00
267  2026-03-12 21:00:00   GOLD 5,151.48 5,163.72 5,138.48 5,142.92   -8.53    12.24   -8.56     4.44  52,139.00
268  2026-03-12 22:00:00   GOLD 5,142.71 5,144.99 5,109.85 5,132.48  -10.44     2.28  -10.23    22.63  57,028.00
269  2026-03-12 23:00:00   GOLD 5,132.48 5,138.18 5,121.23 5,123.55   -8.93     5.69   -8.93     2.32  51,748.00
270  2026-03-13 00:00:00   GOLD 5,123.49 5,129.87 5,102.61 5,105.48  -18.07     6.38  -18.01     2.87  66,258.00
271  2026-03-13 01:00:00   GOLD 5,105.49 5,112.84 5,090.89 5,094.49  -10.99     7.35  -11.00     3.60  53,243.00
272  2026-03-13 02:00:00   GOLD 5,094.48 5,097.01 5,079.37 5,084.98   -9.51     2.53   -9.49     5.61  47,543.00
273  2026-03-13 03:00:00   GOLD 5,085.02 5,090.93 5,055.12 5,079.26   -5.73     5.90   -5.77    24.13  22,324.00
274  2026-03-13 20:00:00   GOLD 5,118.34 5,121.27 5,096.57 5,102.24   22.98     2.93  -16.10     5.67  34,087.00
275  2026-03-13 21:00:00   GOLD 5,102.21 5,108.14 5,035.53 5,042.02  -60.22     5.93  -60.19     6.49  66,334.00
276  2026-03-13 22:00:00   GOLD 5,042.03 5,071.51 5,031.02 5,034.93   -7.10    29.48   -7.10     3.91  67,777.00
277  2026-03-13 23:00:00   GOLD 5,034.77 5,053.25 5,019.20 5,046.05   11.12     7.20   11.27    15.57  53,093.00
278  2026-03-14 00:00:00   GOLD 5,045.95 5,064.08 5,043.56 5,046.47    0.42    17.61    0.51     2.40  55,955.00
279  2026-03-14 01:00:00   GOLD 5,046.44 5,051.88 5,036.26 5,046.65    0.19     5.23    0.21    10.18  47,942.00
280  2026-03-14 02:00:00   GOLD 5,046.67 5,049.97 5,009.74 5,016.73  -29.92     3.30  -29.94     6.99  52,150.00
281  2026-03-14 03:00:00   GOLD 5,016.77 5,025.65 5,012.51 5,020.60    3.87     5.05    3.83     4.27  16,889.00
282  2026-03-16 20:00:00   GOLD 5,020.06 5,034.53 5,013.89 5,029.94    9.34     4.59    9.88     6.17  52,808.00
283  2026-03-16 21:00:00   GOLD 5,029.88 5,038.15 4,988.09 4,996.06  -33.88     8.27  -33.82     7.97  58,050.00
284  2026-03-16 22:00:00   GOLD 4,996.07 5,005.91 4,983.89 4,987.10   -8.97     9.84   -8.97     3.20  38,821.00
285  2026-03-16 23:00:00   GOLD 4,987.07 4,998.80 4,974.23 4,990.74    3.64     8.06    3.67    12.84  48,104.00
286  2026-03-17 00:00:00   GOLD 4,990.78 5,003.90 4,984.02 4,991.27    0.53    12.63    0.49     6.76  55,631.00
287  2026-03-17 01:00:00   GOLD 4,991.26 5,017.90 4,990.05 5,012.92   21.65     4.98   21.66     1.22  40,181.00
288  2026-03-17 02:00:00   GOLD 5,012.94 5,020.47 5,008.23 5,013.09    0.16     7.38    0.15     4.70  40,552.00
289  2026-03-17 03:00:00   GOLD 5,013.08 5,021.84 5,004.80 5,006.56   -6.52     8.76   -6.52     1.76   9,996.00
290  2026-03-17 20:00:00   GOLD 5,011.90 5,031.59 5,005.59 5,016.76   10.19    14.84    4.86     6.31  41,711.00
291  2026-03-17 21:00:00   GOLD 5,016.74 5,020.68 5,002.97 5,007.78   -8.98     3.93   -8.97     4.81  49,389.00
292  2026-03-17 22:00:00   GOLD 5,007.73 5,017.65 4,973.72 4,997.98   -9.80     9.92   -9.75    24.26  52,091.00
293  2026-03-17 23:00:00   GOLD 4,998.01 5,006.03 4,991.70 5,002.06    4.08     3.97    4.06     6.30  41,764.00
294  2026-03-18 00:00:00   GOLD 5,002.05 5,008.80 4,996.69 5,002.56    0.50     6.24    0.51     5.36  35,716.00
295  2026-03-18 01:00:00   GOLD 5,002.57 5,009.21 4,999.94 5,003.89    1.33     5.32    1.32     2.63  27,914.00
296  2026-03-18 02:00:00   GOLD 5,003.89 5,005.75 4,996.44 5,000.40   -3.49     1.86   -3.48     3.96  32,470.00
297  2026-03-18 03:00:00   GOLD 5,000.44 5,006.65 5,000.00 5,005.73    5.32     0.92    5.28     0.44   6,718.00
298  2026-03-18 20:00:00   GOLD 4,881.78 4,885.69 4,834.38 4,878.61 -127.12     3.91   -3.17    44.23 120,429.00
299  2026-03-18 21:00:00   GOLD 4,878.65 4,894.67 4,856.80 4,869.76   -8.85    16.02   -8.89    12.97  76,973.00
300  2026-03-18 22:00:00   GOLD 4,869.89 4,880.27 4,861.29 4,862.57   -7.19    10.39   -7.32     1.28  36,705.00
301  2026-03-18 23:00:00   GOLD 4,862.52 4,890.48 4,861.09 4,886.95   24.38     3.53   24.43     1.44  40,353.00
302  2026-03-19 00:00:00   GOLD 4,887.00 4,899.16 4,883.97 4,891.05    4.10     8.12    4.05     3.03  45,852.00
303  2026-03-19 01:00:00   GOLD 4,891.05 4,899.46 4,852.51 4,853.17  -37.88     8.41  -37.88     0.66  75,810.00
304  2026-03-19 02:00:00   GOLD 4,853.15 4,865.60 4,838.35 4,843.28   -9.89    12.45   -9.87     4.93  72,920.00
305  2026-03-19 03:00:00   GOLD 4,843.25 4,848.94 4,806.85 4,818.41  -24.87     5.69  -24.84    11.57  27,623.00
306  2026-03-19 20:00:00   GOLD 4,574.74 4,621.31 4,502.36 4,620.99 -197.43     0.32   46.24    72.38 185,308.00
307  2026-03-19 21:00:00   GOLD 4,621.02 4,649.31 4,581.35 4,601.82  -19.17    28.29  -19.20    20.47 164,708.00
308  2026-03-19 22:00:00   GOLD 4,601.83 4,639.06 4,566.19 4,596.48   -5.34    37.23   -5.35    30.29 130,921.00
309  2026-03-19 23:00:00   GOLD 4,596.46 4,626.86 4,576.99 4,584.95  -11.53    30.40  -11.51     7.96 107,966.00
310  2026-03-20 00:00:00   GOLD 4,584.94 4,630.01 4,573.91 4,616.18   31.23    13.84   31.24    11.02 103,335.00
311  2026-03-20 01:00:00   GOLD 4,616.20 4,623.24 4,596.11 4,623.10    6.93     0.14    6.90    20.09  80,684.00
312  2026-03-20 02:00:00   GOLD 4,623.13 4,663.63 4,623.10 4,644.06   20.96    19.57   20.93     0.03 127,215.00
313  2026-03-20 03:00:00   GOLD 4,644.04 4,662.08 4,643.07 4,650.72    6.66    11.36    6.68     0.97  26,043.00
314  2026-03-20 20:00:00   GOLD 4,678.42 4,679.61 4,613.02 4,616.64  -34.08     1.19  -61.78     3.62 125,732.00
315  2026-03-20 21:00:00   GOLD 4,616.56 4,622.74 4,548.03 4,563.96  -52.68     6.18  -52.60    15.93 156,787.00
316  2026-03-20 22:00:00   GOLD 4,563.94 4,580.43 4,540.78 4,553.61  -10.35    16.49  -10.33    12.82 117,447.00
317  2026-03-20 23:00:00   GOLD 4,553.27 4,614.06 4,552.04 4,583.10   29.49    30.96   29.83     1.23 101,490.00
318  2026-03-21 00:00:00   GOLD 4,583.15 4,600.89 4,554.78 4,573.68   -9.43    17.73   -9.48    18.89 106,662.00
319  2026-03-21 01:00:00   GOLD 4,573.69 4,578.69 4,477.54 4,500.02  -73.65     5.00  -73.66    22.48 104,248.00
320  2026-03-21 02:00:00   GOLD 4,500.05 4,517.00 4,485.51 4,501.73    1.70    15.27    1.68    14.54 127,276.00
321  2026-03-21 03:00:00   GOLD 4,501.81 4,514.81 4,493.66 4,497.48   -4.25    13.00   -4.33     3.82  45,558.00
322  2026-03-23 20:00:00   GOLD 4,478.51 4,486.07 4,401.76 4,454.16  -43.31     7.56  -24.35    52.40 194,939.00
323  2026-03-23 21:00:00   GOLD 4,454.32 4,513.16 4,453.64 4,462.07    7.91    51.09    7.76     0.68 174,354.00
324  2026-03-23 22:00:00   GOLD 4,462.08 4,487.39 4,350.63 4,363.87  -98.20    25.31  -98.21    13.24 188,117.00
325  2026-03-23 23:00:00   GOLD 4,363.55 4,391.93 4,352.31 4,375.79   11.92    16.14   12.24    11.23 171,165.00
326  2026-03-24 00:00:00   GOLD 4,375.74 4,439.24 4,370.82 4,426.23   50.44    13.02   50.48     4.92 115,097.00
327  2026-03-24 01:00:00   GOLD 4,426.32 4,467.27 4,402.19 4,449.04   22.81    18.23   22.72    24.13  96,213.00
328  2026-03-24 02:00:00   GOLD 4,448.88 4,450.61 4,392.99 4,397.99  -51.05     1.73  -50.89     5.00  97,421.00
329  2026-03-24 03:00:00   GOLD 4,398.32 4,413.34 4,382.85 4,406.51    8.52     6.84    8.18    15.47  32,230.00
330  2026-03-24 20:00:00   GOLD 4,379.06 4,389.89 4,351.09 4,381.67  -24.84     8.22    2.61    27.97 158,275.00
331  2026-03-24 21:00:00   GOLD 4,381.66 4,434.31 4,380.85 4,416.16   34.49    18.15   34.51     0.81 164,244.00
332  2026-03-24 22:00:00   GOLD 4,416.12 4,431.09 4,396.45 4,411.79   -4.38    14.97   -4.33    15.34 128,142.00
333  2026-03-24 23:00:00   GOLD 4,411.85 4,427.93 4,402.64 4,421.48    9.69     6.44    9.63     9.22  89,748.00
334  2026-03-25 00:00:00   GOLD 4,421.49 4,426.69 4,372.65 4,388.69  -32.79     5.20  -32.80    16.04 122,889.00
335  2026-03-25 01:00:00   GOLD 4,388.73 4,423.72 4,383.95 4,389.73    1.04    33.99    1.01     4.78  96,575.00
336  2026-03-25 02:00:00   GOLD 4,389.59 4,411.61 4,388.69 4,400.33   10.60    11.28   10.74     0.90  72,529.00
337  2026-03-25 03:00:00   GOLD 4,400.14 4,484.49 4,397.57 4,474.27   73.94    10.22   74.13     2.57  69,587.00
338  2026-03-25 20:00:00   GOLD 4,544.09 4,576.76 4,540.93 4,544.97   70.70    31.78    0.88     3.16 104,423.00
339  2026-03-25 21:00:00   GOLD 4,544.96 4,579.44 4,533.22 4,567.34   22.37    12.10   22.38    11.74 104,126.00
340  2026-03-25 22:00:00   GOLD 4,567.24 4,569.38 4,525.27 4,559.15   -8.19     2.13   -8.09    33.89  88,101.00
341  2026-03-25 23:00:00   GOLD 4,559.14 4,565.19 4,545.40 4,555.14   -4.02     6.05   -4.01     9.74  73,290.00
342  2026-03-26 00:00:00   GOLD 4,555.15 4,563.94 4,542.96 4,550.84   -4.30     8.79   -4.32     7.88  55,417.00
343  2026-03-26 01:00:00   GOLD 4,550.83 4,569.02 4,530.95 4,538.30  -12.54    18.19  -12.53     7.34  54,286.00
344  2026-03-26 02:00:00   GOLD 4,538.31 4,539.74 4,486.59 4,530.96   -7.34     1.43   -7.35    44.37  63,896.00
345  2026-03-26 03:00:00   GOLD 4,530.95 4,542.06 4,494.70 4,506.85  -24.11    11.11  -24.11    12.15  23,095.00
346  2026-03-26 20:00:00   GOLD 4,429.31 4,461.03 4,420.24 4,452.84  -54.01     8.19   23.53     9.07 109,916.00
347  2026-03-26 21:00:00   GOLD 4,452.87 4,479.90 4,437.34 4,465.02   12.18    14.88   12.15    15.53 130,225.00
348  2026-03-26 22:00:00   GOLD 4,464.89 4,469.17 4,434.31 4,438.41  -26.60     4.28  -26.48     4.10  87,367.00
349  2026-03-26 23:00:00   GOLD 4,438.19 4,442.78 4,366.95 4,389.38  -49.04     4.60  -48.81    22.43 101,818.00
350  2026-03-27 00:00:00   GOLD 4,389.31 4,402.32 4,377.28 4,381.57   -7.80    13.01   -7.73     4.29  89,167.00
351  2026-03-27 01:00:00   GOLD 4,381.51 4,398.05 4,367.83 4,394.61   13.04     3.43   13.11    13.68  73,436.00
352  2026-03-27 02:00:00   GOLD 4,394.76 4,399.45 4,359.44 4,364.06  -30.55     4.69  -30.70     4.62  71,643.00
353  2026-03-27 03:00:00   GOLD 4,364.07 4,420.75 4,351.35 4,378.20   14.14    42.55   14.12    12.72  90,261.00
354  2026-03-27 20:00:00   GOLD 4,437.97 4,443.90 4,413.77 4,431.39   53.19     5.93   -6.59    17.61  76,746.00
355  2026-03-27 21:00:00   GOLD 4,431.37 4,514.69 4,430.85 4,509.71   78.32     4.98   78.34     0.52  92,351.00
356  2026-03-27 22:00:00   GOLD 4,509.70 4,555.63 4,501.78 4,524.44   14.73    31.19   14.74     7.93 100,252.00
357  2026-03-27 23:00:00   GOLD 4,524.45 4,533.74 4,505.62 4,507.35  -17.09     9.30  -17.10     1.73  48,304.00
358  2026-03-28 00:00:00   GOLD 4,511.27 4,522.27 4,486.51 4,486.88  -20.48    11.00  -24.40     0.37  65,619.00
359  2026-03-28 01:00:00   GOLD 4,486.88 4,528.76 4,486.81 4,516.85   29.98    11.90   29.97     0.07  55,385.00
360  2026-03-28 02:00:00   GOLD 4,516.77 4,526.31 4,500.76 4,514.49   -2.36     9.54   -2.28    13.73  55,028.00
361  2026-03-28 03:00:00   GOLD 4,514.62 4,520.80 4,491.13 4,493.69  -20.80     6.18  -20.94     2.56  23,544.00
362  2026-03-30 20:00:00   GOLD 4,569.49 4,578.84 4,516.94 4,523.53   29.85     9.35  -45.95     6.60  91,434.00
363  2026-03-30 21:00:00   GOLD 4,523.52 4,541.55 4,512.57 4,538.84   15.30     2.71   15.31    10.95 114,245.00
364  2026-03-30 22:00:00   GOLD 4,538.89 4,556.90 4,524.70 4,548.35    9.52     8.54    9.47    14.19  69,628.00
365  2026-03-30 23:00:00   GOLD 4,548.30 4,549.82 4,532.41 4,539.98   -8.37     1.52   -8.31     7.57  57,712.00
366  2026-03-31 00:00:00   GOLD 4,539.92 4,542.46 4,511.69 4,514.95  -25.03     2.54  -24.97     3.27  68,128.00
367  2026-03-31 01:00:00   GOLD 4,514.94 4,523.14 4,498.51 4,499.18  -15.77     8.19  -15.76     0.68  45,787.00
368  2026-03-31 02:00:00   GOLD 4,499.20 4,518.51 4,493.10 4,513.64   14.46     4.87   14.44     6.10  69,853.00
369  2026-03-31 03:00:00   GOLD 4,513.59 4,516.52 4,501.27 4,510.65   -2.99     2.93   -2.94     9.38  15,506.00
370  2026-03-31 20:00:00   GOLD 4,575.00 4,609.74 4,567.98 4,607.35   96.70     2.39   32.35     7.02  64,532.00
371  2026-03-31 21:00:00   GOLD 4,607.27 4,630.42 4,594.97 4,599.02   -8.34    23.15   -8.26     4.05  96,247.00
372  2026-03-31 22:00:00   GOLD 4,598.94 4,625.56 4,598.94 4,609.56   10.55    16.00   10.62     0.00  50,557.00
373  2026-03-31 23:00:00   GOLD 4,609.61 4,651.59 4,607.14 4,638.23   28.66    13.36   28.61     2.48  97,557.00
374  2026-04-01 00:00:00   GOLD 4,638.14 4,667.78 4,636.50 4,654.38   16.15    13.40   16.24     1.64 109,253.00
375  2026-04-01 01:00:00   GOLD 4,654.39 4,671.37 4,653.52 4,667.44   13.06     3.93   13.05     0.87  65,048.00
376  2026-04-01 02:00:00   GOLD 4,667.44 4,685.81 4,661.86 4,683.02   15.59     2.78   15.58     5.58  68,295.00
377  2026-04-01 03:00:00   GOLD 4,682.94 4,687.34 4,664.86 4,667.88  -15.15     4.39  -15.07     3.02  24,450.00
378  2026-04-01 20:00:00   GOLD 4,724.82 4,749.72 4,716.28 4,738.35   70.48    11.36   13.53     8.54  78,331.00
379  2026-04-01 21:00:00   GOLD 4,738.48 4,768.87 4,724.30 4,760.89   22.54     7.98   22.41    14.18  99,904.00
380  2026-04-01 22:00:00   GOLD 4,760.96 4,788.16 4,758.57 4,786.70   25.81     1.46   25.74     2.39  62,032.00
381  2026-04-01 23:00:00   GOLD 4,786.69 4,790.84 4,774.31 4,787.30    0.60     3.54    0.61    12.38  45,612.00
382  2026-04-02 00:00:00   GOLD 4,787.31 4,793.19 4,774.03 4,774.64  -12.66     5.89  -12.66     0.61  43,991.00
383  2026-04-02 01:00:00   GOLD 4,774.63 4,775.49 4,742.17 4,753.28  -21.36     0.86  -21.35    11.11  73,031.00
384  2026-04-02 02:00:00   GOLD 4,753.27 4,778.21 4,751.34 4,766.20   12.93    12.01   12.93     1.94  56,426.00
385  2026-04-02 03:00:00   GOLD 4,766.19 4,771.30 4,754.15 4,758.20   -8.01     5.11   -7.99     4.05  17,795.00
386  2026-04-02 20:00:00   GOLD 4,601.71 4,651.55 4,580.65 4,646.32 -111.88     5.22   44.61    21.06 130,301.00
387  2026-04-02 21:00:00   GOLD 4,646.27 4,699.89 4,631.85 4,681.72   35.40    18.17   35.45    14.41 143,036.00
388  2026-04-02 22:00:00   GOLD 4,681.66 4,684.19 4,652.76 4,661.48  -20.24     2.53  -20.18     8.72 115,383.00
389  2026-04-02 23:00:00   GOLD 4,661.46 4,670.83 4,642.93 4,659.22   -2.26     9.37   -2.24    16.29  78,261.00
390  2026-04-03 00:00:00   GOLD 4,659.22 4,668.50 4,645.78 4,648.76  -10.45     9.28  -10.46     2.98  66,630.00
391  2026-04-03 01:00:00   GOLD 4,648.77 4,672.17 4,647.47 4,668.64   19.88     3.53   19.88     1.30  41,979.00
392  2026-04-03 02:00:00   GOLD 4,668.65 4,682.01 4,661.49 4,672.23    3.59     9.78    3.58     7.16  51,038.00
393  2026-04-03 03:00:00   GOLD 4,672.32 4,678.11 4,664.48 4,676.74    4.51     1.36    4.42     7.85  17,906.00
394  2026-04-06 20:00:00   GOLD 4,676.21 4,681.87 4,659.80 4,679.92    3.18     1.95    3.71    16.41  71,780.00
395  2026-04-06 21:00:00   GOLD 4,679.91 4,697.78 4,660.45 4,682.84    2.92    14.94    2.93    19.45  94,533.00
396  2026-04-06 22:00:00   GOLD 4,682.84 4,683.91 4,652.10 4,668.15  -14.69     1.07  -14.68    16.06  56,324.00
397  2026-04-06 23:00:00   GOLD 4,668.22 4,672.66 4,658.12 4,660.52   -7.64     4.44   -7.70     2.40  31,808.00
398  2026-04-07 00:00:00   GOLD 4,660.55 4,661.23 4,645.89 4,653.86   -6.65     0.68   -6.69     7.98  55,893.00
399  2026-04-07 01:00:00   GOLD 4,653.87 4,666.73 4,648.90 4,658.43    4.57     8.30    4.56     4.97  46,946.00
400  2026-04-07 02:00:00   GOLD 4,658.40 4,659.52 4,645.81 4,655.52   -2.91     1.12   -2.88     9.72  22,067.00
401  2026-04-07 03:00:00   GOLD 4,655.48 4,658.52 4,649.31 4,649.99   -5.53     3.04   -5.49     0.69   8,895.00
402  2026-04-07 20:00:00   GOLD 4,651.68 4,663.49 4,635.62 4,644.44   -5.56    11.81   -7.24     8.81  74,827.00
403  2026-04-07 21:00:00   GOLD 4,644.32 4,661.94 4,607.63 4,633.27  -11.16    17.62  -11.05    25.64 114,386.00
404  2026-04-07 22:00:00   GOLD 4,633.34 4,659.69 4,624.89 4,655.51   22.24     4.18   22.18     8.45  80,253.00
405  2026-04-07 23:00:00   GOLD 4,655.51 4,668.82 4,652.87 4,657.29    1.78    11.53    1.78     2.64  69,622.00
406  2026-04-08 00:00:00   GOLD 4,657.28 4,686.74 4,654.11 4,675.94   18.65    10.81   18.66     3.16  56,811.00
407  2026-04-08 01:00:00   GOLD 4,675.88 4,686.30 4,657.63 4,662.35  -13.59    10.42  -13.52     4.72  36,068.00
408  2026-04-08 02:00:00   GOLD 4,662.41 4,718.96 4,660.73 4,701.05   38.70    17.91   38.64     1.68 105,958.00
409  2026-04-08 03:00:00   GOLD 4,701.06 4,716.95 4,697.41 4,704.81    3.76    12.14    3.75     3.65  41,632.00
410  2026-04-08 20:00:00   GOLD 4,799.70 4,806.92 4,767.10 4,777.23   72.41     7.22  -22.48    10.12  87,146.00
411  2026-04-08 21:00:00   GOLD 4,777.19 4,792.15 4,732.31 4,736.41  -40.82    14.97  -40.78     4.10 106,854.00
412  2026-04-08 22:00:00   GOLD 4,736.35 4,763.32 4,734.16 4,756.62   20.22     6.69   20.27     2.19  68,499.00
413  2026-04-08 23:00:00   GOLD 4,756.64 4,765.68 4,745.35 4,760.52    3.90     5.15    3.89    11.28  43,780.00
414  2026-04-09 00:00:00   GOLD 4,760.60 4,764.51 4,731.69 4,734.20  -26.32     3.90  -26.40     2.52  45,070.00
415  2026-04-09 01:00:00   GOLD 4,734.22 4,744.70 4,703.47 4,705.24  -28.96    10.48  -28.98     1.77  72,426.00
416  2026-04-09 02:00:00   GOLD 4,705.12 4,731.94 4,699.31 4,730.76   25.51     1.18   25.64     5.81  51,667.00
417  2026-04-09 03:00:00   GOLD 4,730.62 4,732.36 4,717.23 4,718.96  -11.80     1.74  -11.66     1.73  13,774.00
418  2026-04-09 20:00:00   GOLD 4,746.06 4,777.09 4,738.65 4,764.51   45.55    12.57   18.45     7.41  79,429.00
419  2026-04-09 21:00:00   GOLD 4,764.51 4,776.47 4,747.30 4,768.76    4.24     7.72    4.24    17.21  95,840.00
420  2026-04-09 22:00:00   GOLD 4,768.80 4,798.23 4,761.31 4,793.10   24.35     5.13   24.31     7.48  84,339.00
421  2026-04-09 23:00:00   GOLD 4,793.14 4,801.28 4,784.70 4,789.09   -4.01     8.14   -4.05     4.39  62,039.00
422  2026-04-10 00:00:00   GOLD 4,789.09 4,801.39 4,786.94 4,797.91    8.82     3.48    8.82     2.15  49,450.00
423  2026-04-10 01:00:00   GOLD 4,797.91 4,798.18 4,767.99 4,772.11  -25.80     0.27  -25.80     4.12  65,785.00
424  2026-04-10 02:00:00   GOLD 4,772.13 4,782.59 4,766.94 4,768.86   -3.25    10.46   -3.27     1.93  45,349.00
425  2026-04-10 03:00:00   GOLD 4,768.88 4,773.26 4,760.84 4,765.40   -3.46     4.39   -3.47     4.57  14,718.00
426  2026-04-10 20:00:00   GOLD 4,771.93 4,780.15 4,764.95 4,775.14    9.74     5.01    3.21     6.98  62,431.00
427  2026-04-10 21:00:00   GOLD 4,775.47 4,794.98 4,767.35 4,774.81   -0.33    19.51   -0.66     7.46  76,829.00
428  2026-04-10 22:00:00   GOLD 4,774.84 4,787.46 4,755.41 4,762.34  -12.47    12.62  -12.49     6.93  67,378.00
429  2026-04-10 23:00:00   GOLD 4,762.42 4,766.25 4,747.38 4,763.84    1.50     2.41    1.42    15.05  59,085.00
430  2026-04-11 00:00:00   GOLD 4,763.86 4,768.78 4,758.23 4,760.31   -3.53     4.91   -3.55     2.08  38,647.00
431  2026-04-11 01:00:00   GOLD 4,760.33 4,773.35 4,751.18 4,765.44    5.12     7.91    5.11     9.15  44,281.00
432  2026-04-11 02:00:00   GOLD 4,765.41 4,770.71 4,758.40 4,759.90   -5.54     5.30   -5.51     1.49  37,352.00
433  2026-04-11 03:00:00   GOLD 4,759.89 4,760.12 4,741.01 4,749.69  -10.21     0.24  -10.20     8.68  15,753.00
434  2026-04-13 20:00:00   GOLD 4,723.43 4,744.64 4,721.12 4,730.80  -18.89    13.85    7.36     2.31  83,440.00
435  2026-04-13 21:00:00   GOLD 4,730.52 4,731.37 4,708.88 4,719.38  -11.42     0.85  -11.15    10.50  92,814.00
436  2026-04-13 22:00:00   GOLD 4,719.36 4,720.15 4,700.56 4,714.45   -4.93     0.79   -4.91    13.89  65,366.00
437  2026-04-13 23:00:00   GOLD 4,714.47 4,746.27 4,709.55 4,733.22   18.77    13.06   18.75     4.92  88,180.00
438  2026-04-14 00:00:00   GOLD 4,733.23 4,750.20 4,725.60 4,730.11   -3.11    16.98   -3.12     4.51  43,050.00
439  2026-04-14 01:00:00   GOLD 4,730.12 4,740.73 4,723.54 4,738.45    8.34     2.28    8.33     6.58  40,415.00
440  2026-04-14 02:00:00   GOLD 4,738.44 4,747.58 4,730.85 4,741.28    2.83     6.30    2.84     7.59  36,271.00
441  2026-04-14 03:00:00   GOLD 4,741.35 4,744.30 4,738.40 4,740.34   -0.94     2.95   -1.01     1.94   7,174.00
442  2026-04-14 20:00:00   GOLD 4,771.48 4,803.79 4,771.19 4,794.81   54.47     8.98   23.33     0.29  53,204.00
443  2026-04-14 21:00:00   GOLD 4,794.82 4,818.33 4,793.06 4,803.81    9.01    14.52    8.99     1.76  66,768.00
444  2026-04-14 22:00:00   GOLD 4,803.80 4,816.27 4,791.11 4,808.41    4.60     7.86    4.61    12.69  51,568.00
445  2026-04-14 23:00:00   GOLD 4,808.44 4,820.34 4,805.26 4,810.07    1.66    10.27    1.64     3.18  46,091.00
446  2026-04-15 00:00:00   GOLD 4,810.12 4,841.70 4,809.54 4,835.23   25.16     6.47   25.11     0.58  43,016.00
447  2026-04-15 01:00:00   GOLD 4,835.22 4,843.64 4,830.90 4,835.73    0.49     7.91    0.51     4.32  32,835.00
448  2026-04-15 02:00:00   GOLD 4,835.75 4,846.35 4,835.75 4,844.99    9.26     1.36    9.24     0.00  36,438.00
449  2026-04-15 03:00:00   GOLD 4,845.00 4,846.37 4,839.70 4,841.76   -3.23     1.37   -3.24     2.06   9,059.00
450  2026-04-15 20:00:00   GOLD 4,811.69 4,830.31 4,808.57 4,828.91  -12.85     1.40   17.23     3.12  51,281.00
451  2026-04-15 21:00:00   GOLD 4,828.93 4,830.61 4,813.51 4,815.52  -13.39     1.68  -13.41     2.02  46,212.00
452  2026-04-15 22:00:00   GOLD 4,815.53 4,816.15 4,787.15 4,801.74  -13.78     0.62  -13.79    14.60  62,107.00
453  2026-04-15 23:00:00   GOLD 4,801.74 4,812.84 4,800.17 4,803.98    2.24     8.86    2.24     1.57  46,708.00
454  2026-04-16 00:00:00   GOLD 4,803.98 4,808.96 4,790.82 4,792.64  -11.34     4.98  -11.34     1.82  38,637.00
455  2026-04-16 01:00:00   GOLD 4,792.63 4,802.68 4,790.24 4,799.74    7.10     2.93    7.11     2.39  34,897.00
456  2026-04-16 02:00:00   GOLD 4,799.72 4,803.57 4,794.69 4,796.05   -3.70     3.86   -3.67     1.36  33,552.00
457  2026-04-16 03:00:00   GOLD 4,796.10 4,796.80 4,787.90 4,790.94   -5.11     0.70   -5.16     3.04  10,004.00
458  2026-04-16 20:00:00   GOLD 4,816.28 4,824.04 4,784.73 4,795.06    4.12     7.76  -21.22    10.34  69,188.00
459  2026-04-16 21:00:00   GOLD 4,795.08 4,805.62 4,772.57 4,788.86   -6.20    10.54   -6.22    16.28  99,613.00
460  2026-04-16 22:00:00   GOLD 4,788.81 4,813.05 4,788.43 4,807.09   18.23     5.95   18.28     0.38  71,971.00
461  2026-04-16 23:00:00   GOLD 4,807.16 4,810.23 4,785.24 4,792.10  -14.99     3.07  -15.06     6.85  46,734.00
462  2026-04-17 00:00:00   GOLD 4,792.10 4,795.45 4,781.45 4,789.40   -2.70     3.35   -2.71     7.95  42,669.00
463  2026-04-17 01:00:00   GOLD 4,789.40 4,794.45 4,785.86 4,789.74    0.35     4.70    0.34     3.54  36,797.00
464  2026-04-17 02:00:00   GOLD 4,789.80 4,798.67 4,789.63 4,793.52    3.78     5.15    3.73     0.16  21,568.00
465  2026-04-17 03:00:00   GOLD 4,793.56 4,793.98 4,786.45 4,790.66   -2.86     0.42   -2.90     4.21   6,467.00
466  2026-04-17 20:00:00   GOLD 4,846.53 4,891.54 4,834.91 4,880.40   89.74    11.14   33.87    11.61 127,645.00
467  2026-04-17 21:00:00   GOLD 4,880.33 4,885.53 4,860.85 4,873.15   -7.25     5.20   -7.18    12.30  87,070.00
468  2026-04-17 22:00:00   GOLD 4,873.14 4,880.70 4,855.06 4,867.44   -5.70     7.57   -5.69    12.38  78,454.00
469  2026-04-17 23:00:00   GOLD 4,867.44 4,873.53 4,863.74 4,867.18   -0.26     6.10   -0.26     3.44  52,529.00
470  2026-04-18 00:00:00   GOLD 4,867.15 4,869.66 4,853.79 4,862.59   -4.59     2.52   -4.56     8.80  65,168.00
471  2026-04-18 01:00:00   GOLD 4,862.59 4,868.11 4,855.78 4,858.11   -4.48     5.52   -4.48     2.32  50,748.00
472  2026-04-18 02:00:00   GOLD 4,858.10 4,861.31 4,852.96 4,854.69   -3.41     3.21   -3.40     1.73  51,166.00
473  2026-04-18 03:00:00   GOLD 4,854.65 4,855.24 4,830.79 4,831.61  -23.09     0.60  -23.04     0.82  25,344.00
474  2026-04-20 20:00:00   GOLD 4,803.49 4,826.35 4,799.69 4,818.10  -13.51     8.25   14.61     3.80  81,586.00
475  2026-04-20 21:00:00   GOLD 4,818.12 4,827.69 4,792.61 4,805.39  -12.72     9.57  -12.73    12.77  89,147.00
476  2026-04-20 22:00:00   GOLD 4,805.40 4,809.63 4,792.78 4,799.95   -5.43     4.23   -5.44     7.17  75,702.00
477  2026-04-20 23:00:00   GOLD 4,799.96 4,806.38 4,792.86 4,805.55    5.60     0.83    5.59     7.10  36,194.00
478  2026-04-21 00:00:00   GOLD 4,805.65 4,812.27 4,803.90 4,806.89    1.34     5.38    1.24     1.75  29,547.00
479  2026-04-21 01:00:00   GOLD 4,806.84 4,816.52 4,806.84 4,814.10    7.21     2.41    7.26     0.00  27,402.00
480  2026-04-21 02:00:00   GOLD 4,814.06 4,821.43 4,810.61 4,814.38    0.28     7.05    0.32     3.45  22,718.00
481  2026-04-21 03:00:00   GOLD 4,814.43 4,821.98 4,812.30 4,820.11    5.73     1.86    5.68     2.13   7,561.00
482  2026-04-21 20:00:00   GOLD 4,778.97 4,794.52 4,760.35 4,779.47  -40.64    15.05    0.50    18.62  77,817.00
483  2026-04-21 21:00:00   GOLD 4,779.35 4,782.74 4,723.77 4,739.02  -40.45     3.39  -40.33    15.25  95,673.00
484  2026-04-21 22:00:00   GOLD 4,739.04 4,757.83 4,727.85 4,741.78    2.76    16.05    2.74    11.19  98,609.00
485  2026-04-21 23:00:00   GOLD 4,741.79 4,747.06 4,708.38 4,711.27  -30.51     5.27  -30.52     2.90  76,454.00
486  2026-04-22 00:00:00   GOLD 4,711.29 4,722.28 4,697.16 4,711.28    0.01    10.99   -0.01    14.12  94,316.00
487  2026-04-22 01:00:00   GOLD 4,711.19 4,714.97 4,692.46 4,709.56   -1.72     3.78   -1.63    17.10  77,690.00
488  2026-04-22 02:00:00   GOLD 4,709.59 4,715.06 4,668.62 4,679.48  -30.08     5.47  -30.11    10.86 103,076.00
489  2026-04-22 03:00:00   GOLD 4,679.47 4,721.25 4,669.18 4,720.69   41.21     0.56   41.22    10.30  54,720.00
490  2026-04-22 20:00:00   GOLD 4,744.56 4,760.99 4,736.60 4,752.99   32.30     8.00    8.43     7.96  65,479.00
491  2026-04-22 21:00:00   GOLD 4,752.88 4,757.53 4,729.99 4,736.11  -16.88     4.65  -16.77     6.12  72,000.00
492  2026-04-22 22:00:00   GOLD 4,736.14 4,740.40 4,725.02 4,727.68   -8.43     4.26   -8.46     2.66  58,376.00
493  2026-04-22 23:00:00   GOLD 4,727.81 4,735.05 4,723.99 4,728.62    0.94     6.43    0.81     3.82  43,383.00
494  2026-04-23 00:00:00   GOLD 4,728.61 4,739.64 4,728.56 4,737.36    8.74     2.28    8.74     0.05  35,427.00
495  2026-04-23 01:00:00   GOLD 4,737.31 4,750.20 4,729.98 4,741.81    4.45     8.39    4.50     7.33  28,898.00
496  2026-04-23 02:00:00   GOLD 4,741.80 4,745.60 4,737.07 4,740.39   -1.42     3.80   -1.41     3.32  36,211.00
497  2026-04-23 03:00:00   GOLD 4,740.38 4,740.97 4,734.59 4,740.45    0.06     0.51    0.08     5.78  12,061.00
498  2026-04-23 20:00:00   GOLD 4,740.11 4,741.23 4,723.95 4,724.44  -16.02     1.11  -15.68     0.49  65,387.00
499  2026-04-23 21:00:00   GOLD 4,724.44 4,736.69 4,717.19 4,733.70    9.27     2.98    9.27     7.25  77,560.00
500  2026-04-23 22:00:00   GOLD 4,733.76 4,741.20 4,716.55 4,720.65  -13.06     7.45  -13.11     4.10  49,364.00
501  2026-04-23 23:00:00   GOLD 4,720.69 4,737.27 4,715.76 4,733.06   12.41     4.22   12.37     4.93  42,333.00
502  2026-04-24 00:00:00   GOLD 4,733.10 4,734.61 4,664.38 4,709.66  -23.39     1.51  -23.43    45.28 132,395.00
503  2026-04-24 01:00:00   GOLD 4,709.69 4,722.24 4,699.43 4,701.05   -8.62    12.55   -8.64     1.61  73,447.00
504  2026-04-24 02:00:00   GOLD 4,701.06 4,704.66 4,689.56 4,696.08   -4.97     3.60   -4.98     6.52  65,366.00
505  2026-04-24 03:00:00   GOLD 4,696.12 4,698.36 4,686.72 4,694.09   -1.99     2.24   -2.03     7.38  21,934.00
506  2026-04-24 20:00:00   GOLD 4,700.71 4,717.48 4,689.66 4,711.84   17.74     5.65   11.12    11.05  77,350.00
507  2026-04-24 21:00:00   GOLD 4,711.59 4,740.57 4,706.92 4,726.44   14.60    14.13   14.85     4.66  83,110.00
508  2026-04-24 22:00:00   GOLD 4,726.48 4,733.43 4,715.12 4,727.12    0.68     6.31    0.64    11.36  72,901.00
509  2026-04-24 23:00:00   GOLD 4,727.04 4,729.76 4,719.26 4,726.98   -0.14     2.72   -0.06     7.72  46,613.00
510  2026-04-25 00:00:00   GOLD 4,726.99 4,730.16 4,719.17 4,723.35   -3.63     3.17   -3.64     4.18  41,314.00
511  2026-04-25 01:00:00   GOLD 4,723.38 4,724.98 4,717.02 4,722.91   -0.44     1.60   -0.47     5.89  28,466.00
512  2026-04-25 02:00:00   GOLD 4,722.94 4,726.17 4,713.78 4,716.40   -6.51     3.23   -6.54     2.61  30,076.00
513  2026-04-25 03:00:00   GOLD 4,716.40 4,717.60 4,705.47 4,709.75   -6.65     1.19   -6.65     4.28  17,256.00
514  2026-04-27 20:00:00   GOLD 4,699.40 4,703.68 4,689.12 4,696.23  -13.52     4.28   -3.18     7.10  67,432.00
515  2026-04-27 21:00:00   GOLD 4,696.24 4,696.84 4,676.72 4,678.24  -17.99     0.60  -18.00     1.52  69,848.00
516  2026-04-27 22:00:00   GOLD 4,678.26 4,682.76 4,667.34 4,670.23   -8.01     4.50   -8.02     2.90  63,765.00
517  2026-04-27 23:00:00   GOLD 4,670.24 4,679.72 4,667.43 4,676.90    6.66     2.82    6.66     2.81  37,693.00
518  2026-04-28 00:00:00   GOLD 4,676.91 4,686.31 4,668.44 4,682.24    5.34     4.07    5.32     8.48  41,830.00
519  2026-04-28 01:00:00   GOLD 4,682.24 4,685.59 4,679.06 4,680.73   -1.51     3.34   -1.51     1.67  26,127.00
520  2026-04-28 02:00:00   GOLD 4,680.72 4,682.77 4,676.74 4,680.91    0.18     1.85    0.20     3.98  20,811.00
521  2026-04-28 03:00:00   GOLD 4,680.91 4,681.95 4,677.55 4,681.95    1.04     0.00    1.05     3.36   6,009.00
522  2026-04-28 20:00:00   GOLD 4,593.90 4,594.85 4,570.86 4,580.71 -101.24     0.95  -13.19     9.85 104,379.00
523  2026-04-28 21:00:00   GOLD 4,580.65 4,580.88 4,557.36 4,574.65   -6.06     0.23   -6.00    17.29 112,765.00
524  2026-04-28 22:00:00   GOLD 4,574.65 4,586.73 4,566.99 4,586.62   11.98     0.10   11.97     7.66  92,490.00
525  2026-04-28 23:00:00   GOLD 4,586.63 4,594.93 4,577.91 4,592.24    5.61     2.69    5.61     8.72  58,087.00
526  2026-04-29 00:00:00   GOLD 4,592.26 4,601.51 4,587.28 4,594.94    2.70     6.57    2.69     4.98  48,055.00
527  2026-04-29 01:00:00   GOLD 4,594.97 4,600.65 4,592.23 4,594.41   -0.53     5.69   -0.55     2.19  35,904.00
528  2026-04-29 02:00:00   GOLD 4,594.43 4,600.18 4,593.41 4,595.69    1.28     4.49    1.26     1.02  25,732.00
529  2026-04-29 03:00:00   GOLD 4,595.56 4,598.65 4,591.27 4,596.80    1.11     1.85    1.24     4.29  10,704.00
530  2026-04-29 20:00:00   GOLD 4,544.91 4,553.65 4,510.10 4,521.73  -75.07     8.74  -23.18    11.63  91,030.00
531  2026-04-29 21:00:00   GOLD 4,521.66 4,542.81 4,517.94 4,539.45   17.73     3.36   17.79     3.72  85,285.00
532  2026-04-29 22:00:00   GOLD 4,539.39 4,558.99 4,536.30 4,547.77    8.32    11.22    8.39     3.09  83,527.00
533  2026-04-29 23:00:00   GOLD 4,547.77 4,564.98 4,543.32 4,545.56   -2.21    17.22   -2.20     2.24  65,749.00
534  2026-04-30 00:00:00   GOLD 4,545.60 4,554.62 4,541.79 4,547.83    2.27     6.80    2.23     3.81  53,610.00
535  2026-04-30 01:00:00   GOLD 4,547.84 4,553.05 4,518.34 4,538.24   -9.59     5.21   -9.60    19.90  87,412.00
536  2026-04-30 02:00:00   GOLD 4,538.26 4,550.85 4,533.34 4,546.93    8.69     3.92    8.68     4.91  73,614.00
537  2026-04-30 03:00:00   GOLD 4,546.94 4,553.85 4,541.55 4,543.72   -3.22     6.91   -3.22     2.16  41,254.00
538  2026-04-30 20:00:00   GOLD 4,639.66 4,645.90 4,610.82 4,611.19   67.47     6.24  -28.47     0.37  79,486.00
539  2026-04-30 21:00:00   GOLD 4,611.24 4,625.98 4,609.50 4,619.62    8.43     6.36    8.38     1.74 100,885.00
540  2026-04-30 22:00:00   GOLD 4,619.61 4,625.57 4,611.33 4,615.30   -4.32     5.95   -4.31     3.97  66,725.00
541  2026-04-30 23:00:00   GOLD 4,615.30 4,617.89 4,605.48 4,607.74   -7.56     2.59   -7.55     2.27  40,071.00
542  2026-05-01 00:00:00   GOLD 4,607.71 4,621.77 4,607.70 4,616.90    9.15     4.87    9.19     0.01  43,463.00
543  2026-05-01 01:00:00   GOLD 4,616.91 4,625.36 4,616.73 4,622.64    5.74     2.72    5.73     0.18  31,886.00
544  2026-05-01 02:00:00   GOLD 4,622.65 4,627.41 4,614.65 4,617.17   -5.47     4.77   -5.48     2.52  35,530.00
545  2026-05-01 03:00:00   GOLD 4,617.18 4,622.07 4,615.44 4,622.06    4.89     0.01    4.88     1.74  18,530.00
546  2026-05-01 20:00:00   GOLD 4,591.43 4,628.90 4,586.69 4,625.77    3.71     3.13   34.34     4.74  72,064.00
547  2026-05-01 21:00:00   GOLD 4,625.67 4,660.59 4,625.16 4,632.31    6.54    28.27    6.64     0.51  93,128.00
548  2026-05-01 22:00:00   GOLD 4,632.32 4,648.19 4,619.10 4,643.25   10.94     4.94   10.93    13.22  62,171.00
549  2026-05-01 23:00:00   GOLD 4,643.20 4,650.03 4,633.99 4,638.81   -4.44     6.84   -4.39     4.82  58,580.00
550  2026-05-02 00:00:00   GOLD 4,638.81 4,642.78 4,626.78 4,629.49   -9.32     3.97   -9.32     2.70  38,029.00
551  2026-05-02 01:00:00   GOLD 4,629.49 4,630.73 4,613.85 4,624.39   -5.10     1.23   -5.11    10.53  40,226.00
552  2026-05-02 02:00:00   GOLD 4,624.46 4,627.69 4,609.02 4,610.92  -13.47     3.23  -13.54     1.90  40,346.00
553  2026-05-02 03:00:00   GOLD 4,610.90 4,617.81 4,607.22 4,613.84    2.91     3.97    2.93     3.68  16,468.00
554  2026-05-04 20:00:00   GOLD 4,568.52 4,575.94 4,555.20 4,564.14  -49.69     7.42   -4.38     8.94  74,429.00
555  2026-05-04 21:00:00   GOLD 4,564.16 4,583.38 4,553.44 4,561.62   -2.52    19.22   -2.53     8.19  81,239.00
556  2026-05-04 22:00:00   GOLD 4,561.74 4,566.20 4,513.64 4,521.83  -39.80     4.46  -39.91     8.19 116,986.00
557  2026-05-04 23:00:00   GOLD 4,521.77 4,527.05 4,501.03 4,510.69  -11.14     5.27  -11.08     9.66  86,654.00
558  2026-05-05 00:00:00   GOLD 4,510.74 4,531.72 4,510.74 4,522.48   11.78     9.24   11.74     0.00  54,241.00
559  2026-05-05 01:00:00   GOLD 4,522.52 4,525.40 4,509.96 4,516.40   -6.08     2.88   -6.12     6.44  36,267.00
560  2026-05-05 02:00:00   GOLD 4,516.35 4,527.27 4,511.43 4,517.89    1.49     9.38    1.55     4.92  31,300.00
561  2026-05-05 03:00:00   GOLD 4,517.84 4,524.18 4,512.01 4,524.11    6.22     0.06    6.27     5.84   8,727.00
562  2026-05-05 20:00:00   GOLD 4,564.42 4,585.20 4,564.42 4,579.47   55.36     5.73   15.05     0.00  37,737.00
563  2026-05-05 21:00:00   GOLD 4,579.57 4,586.60 4,565.98 4,582.39    2.92     4.21    2.82    13.59  38,827.00
564  2026-05-05 22:00:00   GOLD 4,582.44 4,583.85 4,568.43 4,568.69  -13.70     1.41  -13.75     0.26  23,919.00
565  2026-05-05 23:00:00   GOLD 4,568.65 4,569.12 4,553.77 4,561.30   -7.39     0.47   -7.36     7.52  23,346.00
566  2026-05-06 00:00:00   GOLD 4,561.28 4,562.79 4,553.35 4,559.94   -1.36     1.51   -1.34     6.59  21,985.00
567  2026-05-06 01:00:00   GOLD 4,559.98 4,565.83 4,557.55 4,560.97    1.03     4.86    0.99     2.43  16,104.00
568  2026-05-06 02:00:00   GOLD 4,561.10 4,561.47 4,551.62 4,555.26   -5.70     0.38   -5.84     3.64  16,162.00
569  2026-05-06 03:00:00   GOLD 4,555.14 4,560.18 4,554.23 4,557.53    2.27     2.65    2.39     0.91  10,392.00
570  2026-05-06 20:00:00   GOLD 4,683.32 4,707.82 4,669.02 4,702.13  144.60     5.69   18.81    14.30  61,933.00
571  2026-05-06 21:00:00   GOLD 4,702.13 4,717.62 4,697.71 4,703.20    1.07    14.42    1.07     4.42  58,841.00
572  2026-05-06 22:00:00   GOLD 4,703.17 4,705.91 4,687.79 4,687.79  -15.41     2.74  -15.38     0.00  35,725.00
573  2026-05-06 23:00:00   GOLD 4,687.75 4,692.19 4,679.70 4,683.21   -4.58     4.44   -4.54     3.51  34,178.00
574  2026-05-07 00:00:00   GOLD 4,683.20 4,688.14 4,679.15 4,684.27    1.06     3.87    1.07     4.06  25,268.00
575  2026-05-07 01:00:00   GOLD 4,684.27 4,690.62 4,682.12 4,686.13    1.86     4.49    1.86     2.15  17,250.00
576  2026-05-07 02:00:00   GOLD 4,686.14 4,700.23 4,686.14 4,692.48    6.35     7.76    6.34     0.00  22,651.00
577  2026-05-07 03:00:00   GOLD 4,692.45 4,699.63 4,685.26 4,690.91   -1.57     7.18   -1.55     5.65  11,024.00
578  2026-05-07 20:00:00   GOLD 4,750.23 4,758.16 4,731.38 4,746.49   55.59     7.93   -3.74    15.11  52,182.00
579  2026-05-07 21:00:00   GOLD 4,746.24 4,763.58 4,741.28 4,762.89   16.39     0.69   16.64     4.97  46,492.00
580  2026-05-07 22:00:00   GOLD 4,762.90 4,764.90 4,726.43 4,729.31  -33.58     2.01  -33.59     2.88  55,550.00
581  2026-05-07 23:00:00   GOLD 4,729.31 4,729.87 4,704.57 4,715.24  -14.07     0.56  -14.07    10.66  58,447.00
582  2026-05-08 00:00:00   GOLD 4,715.23 4,719.69 4,687.92 4,711.44   -3.80     4.45   -3.80    23.52  72,936.00
583  2026-05-08 01:00:00   GOLD 4,711.44 4,716.09 4,695.53 4,709.64   -1.80     4.65   -1.80    14.11  48,329.00
584  2026-05-08 02:00:00   GOLD 4,709.62 4,712.93 4,697.98 4,703.05   -6.60     3.31   -6.57     5.07  46,838.00
585  2026-05-08 03:00:00   GOLD 4,703.06 4,719.19 4,686.28 4,687.18  -15.86    16.14  -15.88     0.90  26,787.00
586  2026-05-08 20:00:00   GOLD 4,724.40 4,748.02 4,716.51 4,747.85   60.67     0.16   23.45     7.89  58,399.00
587  2026-05-08 21:00:00   GOLD 4,747.84 4,749.58 4,713.49 4,716.01  -31.84     1.74  -31.83     2.52  62,433.00
588  2026-05-08 22:00:00   GOLD 4,716.02 4,721.06 4,702.06 4,707.22   -8.79     5.04   -8.80     5.16  51,892.00
589  2026-05-08 23:00:00   GOLD 4,707.23 4,720.28 4,705.55 4,712.52    5.30     7.76    5.30     1.68  30,780.00
590  2026-05-09 00:00:00   GOLD 4,712.51 4,722.77 4,712.23 4,720.96    8.44     1.81    8.45     0.28  21,229.00
591  2026-05-09 01:00:00   GOLD 4,721.02 4,729.02 4,720.01 4,722.00    1.04     7.02    0.98     1.01  22,792.00
592  2026-05-09 02:00:00   GOLD 4,721.99 4,726.91 4,721.06 4,724.09    2.09     2.82    2.10     0.93  17,565.00
593  2026-05-09 03:00:00   GOLD 4,724.19 4,724.43 4,714.74 4,715.72   -8.38     0.24   -8.47     0.97  11,644.00
594  2026-05-11 20:00:00   GOLD 4,700.06 4,748.95 4,698.82 4,736.14   20.42    12.81   36.08     1.24  56,246.00
595  2026-05-11 21:00:00   GOLD 4,736.12 4,738.47 4,715.20 4,725.62  -10.51     2.34  -10.50    10.42  47,799.00
596  2026-05-11 22:00:00   GOLD 4,725.61 4,738.19 4,722.90 4,732.36    6.73     5.84    6.75     2.71  29,488.00
597  2026-05-11 23:00:00   GOLD 4,732.38 4,733.73 4,708.01 4,716.48  -15.88     1.36  -15.89     8.48  30,290.00
598  2026-05-12 00:00:00   GOLD 4,716.41 4,724.84 4,715.92 4,723.90    7.41     0.94    7.48     0.49  22,464.00
599  2026-05-12 01:00:00   GOLD 4,724.03 4,729.47 4,721.11 4,725.09    1.19     4.39    1.05     2.93  18,139.00
600  2026-05-12 02:00:00   GOLD 4,725.13 4,736.21 4,722.49 4,733.65    8.57     2.56    8.52     2.64  22,660.00
601  2026-05-12 03:00:00   GOLD 4,733.76 4,738.59 4,729.98 4,735.45    1.80     3.14    1.70     3.77   9,695.00
602  2026-05-12 20:00:00   GOLD 4,705.73 4,709.02 4,676.88 4,679.23  -56.23     3.30  -26.50     2.35  66,216.00
603  2026-05-12 21:00:00   GOLD 4,679.36 4,695.23 4,669.56 4,673.00   -6.23    15.87   -6.36     3.44  68,257.00
604  2026-05-12 22:00:00   GOLD 4,672.99 4,676.23 4,638.36 4,666.28   -6.72     3.24   -6.70    27.92  64,175.00
605  2026-05-12 23:00:00   GOLD 4,666.29 4,675.19 4,664.27 4,671.38    5.09     3.81    5.09     2.02  32,780.00
606  2026-05-13 00:00:00   GOLD 4,671.38 4,682.42 4,671.38 4,678.84    7.47     3.58    7.46     0.00  26,498.00
607  2026-05-13 01:00:00   GOLD 4,678.82 4,698.14 4,676.23 4,695.94   17.10     2.20   17.11     2.59  35,818.00
608  2026-05-13 02:00:00   GOLD 4,695.96 4,715.70 4,695.96 4,715.60   19.66     0.11   19.64     0.00  33,026.00
609  2026-05-13 03:00:00   GOLD 4,715.55 4,719.36 4,712.15 4,715.49   -0.10     3.82   -0.05     3.34  11,449.00
610  2026-05-13 20:00:00   GOLD 4,683.72 4,694.82 4,669.52 4,679.41  -36.08    11.11   -4.30     9.89  52,002.00
611  2026-05-13 21:00:00   GOLD 4,679.40 4,691.12 4,672.89 4,679.75    0.34    11.37    0.35     6.52  46,133.00
612  2026-05-13 22:00:00   GOLD 4,679.82 4,700.02 4,678.92 4,695.72   15.97     4.31   15.89     0.90  33,810.00
613  2026-05-13 23:00:00   GOLD 4,695.65 4,709.90 4,695.13 4,695.86    0.15    14.03    0.22     0.52  34,705.00
614  2026-05-14 00:00:00   GOLD 4,695.89 4,701.28 4,684.56 4,685.60  -10.26     5.39  -10.28     1.05  26,580.00
615  2026-05-14 01:00:00   GOLD 4,685.64 4,694.18 4,677.63 4,685.11   -0.49     8.54   -0.53     7.48  25,488.00
616  2026-05-14 02:00:00   GOLD 4,685.14 4,690.70 4,683.52 4,688.38    3.27     2.32    3.24     1.62  22,055.00
617  2026-05-14 03:00:00   GOLD 4,688.47 4,693.48 4,686.07 4,689.14    0.76     4.34    0.68     2.39  10,655.00
618  2026-05-14 20:00:00   GOLD 4,704.94 4,707.94 4,666.78 4,679.77   -9.37     2.99  -25.17    12.99  68,229.00
619  2026-05-14 21:00:00   GOLD 4,679.84 4,700.98 4,677.81 4,679.53   -0.24    21.14   -0.31     1.72  54,694.00
620  2026-05-14 22:00:00   GOLD 4,679.62 4,689.62 4,677.19 4,685.77    6.24     3.86    6.15     2.43  34,522.00
621  2026-05-14 23:00:00   GOLD 4,685.81 4,687.06 4,670.51 4,678.66   -7.11     1.24   -7.15     8.15  29,916.00
622  2026-05-15 00:00:00   GOLD 4,678.68 4,683.11 4,676.49 4,678.33   -0.33     4.44   -0.35     1.84  27,379.00
623  2026-05-15 01:00:00   GOLD 4,678.34 4,678.41 4,667.16 4,671.80   -6.53     0.07   -6.54     4.64  23,619.00
624  2026-05-15 02:00:00   GOLD 4,671.89 4,672.02 4,653.26 4,654.37  -17.43     0.13  -17.52     1.11  24,756.00
625  2026-05-15 03:00:00   GOLD 4,654.39 4,657.18 4,644.31 4,652.27   -2.10     2.80   -2.11     7.96  14,503.00
626  2026-05-15 20:00:00   GOLD 4,545.97 4,557.66 4,510.98 4,533.69 -118.59    11.69  -12.28    22.70  84,829.00
627  2026-05-15 21:00:00   GOLD 4,533.65 4,566.73 4,525.47 4,562.85   29.16     3.88   29.20     8.18  84,332.00
628  2026-05-15 22:00:00   GOLD 4,562.86 4,563.78 4,533.86 4,539.95  -22.90     0.91  -22.91     6.09  50,314.00
629  2026-05-15 23:00:00   GOLD 4,539.99 4,548.26 4,529.56 4,544.40    4.45     3.86    4.40    10.44  40,900.00
630  2026-05-16 00:00:00   GOLD 4,544.23 4,564.60 4,543.10 4,559.65   15.25     4.95   15.42     1.12  37,065.00
631  2026-05-16 01:00:00   GOLD 4,559.69 4,563.11 4,552.41 4,559.25   -0.40     3.43   -0.44     6.84  30,642.00
632  2026-05-16 02:00:00   GOLD 4,559.26 4,560.18 4,545.10 4,546.01  -13.24     0.93  -13.25     0.90  27,400.00
633  2026-05-16 03:00:00   GOLD 4,546.01 4,546.47 4,533.34 4,540.65   -5.36     0.46   -5.36     7.31  20,888.00
634  2026-05-18 20:00:00   GOLD 4,571.43 4,584.38 4,561.98 4,575.75   35.10     8.62    4.32     9.45  64,177.00
635  2026-05-18 21:00:00   GOLD 4,575.63 4,575.63 4,537.81 4,546.53  -29.22     0.00  -29.10     8.72  70,660.00
636  2026-05-18 22:00:00   GOLD 4,546.56 4,548.02 4,531.85 4,543.71   -2.82     1.47   -2.85    11.86  48,337.00
637  2026-05-18 23:00:00   GOLD 4,543.72 4,554.69 4,533.91 4,550.21    6.50     4.48    6.49     9.80  40,225.00
638  2026-05-19 00:00:00   GOLD 4,550.04 4,558.29 4,545.65 4,546.94   -3.27     8.25   -3.10     1.29  28,532.00
639  2026-05-19 01:00:00   GOLD 4,546.95 4,547.77 4,534.38 4,535.85  -11.08     0.82  -11.10     1.48  26,672.00
640  2026-05-19 02:00:00   GOLD 4,535.86 4,565.07 4,535.34 4,558.55   22.70     6.52   22.69     0.52  55,582.00
641  2026-05-19 03:00:00   GOLD 4,558.62 4,566.87 4,558.08 4,566.16    7.61     0.71    7.53     0.55  12,559.00
642  2026-05-19 20:00:00   GOLD 4,537.39 4,537.70 4,464.78 4,504.18  -61.98     0.31  -33.21    39.40  95,436.00
643  2026-05-19 21:00:00   GOLD 4,504.06 4,514.23 4,484.49 4,494.16  -10.01    10.17   -9.89     9.67  85,867.00
644  2026-05-19 22:00:00   GOLD 4,494.10 4,509.48 4,489.85 4,508.63   14.47     0.85   14.53     4.25  44,595.00
645  2026-05-19 23:00:00   GOLD 4,508.64 4,512.70 4,496.39 4,507.90   -0.73     4.06   -0.74    11.51  34,676.00
646  2026-05-20 00:00:00   GOLD 4,507.73 4,511.12 4,499.31 4,500.90   -7.00     3.40   -6.83     1.59  27,481.00
647  2026-05-20 01:00:00   GOLD 4,500.91 4,503.84 4,490.33 4,493.65   -7.25     2.93   -7.27     3.32  32,551.00
648  2026-05-20 02:00:00   GOLD 4,493.63 4,497.84 4,481.28 4,483.50  -10.15     4.21  -10.13     2.22  33,331.00
649  2026-05-20 03:00:00   GOLD 4,483.44 4,488.35 4,481.07 4,482.11   -1.39     4.91   -1.32     1.05  11,976.00
650  2026-05-20 20:00:00   GOLD 4,496.24 4,506.36 4,482.26 4,483.27    1.15    10.12  -12.97     1.01  47,755.00
651  2026-05-20 21:00:00   GOLD 4,483.28 4,537.35 4,467.24 4,531.30   48.03     6.06   48.01    16.04 102,713.00
652  2026-05-20 22:00:00   GOLD 4,531.30 4,553.05 4,523.18 4,529.21   -2.09    21.74   -2.09     6.03  66,563.00
653  2026-05-20 23:00:00   GOLD 4,529.27 4,535.56 4,524.11 4,534.47    5.26     1.09    5.19     5.16  40,821.00
654  2026-05-21 00:00:00   GOLD 4,534.48 4,538.24 4,529.99 4,531.44   -3.02     3.76   -3.03     1.45  30,495.00
655  2026-05-21 01:00:00   GOLD 4,531.27 4,545.16 4,529.12 4,542.52   11.07     2.64   11.24     2.15  28,924.00
656  2026-05-21 02:00:00   GOLD 4,542.52 4,550.38 4,541.81 4,545.68    3.16     4.70    3.15     0.71  26,180.00
657  2026-05-21 03:00:00   GOLD 4,545.66 4,550.44 4,542.18 4,543.70   -1.97     4.78   -1.95     1.52  16,745.00
658  2026-05-21 20:00:00   GOLD 4,504.24 4,521.10 4,488.63 4,513.45  -30.25     7.64    9.21    15.61  76,079.00
659  2026-05-21 21:00:00   GOLD 4,513.47 4,515.41 4,498.17 4,508.80   -4.66     1.95   -4.67    10.62  67,841.00
660  2026-05-21 22:00:00   GOLD 4,508.84 4,515.43 4,496.91 4,512.05    3.25     3.39    3.21    11.93  47,068.00
661  2026-05-21 23:00:00   GOLD 4,512.15 4,520.81 4,512.15 4,519.47    7.42     1.35    7.32     0.00  40,581.00
662  2026-05-22 00:00:00   GOLD 4,519.47 4,559.36 4,514.28 4,551.44   31.97     7.93   31.97     5.19  81,076.00
663  2026-05-22 01:00:00   GOLD 4,551.48 4,556.09 4,527.51 4,532.03  -19.40     4.61  -19.44     4.52  57,079.00
664  2026-05-22 02:00:00   GOLD 4,532.04 4,543.94 4,529.80 4,543.09   11.05     0.85   11.05     2.24  38,039.00
665  2026-05-22 03:00:00   GOLD 4,543.07 4,544.93 4,539.94 4,543.43    0.34     1.50    0.36     3.13  11,868.00
666  2026-05-22 20:00:00   GOLD 4,528.23 4,534.49 4,510.32 4,514.02  -29.40     6.27  -14.20     3.70  56,931.00
667  2026-05-22 21:00:00   GOLD 4,513.60 4,513.73 4,491.93 4,500.61  -13.41     0.13  -12.99     8.68  66,040.00
668  2026-05-22 22:00:00   GOLD 4,500.73 4,522.56 4,500.24 4,519.98   19.36     2.58   19.25     0.48  37,120.00
669  2026-05-22 23:00:00   GOLD 4,520.09 4,526.91 4,512.38 4,515.05   -4.93     6.83   -5.03     2.67  33,084.00
670  2026-05-23 00:00:00   GOLD 4,515.10 4,527.99 4,513.22 4,519.26    4.20     8.74    4.15     1.89  38,525.00
671  2026-05-23 01:00:00   GOLD 4,519.24 4,520.34 4,512.11 4,515.27   -3.98     1.10   -3.97     3.16  25,059.00
672  2026-05-23 02:00:00   GOLD 4,515.28 4,516.05 4,504.34 4,508.45   -6.82     0.77   -6.83     4.11  28,965.00
673  2026-05-23 03:00:00   GOLD 4,508.48 4,510.69 4,504.17 4,509.69    1.24     1.00    1.21     4.31  16,888.00
674  2026-05-25 20:00:00   GOLD 4,567.74 4,571.60 4,560.17 4,563.12   53.44     3.86   -4.61     2.95  26,184.00
675  2026-05-25 21:00:00   GOLD 4,563.14 4,570.65 4,562.46 4,566.98    3.86     3.67    3.84     0.68  18,560.00
676  2026-05-25 22:00:00   GOLD 4,566.97 4,574.88 4,565.66 4,571.06    4.08     3.81    4.09     1.31  17,373.00
677  2026-05-25 23:00:00   GOLD 4,571.07 4,574.69 4,568.01 4,573.63    2.57     1.06    2.56     3.06   8,369.00
678  2026-05-26 00:00:00   GOLD 4,573.48 4,578.06 4,563.36 4,565.11   -8.52     4.58   -8.38     1.74  11,653.00
679  2026-05-26 01:00:00   GOLD 4,565.18 4,572.05 4,564.32 4,570.31    5.20     1.74    5.14     0.85   4,196.00
680  2026-05-26 20:00:00   GOLD 4,520.56 4,531.48 4,512.30 4,514.15  -56.16    10.91   -6.41     1.85  50,730.00
681  2026-05-26 21:00:00   GOLD 4,514.37 4,525.11 4,507.91 4,515.43    1.28     9.68    1.06     6.46  39,891.00
682  2026-05-26 22:00:00   GOLD 4,515.49 4,515.76 4,502.41 4,506.64   -8.78     0.26   -8.85     4.23  36,373.00
683  2026-05-26 23:00:00   GOLD 4,506.73 4,511.34 4,499.85 4,505.15   -1.49     4.61   -1.57     5.31  28,933.00
684  2026-05-27 00:00:00   GOLD 4,505.15 4,507.77 4,490.02 4,491.19  -13.97     2.61  -13.97     1.16  27,077.00
685  2026-05-27 01:00:00   GOLD 4,491.14 4,499.66 4,482.62 4,499.43    8.24     0.23    8.29     8.52  25,840.00
686  2026-05-27 02:00:00   GOLD 4,499.43 4,510.06 4,497.81 4,509.05    9.62     1.01    9.62     1.62  17,557.00
687  2026-05-27 03:00:00   GOLD 4,509.04 4,511.22 4,504.20 4,507.57   -1.48     2.18   -1.47     3.37   9,561.00
688  2026-05-27 20:00:00   GOLD 4,438.98 4,439.22 4,401.63 4,427.43  -80.14     0.24  -11.55    25.80  85,168.00
689  2026-05-27 21:00:00   GOLD 4,427.45 4,455.65 4,426.08 4,434.10    6.68    21.55    6.65     1.38  61,646.00
690  2026-05-27 22:00:00   GOLD 4,434.07 4,441.64 4,428.21 4,436.55    2.45     5.09    2.48     5.86  35,592.00
691  2026-05-27 23:00:00   GOLD 4,436.56 4,453.36 4,434.23 4,450.80   14.25     2.56   14.24     2.33  25,994.00
692  2026-05-28 00:00:00   GOLD 4,450.82 4,454.39 4,441.41 4,450.49   -0.31     3.57   -0.32     9.08  25,881.00
693  2026-05-28 01:00:00   GOLD 4,450.28 4,458.44 4,447.80 4,454.44    3.94     4.01    4.16     2.48  15,321.00
694  2026-05-28 02:00:00   GOLD 4,454.44 4,454.85 4,448.90 4,451.01   -3.43     0.41   -3.43     2.11  15,025.00
695  2026-05-28 03:00:00   GOLD 4,450.93 4,458.98 4,450.13 4,456.12    5.11     2.86    5.19     0.80   6,897.00
696  2026-05-28 20:00:00   GOLD 4,432.24 4,439.19 4,418.26 4,430.46  -25.66     6.94   -1.78    12.20  59,132.00
697  2026-05-28 21:00:00   GOLD 4,430.28 4,480.53 4,420.87 4,469.97   39.51    10.56   39.69     9.41  99,685.00
698  2026-05-28 22:00:00   GOLD 4,469.94 4,484.99 4,468.82 4,482.51   12.53     2.49   12.56     1.12  45,623.00
699  2026-05-28 23:00:00   GOLD 4,482.51 4,511.07 4,477.69 4,511.02   28.51     0.06   28.51     4.82  46,877.00
700  2026-05-29 00:00:00   GOLD 4,511.03 4,514.63 4,501.31 4,509.06   -1.95     3.60   -1.97     7.76  32,062.00
701  2026-05-29 01:00:00   GOLD 4,509.06 4,516.63 4,498.65 4,501.39   -7.68     7.57   -7.68     2.74  27,754.00
702  2026-05-29 02:00:00   GOLD 4,501.36 4,503.79 4,497.31 4,497.99   -3.39     2.43   -3.37     0.69  18,028.00
703  2026-05-29 03:00:00   GOLD 4,497.97 4,500.72 4,494.77 4,495.82   -2.17     2.75   -2.14     1.05  11,007.00
704  2026-05-29 20:00:00   GOLD 4,523.18 4,540.78 4,517.04 4,536.73   40.90     4.06   13.55     6.14  47,681.00
705  2026-05-29 21:00:00   GOLD 4,536.73 4,570.61 4,525.38 4,564.14   27.41     6.47   27.41    11.35  80,657.00
706  2026-05-29 22:00:00   GOLD 4,564.13 4,595.33 4,557.56 4,571.25    7.11    24.08    7.12     6.57  78,355.00
707  2026-05-29 23:00:00   GOLD 4,571.30 4,573.68 4,560.07 4,567.03   -4.22     2.38   -4.27     6.96  32,827.00
708  2026-05-30 00:00:00   GOLD 4,567.05 4,568.57 4,551.72 4,553.51  -13.52     1.52  -13.54     1.80  29,855.00
709  2026-05-30 01:00:00   GOLD 4,553.55 4,561.75 4,551.02 4,553.24   -0.27     8.20   -0.30     2.23  27,273.00
710  2026-05-30 02:00:00   GOLD 4,553.24 4,560.29 4,542.90 4,545.69   -7.56     7.05   -7.55     2.79  24,472.00
711  2026-05-30 03:00:00   GOLD 4,545.52 4,549.24 4,540.06 4,540.53   -5.16     3.72   -4.99     0.47  14,343.00
712  2026-06-01 20:00:00   GOLD 4,502.27 4,503.98 4,448.35 4,450.74  -89.78     1.72  -51.52     2.39  95,772.00
713  2026-06-01 21:00:00   GOLD 4,449.60 4,464.85 4,447.86 4,458.81    8.07     6.03    9.22     1.74  60,770.00
714  2026-06-01 22:00:00   GOLD 4,458.83 4,479.89 4,455.60 4,474.29   15.48     5.60   15.46     3.23  37,038.00
715  2026-06-01 23:00:00   GOLD 4,474.16 4,482.27 4,463.07 4,480.17    5.88     2.10    6.01    11.09  32,321.00
716  2026-06-02 00:00:00   GOLD 4,480.23 4,495.54 4,471.58 4,487.46    7.29     8.08    7.23     8.65  37,100.00
717  2026-06-02 01:00:00   GOLD 4,487.45 4,490.24 4,484.91 4,486.73   -0.73     2.78   -0.73     1.81  15,851.00
718  2026-06-02 02:00:00   GOLD 4,486.60 4,488.24 4,479.16 4,481.27   -5.46     1.64   -5.34     2.11  17,582.00
719  2026-06-02 03:00:00   GOLD 4,481.29 4,485.89 4,480.26 4,484.73    3.46     1.16    3.44     1.03   6,663.00
720  2026-06-02 20:00:00   GOLD 4,514.84 4,524.91 4,503.02 4,503.08   18.35    10.07  -11.76     0.06  43,364.00
721  2026-06-02 21:00:00   GOLD 4,503.06 4,507.06 4,490.44 4,504.27    1.19     2.79    1.22    12.62  47,741.00
722  2026-06-02 22:00:00   GOLD 4,504.29 4,508.64 4,500.16 4,502.18   -2.09     4.35   -2.11     2.02  25,483.00
723  2026-06-02 23:00:00   GOLD 4,502.24 4,502.85 4,486.35 4,491.97  -10.22     0.61  -10.28     5.61  24,554.00
724  2026-06-03 00:00:00   GOLD 4,491.95 4,493.22 4,482.14 4,484.61   -7.35     1.27   -7.34     2.47  21,368.00
725  2026-06-03 01:00:00   GOLD 4,484.63 4,491.07 4,478.78 4,487.36    2.75     3.71    2.73     5.85  16,656.00
726  2026-06-03 02:00:00   GOLD 4,487.39 4,490.38 4,483.49 4,488.20    0.84     2.17    0.82     3.89  14,816.00
727  2026-06-03 03:00:00   GOLD 4,488.19 4,491.14 4,486.31 4,487.95   -0.25     2.95   -0.23     1.64   5,727.00
728  2026-06-03 20:00:00   GOLD 4,460.34 4,466.20 4,426.42 4,446.88  -41.08     5.86  -13.47    20.45  68,986.00
729  2026-06-03 21:00:00   GOLD 4,446.84 4,459.74 4,442.48 4,457.24   10.36     2.51   10.40     4.36  58,316.00
730  2026-06-03 22:00:00   GOLD 4,457.30 4,458.52 4,436.76 4,442.40  -14.84     1.22  -14.90     5.65  42,909.00
731  2026-06-03 23:00:00   GOLD 4,442.27 4,444.05 4,433.93 4,442.00   -0.40     1.78   -0.27     8.07  30,466.00
732  2026-06-04 00:00:00   GOLD 4,442.03 4,448.44 4,435.73 4,439.20   -2.80     6.41   -2.84     3.47  23,929.00
733  2026-06-04 01:00:00   GOLD 4,439.19 4,443.07 4,435.53 4,442.23    3.03     0.84    3.05     3.65  21,212.00
734  2026-06-04 02:00:00   GOLD 4,442.23 4,452.32 4,441.60 4,444.03    1.80     8.30    1.80     0.62  24,550.00
735  2026-06-04 03:00:00   GOLD 4,444.04 4,445.48 4,430.64 4,434.72   -9.31     1.44   -9.32     4.08  15,860.00
736  2026-06-04 20:00:00   GOLD 4,504.17 4,515.52 4,495.52 4,495.86   61.15    11.35   -8.31     0.35  48,411.00
737  2026-06-04 21:00:00   GOLD 4,495.87 4,500.03 4,457.36 4,466.11  -29.76     4.16  -29.76     8.75  57,131.00
738  2026-06-04 22:00:00   GOLD 4,466.11 4,479.11 4,463.78 4,477.45   11.34     1.66   11.34     2.34  37,185.00
739  2026-06-04 23:00:00   GOLD 4,477.44 4,485.17 4,475.37 4,482.85    5.40     2.32    5.42     2.07  27,630.00
740  2026-06-05 00:00:00   GOLD 4,482.84 4,482.84 4,474.09 4,478.16   -4.69     0.00   -4.68     4.07  22,630.00
741  2026-06-05 01:00:00   GOLD 4,478.19 4,481.22 4,472.77 4,478.28    0.12     2.94    0.09     5.41  17,464.00
742  2026-06-05 02:00:00   GOLD 4,478.27 4,483.56 4,476.20 4,480.77    2.49     2.78    2.50     2.07  20,069.00
743  2026-06-05 03:00:00   GOLD 4,480.78 4,481.65 4,474.45 4,475.29   -5.48     0.88   -5.49     0.84   8,215.00
744  2026-06-05 20:00:00   GOLD 4,406.65 4,421.23 4,365.48 4,365.76 -109.53    14.59  -40.89     0.28 102,799.00
745  2026-06-05 21:00:00   GOLD 4,365.86 4,379.45 4,344.60 4,369.81    4.06     9.64    3.95    21.26 102,931.00
746  2026-06-05 22:00:00   GOLD 4,369.86 4,372.61 4,334.11 4,335.65  -34.16     2.76  -34.21     1.54  58,252.00
747  2026-06-05 23:00:00   GOLD 4,335.58 4,345.10 4,323.27 4,344.68    9.03     0.41    9.10    12.31  67,296.00
748  2026-06-06 00:00:00   GOLD 4,344.85 4,347.45 4,335.72 4,341.97   -2.72     2.60   -2.89     6.25  58,559.00
749  2026-06-06 01:00:00   GOLD 4,341.97 4,342.35 4,315.35 4,322.48  -19.48     0.38  -19.49     7.14  58,978.00
750  2026-06-06 02:00:00   GOLD 4,322.55 4,325.22 4,314.01 4,318.73   -3.76     2.66   -3.82     4.72  64,388.00
751  2026-06-06 03:00:00   GOLD 4,318.74 4,330.79 4,311.93 4,327.89    9.16     2.90    9.14     6.81  30,967.00
752  2026-06-08 20:00:00   GOLD 4,333.35 4,346.88 4,321.30 4,327.19   -0.70    13.53   -6.16     5.89  67,054.00
753  2026-06-08 21:00:00   GOLD 4,327.00 4,331.70 4,314.94 4,331.01    3.82     0.69    4.01    12.06  59,813.00
754  2026-06-08 22:00:00   GOLD 4,331.07 4,345.77 4,322.67 4,341.84   10.83     3.93   10.77     8.40  39,000.00
755  2026-06-08 23:00:00   GOLD 4,341.82 4,346.40 4,337.89 4,340.77   -1.07     4.58   -1.05     2.88  41,759.00
756  2026-06-09 00:00:00   GOLD 4,340.81 4,342.52 4,332.02 4,339.20   -1.57     1.71   -1.61     7.18  45,341.00
757  2026-06-09 01:00:00   GOLD 4,339.23 4,346.01 4,333.02 4,334.79   -4.41     6.78   -4.44     1.77  29,849.00
758  2026-06-09 02:00:00   GOLD 4,334.81 4,338.30 4,323.36 4,326.63   -8.16     3.48   -8.18     3.27  33,620.00
759  2026-06-09 03:00:00   GOLD 4,326.61 4,330.40 4,324.59 4,330.06    3.43     0.34    3.45     2.02  10,360.00
760  2026-06-09 20:00:00   GOLD 4,341.57 4,363.72 4,325.28 4,329.07   -0.99    22.15  -12.49     3.79  51,779.00
761  2026-06-09 21:00:00   GOLD 4,329.06 4,336.22 4,278.58 4,300.53  -28.54     7.16  -28.52    21.95 100,301.00
762  2026-06-09 22:00:00   GOLD 4,300.65 4,302.23 4,263.29 4,272.46  -28.07     1.59  -28.19     9.17  95,175.00
763  2026-06-09 23:00:00   GOLD 4,272.39 4,281.30 4,236.70 4,252.16  -20.30     8.91  -20.22    15.47 131,448.00
764  2026-06-10 00:00:00   GOLD 4,252.19 4,268.23 4,251.40 4,263.13   10.97     5.10   10.94     0.79  82,728.00
765  2026-06-10 01:00:00   GOLD 4,263.12 4,274.35 4,259.59 4,270.10    6.97     4.24    6.98     3.53  45,926.00
766  2026-06-10 02:00:00   GOLD 4,270.15 4,271.68 4,249.96 4,258.81  -11.29     1.52  -11.34     8.85  52,616.00
767  2026-06-10 03:00:00   GOLD 4,258.85 4,262.19 4,255.69 4,259.97    1.15     2.23    1.11     3.16  12,595.00
768  2026-06-10 20:00:00   GOLD 4,147.29 4,186.42 4,133.06 4,179.60  -80.36     6.82   32.31    14.23 105,965.00
769  2026-06-10 21:00:00   GOLD 4,179.69 4,181.22 4,117.78 4,125.00  -54.60     1.52  -54.69     7.22  92,742.00
770  2026-06-10 22:00:00   GOLD 4,124.98 4,137.06 4,107.03 4,128.92    3.92     8.14    3.94    17.95 108,166.00
771  2026-06-10 23:00:00   GOLD 4,128.98 4,135.39 4,116.16 4,122.13   -6.79     6.41   -6.85     5.97  79,215.00
772  2026-06-11 00:00:00   GOLD 4,122.09 4,135.08 4,100.98 4,111.72  -10.41    12.99  -10.36    10.74  64,716.00
773  2026-06-11 01:00:00   GOLD 4,111.78 4,120.51 4,097.10 4,101.67  -10.05     8.73  -10.11     4.57  51,443.00
774  2026-06-11 02:00:00   GOLD 4,101.69 4,102.25 4,081.73 4,082.78  -18.89     0.56  -18.91     1.05  56,670.00
775  2026-06-11 03:00:00   GOLD 4,082.75 4,083.18 4,067.24 4,072.01  -10.76     0.43  -10.74     4.78  22,864.00
776  2026-06-11 20:00:00   GOLD 4,081.98 4,092.92 4,067.28 4,083.24   11.22     9.68    1.26    14.70  88,003.00
777  2026-06-11 21:00:00   GOLD 4,083.28 4,085.57 4,052.97 4,073.41   -9.83     2.30   -9.87    20.43  91,569.00
778  2026-06-11 22:00:00   GOLD 4,073.41 4,095.66 4,070.38 4,088.91   15.50     6.75   15.50     3.03  73,020.00
779  2026-06-11 23:00:00   GOLD 4,088.91 4,107.76 4,078.03 4,080.38   -8.53    18.85   -8.53     2.34  57,738.00
780  2026-06-12 00:00:00   GOLD 4,080.38 4,170.10 4,072.02 4,151.90   71.52    18.20   71.52     8.36 119,056.00
781  2026-06-12 01:00:00   GOLD 4,151.93 4,171.76 4,131.45 4,161.87    9.97     9.89    9.94    20.47 105,890.00
782  2026-06-12 02:00:00   GOLD 4,161.94 4,220.22 4,161.94 4,208.91   47.04    11.31   46.97     0.00  91,176.00
783  2026-06-12 03:00:00   GOLD 4,208.97 4,218.69 4,208.17 4,211.19    2.28     7.49    2.22     0.80  25,413.00
784  2026-06-12 20:00:00   GOLD 4,191.80 4,210.32 4,182.88 4,186.57  -24.62    18.53   -5.22     3.69  85,849.00
785  2026-06-12 21:00:00   GOLD 4,186.55 4,208.62 4,177.25 4,204.07   17.49     4.55   17.52     9.30  88,748.00
786  2026-06-12 22:00:00   GOLD 4,204.06 4,235.69 4,200.38 4,212.12    8.05    23.57    8.06     3.68  73,683.00
787  2026-06-12 23:00:00   GOLD 4,212.15 4,233.09 4,208.20 4,216.15    4.03    16.93    4.00     3.95  69,637.00
788  2026-06-13 00:00:00   GOLD 4,216.19 4,226.52 4,214.03 4,221.52    5.36     5.01    5.33     2.16  43,835.00
789  2026-06-13 01:00:00   GOLD 4,221.53 4,235.48 4,214.22 4,215.62   -5.89    13.95   -5.91     1.41  40,654.00
790  2026-06-13 02:00:00   GOLD 4,215.57 4,219.56 4,201.82 4,210.80   -4.82     3.99   -4.77     8.98  39,290.00
791  2026-06-13 03:00:00   GOLD 4,210.78 4,219.52 4,209.51 4,218.56    7.76     0.96    7.78     1.27  11,204.00
792  2026-06-15 20:00:00   GOLD 4,349.14 4,369.09 4,341.32 4,355.22  136.65    13.87    6.08     7.82  55,163.00
793  2026-06-15 21:00:00   GOLD 4,355.20 4,369.66 4,353.91 4,356.89    1.68    12.77    1.69     1.29  52,954.00
794  2026-06-15 22:00:00   GOLD 4,356.88 4,360.85 4,349.65 4,356.35   -0.55     3.97   -0.53     6.69  35,372.00
795  2026-06-15 23:00:00   GOLD 4,356.40 4,358.82 4,334.65 4,339.19  -17.16     2.43  -17.21     4.54  28,606.00
796  2026-06-16 00:00:00   GOLD 4,339.26 4,339.26 4,320.55 4,324.95  -14.23     0.00  -14.31     4.41  30,858.00
797  2026-06-16 01:00:00   GOLD 4,324.97 4,328.02 4,318.06 4,325.75    0.80     2.27    0.78     6.90  22,011.00
798  2026-06-16 02:00:00   GOLD 4,325.68 4,326.82 4,316.73 4,320.71   -5.04     1.14   -4.97     3.98  22,517.00
799  2026-06-16 03:00:00   GOLD 4,320.73 4,322.10 4,306.55 4,308.85  -11.86     1.37  -11.88     2.31  11,254.00
800  2026-06-16 20:00:00   GOLD 4,354.57 4,354.84 4,331.67 4,331.85   23.00     0.27  -22.72     0.18  41,810.00
801  2026-06-16 21:00:00   GOLD 4,331.82 4,338.89 4,313.32 4,324.19   -7.66     7.07   -7.63    10.87  48,743.00
802  2026-06-16 22:00:00   GOLD 4,324.11 4,343.44 4,321.02 4,335.35   11.16     8.09   11.24     3.09  39,758.00
803  2026-06-16 23:00:00   GOLD 4,335.31 4,347.15 4,334.98 4,340.60    5.25     6.55    5.30     0.33  31,532.00
804  2026-06-17 00:00:00   GOLD 4,340.57 4,341.20 4,325.37 4,340.22   -0.39     0.63   -0.35    14.85  28,195.00
805  2026-06-17 01:00:00   GOLD 4,340.23 4,342.94 4,336.23 4,338.58   -1.64     2.70   -1.65     2.35  19,677.00
806  2026-06-17 02:00:00   GOLD 4,338.66 4,342.92 4,330.69 4,334.10   -4.48     4.26   -4.56     3.41  27,469.00
807  2026-06-17 03:00:00   GOLD 4,334.06 4,335.02 4,329.69 4,331.28   -2.82     0.95   -2.78     1.59   9,878.00
808  2026-06-17 20:00:00   GOLD 4,333.68 4,345.27 4,324.09 4,339.70    8.43     5.57    6.03     9.59  38,917.00
809  2026-06-17 21:00:00   GOLD 4,339.69 4,364.09 4,330.95 4,344.70    4.99    19.39    5.01     8.74  59,442.00
810  2026-06-17 22:00:00   GOLD 4,344.67 4,364.94 4,343.82 4,363.57   18.88     1.36   18.90     0.85  36,297.00
811  2026-06-17 23:00:00   GOLD 4,363.55 4,366.56 4,355.14 4,359.52   -4.06     3.01   -4.03     4.38  18,925.00
812  2026-06-18 00:00:00   GOLD 4,359.51 4,382.61 4,355.34 4,379.55   20.03     3.06   20.05     4.17  33,076.00
813  2026-06-18 01:00:00   GOLD 4,379.51 4,379.51 4,270.20 4,286.52  -93.03     0.00  -92.98    16.32 183,446.00
814  2026-06-18 02:00:00   GOLD 4,286.53 4,295.70 4,219.16 4,236.06  -50.47     9.16  -50.48    16.89 150,070.00
815  2026-06-18 03:00:00   GOLD 4,235.99 4,269.85 4,235.20 4,257.65   21.59    12.20   21.66     0.78  38,820.00
816  2026-06-18 20:00:00   GOLD 4,246.77 4,276.74 4,245.09 4,256.76   -0.89    19.99    9.98     1.68  67,269.00
817  2026-06-18 21:00:00   GOLD 4,256.80 4,257.98 4,237.27 4,252.35   -4.41     1.18   -4.45    15.08  70,836.00
818  2026-06-18 22:00:00   GOLD 4,252.36 4,254.85 4,223.20 4,226.69  -25.66     2.48  -25.68     3.49  62,288.00
819  2026-06-18 23:00:00   GOLD 4,226.75 4,233.47 4,214.16 4,219.65   -7.04     6.72   -7.10     5.48  47,731.00
820  2026-06-19 00:00:00   GOLD 4,219.68 4,233.23 4,218.81 4,230.29   10.64     2.94   10.61     0.87  35,963.00
821  2026-06-19 01:00:00   GOLD 4,230.31 4,233.23 4,218.34 4,218.60  -11.69     2.93  -11.70     0.26  34,594.00
822  2026-06-19 02:00:00   GOLD 4,218.72 4,219.29 4,201.49 4,217.20   -1.40     0.57   -1.51    15.71  40,883.00
823  2026-06-19 03:00:00   GOLD 4,217.21 4,219.69 4,207.69 4,208.99   -8.21     2.48   -8.22     1.31  14,757.00
824  2026-06-19 20:00:00   GOLD 4,179.06 4,183.12 4,150.56 4,151.54  -57.45     4.06  -27.52     0.98  37,503.00
825  2026-06-19 21:00:00   GOLD 4,151.52 4,154.77 4,142.55 4,149.48   -2.06     3.24   -2.04     6.94  24,966.00
826  2026-06-19 22:00:00   GOLD 4,149.48 4,154.15 4,147.84 4,151.25    1.77     2.90    1.77     1.64  16,664.00
827  2026-06-19 23:00:00   GOLD 4,151.24 4,157.98 4,144.32 4,155.40    4.15     2.58    4.16     6.92  16,524.00
828  2026-06-22 20:00:00   GOLD 4,193.29 4,205.80 4,183.00 4,199.88   44.47     5.93    6.59    10.29  62,685.00
829  2026-06-22 21:00:00   GOLD 4,199.93 4,210.78 4,186.48 4,198.39   -1.49    10.85   -1.54    11.91  64,062.00
830  2026-06-22 22:00:00   GOLD 4,198.39 4,201.45 4,169.82 4,182.81  -15.58     3.06  -15.59    12.99  48,585.00
831  2026-06-22 23:00:00   GOLD 4,182.85 4,193.23 4,174.40 4,190.13    7.32     3.10    7.28     8.45  29,077.00
832  2026-06-23 00:00:00   GOLD 4,190.23 4,191.73 4,177.16 4,183.23   -6.90     1.49   -7.00     6.07  25,880.00
833  2026-06-23 01:00:00   GOLD 4,183.31 4,192.91 4,182.67 4,191.34    8.11     1.57    8.03     0.64  22,287.00
834  2026-06-23 02:00:00   GOLD 4,191.36 4,193.47 4,184.23 4,190.76   -0.59     2.11   -0.60     6.53  24,428.00
835  2026-06-23 03:00:00   GOLD 4,190.80 4,193.84 4,188.72 4,191.69    0.93     2.15    0.89     2.08   7,790.00
836  2026-06-23 20:00:00   GOLD 4,113.30 4,140.39 4,105.43 4,135.39  -56.30     5.00   22.10     7.86  72,569.00
837  2026-06-23 21:00:00   GOLD 4,135.35 4,145.22 4,122.77 4,130.08   -5.31     9.86   -5.27     7.31  71,865.00
838  2026-06-23 22:00:00   GOLD 4,130.07 4,141.82 4,123.48 4,138.71    8.63     3.11    8.64     6.59  53,457.00
839  2026-06-23 23:00:00   GOLD 4,138.76 4,143.94 4,131.65 4,134.39   -4.32     5.18   -4.37     2.74  29,357.00
840  2026-06-24 00:00:00   GOLD 4,134.35 4,139.95 4,127.79 4,128.10   -6.28     5.60   -6.25     0.31  29,371.00
841  2026-06-24 01:00:00   GOLD 4,128.12 4,131.16 4,112.88 4,117.88  -10.22     3.04  -10.24     5.00  25,733.00
842  2026-06-24 02:00:00   GOLD 4,117.90 4,126.22 4,111.68 4,111.80   -6.09     8.32   -6.10     0.12  38,801.00
843  2026-06-24 03:00:00   GOLD 4,111.85 4,113.03 4,107.53 4,110.74   -1.05     1.19   -1.10     3.22  13,154.00
844  2026-06-24 20:00:00   GOLD 3,988.11 4,042.26 3,964.64 4,038.36  -72.38     3.90   50.25    23.47 126,230.00
845  2026-06-24 21:00:00   GOLD 4,038.33 4,041.03 4,003.07 4,008.05  -30.31     2.70  -30.28     4.98  89,792.00
846  2026-06-24 22:00:00   GOLD 4,008.17 4,016.97 3,997.37 4,002.64   -5.41     8.80   -5.53     5.27  62,681.00
847  2026-06-24 23:00:00   GOLD 4,002.61 4,022.43 3,995.61 4,006.84    4.21    15.59    4.24     6.99  54,998.00
848  2026-06-25 00:00:00   GOLD 4,006.86 4,011.49 3,972.78 3,972.90  -33.94     4.62  -33.96     0.12  68,466.00
849  2026-06-25 01:00:00   GOLD 3,973.03 3,994.34 3,959.08 3,981.53    8.63    12.81    8.50    13.95  73,663.00
850  2026-06-25 02:00:00   GOLD 3,981.74 3,990.88 3,973.67 3,988.05    6.52     2.82    6.32     8.07  51,361.00
851  2026-06-25 03:00:00   GOLD 3,988.07 4,003.00 3,984.71 3,999.50   11.45     3.50   11.43     3.36  29,631.00
852  2026-06-25 20:00:00   GOLD 4,012.68 4,034.22 4,000.98 4,002.36    2.86    21.55  -10.32     1.38  94,904.00
853  2026-06-25 21:00:00   GOLD 4,002.36 4,028.55 3,999.17 4,011.93    9.56    16.62    9.57     3.19  95,752.00
854  2026-06-25 22:00:00   GOLD 4,011.92 4,042.76 4,005.02 4,041.53   29.60     1.23   29.61     6.90  79,890.00
855  2026-06-25 23:00:00   GOLD 4,041.49 4,044.09 4,023.88 4,028.73  -12.80     2.60  -12.76     4.85  47,003.00
856  2026-06-26 00:00:00   GOLD 4,028.78 4,036.83 4,026.88 4,034.72    5.99     2.11    5.94     1.90  40,208.00
857  2026-06-26 01:00:00   GOLD 4,034.74 4,044.14 4,026.03 4,034.80    0.08     9.34    0.07     8.71  43,424.00
858  2026-06-26 02:00:00   GOLD 4,034.88 4,043.87 4,021.97 4,026.83   -7.97     8.99   -8.05     4.86  38,254.00
859  2026-06-26 03:00:00   GOLD 4,026.74 4,035.16 4,024.51 4,026.92    0.09     8.24    0.18     2.23  13,962.00
860  2026-06-26 20:00:00   GOLD 4,059.03 4,078.26 4,043.23 4,073.77   46.85     4.49   14.74    15.80  87,952.00
861  2026-06-26 21:00:00   GOLD 4,073.75 4,093.15 4,067.80 4,080.59    6.82    12.57    6.84     5.95  70,381.00
862  2026-06-26 22:00:00   GOLD 4,080.63 4,095.99 4,075.72 4,090.62   10.04     5.36    9.99     4.91  41,829.00
863  2026-06-26 23:00:00   GOLD 4,090.71 4,093.78 4,082.21 4,085.20   -5.43     3.07   -5.51     2.99  29,516.00
864  2026-06-27 00:00:00   GOLD 4,085.22 4,088.22 4,073.82 4,074.85  -10.35     2.99  -10.38     1.03  28,429.00
865  2026-06-27 01:00:00   GOLD 4,074.86 4,079.02 4,067.28 4,067.46   -7.39     4.16   -7.40     0.18  19,781.00
866  2026-06-27 02:00:00   GOLD 4,067.48 4,074.70 4,064.70 4,071.82    4.36     2.88    4.34     2.78  26,051.00
867  2026-06-27 03:00:00   GOLD 4,071.84 4,091.20 4,064.80 4,088.39   16.57     2.82   16.54     7.05  25,892.00
868  2026-06-29 20:00:00   GOLD 4,043.78 4,051.93 4,028.32 4,032.26  -56.12     8.15  -11.52     3.95  45,555.00
869  2026-06-29 21:00:00   GOLD 4,032.36 4,035.62 4,000.32 4,025.74   -6.52     3.26   -6.62    25.42  72,757.00
870  2026-06-29 22:00:00   GOLD 4,025.71 4,030.53 4,016.84 4,026.96    1.22     3.57    1.25     8.87  38,256.00
871  2026-06-29 23:00:00   GOLD 4,026.97 4,028.76 4,018.76 4,023.97   -2.99     1.79   -3.00     5.22  21,601.00
872  2026-06-30 00:00:00   GOLD 4,023.98 4,032.17 4,019.41 4,021.05   -2.92     8.19   -2.93     1.65  20,355.00
873  2026-06-30 01:00:00   GOLD 4,021.07 4,025.41 4,012.02 4,013.58   -7.47     4.34   -7.49     1.56  14,911.00
874  2026-06-30 02:00:00   GOLD 4,013.57 4,019.68 4,005.43 4,015.95    2.38     3.72    2.38     8.14  21,525.00
875  2026-06-30 03:00:00   GOLD 4,015.91 4,018.11 4,012.82 4,016.95    1.00     1.16    1.05     3.09   6,714.00
876  2026-06-30 20:00:00   GOLD 4,010.03 4,033.46 4,009.45 4,029.38   12.42     4.09   19.35     0.57  65,636.00
877  2026-06-30 21:00:00   GOLD 4,029.41 4,063.48 4,025.43 4,037.41    8.03    26.07    7.99     3.99  68,285.00
878  2026-06-30 22:00:00   GOLD 4,037.45 4,039.53 4,022.34 4,029.36   -8.04     2.08   -8.09     7.03  45,191.00
879  2026-06-30 23:00:00   GOLD 4,029.34 4,034.01 4,025.86 4,026.18   -3.19     4.68   -3.16     0.32  20,865.00
880  2026-07-01 00:00:00   GOLD 4,026.14 4,032.26 4,020.76 4,030.89    4.71     1.38    4.74     5.38  21,283.00
881  2026-07-01 01:00:00   GOLD 4,030.88 4,033.93 4,028.24 4,028.55   -2.34     3.05   -2.32     0.31  15,825.00
882  2026-07-01 02:00:00   GOLD 4,028.56 4,029.61 4,014.73 4,015.97  -12.58     1.05  -12.59     1.24  25,135.00
883  2026-07-01 03:00:00   GOLD 4,015.99 4,021.26 4,006.58 4,007.53   -8.44     5.28   -8.46     0.95  15,689.00
884  2026-07-01 20:00:00   GOLD 4,022.93 4,108.20 4,012.86 4,089.65   82.12    18.55   66.72    10.07 100,187.00
885  2026-07-01 21:00:00   GOLD 4,090.05 4,115.81 4,082.93 4,093.46    3.81    22.35    3.41     7.12  79,531.00
886  2026-07-01 22:00:00   GOLD 4,093.47 4,094.66 4,076.75 4,081.16  -12.30     1.19  -12.32     4.41  44,440.00
887  2026-07-01 23:00:00   GOLD 4,081.16 4,088.43 4,070.55 4,071.28   -9.88     7.27   -9.88     0.73  35,742.00
888  2026-07-02 00:00:00   GOLD 4,071.18 4,073.72 4,067.33 4,068.21   -3.07     2.55   -2.97     0.88  30,865.00
889  2026-07-02 01:00:00   GOLD 4,068.21 4,070.85 4,057.86 4,062.19   -6.02     2.64   -6.02     4.33  23,206.00
890  2026-07-02 02:00:00   GOLD 4,062.18 4,068.36 4,034.58 4,038.88  -23.31     6.19  -23.30     4.30  28,938.00
891  2026-07-02 03:00:00   GOLD 4,038.87 4,039.83 4,028.26 4,031.70   -7.18     0.96   -7.16     3.44  20,575.00
892  2026-07-02 20:00:00   GOLD 4,117.55 4,144.08 4,109.44 4,136.79  105.09     7.29   19.24     8.11  99,944.00
893  2026-07-02 21:00:00   GOLD 4,136.81 4,138.27 4,114.06 4,128.65   -8.14     1.45   -8.16    14.59  79,793.00
894  2026-07-02 22:00:00   GOLD 4,128.64 4,131.66 4,114.74 4,128.54   -0.11     3.02   -0.10    13.80  64,073.00
895  2026-07-02 23:00:00   GOLD 4,128.60 4,130.39 4,100.35 4,118.19  -10.35     1.79  -10.41    17.83  44,173.00
896  2026-07-03 00:00:00   GOLD 4,118.02 4,120.05 4,105.85 4,106.89  -11.30     2.02  -11.13     1.04  38,312.00
897  2026-07-03 01:00:00   GOLD 4,106.81 4,127.09 4,105.90 4,122.75   15.86     4.34   15.94     0.92  32,236.00
898  2026-07-03 02:00:00   GOLD 4,122.76 4,124.48 4,108.30 4,121.43   -1.32     1.73   -1.33    13.13  28,484.00
899  2026-07-03 03:00:00   GOLD 4,121.39 4,125.19 4,116.36 4,123.60    2.18     1.59    2.22     5.02   9,063.00
900  2026-07-03 20:00:00   GOLD 4,176.90 4,179.38 4,163.70 4,164.76   41.16     2.48  -12.14     1.06  31,762.00
901  2026-07-03 21:00:00   GOLD 4,164.90 4,171.30 4,155.41 4,170.00    5.24     1.30    5.10     9.49  19,242.00
902  2026-07-03 22:00:00   GOLD 4,169.99 4,174.51 4,164.54 4,164.82   -5.18     4.52   -5.16     0.28  15,090.00
903  2026-07-03 23:00:00   GOLD 4,164.81 4,176.58 4,163.00 4,175.69   10.87     0.89   10.88     1.81  13,390.00
904  2026-07-06 20:00:00   GOLD 4,139.66 4,150.62 4,136.06 4,140.84  -34.86     9.79    1.18     3.60  50,631.00
905  2026-07-06 21:00:00   GOLD 4,140.10 4,147.25 4,128.51 4,138.25   -2.59     7.15   -1.85     9.74  41,843.00
906  2026-07-06 22:00:00   GOLD 4,138.23 4,152.19 4,137.54 4,148.43   10.18     3.76   10.20     0.69  26,457.00
907  2026-07-06 23:00:00   GOLD 4,148.48 4,156.34 4,140.30 4,155.14    6.71     1.20    6.66     8.18  17,561.00
908  2026-07-07 00:00:00   GOLD 4,155.15 4,161.65 4,150.45 4,161.26    6.12     0.39    6.11     4.69  21,629.00
909  2026-07-07 01:00:00   GOLD 4,161.30 4,167.59 4,155.44 4,164.08    2.82     3.51    2.78     5.86  16,751.00
910  2026-07-07 02:00:00   GOLD 4,164.07 4,165.53 4,158.90 4,163.81   -0.27     1.45   -0.26     4.91  18,745.00
911  2026-07-07 03:00:00   GOLD 4,163.81 4,165.17 4,160.77 4,165.11    1.30     0.06    1.31     3.03   7,427.00
912  2026-07-07 20:00:00   GOLD 4,172.51 4,180.52 4,156.16 4,158.71   -6.40     8.02  -13.80     2.55  53,682.00
913  2026-07-07 21:00:00   GOLD 4,158.64 4,163.95 4,143.73 4,154.32   -4.39     5.31   -4.32    10.59  61,774.00
914  2026-07-07 22:00:00   GOLD 4,154.22 4,155.70 4,135.94 4,139.06  -15.26     1.48  -15.16     3.11  34,651.00
915  2026-07-07 23:00:00   GOLD 4,139.07 4,147.31 4,137.14 4,145.23    6.18     2.08    6.16     1.93  21,651.00
916  2026-07-08 00:00:00   GOLD 4,145.19 4,148.35 4,140.69 4,144.57   -0.66     3.16   -0.61     3.89  25,446.00
917  2026-07-08 01:00:00   GOLD 4,144.64 4,145.36 4,125.23 4,127.10  -17.47     0.73  -17.53     1.88  32,469.00
918  2026-07-08 02:00:00   GOLD 4,127.06 4,127.88 4,092.30 4,114.22  -12.89     0.82  -12.85    21.92  63,853.00
919  2026-07-08 03:00:00   GOLD 4,114.20 4,115.90 4,103.53 4,106.12   -8.10     1.70   -8.09     2.59  11,462.00
920  2026-07-08 20:00:00   GOLD 4,072.33 4,083.18 4,065.34 4,070.89  -35.22    10.86   -1.43     5.55  83,941.00
921  2026-07-08 21:00:00   GOLD 4,070.82 4,071.59 4,033.89 4,040.91  -29.98     0.76  -29.91     7.03  76,163.00
922  2026-07-08 22:00:00   GOLD 4,040.95 4,043.96 4,021.82 4,034.46   -6.45     3.01   -6.49    12.64  68,804.00
923  2026-07-08 23:00:00   GOLD 4,034.49 4,064.48 4,033.22 4,063.87   29.41     0.61   29.38     1.26  62,249.00
924  2026-07-09 00:00:00   GOLD 4,063.88 4,076.49 4,059.77 4,065.53    1.66    10.96    1.66     4.11  39,391.00
925  2026-07-09 01:00:00   GOLD 4,065.45 4,091.67 4,063.50 4,084.28   18.75     7.39   18.84     1.95  46,558.00
926  2026-07-09 02:00:00   GOLD 4,084.28 4,091.38 4,078.43 4,080.05   -4.23     7.10   -4.22     1.63  43,166.00
927  2026-07-09 03:00:00   GOLD 4,080.04 4,083.64 4,071.64 4,077.12   -2.93     3.60   -2.92     5.47  16,881.00
928  2026-07-09 20:00:00   GOLD 4,107.66 4,129.59 4,106.88 4,122.09   44.97     7.51   14.42     0.79  42,545.00
929  2026-07-09 21:00:00   GOLD 4,122.02 4,136.60 4,114.31 4,127.84    5.76     8.76    5.82     7.71  43,911.00
930  2026-07-09 22:00:00   GOLD 4,127.91 4,132.84 4,124.89 4,126.89   -0.95     4.93   -1.03     2.00  29,853.00
931  2026-07-09 23:00:00   GOLD 4,126.89 4,138.03 4,125.78 4,128.15    1.27     9.88    1.27     1.10  25,540.00
932  2026-07-10 00:00:00   GOLD 4,128.11 4,138.06 4,125.10 4,136.24    8.09     1.82    8.12     3.02  26,131.00
933  2026-07-10 01:00:00   GOLD 4,136.23 4,136.48 4,121.53 4,124.59  -11.65     0.25  -11.64     3.06  18,260.00
934  2026-07-10 02:00:00   GOLD 4,124.58 4,127.06 4,118.91 4,122.56   -2.03     2.48   -2.02     3.65  17,182.00
935  2026-07-10 03:00:00   GOLD 4,122.44 4,125.74 4,120.70 4,123.79    1.23     1.95    1.35     1.74   8,011.00
936  2026-07-10 20:00:00   GOLD 4,100.86 4,106.77 4,085.86 4,099.99  -23.80     5.90   -0.87    14.14  37,588.00
937  2026-07-10 21:00:00   GOLD 4,099.99 4,109.15 4,072.80 4,092.94   -7.05     9.16   -7.05    20.14  56,908.00
938  2026-07-10 22:00:00   GOLD 4,092.95 4,113.60 4,091.46 4,113.11   20.17     0.48   20.17     1.49  35,320.00
939  2026-07-10 23:00:00   GOLD 4,113.22 4,115.51 4,104.48 4,104.52   -8.59     2.30   -8.69     0.05  20,825.00
940  2026-07-11 00:00:00   GOLD 4,104.52 4,107.03 4,100.58 4,100.78   -3.74     2.51   -3.74     0.20  17,505.00
941  2026-07-11 01:00:00   GOLD 4,100.81 4,105.58 4,098.21 4,101.38    0.59     4.20    0.56     2.60  16,444.00
942  2026-07-11 02:00:00   GOLD 4,101.41 4,109.15 4,097.93 4,108.47    7.09     0.69    7.05     3.49  16,791.00
943  2026-07-11 03:00:00   GOLD 4,108.47 4,121.38 4,108.40 4,120.67   12.20     0.70   12.20     0.07   8,980.00
944  2026-07-13 20:00:00   GOLD 4,067.61 4,067.80 4,042.01 4,043.43  -77.24     0.19  -24.18     1.42  59,843.00
945  2026-07-13 21:00:00   GOLD 4,043.39 4,047.03 4,000.23 4,015.41  -28.01     3.64  -27.97    15.18 102,254.00
946  2026-07-13 22:00:00   GOLD 4,015.40 4,020.36 4,010.37 4,016.09    0.68     4.26    0.69     5.03  46,669.00
947  2026-07-13 23:00:00   GOLD 4,016.16 4,018.11 3,986.58 3,993.50  -22.59     1.96  -22.66     6.92  66,778.00
948  2026-07-14 00:00:00   GOLD 3,993.66 4,002.03 3,992.05 3,993.27   -0.23     8.37   -0.39     1.22  48,643.00
949  2026-07-14 01:00:00   GOLD 3,993.34 4,005.22 3,986.92 4,001.51    8.24     3.70    8.18     6.41  42,225.00
950  2026-07-14 02:00:00   GOLD 4,001.59 4,004.61 3,993.62 4,002.07    0.56     2.54    0.49     7.97  39,891.00
951  2026-07-14 03:00:00   GOLD 4,002.07 4,006.24 3,996.59 4,001.18   -0.89     4.18   -0.88     4.59  15,691.00
952  2026-07-14 20:00:00   GOLD 4,076.34 4,088.80 4,071.00 4,076.63   75.45    12.16    0.30     5.34  90,431.00
953  2026-07-14 21:00:00   GOLD 4,076.68 4,090.66 4,070.71 4,085.16    8.53     5.50    8.48     5.97  78,512.00
954  2026-07-14 22:00:00   GOLD 4,085.21 4,100.69 4,064.72 4,066.41  -18.74    15.48  -18.80     1.69  71,565.00
955  2026-07-14 23:00:00   GOLD 4,066.40 4,067.31 4,057.81 4,061.62   -4.79     0.91   -4.78     3.82  39,836.00
956  2026-07-15 00:00:00   GOLD 4,061.61 4,065.17 4,054.57 4,062.89    1.26     2.28    1.28     7.03  27,059.00
957  2026-07-15 01:00:00   GOLD 4,062.68 4,063.20 4,042.89 4,054.35   -8.54     0.52   -8.33    11.46  31,296.00
958  2026-07-15 02:00:00   GOLD 4,054.36 4,057.39 4,047.84 4,055.84    1.49     1.55    1.49     6.52  25,384.00
959  2026-07-15 03:00:00   GOLD 4,055.83 4,056.57 4,049.31 4,052.78   -3.07     0.74   -3.05     3.47   9,839.00
960  2026-07-15 20:00:00   GOLD 4,068.05 4,074.18 4,054.11 4,061.69    8.91     6.13   -6.36     7.59  59,332.00
961  2026-07-15 21:00:00   GOLD 4,061.86 4,066.07 4,053.32 4,060.61   -1.08     4.22   -1.24     7.29  48,372.00
962  2026-07-15 22:00:00   GOLD 4,060.61 4,063.01 4,039.66 4,046.99  -13.62     2.41  -13.62     7.33  47,195.00
963  2026-07-15 23:00:00   GOLD 4,047.03 4,048.02 4,026.95 4,033.83  -13.16     0.99  -13.20     6.88  52,327.00
964  2026-07-16 00:00:00   GOLD 4,033.82 4,066.30 4,033.11 4,062.36   28.53     3.94   28.54     0.71  42,057.00
965  2026-07-16 01:00:00   GOLD 4,062.41 4,081.52 4,058.10 4,059.29   -3.07    19.11   -3.12     1.19  39,529.00
966  2026-07-16 02:00:00   GOLD 4,059.26 4,063.05 4,048.10 4,057.12   -2.17     3.79   -2.14     9.02  28,515.00
967  2026-07-16 03:00:00   GOLD 4,057.03 4,063.22 4,055.26 4,060.70    3.58     2.53    3.66     1.78   8,131.00
968  2026-07-16 20:00:00   GOLD 3,992.55 4,008.49 3,973.80 3,990.26  -70.43    15.93   -2.29    16.46  83,472.00
969  2026-07-16 21:00:00   GOLD 3,990.23 4,006.82 3,987.19 3,997.92    7.66     8.89    7.69     3.04  56,176.00
970  2026-07-16 22:00:00   GOLD 3,997.97 4,017.03 3,989.47 4,007.12    9.20     9.91    9.16     8.50  41,810.00
971  2026-07-16 23:00:00   GOLD 4,007.17 4,007.78 3,982.45 3,992.05  -15.07     0.61  -15.12     9.60  52,039.00
972  2026-07-17 00:00:00   GOLD 3,992.09 3,992.99 3,980.09 3,984.71   -7.34     0.90   -7.38     4.62  48,506.00
973  2026-07-17 01:00:00   GOLD 3,984.74 3,990.51 3,976.69 3,980.36   -4.35     5.77   -4.38     3.67  42,442.00
974  2026-07-17 02:00:00   GOLD 3,980.40 3,986.13 3,969.34 3,980.09   -0.28     5.73   -0.32    10.74  45,451.00
975  2026-07-17 03:00:00   GOLD 3,980.20 3,980.27 3,971.91 3,976.58   -3.51     0.07   -3.62     4.67  12,874.00
976  2026-07-17 20:00:00   GOLD 3,966.34 4,003.74 3,959.80 3,997.37   20.79     6.38   31.03     6.54 109,613.00
977  2026-07-17 21:00:00   GOLD 3,997.30 4,004.61 3,990.19 4,001.36    3.99     3.24    4.06     7.11  94,237.00
978  2026-07-17 22:00:00   GOLD 4,001.26 4,021.34 3,997.74 4,019.20   17.84     2.14   17.94     3.52  73,734.00
979  2026-07-17 23:00:00   GOLD 4,019.36 4,023.84 4,011.03 4,014.98   -4.22     4.47   -4.38     3.95  49,583.00
980  2026-07-18 00:00:00   GOLD 4,015.09 4,019.27 4,008.32 4,010.14   -4.84     4.18   -4.95     1.82  34,528.00
981  2026-07-18 01:00:00   GOLD 4,010.14 4,016.26 4,006.68 4,011.39    1.25     4.88    1.24     3.47  36,969.00
982  2026-07-18 02:00:00   GOLD 4,011.30 4,016.61 4,002.42 4,015.47    4.09     1.13    4.17     8.88  40,354.00
983  2026-07-18 03:00:00   GOLD 4,015.59 4,019.04 4,008.70 4,017.32    1.84     1.72    1.73     6.89  18,227.00
984  2026-07-20 20:00:00   GOLD 4,008.18 4,017.48 4,005.77 4,005.82  -11.49     9.30   -2.36     0.05  56,352.00
985  2026-07-20 21:00:00   GOLD 4,005.80 4,013.88 3,998.33 4,006.30    0.48     7.58    0.51     7.47  49,862.00
986  2026-07-20 22:00:00   GOLD 4,006.34 4,019.63 4,004.63 4,011.86    5.55     7.78    5.52     1.70  37,653.00
987  2026-07-20 23:00:00   GOLD 4,011.84 4,018.39 4,001.58 4,009.78   -2.08     6.55   -2.06     8.20  30,523.00
988  2026-07-21 00:00:00   GOLD 4,009.77 4,013.09 4,003.89 4,005.38   -4.39     3.32   -4.39     1.49  27,264.00
989  2026-07-21 01:00:00   GOLD 4,005.41 4,011.87 4,003.41 4,007.34    1.96     4.53    1.93     2.01  27,185.00
990  2026-07-21 02:00:00   GOLD 4,007.35 4,018.03 4,004.30 4,006.99   -0.35    10.68   -0.36     2.69  37,163.00
991  2026-07-21 03:00:00   GOLD 4,007.01 4,009.55 4,005.87 4,007.59    0.59     1.97    0.58     1.14  10,854.00
992  2026-07-21 20:00:00   GOLD 4,053.90 4,061.80 4,044.72 4,053.24   45.66     7.89   -0.66     8.52  54,149.00
993  2026-07-21 21:00:00   GOLD 4,053.20 4,074.08 4,051.61 4,068.64   15.39     5.44   15.44     1.59  49,670.00
994  2026-07-21 22:00:00   GOLD 4,068.49 4,083.41 4,065.74 4,074.26    5.62     9.15    5.77     2.75  34,962.00
995  2026-07-21 23:00:00   GOLD 4,074.26 4,079.26 4,069.95 4,071.55   -2.70     5.00   -2.71     1.61  19,802.00
996  2026-07-22 00:00:00   GOLD 4,071.55 4,072.86 4,066.83 4,068.75   -2.80     1.30   -2.80     1.92  20,886.00
997  2026-07-22 01:00:00   GOLD 4,068.81 4,087.14 4,067.79 4,082.23   13.48     4.91   13.42     1.02  19,603.00
998  2026-07-22 02:00:00   GOLD 4,082.25 4,085.82 4,080.09 4,084.49    2.26     1.33    2.24     2.16  22,792.00
999  2026-07-22 03:00:00   GOLD 4,084.43 4,086.45 4,076.91 4,077.32   -7.16     2.02   -7.11     0.41   8,945.00

==================================================
      HOÀN THÀNH PHÂN TÍCH          
==================================================
