
  ╭──────────────────────────────────────────────────────────╮
  │  ⚠️  VNSTOCK DEPRECATION NOTICE (31/08/2025)             │
  │                                                          │
  │  Lớp Vnstock và các phương thức cũ (stock, fx, crypto,   │
  │  world_index, fund...) đã chính thức bị ngừng hỗ trợ.    │
  │                                                          │
  │  Để hệ thống ổn định và nhận được cập nhật mới nhất,     │
  │  vui lòng chuyển sang dùng bộ thư viện `vnstock.api`.    │
  │                                                          │
  │  👉 Xem hướng dẫn Migration: /vnstock-migration          │
  ╰──────────────────────────────────────────────────────────╯

Mẫu code chuyển đổi (Migration Example):
--------------------------------------
Cũ (Old):  stock = Vnstock().stock('ACB')
Mới (New): from vnstock.api.quote import Quote
          q = Quote(symbol='ACB', source='VCI')

==================================================
      VNSTOCK 4.x OPTIMIZED ANALYZER
      Danh sách: VCB
      Khung: 1D, Số lượng: 10000
==================================================

==================================================
      PHÂN TÍCH MÃ: VCB  
      Khung thời gian: 1D
==================================================
┏━━━━━━━━━━━━━━━━━━━━━━━━━━━━━━━━━━━━━━━━━━━━━━━━━━━━━━━━━━━━━━━━━━━━━━━━━━━━━━━━━┓
┃                                                                                 ┃
┃  ⚠️ THÔNG BÁO QUAN TRỌNG                                                        ┃
┃                                                                                 ┃
┃  Phát hành vnstock 4.0.1 cung cấp sửa lỗi quan trọng và bổ sung giao diện API   ┃
┃  thống nhất (Unified UI), tăng tính ổn định của code.                           ┃
┃  Cập nhật: pip install vnstock -U                                               ┃
┃  AI Agent Guide: https://github.com/vnstock-hq/vnstock-agent-guide/             ┃
┃                                                                                 ┃
┃  ────────────────────────────────────────────────────────────────────────────── ┃
┃                                                                                 ┃
┃  🚀 VNSTOCK INSIDERS PROGRAM - NÂNG TẦM TRẢI NGHIỆM CỦA BẠN! 🚀                 ┃
┃                                                                                 ┃
┃  Nếu bạn cảm thấy khó chịu với các thông báo và quảng cáo:                      ┃
┃                                                                                 ┃
┃  ✨ Ẩn toàn bộ thông báo và quảng cáo phiền hà                                  ┃
┃  🔓 Mở rộng khả năng sử dụng API tối đa                                         ┃
┃  ⚡ Tăng tốc tải dữ liệu từ 5-8 lần                                              ┃
┃  📈 Tăng giới hạn truy cập API lên đến 5 lần                                    ┃
┃  🤖 Dùng AI Agent viết code hiệu quả với tài liệu Agent Guide                    ┃
┃                                                                                 ┃
┃  🔗 Tham gia ngay: https://vnstocks.com/insiders-program#tiers                  ┃
┃                                                                                 ┃
┗━━━━━━━━━━━━━━━━━━━━━━━━━━━━━━━━━━━━━━━━━━━━━━━━━━━━━━━━━━━━━━━━━━━━━━━━━━━━━━━━━┛

--- [ LỊCH SỬ GIÁ VCB  ] ---
            time  open  high   low  close  change  pct_change    volume
0     2015-11-26 13.76 13.82 13.64  13.64    0.00        0.00    281040
1     2015-11-27 13.55 13.64 13.25  13.31   -0.33       -2.42    673400
2     2015-11-30 13.28 13.31 12.89  12.89   -0.42       -3.16    977620
3     2015-12-01 12.92 13.04 12.62  12.65   -0.24       -1.86    880030
4     2015-12-02 12.65 12.83 12.62  12.68    0.03        0.24   1737010
5     2015-12-03 12.62 12.95 12.62  12.80    0.12        0.95    986090
6     2015-12-04 12.89 12.89 12.65  12.71   -0.09       -0.70    483880
7     2015-12-07 12.65 12.65 12.23  12.26   -0.45       -3.54   1415520
8     2015-12-08 12.26 12.98 12.02  12.95    0.69        5.63    909680
9     2015-12-09 12.95 12.95 12.38  12.44   -0.51       -3.94    892100
10    2015-12-10 12.44 12.56 12.32  12.38   -0.06       -0.48    406020
11    2015-12-11 12.38 12.59 12.26  12.41    0.03        0.24    579040
12    2015-12-14 12.47 12.59 12.38  12.50    0.09        0.73    634120
13    2015-12-15 12.50 13.10 12.50  12.98    0.48        3.84   1248200
14    2015-12-16 13.07 13.28 13.01  13.07    0.09        0.69    663090
15    2015-12-17 13.13 13.28 13.10  13.22    0.15        1.15    675360
16    2015-12-18 13.07 13.25 12.38  12.38   -0.84       -6.35   3155650
17    2015-12-21 12.62 12.77 12.62  12.77    0.39        3.15   1032900
18    2015-12-22 12.83 12.89 12.71  12.77    0.00        0.00    502820
19    2015-12-23 12.62 12.80 12.62  12.74   -0.03       -0.23    846590
20    2015-12-24 12.80 12.86 12.68  12.68   -0.06       -0.47    228290
21    2015-12-25 12.71 12.89 12.68  12.77    0.09        0.71    587920
22    2015-12-28 12.86 12.92 12.77  12.77    0.00        0.00    431580
23    2015-12-29 12.77 13.25 12.74  13.22    0.45        3.52   1440210
24    2015-12-30 13.25 13.49 13.19  13.31    0.09        0.68   1125780
25    2015-12-31 13.37 13.37 13.16  13.19   -0.12       -0.90    749830
26    2016-01-04 13.10 13.22 12.80  12.98   -0.21       -1.59    761750
27    2016-01-05 12.89 13.04 12.74  12.77   -0.21       -1.62   1133260
28    2016-01-06 12.77 12.98 12.77  12.92    0.15        1.17    699490
29    2016-01-07 12.86 12.89 12.62  12.77   -0.15       -1.16    935460
30    2016-01-08 12.71 12.80 12.53  12.68   -0.09       -0.70    676340
31    2016-01-11 12.68 12.74 12.56  12.59   -0.09       -0.71    742390
32    2016-01-12 12.62 12.83 12.62  12.83    0.24        1.91    481040
33    2016-01-13 12.86 12.89 12.71  12.71   -0.12       -0.94    448800
34    2016-01-14 12.56 12.68 12.47  12.56   -0.15       -1.18    641380
35    2016-01-15 12.56 12.62 12.20  12.20   -0.36       -2.87    880150
36    2016-01-18 11.87 12.02 11.41  11.60   -0.60       -4.92   1614080
37    2016-01-19 11.60 12.14 11.60  12.11    0.51        4.40    771340
38    2016-01-20 11.96 12.32 11.87  12.02   -0.09       -0.74    733790
39    2016-01-21 11.87 12.02 11.75  11.84   -0.18       -1.50    654450
40    2016-01-22 12.02 12.05 11.60  11.90    0.06        0.51    777540
41    2016-01-25 12.02 12.59 12.02  12.53    0.63        5.29   1367810
42    2016-01-26 12.17 12.41 12.11  12.20   -0.33       -2.63    656340
43    2016-01-27 12.41 12.41 12.17  12.17   -0.03       -0.25    582060
44    2016-01-28 12.11 12.26 12.11  12.17    0.00        0.00    562170
45    2016-01-29 12.17 12.44 12.11  12.44    0.27        2.22   1019250
46    2016-02-01 12.44 12.47 12.23  12.23   -0.21       -1.69    223320
47    2016-02-02 12.23 12.26 12.11  12.14   -0.09       -0.74    603810
48    2016-02-03 12.02 12.02 11.81  11.90   -0.24       -1.98    802180
49    2016-02-04 12.02 12.20 12.02  12.02    0.12        1.01    286750
50    2016-02-05 11.90 12.14 11.90  12.05    0.03        0.25    268300
51    2016-02-15 11.96 12.20 11.84  12.11    0.06        0.50    800790
52    2016-02-16 12.05 12.26 12.05  12.11    0.00        0.00    390050
53    2016-02-17 12.11 12.20 11.96  11.96   -0.15       -1.24    827530
54    2016-02-18 12.02 12.29 11.99  12.11    0.15        1.25    735780
55    2016-02-19 12.20 12.20 12.05  12.05   -0.06       -0.50    473670
56    2016-02-22 12.05 12.17 12.02  12.14    0.09        0.75    653090
57    2016-02-23 12.23 12.50 12.23  12.32    0.18        1.48   1130660
58    2016-02-24 12.32 12.92 12.23  12.71    0.39        3.17   1653800
59    2016-02-25 12.77 12.92 12.50  12.56   -0.15       -1.18   1236220
60    2016-02-26 12.62 12.62 12.41  12.62    0.06        0.48    493160
61    2016-02-29 12.56 12.62 12.32  12.32   -0.30       -2.38    887030
62    2016-03-01 12.38 12.47 12.23  12.23   -0.09       -0.73    849900
63    2016-03-02 12.35 12.59 12.32  12.53    0.30        2.45    647420
64    2016-03-03 12.59 12.65 12.47  12.50   -0.03       -0.24    464550
65    2016-03-04 12.50 12.77 12.47  12.56    0.06        0.48    681190
66    2016-03-07 12.62 12.68 12.53  12.56    0.00        0.00    567700
67    2016-03-08 12.56 12.62 12.44  12.50   -0.06       -0.48    775770
68    2016-03-09 12.53 12.59 12.41  12.44   -0.06       -0.48    469530
69    2016-03-10 12.47 12.53 12.32  12.50    0.06        0.48    643780
70    2016-03-11 12.56 12.59 12.47  12.50    0.00        0.00    510750
71    2016-03-14 12.47 12.53 12.41  12.53    0.03        0.24    807110
72    2016-03-15 12.47 12.65 12.47  12.62    0.09        0.72   1294120
73    2016-03-16 12.65 13.07 12.65  12.98    0.36        2.85   1864950
74    2016-03-17 13.07 13.13 12.83  12.83   -0.15       -1.16   1074970
75    2016-03-18 12.80 12.86 12.68  12.77   -0.06       -0.47   3546350
76    2016-03-21 13.01 13.19 12.86  12.89    0.12        0.94   1862820
77    2016-03-22 12.92 13.01 12.86  13.01    0.12        0.93    592130
78    2016-03-23 13.01 13.01 12.86  12.89   -0.12       -0.92    645700
79    2016-03-24 12.89 12.92 12.62  12.65   -0.24       -1.86    825250
80    2016-03-25 12.62 12.86 12.50  12.86    0.21        1.66   1381530
81    2016-03-28 12.89 12.92 12.80  12.86    0.00        0.00    533900
82    2016-03-29 12.89 12.89 12.62  12.62   -0.24       -1.87    325890
83    2016-03-30 12.50 12.71 12.50  12.65    0.03        0.24    444490
84    2016-03-31 12.62 12.68 12.32  12.32   -0.33       -2.61    937910
85    2016-04-01 12.32 12.44 12.26  12.29   -0.03       -0.24    554870
86    2016-04-04 12.38 12.41 12.17  12.29    0.00        0.00    439520
87    2016-04-05 12.29 12.44 12.23  12.32    0.03        0.24    610190
88    2016-04-06 12.32 12.62 12.29  12.62    0.30        2.44    920280
89    2016-04-07 12.68 12.68 12.35  12.53   -0.09       -0.71    594270
90    2016-04-08 12.47 12.53 12.41  12.44   -0.09       -0.72    653640
91    2016-04-11 12.44 12.62 12.29  12.50    0.06        0.48    985640
92    2016-04-12 12.50 12.80 12.32  12.65    0.15        1.20    970780
93    2016-04-13 12.71 12.74 12.56  12.59   -0.06       -0.47    633990
94    2016-04-14 12.59 12.77 12.56  12.71    0.12        0.95    774160
95    2016-04-15 12.77 13.07 12.71  12.77    0.06        0.47   1187790
96    2016-04-19 12.80 13.01 12.68  12.74   -0.03       -0.23    983900
97    2016-04-20 12.77 12.86 12.65  12.86    0.12        0.94    769750
98    2016-04-21 12.86 12.98 12.80  12.89    0.03        0.23    818280
99    2016-04-22 12.89 13.76 12.89  13.73    0.84        6.52   2478140
100   2016-04-25 13.79 14.06 13.79  13.79    0.06        0.44   1300050
101   2016-04-26 13.67 14.18 13.67  14.18    0.39        2.83    835300
102   2016-04-27 14.18 14.27 13.79  13.82   -0.36       -2.54   1194570
103   2016-04-28 13.82 14.06 13.73  13.88    0.06        0.43    693290
104   2016-04-29 13.70 14.06 13.70  13.82   -0.06       -0.43    726380
105   2016-05-04 13.76 14.03 13.58  13.85    0.03        0.22    747740
106   2016-05-05 13.97 14.36 13.91  14.15    0.30        2.17   1076200
107   2016-05-06 14.24 14.66 14.18  14.60    0.45        3.18   1525690
108   2016-05-09 14.60 14.81 14.42  14.42   -0.18       -1.23    831230
109   2016-05-10 14.42 14.60 14.30  14.60    0.18        1.25    544750
110   2016-05-11 14.60 14.78 14.51  14.72    0.12        0.82    713460
111   2016-05-12 14.63 14.81 14.42  14.42   -0.30       -2.04    488750
112   2016-05-13 14.42 14.51 14.12  14.30   -0.12       -0.83    679240
113   2016-05-16 14.24 14.51 14.18  14.51    0.21        1.47    377280
114   2016-05-17 14.51 14.66 14.39  14.51    0.00        0.00    663200
115   2016-05-18 14.51 14.96 14.48  14.72    0.21        1.45   1259090
116   2016-05-19 14.72 14.72 14.45  14.45   -0.27       -1.83    402860
117   2016-05-20 14.60 14.66 14.18  14.24   -0.21       -1.45   1038420
118   2016-05-23 14.21 14.36 13.85  13.85   -0.39       -2.74    701070
119   2016-05-24 13.94 13.97 13.67  13.79   -0.06       -0.43    757630
120   2016-05-25 13.97 14.03 13.82  13.82    0.03        0.22    272480
121   2016-05-26 13.82 13.91 13.61  13.61   -0.21       -1.52    722940
122   2016-05-27 13.64 13.70 13.46  13.61    0.00        0.00    591480
123   2016-05-30 13.73 14.06 13.64  14.06    0.45        3.31    535160
124   2016-05-31 14.09 14.27 14.00  14.03   -0.03       -0.21    490340
125   2016-06-01 13.97 14.12 13.97  14.09    0.06        0.43    370980
126   2016-06-02 14.06 14.21 14.00  14.15    0.06        0.43    290780
127   2016-06-03 14.12 14.27 14.12  14.21    0.06        0.42    440430
128   2016-06-06 14.15 14.57 14.15  14.36    0.15        1.06    783790
129   2016-06-07 14.42 14.51 14.33  14.45    0.09        0.63    435960
130   2016-06-08 14.45 14.60 14.36  14.39   -0.06       -0.42    912800
131   2016-06-09 14.39 14.51 14.33  14.45    0.06        0.42    401410
132   2016-06-10 14.45 14.75 14.45  14.57    0.12        0.83    885040
133   2016-06-13 14.57 14.69 14.51  14.54   -0.03       -0.21   1201150
134   2016-06-14 14.45 14.60 14.36  14.51   -0.03       -0.21    789760
135   2016-06-15 14.48 14.48 14.33  14.36   -0.15       -1.03    603140
136   2016-06-16 14.39 14.45 14.30  14.33   -0.03       -0.21    627180
137   2016-06-17 14.21 14.33 14.15  14.15   -0.18       -1.26    946910
138   2016-06-20 14.15 14.21 13.91  14.09   -0.06       -0.42    622260
139   2016-06-21 14.09 14.15 14.06  14.12    0.03        0.21    527750
140   2016-06-22 14.12 14.15 13.97  14.06   -0.06       -0.42    483280
141   2016-06-23 14.09 14.42 14.06  14.42    0.36        2.56    688340
142   2016-06-24 14.39 14.42 13.43  14.06   -0.36       -2.50    827980
143   2016-06-27 13.94 13.94 13.64  13.88   -0.18       -1.28    341850
144   2016-06-28 13.76 14.06 13.76  13.94    0.06        0.43    403030
145   2016-06-29 14.00 14.24 14.00  14.21    0.27        1.94    544530
146   2016-06-30 14.15 14.27 14.12  14.21    0.00        0.00    478490
147   2016-07-01 14.21 14.36 14.12  14.27    0.06        0.42    523850
148   2016-07-04 14.27 14.84 14.27  14.78    0.51        3.57   1206430
149   2016-07-05 14.84 15.62 14.84  15.17    0.39        2.64   1658790
150   2016-07-06 15.02 15.47 14.99  15.02   -0.15       -0.99    592020
151   2016-07-07 15.17 15.32 14.96  15.32    0.30        2.00    714940
152   2016-07-08 15.32 15.77 15.02  15.32    0.00        0.00    834180
153   2016-07-11 15.47 16.07 15.32  15.62    0.30        1.96   1538540
154   2016-07-12 15.62 16.22 15.62  16.22    0.60        3.84    725030
155   2016-07-13 16.22 17.27 16.22  17.27    1.05        6.47   1442560
156   2016-07-14 17.42 17.57 16.82  16.82   -0.45       -2.61    921830
157   2016-07-15 16.82 17.12 16.22  16.22   -0.60       -3.57    850920
158   2016-07-18 16.07 16.82 15.92  16.67    0.45        2.77    736570
159   2016-07-19 16.82 17.12 16.52  16.82    0.15        0.90    559050
160   2016-07-20 16.97 16.97 16.22  16.52   -0.30       -1.78    422540
161   2016-07-21 16.52 16.67 15.92  16.67    0.15        0.91    657360
162   2016-07-22 16.52 16.67 15.62  15.62   -1.05       -6.30    886600
163   2016-07-25 15.62 16.07 15.47  15.92    0.30        1.92    318900
164   2016-07-26 15.92 16.22 15.62  15.92    0.00        0.00    268770
165   2016-07-27 15.77 16.37 15.77  16.37    0.45        2.83    402240
166   2016-07-28 16.37 16.52 16.07  16.52    0.15        0.92     91390
167   2016-07-29 16.37 16.52 16.07  16.22   -0.30       -1.82    225610
168   2016-08-01 16.22 16.22 15.92  15.92   -0.30       -1.85    365040
169   2016-08-02 15.92 15.92 15.32  15.47   -0.45       -2.83    634560
170   2016-08-03 15.32 15.47 14.87  15.17   -0.30       -1.94    324230
171   2016-08-04 15.32 16.22 15.17  15.62    0.45        2.97    537660
172   2016-08-05 15.77 15.77 15.17  15.32   -0.30       -1.92    327970
173   2016-08-08 15.47 15.62 15.17  15.62    0.30        1.96    348760
174   2016-08-09 15.62 15.92 15.47  15.92    0.30        1.92    181050
175   2016-08-10 15.77 16.22 15.77  16.07    0.15        0.94    310040
176   2016-08-11 16.07 16.82 16.07  16.82    0.75        4.67    737430
177   2016-08-12 16.67 16.82 16.07  16.37   -0.45       -2.68    331030
178   2016-08-15 16.07 16.52 16.07  16.37    0.00        0.00    165580
179   2016-08-16 16.22 16.52 16.07  16.22   -0.15       -0.92    513280
180   2016-08-17 16.22 16.22 15.62  15.92   -0.30       -1.85    635370
181   2016-08-18 16.22 16.52 15.92  15.92    0.00        0.00    577820
182   2016-08-19 15.92 16.37 15.92  16.07    0.15        0.94    250570
183   2016-08-22 16.52 16.52 16.07  16.07    0.00        0.00    466900
184   2016-08-23 15.92 16.22 15.77  15.92   -0.15       -0.93    559330
185   2016-08-24 16.07 16.37 16.07  16.22    0.30        1.88    275230
186   2016-08-25 16.22 16.37 16.07  16.22    0.00        0.00    453540
187   2016-08-26 16.82 17.27 16.67  17.27    1.05        6.47   1821780
188   2016-08-29 17.87 18.17 17.27  17.27    0.00        0.00   1324350
189   2016-08-30 16.97 17.12 16.52  16.67   -0.60       -3.47   1550890
190   2016-08-31 16.67 16.97 16.07  16.22   -0.45       -2.70   2593570
191   2016-09-01 16.37 16.52 15.47  15.77   -0.45       -2.77   3427730
192   2016-09-05 15.77 15.77 14.96  15.17   -0.60       -3.80   4191860
193   2016-09-06 15.32 15.47 15.02  15.17    0.00        0.00   1844160
194   2016-09-07 15.32 15.62 15.02  15.17    0.00        0.00   1582570
195   2016-09-08 15.32 15.32 15.02  15.17    0.00        0.00   1899730
196   2016-09-09 15.73 16.18 15.65  16.02    0.85        5.60   3353710
197   2016-09-12 15.94 15.98 15.31  15.50   -0.52       -3.25   1033010
198   2016-09-13 15.52 15.52 14.90  14.90   -0.60       -3.87   2161880
199   2016-09-14 14.71 15.48 14.71  15.11    0.21        1.41   1555400
200   2016-09-15 15.23 15.36 14.90  14.90   -0.21       -1.39    717270
201   2016-09-16 14.90 14.94 14.49  14.49   -0.41       -2.75   7265480
202   2016-09-19 14.78 15.25 14.78  15.17    0.68        4.69   1527320
203   2016-09-20 15.19 15.56 15.03  15.50    0.33        2.18   1203310
204   2016-09-21 15.40 15.56 15.31  15.50    0.00        0.00   1739860
205   2016-09-22 15.65 15.85 15.50  15.52    0.02        0.13   1593200
206   2016-09-23 15.52 15.58 15.40  15.46   -0.06       -0.39    836780
207   2016-09-26 15.48 15.71 15.34  15.56    0.10        0.65   1147450
208   2016-09-27 15.56 16.00 15.48  15.98    0.42        2.70   2049090
209   2016-09-28 16.06 16.23 15.96  16.14    0.16        1.00   1753620
210   2016-09-29 16.14 16.20 15.73  15.85   -0.29       -1.80   1749200
211   2016-09-30 15.85 16.06 15.73  15.85    0.00        0.00   1402860
212   2016-10-03 15.85 15.98 15.60  15.69   -0.16       -1.01   1293590
213   2016-10-04 15.69 15.98 15.65  15.69    0.00        0.00   1653180
214   2016-10-05 15.94 15.98 15.79  15.81    0.12        0.76    931670
215   2016-10-06 15.81 16.00 15.81  15.87    0.06        0.38   1173090
216   2016-10-07 15.91 16.00 15.65  15.71   -0.16       -1.01   1316880
217   2016-10-10 15.71 15.81 15.31  15.52   -0.19       -1.21   1014570
218   2016-10-11 15.60 15.65 15.15  15.65    0.13        0.84   2070950
219   2016-10-12 15.65 15.71 15.50  15.56   -0.09       -0.58    532610
220   2016-10-13 15.60 15.60 15.36  15.44   -0.12       -0.77    587930
221   2016-10-14 15.44 15.60 15.40  15.40   -0.04       -0.26    840790
222   2016-10-17 15.40 15.40 15.07  15.07   -0.33       -2.14   1573680
223   2016-10-18 15.07 15.27 14.94  15.09    0.02        0.13    943960
224   2016-10-19 15.23 15.40 15.15  15.19    0.10        0.66    960210
225   2016-10-20 15.23 15.31 15.19  15.19    0.00        0.00    590370
226   2016-10-21 15.19 15.31 15.15  15.19    0.00        0.00    775760
227   2016-10-24 15.23 15.31 14.94  14.94   -0.25       -1.65    682740
228   2016-10-25 14.94 14.94 14.65  14.80   -0.14       -0.94   1336590
229   2016-10-26 14.80 14.82 14.61  14.61   -0.19       -1.28    694100
230   2016-10-27 14.61 15.03 14.61  15.03    0.42        2.87    844890
231   2016-10-28 15.03 15.07 14.86  15.03    0.00        0.00    435980
232   2016-10-31 15.03 15.09 14.90  14.90   -0.13       -0.86    672940
233   2016-11-01 14.82 14.98 14.78  14.86   -0.04       -0.27    519580
234   2016-11-02 14.82 14.88 14.65  14.65   -0.21       -1.41    508170
235   2016-11-03 14.55 14.59 14.38  14.49   -0.16       -1.09    984650
236   2016-11-04 14.57 14.57 14.45  14.49    0.00        0.00    613830
237   2016-11-07 14.53 15.03 14.51  15.00    0.51        3.52   1085380
238   2016-11-08 15.07 15.09 14.90  15.07    0.07        0.47   1088300
239   2016-11-09 15.03 15.03 14.49  14.90   -0.17       -1.13   1690880
240   2016-11-10 15.07 15.15 15.05  15.07    0.17        1.14    792150
241   2016-11-11 15.11 15.23 14.92  15.00   -0.07       -0.46    898610
242   2016-11-14 15.00 15.00 14.80  14.82   -0.18       -1.20    745100
243   2016-11-15 14.80 15.00 14.80  14.82    0.00        0.00    278870
244   2016-11-16 14.82 14.86 14.74  14.82    0.00        0.00    455210
245   2016-11-17 14.82 14.82 14.63  14.76   -0.06       -0.40    737730
246   2016-11-18 14.69 14.76 14.67  14.71   -0.05       -0.34    628230
247   2016-11-21 14.71 14.82 14.69  14.78    0.07        0.48    592840
248   2016-11-22 14.78 14.90 14.76  14.90    0.12        0.81    623270
249   2016-11-23 14.90 15.09 14.90  15.03    0.13        0.87    938330
250   2016-11-24 14.94 15.05 14.86  14.90   -0.13       -0.86    632950
251   2016-11-25 14.90 14.94 14.78  14.82   -0.08       -0.54    689900
252   2016-11-28 14.78 14.78 14.63  14.69   -0.13       -0.88   1062520
253   2016-11-29 14.61 14.69 14.40  14.49   -0.20       -1.36   1322100
254   2016-11-30 14.36 14.57 14.24  14.57    0.08        0.55   2063550
255   2016-12-01 14.69 14.69 14.57  14.59    0.02        0.14    866550
256   2016-12-02 14.57 14.63 14.53  14.61    0.02        0.14    751530
257   2016-12-05 14.53 14.55 14.45  14.45   -0.16       -1.10    548780
258   2016-12-06 14.47 14.47 14.07  14.14   -0.31       -2.15   1338320
259   2016-12-07 14.14 14.24 14.14  14.24    0.10        0.71    779510
260   2016-12-08 14.28 14.67 14.16  14.49    0.25        1.76    677500
261   2016-12-09 14.40 14.55 14.40  14.51    0.02        0.14    566840
262   2016-12-12 14.32 14.49 14.32  14.45   -0.06       -0.41    557230
263   2016-12-13 14.45 14.45 14.18  14.24   -0.21       -1.45    775830
264   2016-12-14 14.18 14.42 14.18  14.40    0.16        1.12    500040
265   2016-12-15 14.40 14.61 14.28  14.49    0.09        0.63    540870
266   2016-12-16 14.49 14.53 14.36  14.53    0.04        0.28   1269760
267   2016-12-19 14.53 14.61 14.49  14.55    0.02        0.14    847210
268   2016-12-20 14.61 14.61 14.42  14.47   -0.08       -0.55    449350
269   2016-12-21 14.45 14.57 14.36  14.47    0.00        0.00    314930
270   2016-12-22 14.53 14.53 14.42  14.45   -0.02       -0.14    422940
271   2016-12-23 14.47 14.74 14.42  14.74    0.29        2.01    985440
272   2016-12-26 14.76 14.98 14.74  14.94    0.20        1.36   1005930
273   2016-12-27 14.98 15.07 14.90  14.90   -0.04       -0.27    821630
274   2016-12-28 14.94 14.94 14.74  14.74   -0.16       -1.07    647070
275   2016-12-29 14.86 14.86 14.65  14.67   -0.07       -0.47    482410
276   2016-12-30 14.67 14.78 14.65  14.67    0.00        0.00    565850
277   2017-01-03 14.74 15.52 14.74  15.42    0.75        5.11   2018750
278   2017-01-04 15.52 15.56 15.23  15.31   -0.11       -0.71   1339740
279   2017-01-05 15.27 15.44 15.25  15.38    0.07        0.46    855250
280   2017-01-06 15.40 15.89 15.36  15.69    0.31        2.02   2495910
281   2017-01-09 15.81 16.12 15.77  16.02    0.33        2.10   2379510
282   2017-01-10 15.89 16.00 15.87  15.89   -0.13       -0.81   1234210
283   2017-01-11 15.89 16.04 15.83  15.91    0.02        0.13   1498220
284   2017-01-12 15.89 15.94 15.65  15.69   -0.22       -1.38   1863070
285   2017-01-13 15.56 15.85 15.50  15.50   -0.19       -1.21   1164660
286   2017-01-16 15.52 15.65 15.34  15.46   -0.04       -0.26    641920
287   2017-01-17 15.52 16.20 15.52  16.12    0.66        4.27   2340000
288   2017-01-18 16.04 16.20 15.85  15.85   -0.27       -1.67   1143460
289   2017-01-19 15.89 15.94 15.73  15.73   -0.12       -0.76    521040
290   2017-01-20 15.81 15.94 15.73  15.73    0.00        0.00    908930
291   2017-01-23 15.87 15.87 15.71  15.77    0.04        0.25    717890
292   2017-01-24 15.75 15.98 15.73  15.98    0.21        1.33    899030
293   2017-01-25 16.10 16.27 15.89  16.27    0.29        1.81   1352580
294   2017-02-02 16.39 16.39 16.10  16.33    0.06        0.37   1368580
295   2017-02-03 16.35 16.35 16.02  16.02   -0.31       -1.90   1546040
296   2017-02-06 16.02 16.10 15.89  16.02    0.00        0.00   1288900
297   2017-02-07 16.06 16.25 16.04  16.25    0.23        1.44   1527190
298   2017-02-08 16.31 16.47 16.18  16.45    0.20        1.23   1792740
299   2017-02-09 16.49 16.52 16.35  16.43   -0.02       -0.12   1203520
300   2017-02-10 16.41 16.41 16.27  16.27   -0.16       -0.97   1754030
301   2017-02-13 16.27 16.27 16.02  16.08   -0.19       -1.17   1490330
302   2017-02-14 16.08 16.18 15.94  16.02   -0.06       -0.37   1325510
303   2017-02-15 16.08 16.27 15.98  16.14    0.12        0.75   1419820
304   2017-02-16 16.23 16.37 15.94  15.98   -0.16       -0.99   1359740
305   2017-02-17 16.02 16.04 15.85  15.85   -0.13       -0.81   1220700
306   2017-02-20 15.94 15.94 15.69  15.71   -0.14       -0.88   1322360
307   2017-02-21 15.73 15.91 15.71  15.89    0.18        1.15   1076370
308   2017-02-22 15.94 15.94 15.65  15.69   -0.20       -1.26    802090
309   2017-02-23 15.69 15.81 15.54  15.56   -0.13       -0.83   1453770
310   2017-02-24 15.65 15.67 15.44  15.50   -0.06       -0.39    785650
311   2017-02-27 15.40 15.87 15.40  15.81    0.31        2.00    902460
312   2017-02-28 15.81 15.81 15.48  15.48   -0.33       -2.09    703780
313   2017-03-01 15.48 15.56 15.40  15.40   -0.08       -0.52    753500
314   2017-03-02 15.56 15.60 15.27  15.27   -0.13       -0.84   1147120
315   2017-03-03 15.40 15.56 15.27  15.52    0.25        1.64    516470
316   2017-03-06 15.73 15.73 15.44  15.44   -0.08       -0.52    510190
317   2017-03-07 15.52 15.52 15.36  15.52    0.08        0.52    561990
318   2017-03-08 15.44 15.81 15.44  15.60    0.08        0.52    892080
319   2017-03-09 15.71 15.89 15.65  15.65    0.05        0.32   1001970
320   2017-03-10 15.69 15.81 15.46  15.52   -0.13       -0.83    596520
321   2017-03-13 15.36 15.48 15.34  15.34   -0.18       -1.16    885720
322   2017-03-14 15.34 15.48 15.34  15.34    0.00        0.00    502570
323   2017-03-15 15.42 15.42 15.29  15.29   -0.05       -0.33    561660
324   2017-03-16 15.31 15.42 15.29  15.36    0.07        0.46    574840
325   2017-03-17 15.36 15.54 15.29  15.31   -0.05       -0.33   3101080
326   2017-03-20 15.48 15.69 15.48  15.54    0.23        1.50   1083060
327   2017-03-21 15.65 15.73 15.56  15.73    0.19        1.22    975510
328   2017-03-22 15.73 15.87 15.56  15.60   -0.13       -0.83   1941850
329   2017-03-23 15.60 15.94 15.56  15.83    0.23        1.47   1640470
330   2017-03-24 15.94 15.96 15.63  15.73   -0.10       -0.63   1411600
331   2017-03-27 15.73 15.89 15.63  15.65   -0.08       -0.51   1677100
332   2017-03-28 15.65 15.75 15.46  15.48   -0.17       -1.09   1950220
333   2017-03-29 15.44 15.52 15.38  15.44   -0.04       -0.26   1380040
334   2017-03-30 15.44 15.56 15.40  15.40   -0.04       -0.26   1000760
335   2017-03-31 15.40 15.48 15.27  15.27   -0.13       -0.84   1648790
336   2017-04-03 15.27 15.34 15.03  15.07   -0.20       -1.31   2231080
337   2017-04-04 15.11 15.36 15.09  15.23    0.16        1.06   1012810
338   2017-04-05 15.23 15.44 15.23  15.25    0.02        0.13    620740
339   2017-04-07 15.15 15.27 15.15  15.23   -0.02       -0.13    746360
340   2017-04-10 15.27 15.36 15.19  15.19   -0.04       -0.26    701010
341   2017-04-11 15.19 15.31 15.19  15.27    0.08        0.53    494890
342   2017-04-12 15.31 15.31 15.17  15.23   -0.04       -0.26    925540
343   2017-04-13 15.17 15.38 15.17  15.21   -0.02       -0.13    771230
344   2017-04-14 15.19 15.21 14.90  15.05   -0.16       -1.05   1028920
345   2017-04-17 15.05 15.09 14.69  14.69   -0.36       -2.39   1031640
346   2017-04-18 14.69 14.84 14.65  14.84    0.15        1.02    534340
347   2017-04-19 14.82 14.94 14.78  14.86    0.02        0.13    571690
348   2017-04-20 14.86 14.86 14.65  14.65   -0.21       -1.41   1002210
349   2017-04-21 14.65 14.86 14.65  14.69    0.04        0.27    517030
350   2017-04-24 14.69 14.80 14.53  14.53   -0.16       -1.09    450210
351   2017-04-25 14.53 14.61 14.47  14.53    0.00        0.00    656130
352   2017-04-26 14.53 14.57 14.49  14.51   -0.02       -0.14    709260
353   2017-04-27 14.57 14.61 14.36  14.42   -0.09       -0.62   2240170
354   2017-04-28 14.40 14.59 14.38  14.53    0.11        0.76   1522920
355   2017-05-03 14.53 14.90 14.51  14.69    0.16        1.10    899880
356   2017-05-04 14.69 15.15 14.65  15.03    0.34        2.31   2186490
357   2017-05-05 15.03 15.03 14.86  14.94   -0.09       -0.60    783900
358   2017-05-08 14.94 15.03 14.78  14.80   -0.14       -0.94    863080
359   2017-05-09 14.80 15.15 14.76  15.09    0.29        1.96   1633890
360   2017-05-10 15.09 15.31 15.09  15.21    0.12        0.80   1447800
361   2017-05-11 15.23 15.31 15.21  15.23    0.02        0.13   1216160
362   2017-05-12 15.21 15.23 15.05  15.09   -0.14       -0.92    898130
363   2017-05-15 15.07 15.11 14.96  15.03   -0.06       -0.40   1127830
364   2017-05-16 14.94 15.07 14.90  14.92   -0.11       -0.73   1005430
365   2017-05-17 14.90 15.05 14.90  14.98    0.06        0.40   1250660
366   2017-05-18 14.94 15.13 14.94  15.05    0.07        0.47   1050880
367   2017-05-19 15.07 15.21 15.03  15.21    0.16        1.06   1089810
368   2017-05-22 15.36 15.81 15.21  15.52    0.31        2.04   3432310
369   2017-05-23 15.52 15.60 15.40  15.40   -0.12       -0.77   1332510
370   2017-05-24 15.38 15.75 15.34  15.63    0.23        1.49   1579160
371   2017-05-25 15.65 15.67 15.36  15.36   -0.27       -1.73   1692550
372   2017-05-26 15.34 15.42 15.19  15.19   -0.17       -1.11   1241870
373   2017-05-29 15.36 15.48 15.07  15.07   -0.12       -0.79   1697170
374   2017-05-30 15.19 15.19 14.98  15.03   -0.04       -0.27   1368210
375   2017-05-31 15.19 15.19 14.82  14.98   -0.05       -0.33   1478930
376   2017-06-01 15.07 15.17 14.98  15.03    0.05        0.33    972860
377   2017-06-02 15.03 15.11 14.94  15.03    0.00        0.00   1088530
378   2017-06-05 15.07 15.44 15.05  15.40    0.37        2.46   1909000
379   2017-06-06 15.44 16.00 15.40  16.00    0.60        3.90   4750190
380   2017-06-07 16.02 16.08 15.81  15.85   -0.15       -0.94   2419330
381   2017-06-08 15.81 15.85 15.65  15.69   -0.16       -1.01   1634700
382   2017-06-09 15.77 15.98 15.69  15.89    0.20        1.27   1972850
383   2017-06-12 15.89 15.91 15.71  15.87   -0.02       -0.13    971550
384   2017-06-13 15.75 16.00 15.73  15.96    0.09        0.57    986280
385   2017-06-14 15.96 16.31 15.96  16.23    0.27        1.69   2818810
386   2017-06-15 16.23 16.39 16.16  16.35    0.12        0.74   2996650
387   2017-06-16 16.49 16.49 16.25  16.35    0.00        0.00   2708280
388   2017-06-19 16.49 16.56 16.31  16.43    0.08        0.49   1526720
389   2017-06-20 16.47 16.47 16.27  16.35   -0.08       -0.49   2278990
390   2017-06-21 16.27 16.29 15.73  16.00   -0.35       -2.14   2270290
391   2017-06-22 16.02 16.04 15.77  15.77   -0.23       -1.44   1355410
392   2017-06-23 15.75 15.81 15.63  15.77    0.00        0.00   1880570
393   2017-06-26 15.85 15.98 15.79  15.94    0.17        1.08   1214450
394   2017-06-27 16.06 16.08 15.83  15.83   -0.11       -0.69   1026510
395   2017-06-28 15.83 15.85 15.67  15.75   -0.08       -0.51   1400580
396   2017-06-29 15.85 15.87 15.69  15.81    0.06        0.38    841580
397   2017-06-30 15.85 15.98 15.77  15.94    0.13        0.82    854400
398   2017-07-03 15.91 16.20 15.89  16.10    0.16        1.00   1812960
399   2017-07-04 16.10 16.14 15.94  16.02   -0.08       -0.50    819980
400   2017-07-05 16.06 16.14 15.91  16.08    0.06        0.37    799160
401   2017-07-06 16.08 16.35 16.06  16.29    0.21        1.31   2378800
402   2017-07-07 16.35 16.41 16.02  16.02   -0.27       -1.66   1164990
403   2017-07-10 16.10 16.18 15.73  15.77   -0.25       -1.56   1364350
404   2017-07-11 15.73 15.85 15.56  15.85    0.08        0.51   1103920
405   2017-07-12 15.89 15.94 15.67  15.73   -0.12       -0.76   1299690
406   2017-07-13 15.94 15.94 15.73  15.81    0.08        0.51    467540
407   2017-07-14 15.81 15.87 15.75  15.83    0.02        0.13    386280
408   2017-07-17 15.83 15.87 15.60  15.60   -0.23       -1.45    703340
409   2017-07-18 15.56 15.73 15.54  15.63    0.03        0.19   1396110
410   2017-07-19 15.65 15.71 15.52  15.56   -0.07       -0.45   1170570
411   2017-07-20 15.52 15.56 15.36  15.50   -0.06       -0.39   1086130
412   2017-07-21 15.56 15.60 15.31  15.31   -0.19       -1.23   1058900
413   2017-07-24 15.31 15.44 15.17  15.44    0.13        0.85    914230
414   2017-07-25 15.40 15.46 15.27  15.44    0.00        0.00    483370
415   2017-07-26 15.50 15.56 15.40  15.48    0.04        0.26   1240450
416   2017-07-27 15.48 15.54 15.46  15.46   -0.02       -0.13    661800
417   2017-07-28 15.46 15.65 15.44  15.52    0.06        0.39   1246630
418   2017-07-31 15.56 15.69 15.52  15.63    0.11        0.71   1097910
419   2017-08-01 15.73 16.02 15.73  15.89    0.26        1.66   1710380
420   2017-08-02 15.77 15.89 15.65  15.77   -0.12       -0.76    943280
421   2017-08-03 15.85 15.89 15.77  15.85    0.08        0.51    677010
422   2017-08-04 15.85 15.89 15.69  15.75   -0.10       -0.63    755620
423   2017-08-07 15.77 15.83 15.73  15.75    0.00        0.00    748690
424   2017-08-08 15.75 16.12 15.75  15.89    0.14        0.89   1643470
425   2017-08-09 15.89 15.96 15.52  15.65   -0.24       -1.51   1227850
426   2017-08-10 15.54 15.69 15.50  15.60   -0.05       -0.32   1133390
427   2017-08-11 15.50 15.54 15.44  15.50   -0.10       -0.64    580140
428   2017-08-14 15.50 15.65 15.50  15.58    0.08        0.52    363540
429   2017-08-15 15.56 15.60 15.44  15.44   -0.14       -0.90    466800
430   2017-08-16 15.44 15.54 15.42  15.52    0.08        0.52    388380
431   2017-08-17 15.52 15.54 15.38  15.44   -0.08       -0.52    521370
432   2017-08-18 15.44 15.65 15.38  15.52    0.08        0.52    720950
433   2017-08-21 15.52 15.56 15.44  15.48   -0.04       -0.26    257280
434   2017-08-22 15.52 15.52 15.27  15.27   -0.21       -1.36    547530
435   2017-08-23 15.31 15.36 15.19  15.31    0.04        0.26    551970
436   2017-08-24 15.38 15.50 15.27  15.34    0.03        0.20    326460
437   2017-08-25 15.34 15.48 15.34  15.38    0.04        0.26    222240
438   2017-08-28 15.38 15.50 15.36  15.50    0.12        0.78    664630
439   2017-08-29 15.50 15.52 15.31  15.31   -0.19       -1.23    691290
440   2017-08-30 15.31 15.44 15.27  15.31    0.00        0.00    697600
441   2017-08-31 15.27 15.50 15.25  15.36    0.05        0.33    697650
442   2017-09-01 15.48 15.52 15.36  15.50    0.14        0.91    655740
443   2017-09-05 15.48 15.85 15.38  15.79    0.29        1.87   1658120
444   2017-09-06 15.73 15.79 15.63  15.73   -0.06       -0.38    589690
445   2017-09-07 15.73 15.73 15.60  15.60   -0.13       -0.83    558020
446   2017-09-08 15.73 15.77 15.58  15.60    0.00        0.00    753240
447   2017-09-11 15.65 16.10 15.60  15.60    0.00        0.00   1858420
448   2017-09-12 15.60 15.77 15.58  15.75    0.15        0.96   1335940
449   2017-09-13 15.89 15.89 15.69  15.75    0.00        0.00    774520
450   2017-09-14 15.81 15.94 15.69  15.85    0.10        0.63   2432090
451   2017-09-15 15.85 15.89 15.69  15.73   -0.12       -0.76   2799180
452   2017-09-18 15.73 15.81 15.56  15.56   -0.17       -1.08   2916990
453   2017-09-19 15.50 15.65 15.44  15.48   -0.08       -0.51   2466890
454   2017-09-20 15.50 15.81 15.50  15.65    0.17        1.10   2168280
455   2017-09-21 15.69 15.79 15.63  15.67    0.02        0.13   1215880
456   2017-09-22 15.67 15.69 15.56  15.58   -0.09       -0.57   1052820
457   2017-09-25 15.58 15.63 15.50  15.52   -0.06       -0.39   1065690
458   2017-09-26 15.52 15.60 15.44  15.58    0.06        0.39    871840
459   2017-09-27 15.69 15.73 15.54  15.60    0.02        0.13   1377060
460   2017-09-28 15.73 15.84 15.69  15.75    0.15        0.96   1573710
461   2017-09-29 15.75 15.96 15.73  15.90    0.15        0.95   2122200
462   2017-10-02 15.99 16.11 15.84  15.92    0.02        0.13   1205110
463   2017-10-03 15.99 16.03 15.86  15.90   -0.02       -0.13   1417210
464   2017-10-04 15.86 16.49 15.86  16.41    0.51        3.21   4836990
465   2017-10-05 16.58 16.92 16.37  16.37   -0.04       -0.24   5672370
466   2017-10-06 16.37 16.56 16.34  16.51    0.14        0.86   2322970
467   2017-10-09 16.64 16.77 16.56  16.66    0.15        0.91   2500440
468   2017-10-10 16.66 16.87 16.58  16.77    0.11        0.66   2583380
469   2017-10-11 16.83 16.87 16.51  16.64   -0.13       -0.78   2835470
470   2017-10-12 16.64 16.68 16.51  16.51   -0.13       -0.78   1767480
471   2017-10-13 16.49 16.66 16.49  16.64    0.13        0.79   1784200
472   2017-10-16 16.68 16.70 16.47  16.51   -0.13       -0.78   1542490
473   2017-10-17 16.51 17.34 16.49  17.34    0.83        5.03   3062770
474   2017-10-18 17.30 17.51 17.15  17.21   -0.13       -0.75   3053330
475   2017-10-19 17.21 17.30 17.04  17.13   -0.08       -0.46   1482080
476   2017-10-20 17.15 17.47 17.11  17.25    0.12        0.70   2072400
477   2017-10-23 17.27 17.49 16.83  16.87   -0.38       -2.20   3568930
478   2017-10-24 16.85 17.04 16.70  16.92    0.05        0.30   1212060
479   2017-10-25 16.92 17.25 16.92  17.23    0.31        1.83   1385130
480   2017-10-26 17.23 17.44 17.00  17.17   -0.06       -0.35   1922030
481   2017-10-27 17.17 17.76 17.11  17.76    0.59        3.44   2347090
482   2017-10-30 17.89 18.16 17.55  17.72   -0.04       -0.23   3808170
483   2017-10-31 17.72 17.80 17.51  17.51   -0.21       -1.19   1322440
484   2017-11-01 17.59 17.70 17.49  17.59    0.08        0.46   2149100
485   2017-11-02 17.59 18.14 17.38  17.38   -0.21       -1.19   2341010
486   2017-11-03 17.38 17.72 17.25  17.72    0.34        1.96   1399850
487   2017-11-06 17.76 18.14 17.68  17.97    0.25        1.41   2460760
488   2017-11-07 17.97 18.12 17.76  17.95   -0.02       -0.11   1712940
489   2017-11-08 17.95 18.61 17.85  18.44    0.49        2.73   2695690
490   2017-11-09 18.52 18.61 18.23  18.23   -0.21       -1.14   1899000
491   2017-11-10 18.18 18.46 18.10  18.23    0.00        0.00   2187370
492   2017-11-13 18.40 18.48 18.18  18.35    0.12        0.66   2104320
493   2017-11-14 18.40 18.78 18.33  18.52    0.17        0.93   3008230
494   2017-11-15 18.52 18.69 18.44  18.44   -0.08       -0.43   1304050
495   2017-11-16 18.50 18.97 18.44  18.90    0.46        2.49   2077060
496   2017-11-17 18.95 19.09 18.75  18.78   -0.12       -0.63   2063770
497   2017-11-20 18.78 19.03 18.75  19.03    0.25        1.33   1783000
498   2017-11-21 19.16 20.17 19.11  19.75    0.72        3.78   3799100
499   2017-11-22 19.75 20.34 19.75  20.30    0.55        2.78   3116060
500   2017-11-23 20.59 20.68 19.81  20.26   -0.04       -0.20   2666680
501   2017-11-24 20.09 20.17 19.88  20.04   -0.22       -1.09   1363450
502   2017-11-27 20.09 20.38 19.79  20.26    0.22        1.10   2242960
503   2017-11-28 20.36 20.47 20.09  20.38    0.12        0.59   1712500
504   2017-11-29 20.30 20.72 20.30  20.72    0.34        1.67   1440140
505   2017-11-30 20.64 21.14 20.51  20.51   -0.21       -1.01   1997210
506   2017-12-01 20.55 20.68 20.30  20.43   -0.08       -0.39   2085760
507   2017-12-04 20.51 20.89 20.43  20.89    0.46        2.25   1939700
508   2017-12-05 20.89 21.14 20.34  20.34   -0.55       -2.63   1975550
509   2017-12-06 20.30 20.43 19.92  20.30   -0.04       -0.20   2102030
510   2017-12-07 20.30 20.30 19.75  20.13   -0.17       -0.84   2737090
511   2017-12-08 20.13 20.13 19.66  19.90   -0.23       -1.14   1517040
512   2017-12-11 19.66 19.83 18.86  18.86   -1.04       -5.23   1447900
513   2017-12-12 19.03 19.20 17.59  18.90    0.04        0.21   2440280
514   2017-12-13 19.03 19.07 18.48  18.61   -0.29       -1.53   1177420
515   2017-12-14 18.61 19.24 18.56  19.16    0.55        2.96   2166840
516   2017-12-15 19.16 19.66 19.11  19.45    0.29        1.51   2574240
517   2017-12-18 19.88 20.38 19.71  20.21    0.76        3.91   2349430
518   2017-12-19 20.26 20.49 20.02  20.19   -0.02       -0.10   1958480
519   2017-12-20 20.19 20.87 20.04  20.72    0.53        2.63   2587600
520   2017-12-21 20.72 20.81 20.51  20.51   -0.21       -1.01   1547200
521   2017-12-22 20.38 21.48 20.32  21.48    0.97        4.73   4459390
522   2017-12-25 21.69 21.86 21.48  21.74    0.26        1.21   1491740
523   2017-12-26 21.78 21.86 21.36  21.74    0.00        0.00   1701570
524   2017-12-27 21.74 22.33 21.61  22.20    0.46        2.12   2214360
525   2017-12-28 22.20 23.22 22.20  22.88    0.68        3.06   2321870
526   2017-12-29 22.84 23.26 22.79  22.96    0.08        0.35   2753570
527   2018-01-02 22.84 23.43 22.67  23.26    0.30        1.31   2801720
528   2018-01-03 23.47 23.55 23.05  23.22   -0.04       -0.17   1843870
529   2018-01-04 23.13 23.43 22.96  23.43    0.21        0.90   1990040
530   2018-01-05 23.30 23.30 22.79  22.84   -0.59       -2.52   2045200
531   2018-01-08 22.84 23.47 22.41  23.43    0.59        2.58   2071140
532   2018-01-09 23.68 24.74 23.05  24.74    1.31        5.59   2853160
533   2018-01-10 24.65 25.03 24.23  24.53   -0.21       -0.85   2842830
534   2018-01-11 24.32 24.87 24.19  24.87    0.34        1.39   1766240
535   2018-01-12 24.53 25.12 24.53  24.53   -0.34       -1.37   2525840
536   2018-01-15 24.53 25.37 24.10  25.37    0.84        3.42   2061850
537   2018-01-16 25.37 25.50 24.87  25.37    0.00        0.00   2218380
538   2018-01-17 23.77 25.33 23.77  23.77   -1.60       -6.31   2077670
539   2018-01-18 23.68 24.74 23.64  24.74    0.97        4.08   2845720
540   2018-01-19 24.78 25.97 24.65  25.80    1.06        4.28   2998270
541   2018-01-22 26.22 26.81 26.09  26.77    0.97        3.76   2300660
542   2018-01-25 27.70 28.63 26.98  28.63    1.86        6.95   4788340
543   2018-01-26 29.35 29.60 28.12  29.22    0.59        2.06   2617800
544   2018-01-29 29.60 30.24 28.67  28.76   -0.46       -1.57   2281360
545   2018-01-30 28.12 28.67 28.00  28.33   -0.43       -1.50   2818520
546   2018-01-31 28.33 29.14 28.00  28.16   -0.17       -0.60   1936300
547   2018-02-01 28.08 28.67 27.83  28.16    0.00        0.00   2166810
548   2018-02-02 28.54 28.54 28.16  28.50    0.34        1.21   1652660
549   2018-02-05 27.91 28.33 26.51  26.51   -1.99       -6.98   2687810
550   2018-02-06 24.70 26.64 24.70  26.22   -0.29       -1.09   6724710
551   2018-02-07 27.49 27.57 26.56  26.85    0.63        2.40   1635780
552   2018-02-08 26.47 26.85 26.01  26.60   -0.25       -0.93    855160
553   2018-02-09 24.74 26.35 24.74  25.75   -0.85       -3.20   2408810
554   2018-02-12 26.22 26.85 25.67  26.85    1.10        4.27   1847850
555   2018-02-13 27.19 27.45 26.90  27.06    0.21        0.78   1527780
556   2018-02-21 27.49 28.71 27.28  28.00    0.94        3.47   2132410
557   2018-02-22 27.74 28.50 27.66  28.25    0.25        0.89   2352100
558   2018-02-23 28.33 30.19 28.21  30.19    1.94        6.87   4825770
559   2018-02-26 31.42 31.42 30.19  30.41    0.22        0.73   3453290
560   2018-02-27 30.83 31.08 30.32  30.96    0.55        1.81   2249770
561   2018-02-28 30.49 31.72 30.45  31.21    0.25        0.81   3475320
562   2018-03-01 30.70 31.55 30.02  30.24   -0.97       -3.11   3615670
563   2018-03-02 29.60 30.45 29.60  30.36    0.12        0.40   2525210
564   2018-03-05 30.45 30.66 28.76  28.76   -1.60       -5.27   2914810
565   2018-03-06 29.18 30.24 28.63  30.11    1.35        4.69   3103920
566   2018-03-07 30.24 30.41 28.97  29.43   -0.68       -2.26   2277620
567   2018-03-08 29.43 29.77 29.09  29.39   -0.04       -0.14   1554260
568   2018-03-09 29.81 30.24 29.43  30.02    0.63        2.14   3236520
569   2018-03-12 30.45 31.04 30.24  30.45    0.43        1.43   2899140
570   2018-03-13 30.45 30.70 29.86  30.45    0.00        0.00   2146470
571   2018-03-14 30.70 31.42 30.70  31.21    0.76        2.50   4053460
572   2018-03-15 30.87 31.51 30.79  31.21    0.00        0.00   2111990
573   2018-03-16 31.51 31.84 31.34  31.59    0.38        1.22   5327050
574   2018-03-19 31.97 32.35 30.87  31.42   -0.17       -0.54   2803610
575   2018-03-20 31.00 31.67 31.00  31.29   -0.13       -0.41   1836040
576   2018-03-21 31.51 31.80 31.08  31.08   -0.21       -0.67   2952180
577   2018-03-22 31.29 31.29 30.45  30.45   -0.63       -2.03   3871380
578   2018-03-23 28.97 29.90 28.97  29.56   -0.89       -2.92   4563730
579   2018-03-26 29.60 30.41 29.43  30.41    0.85        2.88   1821910
580   2018-03-27 30.79 30.83 29.86  30.02   -0.39       -1.28   2322350
581   2018-03-28 29.56 30.15 29.52  29.81   -0.21       -0.70   1643300
582   2018-03-29 29.94 30.28 29.64  30.02    0.21        0.70   1457380
583   2018-03-30 30.02 30.19 29.69  29.81   -0.21       -0.70   1280140
584   2018-04-02 30.02 31.29 29.94  31.29    1.48        4.96   3055600
585   2018-04-03 31.29 31.84 31.08  31.42    0.13        0.42   3500060
586   2018-04-04 31.51 31.63 31.08  31.08   -0.34       -1.08   2089100
587   2018-04-05 31.21 31.29 30.70  31.08    0.00        0.00   1763710
588   2018-04-06 31.12 31.63 31.04  31.08    0.00        0.00   2346040
589   2018-04-09 31.08 31.42 31.08  31.21    0.13        0.42   2693260
590   2018-04-10 31.51 31.84 31.12  31.51    0.30        0.96   5026810
591   2018-04-11 31.59 31.63 29.60  30.11   -1.40       -4.44   3911130
592   2018-04-12 29.98 30.24 29.60  29.98   -0.13       -0.43   3262970
593   2018-04-13 30.15 30.19 28.54  28.71   -1.27       -4.24   5148440
594   2018-04-16 28.42 28.59 27.53  27.87   -0.84       -2.93   3992890
595   2018-04-17 27.91 28.33 27.70  28.33    0.46        1.65   2104840
596   2018-04-18 28.67 28.67 27.40  27.40   -0.93       -3.28   2005410
597   2018-04-19 27.23 27.28 25.80  25.80   -1.60       -5.84   4909820
598   2018-04-20 25.88 27.06 25.67  27.06    1.26        4.88   2996320
599   2018-04-23 27.28 27.40 25.20  25.20   -1.86       -6.87   2876760
600   2018-04-24 24.95 25.67 24.53  25.37    0.17        0.67   4451970
601   2018-04-26 25.37 25.92 24.53  24.61   -0.76       -3.00   4669710
602   2018-04-27 24.61 25.46 24.57  25.37    0.76        3.09   2940100
603   2018-05-02 25.63 25.80 24.44  24.61   -0.76       -3.00   2862030
604   2018-05-03 24.61 25.25 24.06  25.20    0.59        2.40   3451890
605   2018-05-04 25.46 25.67 24.91  24.95   -0.25       -0.99   3234250
606   2018-05-07 25.29 26.26 25.08  26.26    1.31        5.25   3511210
607   2018-05-08 25.92 26.30 25.80  25.80   -0.46       -1.75   2947160
608   2018-05-09 25.67 25.80 25.16  25.16   -0.64       -2.48   2787480
609   2018-05-10 25.33 25.46 23.51  23.89   -1.27       -5.05   4433980
610   2018-05-11 23.89 24.53 23.05  24.49    0.60        2.51   3954360
611   2018-05-14 24.61 24.74 24.06  24.65    0.16        0.65   1522180
612   2018-05-15 24.65 25.29 24.61  24.82    0.17        0.69   2498910
613   2018-05-16 24.74 24.91 24.10  24.10   -0.72       -2.90   2368960
614   2018-05-17 24.10 24.27 23.77  24.02   -0.08       -0.33   2079780
615   2018-05-18 24.06 24.15 23.17  23.89   -0.13       -0.54   2437850
616   2018-05-21 23.89 24.27 23.55  23.55   -0.34       -1.42   1835620
617   2018-05-22 23.22 23.47 21.99  22.58   -0.97       -4.12   3235250
618   2018-05-23 22.41 23.05 21.99  23.05    0.47        2.08   2045320
619   2018-05-24 23.05 23.17 22.41  22.54   -0.51       -2.21   1312180
620   2018-05-25 22.58 22.71 21.14  21.14   -1.40       -6.21   2718610
621   2018-05-28 20.72 20.98 19.79  19.79   -1.35       -6.39   4579370
622   2018-05-29 20.09 21.14 19.79  21.14    1.35        6.82   2610350
623   2018-05-30 21.57 22.33 21.36  21.99    0.85        4.02   4432950
624   2018-05-31 21.78 23.05 21.74  22.88    0.89        4.05   3736400
625   2018-06-01 22.88 24.32 22.79  24.10    1.22        5.33   5930650
626   2018-06-04 23.89 25.20 23.68  25.08    0.98        4.07   3837380
627   2018-06-05 24.78 25.20 24.40  24.78   -0.30       -1.20   3532580
628   2018-06-06 24.57 25.25 24.36  24.99    0.21        0.85   2183260
629   2018-06-07 24.95 25.08 24.70  24.82   -0.17       -0.68   2538580
630   2018-06-08 24.65 25.54 24.65  25.25    0.43        1.73   2693680
631   2018-06-11 25.12 25.50 24.74  24.95   -0.30       -1.19   2453150
632   2018-06-12 24.74 24.95 23.89  24.53   -0.42       -1.68   3024500
633   2018-06-13 24.36 25.33 24.36  25.33    0.80        3.26   2054850
634   2018-06-14 25.33 25.33 24.53  24.57   -0.76       -3.00   2814340
635   2018-06-15 24.32 24.95 24.27  24.95    0.38        1.55   2557670
636   2018-06-18 24.91 24.95 23.68  23.89   -1.06       -4.25   2461860
637   2018-06-19 23.05 23.89 22.84  23.89    0.00        0.00   5149160
638   2018-06-20 24.10 24.82 23.77  24.57    0.68        2.85   2767440
639   2018-06-21 24.53 24.61 23.85  24.10   -0.47       -1.91   1637920
640   2018-06-22 23.72 24.82 23.47  24.82    0.72        2.99   2529630
641   2018-06-25 25.37 25.46 24.91  25.12    0.30        1.21   2415610
642   2018-06-26 24.74 25.12 24.53  25.08   -0.04       -0.16   1346430
643   2018-06-27 24.95 25.58 24.53  24.53   -0.55       -2.19   2602270
644   2018-06-28 24.10 24.82 24.10  24.49   -0.04       -0.16   2114670
645   2018-06-29 24.49 24.82 24.02  24.53    0.04        0.16   1439520
646   2018-07-02 24.32 24.70 23.43  24.57    0.04        0.16   2846420
647   2018-07-03 24.65 24.65 23.68  23.68   -0.89       -3.62   3355250
648   2018-07-04 23.77 23.89 23.13  23.51   -0.17       -0.72   2452480
649   2018-07-05 23.43 23.51 21.99  21.99   -1.52       -6.47   2865870
650   2018-07-06 21.61 23.43 21.36  23.26    1.27        5.78   3443450
651   2018-07-09 23.26 23.85 22.84  22.84   -0.42       -1.81   1434270
652   2018-07-10 23.47 23.47 22.46  22.46   -0.38       -1.66   1360490
653   2018-07-11 21.95 22.20 21.19  21.65   -0.81       -3.61   3312190
654   2018-07-12 21.65 22.67 21.36  22.16    0.51        2.36   1422890
655   2018-07-13 22.54 23.22 21.99  23.17    1.01        4.56   1709410
656   2018-07-16 23.26 23.47 22.96  23.22    0.05        0.22   1302130
657   2018-07-17 22.84 23.60 22.84  23.60    0.38        1.64   1594780
658   2018-07-18 23.60 24.32 23.60  24.32    0.72        3.05   2473610
659   2018-07-19 24.40 24.44 23.98  24.02   -0.30       -1.23   1704000
660   2018-07-20 23.89 24.19 23.30  24.02    0.00        0.00   2204900
661   2018-07-23 24.02 24.70 23.89  23.94   -0.08       -0.33   2618240
662   2018-07-24 24.10 24.27 23.68  24.10    0.16        0.67   1683260
663   2018-07-25 24.23 24.27 23.39  23.39   -0.71       -2.95   1257900
664   2018-07-26 23.43 23.98 23.05  23.98    0.59        2.52   2107890
665   2018-07-27 23.98 24.23 23.77  23.89   -0.09       -0.38    979280
666   2018-07-30 24.10 24.27 23.89  24.23    0.34        1.42   1288790
667   2018-07-31 24.15 25.08 24.02  24.74    0.51        2.10   3438180
668   2018-08-01 24.99 25.03 24.70  24.78    0.04        0.16   1902040
669   2018-08-02 24.61 24.95 24.40  24.95    0.17        0.69   1855340
670   2018-08-03 25.16 25.25 24.57  24.74   -0.21       -0.84   1770230
671   2018-08-06 24.61 25.20 24.61  24.95    0.21        0.85   1782410
672   2018-08-07 24.87 26.18 24.78  26.01    1.06        4.25   5488590
673   2018-08-08 26.05 26.39 25.80  26.26    0.25        0.96   2193510
674   2018-08-09 26.26 26.51 25.92  25.92   -0.34       -1.29   2508810
675   2018-08-10 25.80 26.85 25.80  26.85    0.93        3.59   3849630
676   2018-08-13 26.64 26.98 26.30  26.98    0.13        0.48   2397270
677   2018-08-14 26.98 26.98 26.51  26.56   -0.42       -1.56   1274800
678   2018-08-15 26.73 26.81 25.58  25.63   -0.93       -3.50   3238040
679   2018-08-16 25.37 25.80 24.91  25.63    0.00        0.00   3426320
680   2018-08-17 25.84 26.60 25.71  26.22    0.59        2.30   2711770
681   2018-08-20 26.22 26.43 25.97  25.97   -0.25       -0.95   1601770
682   2018-08-21 25.80 26.51 25.80  26.51    0.54        2.08   1724610
683   2018-08-22 26.56 26.64 26.18  26.18   -0.33       -1.24   1490660
684   2018-08-23 26.22 26.56 26.05  26.47    0.29        1.11   1301270
685   2018-08-24 26.47 26.47 26.13  26.22   -0.25       -0.94   1779380
686   2018-08-27 26.43 26.85 26.39  26.68    0.46        1.75   1805900
687   2018-08-28 26.85 27.19 26.60  27.06    0.38        1.42   2588320
688   2018-08-29 27.02 27.11 26.68  26.68   -0.38       -1.40   1117930
689   2018-08-30 26.68 27.15 26.39  26.98    0.30        1.12   1336350
690   2018-08-31 26.98 27.06 26.22  26.43   -0.55       -2.04   1949400
691   2018-09-04 26.43 26.47 25.75  25.80   -0.63       -2.38   2050280
692   2018-09-05 25.80 26.13 25.50  25.63   -0.17       -0.66   1766180
693   2018-09-06 25.63 25.80 25.46  25.50   -0.13       -0.51    796450
694   2018-09-07 25.42 26.30 25.42  26.22    0.72        2.82   1595530
695   2018-09-10 26.22 26.47 25.84  26.22    0.00        0.00   1505560
696   2018-09-11 26.01 26.68 26.01  26.64    0.42        1.60   1543540
697   2018-09-12 26.73 26.90 26.43  26.47   -0.17       -0.64   1590110
698   2018-09-13 26.56 26.81 26.47  26.60    0.13        0.49   1069800
699   2018-09-14 26.73 27.23 26.73  27.06    0.46        1.73   2405940
700   2018-09-17 27.06 27.06 26.60  26.60   -0.46       -1.70   1007490
701   2018-09-18 26.43 26.77 26.35  26.77    0.17        0.64   1077110
702   2018-09-19 26.94 26.94 26.68  26.77    0.00        0.00   1075000
703   2018-09-20 26.77 27.32 26.77  27.23    0.46        1.72   1709890
704   2018-09-21 27.49 27.78 27.06  27.32    0.09        0.33   4889170
705   2018-09-24 27.70 27.78 27.40  27.57    0.25        0.92   1094970
706   2018-09-25 27.40 27.57 27.23  27.23   -0.34       -1.23   1031520
707   2018-09-26 27.23 27.45 26.98  26.98   -0.25       -0.92   2099660
708   2018-09-27 26.98 27.15 26.73  26.81   -0.17       -0.63   2121040
709   2018-09-28 26.94 27.06 26.64  26.64   -0.17       -0.63   2104400
710   2018-10-01 26.85 26.85 26.43  26.43   -0.21       -0.79   1932610
711   2018-10-02 26.43 26.68 26.30  26.64    0.21        0.79   1601040
712   2018-10-03 26.81 26.85 26.43  26.64    0.00        0.00   1034920
713   2018-10-04 26.64 27.06 26.56  26.64    0.00        0.00   2298750
714   2018-10-05 26.77 26.98 26.60  26.60   -0.04       -0.15   1633520
715   2018-10-08 26.56 26.73 26.38  26.38   -0.22       -0.83   1347760
716   2018-10-09 26.47 26.64 26.38  26.43    0.05        0.19    868060
717   2018-10-10 26.51 26.56 26.30  26.43    0.00        0.00    781330
718   2018-10-11 25.70 25.70 24.63  24.71   -1.72       -6.51   3432840
719   2018-10-12 24.41 25.66 24.41  25.66    0.95        3.84   2266290
720   2018-10-15 25.61 25.70 25.14  25.31   -0.35       -1.36   1155630
721   2018-10-16 25.27 25.53 25.23  25.36    0.05        0.20   1079700
722   2018-10-17 25.66 25.66 25.31  25.36    0.00        0.00   1293490
723   2018-10-18 25.27 25.36 24.80  24.84   -0.52       -2.05   1605080
724   2018-10-19 24.41 25.10 24.41  24.71   -0.13       -0.52   1188910
725   2018-10-22 25.06 25.19 24.46  24.46   -0.25       -1.01   1204690
726   2018-10-23 24.41 24.54 23.13  23.90   -0.56       -2.29   2346810
727   2018-10-24 23.90 24.24 23.77  23.77   -0.13       -0.54   1474260
728   2018-10-25 22.70 23.64 22.70  23.47   -0.30       -1.26   1744120
729   2018-10-26 23.94 23.94 22.92  22.92   -0.55       -2.34   1220360
730   2018-10-29 22.83 23.09 22.49  22.66   -0.26       -1.13   1261730
731   2018-10-30 22.66 23.26 22.57  23.22    0.56        2.47   1337430
732   2018-10-31 23.22 24.29 23.22  23.81    0.59        2.54   1245750
733   2018-11-01 23.90 23.94 23.47  23.56   -0.25       -1.05   1221200
734   2018-11-02 23.56 24.11 23.56  24.07    0.51        2.16   1136910
735   2018-11-05 23.94 24.20 23.81  24.20    0.13        0.54    873020
736   2018-11-06 24.41 24.41 23.90  23.90   -0.30       -1.24    667710
737   2018-11-07 23.90 24.07 23.60  23.77   -0.13       -0.54    668290
738   2018-11-08 24.29 24.33 23.86  23.86    0.09        0.38    575720
739   2018-11-09 23.64 23.86 23.26  23.26   -0.60       -2.51    885690
740   2018-11-12 23.13 23.39 22.62  23.39    0.13        0.56    687980
741   2018-11-13 22.83 23.26 22.83  22.96   -0.43       -1.84    601520
742   2018-11-14 22.96 23.26 22.62  22.79   -0.17       -0.74    530120
743   2018-11-15 22.79 22.96 22.49  22.87    0.08        0.35    828510
744   2018-11-16 23.13 23.17 22.74  22.79   -0.08       -0.35   1227840
745   2018-11-19 23.13 23.13 22.79  23.13    0.34        1.49   1145500
746   2018-11-20 23.13 23.13 22.83  23.04   -0.09       -0.39   1086240
747   2018-11-21 22.74 23.73 22.70  23.73    0.69        2.99   1908000
748   2018-11-22 23.56 23.77 23.43  23.47   -0.26       -1.10    961120
749   2018-11-23 23.43 23.56 23.13  23.13   -0.34       -1.45    897050
750   2018-11-26 23.13 23.26 23.00  23.13    0.00        0.00    673900
751   2018-11-27 23.30 23.43 22.79  22.87   -0.26       -1.12   1284900
752   2018-11-28 22.87 23.60 22.87  23.60    0.73        3.19   1483680
753   2018-11-29 23.81 24.16 23.56  23.56   -0.04       -0.17   2360280
754   2018-11-30 23.52 23.99 23.47  23.73    0.17        0.72   1430640
755   2018-12-03 24.29 24.84 24.07  24.84    1.11        4.68   2226730
756   2018-12-04 24.76 24.97 24.46  24.67   -0.17       -0.68   1367410
757   2018-12-05 24.41 24.93 24.20  24.76    0.09        0.36   2014850
758   2018-12-06 24.59 24.84 24.29  24.37   -0.39       -1.58   2258320
759   2018-12-07 24.59 24.71 24.46  24.50    0.13        0.53    835390
760   2018-12-10 24.50 24.59 24.24  24.37   -0.13       -0.53   1050910
761   2018-12-11 24.37 24.50 24.07  24.33   -0.04       -0.16   1119050
762   2018-12-12 24.54 24.84 24.33  24.84    0.51        2.10   1466430
763   2018-12-13 24.97 25.01 24.67  24.67   -0.17       -0.68    851900
764   2018-12-14 24.63 24.67 24.20  24.20   -0.47       -1.91    880580
765   2018-12-17 23.99 24.16 23.47  23.47   -0.73       -3.02   1787440
766   2018-12-18 23.17 23.77 23.17  23.60    0.13        0.55   1459730
767   2018-12-19 23.60 23.73 23.17  23.30   -0.30       -1.27   1131780
768   2018-12-20 23.26 23.64 23.26  23.39    0.09        0.39    877260
769   2018-12-21 23.34 23.34 23.04  23.34   -0.05       -0.21   1690120
770   2018-12-24 23.34 23.52 22.74  22.74   -0.60       -2.57    864160
771   2018-12-25 22.27 22.70 21.84  22.57   -0.17       -0.75   1964060
772   2018-12-26 22.53 22.92 22.53  22.62    0.05        0.22    782180
773   2018-12-27 23.13 23.26 22.92  22.92    0.30        1.33    571770
774   2018-12-28 23.04 23.34 22.83  22.92    0.00        0.00    781690
775   2019-01-02 23.09 23.26 22.92  22.96    0.04        0.17   1081640
776   2019-01-03 23.13 23.17 22.57  22.96    0.00        0.00   1071350
777   2019-01-04 22.83 23.30 22.53  23.30    0.34        1.48   1307310
778   2019-01-07 23.69 23.77 23.34  23.39    0.09        0.39   1175810
779   2019-01-08 23.56 23.64 23.34  23.56    0.17        0.73   1318810
780   2019-01-09 23.77 24.03 23.47  23.90    0.34        1.44   1136370
781   2019-01-10 23.90 23.90 23.56  23.56   -0.34       -1.42    794870
782   2019-01-11 23.64 23.77 23.52  23.64    0.08        0.34   1115410
783   2019-01-14 23.64 23.77 23.52  23.69    0.05        0.21    759980
784   2019-01-15 23.69 24.03 23.64  23.94    0.25        1.06   1071080
785   2019-01-16 24.11 24.11 23.56  23.73   -0.21       -0.88    706160
786   2019-01-17 23.69 23.86 23.60  23.64   -0.09       -0.38    460060
787   2019-01-18 23.64 23.73 23.47  23.47   -0.17       -0.72    542400
788   2019-01-21 23.39 24.07 23.34  23.90    0.43        1.83    870530
789   2019-01-22 23.99 23.99 23.64  23.64   -0.26       -1.09    398340
790   2019-01-23 23.52 23.77 23.52  23.73    0.09        0.38    514720
791   2019-01-24 23.73 23.81 23.56  23.73    0.00        0.00    463870
792   2019-01-25 23.77 24.03 23.73  23.90    0.17        0.72   1008850
793   2019-01-28 23.99 23.99 23.77  23.77   -0.13       -0.54    336990
794   2019-01-29 23.77 24.29 23.64  24.29    0.52        2.19    973050
795   2019-01-30 24.29 24.50 24.29  24.29    0.00        0.00   1152720
796   2019-01-31 24.33 24.59 24.33  24.33    0.04        0.16   1147760
797   2019-02-01 24.41 24.59 24.20  24.20   -0.13       -0.53    827040
798   2019-02-11 24.41 24.93 24.33  24.89    0.69        2.85   1395030
799   2019-02-12 24.89 25.27 24.76  25.10    0.21        0.84   1683680
800   2019-02-13 25.10 25.66 25.10  25.61    0.51        2.03   1853680
801   2019-02-14 25.61 25.83 25.53  25.79    0.18        0.70   1629070
802   2019-02-15 25.70 25.70 25.36  25.40   -0.39       -1.51   1249180
803   2019-02-18 25.49 25.70 25.49  25.70    0.30        1.18   1027840
804   2019-02-19 25.70 25.79 25.27  25.27   -0.43       -1.67   1304520
805   2019-02-20 25.40 25.53 25.23  25.31    0.04        0.16    818480
806   2019-02-21 25.49 25.74 25.31  25.74    0.43        1.70   2044240
807   2019-02-22 25.79 26.73 25.70  26.56    0.82        3.19   2502840
808   2019-02-25 26.77 27.37 26.68  27.16    0.60        2.26   2079790
809   2019-02-26 27.16 27.20 26.51  26.98   -0.18       -0.66   1976570
810   2019-02-27 26.90 26.98 26.38  26.51   -0.47       -1.74   1148480
811   2019-02-28 26.51 26.77 25.91  25.91   -0.60       -2.26   2027080
812   2019-03-01 26.13 26.64 26.04  26.64    0.73        2.82    713500
813   2019-03-04 26.64 26.98 26.64  26.90    0.26        0.98   1347480
814   2019-03-05 26.90 27.33 26.77  26.98    0.08        0.30   1576750
815   2019-03-06 27.03 27.11 26.51  26.86   -0.12       -0.44   1081870
816   2019-03-07 26.86 27.33 26.81  27.03    0.17        0.63   1897450
817   2019-03-08 26.73 26.98 26.60  26.90   -0.13       -0.48    997370
818   2019-03-11 26.77 26.86 26.51  26.81   -0.09       -0.33   1020600
819   2019-03-12 26.98 27.76 26.86  27.76    0.95        3.54   2194380
820   2019-03-13 27.84 27.93 27.63  27.93    0.17        0.61   1680350
821   2019-03-14 27.93 28.70 27.63  28.70    0.77        2.76   2271650
822   2019-03-15 28.78 28.78 28.27  28.27   -0.43       -1.50   2616060
823   2019-03-18 28.48 29.04 28.48  28.95    0.68        2.41   1936700
824   2019-03-19 28.95 28.95 28.57  28.61   -0.34       -1.17   1390640
825   2019-03-20 28.57 28.78 28.36  28.57   -0.04       -0.14   2441040
826   2019-03-21 28.65 29.08 28.48  28.53   -0.04       -0.14   1525770
827   2019-03-22 28.61 28.70 28.48  28.65    0.12        0.42   1375420
828   2019-03-25 27.84 28.27 27.41  28.06   -0.59       -2.06   1635900
829   2019-03-26 28.31 28.48 28.06  28.06    0.00        0.00   1127550
830   2019-03-27 28.23 28.23 27.71  28.06    0.00        0.00    538180
831   2019-03-28 28.14 28.57 28.01  28.57    0.51        1.82    742470
832   2019-03-29 28.70 28.91 28.61  28.83    0.26        0.91    678050
833   2019-04-01 29.08 29.08 28.95  29.04    0.21        0.73    684060
834   2019-04-02 29.13 29.34 28.91  28.91   -0.13       -0.45    556970
835   2019-04-03 28.91 28.95 28.48  28.78   -0.13       -0.45    445650
836   2019-04-04 29.00 29.08 28.61  29.00    0.22        0.76    948960
837   2019-04-05 29.04 29.21 29.04  29.17    0.17        0.59    477530
838   2019-04-08 29.17 29.85 29.08  29.85    0.68        2.33   1121900
839   2019-04-09 29.85 29.98 29.73  29.90    0.05        0.17    759180
840   2019-04-10 29.77 29.77 29.47  29.51   -0.39       -1.30    719030
841   2019-04-11 29.55 29.55 29.00  29.34   -0.17       -0.58    405090
842   2019-04-12 29.38 29.38 28.95  29.13   -0.21       -0.72    355400
843   2019-04-16 29.13 29.13 28.44  28.87   -0.26       -0.89    404640
844   2019-04-17 29.08 29.21 28.70  29.13    0.26        0.90    516710
845   2019-04-18 28.91 29.43 28.91  29.08   -0.05       -0.17    554820
846   2019-04-19 29.08 29.34 29.08  29.13    0.05        0.17    232550
847   2019-04-22 28.74 29.17 28.70  29.08   -0.05       -0.17    313210
848   2019-04-23 29.13 29.13 28.31  28.91   -0.17       -0.58   1260620
849   2019-04-24 28.91 29.64 28.91  29.34    0.43        1.49    684540
850   2019-04-25 29.34 29.34 29.00  29.00   -0.34       -1.16    348700
851   2019-04-26 29.04 29.25 28.91  29.08    0.08        0.28    277260
852   2019-05-02 28.95 29.08 28.44  28.65   -0.43       -1.48    628430
853   2019-05-03 28.61 28.78 28.31  28.57   -0.08       -0.28    789780
854   2019-05-06 28.36 28.61 28.23  28.40   -0.17       -0.60    364560
855   2019-05-07 28.40 28.70 27.76  28.10   -0.30       -1.06   1103060
856   2019-05-08 27.67 28.10 27.67  27.88   -0.22       -0.78    947120
857   2019-05-09 28.01 28.27 27.88  28.06    0.18        0.65    659180
858   2019-05-10 28.06 28.31 27.93  28.10    0.04        0.14    554370
859   2019-05-13 28.18 28.31 28.10  28.23    0.13        0.46    475420
860   2019-05-14 28.01 28.53 28.01  28.53    0.30        1.06    628480
861   2019-05-15 28.57 28.87 28.48  28.61    0.08        0.28    734230
862   2019-05-16 28.61 28.87 28.61  28.61    0.00        0.00    412210
863   2019-05-17 28.61 28.70 28.53  28.61    0.00        0.00    449040
864   2019-05-20 28.61 29.17 28.57  29.04    0.43        1.50    607060
865   2019-05-21 29.08 29.30 29.00  29.00   -0.04       -0.14    473170
866   2019-05-22 28.78 29.38 28.70  28.78   -0.22       -0.76    662700
867   2019-05-23 28.87 29.13 28.74  28.95    0.17        0.59    378440
868   2019-05-24 28.83 29.13 28.31  28.48   -0.47       -1.62    931250
869   2019-05-27 28.70 29.04 28.48  28.87    0.39        1.37    341320
870   2019-05-28 28.70 29.38 28.61  28.87    0.00        0.00    664400
871   2019-05-29 28.95 29.17 28.78  28.91    0.04        0.14    313510
872   2019-05-30 28.91 29.17 28.83  29.00    0.09        0.31    320900
873   2019-05-31 28.91 29.13 28.61  28.78   -0.22       -0.76    712090
874   2019-06-03 28.48 28.78 27.41  28.48   -0.30       -1.04    593660
875   2019-06-04 28.27 28.91 28.23  28.78    0.30        1.05    387780
876   2019-06-05 28.78 28.91 28.57  28.57   -0.21       -0.73    269120
877   2019-06-06 28.57 28.57 27.84  28.23   -0.34       -1.19    394550
878   2019-06-07 28.48 28.70 27.93  28.10   -0.13       -0.46    490880
879   2019-06-10 28.61 28.91 28.27  28.57    0.47        1.67    585460
880   2019-06-11 28.48 28.91 28.48  28.87    0.30        1.05    280100
881   2019-06-12 28.87 28.91 28.65  28.70   -0.17       -0.59    212910
882   2019-06-13 28.70 28.91 28.44  28.83    0.13        0.45    546960
883   2019-06-14 28.91 29.81 28.83  29.64    0.81        2.81   2478770
884   2019-06-17 29.64 30.11 29.55  29.64    0.00        0.00   1018520
885   2019-06-18 29.55 30.20 29.21  30.11    0.47        1.59    958120
886   2019-06-19 29.90 30.28 29.73  29.90   -0.21       -0.70    767310
887   2019-06-20 29.85 30.63 29.81  30.63    0.73        2.44    934290
888   2019-06-21 30.41 30.84 30.41  30.41   -0.22       -0.72   1785930
889   2019-06-24 30.63 31.61 30.41  31.27    0.86        2.83   1407410
890   2019-06-25 31.18 31.18 30.84  31.01   -0.26       -0.83    390840
891   2019-06-26 31.01 31.05 30.20  30.20   -0.81       -2.61    918850
892   2019-06-27 30.41 30.41 29.73  29.77   -0.43       -1.42   1187150
893   2019-06-28 29.81 30.84 29.30  30.20    0.43        1.44    830140
894   2019-07-01 30.41 30.80 30.37  30.54    0.34        1.13    565640
895   2019-07-02 30.63 30.63 30.11  30.20   -0.34       -1.11    363020
896   2019-07-03 30.20 30.41 29.81  29.81   -0.39       -1.29    796720
897   2019-07-04 29.98 31.05 29.85  31.05    1.24        4.16   1125010
898   2019-07-05 31.05 31.10 30.84  31.10    0.05        0.16    425620
899   2019-07-08 30.84 30.97 30.41  30.54   -0.56       -1.80    723300
900   2019-07-09 30.63 30.80 30.24  30.80    0.26        0.85    668550
901   2019-07-10 31.05 31.14 30.80  31.05    0.25        0.81    639160
902   2019-07-11 31.10 31.95 31.10  31.70    0.65        2.09   1286980
903   2019-07-12 31.70 31.91 31.52  31.57   -0.13       -0.41    926210
904   2019-07-15 31.70 32.12 31.57  32.12    0.55        1.74   1089930
905   2019-07-16 32.34 33.41 32.30  33.07    0.95        2.96   1901200
906   2019-07-17 32.77 33.02 32.47  32.64   -0.43       -1.30    802350
907   2019-07-18 32.51 33.07 32.38  32.72    0.08        0.25    858680
908   2019-07-19 32.51 34.18 32.72  33.84    1.12        3.42   1316760
909   2019-07-22 33.84 34.05 33.71  33.84    0.00        0.00    930520
910   2019-07-23 33.79 33.97 33.62  33.79   -0.05       -0.15    626060
911   2019-07-24 34.05 34.05 32.77  32.94   -0.85       -2.52   1380620
912   2019-07-25 32.94 33.32 32.85  33.28    0.34        1.03    457360
913   2019-07-26 33.28 34.14 33.20  33.62    0.34        1.02    942260
914   2019-07-29 33.62 34.69 33.54  34.69    1.07        3.18    986830
915   2019-07-30 35.12 35.34 34.52  34.52   -0.17       -0.49   1133490
916   2019-07-31 34.27 34.48 34.09  34.35   -0.17       -0.49    512820
917   2019-08-01 34.35 34.48 34.14  34.48    0.13        0.38    538850
918   2019-08-02 34.14 34.48 33.88  33.88   -0.60       -1.74    680000
919   2019-08-05 33.92 34.14 33.02  33.15   -0.73       -2.15    857570
920   2019-08-06 32.72 32.94 32.47  32.68   -0.47       -1.42   1172520
921   2019-08-07 32.68 33.58 32.68  33.58    0.90        2.75    567830
922   2019-08-08 33.62 34.18 33.45  33.62    0.04        0.12    612530
923   2019-08-09 33.71 34.01 33.58  33.62    0.00        0.00    638630
924   2019-08-12 33.62 33.75 33.07  33.28   -0.34       -1.01    475000
925   2019-08-13 33.07 33.20 32.51  32.68   -0.60       -1.80    809300
926   2019-08-14 33.41 33.41 32.68  32.68    0.00        0.00    354750
927   2019-08-15 31.95 33.84 31.95  33.84    1.16        3.55    510330
928   2019-08-16 33.32 33.67 33.32  33.37   -0.47       -1.39    551180
929   2019-08-19 33.37 33.62 32.85  32.90   -0.47       -1.41    692740
930   2019-08-20 33.32 33.32 32.85  32.94    0.04        0.12    453760
931   2019-08-21 32.94 34.39 32.85  34.27    1.33        4.04   1927720
932   2019-08-22 34.35 34.44 34.09  34.27    0.00        0.00    762090
933   2019-08-23 34.27 34.35 33.92  33.92   -0.35       -1.02    451500
934   2019-08-26 33.50 33.67 33.20  33.32   -0.60       -1.77    672220
935   2019-08-27 33.50 33.75 32.55  32.77   -0.55       -1.65   1116480
936   2019-08-28 32.90 33.11 32.90  32.98    0.21        0.64    588810
937   2019-08-29 32.94 33.15 32.77  32.90   -0.08       -0.24    422240
938   2019-08-30 32.94 33.28 32.98  33.28    0.38        1.16    280130
939   2019-09-03 33.32 33.37 32.85  33.32    0.04        0.12    580830
940   2019-09-04 33.20 33.20 32.94  33.11   -0.21       -0.63    527770
941   2019-09-05 33.07 33.75 33.07  33.24    0.13        0.39    408900
942   2019-09-06 33.41 33.41 32.98  33.11   -0.13       -0.39    287990
943   2019-09-09 33.11 33.15 32.98  33.07   -0.04       -0.12    236440
944   2019-09-10 33.07 33.92 33.02  33.28    0.21        0.64    651950
945   2019-09-11 33.11 33.62 33.11  33.50    0.22        0.66    141450
946   2019-09-12 33.62 34.05 33.62  34.05    0.55        1.64    800240
947   2019-09-13 34.18 35.12 34.18  35.08    1.03        3.02   1408780
948   2019-09-16 35.08 35.42 34.61  34.69   -0.39       -1.11    697310
949   2019-09-17 34.57 34.82 34.48  34.74    0.05        0.14    896290
950   2019-09-18 34.74 35.34 34.48  34.52   -0.22       -0.63    809820
951   2019-09-19 34.69 34.99 34.48  34.91    0.39        1.13    527230
952   2019-09-20 34.91 35.47 34.69  34.69   -0.22       -0.63   2794080
953   2019-09-23 34.95 35.08 33.84  33.84   -0.85       -2.45   1187100
954   2019-09-24 34.05 34.61 33.79  34.52    0.68        2.01    791470
955   2019-09-25 34.27 34.65 34.01  34.57    0.05        0.14    729340
956   2019-09-26 34.57 34.82 34.39  34.69    0.12        0.35   1040190
957   2019-09-27 34.82 35.59 34.61  35.51    0.82        2.36   1388490
958   2019-09-30 35.51 35.68 35.08  35.17   -0.34       -0.96    775770
959   2019-10-01 35.17 35.81 35.04  35.72    0.55        1.56    795100
960   2019-10-02 35.72 35.85 34.99  35.12   -0.60       -1.68   1224650
961   2019-10-03 35.04 35.12 34.52  35.12    0.00        0.00   1003810
962   2019-10-04 35.12 35.77 35.04  35.55    0.43        1.22   1121700
963   2019-10-07 35.98 36.19 35.47  35.47   -0.08       -0.23   1134390
964   2019-10-08 35.47 36.54 35.47  36.45    0.98        2.76   1461940
965   2019-10-09 36.45 36.71 36.19  36.19   -0.26       -0.71    860160
966   2019-10-10 36.36 36.49 36.19  36.24    0.05        0.14    753670
967   2019-10-11 36.19 36.58 36.15  36.54    0.30        0.83    730370
968   2019-10-14 36.62 36.84 36.41  36.41   -0.13       -0.36    620800
969   2019-10-15 36.41 36.58 36.28  36.49    0.08        0.22    648400
970   2019-10-16 36.92 36.96 36.71  36.88    0.39        1.07    668740
971   2019-10-17 37.01 37.01 36.32  36.49   -0.39       -1.06   1023870
972   2019-10-18 36.62 36.75 36.32  36.41   -0.08       -0.22    417240
973   2019-10-21 36.36 36.36 35.81  36.06   -0.35       -0.96    561470
974   2019-10-22 36.06 36.75 36.06  36.58    0.52        1.44    473090
975   2019-10-23 36.62 36.75 36.24  36.54   -0.04       -0.11    538120
976   2019-10-24 36.54 37.26 36.45  37.22    0.68        1.86    660180
977   2019-10-25 37.22 37.91 37.09  37.69    0.47        1.26    838210
978   2019-10-28 37.69 37.78 37.44  37.44   -0.25       -0.66    383850
979   2019-10-29 37.44 37.48 36.96  37.01   -0.43       -1.15    702620
980   2019-10-30 36.88 37.78 36.88  37.61    0.60        1.62    607710
981   2019-10-31 37.74 37.91 37.52  37.56   -0.05       -0.13    319340
982   2019-11-01 37.56 38.29 37.48  38.04    0.48        1.28   1071470
983   2019-11-04 38.25 39.62 38.25  39.41    1.37        3.60   1091260
984   2019-11-05 39.45 39.62 38.85  38.89   -0.52       -1.32    616630
985   2019-11-06 38.89 39.53 38.85  38.98    0.09        0.23    673230
986   2019-11-07 38.98 39.36 38.98  39.11    0.13        0.33    360850
987   2019-11-08 39.11 39.36 38.89  39.19    0.08        0.20    416510
988   2019-11-11 39.32 39.32 38.98  39.11   -0.08       -0.20    423790
989   2019-11-12 39.15 39.45 39.11  39.28    0.17        0.43    595820
990   2019-11-13 39.49 39.49 38.55  38.76   -0.52       -1.32    706550
991   2019-11-14 38.76 39.15 38.63  38.93    0.17        0.44    375320
992   2019-11-15 38.55 38.98 38.29  38.42   -0.51       -1.31    565270
993   2019-11-18 38.34 38.51 37.48  37.52   -0.90       -2.34    700550
994   2019-11-19 37.69 38.98 37.69  38.98    1.46        3.89    526560
995   2019-11-20 38.98 38.98 38.34  38.34   -0.64       -1.64    516280
996   2019-11-21 38.16 38.42 37.48  37.48   -0.86       -2.24   1000670
997   2019-11-22 36.62 37.91 36.49  36.62   -0.86       -2.29   1346230
998   2019-11-25 36.62 36.84 35.38  36.19   -0.43       -1.17   1445550
999   2019-11-26 36.19 36.75 36.19  36.28    0.09        0.25    727130
1000  2019-11-27 36.62 37.26 36.54  36.96    0.68        1.87    484360
1001  2019-11-28 36.84 36.96 36.36  36.54   -0.42       -1.14    494650
1002  2019-11-29 36.66 36.75 36.41  36.54    0.00        0.00    318000
1003  2019-12-02 36.54 36.71 35.55  35.77   -0.77       -2.11    438800
1004  2019-12-03 35.55 36.02 35.12  35.12   -0.65       -1.82    635370
1005  2019-12-04 35.08 36.32 34.91  36.28    1.16        3.30    376730
1006  2019-12-05 36.41 36.71 36.24  36.32    0.04        0.11    378490
1007  2019-12-06 36.32 36.49 36.15  36.36    0.04        0.11    256400
1008  2019-12-09 36.36 36.71 36.15  36.49    0.13        0.36    400740
1009  2019-12-10 36.54 36.79 36.41  36.58    0.09        0.25    512290
1010  2019-12-11 36.84 36.84 36.49  36.79    0.21        0.57    415080
1011  2019-12-12 36.88 37.69 36.84  37.48    0.69        1.88    464750
1012  2019-12-13 37.74 37.91 37.48  37.86    0.38        1.01    746800
1013  2019-12-16 37.86 37.86 36.41  36.84   -1.02       -2.69    665550
1014  2019-12-17 37.01 37.26 36.54  36.54   -0.30       -0.81    266250
1015  2019-12-18 36.58 37.14 36.54  37.14    0.60        1.64    845740
1016  2019-12-19 37.14 37.78 36.84  37.69    0.55        1.48   1014960
1017  2019-12-20 37.69 37.91 37.61  37.82    0.13        0.34    389360
1018  2019-12-23 38.08 38.98 38.08  38.93    1.11        2.93    937250
1019  2019-12-24 38.89 38.89 38.08  38.55   -0.38       -0.98    507600
1020  2019-12-25 38.55 38.93 38.12  38.51   -0.04       -0.10    230880
1021  2019-12-26 38.76 38.76 38.12  38.29   -0.22       -0.57    404110
1022  2019-12-27 38.25 38.76 37.82  38.76    0.47        1.23    498870
1023  2019-12-30 39.11 39.84 38.89  39.33    0.57        1.47    660140
1024  2019-12-31 39.15 39.37 38.94  38.98   -0.35       -0.89    230770
1025  2020-01-02 38.98 39.50 38.76  39.24    0.26        0.67    386290
1026  2020-01-03 39.54 39.67 38.85  38.85   -0.39       -0.99    536130
1027  2020-01-06 38.55 38.68 37.81  37.81   -1.04       -2.68    880110
1028  2020-01-07 37.60 37.99 36.91  37.94    0.13        0.34   1013270
1029  2020-01-08 37.55 37.99 37.25  37.60   -0.34       -0.90    722280
1030  2020-01-09 37.90 38.42 37.90  38.33    0.73        1.94    722670
1031  2020-01-10 38.33 39.07 37.99  38.68    0.35        0.91   1526920
1032  2020-01-13 38.46 38.81 38.46  38.63   -0.05       -0.13   1044640
1033  2020-01-14 38.68 38.89 38.50  38.63    0.00        0.00   1001130
1034  2020-01-15 38.72 38.72 38.37  38.59   -0.04       -0.10   1471860
1035  2020-01-16 38.59 39.02 38.42  38.68    0.09        0.23   1171580
1036  2020-01-17 38.68 40.84 38.68  40.84    2.16        5.58   2219790
1037  2020-01-20 40.84 40.97 40.41  40.62   -0.22       -0.54    832190
1038  2020-01-21 40.58 40.88 40.45  40.62    0.00        0.00    749590
1039  2020-01-22 40.62 41.05 40.23  40.36   -0.26       -0.64    877710
1040  2020-01-30 39.80 39.93 37.60  38.42   -1.94       -4.81   3541560
1041  2020-01-31 38.03 38.81 37.90  38.33   -0.09       -0.23   1270160
1042  2020-02-03 36.34 38.98 35.87  38.33    0.00        0.00   1457070
1043  2020-02-04 38.46 38.81 37.90  38.81    0.48        1.25   1118410
1044  2020-02-05 38.98 39.07 38.37  38.42   -0.39       -1.00    731310
1045  2020-02-06 38.63 39.28 38.37  38.63    0.21        0.55    889570
1046  2020-02-07 38.81 39.24 38.46  38.89    0.26        0.67   1170540
1047  2020-02-10 38.55 38.68 38.24  38.42   -0.47       -1.21    607060
1048  2020-02-11 38.46 38.68 38.42  38.55    0.13        0.34    520210
1049  2020-02-12 38.81 38.81 38.50  38.63    0.08        0.21    609750
1050  2020-02-13 38.55 38.68 38.37  38.59   -0.04       -0.10    633270
1051  2020-02-14 38.46 38.81 38.46  38.59    0.00        0.00    432800
1052  2020-02-17 38.59 38.85 38.50  38.63    0.04        0.10    343900
1053  2020-02-18 38.72 38.72 38.46  38.63    0.00        0.00    432880
1054  2020-02-19 38.46 38.68 38.46  38.68    0.05        0.13    264010
1055  2020-02-20 38.76 39.07 38.55  38.68    0.00        0.00    541120
1056  2020-02-21 38.68 38.68 38.46  38.46   -0.22       -0.57    898350
1057  2020-02-24 37.16 38.03 37.16  37.68   -0.78       -2.03    995910
1058  2020-02-25 37.16 37.60 37.08  37.25   -0.43       -1.14   1229530
1059  2020-02-26 37.16 37.16 36.30  36.73   -0.52       -1.40   1163030
1060  2020-02-27 36.30 36.56 35.82  36.30   -0.43       -1.17   1227980
1061  2020-02-28 34.61 36.04 34.61  35.61   -0.69       -1.90   1710080
1062  2020-03-02 35.22 35.52 35.13  35.35   -0.26       -0.73    668980
1063  2020-03-03 36.08 36.08 35.52  35.52    0.17        0.48    848270
1064  2020-03-04 35.44 35.44 35.00  35.31   -0.21       -0.59    581530
1065  2020-03-05 35.52 36.13 35.52  35.91    0.60        1.70    833710
1066  2020-03-06 35.87 37.03 35.44  36.52    0.61        1.70    884750
1067  2020-03-09 34.14 34.96 33.97  33.97   -2.55       -6.98   1209500
1068  2020-03-10 33.71 34.53 32.58  34.53    0.56        1.65   1433230
1069  2020-03-11 34.74 34.74 32.15  33.28   -1.25       -3.62   1806190
1070  2020-03-12 31.11 31.55 30.98  30.98   -2.30       -6.91   1582400
1071  2020-03-13 28.82 31.55 28.82  30.68   -0.30       -0.97   1859750
1072  2020-03-16 30.68 30.68 28.74  29.00   -1.68       -5.48   1022550
1073  2020-03-17 27.48 29.17 27.48  29.17    0.17        0.59   1364590
1074  2020-03-18 29.39 30.55 29.39  29.95    0.78        2.67   1099800
1075  2020-03-19 29.08 29.69 28.52  28.52   -1.43       -4.77   1191150
1076  2020-03-20 28.52 28.65 26.58  26.58   -1.94       -6.80   2763360
1077  2020-03-23 24.89 25.28 24.72  24.72   -1.86       -7.00   1875070
1078  2020-03-24 24.72 25.24 24.46  25.06    0.34        1.38   1498070
1079  2020-03-25 25.93 26.79 25.80  26.79    1.73        6.90   1835730
1080  2020-03-26 26.79 27.96 26.58  27.31    0.52        1.94   1484590
1081  2020-03-27 27.35 28.48 27.01  27.70    0.39        1.43   1569620
1082  2020-03-30 25.97 26.53 25.84  26.36   -1.34       -4.84   1637330
1083  2020-03-31 26.58 27.70 25.93  26.79    0.43        1.63    957500
1084  2020-04-01 26.58 28.48 26.58  28.09    1.30        4.85   1229320
1085  2020-04-03 28.09 28.65 27.66  28.31    0.22        0.78   1726690
1086  2020-04-06 29.17 29.52 28.52  29.39    1.08        3.81   2111200
1087  2020-04-07 29.39 29.82 28.87  29.47    0.08        0.27   1773570
1088  2020-04-08 28.95 29.47 28.87  29.17   -0.30       -1.02   1778380
1089  2020-04-09 29.39 31.11 29.39  30.68    1.51        5.18   1795170
1090  2020-04-10 30.68 31.07 30.08  30.51   -0.17       -0.55   1599380
1091  2020-04-13 30.51 31.03 30.25  30.60    0.09        0.29   1046830
1092  2020-04-14 30.47 30.60 29.30  30.21   -0.39       -1.27   1944570
1093  2020-04-15 30.12 30.81 30.12  30.64    0.43        1.42   1017740
1094  2020-04-16 30.25 30.77 30.16  30.77    0.13        0.42   1057050
1095  2020-04-17 30.90 31.03 30.64  30.86    0.09        0.29   1473140
1096  2020-04-20 30.98 31.29 30.60  31.07    0.21        0.68   1026030
1097  2020-04-21 30.68 30.90 29.30  30.90   -0.17       -0.55   2159110
1098  2020-04-22 29.82 30.73 29.82  29.95   -0.95       -3.07   1612290
1099  2020-04-23 30.68 30.68 29.73  29.90   -0.05       -0.17   1201610
1100  2020-04-24 29.90 30.08 29.17  29.77   -0.13       -0.43    972170
1101  2020-04-27 30.21 30.21 28.87  28.87   -0.90       -3.02   2547060
1102  2020-04-28 28.87 29.60 28.18  28.95    0.08        0.28   2052860
1103  2020-04-29 29.39 29.43 28.95  29.39    0.44        1.52   1523750
1104  2020-05-04 29.39 29.43 28.87  29.13   -0.26       -0.88    852260
1105  2020-05-05 29.08 29.26 28.87  28.87   -0.26       -0.89   1007640
1106  2020-05-06 29.08 29.26 28.74  29.21    0.34        1.18    855770
1107  2020-05-07 29.30 30.12 29.26  30.12    0.91        3.12   1936540
1108  2020-05-08 30.25 32.07 30.16  31.76    1.64        5.44   3865590
1109  2020-05-11 32.19 32.19 31.33  32.19    0.43        1.35   1696160
1110  2020-05-12 32.24 32.84 32.15  32.67    0.48        1.49   2199500
1111  2020-05-13 32.67 33.06 31.11  32.67    0.00        0.00   1851970
1112  2020-05-14 32.41 33.02 32.37  32.84    0.17        0.52   2121750
1113  2020-05-15 33.02 33.06 32.67  32.84    0.00        0.00   1596240
1114  2020-05-18 32.97 34.14 32.76  33.92    1.08        3.29   1002690
1115  2020-05-19 34.53 34.61 34.05  34.14    0.22        0.65   1129270
1116  2020-05-20 33.88 34.44 33.88  34.40    0.26        0.76    710200
1117  2020-05-21 34.57 35.09 34.40  35.09    0.69        2.01   1425500
1118  2020-05-22 35.09 35.13 34.57  35.00   -0.09       -0.26    805710
1119  2020-05-25 34.96 35.13 34.92  35.05    0.05        0.14    708710
1120  2020-05-26 35.00 35.70 35.00  35.65    0.60        1.71    740930
1121  2020-05-27 35.87 36.47 35.82  35.82    0.17        0.48    817770
1122  2020-05-28 35.87 36.78 35.87  36.52    0.70        1.95   1849310
1123  2020-05-29 36.73 37.16 36.52  36.82    0.30        0.82   1161180
1124  2020-06-01 36.95 37.47 36.95  37.38    0.56        1.52    725310
1125  2020-06-02 37.55 37.55 37.29  37.42    0.04        0.11   1009040
1126  2020-06-03 37.60 37.99 37.55  37.99    0.57        1.52    462750
1127  2020-06-04 38.03 38.46 38.03  38.46    0.47        1.24    450240
1128  2020-06-05 38.50 38.59 37.60  38.46    0.00        0.00    810570
1129  2020-06-08 38.46 38.98 38.20  38.63    0.17        0.44    802240
1130  2020-06-09 38.85 38.89 38.63  38.68    0.05        0.13    417690
1131  2020-06-10 38.68 38.81 38.59  38.72    0.04        0.10    793590
1132  2020-06-11 38.68 38.72 37.60  38.03   -0.69       -1.78   1163900
1133  2020-06-12 35.65 37.38 35.65  36.99   -1.04       -2.73   1612920
1134  2020-06-15 36.99 37.08 35.35  35.44   -1.55       -4.19   1218540
1135  2020-06-16 36.30 36.30 35.61  36.17    0.73        2.06    802980
1136  2020-06-17 36.73 36.82 36.21  36.39    0.22        0.61    737830
1137  2020-06-18 36.30 37.38 36.26  36.73    0.34        0.93   1809780
1138  2020-06-19 36.73 37.16 36.73  36.91    0.18        0.49    723970
1139  2020-06-22 36.73 36.99 36.73  36.95    0.04        0.11   1308600
1140  2020-06-23 36.95 37.60 36.86  37.16    0.21        0.57    917230
1141  2020-06-24 37.16 37.16 36.34  36.60   -0.56       -1.51    710160
1142  2020-06-25 35.74 36.47 35.74  36.17   -0.43       -1.17    506650
1143  2020-06-26 36.34 36.60 35.87  36.00   -0.17       -0.47    355930
1144  2020-06-29 36.00 36.00 35.05  35.22   -0.78       -2.17    594140
1145  2020-06-30 35.65 35.65 34.57  34.70   -0.52       -1.48    709990
1146  2020-07-01 34.70 35.74 34.57  35.74    1.04        3.00    404440
1147  2020-07-02 35.95 35.95 35.00  35.70   -0.04       -0.11    469040
1148  2020-07-03 35.65 36.00 35.52  35.87    0.17        0.48    370340
1149  2020-07-06 35.87 36.04 35.61  35.82   -0.05       -0.14   1218830
1150  2020-07-07 36.30 36.39 36.00  36.04    0.22        0.61   1336830
1151  2020-07-08 35.95 36.04 35.78  35.87   -0.17       -0.47    485190
1152  2020-07-09 36.26 36.26 36.00  36.13    0.26        0.72    962170
1153  2020-07-10 36.04 36.13 35.48  35.74   -0.39       -1.08    918560
1154  2020-07-13 36.04 36.08 35.61  35.82    0.08        0.22    371630
1155  2020-07-14 35.82 35.87 35.52  35.87    0.05        0.14    427110
1156  2020-07-15 35.95 36.21 35.95  36.08    0.21        0.59   1198530
1157  2020-07-16 36.21 36.26 35.82  36.08    0.00        0.00   1091190
1158  2020-07-17 36.13 36.13 35.78  35.78   -0.30       -0.83    628000
1159  2020-07-20 35.65 35.74 35.31  35.52   -0.26       -0.73    696830
1160  2020-07-21 35.65 35.78 35.31  35.65    0.13        0.37    681740
1161  2020-07-22 35.65 35.65 35.52  35.65    0.00        0.00    625320
1162  2020-07-23 35.65 35.78 35.48  35.65    0.00        0.00   1350870
1163  2020-07-24 35.48 35.57 33.92  35.00   -0.65       -1.82   1341540
1164  2020-07-27 32.84 34.57 32.84  33.28   -1.72       -4.91   1274570
1165  2020-07-28 33.28 34.05 33.06  33.92    0.64        1.92    910690
1166  2020-07-29 32.84 33.71 32.45  33.49   -0.43       -1.27    833570
1167  2020-07-30 33.53 33.92 33.40  33.45   -0.04       -0.12    937680
1168  2020-07-31 32.84 33.45 32.84  33.02   -0.43       -1.29    672940
1169  2020-08-03 32.84 34.05 32.84  34.05    1.03        3.12    422820
1170  2020-08-04 34.57 35.39 34.31  35.39    1.34        3.94    616840
1171  2020-08-05 35.39 35.87 34.74  35.74    0.35        0.99    778840
1172  2020-08-06 35.70 35.91 35.39  35.78    0.04        0.11    802350
1173  2020-08-07 35.87 35.87 35.61  35.82    0.04        0.11    518660
1174  2020-08-10 35.87 35.95 35.39  35.39   -0.43       -1.20    576570
1175  2020-08-11 35.65 35.70 35.35  35.48    0.09        0.25    312920
1176  2020-08-12 35.48 35.57 35.39  35.48    0.00        0.00    310430
1177  2020-08-13 35.82 35.87 35.44  35.87    0.39        1.10    385320
1178  2020-08-14 35.87 35.91 35.39  35.44   -0.43       -1.20    820270
1179  2020-08-17 35.44 35.82 35.31  35.57    0.13        0.37    389480
1180  2020-08-18 35.57 35.70 35.31  35.57    0.00        0.00    331690
1181  2020-08-19 35.57 35.87 35.44  35.87    0.30        0.84    586790
1182  2020-08-20 35.87 36.52 35.87  35.87    0.00        0.00   1093620
1183  2020-08-21 35.87 35.95 35.70  35.82   -0.05       -0.14   1281740
1184  2020-08-24 35.87 36.56 35.87  36.26    0.44        1.23   1530010
1185  2020-08-25 36.26 36.69 36.26  36.26    0.00        0.00   1748400
1186  2020-08-26 36.26 36.26 36.04  36.08   -0.18       -0.50   1585740
1187  2020-08-27 36.08 36.26 35.95  36.08    0.00        0.00   1003280
1188  2020-08-28 36.13 36.26 36.00  36.04   -0.04       -0.11   1645430
1189  2020-08-31 36.30 36.52 35.78  35.87   -0.17       -0.47    971310
1190  2020-09-01 35.87 36.00 35.82  35.87    0.00        0.00   1625600
1191  2020-09-03 36.17 37.38 36.17  37.25    1.38        3.85   2503810
1192  2020-09-04 36.73 37.21 36.65  36.69   -0.56       -1.50   2425360
1193  2020-09-07 36.60 36.78 36.13  36.13   -0.56       -1.53   1181750
1194  2020-09-08 36.13 36.26 35.57  35.65   -0.48       -1.33   1985560
1195  2020-09-09 35.44 35.95 35.22  35.52   -0.13       -0.36   1472680
1196  2020-09-10 35.87 36.00 35.48  35.48   -0.04       -0.11    689700
1197  2020-09-11 35.48 35.70 35.35  35.57    0.09        0.25    665690
1198  2020-09-14 35.78 35.91 35.74  35.87    0.30        0.84    594680
1199  2020-09-15 35.87 36.08 35.65  35.65   -0.22       -0.61    998970
1200  2020-09-16 35.70 35.91 35.44  35.82    0.17        0.48    628030
1201  2020-09-17 35.65 35.87 35.44  35.65   -0.17       -0.47   1043250
1202  2020-09-18 35.61 35.87 35.61  35.82    0.17        0.48   1188400
1203  2020-09-21 35.91 36.13 35.87  35.87    0.05        0.14   1671360
1204  2020-09-22 35.87 36.47 35.78  36.30    0.43        1.20   1746960
1205  2020-09-23 36.39 36.95 36.39  36.91    0.61        1.68   1395190
1206  2020-09-24 36.34 37.25 36.34  37.21    0.30        0.81   1628730
1207  2020-09-25 37.21 37.25 36.95  37.16   -0.05       -0.13   1107270
1208  2020-09-28 37.08 37.25 36.91  37.16    0.00        0.00   1254760
1209  2020-09-29 37.16 37.21 36.21  36.56   -0.60       -1.61   1609090
1210  2020-09-30 36.73 36.73 36.21  36.34   -0.22       -0.60    584450
1211  2020-10-01 36.78 36.78 36.39  36.65    0.31        0.85    367030
1212  2020-10-02 36.65 36.73 34.57  36.30   -0.35       -0.95    890840
1213  2020-10-05 36.52 36.73 36.04  36.08   -0.22       -0.61    811740
1214  2020-10-06 36.21 36.47 35.95  36.26    0.18        0.50   1105060
1215  2020-10-07 36.13 36.82 35.91  36.73    0.47        1.30    988270
1216  2020-10-08 36.95 36.95 36.21  36.65   -0.08       -0.22    549140
1217  2020-10-09 36.52 36.73 36.52  36.65    0.00        0.00    366200
1218  2020-10-12 37.16 37.60 36.65  37.12    0.47        1.28   1574610
1219  2020-10-13 37.16 37.55 36.95  37.38    0.26        0.70    814530
1220  2020-10-14 37.51 38.46 37.47  38.12    0.74        1.98   1206380
1221  2020-10-15 38.12 38.29 37.51  38.29    0.17        0.45   1424740
1222  2020-10-16 38.24 38.29 37.81  38.12   -0.17       -0.44    668850
1223  2020-10-19 38.03 38.16 37.81  37.81   -0.31       -0.81   1052250
1224  2020-10-20 37.60 37.94 37.55  37.90    0.09        0.24   1075780
1225  2020-10-21 37.94 38.29 37.12  37.25   -0.65       -1.72   1452050
1226  2020-10-22 37.21 37.42 36.78  37.42    0.17        0.46   1320610
1227  2020-10-23 37.55 37.81 37.47  37.81    0.39        1.04    657830
1228  2020-10-26 37.81 37.94 37.16  37.16   -0.65       -1.72    911390
1229  2020-10-27 37.16 37.73 36.95  37.16    0.00        0.00   1169320
1230  2020-10-28 37.16 37.38 36.08  36.39   -0.77       -2.07    866330
1231  2020-10-29 36.47 36.65 36.08  36.13   -0.26       -0.71    764720
1232  2020-10-30 36.13 36.47 35.78  35.87   -0.26       -0.72   1090610
1233  2020-11-02 35.87 37.08 35.87  37.08    1.21        3.37    366300
1234  2020-11-03 37.08 37.12 36.60  36.73   -0.35       -0.94    308550
1235  2020-11-04 36.73 36.95 36.43  36.73    0.00        0.00    394660
1236  2020-11-05 36.95 36.95 36.65  36.73    0.00        0.00    507960
1237  2020-11-06 36.78 36.78 36.30  36.73    0.00        0.00    323160
1238  2020-11-09 36.73 37.08 36.65  36.95    0.22        0.60   1007000
1239  2020-11-10 37.21 37.73 36.78  36.78   -0.17       -0.46   1511520
1240  2020-11-11 36.95 37.42 36.69  36.69   -0.09       -0.24   1032520
1241  2020-11-12 37.03 37.38 36.99  37.34    0.65        1.77    405350
1242  2020-11-13 37.42 37.55 37.25  37.55    0.21        0.56    417840
1243  2020-11-16 37.68 37.94 36.73  37.08   -0.47       -1.25   1250340
1244  2020-11-17 37.08 37.86 36.95  37.86    0.78        2.10    548250
1245  2020-11-18 37.86 37.90 37.60  37.86    0.00        0.00    906810
1246  2020-11-19 37.90 38.98 37.77  38.98    1.12        2.96   2584440
1247  2020-11-20 39.33 39.97 38.94  39.97    0.99        2.54   1231960
1248  2020-11-23 39.80 39.93 39.33  39.58   -0.39       -0.98    648830
1249  2020-11-24 39.76 39.93 39.24  39.93    0.35        0.88    996580
1250  2020-11-25 39.97 40.71 39.89  40.41    0.48        1.20   1088020
1251  2020-11-26 40.41 40.62 40.02  40.62    0.21        0.52    698350
1252  2020-11-27 40.62 40.84 40.28  40.84    0.22        0.54   1210580
1253  2020-11-30 40.49 40.62 39.54  40.19   -0.65       -1.59   1448340
1254  2020-12-01 39.20 40.28 39.20  39.76   -0.43       -1.07   1162270
1255  2020-12-02 39.76 40.41 39.54  40.41    0.65        1.63    746710
1256  2020-12-03 40.41 40.58 39.93  40.41    0.00        0.00    736760
1257  2020-12-04 40.28 40.41 39.37  39.37   -1.04       -2.57    860900
1258  2020-12-07 39.50 40.32 39.50  40.23    0.86        2.18    945460
1259  2020-12-08 40.19 40.58 39.54  40.23    0.00        0.00    702820
1260  2020-12-09 40.45 41.70 40.28  41.70    1.47        3.65   1198160
1261  2020-12-10 41.70 42.22 41.66  42.00    0.30        0.72   1299820
1262  2020-12-11 42.00 42.05 41.44  42.00    0.00        0.00    776190
1263  2020-12-14 42.00 43.17 41.44  43.17    1.17        2.79    931080
1264  2020-12-15 42.78 43.13 41.70  42.26   -0.91       -2.11   1433260
1265  2020-12-16 42.57 43.17 42.26  43.17    0.91        2.15    740700
1266  2020-12-17 42.61 42.61 41.05  41.49   -1.68       -3.89   2305960
1267  2020-12-18 41.49 42.74 41.49  42.74    1.25        3.01   1053200
1268  2020-12-21 43.09 43.13 42.39  43.09    0.35        0.82    697030
1269  2020-12-22 42.70 42.74 42.48  42.65   -0.44       -1.02    748840
1270  2020-12-23 42.48 42.91 42.22  42.48   -0.17       -0.40    666390
1271  2020-12-24 42.65 42.65 41.82  42.39   -0.09       -0.21    815730
1272  2020-12-25 42.26 42.52 42.13  42.52    0.13        0.31    314960
1273  2020-12-28 42.70 42.78 42.39  42.70    0.18        0.42    836090
1274  2020-12-29 42.70 43.48 42.61  43.22    0.52        1.22    696510
1275  2020-12-30 43.22 43.39 42.48  42.65   -0.57       -1.32    509510
1276  2020-12-31 42.65 43.13 42.26  42.65    0.00        0.00    367140
1277  2021-01-04 42.70 43.48 42.39  43.13    0.48        1.13    855900
1278  2021-01-05 43.13 43.83 43.13  43.26    0.13        0.30    739200
1279  2021-01-06 43.35 46.27 43.26  45.75    2.49        5.76   2080400
1280  2021-01-07 45.31 47.27 45.31  46.62    0.87        1.90    889000
1281  2021-01-08 47.05 47.05 45.53  45.66   -0.96       -2.06    963900
1282  2021-01-11 45.57 46.05 45.35  45.53   -0.13       -0.28    847400
1283  2021-01-12 46.01 46.01 45.40  46.01    0.48        1.05    634900
1284  2021-01-13 46.01 46.22 45.31  45.66   -0.35       -0.76   1064200
1285  2021-01-14 45.75 45.83 45.00  45.27   -0.39       -0.85    832200
1286  2021-01-15 45.66 45.70 44.66  44.96   -0.31       -0.68   1099800
1287  2021-01-18 45.09 45.75 44.87  45.00    0.04        0.09   1060400
1288  2021-01-19 44.92 45.00 41.87  43.13   -1.87       -4.16   1130300
1289  2021-01-20 43.13 46.14 42.70  43.17    0.04        0.09   2093000
1290  2021-01-21 43.17 44.87 42.70  44.87    1.70        3.94   1283700
1291  2021-01-22 44.87 45.31 44.44  44.87    0.00        0.00   1268500
1292  2021-01-25 44.05 44.87 44.05  44.66   -0.21       -0.47    725900
1293  2021-01-26 44.66 44.66 43.13  43.96   -0.70       -1.57    970500
1294  2021-01-27 43.17 43.57 40.91  42.43   -1.53       -3.48   1566800
1295  2021-01-28 40.08 40.65 39.47  39.47   -2.96       -6.98   1205500
1296  2021-01-29 37.25 42.22 37.25  40.52    1.05        2.66   1359000
1297  2021-02-01 41.82 41.82 39.65  39.69   -0.83       -2.05   1309600
1298  2021-02-02 40.08 42.13 40.08  42.04    2.35        5.92   1064500
1299  2021-02-03 42.65 43.13 42.09  43.09    1.05        2.50   1454600
1300  2021-02-04 43.09 43.13 40.91  43.09    0.00        0.00    967300
1301  2021-02-05 43.09 43.57 42.65  43.57    0.48        1.11    897400
1302  2021-02-08 43.13 43.48 40.56  41.00   -2.57       -5.90   2902200
1303  2021-02-09 42.26 42.43 40.56  42.35    1.35        3.29   2978900
1304  2021-02-17 42.48 43.57 42.48  43.57    1.22        2.88   1054100
1305  2021-02-18 43.13 44.44 42.70  44.44    0.87        2.00   1688900
1306  2021-02-19 43.22 44.31 43.17  44.13   -0.31       -0.70   1851200
1307  2021-02-22 43.78 44.44 43.70  43.83   -0.30       -0.68   1388700
1308  2021-02-23 43.57 44.00 43.22  43.57   -0.26       -0.59   1441400
1309  2021-02-24 43.78 44.00 42.04  42.74   -0.83       -1.90   1265300
1310  2021-02-25 43.13 43.35 42.52  42.78    0.04        0.09    896100
1311  2021-02-26 42.39 43.13 42.26  42.78    0.00        0.00   1070700
1312  2021-03-01 42.78 43.26 42.78  43.22    0.44        1.03    911200
1313  2021-03-02 43.57 44.35 42.70  43.26    0.04        0.09   1189600
1314  2021-03-03 42.83 43.31 42.78  42.87   -0.39       -0.90    915600
1315  2021-03-04 42.96 43.35 40.56  42.39   -0.48       -1.12   1118100
1316  2021-03-05 42.30 42.35 41.39  42.00   -0.39       -0.92   1661600
1317  2021-03-08 42.26 42.26 41.39  41.48   -0.52       -1.24   1501800
1318  2021-03-09 41.39 41.39 40.56  41.39   -0.09       -0.22   1344300
1319  2021-03-10 41.39 41.74 40.95  41.61    0.22        0.53   1063900
1320  2021-03-11 41.74 42.17 41.74  41.95    0.34        0.82   1009800
1321  2021-03-12 41.95 42.04 41.17  41.74   -0.21       -0.50   1259800
1322  2021-03-15 41.82 42.26 41.61  41.95    0.21        0.50   1438400
1323  2021-03-16 41.82 41.82 41.43  41.69   -0.26       -0.62    655800
1324  2021-03-17 41.61 41.74 41.39  41.65   -0.04       -0.10   1239400
1325  2021-03-18 41.91 42.48 41.61  42.48    0.83        1.99   1609100
1326  2021-03-19 42.30 42.30 41.04  41.04   -1.44       -3.39   1595700
1327  2021-03-22 41.82 42.48 41.56  42.26    1.22        2.97   1902000
1328  2021-03-23 42.22 42.22 41.56  41.74   -0.52       -1.23    940800
1329  2021-03-24 41.39 41.78 41.00  41.26   -0.48       -1.15   1422500
1330  2021-03-25 41.26 41.82 41.17  41.43    0.17        0.41   1160300
1331  2021-03-26 41.39 41.61 40.82  41.34   -0.09       -0.22   1196800
1332  2021-03-29 41.48 41.74 40.74  41.52    0.18        0.44   1195800
1333  2021-03-30 41.52 41.52 41.00  41.30   -0.22       -0.53   1748700
1334  2021-03-31 41.17 41.43 41.00  41.30    0.00        0.00    944600
1335  2021-04-01 41.48 42.56 41.48  42.22    0.92        2.23   2697600
1336  2021-04-02 42.48 42.91 42.22  42.61    0.39        0.92   2277500
1337  2021-04-05 43.57 44.79 42.96  44.44    1.83        4.29   3592400
1338  2021-04-06 44.44 44.66 43.78  44.39   -0.05       -0.11   2243200
1339  2021-04-07 44.00 44.44 43.74  44.39    0.00        0.00   1182700
1340  2021-04-08 44.39 44.39 43.35  43.57   -0.82       -1.85   1575400
1341  2021-04-09 43.35 43.35 42.48  42.48   -1.09       -2.50   2101700
1342  2021-04-12 42.91 43.22 42.43  43.09    0.61        1.44   2670100
1343  2021-04-13 43.57 43.57 42.48  42.48   -0.61       -1.42   1670900
1344  2021-04-14 42.39 43.00 42.22  43.00    0.52        1.22   1336800
1345  2021-04-15 43.48 43.48 42.17  42.48   -0.52       -1.21   2152800
1346  2021-04-16 42.39 42.91 41.82  41.95   -0.53       -1.25   1515900
1347  2021-04-19 42.26 42.91 41.74  42.91    0.96        2.29   1387500
1348  2021-04-20 43.17 45.75 42.91  44.87    1.96        4.57   6274200
1349  2021-04-22 44.87 46.01 44.53  44.87    0.00        0.00   2981300
1350  2021-04-23 44.87 45.31 43.78  45.31    0.44        0.98   2285300
1351  2021-04-26 45.31 45.31 42.65  42.96   -2.35       -5.19   3595400
1352  2021-04-27 42.96 43.39 42.56  43.13    0.17        0.40   1191800
1353  2021-04-28 43.13 43.26 42.56  43.13    0.00        0.00   1426900
1354  2021-04-29 43.13 43.57 42.70  43.57    0.44        1.02   1615700
1355  2021-05-04 43.13 43.39 42.70  43.17   -0.40       -0.92   1496300
1356  2021-05-05 43.17 44.44 43.17  44.09    0.92        2.13   1826700
1357  2021-05-06 44.09 44.31 43.13  43.26   -0.83       -1.88   1161200
1358  2021-05-07 43.09 43.13 42.13  42.26   -1.00       -2.31   2284800
1359  2021-05-10 42.13 42.78 41.78  42.74    0.48        1.14   1674000
1360  2021-05-11 42.78 43.26 42.48  42.65   -0.09       -0.21   1171500
1361  2021-05-12 42.65 42.65 42.26  42.39   -0.26       -0.61   1218300
1362  2021-05-13 42.35 42.61 42.17  42.17   -0.22       -0.52   1698000
1363  2021-05-14 42.43 42.83 42.09  42.22    0.05        0.12   1403600
1364  2021-05-17 42.30 42.39 41.74  41.82   -0.40       -0.95   1715100
1365  2021-05-18 41.52 41.82 41.17  41.21   -0.61       -1.46   2103400
1366  2021-05-19 41.21 41.21 40.87  41.00   -0.21       -0.51   1678100
1367  2021-05-20 41.00 43.13 41.00  43.13    2.13        5.20   1904100
1368  2021-05-21 41.95 42.70 41.82  42.17   -0.96       -2.23   1459200
1369  2021-05-24 42.48 42.91 42.04  42.43    0.26        0.62   1814700
1370  2021-05-25 42.43 43.57 42.43  43.48    1.05        2.47   3816000
1371  2021-05-26 43.52 44.35 43.44  43.74    0.26        0.60   2356000
1372  2021-05-27 43.74 43.74 42.70  43.00   -0.74       -1.69   1455000
1373  2021-05-28 43.13 44.05 42.52  43.39    0.39        0.91   2196000
1374  2021-05-31 44.00 44.00 42.83  42.96   -0.43       -0.99   2621000
1375  2021-06-01 43.31 45.40 43.00  45.18    2.22        5.17   4533500
1376  2021-06-02 45.31 46.83 45.18  46.18    1.00        2.21   4274100
1377  2021-06-03 46.22 47.05 46.18  46.49    0.31        0.67   2802000
1378  2021-06-04 46.40 46.40 45.35  45.70   -0.79       -1.70   2405800
1379  2021-06-07 45.44 45.70 44.09  44.87   -0.83       -1.82   2969900
1380  2021-06-08 44.87 45.31 43.57  43.57   -1.30       -2.90   2351600
1381  2021-06-09 43.57 44.44 43.22  44.44    0.87        2.00   2393900
1382  2021-06-10 44.44 44.83 43.57  44.35   -0.09       -0.20   2262500
1383  2021-06-11 44.05 45.09 43.78  44.79    0.44        0.99   2048000
1384  2021-06-14 44.48 45.05 44.13  44.44   -0.35       -0.78   1459700
1385  2021-06-15 44.48 44.87 44.00  44.79    0.35        0.79   1420700
1386  2021-06-16 44.66 46.18 44.66  45.31    0.52        1.16   2898400
1387  2021-06-17 45.31 45.75 44.44  45.40    0.09        0.20   1557000
1388  2021-06-18 45.53 47.49 45.44  47.27    1.87        4.12   3234900
1389  2021-06-21 47.05 47.14 46.18  46.44   -0.83       -1.76   2107900
1390  2021-06-22 46.66 47.27 46.40  46.88    0.44        0.95   1481900
1391  2021-06-23 47.05 48.36 46.62  47.79    0.91        1.94   2248600
1392  2021-06-24 47.92 48.27 46.97  48.23    0.44        0.92   1143400
1393  2021-06-25 48.23 49.14 47.44  49.06    0.83        1.72   1688800
1394  2021-06-28 49.06 49.23 48.40  49.06    0.00        0.00   1524500
1395  2021-06-29 48.79 49.67 48.58  49.67    0.61        1.24   1853100
1396  2021-06-30 49.67 51.06 49.67  50.71    1.04        2.09   2768000
1397  2021-07-01 50.84 50.89 50.10  50.71    0.00        0.00   1836400
1398  2021-07-02 50.71 50.80 49.67  50.06   -0.65       -1.28   1727200
1399  2021-07-05 49.62 49.62 48.32  49.49   -0.57       -1.14   2049100
1400  2021-07-06 49.01 50.10 48.79  48.79   -0.70       -1.41   1249600
1401  2021-07-07 48.79 49.40 46.18  49.40    0.61        1.25   2679800
1402  2021-07-08 48.45 49.23 47.49  48.36   -1.04       -2.11   1384100
1403  2021-07-09 47.92 48.40 46.53  47.84   -0.52       -1.08   2936900
1404  2021-07-12 47.71 47.71 44.92  46.66   -1.18       -2.47   2480600
1405  2021-07-13 46.57 46.57 44.48  45.05   -1.61       -3.45   1865300
1406  2021-07-14 45.05 45.09 43.57  44.35   -0.70       -1.55   2251700
1407  2021-07-15 43.65 45.53 43.65  44.66    0.31        0.70   2319400
1408  2021-07-16 44.66 45.05 44.00  44.66    0.00        0.00   1467300
1409  2021-07-19 43.57 43.65 41.78  42.26   -2.40       -5.37   2542200
1410  2021-07-20 42.61 44.00 40.74  43.65    1.39        3.29   2386000
1411  2021-07-21 43.35 43.78 42.83  43.13   -0.52       -1.19   1463700
1412  2021-07-22 43.09 43.87 42.70  43.70    0.57        1.32   1455800
1413  2021-07-23 43.26 43.48 42.26  42.26   -1.44       -3.30   1700300
1414  2021-07-26 42.04 42.48 41.69  41.82   -0.44       -1.04   1264200
1415  2021-07-27 42.48 42.52 41.39  41.39   -0.43       -1.03   2654200
1416  2021-07-28 41.43 42.26 41.43  42.26    0.87        2.10   1490800
1417  2021-07-29 42.43 42.65 42.26  42.65    0.39        0.92   1191800
1418  2021-07-30 42.39 43.04 42.35  42.70    0.05        0.12   1354600
1419  2021-08-02 42.26 43.00 42.00  42.26   -0.44       -1.03   1285000
1420  2021-08-03 42.30 43.04 42.26  43.04    0.78        1.85   1265700
1421  2021-08-04 43.22 43.26 42.74  42.91   -0.13       -0.30   1160300
1422  2021-08-05 42.70 43.35 42.65  43.31    0.40        0.93   1127700
1423  2021-08-06 43.48 43.48 42.74  42.74   -0.57       -1.32   1114400
1424  2021-08-09 42.74 43.09 42.56  42.83    0.09        0.21   1228900
1425  2021-08-10 43.13 43.22 42.91  43.13    0.30        0.70   1556400
1426  2021-08-11 43.26 44.31 43.17  43.78    0.65        1.51   1711800
1427  2021-08-12 43.78 43.92 43.35  43.52   -0.26       -0.59    986600
1428  2021-08-13 43.52 43.52 42.83  43.39   -0.13       -0.30   1328900
1429  2021-08-16 43.39 43.83 43.13  43.83    0.44        1.01   1992400
1430  2021-08-17 44.66 44.87 44.00  44.00    0.17        0.39   1688700
1431  2021-08-18 44.00 44.66 43.44  44.00    0.00        0.00   1848000
1432  2021-08-19 43.87 44.87 43.48  44.79    0.79        1.80   2576600
1433  2021-08-20 44.09 44.39 43.31  43.61   -1.18       -2.63   1798500
1434  2021-08-23 43.13 43.57 42.09  42.39   -1.22       -2.80   2136200
1435  2021-08-24 43.22 43.22 42.04  42.26   -0.13       -0.31   1069100
1436  2021-08-25 42.26 43.13 42.17  42.48    0.22        0.52   1069200
1437  2021-08-26 42.61 43.13 42.17  42.17   -0.31       -0.73   1076900
1438  2021-08-27 41.82 42.91 41.82  42.61    0.44        1.04   1106600
1439  2021-08-30 42.87 43.31 42.61  43.26    0.65        1.53   1221700
1440  2021-08-31 43.35 43.52 42.83  43.31    0.05        0.12    747500
1441  2021-09-01 43.31 43.52 41.82  43.31    0.00        0.00    907500
1442  2021-09-06 43.31 43.61 43.31  43.57    0.26        0.60    905000
1443  2021-09-07 43.52 43.92 43.48  43.57    0.00        0.00   1041800
1444  2021-09-08 43.57 43.61 42.17  43.44   -0.13       -0.30    863000
1445  2021-09-09 43.44 43.61 42.96  43.26   -0.18       -0.41    817200
1446  2021-09-10 43.48 43.48 42.96  43.22   -0.04       -0.09    857800
1447  2021-09-13 43.04 43.13 42.74  42.74   -0.48       -1.11   1043100
1448  2021-09-14 42.74 42.91 42.26  42.83    0.09        0.21   1230500
1449  2021-09-15 42.83 42.83 42.30  42.30   -0.53       -1.24    798500
1450  2021-09-16 43.09 43.09 42.48  42.74    0.44        1.04    570400
1451  2021-09-17 42.48 42.87 42.35  42.35   -0.39       -0.91   1002200
1452  2021-09-20 42.39 44.00 42.39  43.39    1.04        2.46   1277900
1453  2021-09-21 43.35 43.48 42.70  42.70   -0.69       -1.59    862000
1454  2021-09-22 42.87 43.35 42.70  43.35    0.65        1.52    362800
1455  2021-09-23 43.39 43.74 42.91  43.35    0.00        0.00    676000
1456  2021-09-24 43.35 43.48 43.26  43.35    0.00        0.00    454700
1457  2021-09-27 43.35 43.44 42.70  42.70   -0.65       -1.50    465500
1458  2021-09-28 42.61 43.26 42.48  43.22    0.52        1.22    484500
1459  2021-09-29 43.35 43.35 42.48  42.91   -0.31       -0.72    565000
1460  2021-09-30 42.91 42.96 42.30  42.35   -0.56       -1.31   1199900
1461  2021-10-01 42.39 42.78 41.74  41.78   -0.57       -1.35   1611900
1462  2021-10-04 41.82 42.04 41.13  41.21   -0.57       -1.36    913400
1463  2021-10-05 41.43 41.87 41.43  41.65    0.44        1.07    973700
1464  2021-10-06 41.65 41.65 41.30  41.65    0.00        0.00    691200
1465  2021-10-07 41.65 42.17 41.39  42.17    0.52        1.25    797200
1466  2021-10-08 42.09 42.26 41.65  42.26    0.09        0.21    697000
1467  2021-10-11 42.26 42.87 42.17  42.48    0.22        0.52   1096000
1468  2021-10-12 42.83 42.83 42.26  42.26   -0.22       -0.52    761100
1469  2021-10-13 42.65 42.70 42.26  42.26    0.00        0.00   1426300
1470  2021-10-14 42.26 42.35 41.78  42.13   -0.13       -0.31   1784700
1471  2021-10-15 42.17 42.39 42.04  42.04   -0.09       -0.21    731500
1472  2021-10-18 41.95 42.26 41.39  41.82   -0.22       -0.52   1247900
1473  2021-10-19 41.87 42.04 41.48  42.00    0.18        0.43    836300
1474  2021-10-20 42.00 42.13 40.95  41.39   -0.61       -1.45   1561000
1475  2021-10-21 41.56 41.82 40.95  40.95   -0.44       -1.06   1226100
1476  2021-10-22 41.39 41.39 40.95  41.08    0.13        0.32    240000
1477  2021-10-25 41.78 41.78 41.00  41.00   -0.08       -0.19    800600
1478  2021-10-26 41.00 41.21 40.78  40.95   -0.05       -0.12    632000
1479  2021-10-27 41.21 42.04 41.08  41.87    0.92        2.25   1428600
1480  2021-10-28 42.09 42.65 41.87  42.65    0.78        1.86   1772600
1481  2021-10-29 42.39 42.87 42.22  42.70    0.05        0.12   1263800
1482  2021-11-01 42.74 42.78 42.26  42.26   -0.44       -1.03   1057500
1483  2021-11-02 42.43 42.70 42.39  42.65    0.39        0.92    808300
1484  2021-11-03 42.56 43.04 42.39  43.00    0.35        0.82   1830000
1485  2021-11-04 43.00 43.04 42.35  42.87   -0.13       -0.30    989400
1486  2021-11-05 42.48 43.13 42.26  42.48   -0.39       -0.91   1126300
1487  2021-11-08 42.74 42.87 42.48  42.78    0.30        0.71   1184200
1488  2021-11-09 42.70 42.96 42.26  42.30   -0.48       -1.12   1377600
1489  2021-11-10 42.30 42.78 42.17  42.52    0.22        0.52    857100
1490  2021-11-11 42.61 43.26 42.26  42.83    0.31        0.73   1115600
1491  2021-11-12 42.83 42.83 42.48  42.78   -0.05       -0.12    614800
1492  2021-11-15 42.83 43.13 42.35  42.56   -0.22       -0.51    766700
1493  2021-11-16 42.56 42.91 42.26  42.35   -0.21       -0.49    706300
1494  2021-11-17 42.35 42.74 42.35  42.70    0.35        0.83    788300
1495  2021-11-18 42.83 42.83 42.26  42.26   -0.44       -1.03    709700
1496  2021-11-19 42.35 42.65 42.30  42.30    0.04        0.09    413000
1497  2021-11-22 42.39 43.09 42.30  43.04    0.74        1.75   1017300
1498  2021-11-23 43.13 43.17 42.78  43.17    0.13        0.30    549200
1499  2021-11-24 43.22 46.01 43.22  45.66    2.49        5.77   1883300
1500  2021-11-25 45.75 47.05 45.57  46.66    1.00        2.19   1473200
1501  2021-11-26 46.49 47.14 45.31  45.75   -0.91       -1.95    879600
1502  2021-11-29 45.00 45.70 44.00  44.05   -1.70       -3.72    851000
1503  2021-11-30 45.31 45.31 43.09  43.09   -0.96       -2.18   1336500
1504  2021-12-01 43.31 44.22 42.83  43.13    0.04        0.09    551500
1505  2021-12-02 43.70 43.92 43.04  43.17    0.04        0.09    787700
1506  2021-12-03 43.22 43.92 42.48  42.70   -0.47       -1.09    795900
1507  2021-12-06 42.70 43.57 41.56  41.56   -1.14       -2.67   1008600
1508  2021-12-07 41.87 43.31 41.87  42.78    1.22        2.94    820000
1509  2021-12-08 42.70 43.31 42.70  43.00    0.22        0.51    507500
1510  2021-12-09 42.43 43.31 42.39  43.22    0.22        0.51    805400
1511  2021-12-10 44.00 44.79 43.52  43.57    0.35        0.81   1881200
1512  2021-12-13 44.44 44.44 43.22  43.39   -0.18       -0.41   1038000
1513  2021-12-14 43.39 43.78 43.17  43.26   -0.13       -0.30    862300
1514  2021-12-15 43.35 43.87 43.13  43.52    0.26        0.60    732300
1515  2021-12-16 43.92 43.92 42.74  43.17   -0.35       -0.80   1047100
1516  2021-12-17 43.57 43.57 42.04  42.04   -1.13       -2.62   3475700
1517  2021-12-20 42.91 43.35 42.74  43.35    1.31        3.12    736900
1518  2021-12-21 43.13 43.48 42.91  43.09   -0.26       -0.60    774100
1519  2021-12-22 43.31 43.76 43.09  43.26    0.17        0.39   1915300
1520  2021-12-23 43.59 44.38 43.03  43.03   -0.23       -0.53   1489000
1521  2021-12-24 43.20 44.16 43.20  44.16    1.13        2.63    849400
1522  2021-12-27 44.38 45.17 43.82  44.89    0.73        1.65    934100
1523  2021-12-28 45.00 45.56 43.88  45.00    0.11        0.25   1168800
1524  2021-12-29 44.72 44.89 44.49  44.72   -0.28       -0.62    440000
1525  2021-12-30 44.89 44.94 43.71  44.10   -0.62       -1.39    920300
1526  2021-12-31 44.44 44.55 44.10  44.33    0.23        0.52    422000
1527  2022-01-04 44.44 44.66 43.88  44.44    0.11        0.25   1133800
1528  2022-01-05 44.44 45.23 43.88  43.88   -0.56       -1.26   1603100
1529  2022-01-06 44.21 44.94 43.82  44.49    0.61        1.39   1215600
1530  2022-01-07 44.78 44.94 43.99  44.89    0.40        0.90    966200
1531  2022-01-10 44.83 44.94 44.16  44.72   -0.17       -0.38   1097000
1532  2022-01-11 45.00 45.00 44.16  44.66   -0.06       -0.13    952700
1533  2022-01-12 44.66 45.00 43.88  45.00    0.34        0.76   1801500
1534  2022-01-13 45.28 47.48 45.11  46.07    1.07        2.38   2532800
1535  2022-01-14 46.07 46.91 45.56  46.91    0.84        1.82   1522100
1536  2022-01-17 46.69 49.50 46.29  48.49    1.58        3.37   2628500
1537  2022-01-18 48.09 49.28 47.25  49.28    0.79        1.63   1696600
1538  2022-01-19 49.22 49.22 47.81  48.83   -0.45       -0.91    914800
1539  2022-01-20 47.93 49.22 46.74  48.99    0.16        0.33   2794300
1540  2022-01-21 48.88 50.63 48.43  50.18    1.19        2.43   2502300
1541  2022-01-24 50.29 52.59 49.61  52.31    2.13        4.24   2728300
1542  2022-01-25 52.03 54.00 50.06  53.89    1.58        3.02   2396600
1543  2022-01-26 53.89 53.89 52.09  53.16   -0.73       -1.35   2523500
1544  2022-01-27 52.31 53.16 50.85  51.19   -1.97       -3.71   1732900
1545  2022-01-28 51.19 51.75 50.06  50.06   -1.13       -2.21   2055700
1546  2022-02-07 50.96 52.26 50.34  51.98    1.92        3.84   1620800
1547  2022-02-08 51.98 51.98 50.68  51.75   -0.23       -0.44   1146400
1548  2022-02-09 51.30 51.69 50.79  51.08   -0.67       -1.29   1582900
1549  2022-02-10 51.24 52.54 51.19  51.36    0.28        0.55   1827200
1550  2022-02-11 51.36 51.53 50.63  50.63   -0.73       -1.42   1158400
1551  2022-02-14 49.56 49.95 48.38  48.38   -2.25       -4.44   3629100
1552  2022-02-15 48.38 49.67 47.14  48.94    0.56        1.16   2453500
1553  2022-02-16 49.22 49.44 48.60  48.94    0.00        0.00   1286000
1554  2022-02-17 48.94 49.33 48.83  49.22    0.28        0.57   1431200
1555  2022-02-18 48.60 49.22 48.60  49.05   -0.17       -0.35   1066200
1556  2022-02-21 48.71 49.28 48.71  49.16    0.11        0.22   1017900
1557  2022-02-22 48.94 48.94 47.81  48.83   -0.33       -0.67   1540200
1558  2022-02-23 48.94 48.94 48.26  48.88    0.05        0.10    986300
1559  2022-02-24 48.77 48.83 47.81  47.98   -0.90       -1.84   2078700
1560  2022-02-25 47.98 48.32 47.81  47.87   -0.11       -0.23   1616500
1561  2022-02-28 47.87 47.87 47.48  47.53   -0.34       -0.71   1322100
1562  2022-03-01 47.53 48.04 47.31  47.81    0.28        0.59   1295400
1563  2022-03-02 48.15 48.15 47.36  47.81    0.00        0.00   1655600
1564  2022-03-03 47.81 48.09 47.64  48.09    0.28        0.59   1052200
1565  2022-03-04 47.93 48.09 47.70  47.76   -0.33       -0.69   1058100
1566  2022-03-07 47.42 47.76 47.19  47.76    0.00        0.00   1002800
1567  2022-03-08 47.14 47.53 45.84  45.84   -1.92       -4.02   2936300
1568  2022-03-09 46.01 46.74 45.96  46.69    0.85        1.85   1325300
1569  2022-03-10 46.69 47.08 46.63  46.97    0.28        0.60   1154100
1570  2022-03-11 47.08 47.19 46.69  47.14    0.17        0.36    876100
1571  2022-03-14 46.86 47.36 46.80  47.36    0.22        0.47   1438200
1572  2022-03-15 47.25 47.31 45.56  45.62   -1.74       -3.67   2385900
1573  2022-03-16 45.73 46.80 45.73  46.41    0.79        1.73   1000600
1574  2022-03-17 46.69 46.97 46.52  46.69    0.28        0.60   1222400
1575  2022-03-18 46.74 47.93 46.63  47.36    0.67        1.43   1406600
1576  2022-03-21 47.36 48.09 47.25  47.76    0.40        0.84    933900
1577  2022-03-22 47.76 48.09 47.76  47.76    0.00        0.00    775100
1578  2022-03-23 47.76 48.15 47.76  47.76    0.00        0.00    966600
1579  2022-03-24 47.76 47.76 46.97  46.97   -0.79       -1.65    570200
1580  2022-03-25 47.25 47.25 46.13  46.41   -0.56       -1.19   1137800
1581  2022-03-28 46.69 46.69 46.13  46.35   -0.06       -0.13    725400
1582  2022-03-29 46.35 46.69 45.90  46.07   -0.28       -0.60   1018600
1583  2022-03-30 46.01 46.97 45.84  46.13    0.06        0.13    913900
1584  2022-03-31 46.13 46.46 46.13  46.18    0.05        0.11    492400
1585  2022-04-01 46.18 47.03 45.62  46.58    0.40        0.87    900300
1586  2022-04-04 46.80 47.31 46.46  46.46   -0.12       -0.26    712000
1587  2022-04-05 46.58 46.80 46.46  46.69    0.23        0.50    526100
1588  2022-04-06 46.63 47.81 45.96  47.59    0.90        1.93   2009600
1589  2022-04-07 47.76 47.93 46.69  46.69   -0.90       -1.89    928000
1590  2022-04-08 47.19 47.19 46.63  46.69    0.00        0.00    788200
1591  2022-04-12 46.69 46.80 45.90  46.35   -0.34       -0.73    841300
1592  2022-04-13 46.69 46.74 46.13  46.35    0.00        0.00    850700
1593  2022-04-14 46.35 46.63 45.56  45.56   -0.79       -1.70   1151400
1594  2022-04-15 45.68 45.84 45.11  45.11   -0.45       -0.99    894800
1595  2022-04-18 45.00 45.11 43.65  43.71   -1.40       -3.10   1237300
1596  2022-04-19 43.76 44.16 43.65  43.71    0.00        0.00   1003400
1597  2022-04-20 43.88 44.38 43.71  44.10    0.39        0.89    904600
1598  2022-04-21 44.10 44.55 43.99  44.10    0.00        0.00   2178200
1599  2022-04-22 44.49 46.46 44.49  46.24    2.14        4.85   2776600
1600  2022-04-25 46.24 46.69 43.31  46.01   -0.23       -0.50   2479400
1601  2022-04-26 44.44 45.28 44.44  45.28   -0.73       -1.59   1912000
1602  2022-04-27 44.94 46.13 43.99  45.84    0.56        1.24   1429800
1603  2022-04-28 45.84 45.90 44.72  45.84    0.00        0.00    564100
1604  2022-04-29 45.79 46.29 45.00  45.51   -0.33       -0.72   1259200
1605  2022-05-04 45.51 45.56 44.44  44.94   -0.57       -1.25    892600
1606  2022-05-05 45.28 45.84 44.78  45.56    0.62        1.38   1019300
1607  2022-05-06 44.83 45.68 44.66  44.66   -0.90       -1.98    775900
1608  2022-05-09 44.33 45.23 43.76  43.82   -0.84       -1.88   1674200
1609  2022-05-10 43.37 45.00 43.37  45.00    1.18        2.69    926000
1610  2022-05-11 45.00 45.17 44.44  45.00    0.00        0.00    931300
1611  2022-05-12 44.44 44.94 43.31  43.31   -1.69       -3.76    972300
1612  2022-05-13 43.31 43.88 41.06  41.06   -2.25       -5.20   1963600
1613  2022-05-16 42.47 42.98 41.63  41.74    0.68        1.66   1558800
1614  2022-05-17 41.74 43.31 41.12  42.75    1.01        2.42   2262300
1615  2022-05-18 43.31 43.31 42.19  42.41   -0.34       -0.80    881000
1616  2022-05-19 42.19 43.14 42.08  42.75    0.34        0.80    575800
1617  2022-05-20 42.24 43.03 42.19  42.36   -0.39       -0.91    661800
1618  2022-05-23 42.53 42.53 41.40  41.85   -0.51       -1.20    631600
1619  2022-05-24 42.13 42.58 41.79  42.53    0.68        1.62    898700
1620  2022-05-25 42.75 43.31 42.08  43.31    0.78        1.83    817000
1621  2022-05-26 43.31 43.37 42.75  43.14   -0.17       -0.39    978900
1622  2022-05-27 43.14 43.54 42.92  43.54    0.40        0.93    892000
1623  2022-05-30 43.54 45.56 42.98  43.88    0.34        0.78   1327400
1624  2022-05-31 44.38 44.38 43.88  44.38    0.50        1.14    483700
1625  2022-06-01 44.44 45.28 44.44  45.28    0.90        2.03    798800
1626  2022-06-02 45.45 45.45 44.44  44.44   -0.84       -1.86    641400
1627  2022-06-03 44.10 44.72 42.98  43.59   -0.85       -1.91    527800
1628  2022-06-06 43.59 45.00 42.24  44.83    1.24        2.84    880500
1629  2022-06-07 44.44 46.13 43.93  45.56    0.73        1.63    933000
1630  2022-06-08 45.56 45.56 44.33  44.55   -1.01       -2.22   1164700
1631  2022-06-09 44.44 44.94 43.71  43.76   -0.79       -1.77   1067500
1632  2022-06-10 43.76 44.44 43.54  43.71   -0.05       -0.11    390900
1633  2022-06-13 43.31 43.31 41.68  42.98   -0.73       -1.67   1105800
1634  2022-06-14 42.47 43.93 41.63  43.31    0.33        0.77   1066200
1635  2022-06-15 43.54 44.04 42.36  43.03   -0.28       -0.65   1243600
1636  2022-06-16 43.14 45.00 43.03  44.49    1.46        3.39   1209600
1637  2022-06-17 43.31 44.04 42.81  42.81   -1.68       -3.78   1050600
1638  2022-06-20 44.72 44.72 42.36  42.75   -0.06       -0.14   1089700
1639  2022-06-21 42.75 43.71 42.30  43.71    0.96        2.25    937100
1640  2022-06-22 43.82 43.88 42.19  42.75   -0.96       -2.20   1069200
1641  2022-06-23 42.24 43.14 42.13  42.69   -0.06       -0.14    590200
1642  2022-06-24 42.86 42.92 41.96  42.19   -0.50       -1.17    648600
1643  2022-06-27 42.47 42.75 42.08  42.13   -0.06       -0.14    862500
1644  2022-06-28 42.19 43.31 42.08  42.92    0.79        1.88   1095800
1645  2022-06-29 42.64 42.69 42.36  42.47   -0.45       -1.05    847500
1646  2022-06-30 42.47 42.75 42.08  42.08   -0.39       -0.92    678400
1647  2022-07-01 41.91 42.19 41.01  41.63   -0.45       -1.07   1383000
1648  2022-07-04 42.13 42.30 41.57  41.68    0.05        0.12    746200
1649  2022-07-05 42.13 42.13 41.40  41.63   -0.05       -0.12   1064500
1650  2022-07-06 41.46 41.57 38.76  40.95   -0.68       -1.63   1548200
1651  2022-07-07 40.89 42.47 40.33  42.47    1.52        3.71   1258400
1652  2022-07-08 42.13 42.19 41.57  41.63   -0.84       -1.98    761000
1653  2022-07-11 41.23 41.34 40.50  40.50   -1.13       -2.71    660800
1654  2022-07-12 40.56 40.84 40.33  40.44   -0.06       -0.15    811500
1655  2022-07-13 40.39 41.29 40.16  40.39   -0.05       -0.12   1379900
1656  2022-07-14 40.39 40.95 40.28  40.73    0.34        0.84    329400
1657  2022-07-15 40.56 41.34 40.56  40.67   -0.06       -0.15    597500
1658  2022-07-18 40.78 41.01 40.50  40.50   -0.17       -0.42    391400
1659  2022-07-19 40.50 40.56 39.99  40.11   -0.39       -0.96    812100
1660  2022-07-20 40.28 40.78 40.28  40.78    0.67        1.67    544900
1661  2022-07-21 40.78 41.01 40.56  40.78    0.00        0.00   1164600
1662  2022-07-22 40.56 40.89 40.50  40.78    0.00        0.00   1009600
1663  2022-07-25 40.73 41.18 40.50  41.01    0.23        0.56    962700
1664  2022-07-26 41.18 41.85 41.18  41.57    0.56        1.37   1119800
1665  2022-07-27 41.63 42.19 41.46  42.19    0.62        1.49   1259900
1666  2022-07-28 42.41 42.53 42.08  42.36    0.17        0.40   1164800
1667  2022-07-29 42.41 42.47 42.02  42.02   -0.34       -0.80   1176000
1668  2022-08-01 42.02 43.31 41.85  43.31    1.29        3.07   1577300
1669  2022-08-02 43.31 44.55 42.75  44.38    1.07        2.47   1777800
1670  2022-08-03 44.04 44.72 43.88  44.72    0.34        0.77   1005700
1671  2022-08-04 44.72 46.41 44.66  46.41    1.69        3.78   2261100
1672  2022-08-05 46.13 46.35 45.62  46.13   -0.28       -0.60   1395800
1673  2022-08-08 46.13 46.41 46.07  46.13    0.00        0.00    915000
1674  2022-08-09 46.13 46.13 44.94  45.45   -0.68       -1.47   1217900
1675  2022-08-10 45.06 45.56 45.06  45.28   -0.17       -0.37    507500
1676  2022-08-11 45.73 46.13 45.34  45.84    0.56        1.24   1171500
1677  2022-08-12 45.84 46.07 45.51  45.90    0.06        0.13   1251800
1678  2022-08-15 46.13 46.29 45.96  46.01    0.11        0.24   1259500
1679  2022-08-16 46.13 46.13 45.62  45.84   -0.17       -0.37    687100
1680  2022-08-17 45.68 45.96 45.68  45.84    0.00        0.00    764000
1681  2022-08-18 45.73 46.13 45.68  45.84    0.00        0.00   1568600
1682  2022-08-19 45.34 46.13 45.34  45.51   -0.33       -0.72   1148000
1683  2022-08-22 45.06 45.84 45.00  45.00   -0.51       -1.12    525800
1684  2022-08-23 45.00 45.73 44.94  45.11    0.11        0.24    648000
1685  2022-08-24 45.68 46.63 45.17  46.13    1.02        2.26   1083700
1686  2022-08-25 46.24 46.24 45.73  46.13    0.00        0.00    538800
1687  2022-08-26 46.13 47.08 46.13  46.41    0.28        0.61   1559500
1688  2022-08-29 45.79 46.41 45.51  46.41    0.00        0.00    951500
1689  2022-08-30 46.41 48.38 46.41  48.38    1.97        4.24   2502800
1690  2022-08-31 48.38 48.66 47.25  47.25   -1.13       -2.34   1055900
1691  2022-09-05 47.25 47.42 46.41  46.46   -0.79       -1.67   1547800
1692  2022-09-06 46.46 47.25 46.18  46.52    0.06        0.13   1027300
1693  2022-09-07 46.13 46.41 44.89  45.00   -1.52       -3.27   2293300
1694  2022-09-08 45.51 45.51 43.88  43.88   -1.12       -2.49   1074300
1695  2022-09-09 44.16 44.61 43.99  44.33    0.45        1.03   1029200
1696  2022-09-12 44.78 44.83 44.33  44.49    0.16        0.36    700800
1697  2022-09-13 44.66 44.66 44.21  44.21   -0.28       -0.63   1187900
1698  2022-09-14 43.43 44.72 43.31  44.04   -0.17       -0.38   1085800
1699  2022-09-15 44.16 44.61 43.93  44.55    0.51        1.16    611900
1700  2022-09-16 44.61 45.00 44.16  45.00    0.45        1.01   1519200
1701  2022-09-19 44.44 45.11 43.88  44.33   -0.67       -1.49    938500
1702  2022-09-20 44.33 45.00 44.21  44.55    0.22        0.50    521200
1703  2022-09-21 44.61 44.78 43.82  44.38   -0.17       -0.38    499200
1704  2022-09-22 43.71 44.21 43.59  43.88   -0.50       -1.13   1183000
1705  2022-09-23 43.43 43.71 42.64  42.69   -1.19       -2.71   1034100
1706  2022-09-26 42.24 43.31 41.68  42.19   -0.50       -1.17   1255900
1707  2022-09-27 42.75 42.75 41.74  41.79   -0.40       -0.95    653400
1708  2022-09-28 41.63 42.19 41.51  42.19    0.40        0.96    587700
1709  2022-09-29 42.75 42.75 41.63  41.63   -0.56       -1.33    587800
1710  2022-09-30 41.18 41.79 40.73  41.18   -0.45       -1.08   1262400
1711  2022-10-03 41.34 41.51 39.54  39.71   -1.47       -3.57    894900
1712  2022-10-04 39.38 40.44 39.09  40.11    0.40        1.01   1280900
1713  2022-10-05 40.16 40.50 39.99  40.22    0.11        0.27    835000
1714  2022-10-06 40.50 40.50 39.32  39.43   -0.79       -1.96    751500
1715  2022-10-07 39.15 39.15 36.73  37.52   -1.91       -4.84   2113700
1716  2022-10-10 37.41 38.08 36.06  36.62   -0.90       -2.40   1317000
1717  2022-10-11 36.73 37.13 34.88  34.88   -1.74       -4.75   1161700
1718  2022-10-12 35.44 36.73 34.99  36.00    1.12        3.21   1517400
1719  2022-10-13 36.06 37.41 35.27  37.41    1.41        3.92   1596800
1720  2022-10-14 38.53 38.53 37.86  38.31    0.90        2.41   1599300
1721  2022-10-17 37.86 38.25 36.84  37.29   -1.02       -2.66   1241400
1722  2022-10-18 38.25 38.25 37.86  38.08    0.79        2.12    885000
1723  2022-10-19 38.19 38.25 37.86  38.19    0.11        0.29    627400
1724  2022-10-20 38.19 39.38 37.74  38.93    0.74        1.94   1517200
1725  2022-10-21 38.93 39.77 38.25  38.25   -0.68       -1.75   1283700
1726  2022-10-24 39.09 39.09 37.01  38.25    0.00        0.00    670100
1727  2022-10-25 37.13 39.71 37.13  39.32    1.07        2.80   1535500
1728  2022-10-26 39.71 39.71 38.53  39.38    0.06        0.15    591400
1729  2022-10-27 39.66 41.01 38.98  40.33    0.95        2.41   1297800
1730  2022-10-28 40.78 41.91 40.28  40.28   -0.05       -0.12   1561000
1731  2022-10-31 41.34 41.34 40.78  41.34    1.06        2.63    659400
1732  2022-11-01 41.63 42.19 41.23  42.19    0.85        2.06    826100
1733  2022-11-02 41.63 41.91 40.50  41.40   -0.79       -1.87   1255100
1734  2022-11-03 40.50 41.29 40.50  41.06   -0.34       -0.82    726600
1735  2022-11-04 40.22 40.78 38.76  40.39   -0.67       -1.63   1538000
1736  2022-11-07 40.39 41.06 39.99  40.39    0.00        0.00   1232000
1737  2022-11-08 40.50 42.19 40.28  40.84    0.45        1.11   1659900
1738  2022-11-09 41.34 41.74 40.84  41.63    0.79        1.93   1214800
1739  2022-11-10 41.57 41.57 40.28  40.95   -0.68       -1.63    958500
1740  2022-11-11 41.06 42.47 41.06  42.47    1.52        3.71   1314200
1741  2022-11-14 42.47 43.03 41.68  42.24   -0.23       -0.54   1536500
1742  2022-11-15 41.85 42.98 40.56  42.19   -0.05       -0.12   1581800
1743  2022-11-16 39.54 43.88 39.54  42.24    0.05        0.12   2349800
1744  2022-11-17 42.81 43.09 42.47  43.03    0.79        1.87   1645700
1745  2022-11-18 42.69 43.26 41.40  43.03    0.00        0.00   1564800
1746  2022-11-21 43.03 43.03 42.19  42.19   -0.84       -1.95   1106900
1747  2022-11-22 41.91 42.75 40.78  41.34   -0.85       -2.01   1936000
1748  2022-11-23 41.06 41.34 40.73  41.34    0.00        0.00    794200
1749  2022-11-24 41.34 41.63 40.78  41.06   -0.28       -0.68   1082000
1750  2022-11-25 41.12 41.40 40.95  41.12    0.06        0.15   1675100
1751  2022-11-28 41.91 43.31 41.51  43.14    2.02        4.91   1341900
1752  2022-11-29 42.75 44.89 42.75  44.89    1.75        4.06   1707400
1753  2022-11-30 45.17 45.56 43.31  45.56    0.67        1.49   1322600
1754  2022-12-01 45.51 45.79 44.55  45.00   -0.56       -1.23   1178900
1755  2022-12-02 44.94 47.81 44.61  47.81    2.81        6.24   1241300
1756  2022-12-05 47.31 48.94 46.41  47.81    0.00        0.00   1664000
1757  2022-12-06 47.81 47.93 45.00  45.00   -2.81       -5.88   1308000
1758  2022-12-07 45.00 46.13 43.88  44.16   -0.84       -1.87   1455800
1759  2022-12-08 44.44 45.56 43.31  43.31   -0.85       -1.92   2109700
1760  2022-12-09 44.10 44.55 43.37  43.48    0.17        0.39   1684100
1761  2022-12-12 44.33 45.28 43.54  43.54    0.06        0.14   2105700
1762  2022-12-13 43.93 44.61 43.82  43.99    0.45        1.03   2232500
1763  2022-12-14 44.83 44.83 44.16  44.33    0.34        0.77   1083500
1764  2022-12-15 44.33 45.39 44.21  44.72    0.39        0.88   1250400
1765  2022-12-16 44.72 46.63 44.38  44.83    0.11        0.25   3158100
1766  2022-12-19 45.00 45.56 44.44  44.55   -0.28       -0.62    757500
1767  2022-12-20 44.83 46.13 44.44  44.44   -0.11       -0.25   1424400
1768  2022-12-21 45.79 45.79 44.27  44.27   -0.17       -0.38    962000
1769  2022-12-22 44.72 45.62 44.61  44.61    0.34        0.77   1073500
1770  2022-12-23 45.11 45.68 44.49  44.49   -0.12       -0.27   1079200
1771  2022-12-26 44.55 45.45 44.38  44.38   -0.11       -0.25   1203600
1772  2022-12-27 45.11 45.28 44.38  44.49    0.11        0.25   1058000
1773  2022-12-28 45.23 46.13 44.72  45.00    0.51        1.15   1173500
1774  2022-12-29 46.29 46.41 45.28  45.39    0.39        0.87   1237400
1775  2022-12-30 46.63 46.74 45.00  45.00   -0.39       -0.86   1510900
1776  2023-01-03 45.11 46.46 45.11  46.46    1.46        3.24   1089800
1777  2023-01-04 46.63 46.63 46.01  46.58    0.12        0.26    837900
1778  2023-01-05 46.58 47.25 46.41  47.25    0.67        1.44   1078600
1779  2023-01-06 47.25 47.70 47.19  47.25    0.00        0.00   1125500
1780  2023-01-09 48.26 48.88 47.70  48.88    1.63        3.45   1667100
1781  2023-01-10 48.49 50.57 48.49  49.11    0.23        0.47   2112500
1782  2023-01-11 49.11 49.11 47.87  47.87   -1.24       -2.52    983000
1783  2023-01-12 47.93 47.93 47.14  47.70   -0.17       -0.36   1879000
1784  2023-01-13 47.93 48.66 47.93  48.26    0.56        1.17    822000
1785  2023-01-16 48.38 49.78 48.38  49.11    0.85        1.76    735200
1786  2023-01-17 49.78 50.29 49.11  50.29    1.18        2.40    644600
1787  2023-01-18 50.63 51.19 50.29  50.63    0.34        0.68    834000
1788  2023-01-19 50.34 54.00 49.22  52.31    1.68        3.32   1716800
1789  2023-01-27 52.31 53.21 51.47  52.31    0.00        0.00   1552000
1790  2023-01-30 51.81 52.03 50.51  50.57   -1.74       -3.33   1045000
1791  2023-01-31 50.57 51.69 49.39  51.69    1.12        2.21   1447700
1792  2023-02-01 51.75 52.03 50.12  50.12   -1.57       -3.04   1136400
1793  2023-02-02 49.84 51.75 49.84  50.96    0.84        1.68    984600
1794  2023-02-03 50.79 52.31 50.12  52.31    1.35        2.65    893400
1795  2023-02-06 52.09 54.17 51.47  54.00    1.69        3.23   1151200
1796  2023-02-07 53.61 53.72 51.75  51.75   -2.25       -4.17   1195400
1797  2023-02-08 51.81 54.11 51.81  52.99    1.24        2.40    884800
1798  2023-02-09 52.76 53.44 52.31  52.31   -0.68       -1.28    759400
1799  2023-02-10 53.16 53.16 52.20  53.16    0.85        1.62    647700
1800  2023-02-13 53.33 53.66 51.75  52.59   -0.57       -1.07    872700
1801  2023-02-14 52.59 52.59 51.30  52.03   -0.56       -1.06   1143100
1802  2023-02-15 52.03 52.99 51.30  52.31    0.28        0.54    899300
1803  2023-02-16 52.31 52.88 51.86  51.98   -0.33       -0.63    776600
1804  2023-02-17 52.31 52.48 51.75  52.31    0.33        0.63    918900
1805  2023-02-20 52.31 53.16 52.31  52.76    0.45        0.86   1095000
1806  2023-02-21 52.99 53.38 52.88  52.99    0.23        0.44    675500
1807  2023-02-22 52.99 53.04 52.03  52.31   -0.68       -1.28   1025500
1808  2023-02-23 52.31 52.88 51.30  52.48    0.17        0.32   1025700
1809  2023-02-24 52.31 52.88 50.63  52.59    0.11        0.21    631400
1810  2023-02-27 52.31 52.59 51.58  52.20   -0.39       -0.74    501000
1811  2023-02-28 52.37 52.71 52.09  52.59    0.39        0.75    565800
1812  2023-03-01 51.92 52.54 51.86  52.31   -0.28       -0.53    729700
1813  2023-03-02 52.31 52.76 51.64  52.43    0.12        0.23    984700
1814  2023-03-03 51.64 52.20 51.13  51.13   -1.30       -2.48    798600
1815  2023-03-06 51.19 51.86 51.19  51.19    0.06        0.12    711900
1816  2023-03-07 51.47 52.03 51.24  51.69    0.50        0.98    970300
1817  2023-03-08 51.19 51.86 51.02  51.86    0.17        0.33    871900
1818  2023-03-09 51.75 52.54 51.58  52.31    0.45        0.87   1098100
1819  2023-03-10 51.86 52.03 51.47  51.81   -0.50       -0.96    707800
1820  2023-03-13 51.75 51.75 51.08  51.47   -0.34       -0.66    759200
1821  2023-03-14 51.19 51.30 50.91  51.19   -0.28       -0.54    863700
1822  2023-03-15 51.53 51.75 51.24  51.41    0.22        0.43    807800
1823  2023-03-16 51.19 51.75 50.34  51.19   -0.22       -0.43    806000
1824  2023-03-17 51.19 51.24 50.06  50.06   -1.13       -2.21   2272200
1825  2023-03-20 50.06 50.34 47.87  47.87   -2.19       -4.37   1034000
1826  2023-03-21 48.04 50.57 48.04  48.66    0.79        1.65   1057400
1827  2023-03-22 48.71 50.57 48.71  50.06    1.40        2.88   1055800
1828  2023-03-23 49.95 51.02 49.11  51.02    0.96        1.92    849500
1829  2023-03-24 51.19 51.19 50.01  50.06   -0.96       -1.88    630000
1830  2023-03-27 50.06 51.19 49.50  51.19    1.13        2.26    730100
1831  2023-03-28 51.08 52.26 50.68  51.64    0.45        0.88    845800
1832  2023-03-29 52.03 52.03 50.91  51.92    0.28        0.54    422800
1833  2023-03-30 51.92 52.43 51.75  52.14    0.22        0.42    409700
1834  2023-03-31 52.20 52.43 50.91  51.41   -0.73       -1.40    950600
1835  2023-04-03 51.58 52.26 51.30  52.20    0.79        1.54    736700
1836  2023-04-04 52.20 52.26 51.53  51.75   -0.45       -0.86    269900
1837  2023-04-05 51.92 51.92 51.24  51.81    0.06        0.12    336000
1838  2023-04-06 51.47 51.81 51.30  51.30   -0.51       -0.98    376300
1839  2023-04-07 51.19 51.24 50.34  50.63   -0.67       -1.31    747200
1840  2023-04-10 50.63 50.63 50.06  50.06   -0.57       -1.13    639300
1841  2023-04-11 50.06 50.63 49.61  49.61   -0.45       -0.90    751600
1842  2023-04-12 49.67 49.84 49.50  49.67    0.06        0.12    518400
1843  2023-04-13 49.67 49.78 49.39  49.61   -0.06       -0.12    491000
1844  2023-04-14 49.67 50.12 49.61  49.73    0.12        0.24    414800
1845  2023-04-17 49.73 49.78 49.39  49.73    0.00        0.00    488900
1846  2023-04-18 49.67 49.84 49.22  49.50   -0.23       -0.46    695100
1847  2023-04-19 49.56 49.89 49.50  49.78    0.28        0.57    416900
1848  2023-04-20 49.95 49.95 49.50  49.67   -0.11       -0.22    257800
1849  2023-04-21 49.50 49.56 49.16  49.22   -0.45       -0.91    356500
1850  2023-04-24 49.50 49.78 48.94  49.44    0.22        0.45    505800
1851  2023-04-25 49.61 49.78 49.22  49.67    0.23        0.47    545800
1852  2023-04-26 49.50 50.34 49.44  50.29    0.62        1.25    710200
1853  2023-04-27 49.89 50.91 49.73  50.63    0.34        0.68    580400
1854  2023-04-28 50.63 50.91 49.95  50.91    0.28        0.55    704700
1855  2023-05-04 50.63 50.63 49.78  49.78   -1.13       -2.22    496000
1856  2023-05-05 49.78 50.57 49.61  50.51    0.73        1.47    225700
1857  2023-05-08 50.63 52.43 50.51  52.31    1.80        3.56   1500200
1858  2023-05-09 52.31 52.82 51.92  51.92   -0.39       -0.75    563400
1859  2023-05-10 51.69 52.31 51.53  51.75   -0.17       -0.33    417400
1860  2023-05-11 51.75 51.81 51.19  51.19   -0.56       -1.08    505600
1861  2023-05-12 51.19 52.20 51.08  52.20    1.01        1.97    710500
1862  2023-05-15 51.75 52.31 51.30  51.58   -0.62       -1.19    450500
1863  2023-05-16 51.75 52.37 51.36  52.09    0.51        0.99    666100
1864  2023-05-17 52.03 52.31 51.92  52.20    0.11        0.21    572700
1865  2023-05-18 52.26 54.00 51.86  53.44    1.24        2.38   1678500
1866  2023-05-19 53.16 53.38 52.09  52.99   -0.45       -0.84    439900
1867  2023-05-22 52.31 52.82 51.86  52.37   -0.62       -1.17    622300
1868  2023-05-23 52.31 52.65 51.81  52.20   -0.17       -0.32    568800
1869  2023-05-24 52.20 52.20 51.69  52.09   -0.11       -0.21    342200
1870  2023-05-25 52.09 52.88 51.41  52.43    0.34        0.65    606600
1871  2023-05-26 52.43 52.59 51.75  51.75   -0.68       -1.30    283700
1872  2023-05-29 51.75 53.44 51.75  52.37    0.62        1.20    590500
1873  2023-05-30 52.37 53.33 51.98  53.16    0.79        1.51    564500
1874  2023-05-31 52.82 52.93 52.37  52.88   -0.28       -0.53    380100
1875  2023-06-01 53.21 53.21 52.43  52.82   -0.06       -0.11    646300
1876  2023-06-02 52.82 53.44 52.48  53.38    0.56        1.06    737800
1877  2023-06-05 53.55 55.52 53.55  55.13    1.75        3.28   1297800
1878  2023-06-06 55.13 55.69 54.28  55.69    0.56        1.02    759500
1879  2023-06-07 55.69 55.69 54.56  54.56   -1.13       -2.03    749600
1880  2023-06-08 54.56 57.21 54.56  56.25    1.69        3.10   1339400
1881  2023-06-09 56.25 57.38 55.69  56.53    0.28        0.50    820200
1882  2023-06-12 56.19 57.09 55.18  56.81    0.28        0.50    435100
1883  2023-06-13 56.25 57.94 56.08  57.66    0.85        1.50    838900
1884  2023-06-14 57.60 58.50 57.09  57.71    0.05        0.09    840500
1885  2023-06-15 57.66 58.33 57.15  58.22    0.51        0.88    912200
1886  2023-06-16 58.61 59.85 58.05  59.06    0.84        1.44   1331800
1887  2023-06-19 58.28 58.56 57.21  57.21   -1.85       -3.13   1139900
1888  2023-06-20 56.87 56.87 56.14  56.19   -1.02       -1.78   1781600
1889  2023-06-21 56.08 56.53 56.08  56.25    0.06        0.11   1187900
1890  2023-06-22 57.38 57.38 56.19  56.48    0.23        0.41    716500
1891  2023-06-23 56.48 56.48 55.97  56.19   -0.29       -0.51    705200
1892  2023-06-26 55.74 56.76 55.74  56.25    0.06        0.11    807200
1893  2023-06-27 56.25 56.81 56.08  56.25    0.00        0.00    685900
1894  2023-06-28 56.25 57.49 56.14  56.87    0.62        1.10    821200
1895  2023-06-29 57.26 57.94 56.87  57.32    0.45        0.79    640600
1896  2023-06-30 56.87 57.26 56.25  56.25   -1.07       -1.87    556600
1897  2023-07-03 56.25 56.70 56.14  56.25    0.00        0.00    490100
1898  2023-07-04 56.64 57.32 56.19  56.25    0.00        0.00    682700
1899  2023-07-05 56.81 57.66 56.42  57.38    1.13        2.01    953900
1900  2023-07-06 57.43 57.49 56.53  56.64   -0.74       -1.29   1021000
1901  2023-07-07 56.53 59.06 56.48  59.06    2.42        4.27   1064800
1902  2023-07-10 59.01 59.01 57.54  57.77   -1.29       -2.18    915100
1903  2023-07-11 57.26 59.06 57.26  57.94    0.17        0.29    887600
1904  2023-07-12 57.77 58.78 57.77  58.50    0.56        0.97    742800
1905  2023-07-13 59.06 59.06 58.33  59.01    0.51        0.87    928300
1906  2023-07-14 59.01 59.06 58.50  59.06    0.05        0.08    797700
1907  2023-07-17 59.06 59.06 58.61  58.95   -0.11       -0.19    791600
1908  2023-07-18 59.01 59.06 58.67  58.67   -0.28       -0.47    590000
1909  2023-07-19 58.84 60.24 58.84  59.91    1.24        2.11    926200
1910  2023-07-20 59.34 59.85 58.28  59.06   -0.85       -1.42    771600
1911  2023-07-21 59.06 59.06 58.50  59.06    0.00        0.00    663400
1912  2023-07-24 59.12 59.29 58.78  58.84   -0.22       -0.37    808500
1913  2023-07-25 60.03 61.43 59.97  60.90    2.06        3.50   2374800
1914  2023-07-26 61.03 62.03 61.03  62.03    1.13        1.86   1146400
1915  2023-07-27 62.22 62.22 61.43  61.56   -0.47       -0.76    957200
1916  2023-07-28 61.56 61.76 60.96  61.76    0.20        0.32   1116900
1917  2023-07-31 61.76 61.89 60.83  60.83   -0.93       -1.51   1468300
1918  2023-08-01 60.83 61.63 60.56  60.56   -0.27       -0.44   1281600
1919  2023-08-02 60.56 60.76 60.43  60.76    0.20        0.33   1055800
1920  2023-08-03 60.76 60.76 60.10  60.17   -0.59       -0.97    837900
1921  2023-08-04 60.23 60.50 59.83  59.83   -0.34       -0.57   1231600
1922  2023-08-07 59.83 60.30 59.77  60.30    0.47        0.79   1111700
1923  2023-08-08 60.30 60.56 59.83  60.23   -0.07       -0.12    823400
1924  2023-08-09 60.23 60.37 59.83  59.90   -0.33       -0.55    591600
1925  2023-08-10 60.10 60.10 58.77  58.77   -1.13       -1.89   1336100
1926  2023-08-11 58.77 60.03 58.77  60.03    1.26        2.14    920800
1927  2023-08-14 59.97 59.97 59.10  59.10   -0.93       -1.55   1471800
1928  2023-08-15 59.77 59.77 58.77  59.04   -0.06       -0.10   1148500
1929  2023-08-16 58.97 59.37 58.90  59.24    0.20        0.34    727300
1930  2023-08-17 59.24 59.63 58.84  59.37    0.13        0.22   2145100
1931  2023-08-18 59.63 59.97 59.10  59.44    0.07        0.12   2430400
1932  2023-08-21 59.57 59.90 59.24  59.63    0.19        0.32   1710900
1933  2023-08-22 59.44 59.57 58.31  58.70   -0.93       -1.56   1825000
1934  2023-08-23 59.04 59.04 57.18  57.31   -1.39       -2.37   1754800
1935  2023-08-24 57.31 58.57 57.11  57.78    0.47        0.82    902800
1936  2023-08-25 57.24 57.78 57.11  57.24   -0.54       -0.93   1404600
1937  2023-08-28 57.38 58.11 57.24  57.78    0.54        0.94   1378300
1938  2023-08-29 57.78 58.77 57.71  58.70    0.92        1.59   1391900
1939  2023-08-30 58.77 59.44 58.77  59.17    0.47        0.80   1350000
1940  2023-08-31 59.17 59.50 58.64  59.17    0.00        0.00   1531200
1941  2023-09-05 59.17 60.23 59.17  59.83    0.66        1.12   1942200
1942  2023-09-06 59.90 59.90 59.57  59.90    0.07        0.12   2017600
1943  2023-09-07 59.77 60.30 59.44  59.44   -0.46       -0.77   1765300
1944  2023-09-08 59.44 59.44 59.17  59.44    0.00        0.00   1341900
1945  2023-09-11 59.50 59.77 58.44  58.77   -0.67       -1.13   1649500
1946  2023-09-12 59.10 59.77 59.04  59.70    0.93        1.58   1572100
1947  2023-09-13 59.77 59.77 59.04  59.17   -0.53       -0.89   1582000
1948  2023-09-14 59.10 59.44 58.51  59.17    0.00        0.00   1512600
1949  2023-09-15 59.04 59.63 58.84  59.63    0.46        0.78   2142400
1950  2023-09-18 59.44 59.57 58.64  58.97   -0.66       -1.11    718100
1951  2023-09-19 58.97 59.24 57.11  58.51   -0.46       -0.78   1117200
1952  2023-09-20 58.51 58.70 57.38  58.44   -0.07       -0.12    786000
1953  2023-09-21 58.44 58.44 57.64  57.78   -0.66       -1.13   1066900
1954  2023-09-22 57.38 59.44 57.11  59.30    1.52        2.63   2408600
1955  2023-09-25 59.10 59.44 58.64  59.30    0.00        0.00   2210400
1956  2023-09-26 59.24 59.37 57.71  57.78   -1.52       -2.56   1663200
1957  2023-09-27 58.17 59.10 57.78  58.31    0.53        0.92   1204900
1958  2023-09-28 57.91 58.64 57.51  58.44    0.13        0.22   1065100
1959  2023-09-29 58.64 58.64 57.84  58.11   -0.33       -0.56    449300
1960  2023-10-02 57.84 57.91 57.44  57.44   -0.67       -1.15    765700
1961  2023-10-03 57.44 57.58 56.98  57.31   -0.13       -0.23    882600
1962  2023-10-04 57.31 57.31 56.65  57.31    0.00        0.00    923800
1963  2023-10-05 57.11 57.11 56.12  56.12   -1.19       -2.08    890000
1964  2023-10-06 56.12 56.71 55.45  56.71    0.59        1.05    800900
1965  2023-10-09 56.71 56.71 55.78  56.18   -0.53       -0.93   1096100
1966  2023-10-10 56.18 57.24 56.18  57.18    1.00        1.78    734100
1967  2023-10-11 57.24 57.44 56.91  57.44    0.26        0.45    719400
1968  2023-10-12 57.71 57.71 56.78  57.11   -0.33       -0.57    714100
1969  2023-10-13 57.11 57.51 56.78  57.51    0.40        0.70    663100
1970  2023-10-16 56.85 57.51 56.85  57.18   -0.33       -0.57    332300
1971  2023-10-17 57.18 57.44 56.78  57.04   -0.14       -0.24    363400
1972  2023-10-18 56.78 57.11 56.45  57.04    0.00        0.00   1147400
1973  2023-10-19 56.78 57.11 55.85  56.12   -0.92       -1.61   1363600
1974  2023-10-20 55.45 56.65 54.92  56.31    0.19        0.34    938400
1975  2023-10-23 56.12 56.12 54.79  56.12   -0.19       -0.34    966600
1976  2023-10-24 56.12 57.44 55.72  57.11    0.99        1.76    994000
1977  2023-10-25 56.51 56.98 56.18  56.98   -0.13       -0.23    660100
1978  2023-10-26 56.45 57.11 55.45  56.12   -0.86       -1.51   1420300
1979  2023-10-27 56.18 56.45 55.65  56.45    0.33        0.59    773400
1980  2023-10-30 55.45 57.11 55.45  57.04    0.59        1.05    592900
1981  2023-10-31 57.04 57.71 56.38  57.64    0.60        1.05   1345300
1982  2023-11-01 57.64 58.31 57.18  58.31    0.67        1.16   1479100
1983  2023-11-02 58.44 59.10 57.51  59.10    0.79        1.35   1057500
1984  2023-11-03 59.10 59.37 58.51  59.04   -0.06       -0.10   1086600
1985  2023-11-06 59.04 59.63 58.77  59.44    0.40        0.68    774800
1986  2023-11-07 59.10 59.30 58.64  58.64   -0.80       -1.35    413900
1987  2023-11-08 58.44 59.57 58.37  59.44    0.80        1.36   1270300
1988  2023-11-09 59.44 59.44 58.37  58.37   -1.07       -1.80   1166800
1989  2023-11-10 57.84 58.11 57.11  57.11   -1.26       -2.16   1352000
1990  2023-11-13 57.11 57.18 56.71  56.78   -0.33       -0.58    937700
1991  2023-11-14 57.11 57.44 56.71  57.11    0.33        0.58    987500
1992  2023-11-15 57.44 58.24 57.44  58.24    1.13        1.98   4067800
1993  2023-11-16 57.78 58.44 57.58  58.44    0.20        0.34   1284800
1994  2023-11-17 58.31 58.37 56.78  56.85   -1.59       -2.72   1588000
1995  2023-11-20 56.85 57.78 56.45  57.18    0.33        0.58   1098400
1996  2023-11-21 57.18 57.58 56.98  57.51    0.33        0.58   1151400
1997  2023-11-22 57.31 57.58 56.78  57.58    0.07        0.12   1012700
1998  2023-11-23 57.58 57.64 56.78  56.78   -0.80       -1.39    647200
1999  2023-11-24 56.78 57.11 56.45  57.11    0.33        0.58    734500
2000  2023-11-27 57.11 57.11 56.51  56.98   -0.13       -0.23    443000
2001  2023-11-28 56.78 57.04 56.31  56.98    0.00        0.00    779400
2002  2023-11-29 56.71 57.04 56.51  56.51   -0.47       -0.82    733100
2003  2023-11-30 56.51 56.71 56.25  56.25   -0.26       -0.46    927600
2004  2023-12-01 56.38 56.45 55.85  56.45    0.20        0.36    714700
2005  2023-12-04 56.71 57.24 56.31  57.11    0.66        1.17    888100
2006  2023-12-05 57.11 57.18 56.31  56.71   -0.40       -0.70    992800
2007  2023-12-06 56.65 57.11 56.45  57.04    0.33        0.58    638000
2008  2023-12-07 56.91 57.11 56.45  56.58   -0.46       -0.81    992300
2009  2023-12-08 56.58 56.78 56.45  56.45   -0.13       -0.23   1183000
2010  2023-12-11 56.45 56.65 55.85  55.92   -0.53       -0.94   1400000
2011  2023-12-12 56.25 56.25 55.78  55.92    0.00        0.00   1006400
2012  2023-12-13 55.92 56.12 55.58  55.58   -0.34       -0.61   1152900
2013  2023-12-14 55.78 56.12 55.78  56.05    0.47        0.85    840600
2014  2023-12-15 55.78 56.05 54.59  54.59   -1.46       -2.60   2530300
2015  2023-12-18 54.99 55.05 54.12  54.12   -0.47       -0.86   1804000
2016  2023-12-19 54.12 54.12 53.19  53.92   -0.20       -0.37   1961300
2017  2023-12-20 53.92 53.99 53.46  53.86   -0.06       -0.11   1872300
2018  2023-12-21 53.79 53.79 53.33  53.72   -0.14       -0.26   2030300
2019  2023-12-22 53.72 53.86 53.39  53.72    0.00        0.00   1579800
2020  2023-12-25 53.72 54.32 53.59  54.32    0.60        1.12   1301600
2021  2023-12-26 54.45 54.99 54.45  54.99    0.67        1.23    971200
2022  2023-12-27 55.05 55.25 54.79  54.92   -0.07       -0.13    899600
2023  2023-12-28 54.92 55.19 54.72  54.99    0.07        0.13    703200
2024  2023-12-29 55.45 55.72 53.33  53.33   -1.66       -3.02   1621700
2025  2024-01-02 55.05 55.52 54.59  55.45    2.12        3.98   1785800
2026  2024-01-03 55.45 56.12 54.99  56.12    0.67        1.21   1373000
2027  2024-01-04 56.12 57.24 55.78  57.04    0.92        1.64   2657900
2028  2024-01-05 57.04 57.24 56.91  57.24    0.20        0.35   1180300
2029  2024-01-08 57.31 57.64 57.31  57.64    0.40        0.70   1607800
2030  2024-01-09 57.64 58.37 57.64  58.31    0.67        1.16   1926400
2031  2024-01-10 58.31 59.44 57.91  59.44    1.13        1.94   1795400
2032  2024-01-11 59.44 59.77 58.84  59.30   -0.14       -0.24   1489100
2033  2024-01-12 58.51 59.44 58.04  58.90   -0.40       -0.67   1909500
2034  2024-01-15 59.10 59.83 59.04  59.77    0.87        1.48   1914200
2035  2024-01-16 59.10 59.83 59.04  59.77    0.00        0.00   1367200
2036  2024-01-17 59.10 60.43 59.10  60.37    0.60        1.00   1578200
2037  2024-01-18 60.37 60.56 59.77  60.50    0.13        0.22   1422900
2038  2024-01-19 60.43 61.76 60.03  61.49    0.99        1.64   1472600
2039  2024-01-22 62.09 62.09 61.10  61.10   -0.39       -0.63   1046300
2040  2024-01-23 61.16 61.36 60.03  60.76   -0.34       -0.56   1256900
2041  2024-01-24 60.83 61.10 60.37  60.50   -0.26       -0.43    744700
2042  2024-01-25 60.50 60.83 60.23  60.43   -0.07       -0.12    503300
2043  2024-01-26 60.83 61.10 60.70  61.10    0.67        1.11    953100
2044  2024-01-29 60.96 61.10 60.37  60.56   -0.54       -0.88    730500
2045  2024-01-30 60.56 60.56 59.83  60.43   -0.13       -0.21    888600
2046  2024-01-31 60.17 60.17 58.77  58.77   -1.66       -2.75    945600
2047  2024-02-01 58.44 59.90 58.44  59.63    0.86        1.46    598100
2048  2024-02-02 59.17 60.10 59.17  59.97    0.34        0.57    733000
2049  2024-02-05 59.90 60.17 59.37  59.77   -0.20       -0.33   1949000
2050  2024-02-06 59.97 60.17 59.17  59.44   -0.33       -0.55   1352300
2051  2024-02-07 59.77 60.30 59.30  59.77    0.33        0.56   1371400
2052  2024-02-15 59.77 60.23 59.17  59.70   -0.07       -0.12   1046700
2053  2024-02-16 59.70 59.90 59.44  59.50   -0.20       -0.34    734100
2054  2024-02-19 59.70 60.10 59.30  59.90    0.40        0.67   1045300
2055  2024-02-20 59.83 60.70 59.37  60.63    0.73        1.22   1404300
2056  2024-02-21 60.90 60.90 60.10  60.56   -0.07       -0.12   1367400
2057  2024-02-22 60.17 60.43 59.44  59.44   -1.12       -1.85   1223900
2058  2024-02-23 59.44 60.70 59.04  59.04   -0.40       -0.67   1800900
2059  2024-02-26 59.04 59.77 59.04  59.44    0.40        0.68    722000
2060  2024-02-27 59.50 60.56 59.17  60.50    1.06        1.78   1604900
2061  2024-02-28 60.43 64.68 60.03  64.68    4.18        6.91   4219900
2062  2024-02-29 65.41 66.74 64.62  64.62   -0.06       -0.09   1897000
2063  2024-03-01 65.21 65.21 63.02  64.62    0.00        0.00   2379600
2064  2024-03-04 65.08 65.08 63.49  63.75   -0.87       -1.35   1640400
2065  2024-03-05 64.15 64.15 63.22  63.42   -0.33       -0.52   1364800
2066  2024-03-06 63.42 64.28 63.15  63.49    0.07        0.11   2070600
2067  2024-03-07 63.69 64.68 63.42  63.62    0.13        0.20   2362300
2068  2024-03-08 63.69 64.08 63.15  63.15   -0.47       -0.74   2229600
2069  2024-03-11 63.15 63.75 62.49  62.49   -0.66       -1.05   1840000
2070  2024-03-12 62.49 63.02 62.42  62.69    0.20        0.32   1107000
2071  2024-03-13 63.02 64.08 62.62  63.75    1.06        1.69   3124500
2072  2024-03-14 63.75 63.82 62.82  63.09   -0.66       -1.04   2319300
2073  2024-03-15 63.09 63.09 62.36  62.42   -0.67       -1.06   2302500
2074  2024-03-18 62.62 62.76 61.43  61.76   -0.66       -1.06   1839300
2075  2024-03-19 61.43 62.09 61.43  61.43   -0.33       -0.53    868500
2076  2024-03-20 61.43 62.49 61.43  61.89    0.46        0.75    897700
2077  2024-03-21 62.42 63.42 62.42  63.22    1.33        2.15   1452700
2078  2024-03-22 63.22 64.28 63.22  64.02    0.80        1.27   1844100
2079  2024-03-25 63.09 64.35 62.49  63.55   -0.47       -0.73   1368800
2080  2024-03-26 63.75 64.15 63.62  63.95    0.40        0.63    735400
2081  2024-03-27 63.88 63.88 63.49  63.62   -0.33       -0.52   1046200
2082  2024-03-28 63.88 64.02 63.49  63.55   -0.07       -0.11   1232800
2083  2024-03-29 63.69 63.69 63.02  63.02   -0.53       -0.83    801200
2084  2024-04-01 63.02 63.75 62.89  63.22    0.20        0.32   1221000
2085  2024-04-02 63.15 63.22 62.36  62.76   -0.46       -0.73    969000
2086  2024-04-03 62.69 62.96 62.29  62.29   -0.47       -0.75   1321100
2087  2024-04-04 63.02 63.75 62.69  63.75    1.46        2.34   2022700
2088  2024-04-05 62.96 63.49 62.56  63.02   -0.73       -1.15    779200
2089  2024-04-08 63.02 63.29 62.56  63.02    0.00        0.00    864100
2090  2024-04-09 63.09 63.35 62.56  62.62   -0.40       -0.63    686800
2091  2024-04-10 62.62 62.82 62.49  62.76    0.14        0.22    737400
2092  2024-04-11 62.42 62.82 62.09  62.42   -0.34       -0.54    778000
2093  2024-04-12 62.76 63.42 62.29  62.82    0.40        0.64    844800
2094  2024-04-15 62.82 64.08 61.10  61.10   -1.72       -2.74   1900300
2095  2024-04-16 62.29 62.29 60.10  60.43   -0.67       -1.10   1857700
2096  2024-04-17 60.56 61.16 59.44  60.10   -0.33       -0.55   1452600
2097  2024-04-19 59.77 60.37 59.57  60.10    0.00        0.00   1324800
2098  2024-04-22 60.10 60.70 59.90  60.17    0.07        0.12    999100
2099  2024-04-23 60.17 60.56 59.24  59.83   -0.34       -0.57   1562900
2100  2024-04-24 60.43 60.50 59.83  60.17    0.34        0.57   1925200
2101  2024-04-25 60.17 61.69 60.10  60.43    0.26        0.43   1235700
2102  2024-04-26 60.90 61.96 60.56  60.56    0.13        0.22   1698300
2103  2024-05-02 61.16 61.43 60.50  61.03    0.47        0.78    932400
2104  2024-05-03 61.36 62.03 60.96  61.43    0.40        0.66   1470700
2105  2024-05-06 61.69 61.96 61.56  61.76    0.33        0.54   1147200
2106  2024-05-07 62.03 62.49 61.69  61.69   -0.07       -0.11   1154200
2107  2024-05-08 61.56 61.89 61.16  61.76    0.07        0.11   1246000
2108  2024-05-09 61.69 62.03 61.29  61.43   -0.33       -0.53    606600
2109  2024-05-10 61.56 61.56 60.90  61.10   -0.33       -0.54    823400
2110  2024-05-13 61.16 61.36 60.10  60.43   -0.67       -1.10   1232600
2111  2024-05-14 60.50 60.83 60.10  60.17   -0.26       -0.43    818400
2112  2024-05-15 60.43 60.63 60.30  60.43    0.26        0.43    883100
2113  2024-05-16 61.10 61.56 60.76  61.49    1.06        1.75   1713900
2114  2024-05-17 61.49 61.49 60.90  60.96   -0.53       -0.86   1084700
2115  2024-05-20 61.29 61.76 60.96  61.03    0.07        0.11   1043800
2116  2024-05-21 61.03 61.10 60.23  60.50   -0.53       -0.87   1486400
2117  2024-05-22 60.76 60.90 60.23  60.23   -0.27       -0.45   1347700
2118  2024-05-23 60.23 60.76 60.10  60.43    0.20        0.33   1317500
2119  2024-05-24 60.43 60.43 59.77  59.90   -0.53       -0.88   2241500
2120  2024-05-27 60.03 60.17 59.57  59.90    0.00        0.00   1058500
2121  2024-05-28 59.63 60.23 59.63  60.23    0.33        0.55   1350100
2122  2024-05-29 60.30 60.43 59.63  59.63   -0.60       -1.00   1186300
2123  2024-05-30 59.44 59.57 58.77  58.84   -0.79       -1.32   2356000
2124  2024-05-31 58.90 59.10 57.91  57.91   -0.93       -1.58   3921500
2125  2024-06-03 58.44 59.30 58.44  58.57    0.66        1.14   2108600
2126  2024-06-04 59.04 59.24 58.64  58.90    0.33        0.56   1814600
2127  2024-06-05 58.90 59.44 58.84  58.97    0.07        0.12   1882800
2128  2024-06-06 59.04 59.57 58.97  59.10    0.13        0.22   1699700
2129  2024-06-07 59.17 59.57 58.77  58.77   -0.33       -0.56   1129500
2130  2024-06-10 59.04 59.24 58.37  58.44   -0.33       -0.56   2641600
2131  2024-06-11 58.64 58.70 57.84  57.91   -0.53       -0.91   2252400
2132  2024-06-12 58.04 59.24 57.78  58.90    0.99        1.71   2249800
2133  2024-06-13 59.04 59.17 58.70  58.70   -0.20       -0.34   1600400
2134  2024-06-14 58.77 59.17 58.11  58.11   -0.59       -1.01   2482100
2135  2024-06-17 58.17 58.31 57.84  57.84   -0.27       -0.46   2293700
2136  2024-06-18 58.11 58.77 57.84  57.84    0.00        0.00   1370900
2137  2024-06-19 57.97 58.11 57.44  57.51   -0.33       -0.57   2174300
2138  2024-06-20 57.51 57.51 56.85  57.11   -0.40       -0.70   2648800
2139  2024-06-21 57.18 57.58 56.78  57.11    0.00        0.00   1808400
2140  2024-06-24 57.11 58.04 56.78  56.78   -0.33       -0.58   2149800
2141  2024-06-25 56.91 57.58 56.78  56.78    0.00        0.00   1565900
2142  2024-06-26 57.04 57.31 56.58  56.58   -0.20       -0.35   1706900
2143  2024-06-27 56.58 57.11 56.58  56.58    0.00        0.00   1423000
2144  2024-06-28 57.11 57.11 56.45  56.58    0.00        0.00   1112400
2145  2024-07-01 56.98 57.24 56.58  57.18    0.60        1.06   1179200
2146  2024-07-02 57.58 58.97 57.24  58.57    1.39        2.43   2425200
2147  2024-07-03 58.44 58.90 58.31  58.77    0.20        0.34   2250700
2148  2024-07-04 58.84 59.57 58.44  58.44   -0.33       -0.56   3060300
2149  2024-07-05 58.51 59.24 58.44  58.44    0.00        0.00   1847400
2150  2024-07-08 58.44 58.90 57.91  57.91   -0.53       -0.91   1143800
2151  2024-07-09 58.11 58.70 57.58  58.51    0.60        1.04   1549000
2152  2024-07-10 58.64 59.24 58.44  58.84    0.33        0.56   1722900
2153  2024-07-11 58.84 59.04 58.51  58.51   -0.33       -0.56   1445100
2154  2024-07-12 58.57 58.84 58.17  58.17   -0.34       -0.58   1373400
2155  2024-07-15 58.17 58.64 58.11  58.11   -0.06       -0.10   1172000
2156  2024-07-16 58.17 58.84 58.17  58.37    0.26        0.45   1534100
2157  2024-07-17 58.97 59.77 58.11  58.44    0.07        0.12   3362500
2158  2024-07-18 58.64 58.97 58.37  58.44    0.00        0.00   1651700
2159  2024-07-19 58.44 58.97 58.11  58.11   -0.33       -0.56   1323100
2160  2024-07-22 58.11 58.64 57.97  58.24    0.13        0.22   1461100
2161  2024-07-23 58.31 58.64 58.11  58.11   -0.13       -0.22   1410400
2162  2024-07-24 58.04 58.51 58.04  58.11    0.00        0.00   1476700
2163  2024-07-25 58.17 58.24 57.91  57.97   -0.14       -0.24    881000
2164  2024-07-26 57.97 58.24 57.91  57.97    0.00        0.00    903300
2165  2024-07-29 58.17 58.31 57.97  57.97    0.00        0.00    452800
2166  2024-07-30 57.97 58.64 57.97  58.11    0.14        0.24    977800
2167  2024-07-31 58.11 59.24 58.11  59.24    1.13        1.94   1863400
2168  2024-08-01 59.30 60.70 59.24  60.23    0.99        1.67   4800600
2169  2024-08-02 60.03 60.03 58.90  58.90   -1.33       -2.21   1511400
2170  2024-08-05 58.77 58.77 57.71  57.71   -1.19       -2.02   3059700
2171  2024-08-06 57.71 58.24 57.58  57.97    0.26        0.45   1653100
2172  2024-08-07 58.04 58.24 57.78  58.24    0.27        0.47    713000
2173  2024-08-08 58.24 58.24 57.91  57.97   -0.27       -0.46    961200
2174  2024-08-09 58.04 58.64 58.04  58.24    0.27        0.47   1136700
2175  2024-08-12 58.70 58.70 57.97  58.31    0.07        0.12   1060300
2176  2024-08-13 58.17 59.44 58.17  59.44    1.13        1.94   1592900
2177  2024-08-14 59.30 59.37 58.31  58.44   -1.00       -1.68   1492800
2178  2024-08-15 58.44 58.97 58.17  58.17   -0.27       -0.46    921000
2179  2024-08-16 58.44 59.04 58.44  58.51    0.34        0.58   1370400
2180  2024-08-19 58.97 59.30 58.64  58.97    0.46        0.79   1655200
2181  2024-08-20 59.04 60.30 59.04  60.30    1.33        2.26   3384300
2182  2024-08-21 60.30 61.76 60.03  61.63    1.33        2.21   2745300
2183  2024-08-22 61.69 61.89 61.16  61.36   -0.27       -0.44   1413500
2184  2024-08-23 61.43 61.63 60.10  61.36    0.00        0.00   1075500
2185  2024-08-26 61.16 61.49 60.83  61.10   -0.26       -0.42   1565800
2186  2024-08-27 61.10 61.16 60.37  60.76   -0.34       -0.56    900600
2187  2024-08-28 60.90 61.03 60.50  60.50   -0.26       -0.43   1031600
2188  2024-08-29 60.43 61.36 60.43  60.76    0.26        0.43   1496300
2189  2024-08-30 60.76 61.29 60.76  60.90    0.14        0.23   1669800
2190  2024-09-04 60.50 60.50 59.97  60.43   -0.47       -0.77   1012700
2191  2024-09-05 60.17 60.50 59.83  59.83   -0.60       -0.99   1184100
2192  2024-09-06 59.90 60.30 59.63  59.90    0.07        0.12    784800
2193  2024-09-09 59.83 59.90 59.24  59.90    0.00        0.00    702800
2194  2024-09-10 59.83 59.90 59.10  59.10   -0.80       -1.34   1192200
2195  2024-09-11 58.84 59.10 58.44  58.70   -0.40       -0.68   1027300
2196  2024-09-12 58.77 59.83 58.70  59.44    0.74        1.26   1609600
2197  2024-09-13 59.63 59.90 59.17  59.70    0.26        0.44   1624800
2198  2024-09-16 59.50 59.77 58.97  59.04   -0.66       -1.11    727700
2199  2024-09-17 59.10 60.10 58.84  60.10    1.06        1.80    970800
2200  2024-09-18 60.17 61.03 59.57  60.43    0.33        0.55   1721200
2201  2024-09-19 60.43 60.90 60.37  60.76    0.33        0.55   1345500
2202  2024-09-20 60.96 61.10 60.17  60.17   -0.59       -0.97   2180400
2203  2024-09-23 60.63 60.83 60.37  60.37    0.20        0.33    696500
2204  2024-09-24 60.37 60.76 60.37  60.56    0.19        0.31    522400
2205  2024-09-25 60.76 61.76 60.56  61.63    1.07        1.77   2602400
2206  2024-09-26 61.69 62.29 61.43  61.43   -0.20       -0.32   1816800
2207  2024-09-27 61.43 62.16 61.43  61.43    0.00        0.00   1070900
2208  2024-09-30 61.43 61.43 61.10  61.10   -0.33       -0.54   1276900
2209  2024-10-01 61.29 62.03 61.10  61.10    0.00        0.00   1724400
2210  2024-10-02 61.29 61.56 60.96  61.56    0.46        0.75   1378900
2211  2024-10-03 61.49 62.36 61.36  61.49   -0.07       -0.11   1699200
2212  2024-10-04 61.43 61.63 61.29  61.29   -0.20       -0.33    859700
2213  2024-10-07 61.29 61.43 60.96  61.10   -0.19       -0.31    610700
2214  2024-10-08 61.10 61.10 60.43  60.76   -0.34       -0.56   1123100
2215  2024-10-09 60.63 60.96 60.37  60.43   -0.33       -0.54   2175700
2216  2024-10-10 61.29 61.76 60.56  61.03    0.60        0.99   1325200
2217  2024-10-11 61.03 61.03 60.56  60.76   -0.27       -0.44   1083500
2218  2024-10-14 61.23 61.23 60.63  60.70   -0.06       -0.10    930700
2219  2024-10-15 60.63 61.16 60.63  60.70    0.00        0.00   1430600
2220  2024-10-16 60.70 60.96 60.63  60.76    0.06        0.10   1293000
2221  2024-10-17 61.10 61.29 60.90  61.23    0.47        0.77   1285400
2222  2024-10-18 61.56 61.83 61.10  61.36    0.13        0.21   1162700
2223  2024-10-21 61.43 61.96 61.10  61.10   -0.26       -0.42   1423100
2224  2024-10-22 61.10 61.23 60.70  60.70   -0.40       -0.65   1259500
2225  2024-10-23 60.56 60.96 60.56  60.76    0.06        0.10    749300
2226  2024-10-24 61.23 61.29 60.70  60.90    0.14        0.23    755400
2227  2024-10-25 61.16 61.29 60.90  60.96    0.06        0.10    996300
2228  2024-10-28 60.76 61.29 60.76  61.10    0.14        0.23   1105800
2229  2024-10-29 61.16 61.49 61.10  61.10    0.00        0.00   1297600
2230  2024-10-30 61.10 61.36 60.83  60.90   -0.20       -0.33    626500
2231  2024-10-31 60.76 63.09 60.76  62.16    1.26        2.07   2888900
2232  2024-11-01 62.42 63.02 62.09  62.09   -0.07       -0.11   1729900
2233  2024-11-04 62.42 63.29 61.36  61.43   -0.66       -1.06   1853600
2234  2024-11-05 61.49 61.76 61.10  61.49    0.06        0.10   1082700
2235  2024-11-06 61.63 62.03 61.63  61.69    0.20        0.33   1416800
2236  2024-11-07 61.89 62.36 61.89  61.89    0.20        0.32   1418900
2237  2024-11-08 62.09 62.36 61.23  61.23   -0.66       -1.07   1380000
2238  2024-11-11 61.63 61.63 61.03  61.10   -0.13       -0.21   1873400
2239  2024-11-12 61.10 61.89 61.03  61.03   -0.07       -0.11   1336300
2240  2024-11-13 61.03 61.69 61.03  61.43    0.40        0.66   1331800
2241  2024-11-14 61.10 61.43 61.03  61.10   -0.33       -0.54   1719700
2242  2024-11-15 61.10 61.43 60.83  60.90   -0.20       -0.33   1508600
2243  2024-11-18 60.90 61.29 60.37  60.43   -0.47       -0.77   1874900
2244  2024-11-19 60.76 60.83 59.77  59.77   -0.66       -1.09   1577000
2245  2024-11-20 59.77 60.56 59.70  59.97    0.20        0.33   1640700
2246  2024-11-21 60.03 60.63 59.90  60.10    0.13        0.22   1461100
2247  2024-11-22 60.43 60.63 60.17  60.17    0.07        0.12   1729700
2248  2024-11-25 60.37 61.23 60.37  60.63    0.46        0.76   1814000
2249  2024-11-26 60.70 61.69 60.70  61.36    0.73        1.20   1759900
2250  2024-11-27 61.29 61.89 61.29  61.56    0.20        0.33   1047200
2251  2024-11-28 61.83 62.09 61.43  61.49   -0.07       -0.11   1289900
2252  2024-11-29 61.49 61.96 61.43  61.96    0.47        0.76   1010500
2253  2024-12-02 63.02 63.15 62.36  62.56    0.60        0.97   1573100
2254  2024-12-03 62.69 62.69 61.49  61.76   -0.80       -1.28   2445800
2255  2024-12-04 61.63 62.36 61.43  62.09    0.33        0.53   1204400
2256  2024-12-05 61.76 62.82 61.76  62.42    0.33        0.53   2333000
2257  2024-12-06 62.42 63.29 62.36  62.56    0.14        0.22   1700100
2258  2024-12-09 62.56 63.29 62.36  63.29    0.73        1.17   1957500
2259  2024-12-10 63.29 63.29 62.76  62.76   -0.53       -0.84    912700
2260  2024-12-11 62.76 62.96 61.89  61.96   -0.80       -1.27   1609700
2261  2024-12-12 62.09 62.69 62.09  62.09    0.13        0.21    671500
2262  2024-12-13 61.89 62.16 61.69  61.83   -0.26       -0.42   1227700
2263  2024-12-16 61.76 61.89 61.69  61.83    0.00        0.00   1121800
2264  2024-12-17 61.76 61.83 61.63  61.76   -0.07       -0.11   1048100
2265  2024-12-18 61.76 61.96 61.76  61.83    0.07        0.11    530300
2266  2024-12-19 61.63 61.63 61.23  61.36   -0.47       -0.76   1869700
2267  2024-12-20 61.36 61.69 61.29  61.43    0.07        0.11   1245900
2268  2024-12-23 61.49 61.63 61.36  61.36   -0.07       -0.11    707200
2269  2024-12-24 61.56 61.63 61.10  61.16   -0.20       -0.33   1024300
2270  2024-12-25 61.23 62.29 61.23  61.36    0.20        0.33   1827700
2271  2024-12-26 61.43 61.63 61.10  61.16   -0.20       -0.33   2202900
2272  2024-12-27 61.43 61.76 61.23  61.23    0.07        0.11   1639900
2273  2024-12-30 61.23 61.43 61.10  61.10   -0.13       -0.21   1706700
2274  2024-12-31 61.23 61.36 60.56  60.56   -0.54       -0.88   2374000
2275  2025-01-02 60.83 61.43 60.76  61.03    0.47        0.78   1630500
2276  2025-01-03 61.03 61.36 61.03  61.10    0.07        0.11   1402200
2277  2025-01-06 61.10 62.03 61.03  61.69    0.59        0.97   1936800
2278  2025-01-07 61.89 61.89 61.29  61.29   -0.40       -0.65   1252400
2279  2025-01-08 61.29 61.36 60.76  61.36    0.07        0.11   1052000
2280  2025-01-09 61.10 61.23 60.90  61.03   -0.33       -0.54    738300
2281  2025-01-10 61.03 61.36 60.70  60.70   -0.33       -0.54   1112500
2282  2025-01-13 60.63 61.03 60.50  61.03    0.33        0.54    937600
2283  2025-01-14 61.03 61.03 60.56  60.90   -0.13       -0.21    677300
2284  2025-01-15 61.03 61.03 60.70  60.70   -0.20       -0.33    445300
2285  2025-01-16 61.03 61.89 60.96  61.56    0.86        1.42   2460200
2286  2025-01-17 61.56 61.76 61.23  61.43   -0.13       -0.21   1122600
2287  2025-01-20 61.29 61.43 60.83  60.90   -0.53       -0.86   1761500
2288  2025-01-21 61.16 61.16 60.63  60.70   -0.20       -0.33   1264900
2289  2025-01-22 61.10 61.10 60.56  60.56   -0.14       -0.23    979100
2290  2025-01-23 60.63 61.69 60.63  61.43    0.87        1.44   1685100
2291  2025-01-24 61.16 61.76 61.16  61.49    0.06        0.10    944000
2292  2025-02-03 61.29 61.36 60.83  60.83   -0.66       -1.07   1435800
2293  2025-02-04 61.16 61.23 60.90  61.10    0.27        0.44    855200
2294  2025-02-05 61.10 61.63 61.10  61.49    0.39        0.64   1345800
2295  2025-02-06 61.63 62.03 61.56  61.69    0.20        0.33   1351600
2296  2025-02-07 61.69 61.89 61.43  61.76    0.07        0.11   2260900
2297  2025-02-10 61.69 61.69 61.03  61.23   -0.53       -0.86   2298100
2298  2025-02-11 61.23 61.29 60.90  61.03   -0.20       -0.33   1039400
2299  2025-02-12 61.03 61.43 60.76  60.76   -0.27       -0.44   1054100
2300  2025-02-13 61.03 61.03 60.70  60.83    0.07        0.12    862300
2301  2025-02-14 61.23 61.23 60.76  60.83    0.00        0.00    947800
2302  2025-02-17 60.76 61.10 60.76  60.83    0.00        0.00    787100
2303  2025-02-18 60.83 61.10 60.70  60.83    0.00        0.00   1065500
2304  2025-02-19 60.83 60.90 60.63  60.90    0.07        0.12   1509500
2305  2025-02-20 61.23 61.29 60.90  60.90    0.00        0.00   1636600
2306  2025-02-21 61.16 61.83 61.16  61.83    0.93        1.53   2513400
2307  2025-02-24 61.96 62.09 61.56  62.09    0.26        0.42   1956000
2308  2025-02-25 62.09 62.16 61.43  61.49   -0.60       -0.97   1926600
2309  2025-02-26 61.49 61.69 61.23  61.29   -0.20       -0.33    769200
2310  2025-02-27 63.02 63.35 62.42  62.42    1.13        1.84   5028800
2311  2025-02-28 62.56 62.56 61.96  61.96   -0.46       -0.74   2070800
2312  2025-03-03 62.09 62.09 61.76  61.96    0.00        0.00   1251000
2313  2025-03-04 61.89 62.03 61.56  61.76   -0.20       -0.32   2498900
2314  2025-03-05 61.76 62.29 61.76  61.76    0.00        0.00   1820200
2315  2025-03-06 62.09 62.56 61.89  62.09    0.33        0.53   2357600
2316  2025-03-07 62.16 63.29 62.09  63.15    1.06        1.71   3999500
2317  2025-03-10 64.02 64.68 63.82  64.28    1.13        1.79   4428800
2318  2025-03-11 63.75 64.28 63.49  64.28    0.00        0.00   3640200
2319  2025-03-12 65.57 68.16 65.18  66.27    1.99        3.10   7560300
2320  2025-03-13 66.77 66.77 64.78  65.08   -1.19       -1.80   4496300
2321  2025-03-14 64.98 66.37 64.98  65.57    0.49        0.75   4920600
2322  2025-03-17 65.57 66.87 65.57  66.87    1.30        1.98   4940800
2323  2025-03-18 67.36 67.36 66.37  66.37   -0.50       -0.75   3656000
2324  2025-03-19 66.77 66.77 66.07  66.07   -0.30       -0.45   3674000
2325  2025-03-20 66.07 66.57 65.77  66.37    0.30        0.45   1688900
2326  2025-03-21 66.57 66.57 65.57  65.57   -0.80       -1.21   1701500
2327  2025-03-24 65.87 66.07 65.08  66.07    0.50        0.76   1977600
2328  2025-03-25 66.07 66.17 65.77  65.77   -0.30       -0.45   2028100
2329  2025-03-26 65.97 66.17 65.38  65.38   -0.39       -0.59   1507400
2330  2025-03-27 65.38 65.48 65.08  65.08   -0.30       -0.46    901500
2331  2025-03-28 65.08 65.28 64.38  64.38   -0.70       -1.08   1650600
2332  2025-03-31 64.28 64.78 63.59  63.59   -0.79       -1.23   1771900
2333  2025-04-01 64.28 64.88 63.59  64.08    0.49        0.77   1715200
2334  2025-04-02 64.58 65.57 64.18  64.38    0.30        0.47   2330700
2335  2025-04-03 63.59 63.99 59.91  59.91   -4.47       -6.94   9806100
2336  2025-04-04 56.33 59.61 55.84  59.61   -0.30       -0.50  11887700
2337  2025-04-08 59.41 59.41 55.44  55.44   -4.17       -7.00   7181200
2338  2025-04-09 51.67 59.32 51.67  52.16   -3.28       -5.92   8995800
2339  2025-04-10 55.74 55.74 55.74  55.74    3.58        6.86    174400
2340  2025-04-11 59.41 59.51 57.63  59.41    3.67        6.58   8059500
2341  2025-04-14 59.61 59.61 58.32  58.92   -0.49       -0.82   3619500
2342  2025-04-15 58.72 60.51 57.92  59.61    0.69        1.17   5633100
2343  2025-04-16 59.32 59.91 58.62  58.92   -0.69       -1.16   2625800
2344  2025-04-17 58.92 58.92 57.73  57.73   -1.19       -2.02   3151800
2345  2025-04-18 58.32 59.22 57.73  57.73    0.00        0.00   2165400
2346  2025-04-21 58.12 58.52 57.73  57.83    0.10        0.17   1290500
2347  2025-04-22 57.73 58.42 54.35  58.12    0.29        0.50   3850700
2348  2025-04-23 59.02 59.02 57.63  57.63   -0.49       -0.84   1928700
2349  2025-04-24 57.83 58.22 57.63  57.83    0.20        0.35   1861200
2350  2025-04-25 57.83 58.62 57.13  57.13   -0.70       -1.21   3682000
2351  2025-04-28 57.33 57.92 57.13  57.13    0.00        0.00   1654600
2352  2025-04-29 57.33 58.12 56.93  56.93   -0.20       -0.35   2432200
2353  2025-05-05 57.13 57.63 56.63  56.73   -0.20       -0.35   2101500
2354  2025-05-06 56.93 57.63 56.63  56.63   -0.10       -0.18   2992900
2355  2025-05-07 56.73 57.13 56.63  56.63    0.00        0.00   2415400
2356  2025-05-08 57.03 57.33 56.53  56.73    0.10        0.18   3022300
2357  2025-05-09 56.93 57.23 56.24  56.24   -0.49       -0.86   5827400
2358  2025-05-12 56.63 56.93 55.84  56.24    0.00        0.00   5992500
2359  2025-05-13 56.73 56.93 56.24  56.43    0.19        0.34   7392600
2360  2025-05-14 56.83 58.42 56.83  58.32    1.89        3.35   8014200
2361  2025-05-15 58.92 59.41 58.32  58.32    0.00        0.00   8070600
2362  2025-05-16 58.42 58.62 57.13  57.13   -1.19       -2.04   8364800
2363  2025-05-19 57.03 57.23 56.63  56.63   -0.50       -0.88   4784400
2364  2025-05-20 56.63 57.03 56.43  56.73    0.10        0.18   3867000
2365  2025-05-21 57.13 57.53 56.63  56.73    0.00        0.00   5161800
2366  2025-05-22 56.73 57.03 56.53  56.53   -0.20       -0.35   3694300
2367  2025-05-23 56.53 57.13 56.33  56.43   -0.10       -0.18   3546500
2368  2025-05-26 56.53 56.63 55.64  56.63    0.20        0.35   4728300
2369  2025-05-27 56.43 56.83 56.33  56.43   -0.20       -0.35   5548900
2370  2025-05-28 56.73 57.23 56.43  56.43    0.00        0.00   4950200
2371  2025-05-29 56.83 56.83 56.33  56.33   -0.10       -0.18   3904500
2372  2025-05-30 56.43 56.53 56.04  56.04   -0.29       -0.51   3934000
2373  2025-06-02 56.14 56.14 55.74  55.84   -0.20       -0.36   3225700
2374  2025-06-03 56.33 56.53 56.04  56.43    0.59        1.06   3364000
2375  2025-06-04 56.53 56.63 56.14  56.24   -0.19       -0.34   2690500
2376  2025-06-05 56.33 56.43 55.94  55.94   -0.30       -0.53   2783100
2377  2025-06-06 55.94 56.24 55.74  55.74   -0.20       -0.36   2531900
2378  2025-06-09 55.84 56.04 55.54  55.54   -0.20       -0.36   2223900
2379  2025-06-10 55.64 55.84 55.54  55.54    0.00        0.00   2231400
2380  2025-06-11 55.84 55.84 55.34  55.34   -0.20       -0.36   2295800
2381  2025-06-12 55.64 55.74 55.34  55.64    0.30        0.54   2560800
2382  2025-06-13 55.54 56.73 55.24  55.84    0.20        0.36   5364900
2383  2025-06-16 55.84 56.33 55.84  56.24    0.40        0.72   4336600
2384  2025-06-17 56.53 57.13 56.43  56.83    0.59        1.05   5159800
2385  2025-06-18 56.83 56.93 56.14  56.33   -0.50       -0.88   3421100
2386  2025-06-19 56.33 56.63 56.14  56.24   -0.09       -0.16   2368700
2387  2025-06-20 56.33 56.83 56.14  56.73    0.49        0.87   6886500
2388  2025-06-23 56.33 56.53 56.14  56.24   -0.49       -0.86   2480600
2389  2025-06-24 56.53 56.73 56.24  56.24    0.00        0.00   3507600
2390  2025-06-25 56.43 56.53 56.24  56.24    0.00        0.00   2739800
2391  2025-06-26 56.33 56.43 56.04  56.04   -0.20       -0.36   2842900
2392  2025-06-27 56.24 56.93 56.04  56.33    0.29        0.52   4082600
2393  2025-06-30 56.63 56.83 56.53  56.63    0.30        0.53   2952200
2394  2025-07-01 56.83 58.42 56.73  57.83    1.20        2.12  10049500
2395  2025-07-02 57.92 58.22 57.33  57.63   -0.20       -0.35   2913600
2396  2025-07-03 57.73 58.42 57.33  57.53   -0.10       -0.17   7395300
2397  2025-07-04 57.53 58.42 57.43  58.02    0.49        0.85   4849800
2398  2025-07-07 58.12 58.52 57.83  58.22    0.20        0.34   8056200
2399  2025-07-08 58.42 59.12 58.22  58.62    0.40        0.69  10394500
2400  2025-07-09 59.02 61.40 59.02  61.10    2.48        4.23  16449700
2401  2025-07-10 61.40 61.40 60.61  61.00   -0.10       -0.16   8152900
2402  2025-07-11 61.10 62.69 61.10  62.30    1.30        2.13  12701900
2403  2025-07-14 62.49 62.49 60.61  62.00   -0.30       -0.48   6475000
2404  2025-07-15 62.00 62.20 61.00  61.00   -1.00       -1.61   6315400
2405  2025-07-16 61.00 61.70 60.71  61.40    0.40        0.66   7603200
2406  2025-07-17 61.40 62.30 61.40  61.80    0.40        0.65   9992700
2407  2025-07-18 61.90 62.20 61.40  61.50   -0.30       -0.49   6915300
2408  2025-07-21 61.80 62.30 60.91  60.91   -0.59       -0.96   6138200
2409  2025-07-22 60.91 61.80 60.51  61.80    0.89        1.46   4902600
2410  2025-07-23 62.10 62.20 61.40  61.70   -0.10       -0.16   5087300
2411  2025-07-24 61.80 63.09 61.50  61.70    0.00        0.00   8710200
2412  2025-07-25 61.70 62.10 61.50  61.60   -0.10       -0.16   4978400
2413  2025-07-28 61.80 62.59 61.70  62.40    0.80        1.30  10484700
2414  2025-07-29 62.79 62.79 60.61  60.61   -1.79       -2.87  10595600
2415  2025-07-30 60.61 61.50 60.01  60.51   -0.10       -0.16   7271000
2416  2025-07-31 61.10 61.30 59.71  59.81   -0.70       -1.16   6066900
2417  2025-08-01 59.91 60.21 59.32  59.81    0.00        0.00   4751600
2418  2025-08-04 59.71 61.00 59.61  60.71    0.90        1.50   4462400
2419  2025-08-05 61.10 63.29 60.81  61.10    0.39        0.64  18590000
2420  2025-08-06 61.70 62.40 61.50  61.90    0.80        1.31   4677500
2421  2025-08-07 62.49 62.49 60.91  61.30   -0.60       -0.97   9498700
2422  2025-08-08 61.80 62.89 61.20  61.50    0.20        0.33  10679800
2423  2025-08-11 61.70 62.79 61.70  62.10    0.60        0.98   7266300
2424  2025-08-12 62.40 64.38 62.30  62.59    0.49        0.79  12129000
2425  2025-08-13 63.09 63.19 61.60  62.10   -0.49       -0.78   7519800
2426  2025-08-14 63.29 65.87 62.89  64.78    2.68        4.32  19003100
2427  2025-08-15 66.97 67.07 63.79  63.89   -0.89       -1.37  16667800
2428  2025-08-18 64.38 65.18 63.59  64.08    0.19        0.30   8297300
2429  2025-08-19 64.08 64.98 63.79  63.79   -0.29       -0.45   9191400
2430  2025-08-20 64.08 64.18 61.80  62.59   -1.20       -1.88  10537600
2431  2025-08-21 62.89 64.58 62.89  63.79    1.20        1.92   9639300
2432  2025-08-22 63.59 66.77 63.29  64.18    0.39        0.61  18944300
2433  2025-08-25 65.38 65.38 62.99  63.19   -0.99       -1.54   7750800
2434  2025-08-26 63.19 64.58 62.49  64.18    0.99        1.57   7988400
2435  2025-08-27 64.58 68.65 64.58  68.65    4.47        6.96  31048100
2436  2025-08-28 69.05 70.15 68.26  68.56   -0.09       -0.13   8799400
2437  2025-08-29 68.75 69.65 68.06  68.16   -0.40       -0.58  14696100
2438  2025-09-03 68.36 68.36 66.57  66.57   -1.59       -2.33  14216900
2439  2025-09-04 67.07 68.56 66.47  68.46    1.89        2.84   8942100
2440  2025-09-05 69.05 69.15 67.07  67.07   -1.39       -2.03  11047800
2441  2025-09-08 66.67 67.07 64.88  64.88   -2.19       -3.27  11249800
2442  2025-09-09 65.08 65.77 64.08  64.48   -0.40       -0.62   6192300
2443  2025-09-10 65.18 65.57 64.38  65.38    0.90        1.40   5006400
2444  2025-09-11 65.18 65.57 63.79  65.28   -0.10       -0.15   6349100
2445  2025-09-12 65.77 65.77 64.58  65.38    0.10        0.15   5694200
2446  2025-09-15 65.57 65.57 65.08  65.38    0.00        0.00   5367400
2447  2025-09-16 65.57 66.17 65.18  65.18   -0.20       -0.31   6765400
2448  2025-09-17 65.08 65.38 64.38  64.38   -0.80       -1.23   5627200
2449  2025-09-18 64.48 64.48 63.19  63.49   -0.89       -1.38   8783400
2450  2025-09-19 63.79 64.08 62.59  62.59   -0.90       -1.42   6932700
2451  2025-09-22 62.59 62.79 61.40  61.60   -0.99       -1.58   6061300
2452  2025-09-23 62.00 62.69 61.80  61.80    0.20        0.32   3267800
2453  2025-09-24 62.00 62.30 61.40  62.30    0.50        0.81   3879200
2454  2025-09-25 62.89 62.99 62.30  62.59    0.29        0.47   3870300
2455  2025-09-26 62.79 62.99 62.49  62.59    0.00        0.00   3981900
2456  2025-09-29 62.49 62.49 62.00  62.20   -0.39       -0.62   2782900
2457  2025-09-30 62.40 62.49 61.40  61.60   -0.60       -0.96   4104100
2458  2025-10-01 62.30 62.30 61.60  62.00    0.40        0.65   3022000
2459  2025-10-02 62.00 62.69 61.70  61.70   -0.30       -0.48   3657500
2460  2025-10-03 62.00 62.00 61.40  61.70    0.00        0.00   2821100
2461  2025-10-06 62.80 64.00 62.80  64.00    2.30        3.73   7461700
2462  2025-10-07 64.10 64.10 63.30  63.70   -0.30       -0.47   4229300
2463  2025-10-08 64.20 64.90 63.60  64.60    0.90        1.41   8113800
2464  2025-10-09 64.50 65.20 63.80  63.80   -0.80       -1.24   5734200
2465  2025-10-10 63.90 64.40 63.60  64.20    0.40        0.63   4985600
2466  2025-10-13 63.40 63.80 62.80  63.10   -1.10       -1.71   7992500
2467  2025-10-14 63.50 64.00 62.90  63.10    0.00        0.00   7008900
2468  2025-10-15 63.10 63.40 62.50  62.50   -0.60       -0.95   5218800
2469  2025-10-16 62.70 63.00 62.50  62.90    0.40        0.64   4634400
2470  2025-10-17 62.90 62.90 61.80  61.90   -1.00       -1.59   5405900
2471  2025-10-20 61.80 62.20 58.60  59.40   -2.50       -4.04  12115600
2472  2025-10-21 59.70 60.70 59.30  59.30   -0.10       -0.17   8416700
2473  2025-10-22 60.10 60.20 58.50  59.60    0.30        0.51   4664800
2474  2025-10-23 58.90 60.30 58.90  59.80    0.20        0.34   4227100
2475  2025-10-24 59.80 59.90 58.80  59.50   -0.30       -0.50   4372700
2476  2025-10-27 60.00 60.00 59.20  59.20   -0.30       -0.50   2640000
2477  2025-10-28 59.20 60.20 59.10  60.00    0.80        1.35   2789700
2478  2025-10-29 60.00 61.00 59.80  60.70    0.70        1.17   3716000
2479  2025-10-30 61.00 61.20 60.30  60.60   -0.10       -0.16   1946600
2480  2025-10-31 60.80 60.80 59.60  59.60   -1.00       -1.65   2117800
2481  2025-11-03 60.00 60.30 59.30  59.30   -0.30       -0.50   2800100
2482  2025-11-04 59.20 60.40 59.10  60.10    0.80        1.35   2952400
2483  2025-11-05 60.00 61.10 59.90  60.80    0.70        1.16   4601700
2484  2025-11-06 60.90 61.30 60.20  60.30   -0.50       -0.82   2821200
2485  2025-11-07 60.00 60.00 59.00  59.30   -1.00       -1.66   3586300
2486  2025-11-10 59.40 59.70 58.80  58.80   -0.50       -0.84   2316500
2487  2025-11-11 59.10 59.60 58.80  58.90    0.10        0.17   2540900
2488  2025-11-12 59.10 59.70 59.00  59.50    0.60        1.02   2012700
2489  2025-11-13 59.50 60.00 59.20  59.80    0.30        0.50   2113500
2490  2025-11-14 59.80 60.40 59.40  60.00    0.20        0.33   2069600
2491  2025-11-17 60.00 60.40 59.90  60.20    0.20        0.33   1585600
2492  2025-11-18 60.40 60.40 59.80  59.90   -0.30       -0.50   2158800
2493  2025-11-19 59.90 60.10 59.30  59.40   -0.50       -0.83   2896200
2494  2025-11-20 59.60 59.70 59.20  59.40    0.00        0.00   2259400
2495  2025-11-21 59.10 59.20 58.70  59.00   -0.40       -0.67   3452400
2496  2025-11-24 59.00 59.30 58.70  58.80   -0.20       -0.34   2025600
2497  2025-11-25 58.90 59.00 58.20  58.20   -0.60       -1.02   2755000
2498  2025-11-26 58.50 58.60 57.80  58.10   -0.10       -0.17   5371200
2499  2025-11-27 58.20 58.50 57.90  57.90   -0.20       -0.34   3113500
2500  2025-11-28 58.00 58.10 57.40  57.40   -0.50       -0.86   3534300
2501  2025-12-01 57.60 58.00 57.50  57.50    0.10        0.17   2824900
2502  2025-12-02 57.50 57.80 57.20  57.60    0.10        0.17   3185600
2503  2025-12-03 57.80 59.10 57.80  58.90    1.30        2.26   6161200
2504  2025-12-04 59.00 59.40 58.70  58.90    0.00        0.00   2923100
2505  2025-12-05 59.00 59.20 58.20  58.30   -0.60       -1.02   3604700
2506  2025-12-08 58.20 58.30 57.80  57.90   -0.40       -0.69   2141500
2507  2025-12-09 57.90 58.70 57.30  58.00    0.10        0.17   4519400
2508  2025-12-10 58.30 58.60 57.80  58.20    0.20        0.34   3082500
2509  2025-12-11 58.40 58.40 57.60  57.60   -0.60       -1.03   1746700
2510  2025-12-12 57.80 57.80 56.80  56.80   -0.80       -1.39   4847700
2511  2025-12-15 56.80 57.30 56.70  56.80    0.00        0.00   3203100
2512  2025-12-16 56.90 57.40 56.00  56.90    0.10        0.18   6346800
2513  2025-12-17 57.00 57.50 56.70  56.70   -0.20       -0.35   2331200
2514  2025-12-18 57.20 57.50 56.70  56.80    0.10        0.18   3075800
2515  2025-12-19 57.00 57.50 56.70  57.50    0.70        1.23   4265500
2516  2025-12-22 57.70 58.00 57.30  57.80    0.30        0.52   2961200
2517  2025-12-23 57.80 58.10 57.00  57.20   -0.60       -1.04   3147900
2518  2025-12-24 57.30 57.30 56.90  57.00   -0.20       -0.35   4431500
2519  2025-12-25 57.00 57.90 57.00  57.10    0.10        0.18   3968100
2520  2025-12-26 57.10 57.40 56.60  57.10    0.00        0.00   3302500
2521  2025-12-29 57.40 57.50 57.10  57.10    0.00        0.00   2099700
2522  2025-12-30 57.30 58.10 57.20  57.30    0.20        0.35   2958000
2523  2025-12-31 57.40 57.90 57.30  57.50    0.20        0.35   2530800
2524  2026-01-05 57.50 57.60 57.00  57.10   -0.40       -0.70   3591800
2525  2026-01-06 57.10 57.50 56.60  57.30    0.20        0.35   4173200
2526  2026-01-07 57.60 59.90 57.50  59.60    2.30        4.01  12918300
2527  2026-01-08 59.80 63.70 59.70  63.70    4.10        6.88  27104600
2528  2026-01-09 65.40 68.00 65.40  68.00    4.30        6.75  32481400
2529  2026-01-12 69.90 72.70 69.60  72.70    4.70        6.91  21973100
2530  2026-01-13 74.30 76.00 71.80  74.00    1.30        1.79  28198200
2531  2026-01-14 73.10 78.80 73.10  76.00    2.00        2.70  21213600
2532  2026-01-15 74.00 74.90 71.90  71.90   -4.10       -5.39  23227200
2533  2026-01-16 73.00 76.00 72.00  73.00    1.10        1.53  13426500
2534  2026-01-19 73.00 73.50 71.60  72.70   -0.30       -0.41   8212000
2535  2026-01-20 74.00 75.00 72.10  73.50    0.80        1.10  18491600
2536  2026-01-21 72.80 73.60 71.70  72.80   -0.70       -0.95  11179000
2537  2026-01-22 73.40 75.90 70.60  71.00   -1.80       -2.47  18577500
2538  2026-01-23 71.00 71.00 68.50  68.60   -2.40       -3.38  16804700
2539  2026-01-26 68.90 71.10 68.70  69.60    1.00        1.46  10990600
2540  2026-01-27 69.70 71.50 68.10  70.60    1.00        1.44   9645200
2541  2026-01-28 71.10 72.90 69.40  69.60   -1.00       -1.42  12283200
2542  2026-01-29 69.30 70.80 68.60  69.80    0.20        0.29   7855400
2543  2026-01-30 70.60 71.90 69.60  70.50    0.70        1.00  11480700
2544  2026-02-02 70.50 71.50 69.30  71.50    1.00        1.42  10711000
2545  2026-02-03 72.40 73.30 71.30  71.80    0.30        0.42  15094700
2546  2026-02-04 72.00 72.00 70.50  70.80   -1.00       -1.39   8726700
2547  2026-02-05 70.70 70.80 68.40  68.40   -2.40       -3.39  11688700
2548  2026-02-06 67.90 67.90 64.90  65.10   -3.30       -4.82  24570400
2549  2026-02-09 65.50 66.00 64.20  65.00   -0.10       -0.15   7308900
2550  2026-02-10 64.50 65.50 62.60  63.10   -1.90       -2.92  15811100
2551  2026-02-11 64.00 66.60 63.50  64.70    1.60        2.54  11121200
2552  2026-02-12 65.50 65.50 64.20  64.20   -0.50       -0.77   7950400
2553  2026-02-13 64.70 65.10 64.00  64.40    0.20        0.31   4951400
2554  2026-02-23 65.00 66.70 64.60  66.40    2.00        3.11  10104200
2555  2026-02-24 66.60 66.60 64.90  65.00   -1.40       -2.11  10246500
2556  2026-02-25 65.00 66.50 64.70  65.10    0.10        0.15   9488800
2557  2026-02-26 65.20 65.90 65.00  65.40    0.30        0.46   7561900
2558  2026-02-27 65.50 66.40 64.80  64.90   -0.50       -0.76   8831200
2559  2026-03-02 62.90 63.90 62.90  62.90   -2.00       -3.08  17105000
2560  2026-03-03 62.90 63.70 61.40  61.60   -1.30       -2.07  12575400
2561  2026-03-04 61.80 63.20 61.70  63.00    1.40        2.27  10259500
2562  2026-03-05 63.70 63.70 62.50  62.50   -0.50       -0.79   6037000
2563  2026-03-06 62.00 63.20 61.60  61.60   -0.90       -1.44   8854200
2564  2026-03-09 57.40 59.70 57.30  57.30   -4.30       -6.98  29396000
2565  2026-03-10 59.80 60.90 58.80  60.40    3.10        5.41  11524700
2566  2026-03-11 60.50 61.20 60.00  60.40    0.00        0.00   8789200
2567  2026-03-12 60.20 60.30 59.50  59.80   -0.60       -0.99   6217000
2568  2026-03-13 59.20 60.10 58.90  59.00   -0.80       -1.34   5656900
2569  2026-03-16 59.30 59.80 58.60  58.80   -0.20       -0.34   3985900
2570  2026-03-17 59.50 60.50 59.40  60.50    1.70        2.89   7148800
2571  2026-03-18 60.90 62.00 60.00  60.50    0.00        0.00   8225000
2572  2026-03-19 59.70 60.00 59.00  59.80   -0.70       -1.16   6184000
2573  2026-03-20 59.80 59.80 58.00  58.00   -1.80       -3.01   8322900
2574  2026-03-23 57.80 58.30 56.50  57.60   -0.40       -0.69   9648600
2575  2026-03-24 59.00 59.00 58.00  58.20    0.60        1.04   4332300
2576  2026-03-25 58.80 59.10 58.00  58.40    0.20        0.34   8558200
2577  2026-03-26 58.50 58.60 57.50  57.90   -0.50       -0.86   6217800
2578  2026-03-27 58.00 59.00 57.90  58.80    0.90        1.55   6135900
2579  2026-03-30 57.90 58.50 57.80  58.00   -0.80       -1.36   5546000
2580  2026-03-31 58.20 58.90 58.00  58.10    0.10        0.17   5481100
2581  2026-04-01 58.90 59.20 58.50  59.00    0.90        1.55   8254700
2582  2026-04-02 58.70 58.80 58.10  58.20   -0.80       -1.36   5664500
2583  2026-04-03 58.30 58.50 57.70  57.70   -0.50       -0.86   5919600
2584  2026-04-06 57.80 58.20 57.70  58.00    0.30        0.52   4303300
2585  2026-04-07 58.00 58.30 57.70  58.00    0.00        0.00   3889100
2586  2026-04-08 59.20 60.30 58.80  60.20    2.20        3.79  13743100
2587  2026-04-09 60.00 60.10 59.30  59.40   -0.80       -1.33   6217700
2588  2026-04-10 59.60 61.00 59.60  59.80    0.40        0.67   7655400
2589  2026-04-13 59.50 59.50 59.00  59.20   -0.60       -1.00   5088700
2590  2026-04-14 59.70 59.80 59.10  59.30    0.10        0.17   5548100
2591  2026-04-15 59.70 60.50 59.60  59.90    0.60        1.01   8919600
2592  2026-04-16 60.00 60.10 59.30  59.40   -0.50       -0.83   4174500
2593  2026-04-17 59.40 59.90 59.40  59.50    0.10        0.17   4257800
2594  2026-04-20 59.60 60.50 59.50  60.10    0.60        1.01   6442900
2595  2026-04-21 60.40 60.60 59.60  59.60   -0.50       -0.83   6379000
2596  2026-04-22 59.60 59.80 59.20  59.40   -0.20       -0.34   3011000
2597  2026-04-23 59.70 63.50 59.60  62.80    3.40        5.72  35200000
2598  2026-04-24 63.00 63.00 60.60  60.60   -2.20       -3.50  11882500
2599  2026-04-28 60.80 61.50 59.80  59.80   -0.80       -1.32   7596400
2600  2026-04-29 59.90 60.50 59.50  59.80    0.00        0.00   6431000
2601  2026-05-04 60.50 61.20 60.00  60.70    0.90        1.51   7506200
2602  2026-05-05 60.60 60.70 59.70  59.90   -0.80       -1.32   6407700
2603  2026-05-06 60.20 60.50 59.70  60.50    0.60        1.00   5807400
2604  2026-05-07 60.90 61.10 60.30  60.30   -0.20       -0.33   6055700
2605  2026-05-08 60.50 61.70 60.30  60.70    0.40        0.66   9970000
2606  2026-05-11 61.00 61.10 60.20  60.30   -0.40       -0.66   5510000
2607  2026-05-12 60.30 60.50 59.50  59.90   -0.40       -0.66   6549200
2608  2026-05-13 59.70 61.30 59.20  60.10    0.20        0.33   8868000
2609  2026-05-14 60.50 61.50 60.00  61.00    0.90        1.50   5612100
2610  2026-05-15 61.30 61.70 60.70  60.70   -0.30       -0.49   8271800
2611  2026-05-18 60.70 63.50 60.30  63.20    2.50        4.12  18877600
2612  2026-05-19 63.40 65.00 62.60  64.40    1.20        1.90  24224800
2613  2026-05-20 63.70 64.70 61.80  64.60    0.20        0.31  14381600
2614  2026-05-21 64.60 66.20 63.80  64.90    0.30        0.46  20114300
2615  2026-05-22 64.90 64.90 63.30  63.50   -1.40       -2.16   8118400
2616  2026-05-25 63.20 64.00 62.10  63.70    0.20        0.31   5410300
2617  2026-05-26 63.30 64.40 63.30  64.40    0.70        1.10   5623900
2618  2026-05-27 64.40 64.50 63.80  64.20   -0.20       -0.31   4185600
2619  2026-05-28 64.20 64.20 62.80  62.80   -1.40       -2.18   4972400
2620  2026-05-29 63.00 63.00 61.80  62.00   -0.80       -1.27   5820000
2621  2026-06-01 62.30 62.80 61.70  62.20    0.20        0.32   2924300
2622  2026-06-02 62.30 62.70 61.60  61.60   -0.60       -0.96   5063900
2623  2026-06-03 61.70 62.50 61.40  61.90    0.30        0.49   4431300
2624  2026-06-04 61.80 62.50 61.70  62.20    0.30        0.48   3910600
2625  2026-06-05 62.40 62.50 61.60  61.70   -0.50       -0.80   4011200

==================================================
      HOÀN THÀNH PHÂN TÍCH          
==================================================
