
  ╭──────────────────────────────────────────────────────────╮
  │  ⚠️  VNSTOCK DEPRECATION NOTICE (31/08/2025)             │
  │                                                          │
  │  Lớp Vnstock và các phương thức cũ (stock, fx, crypto,   │
  │  world_index, fund...) đã chính thức bị ngừng hỗ trợ.    │
  │                                                          │
  │  Để hệ thống ổn định và nhận được cập nhật mới nhất,     │
  │  vui lòng chuyển sang dùng bộ thư viện `vnstock.api`.    │
  │                                                          │
  │  👉 Xem hướng dẫn Migration: /vnstock-migration          │
  ╰──────────────────────────────────────────────────────────╯

Mẫu code chuyển đổi (Migration Example):
--------------------------------------
Cũ (Old):  stock = Vnstock().stock('ACB')
Mới (New): from vnstock.api.quote import Quote
          q = Quote(symbol='ACB', source='VCI')

==================================================
      VNSTOCK 4.x OPTIMIZED ANALYZER
      Danh sách: GOLD
      Khung: 4H, Số lượng: 1000
==================================================

==================================================
      PHÂN TÍCH MÃ: GOLD (Gold / USD (TradingView)) 
      Khung thời gian: 4H
==================================================

--- [ LỊCH SỬ GIÁ GOLD  ] ---
                    time symbol     open     high      low    close  change  pct_change     volume
0    2025-10-25 00:00:00   GOLD 4,129.53 4,134.39 4,096.62 4,114.12  -15.37       -0.37  92,964.00
1    2025-10-27 04:00:00   GOLD 4,085.70 4,109.00 4,058.20 4,081.27  -32.86       -0.80  78,802.00
2    2025-10-27 08:00:00   GOLD 4,081.30 4,097.87 4,053.71 4,068.84  -12.43       -0.30 120,956.00
3    2025-10-27 12:00:00   GOLD 4,068.86 4,085.17 4,024.34 4,043.58  -25.26       -0.62 138,972.00
4    2025-10-27 16:00:00   GOLD 4,043.55 4,050.41 4,015.29 4,046.06    2.48        0.06 168,050.00
5    2025-10-27 20:00:00   GOLD 4,046.11 4,050.61 3,971.45 3,999.44  -46.62       -1.15 306,476.00
6    2025-10-28 00:00:00   GOLD 3,999.47 4,010.30 3,979.34 3,981.99  -17.45       -0.44 188,259.00
7    2025-10-28 04:00:00   GOLD 3,990.01 4,009.70 3,972.93 4,006.67   24.68        0.62  59,129.00
8    2025-10-28 08:00:00   GOLD 4,006.65 4,019.80 3,963.62 3,973.70  -32.97       -0.82 120,580.00
9    2025-10-28 12:00:00   GOLD 3,973.94 3,980.10 3,896.46 3,897.28  -76.42       -1.92 148,190.00
10   2025-10-28 16:00:00   GOLD 3,897.28 3,931.53 3,886.47 3,912.82   15.54        0.40 177,351.00
11   2025-10-28 20:00:00   GOLD 3,912.95 3,969.61 3,912.26 3,958.73   45.91        1.17 229,854.00
12   2025-10-29 00:00:00   GOLD 3,958.74 3,970.47 3,945.15 3,953.00   -5.73       -0.14 105,566.00
13   2025-10-29 04:00:00   GOLD 3,955.95 3,982.49 3,907.93 3,975.32   22.32        0.56  60,445.00
14   2025-10-29 08:00:00   GOLD 3,975.28 3,979.90 3,943.82 3,952.09  -23.24       -0.58 125,528.00
15   2025-10-29 12:00:00   GOLD 3,952.23 4,018.59 3,950.79 4,017.01   64.93        1.64 122,831.00
16   2025-10-29 16:00:00   GOLD 4,016.98 4,030.34 4,013.50 4,025.55    8.54        0.21 171,166.00
17   2025-10-29 20:00:00   GOLD 4,025.56 4,025.79 3,989.52 3,992.86  -32.69       -0.81 229,970.00
18   2025-10-30 00:00:00   GOLD 3,992.80 4,007.88 3,927.86 3,930.61  -62.25       -1.56 258,818.00
19   2025-10-30 04:00:00   GOLD 3,921.61 3,964.36 3,916.59 3,950.48   19.87        0.51  57,040.00
20   2025-10-30 08:00:00   GOLD 3,950.49 3,982.66 3,915.52 3,972.47   21.99        0.56 138,345.00
21   2025-10-30 12:00:00   GOLD 3,972.51 3,978.24 3,947.03 3,976.59    4.12        0.10 136,103.00
22   2025-10-30 16:00:00   GOLD 3,976.56 4,011.70 3,961.22 3,961.48  -15.11       -0.38 165,385.00
23   2025-10-30 20:00:00   GOLD 3,961.44 4,015.10 3,960.32 4,001.55   40.07        1.01 248,217.00
24   2025-10-31 00:00:00   GOLD 4,001.55 4,027.24 3,994.49 4,024.53   22.97        0.57 125,707.00
25   2025-10-31 04:00:00   GOLD 4,021.47 4,046.59 4,016.46 4,025.01    0.49        0.01  51,640.00
26   2025-10-31 08:00:00   GOLD 4,025.04 4,039.58 3,989.07 4,005.90  -19.11       -0.47 135,585.00
27   2025-10-31 12:00:00   GOLD 4,005.45 4,026.82 3,994.11 4,010.57    4.67        0.12 152,798.00
28   2025-10-31 16:00:00   GOLD 4,010.46 4,036.43 3,998.88 4,023.06   12.49        0.31 139,312.00
29   2025-10-31 20:00:00   GOLD 4,023.05 4,035.72 3,972.28 3,980.72  -42.34       -1.05 274,776.00
30   2025-11-01 00:00:00   GOLD 3,980.74 4,010.08 3,980.57 4,002.81   22.09        0.55 102,748.00
31   2025-11-03 05:00:00   GOLD 3,995.47 4,002.07 3,962.28 3,996.09   -6.72       -0.17  70,121.00
32   2025-11-03 09:00:00   GOLD 3,996.05 4,018.33 3,990.45 4,013.93   17.84        0.45  73,799.00
33   2025-11-03 13:00:00   GOLD 4,013.93 4,028.13 3,993.10 4,000.63  -13.30       -0.33 130,651.00
34   2025-11-03 17:00:00   GOLD 4,000.68 4,020.76 3,994.34 4,016.16   15.53        0.39 140,039.00
35   2025-11-03 21:00:00   GOLD 4,015.96 4,030.82 3,995.22 4,006.23   -9.93       -0.25 219,405.00
36   2025-11-04 01:00:00   GOLD 4,006.30 4,015.06 3,995.45 4,001.61   -4.62       -0.12  81,030.00
37   2025-11-04 05:00:00   GOLD 4,005.11 4,005.27 3,978.68 3,987.55  -14.06       -0.35  77,273.00
38   2025-11-04 09:00:00   GOLD 3,987.52 3,999.47 3,972.80 3,973.36  -14.19       -0.36  79,615.00
39   2025-11-04 13:00:00   GOLD 3,973.36 4,000.86 3,966.61 3,991.27   17.91        0.45  88,574.00
40   2025-11-04 17:00:00   GOLD 3,991.24 4,000.09 3,971.86 3,975.82  -15.45       -0.39 141,739.00
41   2025-11-04 21:00:00   GOLD 3,975.80 3,977.88 3,928.68 3,955.08  -20.74       -0.52 178,497.00
42   2025-11-05 01:00:00   GOLD 3,954.82 3,956.93 3,930.56 3,932.10  -22.98       -0.58  83,580.00
43   2025-11-05 05:00:00   GOLD 3,937.93 3,949.56 3,929.35 3,937.12    5.03        0.13  58,895.00
44   2025-11-05 09:00:00   GOLD 3,937.06 3,978.78 3,935.72 3,965.05   27.93        0.71  69,364.00
45   2025-11-05 13:00:00   GOLD 3,965.07 3,987.34 3,962.04 3,971.95    6.90        0.17  64,794.00
46   2025-11-05 17:00:00   GOLD 3,971.89 3,979.48 3,956.10 3,975.91    3.95        0.10  65,624.00
47   2025-11-05 21:00:00   GOLD 3,975.93 3,990.57 3,964.27 3,982.12    6.21        0.16 139,998.00
48   2025-11-06 01:00:00   GOLD 3,982.14 3,990.18 3,977.99 3,980.11   -2.01       -0.05  50,190.00
49   2025-11-06 05:00:00   GOLD 3,968.78 3,977.80 3,964.45 3,976.76   -3.35       -0.08  36,605.00
50   2025-11-06 09:00:00   GOLD 3,976.78 3,990.87 3,974.38 3,987.64   10.88        0.27  33,665.00
51   2025-11-06 13:00:00   GOLD 3,987.66 4,017.06 3,982.36 4,011.01   23.37        0.59  87,890.00
52   2025-11-06 17:00:00   GOLD 4,011.00 4,019.64 4,002.95 4,012.33    1.32        0.03 111,533.00
53   2025-11-06 21:00:00   GOLD 4,012.32 4,014.09 3,965.71 3,986.34  -25.99       -0.65 239,938.00
54   2025-11-07 01:00:00   GOLD 3,986.35 3,995.36 3,976.88 3,977.14   -9.20       -0.23 124,130.00
55   2025-11-07 05:00:00   GOLD 3,979.47 4,002.85 3,978.43 4,001.84   24.70        0.62  43,685.00
56   2025-11-07 09:00:00   GOLD 4,001.82 4,003.41 3,985.61 3,994.95   -6.89       -0.17  43,910.00
57   2025-11-07 13:00:00   GOLD 3,994.96 4,014.29 3,992.25 4,006.76   11.81        0.30  64,624.00
58   2025-11-07 17:00:00   GOLD 4,006.81 4,011.93 3,991.69 3,997.86   -8.91       -0.22  92,429.00
59   2025-11-07 21:00:00   GOLD 3,997.89 4,027.59 3,984.01 4,005.60    7.74        0.19 181,655.00
60   2025-11-08 01:00:00   GOLD 4,005.59 4,009.32 3,994.64 4,001.28   -4.32       -0.11 101,458.00
61   2025-11-10 05:00:00   GOLD 4,005.68 4,053.47 4,004.36 4,044.07   42.80        1.07  69,705.00
62   2025-11-10 09:00:00   GOLD 4,043.99 4,070.07 4,037.74 4,069.56   25.49        0.63  66,060.00
63   2025-11-10 13:00:00   GOLD 4,069.63 4,086.38 4,066.90 4,076.70    7.14        0.18  89,234.00
64   2025-11-10 17:00:00   GOLD 4,076.69 4,106.00 4,075.86 4,091.64   14.94        0.37 104,759.00
65   2025-11-10 21:00:00   GOLD 4,091.64 4,102.85 4,074.49 4,102.72   11.08        0.27 156,244.00
66   2025-11-11 01:00:00   GOLD 4,102.73 4,116.69 4,101.77 4,115.41   12.69        0.31  99,177.00
67   2025-11-11 05:00:00   GOLD 4,116.84 4,141.36 4,116.07 4,136.35   20.94        0.51  47,892.00
68   2025-11-11 09:00:00   GOLD 4,136.33 4,149.10 4,124.90 4,131.13   -5.22       -0.13  66,096.00
69   2025-11-11 13:00:00   GOLD 4,131.08 4,146.03 4,124.98 4,141.89   10.76        0.26  71,726.00
70   2025-11-11 17:00:00   GOLD 4,141.97 4,146.89 4,133.34 4,142.65    0.76        0.02  60,523.00
71   2025-11-11 21:00:00   GOLD 4,142.71 4,143.30 4,097.24 4,114.53  -28.11       -0.68 135,735.00
72   2025-11-12 01:00:00   GOLD 4,114.64 4,131.97 4,106.64 4,126.51   11.97        0.29  38,537.00
73   2025-11-12 05:00:00   GOLD 4,130.90 4,145.61 4,126.31 4,131.50    4.99        0.12  66,691.00
74   2025-11-12 09:00:00   GOLD 4,131.45 4,135.49 4,098.91 4,104.73  -26.77       -0.65  88,193.00
75   2025-11-12 13:00:00   GOLD 4,104.69 4,133.85 4,103.27 4,124.74   20.01        0.49  89,726.00
76   2025-11-12 17:00:00   GOLD 4,124.78 4,139.51 4,117.94 4,127.28    2.55        0.06  87,223.00
77   2025-11-12 21:00:00   GOLD 4,127.34 4,206.52 4,125.05 4,199.53   72.25        1.75 249,949.00
78   2025-11-13 01:00:00   GOLD 4,199.57 4,211.80 4,190.48 4,195.21   -4.32       -0.10 166,621.00
79   2025-11-13 05:00:00   GOLD 4,202.64 4,209.31 4,179.73 4,192.43   -2.78       -0.07  79,840.00
80   2025-11-13 09:00:00   GOLD 4,192.40 4,219.52 4,183.51 4,212.02   19.59        0.47 132,433.00
81   2025-11-13 13:00:00   GOLD 4,211.94 4,239.66 4,203.27 4,233.22   21.19        0.50 105,456.00
82   2025-11-13 17:00:00   GOLD 4,233.20 4,245.19 4,219.35 4,231.74   -1.47       -0.03 155,003.00
83   2025-11-13 21:00:00   GOLD 4,231.83 4,232.43 4,184.51 4,202.05  -29.69       -0.70 282,310.00
84   2025-11-14 01:00:00   GOLD 4,202.06 4,203.46 4,145.19 4,171.74  -30.31       -0.72 188,040.00
85   2025-11-14 05:00:00   GOLD 4,177.28 4,193.82 4,173.72 4,190.02   18.28        0.44  76,150.00
86   2025-11-14 09:00:00   GOLD 4,190.03 4,211.44 4,183.98 4,189.90   -0.12       -0.00 117,753.00
87   2025-11-14 13:00:00   GOLD 4,189.86 4,193.53 4,158.99 4,169.44  -20.46       -0.49 130,961.00
88   2025-11-14 17:00:00   GOLD 4,169.41 4,171.14 4,041.37 4,055.97 -113.46       -2.72 184,857.00
89   2025-11-14 21:00:00   GOLD 4,055.84 4,111.19 4,032.23 4,099.92   43.95        1.08 191,928.00
90   2025-11-15 01:00:00   GOLD 4,099.93 4,103.75 4,075.61 4,085.82  -14.10       -0.34  76,753.00
91   2025-11-17 05:00:00   GOLD 4,078.28 4,106.70 4,077.96 4,091.32    5.50        0.13  90,749.00
92   2025-11-17 09:00:00   GOLD 4,091.32 4,093.91 4,049.76 4,058.48  -32.84       -0.80  87,194.00
93   2025-11-17 13:00:00   GOLD 4,058.51 4,095.93 4,054.90 4,082.28   23.80        0.59  76,009.00
94   2025-11-17 17:00:00   GOLD 4,082.28 4,092.29 4,060.65 4,065.48  -16.80       -0.41  80,179.00
95   2025-11-17 21:00:00   GOLD 4,065.51 4,082.01 4,052.38 4,073.34    7.86        0.19 170,486.00
96   2025-11-18 01:00:00   GOLD 4,073.35 4,076.33 4,007.05 4,045.86  -27.48       -0.67 140,358.00
97   2025-11-18 05:00:00   GOLD 4,050.79 4,054.76 4,022.43 4,025.15  -20.71       -0.51  68,940.00
98   2025-11-18 09:00:00   GOLD 4,025.14 4,035.89 4,004.72 4,019.01   -6.14       -0.15  94,187.00
99   2025-11-18 13:00:00   GOLD 4,019.07 4,047.34 3,997.99 4,040.36   21.36        0.53 108,356.00
100  2025-11-18 17:00:00   GOLD 4,040.35 4,070.41 4,029.33 4,065.30   24.94        0.62 119,255.00
101  2025-11-18 21:00:00   GOLD 4,065.30 4,081.91 4,040.55 4,071.67    6.37        0.16 182,042.00
102  2025-11-19 01:00:00   GOLD 4,071.60 4,082.58 4,063.22 4,067.43   -4.24       -0.10  70,657.00
103  2025-11-19 05:00:00   GOLD 4,067.64 4,078.66 4,056.39 4,059.09   -8.34       -0.20  49,800.00
104  2025-11-19 09:00:00   GOLD 4,059.11 4,097.56 4,055.53 4,095.63   36.54        0.90  74,734.00
105  2025-11-19 13:00:00   GOLD 4,095.66 4,116.40 4,078.35 4,113.32   17.69        0.43  68,696.00
106  2025-11-19 17:00:00   GOLD 4,113.35 4,120.02 4,100.85 4,110.77   -2.56       -0.06  90,872.00
107  2025-11-19 21:00:00   GOLD 4,110.84 4,132.98 4,055.47 4,078.84  -31.93       -0.78 227,562.00
108  2025-11-20 01:00:00   GOLD 4,078.95 4,091.40 4,065.76 4,077.85   -0.99       -0.02 119,625.00
109  2025-11-20 05:00:00   GOLD 4,088.26 4,110.37 4,081.20 4,081.61    3.76        0.09  62,881.00
110  2025-11-20 09:00:00   GOLD 4,081.59 4,085.70 4,038.90 4,066.79  -14.82       -0.36 102,131.00
111  2025-11-20 13:00:00   GOLD 4,066.66 4,077.95 4,038.93 4,064.22   -2.57       -0.06  95,955.00
112  2025-11-20 17:00:00   GOLD 4,064.24 4,096.55 4,051.16 4,080.24   16.02        0.39 165,392.00
113  2025-11-20 21:00:00   GOLD 4,080.22 4,107.35 4,043.58 4,066.22  -14.02       -0.34 330,131.00
114  2025-11-21 01:00:00   GOLD 4,066.22 4,087.45 4,056.22 4,077.53   11.31        0.28 188,122.00
115  2025-11-21 05:00:00   GOLD 4,073.08 4,088.72 4,060.50 4,068.68   -8.86       -0.22  63,664.00
116  2025-11-21 09:00:00   GOLD 4,068.70 4,080.11 4,039.75 4,058.69   -9.99       -0.25 111,582.00
117  2025-11-21 13:00:00   GOLD 4,058.70 4,065.09 4,022.26 4,050.61   -8.08       -0.20 167,101.00
118  2025-11-21 17:00:00   GOLD 4,050.53 4,081.39 4,031.10 4,079.74   29.13        0.72 228,466.00
119  2025-11-21 21:00:00   GOLD 4,079.68 4,101.07 4,055.16 4,085.64    5.90        0.14 272,393.00
120  2025-11-22 01:00:00   GOLD 4,085.65 4,092.18 4,054.74 4,065.01  -20.63       -0.51 145,336.00
121  2025-11-24 05:00:00   GOLD 4,067.61 4,077.80 4,042.76 4,044.24  -20.78       -0.51  64,417.00
122  2025-11-24 09:00:00   GOLD 4,044.12 4,061.43 4,040.02 4,046.55    2.31        0.06  71,325.00
123  2025-11-24 13:00:00   GOLD 4,046.52 4,074.41 4,045.67 4,072.05   25.50        0.63  81,970.00
124  2025-11-24 17:00:00   GOLD 4,072.02 4,086.02 4,063.28 4,077.95    5.90        0.14 119,230.00
125  2025-11-24 21:00:00   GOLD 4,077.90 4,100.47 4,068.45 4,093.02   15.07        0.37 199,468.00
126  2025-11-25 01:00:00   GOLD 4,093.03 4,139.89 4,088.09 4,133.98   40.96        1.00 119,663.00
127  2025-11-25 05:00:00   GOLD 4,135.48 4,144.59 4,122.55 4,134.94    0.96        0.02  74,089.00
128  2025-11-25 09:00:00   GOLD 4,134.90 4,155.90 4,132.93 4,151.09   16.15        0.39  98,350.00
129  2025-11-25 13:00:00   GOLD 4,150.95 4,152.21 4,109.71 4,128.46  -22.63       -0.55 121,261.00
130  2025-11-25 17:00:00   GOLD 4,128.45 4,150.91 4,115.51 4,147.77   19.31        0.47 124,938.00
131  2025-11-25 21:00:00   GOLD 4,147.78 4,159.38 4,110.81 4,146.22   -1.56       -0.04 246,747.00
132  2025-11-26 01:00:00   GOLD 4,146.23 4,151.09 4,127.62 4,130.55  -15.66       -0.38 146,379.00
133  2025-11-26 05:00:00   GOLD 4,134.49 4,152.98 4,129.99 4,148.55   17.99        0.44  44,796.00
134  2025-11-26 09:00:00   GOLD 4,148.52 4,169.58 4,147.47 4,162.46   13.91        0.34  98,559.00
135  2025-11-26 13:00:00   GOLD 4,162.41 4,168.63 4,146.68 4,162.86    0.40        0.01 102,799.00
136  2025-11-26 17:00:00   GOLD 4,162.88 4,173.50 4,148.57 4,153.50   -9.36       -0.22 149,643.00
137  2025-11-26 21:00:00   GOLD 4,153.51 4,169.94 4,136.66 4,167.27   13.77        0.33 179,614.00
138  2025-11-27 01:00:00   GOLD 4,167.29 4,171.90 4,158.10 4,163.57   -3.70       -0.09  80,771.00
139  2025-11-27 05:00:00   GOLD 4,165.26 4,168.75 4,148.76 4,154.45   -9.12       -0.22  42,584.00
140  2025-11-27 09:00:00   GOLD 4,154.48 4,156.43 4,142.73 4,146.99   -7.46       -0.18  64,271.00
141  2025-11-27 13:00:00   GOLD 4,147.02 4,167.26 4,146.89 4,158.60   11.61        0.28  84,626.00
142  2025-11-27 17:00:00   GOLD 4,158.64 4,162.60 4,149.09 4,155.08   -3.52       -0.08  78,940.00
143  2025-11-27 21:00:00   GOLD 4,155.07 4,161.93 4,151.51 4,157.98    2.90        0.07  48,888.00
144  2025-11-28 01:00:00   GOLD 4,157.98 4,160.46 4,155.34 4,158.80    0.82        0.02   6,922.00
145  2025-11-28 05:00:00   GOLD 4,159.35 4,193.26 4,159.32 4,191.30   32.49        0.78  48,215.00
146  2025-11-28 09:00:00   GOLD 4,191.28 4,192.70 4,170.68 4,181.97   -9.32       -0.22  32,678.00
147  2025-11-28 13:00:00   GOLD 4,181.65 4,192.46 4,153.74 4,167.55  -14.43       -0.34  14,849.00
148  2025-11-28 17:00:00   GOLD 4,167.80 4,182.98 4,159.32 4,182.70   15.15        0.36  25,609.00
149  2025-11-28 21:00:00   GOLD 4,182.78 4,217.10 4,182.66 4,216.97   34.27        0.82 164,434.00
150  2025-11-29 01:00:00   GOLD 4,217.04 4,226.91 4,210.96 4,215.82   -1.15       -0.03  58,981.00
151  2025-12-01 05:00:00   GOLD 4,226.31 4,256.45 4,205.78 4,255.56   39.74        0.94 110,081.00
152  2025-12-01 09:00:00   GOLD 4,255.55 4,256.60 4,215.60 4,229.68  -25.89       -0.61 184,424.00
153  2025-12-01 13:00:00   GOLD 4,229.75 4,253.72 4,226.27 4,250.12   20.45        0.48 182,400.00
154  2025-12-01 17:00:00   GOLD 4,250.14 4,264.70 4,244.23 4,247.40   -2.73       -0.06 178,558.00
155  2025-12-01 21:00:00   GOLD 4,247.45 4,249.36 4,219.49 4,232.28  -15.11       -0.36 254,021.00
156  2025-12-02 01:00:00   GOLD 4,232.35 4,244.81 4,229.31 4,232.29    0.01        0.00 115,923.00
157  2025-12-02 05:00:00   GOLD 4,231.77 4,236.15 4,192.91 4,219.56  -12.73       -0.30  70,317.00
158  2025-12-02 09:00:00   GOLD 4,219.56 4,226.41 4,213.80 4,225.01    5.44        0.13  74,724.00
159  2025-12-02 13:00:00   GOLD 4,225.03 4,226.35 4,181.14 4,192.12  -32.89       -0.78  87,221.00
160  2025-12-02 17:00:00   GOLD 4,192.09 4,215.33 4,182.31 4,212.56   20.44        0.49 101,316.00
161  2025-12-02 21:00:00   GOLD 4,212.49 4,230.69 4,163.81 4,193.89  -18.68       -0.44 204,431.00
162  2025-12-03 01:00:00   GOLD 4,193.86 4,212.49 4,183.23 4,205.66   11.78        0.28  69,622.00
163  2025-12-03 05:00:00   GOLD 4,202.48 4,221.19 4,202.38 4,214.44    8.77        0.21  75,013.00
164  2025-12-03 09:00:00   GOLD 4,214.44 4,229.06 4,203.40 4,207.70   -6.73       -0.16  90,394.00
165  2025-12-03 13:00:00   GOLD 4,207.73 4,211.99 4,197.22 4,202.20   -5.50       -0.13  90,740.00
166  2025-12-03 17:00:00   GOLD 4,202.22 4,238.59 4,194.65 4,237.39   35.19        0.84 116,383.00
167  2025-12-03 21:00:00   GOLD 4,237.49 4,241.56 4,195.85 4,211.07  -26.32       -0.62 241,964.00
168  2025-12-04 01:00:00   GOLD 4,211.20 4,212.82 4,195.19 4,203.11   -7.96       -0.19 101,100.00
169  2025-12-04 05:00:00   GOLD 4,206.47 4,217.08 4,202.90 4,209.24    6.12        0.15  64,480.00
170  2025-12-04 09:00:00   GOLD 4,209.31 4,209.31 4,174.81 4,181.10  -28.14       -0.67  98,536.00
171  2025-12-04 13:00:00   GOLD 4,181.15 4,202.28 4,178.82 4,199.95   18.85        0.45 128,933.00
172  2025-12-04 17:00:00   GOLD 4,199.94 4,206.63 4,185.45 4,198.43   -1.52       -0.04 108,231.00
173  2025-12-04 21:00:00   GOLD 4,198.39 4,219.62 4,191.55 4,216.72   18.28        0.44 213,006.00
174  2025-12-05 01:00:00   GOLD 4,216.68 4,217.68 4,199.55 4,208.77   -7.95       -0.19  81,577.00
175  2025-12-05 05:00:00   GOLD 4,209.41 4,210.69 4,194.81 4,203.14   -5.62       -0.13  47,830.00
176  2025-12-05 09:00:00   GOLD 4,203.17 4,221.48 4,196.77 4,220.65   17.51        0.42  88,918.00
177  2025-12-05 13:00:00   GOLD 4,220.64 4,230.90 4,215.94 4,223.43    2.78        0.07  76,105.00
178  2025-12-05 17:00:00   GOLD 4,223.41 4,239.03 4,220.15 4,234.62   11.19        0.26  68,320.00
179  2025-12-05 21:00:00   GOLD 4,234.54 4,259.34 4,198.55 4,217.56  -17.06       -0.40 206,652.00
180  2025-12-06 01:00:00   GOLD 4,217.54 4,219.35 4,192.06 4,198.69  -18.88       -0.45  91,176.00
181  2025-12-08 05:00:00   GOLD 4,198.69 4,211.86 4,197.54 4,201.25    2.56        0.06  53,897.00
182  2025-12-08 09:00:00   GOLD 4,201.19 4,217.36 4,198.72 4,217.30   16.05        0.38  91,562.00
183  2025-12-08 13:00:00   GOLD 4,217.30 4,219.18 4,203.18 4,207.85   -9.45       -0.22  88,578.00
184  2025-12-08 17:00:00   GOLD 4,207.85 4,215.59 4,197.90 4,201.90   -5.95       -0.14 107,049.00
185  2025-12-08 21:00:00   GOLD 4,201.90 4,211.85 4,176.20 4,195.05   -6.85       -0.16 212,160.00
186  2025-12-09 01:00:00   GOLD 4,195.01 4,195.74 4,184.44 4,190.66   -4.39       -0.10  75,966.00
187  2025-12-09 05:00:00   GOLD 4,191.48 4,197.41 4,188.89 4,196.38    5.72        0.14  50,291.00
188  2025-12-09 09:00:00   GOLD 4,196.31 4,198.90 4,178.03 4,179.66  -16.71       -0.40  95,714.00
189  2025-12-09 13:00:00   GOLD 4,179.70 4,213.05 4,169.98 4,203.03   23.37        0.56 160,602.00
190  2025-12-09 17:00:00   GOLD 4,203.07 4,208.57 4,195.73 4,201.52   -1.52       -0.04 148,353.00
191  2025-12-09 21:00:00   GOLD 4,201.54 4,221.62 4,189.51 4,203.14    1.62        0.04 242,175.00
192  2025-12-10 01:00:00   GOLD 4,203.23 4,216.03 4,201.26 4,207.91    4.77        0.11  92,821.00
193  2025-12-10 05:00:00   GOLD 4,209.44 4,218.15 4,206.93 4,213.75    5.84        0.14  59,133.00
194  2025-12-10 09:00:00   GOLD 4,213.73 4,218.86 4,201.70 4,211.57   -2.18       -0.05 114,178.00
195  2025-12-10 13:00:00   GOLD 4,211.52 4,211.85 4,192.65 4,194.39  -17.18       -0.41  87,319.00
196  2025-12-10 17:00:00   GOLD 4,194.34 4,205.23 4,187.80 4,200.74    6.35        0.15 122,810.00
197  2025-12-10 21:00:00   GOLD 4,200.70 4,207.10 4,188.97 4,199.73   -1.01       -0.02 205,597.00
198  2025-12-11 01:00:00   GOLD 4,199.77 4,238.78 4,182.08 4,228.77   29.04        0.69 187,953.00
199  2025-12-11 05:00:00   GOLD 4,228.24 4,247.81 4,224.26 4,238.39    9.62        0.23  67,011.00
200  2025-12-11 09:00:00   GOLD 4,238.36 4,240.91 4,206.07 4,207.35  -31.04       -0.73 104,483.00
201  2025-12-11 13:00:00   GOLD 4,207.35 4,221.61 4,204.27 4,218.49   11.14        0.26  81,139.00
202  2025-12-11 17:00:00   GOLD 4,218.51 4,226.08 4,205.35 4,221.02    2.52        0.06  86,178.00
203  2025-12-11 21:00:00   GOLD 4,221.03 4,281.81 4,217.94 4,278.71   57.69        1.37 212,223.00
204  2025-12-12 01:00:00   GOLD 4,278.60 4,285.89 4,262.83 4,279.34    0.62        0.01 111,962.00
205  2025-12-12 05:00:00   GOLD 4,282.93 4,283.01 4,264.52 4,270.94   -8.40       -0.20  70,705.00
206  2025-12-12 09:00:00   GOLD 4,270.95 4,280.69 4,266.05 4,278.94    8.00        0.19 101,907.00
207  2025-12-12 13:00:00   GOLD 4,278.94 4,320.43 4,276.66 4,318.31   39.38        0.92 118,805.00
208  2025-12-12 17:00:00   GOLD 4,318.30 4,346.32 4,314.69 4,341.15   22.84        0.53 182,146.00
209  2025-12-12 21:00:00   GOLD 4,341.15 4,353.56 4,257.27 4,294.26  -46.90       -1.08 352,460.00
210  2025-12-13 01:00:00   GOLD 4,294.30 4,304.22 4,288.74 4,299.38    5.12        0.12  99,542.00
211  2025-12-15 05:00:00   GOLD 4,302.98 4,325.93 4,300.41 4,322.53   23.15        0.54  55,399.00
212  2025-12-15 09:00:00   GOLD 4,322.39 4,344.46 4,319.32 4,343.61   21.09        0.49  98,149.00
213  2025-12-15 13:00:00   GOLD 4,343.78 4,350.28 4,333.55 4,342.56   -1.05       -0.02 113,872.00
214  2025-12-15 17:00:00   GOLD 4,342.56 4,348.52 4,330.74 4,332.06  -10.50       -0.24 108,141.00
215  2025-12-15 21:00:00   GOLD 4,332.07 4,336.84 4,285.52 4,304.43  -27.64       -0.64 288,263.00
216  2025-12-16 01:00:00   GOLD 4,304.53 4,317.81 4,299.73 4,304.91    0.48        0.01 104,269.00
217  2025-12-16 05:00:00   GOLD 4,307.67 4,318.03 4,299.35 4,308.79    3.88        0.09  66,648.00
218  2025-12-16 09:00:00   GOLD 4,308.68 4,312.30 4,271.57 4,284.19  -24.60       -0.57 117,339.00
219  2025-12-16 13:00:00   GOLD 4,284.22 4,292.35 4,275.27 4,280.49   -3.69       -0.09  95,905.00
220  2025-12-16 17:00:00   GOLD 4,280.55 4,313.27 4,273.89 4,313.02   32.52        0.76 105,483.00
221  2025-12-16 21:00:00   GOLD 4,313.04 4,335.19 4,291.41 4,303.73   -9.29       -0.22 235,010.00
222  2025-12-17 01:00:00   GOLD 4,303.83 4,315.92 4,296.81 4,302.23   -1.50       -0.03  95,766.00
223  2025-12-17 05:00:00   GOLD 4,303.60 4,326.78 4,302.40 4,326.64   24.41        0.57  51,312.00
224  2025-12-17 09:00:00   GOLD 4,326.69 4,342.58 4,311.15 4,333.90    7.26        0.17  96,857.00
225  2025-12-17 13:00:00   GOLD 4,333.88 4,337.64 4,308.44 4,317.02  -16.88       -0.39  98,250.00
226  2025-12-17 17:00:00   GOLD 4,316.90 4,344.26 4,306.52 4,342.15   25.13        0.58 101,163.00
227  2025-12-17 21:00:00   GOLD 4,342.12 4,349.28 4,320.32 4,342.58    0.43        0.01 272,891.00
228  2025-12-18 01:00:00   GOLD 4,342.59 4,346.61 4,328.82 4,337.83   -4.75       -0.11  97,931.00
229  2025-12-18 05:00:00   GOLD 4,338.89 4,343.10 4,324.02 4,331.74   -6.09       -0.14  65,706.00
230  2025-12-18 09:00:00   GOLD 4,331.78 4,337.98 4,328.69 4,333.32    1.57        0.04 125,638.00
231  2025-12-18 13:00:00   GOLD 4,333.27 4,337.78 4,320.65 4,323.64   -9.68       -0.22 129,121.00
232  2025-12-18 17:00:00   GOLD 4,323.61 4,343.19 4,314.68 4,336.65   13.01        0.30 139,403.00
233  2025-12-18 21:00:00   GOLD 4,336.64 4,374.65 4,308.67 4,333.56   -3.09       -0.07 327,293.00
234  2025-12-19 01:00:00   GOLD 4,333.57 4,341.45 4,322.76 4,332.59   -0.97       -0.02 142,467.00
235  2025-12-19 05:00:00   GOLD 4,335.85 4,337.07 4,309.10 4,323.32   -9.27       -0.21  40,487.00
236  2025-12-19 09:00:00   GOLD 4,323.36 4,328.97 4,312.68 4,325.97    2.65        0.06  88,690.00
237  2025-12-19 13:00:00   GOLD 4,326.02 4,333.67 4,321.09 4,329.59    3.61        0.08 106,965.00
238  2025-12-19 17:00:00   GOLD 4,329.56 4,335.70 4,320.77 4,328.36   -1.22       -0.03 122,345.00
239  2025-12-19 21:00:00   GOLD 4,328.32 4,355.99 4,319.83 4,353.56   25.19        0.58 244,017.00
240  2025-12-20 01:00:00   GOLD 4,353.49 4,356.62 4,336.56 4,338.77  -14.79       -0.34  77,079.00
241  2025-12-22 05:00:00   GOLD 4,340.90 4,384.96 4,339.90 4,382.97   44.20        1.02  51,853.00
242  2025-12-22 09:00:00   GOLD 4,382.99 4,409.76 4,378.69 4,400.21   17.24        0.39  78,583.00
243  2025-12-22 13:00:00   GOLD 4,400.23 4,420.52 4,398.96 4,411.20   10.99        0.25  82,209.00
244  2025-12-22 17:00:00   GOLD 4,411.19 4,427.42 4,406.06 4,423.86   12.66        0.29 162,359.00
245  2025-12-22 21:00:00   GOLD 4,423.90 4,442.27 4,411.94 4,438.51   14.65        0.33 208,681.00
246  2025-12-23 01:00:00   GOLD 4,438.61 4,449.39 4,429.01 4,443.74    5.23        0.12  80,595.00
247  2025-12-23 05:00:00   GOLD 4,449.18 4,490.69 4,449.05 4,486.68   42.94        0.97  58,946.00
248  2025-12-23 09:00:00   GOLD 4,486.66 4,497.69 4,474.92 4,475.34  -11.34       -0.25 148,409.00
249  2025-12-23 13:00:00   GOLD 4,475.24 4,493.49 4,469.50 4,480.50    5.16        0.12 201,863.00
250  2025-12-23 17:00:00   GOLD 4,480.55 4,497.64 4,473.51 4,479.36   -1.14       -0.03 205,624.00
251  2025-12-23 21:00:00   GOLD 4,479.43 4,480.13 4,430.52 4,472.97   -6.39       -0.14 255,680.00
252  2025-12-24 01:00:00   GOLD 4,473.08 4,499.82 4,472.74 4,484.55   11.59        0.26 103,788.00
253  2025-12-24 05:00:00   GOLD 4,488.59 4,526.15 4,488.00 4,518.84   34.29        0.76 107,974.00
254  2025-12-24 09:00:00   GOLD 4,518.81 4,519.52 4,466.54 4,488.65  -30.19       -0.67 192,668.00
255  2025-12-24 13:00:00   GOLD 4,488.65 4,498.02 4,478.20 4,494.90    6.25        0.14 182,176.00
256  2025-12-24 17:00:00   GOLD 4,494.89 4,500.03 4,474.72 4,488.29   -6.61       -0.15 180,680.00
257  2025-12-24 21:00:00   GOLD 4,488.14 4,489.78 4,448.26 4,480.74   -7.55       -0.17 336,836.00
258  2025-12-25 01:00:00   GOLD 4,480.77 4,482.50 4,477.40 4,479.41   -1.33       -0.03  15,756.00
259  2025-12-26 05:00:00   GOLD 4,502.62 4,536.74 4,484.19 4,504.05   24.63        0.55 129,453.00
260  2025-12-26 09:00:00   GOLD 4,504.02 4,514.98 4,492.21 4,509.82    5.77        0.13 279,647.00
261  2025-12-26 13:00:00   GOLD 4,509.88 4,520.70 4,507.44 4,512.83    3.01        0.07 228,442.00
262  2025-12-26 17:00:00   GOLD 4,512.80 4,528.89 4,502.91 4,525.19   12.36        0.27 235,077.00
263  2025-12-26 21:00:00   GOLD 4,525.19 4,550.15 4,510.02 4,519.07   -6.12       -0.14 284,284.00
264  2025-12-27 01:00:00   GOLD 4,519.06 4,535.80 4,514.70 4,533.21   14.14        0.31 172,539.00
265  2025-12-29 05:00:00   GOLD 4,542.66 4,548.35 4,472.25 4,497.32  -35.89       -0.79 224,043.00
266  2025-12-29 09:00:00   GOLD 4,497.32 4,520.61 4,496.45 4,506.66    9.34        0.21 235,033.00
267  2025-12-29 13:00:00   GOLD 4,506.55 4,510.74 4,445.11 4,472.18  -34.48       -0.77 250,967.00
268  2025-12-29 17:00:00   GOLD 4,472.16 4,474.68 4,407.15 4,421.73  -50.45       -1.13 246,428.00
269  2025-12-29 21:00:00   GOLD 4,421.66 4,421.66 4,302.11 4,328.26  -93.48       -2.11 310,522.00
270  2025-12-30 01:00:00   GOLD 4,328.35 4,344.69 4,322.83 4,332.56    4.31        0.10 137,645.00
271  2025-12-30 05:00:00   GOLD 4,341.72 4,360.40 4,323.42 4,360.37   27.81        0.64 119,226.00
272  2025-12-30 09:00:00   GOLD 4,360.36 4,380.23 4,348.81 4,377.59   17.22        0.39 206,108.00
273  2025-12-30 13:00:00   GOLD 4,377.53 4,383.44 4,350.49 4,372.35   -5.24       -0.12 256,217.00
274  2025-12-30 17:00:00   GOLD 4,372.28 4,404.38 4,368.01 4,388.55   16.20        0.37 277,553.00
275  2025-12-30 21:00:00   GOLD 4,388.56 4,392.34 4,355.15 4,370.32  -18.23       -0.42 328,721.00
276  2025-12-31 01:00:00   GOLD 4,370.32 4,378.86 4,334.80 4,339.40  -30.92       -0.71 160,376.00
277  2025-12-31 05:00:00   GOLD 4,341.77 4,373.59 4,328.12 4,365.99   26.60        0.61 148,835.00
278  2025-12-31 09:00:00   GOLD 4,365.95 4,371.43 4,276.69 4,285.81  -80.18       -1.84 285,708.00
279  2025-12-31 13:00:00   GOLD 4,286.10 4,337.48 4,274.02 4,325.66   39.85        0.93 192,064.00
280  2025-12-31 17:00:00   GOLD 4,325.68 4,348.40 4,303.26 4,346.10   20.44        0.47 186,099.00
281  2025-12-31 21:00:00   GOLD 4,345.99 4,353.44 4,317.23 4,322.09  -24.02       -0.55 298,068.00
282  2026-01-01 01:00:00   GOLD 4,322.01 4,331.78 4,304.65 4,322.61    0.52        0.01 144,792.00
283  2026-01-02 05:00:00   GOLD 4,326.40 4,355.89 4,326.28 4,348.10   25.49        0.59  67,855.00
284  2026-01-02 09:00:00   GOLD 4,348.10 4,381.98 4,345.32 4,380.66   32.56        0.75 108,477.00
285  2026-01-02 13:00:00   GOLD 4,380.69 4,397.84 4,372.05 4,385.56    4.90        0.11 172,466.00
286  2026-01-02 17:00:00   GOLD 4,385.59 4,402.30 4,362.16 4,366.26  -19.31       -0.44 186,897.00
287  2026-01-02 21:00:00   GOLD 4,366.27 4,373.91 4,315.19 4,323.24  -43.01       -0.99 277,516.00
288  2026-01-03 01:00:00   GOLD 4,323.09 4,333.73 4,309.91 4,332.06    8.82        0.20  93,834.00
289  2026-01-05 05:00:00   GOLD 4,356.51 4,421.60 4,349.35 4,402.20   70.14        1.62 153,827.00
290  2026-01-05 09:00:00   GOLD 4,402.08 4,414.70 4,388.57 4,412.46   10.26        0.23 205,454.00
291  2026-01-05 13:00:00   GOLD 4,412.46 4,438.34 4,411.56 4,434.86   22.40        0.51 160,216.00
292  2026-01-05 17:00:00   GOLD 4,434.85 4,440.06 4,396.48 4,416.97  -17.90       -0.40 175,173.00
293  2026-01-05 21:00:00   GOLD 4,417.02 4,455.77 4,417.02 4,443.61   26.65        0.60 266,089.00
294  2026-01-06 01:00:00   GOLD 4,443.55 4,449.54 4,434.85 4,449.17    5.56        0.13  95,150.00
295  2026-01-06 05:00:00   GOLD 4,454.80 4,460.28 4,427.64 4,450.89    1.72        0.04  96,213.00
296  2026-01-06 09:00:00   GOLD 4,450.90 4,474.27 4,448.72 4,452.51    1.61        0.04 169,248.00
297  2026-01-06 13:00:00   GOLD 4,452.49 4,475.79 4,444.91 4,446.58   -5.93       -0.13 158,754.00
298  2026-01-06 17:00:00   GOLD 4,446.56 4,470.63 4,442.66 4,468.09   21.51        0.48 173,708.00
299  2026-01-06 21:00:00   GOLD 4,468.16 4,491.65 4,463.13 4,489.51   21.42        0.48 283,975.00
300  2026-01-07 01:00:00   GOLD 4,489.44 4,497.31 4,477.49 4,494.64    5.12        0.11 100,108.00
301  2026-01-07 05:00:00   GOLD 4,498.54 4,500.56 4,460.98 4,465.58  -29.06       -0.65 105,841.00
302  2026-01-07 09:00:00   GOLD 4,465.52 4,480.52 4,443.24 4,454.38  -11.20       -0.25 182,864.00
303  2026-01-07 13:00:00   GOLD 4,454.36 4,474.88 4,441.44 4,463.59    9.21        0.21 143,790.00
304  2026-01-07 17:00:00   GOLD 4,463.54 4,467.74 4,428.02 4,452.96  -10.63       -0.24 179,390.00
305  2026-01-07 21:00:00   GOLD 4,452.99 4,468.37 4,423.39 4,451.93   -1.03       -0.02 248,652.00
306  2026-01-08 01:00:00   GOLD 4,451.81 4,461.62 4,445.55 4,456.65    4.72        0.11 111,544.00
307  2026-01-08 05:00:00   GOLD 4,461.95 4,466.48 4,441.94 4,448.40   -8.25       -0.19 103,642.00
308  2026-01-08 09:00:00   GOLD 4,448.40 4,449.61 4,415.40 4,425.81  -22.59       -0.51 244,432.00
309  2026-01-08 13:00:00   GOLD 4,425.83 4,439.77 4,415.74 4,432.77    6.96        0.16 226,458.00
310  2026-01-08 17:00:00   GOLD 4,432.78 4,436.20 4,407.84 4,423.84   -8.94       -0.20 205,979.00
311  2026-01-08 21:00:00   GOLD 4,423.87 4,465.74 4,418.93 4,463.56   39.73        0.90 297,667.00
312  2026-01-09 01:00:00   GOLD 4,463.53 4,479.71 4,444.72 4,477.56   14.00        0.31 118,772.00
313  2026-01-09 05:00:00   GOLD 4,476.64 4,479.73 4,452.92 4,468.91   -8.65       -0.19  92,800.00
314  2026-01-09 09:00:00   GOLD 4,468.97 4,476.61 4,458.30 4,468.10   -0.81       -0.02 139,369.00
315  2026-01-09 13:00:00   GOLD 4,468.11 4,477.70 4,464.20 4,471.28    3.18        0.07 116,101.00
316  2026-01-09 17:00:00   GOLD 4,471.23 4,492.14 4,458.94 4,482.90   11.61        0.26 158,597.00
317  2026-01-09 21:00:00   GOLD 4,482.69 4,517.25 4,479.14 4,484.48    1.58        0.04 301,078.00
318  2026-01-10 01:00:00   GOLD 4,484.48 4,511.47 4,483.06 4,509.66   25.18        0.56  88,467.00
319  2026-01-12 05:00:00   GOLD 4,521.49 4,601.69 4,521.19 4,570.19   60.53        1.34 174,553.00
320  2026-01-12 09:00:00   GOLD 4,570.18 4,585.17 4,561.94 4,581.06   10.88        0.24 210,560.00
321  2026-01-12 13:00:00   GOLD 4,581.02 4,599.48 4,569.88 4,589.23    8.16        0.18 206,147.00
322  2026-01-12 17:00:00   GOLD 4,589.22 4,620.38 4,578.48 4,615.90   26.68        0.58 193,962.00
323  2026-01-12 21:00:00   GOLD 4,615.90 4,630.19 4,585.07 4,616.41    0.51        0.01 273,390.00
324  2026-01-13 01:00:00   GOLD 4,616.44 4,618.98 4,589.41 4,597.65  -18.77       -0.41 123,275.00
325  2026-01-13 05:00:00   GOLD 4,597.62 4,600.00 4,575.59 4,577.95  -19.70       -0.43 128,116.00
326  2026-01-13 09:00:00   GOLD 4,577.78 4,602.19 4,576.75 4,592.23   14.28        0.31 186,998.00
327  2026-01-13 13:00:00   GOLD 4,592.22 4,597.10 4,573.60 4,586.15   -6.07       -0.13 154,680.00
328  2026-01-13 17:00:00   GOLD 4,586.11 4,621.03 4,577.93 4,611.56   25.41        0.55 158,128.00
329  2026-01-13 21:00:00   GOLD 4,611.54 4,634.89 4,586.82 4,590.60  -20.97       -0.45 306,727.00
330  2026-01-14 01:00:00   GOLD 4,590.52 4,602.09 4,569.47 4,586.01   -4.59       -0.10 140,830.00
331  2026-01-14 05:00:00   GOLD 4,591.94 4,620.03 4,591.49 4,619.39   33.38        0.73 109,416.00
332  2026-01-14 09:00:00   GOLD 4,619.44 4,639.89 4,613.51 4,619.90    0.51        0.01 143,493.00
333  2026-01-14 13:00:00   GOLD 4,619.90 4,639.69 4,618.57 4,630.53   10.64        0.23 144,171.00
334  2026-01-14 17:00:00   GOLD 4,630.52 4,641.98 4,624.31 4,635.81    5.27        0.11 168,860.00
335  2026-01-14 21:00:00   GOLD 4,635.80 4,639.07 4,599.50 4,614.40  -21.41       -0.46 342,545.00
336  2026-01-15 01:00:00   GOLD 4,614.38 4,642.97 4,612.90 4,626.57   12.18        0.26 169,859.00
337  2026-01-15 05:00:00   GOLD 4,624.17 4,624.17 4,583.56 4,600.17  -26.40       -0.57 156,002.00
338  2026-01-15 09:00:00   GOLD 4,599.47 4,614.86 4,581.06 4,595.35   -4.82       -0.10 227,617.00
339  2026-01-15 13:00:00   GOLD 4,595.36 4,613.65 4,593.64 4,612.65   17.30        0.38 172,607.00
340  2026-01-15 17:00:00   GOLD 4,612.68 4,623.11 4,581.62 4,588.32  -24.32       -0.53 201,492.00
341  2026-01-15 21:00:00   GOLD 4,588.34 4,625.02 4,583.22 4,616.61   28.28        0.62 269,186.00
342  2026-01-16 01:00:00   GOLD 4,616.64 4,621.72 4,600.71 4,616.04   -0.57       -0.01 102,442.00
343  2026-01-16 05:00:00   GOLD 4,619.07 4,620.98 4,593.78 4,600.62  -15.42       -0.33 113,981.00
344  2026-01-16 09:00:00   GOLD 4,600.61 4,616.31 4,591.37 4,611.58   10.96        0.24 138,948.00
345  2026-01-16 13:00:00   GOLD 4,611.53 4,612.41 4,594.10 4,600.85  -10.73       -0.23 119,252.00
346  2026-01-16 17:00:00   GOLD 4,600.81 4,616.33 4,582.67 4,602.06    1.21        0.03 139,221.00
347  2026-01-16 21:00:00   GOLD 4,602.05 4,620.39 4,536.49 4,581.51  -20.55       -0.45 299,957.00
348  2026-01-17 01:00:00   GOLD 4,581.47 4,598.64 4,579.95 4,596.32   14.81        0.32 106,744.00
349  2026-01-19 05:00:00   GOLD 4,649.78 4,690.94 4,646.14 4,657.28   60.97        1.33 145,522.00
350  2026-01-19 09:00:00   GOLD 4,657.28 4,674.48 4,653.23 4,670.06   12.78        0.27 124,687.00
351  2026-01-19 13:00:00   GOLD 4,670.08 4,679.11 4,661.73 4,668.48   -1.59       -0.03 118,068.00
352  2026-01-19 17:00:00   GOLD 4,668.48 4,673.85 4,659.73 4,666.18   -2.30       -0.05 110,371.00
353  2026-01-19 21:00:00   GOLD 4,666.20 4,678.95 4,661.55 4,676.35   10.18        0.22  81,353.00
354  2026-01-20 01:00:00   GOLD 4,676.35 4,680.40 4,667.11 4,670.30   -6.06       -0.13  23,796.00
355  2026-01-20 05:00:00   GOLD 4,668.57 4,676.23 4,659.40 4,669.81   -0.49       -0.01  58,121.00
356  2026-01-20 09:00:00   GOLD 4,669.74 4,716.74 4,665.55 4,714.63   44.82        0.96 129,695.00
357  2026-01-20 13:00:00   GOLD 4,714.57 4,737.57 4,705.74 4,732.51   17.88        0.38 134,876.00
358  2026-01-20 17:00:00   GOLD 4,732.49 4,738.54 4,715.03 4,737.27    4.76        0.10 147,512.00
359  2026-01-20 21:00:00   GOLD 4,737.27 4,762.47 4,722.51 4,759.19   21.92        0.46 266,790.00
360  2026-01-21 01:00:00   GOLD 4,759.20 4,766.40 4,747.36 4,763.37    4.18        0.09 100,962.00
361  2026-01-21 05:00:00   GOLD 4,762.81 4,844.29 4,757.89 4,835.49   72.12        1.51 107,378.00
362  2026-01-21 09:00:00   GOLD 4,835.45 4,878.25 4,817.24 4,870.02   34.53        0.71 173,956.00
363  2026-01-21 13:00:00   GOLD 4,870.03 4,888.55 4,832.73 4,860.41   -9.61       -0.20 159,816.00
364  2026-01-21 17:00:00   GOLD 4,860.38 4,880.41 4,855.19 4,879.30   18.88        0.39 132,432.00
365  2026-01-21 21:00:00   GOLD 4,879.30 4,880.94 4,802.62 4,826.48  -52.82       -1.08 379,854.00
366  2026-01-22 01:00:00   GOLD 4,826.36 4,854.16 4,755.07 4,831.38    4.90        0.10 265,387.00
367  2026-01-22 05:00:00   GOLD 4,816.80 4,821.30 4,772.27 4,797.94  -33.44       -0.69 126,210.00
368  2026-01-22 09:00:00   GOLD 4,797.77 4,821.77 4,774.61 4,821.41   23.48        0.49 147,988.00
369  2026-01-22 13:00:00   GOLD 4,821.41 4,839.71 4,813.96 4,823.19    1.77        0.04 125,383.00
370  2026-01-22 17:00:00   GOLD 4,823.20 4,836.43 4,810.74 4,822.29   -0.90       -0.02 131,305.00
371  2026-01-22 21:00:00   GOLD 4,822.32 4,906.47 4,820.49 4,904.72   82.43        1.71 254,091.00
372  2026-01-23 01:00:00   GOLD 4,904.70 4,940.89 4,901.38 4,936.07   31.36        0.64 134,103.00
373  2026-01-23 05:00:00   GOLD 4,952.30 4,967.52 4,930.84 4,953.99   17.92        0.36 110,620.00
374  2026-01-23 09:00:00   GOLD 4,953.94 4,967.28 4,938.10 4,960.64    6.65        0.13  71,755.00
375  2026-01-23 13:00:00   GOLD 4,960.59 4,963.27 4,899.80 4,918.66  -41.98       -0.85 146,341.00
376  2026-01-23 17:00:00   GOLD 4,918.72 4,947.98 4,912.07 4,939.18   20.52        0.42 174,287.00
377  2026-01-23 21:00:00   GOLD 4,939.19 4,988.44 4,932.89 4,965.90   26.72        0.54 251,377.00
378  2026-01-24 01:00:00   GOLD 4,965.99 4,990.12 4,958.35 4,987.55   21.65        0.44 132,942.00
379  2026-01-26 05:00:00   GOLD 5,015.63 5,085.66 5,003.70 5,071.11   83.57        1.68 165,304.00
380  2026-01-26 09:00:00   GOLD 5,071.09 5,092.98 5,052.36 5,074.43    3.31        0.07 229,500.00
381  2026-01-26 13:00:00   GOLD 5,074.41 5,111.51 5,065.39 5,084.14    9.72        0.19 219,028.00
382  2026-01-26 17:00:00   GOLD 5,084.23 5,097.10 5,054.67 5,068.73  -15.41       -0.30 196,713.00
383  2026-01-26 21:00:00   GOLD 5,068.80 5,105.34 5,058.45 5,101.23   32.50        0.64 302,404.00
384  2026-01-27 01:00:00   GOLD 5,101.20 5,103.22 4,990.22 5,008.88  -92.36       -1.81 408,930.00
385  2026-01-27 05:00:00   GOLD 5,035.80 5,076.14 5,013.88 5,060.14   51.27        1.02 142,805.00
386  2026-01-27 09:00:00   GOLD 5,059.99 5,085.49 5,049.59 5,083.11   22.97        0.45 165,669.00
387  2026-01-27 13:00:00   GOLD 5,083.12 5,100.84 5,073.51 5,098.32   15.22        0.30 154,153.00
388  2026-01-27 17:00:00   GOLD 5,098.66 5,098.66 5,066.64 5,077.56  -20.77       -0.41 158,466.00
389  2026-01-27 21:00:00   GOLD 5,077.52 5,103.35 5,046.84 5,081.37    3.81        0.08 378,203.00
390  2026-01-28 01:00:00   GOLD 5,081.40 5,190.51 5,076.45 5,180.62   99.26        1.95 259,750.00
391  2026-01-28 05:00:00   GOLD 5,181.64 5,225.36 5,157.21 5,204.87   24.24        0.47 158,774.00
392  2026-01-28 09:00:00   GOLD 5,204.82 5,266.44 5,201.74 5,261.35   56.48        1.09 207,143.00
393  2026-01-28 13:00:00   GOLD 5,261.47 5,311.66 5,251.87 5,278.37   17.02        0.32 196,773.00
394  2026-01-28 17:00:00   GOLD 5,278.41 5,289.71 5,238.59 5,266.65  -11.72       -0.22 211,224.00
395  2026-01-28 21:00:00   GOLD 5,266.61 5,307.28 5,235.75 5,298.11   31.46        0.60 410,167.00
396  2026-01-29 01:00:00   GOLD 5,298.15 5,419.65 5,268.45 5,418.55  120.44        2.27 420,298.00
397  2026-01-29 05:00:00   GOLD 5,446.99 5,602.23 5,432.45 5,545.78  127.24        2.35 287,112.00
398  2026-01-29 09:00:00   GOLD 5,545.73 5,564.73 5,504.59 5,562.65   16.87        0.30 275,436.00
399  2026-01-29 13:00:00   GOLD 5,562.73 5,595.77 5,473.56 5,513.92  -48.73       -0.88 265,911.00
400  2026-01-29 17:00:00   GOLD 5,513.93 5,543.23 5,470.90 5,510.78   -3.14       -0.06 243,144.00
401  2026-01-29 21:00:00   GOLD 5,510.77 5,549.56 5,097.22 5,335.37 -175.41       -3.18 667,195.00
402  2026-01-30 01:00:00   GOLD 5,335.40 5,426.09 5,282.98 5,370.23   34.86        0.65 396,867.00
403  2026-01-30 05:00:00   GOLD 5,419.64 5,451.16 5,290.44 5,300.74  -69.48       -1.29 225,454.00
404  2026-01-30 09:00:00   GOLD 5,300.74 5,312.73 5,112.10 5,185.14 -115.61       -2.18 427,263.00
405  2026-01-30 13:00:00   GOLD 5,185.29 5,205.81 4,941.50 5,013.76 -171.38       -3.31 449,322.00
406  2026-01-30 17:00:00   GOLD 5,013.44 5,145.98 4,992.56 5,019.65    5.89        0.12 390,037.00
407  2026-01-30 21:00:00   GOLD 5,019.53 5,113.80 4,800.85 4,850.23 -169.42       -3.38 696,860.00
408  2026-01-31 01:00:00   GOLD 4,850.19 4,948.55 4,679.51 4,895.44   45.21        0.93 494,193.00
409  2026-02-02 05:00:00   GOLD 4,833.89 4,884.56 4,584.82 4,736.89 -158.55       -3.24 360,364.00
410  2026-02-02 09:00:00   GOLD 4,736.79 4,773.23 4,498.09 4,549.31 -187.58       -3.96 489,491.00
411  2026-02-02 13:00:00   GOLD 4,549.25 4,731.64 4,402.38 4,719.60  170.29        3.74 496,234.00
412  2026-02-02 17:00:00   GOLD 4,719.26 4,812.27 4,657.01 4,706.31  -13.30       -0.28 370,708.00
413  2026-02-02 21:00:00   GOLD 4,706.31 4,794.69 4,596.74 4,674.11  -32.20       -0.68 529,096.00
414  2026-02-03 01:00:00   GOLD 4,674.21 4,712.93 4,618.67 4,661.06  -13.05       -0.28 302,373.00
415  2026-02-03 05:00:00   GOLD 4,704.10 4,856.76 4,695.53 4,841.40  180.35        3.87 253,789.00
416  2026-02-03 09:00:00   GOLD 4,841.38 4,842.30 4,745.68 4,825.31  -16.10       -0.33 317,981.00
417  2026-02-03 13:00:00   GOLD 4,825.36 4,950.68 4,816.66 4,916.18   90.87        1.88 261,486.00
418  2026-02-03 17:00:00   GOLD 4,916.21 4,951.30 4,883.69 4,933.07   16.89        0.34 209,249.00
419  2026-02-03 21:00:00   GOLD 4,933.14 4,993.84 4,893.77 4,929.04   -4.03       -0.08 427,536.00
420  2026-02-04 01:00:00   GOLD 4,928.68 4,964.24 4,880.60 4,946.81   17.77        0.36 288,168.00
421  2026-02-04 05:00:00   GOLD 4,959.77 5,053.68 4,909.17 5,046.85  100.05        2.02 203,747.00
422  2026-02-04 09:00:00   GOLD 5,046.81 5,090.44 5,035.72 5,079.45   32.60        0.65 151,736.00
423  2026-02-04 13:00:00   GOLD 5,079.46 5,091.93 5,043.24 5,060.10  -19.35       -0.38 160,815.00
424  2026-02-04 17:00:00   GOLD 5,060.24 5,064.58 5,013.77 5,054.19   -5.91       -0.12 162,911.00
425  2026-02-04 21:00:00   GOLD 5,054.19 5,059.23 4,848.40 4,897.86 -156.33       -3.09 476,586.00
426  2026-02-05 01:00:00   GOLD 4,897.92 4,971.18 4,872.86 4,964.45   66.60        1.36 216,300.00
427  2026-02-05 05:00:00   GOLD 4,995.96 5,024.03 4,935.81 4,959.14   -5.32       -0.11 171,281.00
428  2026-02-05 09:00:00   GOLD 4,959.19 4,962.33 4,789.65 4,896.73  -62.41       -1.26 411,065.00
429  2026-02-05 13:00:00   GOLD 4,896.71 4,943.73 4,849.90 4,855.40  -41.33       -0.84 263,171.00
430  2026-02-05 17:00:00   GOLD 4,855.39 4,894.81 4,802.06 4,835.64  -19.76       -0.41 281,055.00
431  2026-02-05 21:00:00   GOLD 4,835.65 4,906.73 4,800.53 4,869.02   33.39        0.69 467,019.00
432  2026-02-06 01:00:00   GOLD 4,868.98 4,875.25 4,759.48 4,780.68  -88.35       -1.81 241,563.00
433  2026-02-06 05:00:00   GOLD 4,778.27 4,785.01 4,655.23 4,774.51   -6.16       -0.13 298,387.00
434  2026-02-06 09:00:00   GOLD 4,774.49 4,898.15 4,760.86 4,897.55  123.04        2.58 254,936.00
435  2026-02-06 13:00:00   GOLD 4,897.47 4,903.40 4,824.70 4,866.81  -30.74       -0.63 186,499.00
436  2026-02-06 17:00:00   GOLD 4,866.80 4,938.51 4,852.05 4,929.11   62.31        1.28 168,825.00
437  2026-02-06 21:00:00   GOLD 4,929.13 4,968.72 4,894.45 4,960.60   31.49        0.64 304,868.00
438  2026-02-07 01:00:00   GOLD 4,960.58 4,971.34 4,936.69 4,964.62    4.02        0.08 123,030.00
439  2026-02-09 05:00:00   GOLD 4,989.93 5,047.91 4,965.42 4,983.01   18.39        0.37 156,817.00
440  2026-02-09 09:00:00   GOLD 4,982.95 5,041.76 4,968.89 5,036.60   53.60        1.08 154,717.00
441  2026-02-09 13:00:00   GOLD 5,036.68 5,045.81 4,997.85 5,007.98  -28.62       -0.57 147,797.00
442  2026-02-09 17:00:00   GOLD 5,007.93 5,025.00 4,982.49 5,007.34   -0.64       -0.01 144,356.00
443  2026-02-09 21:00:00   GOLD 5,007.38 5,080.90 5,002.40 5,046.30   38.96        0.78 220,202.00
444  2026-02-10 01:00:00   GOLD 5,046.29 5,086.68 5,044.44 5,057.77   11.47        0.23 154,431.00
445  2026-02-10 05:00:00   GOLD 5,057.53 5,064.13 4,987.39 5,033.06  -24.72       -0.49 156,314.00
446  2026-02-10 09:00:00   GOLD 5,032.98 5,056.34 5,011.44 5,039.30    6.24        0.12 149,819.00
447  2026-02-10 13:00:00   GOLD 5,039.14 5,063.55 5,018.67 5,046.90    7.61        0.15 128,202.00
448  2026-02-10 17:00:00   GOLD 5,046.90 5,059.06 5,019.94 5,051.18    4.27        0.08 114,934.00
449  2026-02-10 21:00:00   GOLD 5,051.19 5,078.74 4,998.95 5,026.60  -24.57       -0.49 265,614.00
450  2026-02-11 01:00:00   GOLD 5,026.59 5,045.60 5,004.73 5,025.12   -1.48       -0.03 118,764.00
451  2026-02-11 05:00:00   GOLD 5,033.59 5,054.85 5,028.39 5,052.60   27.48        0.55  72,129.00
452  2026-02-11 09:00:00   GOLD 5,052.57 5,064.04 5,032.74 5,053.15    0.55        0.01  88,237.00
453  2026-02-11 13:00:00   GOLD 5,053.14 5,072.19 5,045.92 5,062.93    9.78        0.19  82,786.00
454  2026-02-11 17:00:00   GOLD 5,062.91 5,119.35 5,019.72 5,065.77    2.85        0.06 186,146.00
455  2026-02-11 21:00:00   GOLD 5,065.79 5,099.31 5,035.78 5,091.53   25.76        0.51 326,918.00
456  2026-02-12 01:00:00   GOLD 5,091.45 5,094.29 5,066.96 5,084.28   -7.25       -0.14 140,348.00
457  2026-02-12 05:00:00   GOLD 5,095.49 5,095.91 5,045.44 5,063.65  -20.63       -0.41 105,797.00
458  2026-02-12 09:00:00   GOLD 5,063.56 5,078.42 5,050.98 5,075.81   12.16        0.24  90,711.00
459  2026-02-12 13:00:00   GOLD 5,075.69 5,080.91 5,047.13 5,073.27   -2.55       -0.05  87,751.00
460  2026-02-12 17:00:00   GOLD 5,073.27 5,083.85 5,048.94 5,075.45    2.19        0.04  72,344.00
461  2026-02-12 21:00:00   GOLD 5,075.48 5,077.90 4,878.50 4,941.15 -134.31       -2.65 375,133.00
462  2026-02-13 01:00:00   GOLD 4,941.14 4,958.15 4,906.77 4,922.08  -19.07       -0.39 275,860.00
463  2026-02-13 05:00:00   GOLD 4,888.31 4,988.82 4,888.31 4,980.86   58.78        1.19 128,298.00
464  2026-02-13 09:00:00   GOLD 4,980.78 4,997.56 4,944.93 4,946.56  -34.31       -0.69 113,062.00
465  2026-02-13 13:00:00   GOLD 4,946.56 4,989.69 4,946.14 4,970.34   23.78        0.48 110,547.00
466  2026-02-13 17:00:00   GOLD 4,970.35 4,999.69 4,933.64 4,987.26   16.92        0.34 117,871.00
467  2026-02-13 21:00:00   GOLD 4,987.27 5,033.73 4,964.22 5,021.05   33.78        0.68 297,978.00
468  2026-02-14 01:00:00   GOLD 5,021.09 5,046.48 5,015.48 5,042.74   21.69        0.43 127,472.00
469  2026-02-16 05:00:00   GOLD 5,017.15 5,032.56 5,000.13 5,028.95  -13.78       -0.27  81,521.00
470  2026-02-16 09:00:00   GOLD 5,028.97 5,031.28 4,964.86 4,990.77  -38.18       -0.76  93,769.00
471  2026-02-16 13:00:00   GOLD 4,990.77 5,017.44 4,984.58 5,013.66   22.89        0.46  66,840.00
472  2026-02-16 17:00:00   GOLD 5,013.67 5,017.23 4,989.64 4,997.36  -16.30       -0.33  60,425.00
473  2026-02-16 21:00:00   GOLD 4,997.37 4,999.66 4,969.11 4,991.77   -5.60       -0.11  79,574.00
474  2026-02-17 01:00:00   GOLD 4,991.86 4,997.98 4,988.65 4,992.01    0.24        0.00  14,671.00
475  2026-02-17 05:00:00   GOLD 4,997.26 5,001.24 4,922.90 4,957.60  -34.40       -0.69  82,044.00
476  2026-02-17 09:00:00   GOLD 4,957.48 4,971.55 4,859.20 4,888.94  -68.66       -1.39 111,528.00
477  2026-02-17 13:00:00   GOLD 4,889.00 4,932.67 4,886.60 4,926.09   37.15        0.76  99,821.00
478  2026-02-17 17:00:00   GOLD 4,926.03 4,944.70 4,869.97 4,870.96  -55.13       -1.12 124,460.00
479  2026-02-17 21:00:00   GOLD 4,870.92 4,907.23 4,842.60 4,865.10   -5.86       -0.12 379,666.00
480  2026-02-18 01:00:00   GOLD 4,865.10 4,910.90 4,862.40 4,877.85   12.76        0.26 183,962.00
481  2026-02-18 05:00:00   GOLD 4,871.14 4,893.55 4,854.24 4,889.98   12.12        0.25  74,672.00
482  2026-02-18 09:00:00   GOLD 4,890.02 4,940.89 4,886.48 4,933.49   43.51        0.89  57,420.00
483  2026-02-18 13:00:00   GOLD 4,933.65 4,942.49 4,913.07 4,917.43  -16.06       -0.33  62,184.00
484  2026-02-18 17:00:00   GOLD 4,917.47 4,969.10 4,906.43 4,954.78   37.35        0.76 101,452.00
485  2026-02-18 21:00:00   GOLD 4,954.79 5,010.91 4,952.34 4,999.19   44.41        0.90 196,745.00
486  2026-02-19 01:00:00   GOLD 4,999.19 5,003.27 4,972.87 4,977.26  -21.93       -0.44 163,886.00
487  2026-02-19 05:00:00   GOLD 4,973.80 4,988.86 4,960.65 4,973.14   -4.12       -0.08  59,969.00
488  2026-02-19 09:00:00   GOLD 4,973.08 4,998.94 4,965.82 4,997.28   24.14        0.49  50,570.00
489  2026-02-19 13:00:00   GOLD 4,997.27 5,022.17 4,993.22 4,995.67   -1.61       -0.03  72,360.00
490  2026-02-19 17:00:00   GOLD 4,995.62 4,998.81 4,971.12 4,997.17    1.50        0.03  96,664.00
491  2026-02-19 21:00:00   GOLD 4,997.12 5,022.39 4,963.44 4,985.16  -12.01       -0.24 214,444.00
492  2026-02-20 01:00:00   GOLD 4,985.20 5,004.23 4,975.41 4,996.49   11.32        0.23 121,908.00
493  2026-02-20 05:00:00   GOLD 5,000.81 5,014.86 4,985.44 4,997.15    0.66        0.01  49,044.00
494  2026-02-20 09:00:00   GOLD 4,997.14 5,012.19 4,981.67 5,012.19   15.04        0.30  42,535.00
495  2026-02-20 13:00:00   GOLD 5,012.09 5,042.74 5,004.97 5,027.64   15.45        0.31  78,021.00
496  2026-02-20 17:00:00   GOLD 5,027.67 5,048.89 5,007.28 5,043.48   15.84        0.32 101,302.00
497  2026-02-20 21:00:00   GOLD 5,043.50 5,076.47 4,990.59 5,073.12   29.64        0.59 355,687.00
498  2026-02-21 01:00:00   GOLD 5,073.06 5,108.72 5,053.79 5,108.26   35.14        0.69 164,668.00
499  2026-02-23 05:00:00   GOLD 5,118.71 5,172.31 5,117.81 5,157.35   49.09        0.96 126,114.00
500  2026-02-23 09:00:00   GOLD 5,157.38 5,176.95 5,151.77 5,158.36    1.01        0.02  83,386.00
501  2026-02-23 13:00:00   GOLD 5,158.35 5,161.76 5,122.22 5,149.50   -8.86       -0.17  97,559.00
502  2026-02-23 17:00:00   GOLD 5,149.59 5,165.56 5,143.85 5,146.38   -3.12       -0.06 103,565.00
503  2026-02-23 21:00:00   GOLD 5,146.32 5,219.22 5,141.61 5,208.06   61.69        1.20 238,471.00
504  2026-02-24 01:00:00   GOLD 5,208.09 5,237.95 5,201.02 5,226.87   18.81        0.36 136,482.00
505  2026-02-24 05:00:00   GOLD 5,244.98 5,250.01 5,145.14 5,177.38  -49.49       -0.95 151,793.00
506  2026-02-24 09:00:00   GOLD 5,177.38 5,191.95 5,161.12 5,182.48    5.10        0.10 108,881.00
507  2026-02-24 13:00:00   GOLD 5,182.47 5,185.24 5,155.90 5,171.60  -10.88       -0.21  96,559.00
508  2026-02-24 17:00:00   GOLD 5,171.55 5,181.49 5,111.00 5,115.15  -56.45       -1.09 121,506.00
509  2026-02-24 21:00:00   GOLD 5,115.14 5,163.86 5,093.23 5,163.78   48.63        0.95 246,410.00
510  2026-02-25 01:00:00   GOLD 5,163.72 5,173.31 5,139.88 5,143.93  -19.85       -0.38 123,579.00
511  2026-02-25 05:00:00   GOLD 5,135.49 5,189.90 5,128.28 5,176.69   32.76        0.64  87,650.00
512  2026-02-25 09:00:00   GOLD 5,176.66 5,210.68 5,166.49 5,201.70   25.02        0.48  92,786.00
513  2026-02-25 13:00:00   GOLD 5,201.72 5,201.73 5,176.64 5,193.30   -8.41       -0.16  92,375.00
514  2026-02-25 17:00:00   GOLD 5,193.30 5,195.28 5,155.10 5,185.20   -8.09       -0.16  99,913.00
515  2026-02-25 21:00:00   GOLD 5,185.18 5,217.78 5,158.65 5,206.94   21.74        0.42 187,863.00
516  2026-02-26 01:00:00   GOLD 5,206.96 5,208.44 5,144.90 5,163.58  -43.36       -0.83 129,266.00
517  2026-02-26 05:00:00   GOLD 5,173.57 5,198.45 5,155.13 5,191.50   27.92        0.54 114,706.00
518  2026-02-26 09:00:00   GOLD 5,191.49 5,205.64 5,174.07 5,198.36    6.86        0.13 102,163.00
519  2026-02-26 13:00:00   GOLD 5,198.40 5,199.82 5,167.70 5,186.49  -11.88       -0.23 106,018.00
520  2026-02-26 17:00:00   GOLD 5,186.48 5,190.34 5,157.87 5,165.99  -20.49       -0.40 118,221.00
521  2026-02-26 21:00:00   GOLD 5,165.98 5,192.95 5,130.23 5,167.35    1.35        0.03 294,838.00
522  2026-02-27 01:00:00   GOLD 5,167.49 5,201.01 5,160.53 5,185.17   17.82        0.34 118,770.00
523  2026-02-27 05:00:00   GOLD 5,182.03 5,195.03 5,166.99 5,194.41    9.24        0.18  79,117.00
524  2026-02-27 09:00:00   GOLD 5,194.47 5,200.64 5,173.59 5,197.81    3.40        0.07  93,606.00
525  2026-02-27 13:00:00   GOLD 5,197.83 5,199.47 5,172.23 5,176.11  -21.70       -0.42  88,155.00
526  2026-02-27 17:00:00   GOLD 5,176.15 5,240.82 5,168.69 5,223.22   47.11        0.91 127,747.00
527  2026-02-27 21:00:00   GOLD 5,223.17 5,257.75 5,213.94 5,234.74   11.52        0.22 276,773.00
528  2026-02-28 01:00:00   GOLD 5,234.75 5,281.15 5,222.66 5,278.51   43.77        0.84 149,143.00
529  2026-03-02 05:00:00   GOLD 5,368.53 5,394.01 5,303.39 5,325.44   46.93        0.89 251,302.00
530  2026-03-02 09:00:00   GOLD 5,325.34 5,367.32 5,317.32 5,366.04   40.60        0.76 120,713.00
531  2026-03-02 13:00:00   GOLD 5,366.05 5,419.66 5,363.84 5,392.11   26.07        0.49 146,641.00
532  2026-03-02 17:00:00   GOLD 5,392.11 5,417.05 5,374.37 5,394.08    1.97        0.04 168,903.00
533  2026-03-02 21:00:00   GOLD 5,394.10 5,395.38 5,260.28 5,306.99  -87.09       -1.61 437,525.00
534  2026-03-03 01:00:00   GOLD 5,306.99 5,346.59 5,289.87 5,321.94   14.94        0.28 162,343.00
535  2026-03-03 05:00:00   GOLD 5,344.96 5,379.98 5,329.30 5,339.67   17.73        0.33 109,325.00
536  2026-03-03 09:00:00   GOLD 5,339.69 5,375.86 5,305.10 5,319.32  -20.35       -0.38 160,464.00
537  2026-03-03 13:00:00   GOLD 5,319.36 5,336.12 5,225.57 5,275.35  -43.97       -0.83 235,649.00
538  2026-03-03 17:00:00   GOLD 5,275.28 5,288.07 5,073.14 5,156.90 -118.45       -2.25 358,623.00
539  2026-03-03 21:00:00   GOLD 5,156.89 5,175.70 4,996.27 5,079.63  -77.27       -1.50 499,469.00
540  2026-03-04 01:00:00   GOLD 5,079.55 5,149.06 5,079.38 5,088.84    9.20        0.18 253,853.00
541  2026-03-04 05:00:00   GOLD 5,106.34 5,178.82 5,105.37 5,175.15   86.32        1.70 145,436.00
542  2026-03-04 09:00:00   GOLD 5,175.07 5,191.06 5,141.14 5,160.09  -15.06       -0.29 200,568.00
543  2026-03-04 13:00:00   GOLD 5,160.10 5,185.40 5,117.72 5,182.51   22.42        0.43 173,862.00
544  2026-03-04 17:00:00   GOLD 5,182.53 5,206.27 5,156.51 5,167.97  -14.55       -0.28 190,166.00
545  2026-03-04 21:00:00   GOLD 5,167.99 5,185.33 5,120.28 5,141.28  -26.68       -0.52 360,246.00
546  2026-03-05 01:00:00   GOLD 5,141.23 5,146.94 5,108.64 5,140.94   -0.34       -0.01 153,781.00
547  2026-03-05 05:00:00   GOLD 5,152.48 5,186.57 5,144.86 5,172.85   31.91        0.62  83,813.00
548  2026-03-05 09:00:00   GOLD 5,172.80 5,195.22 5,148.41 5,148.76  -24.10       -0.47 106,369.00
549  2026-03-05 13:00:00   GOLD 5,148.76 5,180.48 5,120.78 5,161.26   12.51        0.24 189,705.00
550  2026-03-05 17:00:00   GOLD 5,161.26 5,171.54 5,081.23 5,118.09  -43.18       -0.84 167,254.00
551  2026-03-05 21:00:00   GOLD 5,118.09 5,130.01 5,054.22 5,062.87  -55.22       -1.08 424,820.00
552  2026-03-06 01:00:00   GOLD 5,062.75 5,094.93 5,050.90 5,081.38   18.51        0.37 268,809.00
553  2026-03-06 05:00:00   GOLD 5,090.81 5,144.05 5,066.40 5,134.57   53.19        1.05 110,670.00
554  2026-03-06 09:00:00   GOLD 5,134.44 5,141.64 5,114.23 5,117.63  -16.94       -0.33 101,699.00
555  2026-03-06 13:00:00   GOLD 5,117.60 5,123.16 5,083.33 5,085.72  -31.91       -0.62 128,837.00
556  2026-03-06 17:00:00   GOLD 5,085.77 5,131.24 5,063.22 5,085.12   -0.60       -0.01 232,886.00
557  2026-03-06 21:00:00   GOLD 5,085.17 5,171.89 5,080.90 5,141.01   55.89        1.10 412,644.00
558  2026-03-07 01:00:00   GOLD 5,141.02 5,176.63 5,138.88 5,171.50   30.49        0.59 174,681.00
559  2026-03-09 04:00:00   GOLD 5,171.95 5,171.95 5,028.54 5,050.03 -121.47       -2.35 216,231.00
560  2026-03-09 08:00:00   GOLD 5,049.62 5,102.26 5,015.05 5,090.36   40.33        0.80 244,796.00
561  2026-03-09 12:00:00   GOLD 5,090.35 5,140.79 5,081.19 5,096.73    6.37        0.13 217,445.00
562  2026-03-09 16:00:00   GOLD 5,096.71 5,132.77 5,079.93 5,095.07   -1.66       -0.03 194,900.00
563  2026-03-09 20:00:00   GOLD 5,095.07 5,116.28 5,060.60 5,104.74    9.67        0.19 352,244.00
564  2026-03-10 00:00:00   GOLD 5,104.76 5,148.20 5,089.14 5,137.91   33.17        0.65 168,491.00
565  2026-03-10 04:00:00   GOLD 5,128.81 5,156.21 5,117.35 5,131.23   -6.68       -0.13  85,307.00
566  2026-03-10 08:00:00   GOLD 5,131.15 5,187.06 5,124.84 5,163.85   32.62        0.64 156,353.00
567  2026-03-10 12:00:00   GOLD 5,163.84 5,195.40 5,158.40 5,183.48   19.63        0.38  93,587.00
568  2026-03-10 16:00:00   GOLD 5,183.58 5,192.05 5,156.50 5,187.09    3.61        0.07 146,983.00
569  2026-03-10 20:00:00   GOLD 5,187.01 5,238.77 5,185.30 5,227.58   40.49        0.78 159,633.00
570  2026-03-11 00:00:00   GOLD 5,227.59 5,235.55 5,160.65 5,192.51  -35.07       -0.67 191,246.00
571  2026-03-11 04:00:00   GOLD 5,191.79 5,219.59 5,183.47 5,215.45   22.94        0.44  45,317.00
572  2026-03-11 08:00:00   GOLD 5,215.45 5,223.39 5,194.02 5,204.61  -10.85       -0.21  83,803.00
573  2026-03-11 12:00:00   GOLD 5,204.40 5,210.97 5,175.35 5,187.69  -16.91       -0.33  88,731.00
574  2026-03-11 16:00:00   GOLD 5,187.67 5,197.18 5,166.84 5,167.53  -20.16       -0.39  84,685.00
575  2026-03-11 20:00:00   GOLD 5,167.48 5,196.31 5,149.15 5,175.77    8.24        0.16 213,638.00
576  2026-03-12 00:00:00   GOLD 5,175.84 5,183.76 5,154.98 5,176.48    0.71        0.01 113,863.00
577  2026-03-12 04:00:00   GOLD 5,178.05 5,178.32 5,125.64 5,153.20  -23.27       -0.45  92,508.00
578  2026-03-12 08:00:00   GOLD 5,153.20 5,175.15 5,140.62 5,142.70  -10.51       -0.20 130,350.00
579  2026-03-12 12:00:00   GOLD 5,142.76 5,189.86 5,137.17 5,178.22   35.52        0.69  84,123.00
580  2026-03-12 16:00:00   GOLD 5,178.20 5,191.79 5,163.69 5,181.62    3.40        0.07  89,653.00
581  2026-03-12 20:00:00   GOLD 5,181.57 5,186.15 5,109.85 5,123.55  -58.07       -1.12 218,527.00
582  2026-03-13 00:00:00   GOLD 5,123.49 5,129.87 5,055.12 5,079.26  -44.30       -0.86 189,368.00
583  2026-03-13 04:00:00   GOLD 5,083.86 5,115.40 5,077.79 5,113.78   34.52        0.68  43,037.00
584  2026-03-13 08:00:00   GOLD 5,113.95 5,128.48 5,102.82 5,104.59   -9.19       -0.18  78,444.00
585  2026-03-13 12:00:00   GOLD 5,104.82 5,111.26 5,061.72 5,087.55  -17.04       -0.33 106,265.00
586  2026-03-13 16:00:00   GOLD 5,087.48 5,122.01 5,079.94 5,118.30   30.75        0.60  73,151.00
587  2026-03-13 20:00:00   GOLD 5,118.34 5,121.27 5,019.20 5,046.05  -72.26       -1.41 221,291.00
588  2026-03-14 00:00:00   GOLD 5,045.95 5,064.08 5,009.74 5,020.60  -25.44       -0.50 172,936.00
589  2026-03-16 04:00:00   GOLD 5,014.95 5,031.01 4,967.77 5,026.01    5.40        0.11 124,679.00
590  2026-03-16 08:00:00   GOLD 5,026.02 5,026.66 4,982.68 5,013.05  -12.95       -0.26 156,361.00
591  2026-03-16 12:00:00   GOLD 5,013.05 5,036.01 4,985.11 4,991.31  -21.74       -0.43 120,301.00
592  2026-03-16 16:00:00   GOLD 4,991.14 5,025.59 4,970.23 5,020.06   28.76        0.58 120,491.00
593  2026-03-16 20:00:00   GOLD 5,020.06 5,038.15 4,974.23 4,990.74  -29.32       -0.58 197,783.00
594  2026-03-17 00:00:00   GOLD 4,990.78 5,021.84 4,984.02 5,006.56   15.82        0.32 146,360.00
595  2026-03-17 04:00:00   GOLD 5,011.11 5,016.19 4,998.29 5,003.03   -3.53       -0.07  60,075.00
596  2026-03-17 08:00:00   GOLD 5,002.91 5,042.19 4,994.94 5,038.05   35.02        0.70 114,574.00
597  2026-03-17 12:00:00   GOLD 5,038.05 5,044.90 5,005.04 5,024.95  -13.10       -0.26 113,986.00
598  2026-03-17 16:00:00   GOLD 5,024.90 5,026.06 4,992.06 5,011.90  -13.05       -0.26  88,693.00
599  2026-03-17 20:00:00   GOLD 5,011.90 5,031.59 4,973.72 5,002.06   -9.84       -0.20 184,955.00
600  2026-03-18 00:00:00   GOLD 5,002.05 5,009.21 4,996.44 5,005.73    3.66        0.07 102,818.00
601  2026-03-18 04:00:00   GOLD 5,001.96 5,012.24 4,993.39 5,004.32   -1.41       -0.03  28,386.00
602  2026-03-18 08:00:00   GOLD 5,004.30 5,016.29 4,981.83 4,987.20  -17.12       -0.34 107,571.00
603  2026-03-18 12:00:00   GOLD 4,987.17 5,016.53 4,977.45 4,987.65    0.45        0.01  97,733.00
604  2026-03-18 16:00:00   GOLD 4,987.65 4,995.85 4,870.87 4,881.81 -105.83       -2.12 178,376.00
605  2026-03-18 20:00:00   GOLD 4,881.78 4,894.67 4,834.38 4,886.95    5.14        0.11 274,460.00
606  2026-03-19 00:00:00   GOLD 4,887.00 4,899.46 4,806.85 4,818.41  -68.53       -1.40 222,205.00
607  2026-03-19 04:00:00   GOLD 4,824.65 4,848.87 4,804.23 4,841.38   22.97        0.48  90,622.00
608  2026-03-19 08:00:00   GOLD 4,841.39 4,867.23 4,832.99 4,849.87    8.49        0.18 140,277.00
609  2026-03-19 12:00:00   GOLD 4,849.86 4,853.89 4,686.89 4,709.64 -140.23       -2.89 260,761.00
610  2026-03-19 16:00:00   GOLD 4,709.64 4,726.02 4,531.27 4,574.81 -134.82       -2.86 360,079.00
611  2026-03-19 20:00:00   GOLD 4,574.74 4,649.31 4,502.36 4,584.95   10.14        0.22 588,903.00
612  2026-03-20 00:00:00   GOLD 4,584.94 4,663.63 4,573.91 4,650.72   65.77        1.43 337,277.00
613  2026-03-20 04:00:00   GOLD 4,659.99 4,677.20 4,634.35 4,648.74   -1.98       -0.04  87,801.00
614  2026-03-20 08:00:00   GOLD 4,648.74 4,736.18 4,639.42 4,721.82   73.07        1.57 184,623.00
615  2026-03-20 12:00:00   GOLD 4,721.85 4,734.96 4,661.31 4,693.85  -27.97       -0.59 165,174.00
616  2026-03-20 16:00:00   GOLD 4,693.85 4,700.65 4,637.24 4,678.44  -15.41       -0.33 215,424.00
617  2026-03-20 20:00:00   GOLD 4,678.42 4,679.61 4,540.78 4,583.10  -95.34       -2.04 501,456.00
618  2026-03-21 00:00:00   GOLD 4,583.15 4,600.89 4,477.54 4,497.48  -85.62       -1.87 383,744.00
619  2026-03-23 04:00:00   GOLD 4,472.24 4,536.41 4,319.92 4,354.32 -143.15       -3.18 210,850.00
620  2026-03-23 08:00:00   GOLD 4,354.13 4,454.51 4,330.32 4,367.97   13.65        0.31 428,328.00
621  2026-03-23 12:00:00   GOLD 4,367.92 4,380.15 4,099.12 4,251.44 -116.53       -2.67 535,564.00
622  2026-03-23 16:00:00   GOLD 4,251.45 4,492.93 4,223.69 4,478.51  227.07        5.34 515,397.00
623  2026-03-23 20:00:00   GOLD 4,478.51 4,513.16 4,350.63 4,375.79 -102.72       -2.29 728,575.00
624  2026-03-24 00:00:00   GOLD 4,375.74 4,467.27 4,370.82 4,406.51   30.72        0.70 340,961.00
625  2026-03-24 04:00:00   GOLD 4,382.82 4,448.35 4,331.36 4,364.59  -41.91       -0.95 169,183.00
626  2026-03-24 08:00:00   GOLD 4,364.64 4,379.47 4,305.88 4,333.60  -30.99       -0.71 359,283.00
627  2026-03-24 12:00:00   GOLD 4,333.60 4,433.31 4,320.04 4,412.02   78.43        1.81 367,090.00
628  2026-03-24 16:00:00   GOLD 4,411.98 4,442.24 4,362.06 4,379.11  -32.91       -0.75 323,360.00
629  2026-03-24 20:00:00   GOLD 4,379.06 4,434.31 4,351.09 4,421.48   42.37        0.97 540,409.00
630  2026-03-25 00:00:00   GOLD 4,421.49 4,484.49 4,372.65 4,474.27   52.79        1.19 361,580.00
631  2026-03-25 04:00:00   GOLD 4,476.64 4,572.18 4,455.89 4,563.30   89.02        1.99 161,186.00
632  2026-03-25 08:00:00   GOLD 4,563.27 4,602.65 4,552.38 4,573.02    9.73        0.21 141,916.00
633  2026-03-25 12:00:00   GOLD 4,573.15 4,573.59 4,533.15 4,556.32  -16.70       -0.37 161,478.00
634  2026-03-25 16:00:00   GOLD 4,556.30 4,585.60 4,521.88 4,544.10  -12.22       -0.27 203,020.00
635  2026-03-25 20:00:00   GOLD 4,544.09 4,579.44 4,525.27 4,555.14   11.04        0.24 369,940.00
636  2026-03-26 00:00:00   GOLD 4,555.15 4,569.02 4,486.59 4,506.85  -48.29       -1.06 196,694.00
637  2026-03-26 04:00:00   GOLD 4,521.85 4,539.06 4,489.07 4,535.78   28.93        0.64 102,334.00
638  2026-03-26 08:00:00   GOLD 4,535.72 4,544.81 4,500.06 4,520.54  -15.24       -0.34 138,897.00
639  2026-03-26 12:00:00   GOLD 4,520.58 4,522.55 4,412.44 4,428.06  -92.48       -2.05 280,214.00
640  2026-03-26 16:00:00   GOLD 4,427.99 4,456.86 4,414.70 4,429.47    1.41        0.03 270,430.00
641  2026-03-26 20:00:00   GOLD 4,429.31 4,479.90 4,366.95 4,389.38  -40.10       -0.91 429,326.00
642  2026-03-27 00:00:00   GOLD 4,389.31 4,420.75 4,351.35 4,378.20  -11.18       -0.25 324,507.00
643  2026-03-27 04:00:00   GOLD 4,388.67 4,415.40 4,375.52 4,378.76    0.56        0.01  71,042.00
644  2026-03-27 08:00:00   GOLD 4,378.74 4,449.83 4,377.28 4,445.95   67.19        1.53 125,079.00
645  2026-03-27 12:00:00   GOLD 4,446.08 4,475.30 4,424.02 4,424.51  -21.44       -0.48 146,692.00
646  2026-03-27 16:00:00   GOLD 4,424.47 4,445.34 4,404.58 4,438.01   13.50        0.31 157,229.00
647  2026-03-27 20:00:00   GOLD 4,437.97 4,555.63 4,413.77 4,507.35   69.34        1.56 317,653.00
648  2026-03-28 00:00:00   GOLD 4,511.27 4,528.76 4,486.51 4,493.69  -13.67       -0.30 199,576.00
649  2026-03-30 04:00:00   GOLD 4,512.54 4,513.55 4,417.43 4,432.30  -61.39       -1.37 179,921.00
650  2026-03-30 08:00:00   GOLD 4,431.87 4,518.18 4,431.82 4,497.02   64.73        1.46 234,471.00
651  2026-03-30 12:00:00   GOLD 4,497.03 4,550.85 4,497.02 4,538.22   41.20        0.92 178,051.00
652  2026-03-30 16:00:00   GOLD 4,538.23 4,580.73 4,523.60 4,569.44   31.22        0.69 185,961.00
653  2026-03-30 20:00:00   GOLD 4,569.49 4,578.84 4,512.57 4,539.98  -29.46       -0.64 333,019.00
654  2026-03-31 00:00:00   GOLD 4,539.92 4,542.46 4,493.10 4,510.65  -29.34       -0.65 199,274.00
655  2026-03-31 04:00:00   GOLD 4,517.71 4,548.31 4,482.66 4,547.94   37.29        0.83 136,057.00
656  2026-03-31 08:00:00   GOLD 4,547.94 4,619.26 4,532.15 4,564.93   16.99        0.37 238,656.00
657  2026-03-31 12:00:00   GOLD 4,564.53 4,581.94 4,543.51 4,568.76    3.83        0.08 161,280.00
658  2026-03-31 16:00:00   GOLD 4,568.80 4,597.76 4,529.55 4,574.82    6.06        0.13 186,987.00
659  2026-03-31 20:00:00   GOLD 4,575.00 4,651.59 4,567.98 4,638.23   63.41        1.39 308,893.00
660  2026-04-01 00:00:00   GOLD 4,638.14 4,687.34 4,636.50 4,667.88   29.65        0.64 267,046.00
661  2026-04-01 04:00:00   GOLD 4,674.53 4,722.60 4,662.12 4,710.92   43.05        0.92 103,756.00
662  2026-04-01 08:00:00   GOLD 4,710.93 4,724.52 4,667.19 4,676.49  -34.43       -0.73 159,294.00
663  2026-04-01 12:00:00   GOLD 4,676.61 4,747.81 4,674.72 4,728.70   52.20        1.12 171,743.00
664  2026-04-01 16:00:00   GOLD 4,728.77 4,762.90 4,713.19 4,724.77   -3.93       -0.08 150,689.00
665  2026-04-01 20:00:00   GOLD 4,724.82 4,790.84 4,716.28 4,787.30   62.53        1.32 285,879.00
666  2026-04-02 00:00:00   GOLD 4,787.31 4,793.19 4,742.17 4,758.20  -29.10       -0.61 191,243.00
667  2026-04-02 04:00:00   GOLD 4,758.47 4,800.80 4,751.98 4,784.42   26.22        0.55  98,071.00
668  2026-04-02 08:00:00   GOLD 4,784.41 4,786.36 4,649.47 4,672.65 -111.77       -2.34 314,119.00
669  2026-04-02 12:00:00   GOLD 4,672.64 4,680.91 4,553.85 4,621.01  -51.64       -1.11 235,179.00
670  2026-04-02 16:00:00   GOLD 4,620.99 4,635.44 4,592.90 4,601.77  -19.24       -0.42 185,118.00
671  2026-04-02 20:00:00   GOLD 4,601.71 4,699.89 4,580.65 4,659.22   57.45        1.25 466,981.00
672  2026-04-03 00:00:00   GOLD 4,659.22 4,682.01 4,645.78 4,676.74   17.53        0.38 177,553.00
673  2026-04-06 04:00:00   GOLD 4,638.25 4,654.59 4,600.85 4,622.59  -54.16       -1.16 138,211.00
674  2026-04-06 08:00:00   GOLD 4,622.63 4,671.73 4,620.60 4,659.21   36.62        0.79 145,060.00
675  2026-04-06 12:00:00   GOLD 4,659.20 4,698.21 4,643.51 4,695.86   36.65        0.79 130,116.00
676  2026-04-06 16:00:00   GOLD 4,696.09 4,706.88 4,659.65 4,676.22  -19.64       -0.42 113,437.00
677  2026-04-06 20:00:00   GOLD 4,676.21 4,697.78 4,652.10 4,660.52  -15.70       -0.34 254,445.00
678  2026-04-07 00:00:00   GOLD 4,660.55 4,666.73 4,645.81 4,649.99  -10.52       -0.23 133,801.00
679  2026-04-07 04:00:00   GOLD 4,661.76 4,667.97 4,649.46 4,655.23    5.23        0.11  48,909.00
680  2026-04-07 08:00:00   GOLD 4,655.22 4,664.53 4,616.53 4,660.15    4.93        0.11 185,242.00
681  2026-04-07 12:00:00   GOLD 4,660.24 4,691.23 4,623.48 4,683.03   22.88        0.49 187,265.00
682  2026-04-07 16:00:00   GOLD 4,682.90 4,694.90 4,629.02 4,651.67  -31.36       -0.67 214,779.00
683  2026-04-07 20:00:00   GOLD 4,651.68 4,668.82 4,607.63 4,657.29    5.62        0.12 339,088.00
684  2026-04-08 00:00:00   GOLD 4,657.28 4,718.96 4,654.11 4,704.81   47.52        1.02 240,469.00
685  2026-04-08 04:00:00   GOLD 4,741.85 4,858.22 4,713.04 4,817.72  112.90        2.40 231,077.00
686  2026-04-08 08:00:00   GOLD 4,817.73 4,825.44 4,788.12 4,803.52  -14.20       -0.29 150,908.00
687  2026-04-08 12:00:00   GOLD 4,803.53 4,843.90 4,790.39 4,794.20   -9.32       -0.19 150,430.00
688  2026-04-08 16:00:00   GOLD 4,794.12 4,807.42 4,768.40 4,799.77    5.57        0.12 137,098.00
689  2026-04-08 20:00:00   GOLD 4,799.70 4,806.92 4,732.31 4,760.52  -39.24       -0.82 306,279.00
690  2026-04-09 00:00:00   GOLD 4,760.60 4,764.51 4,699.31 4,718.96  -41.56       -0.87 182,937.00
691  2026-04-09 04:00:00   GOLD 4,727.55 4,729.67 4,698.73 4,707.19  -11.77       -0.25  76,360.00
692  2026-04-09 08:00:00   GOLD 4,707.18 4,733.04 4,699.90 4,720.92   13.73        0.29 116,061.00
693  2026-04-09 12:00:00   GOLD 4,720.98 4,733.19 4,703.58 4,726.17    5.25        0.11 147,268.00
694  2026-04-09 16:00:00   GOLD 4,726.15 4,759.87 4,723.25 4,746.07   19.90        0.42 112,779.00
695  2026-04-09 20:00:00   GOLD 4,746.06 4,801.28 4,738.65 4,789.09   43.02        0.91 321,647.00
696  2026-04-10 00:00:00   GOLD 4,789.09 4,801.39 4,760.84 4,765.40  -23.69       -0.49 175,302.00
697  2026-04-10 04:00:00   GOLD 4,772.62 4,772.62 4,750.53 4,763.21   -2.19       -0.05  40,328.00
698  2026-04-10 08:00:00   GOLD 4,763.22 4,777.42 4,738.10 4,758.52   -4.69       -0.10 104,942.00
699  2026-04-10 12:00:00   GOLD 4,758.51 4,769.39 4,730.74 4,740.98  -17.55       -0.37 108,585.00
700  2026-04-10 16:00:00   GOLD 4,741.01 4,782.60 4,740.69 4,771.92   30.94        0.65 116,744.00
701  2026-04-10 20:00:00   GOLD 4,771.93 4,794.98 4,747.38 4,763.84   -8.08       -0.17 265,723.00
702  2026-04-11 00:00:00   GOLD 4,763.86 4,773.35 4,741.01 4,749.69  -14.15       -0.30 136,033.00
703  2026-04-13 04:00:00   GOLD 4,670.43 4,698.96 4,644.47 4,695.64  -54.05       -1.14 103,034.00
704  2026-04-13 08:00:00   GOLD 4,695.63 4,728.23 4,693.79 4,723.16   27.52        0.59 137,783.00
705  2026-04-13 12:00:00   GOLD 4,723.17 4,740.03 4,716.39 4,723.63    0.47        0.01 120,815.00
706  2026-04-13 16:00:00   GOLD 4,723.64 4,729.23 4,703.38 4,723.48   -0.15       -0.00 131,718.00
707  2026-04-13 20:00:00   GOLD 4,723.43 4,746.27 4,700.56 4,733.22    9.74        0.21 329,800.00
708  2026-04-14 00:00:00   GOLD 4,733.23 4,750.20 4,723.54 4,740.34    7.12        0.15 126,910.00
709  2026-04-14 04:00:00   GOLD 4,746.92 4,776.07 4,745.84 4,769.98   29.64        0.63  55,226.00
710  2026-04-14 08:00:00   GOLD 4,769.94 4,777.39 4,761.79 4,774.24    4.26        0.09  91,371.00
711  2026-04-14 12:00:00   GOLD 4,774.24 4,796.63 4,757.85 4,786.97   12.73        0.27 138,047.00
712  2026-04-14 16:00:00   GOLD 4,787.08 4,789.40 4,751.22 4,771.48  -15.49       -0.32 122,211.00
713  2026-04-14 20:00:00   GOLD 4,771.48 4,820.34 4,771.19 4,810.07   38.60        0.81 217,631.00
714  2026-04-15 00:00:00   GOLD 4,810.12 4,846.37 4,809.54 4,841.76   31.69        0.66 121,348.00
715  2026-04-15 04:00:00   GOLD 4,849.15 4,850.88 4,827.28 4,835.56   -6.20       -0.13  47,800.00
716  2026-04-15 08:00:00   GOLD 4,835.52 4,871.38 4,816.91 4,825.07  -10.49       -0.22 118,323.00
717  2026-04-15 12:00:00   GOLD 4,825.12 4,830.53 4,804.05 4,818.63   -6.44       -0.13 112,884.00
718  2026-04-15 16:00:00   GOLD 4,818.56 4,819.56 4,786.08 4,811.76   -6.87       -0.14 139,135.00
719  2026-04-15 20:00:00   GOLD 4,811.69 4,830.61 4,787.15 4,803.98   -7.78       -0.16 206,308.00
720  2026-04-16 00:00:00   GOLD 4,803.98 4,808.96 4,787.90 4,790.94  -13.05       -0.27 117,090.00
721  2026-04-16 04:00:00   GOLD 4,798.47 4,837.81 4,790.87 4,833.15   42.21        0.88  49,394.00
722  2026-04-16 08:00:00   GOLD 4,833.20 4,836.47 4,811.33 4,833.19    0.04        0.00  80,626.00
723  2026-04-16 12:00:00   GOLD 4,833.21 4,838.56 4,806.59 4,813.85  -19.34       -0.40 122,001.00
724  2026-04-16 16:00:00   GOLD 4,813.81 4,823.14 4,805.16 4,816.27    2.41        0.05  93,826.00
725  2026-04-16 20:00:00   GOLD 4,816.28 4,824.04 4,772.57 4,792.10  -24.17       -0.50 287,506.00
726  2026-04-17 00:00:00   GOLD 4,792.10 4,798.67 4,781.45 4,790.66   -1.44       -0.03 107,501.00
727  2026-04-17 04:00:00   GOLD 4,793.94 4,801.30 4,785.97 4,794.85    4.19        0.09  41,779.00
728  2026-04-17 08:00:00   GOLD 4,794.88 4,804.48 4,767.85 4,802.99    8.15        0.17  95,158.00
729  2026-04-17 12:00:00   GOLD 4,802.99 4,806.20 4,778.81 4,796.11   -6.89       -0.14  93,418.00
730  2026-04-17 16:00:00   GOLD 4,796.11 4,848.01 4,782.26 4,846.52   50.41        1.05 125,188.00
731  2026-04-17 20:00:00   GOLD 4,846.53 4,891.54 4,834.91 4,867.18   20.66        0.43 345,698.00
732  2026-04-18 00:00:00   GOLD 4,867.15 4,869.66 4,830.79 4,831.61  -35.57       -0.73 192,426.00
733  2026-04-20 04:00:00   GOLD 4,774.81 4,794.97 4,736.83 4,772.81  -58.80       -1.22 112,826.00
734  2026-04-20 08:00:00   GOLD 4,772.80 4,814.46 4,771.44 4,789.03   16.22        0.34 112,464.00
735  2026-04-20 12:00:00   GOLD 4,789.06 4,805.80 4,779.54 4,796.40    7.36        0.15 142,596.00
736  2026-04-20 16:00:00   GOLD 4,796.35 4,822.18 4,783.72 4,803.51    7.11        0.15 130,854.00
737  2026-04-20 20:00:00   GOLD 4,803.49 4,827.69 4,792.61 4,805.55    2.05        0.04 282,629.00
738  2026-04-21 00:00:00   GOLD 4,805.65 4,821.98 4,803.90 4,820.11   14.56        0.30  87,228.00
739  2026-04-21 04:00:00   GOLD 4,825.14 4,833.40 4,817.00 4,823.90    3.78        0.08  56,057.00
740  2026-04-21 08:00:00   GOLD 4,823.90 4,824.54 4,788.87 4,789.49  -34.41       -0.71  75,360.00
741  2026-04-21 12:00:00   GOLD 4,789.41 4,797.15 4,772.89 4,786.09   -3.40       -0.07 123,743.00
742  2026-04-21 16:00:00   GOLD 4,786.11 4,798.03 4,766.55 4,778.98   -7.11       -0.15 120,352.00
743  2026-04-21 20:00:00   GOLD 4,778.97 4,794.52 4,708.38 4,711.27  -67.71       -1.42 348,553.00
744  2026-04-22 00:00:00   GOLD 4,711.29 4,722.28 4,668.62 4,720.69    9.41        0.20 329,802.00
745  2026-04-22 04:00:00   GOLD 4,726.09 4,747.45 4,715.78 4,740.02   19.34        0.41  54,762.00
746  2026-04-22 08:00:00   GOLD 4,739.96 4,765.03 4,735.88 4,754.66   14.64        0.31  88,756.00
747  2026-04-22 12:00:00   GOLD 4,754.72 4,772.39 4,751.98 4,757.19    2.52        0.05 106,539.00
748  2026-04-22 16:00:00   GOLD 4,757.09 4,762.60 4,742.98 4,744.54  -12.65       -0.27  99,799.00
749  2026-04-22 20:00:00   GOLD 4,744.56 4,760.99 4,723.99 4,728.62  -15.92       -0.34 239,238.00
750  2026-04-23 00:00:00   GOLD 4,728.61 4,750.20 4,728.56 4,740.45   11.84        0.25 112,597.00
751  2026-04-23 04:00:00   GOLD 4,741.96 4,754.20 4,694.14 4,747.77    7.31        0.15  86,330.00
752  2026-04-23 08:00:00   GOLD 4,747.76 4,750.06 4,698.26 4,704.49  -43.28       -0.91 141,963.00
753  2026-04-23 12:00:00   GOLD 4,704.55 4,725.11 4,692.48 4,703.45   -1.04       -0.02 135,213.00
754  2026-04-23 16:00:00   GOLD 4,703.39 4,743.20 4,684.27 4,740.12   36.68        0.78 166,226.00
755  2026-04-23 20:00:00   GOLD 4,740.11 4,741.23 4,715.76 4,733.06   -7.07       -0.15 234,644.00
756  2026-04-24 00:00:00   GOLD 4,733.10 4,734.61 4,664.38 4,694.09  -38.97       -0.82 293,142.00
757  2026-04-24 04:00:00   GOLD 4,695.94 4,708.18 4,686.65 4,704.69   10.60        0.23  66,545.00
758  2026-04-24 08:00:00   GOLD 4,704.68 4,711.23 4,658.03 4,674.48  -30.20       -0.64 138,821.00
759  2026-04-24 12:00:00   GOLD 4,674.55 4,697.55 4,667.06 4,690.91   16.43        0.35 106,893.00
760  2026-04-24 16:00:00   GOLD 4,690.93 4,717.44 4,674.88 4,700.64    9.73        0.21 167,191.00
761  2026-04-24 20:00:00   GOLD 4,700.71 4,740.57 4,689.66 4,726.98   26.34        0.56 279,974.00
762  2026-04-25 00:00:00   GOLD 4,726.99 4,730.16 4,705.47 4,709.75  -17.23       -0.36 117,112.00
763  2026-04-27 04:00:00   GOLD 4,696.88 4,698.53 4,672.40 4,697.94  -11.81       -0.25  61,215.00
764  2026-04-27 08:00:00   GOLD 4,697.90 4,729.97 4,691.07 4,725.00   27.06        0.58 111,635.00
765  2026-04-27 12:00:00   GOLD 4,725.01 4,725.59 4,705.60 4,706.80  -18.20       -0.39 110,640.00
766  2026-04-27 16:00:00   GOLD 4,706.79 4,712.65 4,697.12 4,699.43   -7.36       -0.16  93,683.00
767  2026-04-27 20:00:00   GOLD 4,699.40 4,703.68 4,667.34 4,676.90  -22.53       -0.48 238,738.00
768  2026-04-28 00:00:00   GOLD 4,676.91 4,686.31 4,668.44 4,681.95    5.06        0.11  94,777.00
769  2026-04-28 04:00:00   GOLD 4,682.59 4,701.64 4,682.39 4,690.84    8.88        0.19  34,833.00
770  2026-04-28 08:00:00   GOLD 4,690.82 4,691.75 4,666.60 4,667.73  -23.11       -0.49  86,563.00
771  2026-04-28 12:00:00   GOLD 4,667.84 4,668.08 4,614.75 4,629.77  -37.96       -0.81 180,214.00
772  2026-04-28 16:00:00   GOLD 4,629.73 4,630.12 4,555.14 4,593.94  -35.84       -0.77 215,946.00
773  2026-04-28 20:00:00   GOLD 4,593.90 4,594.93 4,557.36 4,592.24   -1.70       -0.04 367,721.00
774  2026-04-29 00:00:00   GOLD 4,592.26 4,601.51 4,587.28 4,596.80    4.56        0.10 120,395.00
775  2026-04-29 04:00:00   GOLD 4,598.74 4,610.53 4,588.10 4,600.52    3.72        0.08  41,271.00
776  2026-04-29 08:00:00   GOLD 4,600.53 4,605.84 4,575.72 4,604.82    4.30        0.09 142,112.00
777  2026-04-29 12:00:00   GOLD 4,604.81 4,607.73 4,557.39 4,573.43  -31.39       -0.68 160,138.00
778  2026-04-29 16:00:00   GOLD 4,573.41 4,580.75 4,541.70 4,544.94  -28.49       -0.62 163,680.00
779  2026-04-29 20:00:00   GOLD 4,544.91 4,564.98 4,510.10 4,545.56    0.62        0.01 325,591.00
780  2026-04-30 00:00:00   GOLD 4,545.60 4,554.62 4,518.34 4,543.72   -1.85       -0.04 255,890.00
781  2026-04-30 04:00:00   GOLD 4,540.13 4,574.24 4,539.69 4,569.99   26.27        0.58  66,995.00
782  2026-04-30 08:00:00   GOLD 4,569.92 4,582.59 4,540.93 4,542.05  -27.94       -0.61 113,997.00
783  2026-04-30 12:00:00   GOLD 4,542.06 4,629.76 4,541.97 4,616.36   74.31        1.64 170,540.00
784  2026-04-30 16:00:00   GOLD 4,616.35 4,647.05 4,614.29 4,639.61   23.25        0.50 191,620.00
785  2026-04-30 20:00:00   GOLD 4,639.66 4,645.90 4,605.48 4,607.74  -31.86       -0.69 287,167.00
786  2026-05-01 00:00:00   GOLD 4,607.71 4,627.41 4,607.70 4,622.06   14.32        0.31 129,409.00
787  2026-05-01 04:00:00   GOLD 4,629.52 4,634.15 4,618.64 4,619.93   -2.13       -0.05  57,294.00
788  2026-05-01 08:00:00   GOLD 4,619.91 4,635.94 4,609.20 4,609.27  -10.66       -0.23  85,700.00
789  2026-05-01 12:00:00   GOLD 4,609.26 4,616.20 4,565.16 4,569.23  -40.04       -0.87 124,927.00
790  2026-05-01 16:00:00   GOLD 4,569.20 4,607.88 4,560.32 4,591.44   22.21        0.49 109,529.00
791  2026-05-01 20:00:00   GOLD 4,591.43 4,660.59 4,586.69 4,638.81   47.38        1.03 285,943.00
792  2026-05-02 00:00:00   GOLD 4,638.81 4,642.78 4,607.22 4,613.84  -24.98       -0.54 135,069.00
793  2026-05-04 04:00:00   GOLD 4,625.35 4,629.47 4,601.82 4,613.17   -0.66       -0.01  63,634.00
794  2026-05-04 08:00:00   GOLD 4,613.12 4,618.82 4,591.11 4,606.20   -6.97       -0.15 102,200.00
795  2026-05-04 12:00:00   GOLD 4,606.19 4,613.16 4,573.85 4,577.27  -28.93       -0.63 131,188.00
796  2026-05-04 16:00:00   GOLD 4,577.24 4,584.82 4,526.09 4,568.49   -8.78       -0.19 188,070.00
797  2026-05-04 20:00:00   GOLD 4,568.52 4,583.38 4,501.03 4,510.69  -57.80       -1.27 359,308.00
798  2026-05-05 00:00:00   GOLD 4,510.74 4,531.72 4,509.96 4,524.11   13.42        0.30 130,535.00
799  2026-05-05 04:00:00   GOLD 4,520.77 4,530.48 4,513.65 4,529.76    5.64        0.12  26,133.00
800  2026-05-05 08:00:00   GOLD 4,529.63 4,546.94 4,525.47 4,533.67    3.91        0.09  44,206.00
801  2026-05-05 12:00:00   GOLD 4,533.62 4,559.57 4,531.47 4,558.38   24.70        0.54  82,841.00
802  2026-05-05 16:00:00   GOLD 4,558.36 4,574.60 4,539.96 4,564.41    6.03        0.13  84,442.00
803  2026-05-05 20:00:00   GOLD 4,564.42 4,586.60 4,553.77 4,561.30   -3.11       -0.07 123,829.00
804  2026-05-06 00:00:00   GOLD 4,561.28 4,565.83 4,551.62 4,557.53   -3.76       -0.08  64,643.00
805  2026-05-06 04:00:00   GOLD 4,552.07 4,619.97 4,546.36 4,618.80   61.27        1.34  60,804.00
806  2026-05-06 08:00:00   GOLD 4,618.65 4,653.59 4,609.63 4,648.81   30.01        0.65  85,139.00
807  2026-05-06 12:00:00   GOLD 4,648.82 4,702.97 4,644.77 4,700.58   51.77        1.11 109,528.00
808  2026-05-06 16:00:00   GOLD 4,700.63 4,723.14 4,660.44 4,683.29  -17.29       -0.37 180,249.00
809  2026-05-06 20:00:00   GOLD 4,683.32 4,717.62 4,669.02 4,683.21   -0.08       -0.00 190,677.00
810  2026-05-07 00:00:00   GOLD 4,683.20 4,700.23 4,679.15 4,690.91    7.70        0.16  76,193.00
811  2026-05-07 04:00:00   GOLD 4,690.16 4,701.55 4,685.65 4,688.85   -2.06       -0.04  46,019.00
812  2026-05-07 08:00:00   GOLD 4,688.86 4,721.53 4,685.27 4,696.48    7.62        0.16  84,291.00
813  2026-05-07 12:00:00   GOLD 4,696.43 4,753.44 4,694.91 4,731.08   34.60        0.74 130,904.00
814  2026-05-07 16:00:00   GOLD 4,731.11 4,752.69 4,721.84 4,750.19   19.11        0.40 110,927.00
815  2026-05-07 20:00:00   GOLD 4,750.23 4,764.90 4,704.57 4,715.24  -34.95       -0.74 212,671.00
816  2026-05-08 00:00:00   GOLD 4,715.23 4,719.69 4,686.28 4,687.18  -28.06       -0.60 194,890.00
817  2026-05-08 04:00:00   GOLD 4,694.56 4,709.61 4,682.05 4,701.38   14.20        0.30  54,791.00
818  2026-05-08 08:00:00   GOLD 4,701.30 4,732.89 4,700.45 4,711.13    9.75        0.21  93,153.00
819  2026-05-08 12:00:00   GOLD 4,711.22 4,734.90 4,697.05 4,715.76    4.63        0.10 113,355.00
820  2026-05-08 16:00:00   GOLD 4,715.76 4,732.12 4,702.88 4,724.48    8.72        0.19 102,038.00
821  2026-05-08 20:00:00   GOLD 4,724.40 4,749.58 4,702.06 4,712.52  -11.96       -0.25 203,504.00
822  2026-05-09 00:00:00   GOLD 4,712.51 4,729.02 4,712.23 4,715.72    3.19        0.07  73,230.00
823  2026-05-11 04:00:00   GOLD 4,687.43 4,698.65 4,670.51 4,683.44  -32.28       -0.68  59,383.00
824  2026-05-11 08:00:00   GOLD 4,683.41 4,705.56 4,668.55 4,672.16  -11.28       -0.24 111,883.00
825  2026-05-11 12:00:00   GOLD 4,672.10 4,680.97 4,648.09 4,667.90   -4.26       -0.09  96,249.00
826  2026-05-11 16:00:00   GOLD 4,667.84 4,701.24 4,650.80 4,700.03   32.14        0.69  94,737.00
827  2026-05-11 20:00:00   GOLD 4,700.06 4,748.95 4,698.82 4,716.48   16.45        0.35 163,823.00
828  2026-05-12 00:00:00   GOLD 4,716.41 4,738.59 4,715.92 4,735.45   18.97        0.40  72,958.00
829  2026-05-12 04:00:00   GOLD 4,740.56 4,773.57 4,737.79 4,749.56   14.11        0.30  65,401.00
830  2026-05-12 08:00:00   GOLD 4,749.51 4,755.81 4,710.98 4,714.26  -35.31       -0.74 120,447.00
831  2026-05-12 12:00:00   GOLD 4,714.22 4,722.32 4,686.40 4,703.41  -10.84       -0.23 119,035.00
832  2026-05-12 16:00:00   GOLD 4,703.36 4,711.68 4,685.28 4,705.74    2.32        0.05 119,642.00
833  2026-05-12 20:00:00   GOLD 4,705.73 4,709.02 4,638.36 4,671.38  -34.36       -0.73 231,428.00
834  2026-05-13 00:00:00   GOLD 4,671.38 4,719.36 4,671.38 4,715.49   44.12        0.94 106,791.00
835  2026-05-13 04:00:00   GOLD 4,719.90 4,727.03 4,711.74 4,714.95   -0.54       -0.01  61,399.00
836  2026-05-13 08:00:00   GOLD 4,715.02 4,717.40 4,687.70 4,699.57  -15.39       -0.33  83,384.00
837  2026-05-13 12:00:00   GOLD 4,699.52 4,715.39 4,693.73 4,700.60    1.03        0.02  90,689.00
838  2026-05-13 16:00:00   GOLD 4,700.61 4,710.59 4,676.14 4,683.84  -16.76       -0.36 104,644.00
839  2026-05-13 20:00:00   GOLD 4,683.72 4,709.90 4,669.52 4,695.86   12.02        0.26 166,650.00
840  2026-05-14 00:00:00   GOLD 4,695.89 4,701.28 4,677.63 4,689.14   -6.72       -0.14  84,778.00
841  2026-05-14 04:00:00   GOLD 4,693.60 4,706.80 4,689.06 4,705.06   15.92        0.34  38,092.00
842  2026-05-14 08:00:00   GOLD 4,705.02 4,712.69 4,668.71 4,702.35   -2.71       -0.06 112,212.00
843  2026-05-14 12:00:00   GOLD 4,702.54 4,718.88 4,686.31 4,693.48   -8.87       -0.19 110,250.00
844  2026-05-14 16:00:00   GOLD 4,693.55 4,710.16 4,688.65 4,704.95   11.47        0.24  99,932.00
845  2026-05-14 20:00:00   GOLD 4,704.94 4,707.94 4,666.78 4,678.66  -26.29       -0.56 187,361.00
846  2026-05-15 00:00:00   GOLD 4,678.68 4,683.11 4,644.31 4,652.27  -26.39       -0.56  90,257.00
847  2026-05-15 04:00:00   GOLD 4,654.08 4,665.44 4,613.74 4,630.47  -21.81       -0.47  74,142.00
848  2026-05-15 08:00:00   GOLD 4,630.48 4,631.69 4,604.45 4,606.19  -24.28       -0.52 157,085.00
849  2026-05-15 12:00:00   GOLD 4,606.30 4,606.58 4,550.06 4,554.62  -51.57       -1.12 208,778.00
850  2026-05-15 16:00:00   GOLD 4,554.60 4,572.77 4,531.99 4,545.96   -8.66       -0.19 166,607.00
851  2026-05-15 20:00:00   GOLD 4,545.97 4,566.73 4,510.98 4,544.40   -1.56       -0.03 260,375.00
852  2026-05-16 00:00:00   GOLD 4,544.23 4,564.60 4,533.34 4,540.65   -3.75       -0.08 115,995.00
853  2026-05-18 04:00:00   GOLD 4,545.81 4,554.91 4,480.41 4,514.80  -25.85       -0.57 117,782.00
854  2026-05-18 08:00:00   GOLD 4,514.80 4,549.93 4,489.53 4,540.82   26.03        0.58 193,618.00
855  2026-05-18 12:00:00   GOLD 4,540.77 4,560.10 4,530.01 4,549.97    9.15        0.20 145,419.00
856  2026-05-18 16:00:00   GOLD 4,549.96 4,575.06 4,529.96 4,571.43   21.45        0.47 138,809.00
857  2026-05-18 20:00:00   GOLD 4,571.43 4,584.38 4,531.85 4,550.21  -21.22       -0.46 223,399.00
858  2026-05-19 00:00:00   GOLD 4,550.04 4,566.87 4,534.38 4,566.16   15.95        0.35 123,345.00
859  2026-05-19 04:00:00   GOLD 4,570.36 4,589.58 4,561.47 4,563.21   -2.95       -0.06  51,365.00
860  2026-05-19 08:00:00   GOLD 4,563.26 4,572.48 4,538.07 4,542.60  -20.61       -0.45 100,732.00
861  2026-05-19 12:00:00   GOLD 4,542.71 4,559.53 4,531.09 4,543.05    0.45        0.01 122,905.00
862  2026-05-19 16:00:00   GOLD 4,543.03 4,548.01 4,525.68 4,537.31   -5.74       -0.13 106,569.00
863  2026-05-19 20:00:00   GOLD 4,537.39 4,537.70 4,464.78 4,507.90  -29.41       -0.65 260,574.00
864  2026-05-20 00:00:00   GOLD 4,507.73 4,511.12 4,481.07 4,482.11  -25.78       -0.57 105,339.00
865  2026-05-20 04:00:00   GOLD 4,484.73 4,508.85 4,477.45 4,501.19   19.07        0.43  71,089.00
866  2026-05-20 08:00:00   GOLD 4,501.18 4,506.29 4,453.39 4,462.14  -39.05       -0.87 135,517.00
867  2026-05-20 12:00:00   GOLD 4,462.07 4,490.31 4,461.69 4,484.06   21.92        0.49 120,385.00
868  2026-05-20 16:00:00   GOLD 4,484.03 4,505.44 4,472.81 4,496.24   12.18        0.27  86,855.00
869  2026-05-20 20:00:00   GOLD 4,496.24 4,553.05 4,467.24 4,534.47   38.22        0.85 257,852.00
870  2026-05-21 00:00:00   GOLD 4,534.48 4,550.44 4,529.12 4,543.70    9.24        0.20 102,344.00
871  2026-05-21 04:00:00   GOLD 4,544.62 4,553.35 4,534.74 4,545.16    1.45        0.03  65,527.00
872  2026-05-21 08:00:00   GOLD 4,545.19 4,570.90 4,527.37 4,538.63   -6.53       -0.14 107,231.00
873  2026-05-21 12:00:00   GOLD 4,538.72 4,540.66 4,512.07 4,532.72   -5.91       -0.13 149,726.00
874  2026-05-21 16:00:00   GOLD 4,532.69 4,543.06 4,502.08 4,504.25  -28.47       -0.63 159,401.00
875  2026-05-21 20:00:00   GOLD 4,504.24 4,521.10 4,488.63 4,519.47   15.22        0.34 231,569.00
876  2026-05-22 00:00:00   GOLD 4,519.47 4,559.36 4,514.28 4,543.43   23.96        0.53 188,062.00
877  2026-05-22 04:00:00   GOLD 4,544.90 4,545.26 4,525.64 4,526.71  -16.72       -0.37  40,524.00
878  2026-05-22 08:00:00   GOLD 4,526.69 4,536.23 4,518.53 4,527.14    0.43        0.01  80,241.00
879  2026-05-22 12:00:00   GOLD 4,527.09 4,534.32 4,507.43 4,521.84   -5.30       -0.12 117,352.00
880  2026-05-22 16:00:00   GOLD 4,521.83 4,536.82 4,510.28 4,528.24    6.40        0.14 118,434.00
881  2026-05-22 20:00:00   GOLD 4,528.23 4,534.49 4,491.93 4,515.05  -13.19       -0.29 193,175.00
882  2026-05-23 00:00:00   GOLD 4,515.10 4,527.99 4,504.17 4,509.69   -5.36       -0.12 109,437.00
883  2026-05-25 04:00:00   GOLD 4,550.54 4,580.21 4,548.91 4,569.72   60.03        1.33  75,189.00
884  2026-05-25 08:00:00   GOLD 4,569.72 4,576.59 4,556.59 4,564.88   -4.84       -0.11  87,103.00
885  2026-05-25 12:00:00   GOLD 4,564.90 4,566.00 4,550.55 4,556.01   -8.87       -0.19  84,297.00
886  2026-05-25 16:00:00   GOLD 4,556.07 4,577.11 4,553.12 4,567.80   11.78        0.26  67,958.00
887  2026-05-25 20:00:00   GOLD 4,567.74 4,574.88 4,560.17 4,573.63    5.84        0.13  70,486.00
888  2026-05-26 00:00:00   GOLD 4,573.48 4,578.06 4,563.36 4,570.31   -3.32       -0.07  15,849.00
889  2026-05-26 04:00:00   GOLD 4,571.33 4,580.24 4,539.60 4,549.90  -20.41       -0.45  60,578.00
890  2026-05-26 08:00:00   GOLD 4,549.90 4,550.69 4,523.59 4,525.65  -24.25       -0.53  75,565.00
891  2026-05-26 12:00:00   GOLD 4,525.64 4,539.20 4,520.11 4,523.88   -1.77       -0.04 101,425.00
892  2026-05-26 16:00:00   GOLD 4,523.89 4,540.69 4,500.78 4,520.59   -3.29       -0.07 130,533.00
893  2026-05-26 20:00:00   GOLD 4,520.56 4,531.48 4,499.85 4,505.15  -15.44       -0.34 155,927.00
894  2026-05-27 00:00:00   GOLD 4,505.15 4,511.22 4,482.62 4,507.57    2.41        0.05  80,035.00
895  2026-05-27 04:00:00   GOLD 4,506.73 4,528.05 4,498.12 4,515.06    7.49        0.17  53,196.00
896  2026-05-27 08:00:00   GOLD 4,515.06 4,521.19 4,496.06 4,510.28   -4.78       -0.11  56,340.00
897  2026-05-27 12:00:00   GOLD 4,510.31 4,513.94 4,475.98 4,497.93  -12.35       -0.27 112,229.00
898  2026-05-27 16:00:00   GOLD 4,497.92 4,497.92 4,425.15 4,439.01  -58.92       -1.31 165,497.00
899  2026-05-27 20:00:00   GOLD 4,438.98 4,455.65 4,401.63 4,450.80   11.79        0.27 208,400.00
900  2026-05-28 00:00:00   GOLD 4,450.82 4,458.98 4,441.41 4,456.12    5.32        0.12  63,124.00
901  2026-05-28 04:00:00   GOLD 4,456.89 4,462.58 4,443.70 4,457.15    1.03        0.02  42,106.00
902  2026-05-28 08:00:00   GOLD 4,457.56 4,459.00 4,366.23 4,373.10  -84.05       -1.89 137,183.00
903  2026-05-28 12:00:00   GOLD 4,373.13 4,396.31 4,367.22 4,387.06   13.95        0.32 111,515.00
904  2026-05-28 16:00:00   GOLD 4,387.01 4,433.88 4,375.26 4,432.24   45.18        1.03 111,884.00
905  2026-05-28 20:00:00   GOLD 4,432.24 4,511.07 4,418.26 4,511.02   78.78        1.78 251,317.00
906  2026-05-29 00:00:00   GOLD 4,511.03 4,516.63 4,494.77 4,495.82  -15.19       -0.34  88,851.00
907  2026-05-29 04:00:00   GOLD 4,497.09 4,500.75 4,488.98 4,496.22    0.40        0.01  39,587.00
908  2026-05-29 08:00:00   GOLD 4,496.37 4,520.81 4,492.42 4,514.10   17.88        0.40  73,753.00
909  2026-05-29 12:00:00   GOLD 4,514.10 4,526.20 4,502.64 4,514.95    0.85        0.02  90,704.00
910  2026-05-29 16:00:00   GOLD 4,514.97 4,543.31 4,512.73 4,523.22    8.27        0.18  98,662.00
911  2026-05-29 20:00:00   GOLD 4,523.18 4,595.33 4,517.04 4,567.03   43.81        0.97 239,520.00
912  2026-05-30 00:00:00   GOLD 4,567.05 4,568.57 4,540.06 4,540.53  -26.50       -0.58  95,943.00
913  2026-06-01 04:00:00   GOLD 4,520.80 4,546.27 4,520.02 4,540.77    0.24        0.01  47,485.00
914  2026-06-01 08:00:00   GOLD 4,540.83 4,541.45 4,508.64 4,514.64  -26.12       -0.58  72,117.00
915  2026-06-01 12:00:00   GOLD 4,514.66 4,525.27 4,490.45 4,498.27  -16.37       -0.36  86,886.00
916  2026-06-01 16:00:00   GOLD 4,498.27 4,513.08 4,489.10 4,502.22    3.94        0.09  85,589.00
917  2026-06-01 20:00:00   GOLD 4,502.27 4,503.98 4,447.86 4,480.17  -22.05       -0.49 225,901.00
918  2026-06-02 00:00:00   GOLD 4,480.23 4,495.54 4,471.58 4,484.73    4.56        0.10  77,196.00
919  2026-06-02 04:00:00   GOLD 4,483.39 4,497.14 4,476.91 4,481.55   -3.18       -0.07  43,647.00
920  2026-06-02 08:00:00   GOLD 4,481.45 4,518.40 4,463.01 4,517.45   35.90        0.80 101,804.00
921  2026-06-02 12:00:00   GOLD 4,517.44 4,541.63 4,515.10 4,526.85    9.40        0.21  90,253.00
922  2026-06-02 16:00:00   GOLD 4,526.85 4,535.76 4,513.56 4,514.79  -12.06       -0.27  76,481.00
923  2026-06-02 20:00:00   GOLD 4,514.84 4,524.91 4,486.35 4,491.97  -22.82       -0.51 141,142.00
924  2026-06-03 00:00:00   GOLD 4,491.95 4,493.22 4,478.78 4,487.95   -4.01       -0.09  58,567.00
925  2026-06-03 04:00:00   GOLD 4,490.11 4,496.89 4,462.29 4,486.19   -1.77       -0.04  59,938.00
926  2026-06-03 08:00:00   GOLD 4,486.01 4,488.44 4,463.64 4,469.48  -16.70       -0.37  79,216.00
927  2026-06-03 12:00:00   GOLD 4,469.45 4,474.45 4,440.36 4,444.11  -25.38       -0.57 106,484.00
928  2026-06-03 16:00:00   GOLD 4,444.06 4,468.19 4,439.09 4,460.36   16.26        0.37 106,896.00
929  2026-06-03 20:00:00   GOLD 4,460.34 4,466.20 4,426.42 4,442.00  -18.36       -0.41 200,677.00
930  2026-06-04 00:00:00   GOLD 4,442.03 4,452.32 4,430.64 4,434.72   -7.28       -0.16  85,551.00
931  2026-06-04 04:00:00   GOLD 4,431.91 4,465.46 4,423.97 4,448.57   13.85        0.31  74,377.00
932  2026-06-04 08:00:00   GOLD 4,448.38 4,484.06 4,443.18 4,481.14   32.57        0.73 106,099.00
933  2026-06-04 12:00:00   GOLD 4,481.20 4,482.44 4,458.66 4,463.57  -17.57       -0.39  93,878.00
934  2026-06-04 16:00:00   GOLD 4,463.60 4,514.76 4,461.03 4,504.19   40.62        0.91 125,369.00
935  2026-06-04 20:00:00   GOLD 4,504.17 4,515.52 4,457.36 4,482.85  -21.33       -0.47 170,357.00
936  2026-06-05 00:00:00   GOLD 4,482.84 4,483.56 4,472.77 4,475.29   -7.56       -0.17  68,378.00
937  2026-06-05 04:00:00   GOLD 4,474.19 4,481.62 4,450.79 4,459.55  -15.74       -0.35  54,818.00
938  2026-06-05 08:00:00   GOLD 4,459.56 4,470.05 4,435.31 4,445.06  -14.49       -0.32 117,315.00
939  2026-06-05 12:00:00   GOLD 4,445.09 4,468.35 4,428.72 4,462.80   17.73        0.40 118,054.00
940  2026-06-05 16:00:00   GOLD 4,462.72 4,475.89 4,404.93 4,406.60  -56.19       -1.26 123,676.00
941  2026-06-05 20:00:00   GOLD 4,406.65 4,421.23 4,323.27 4,344.68  -61.92       -1.41 331,278.00
942  2026-06-06 00:00:00   GOLD 4,344.85 4,347.45 4,311.93 4,327.89  -16.80       -0.39 212,892.00
943  2026-06-08 04:00:00   GOLD 4,321.55 4,353.45 4,310.11 4,342.45   14.56        0.34  96,928.00
944  2026-06-08 08:00:00   GOLD 4,342.55 4,346.18 4,300.02 4,312.98  -29.47       -0.68 175,249.00
945  2026-06-08 12:00:00   GOLD 4,312.98 4,316.96 4,268.48 4,288.82  -24.16       -0.56 187,432.00
946  2026-06-08 16:00:00   GOLD 4,288.84 4,339.51 4,273.16 4,333.34   44.52        1.04 151,191.00
947  2026-06-08 20:00:00   GOLD 4,333.35 4,346.88 4,314.94 4,340.77    7.43        0.17 207,626.00
948  2026-06-09 00:00:00   GOLD 4,340.81 4,346.01 4,323.36 4,330.06  -10.71       -0.25 119,170.00
949  2026-06-09 04:00:00   GOLD 4,326.50 4,328.93 4,312.96 4,320.05  -10.02       -0.23  55,334.00
950  2026-06-09 08:00:00   GOLD 4,320.02 4,342.27 4,318.66 4,332.59   12.54        0.29  98,656.00
951  2026-06-09 12:00:00   GOLD 4,332.62 4,351.56 4,321.32 4,326.69   -5.89       -0.14 107,613.00
952  2026-06-09 16:00:00   GOLD 4,326.69 4,344.39 4,324.19 4,341.56   14.86        0.34  80,804.00
953  2026-06-09 20:00:00   GOLD 4,341.57 4,363.72 4,236.70 4,252.16  -89.39       -2.06 378,703.00
954  2026-06-10 00:00:00   GOLD 4,252.19 4,274.35 4,249.96 4,259.97    7.80        0.18 193,830.00
955  2026-06-10 04:00:00   GOLD 4,256.15 4,257.60 4,199.02 4,218.42  -41.55       -0.98 102,310.00
956  2026-06-10 08:00:00   GOLD 4,218.44 4,219.20 4,172.56 4,174.85  -43.57       -1.03 165,689.00
957  2026-06-10 12:00:00   GOLD 4,174.90 4,222.01 4,161.47 4,169.14   -5.72       -0.14 168,986.00
958  2026-06-10 16:00:00   GOLD 4,169.11 4,179.65 4,130.62 4,147.23  -21.90       -0.53 225,569.00
959  2026-06-10 20:00:00   GOLD 4,147.29 4,186.42 4,107.03 4,122.13  -25.10       -0.61 386,088.00
960  2026-06-11 00:00:00   GOLD 4,122.09 4,135.08 4,067.24 4,072.01  -50.12       -1.22 195,473.00
961  2026-06-11 04:00:00   GOLD 4,061.70 4,078.15 4,023.87 4,075.92    3.91        0.10 157,050.00
962  2026-06-11 08:00:00   GOLD 4,075.72 4,118.40 4,052.30 4,082.93    7.01        0.17 209,410.00
963  2026-06-11 12:00:00   GOLD 4,082.93 4,112.73 4,072.89 4,084.72    1.79        0.04 145,877.00
964  2026-06-11 16:00:00   GOLD 4,084.71 4,096.54 4,057.55 4,081.97   -2.75       -0.07 149,547.00
965  2026-06-11 20:00:00   GOLD 4,081.98 4,107.76 4,052.97 4,080.38   -1.59       -0.04 310,330.00
966  2026-06-12 00:00:00   GOLD 4,080.38 4,220.22 4,072.02 4,211.19  130.82        3.21 341,536.00
967  2026-06-12 04:00:00   GOLD 4,208.53 4,246.72 4,200.88 4,208.44   -2.76       -0.07 107,492.00
968  2026-06-12 08:00:00   GOLD 4,208.40 4,210.98 4,171.40 4,189.92  -18.52       -0.44 126,865.00
969  2026-06-12 12:00:00   GOLD 4,189.89 4,226.13 4,170.29 4,219.55   29.62        0.71 161,370.00
970  2026-06-12 16:00:00   GOLD 4,219.55 4,228.07 4,188.59 4,191.76  -27.78       -0.66 136,515.00
971  2026-06-12 20:00:00   GOLD 4,191.80 4,235.69 4,177.25 4,216.15   24.39        0.58 317,917.00
972  2026-06-13 00:00:00   GOLD 4,216.19 4,235.48 4,201.82 4,218.56    2.41        0.06 134,983.00
973  2026-06-15 04:00:00   GOLD 4,301.66 4,309.19 4,280.40 4,292.55   73.98        1.75  66,557.00
974  2026-06-15 08:00:00   GOLD 4,292.64 4,335.57 4,285.32 4,328.35   35.80        0.83 101,678.00
975  2026-06-15 12:00:00   GOLD 4,328.33 4,345.56 4,301.01 4,334.14    5.80        0.13 102,819.00
976  2026-06-15 16:00:00   GOLD 4,334.15 4,349.41 4,324.80 4,349.15   15.01        0.35  89,990.00
977  2026-06-15 20:00:00   GOLD 4,349.14 4,369.66 4,334.65 4,339.19   -9.96       -0.23 171,992.00
978  2026-06-16 00:00:00   GOLD 4,339.26 4,339.26 4,306.55 4,308.85  -30.34       -0.70  86,627.00
979  2026-06-16 04:00:00   GOLD 4,312.98 4,320.95 4,306.11 4,319.30   10.44        0.24  41,078.00
980  2026-06-16 08:00:00   GOLD 4,319.31 4,333.38 4,307.70 4,322.63    3.34        0.08  79,717.00
981  2026-06-16 12:00:00   GOLD 4,322.65 4,348.10 4,313.53 4,347.02   24.39        0.56  83,087.00
982  2026-06-16 16:00:00   GOLD 4,347.03 4,354.95 4,335.16 4,354.66    7.64        0.18  80,390.00
983  2026-06-16 20:00:00   GOLD 4,354.57 4,354.84 4,313.32 4,340.60  -14.06       -0.32 161,843.00
984  2026-06-17 00:00:00   GOLD 4,340.57 4,342.94 4,325.37 4,331.28   -9.32       -0.21  85,220.00
985  2026-06-17 04:00:00   GOLD 4,331.69 4,341.78 4,328.61 4,337.06    5.78        0.13  30,665.00
986  2026-06-17 08:00:00   GOLD 4,336.99 4,349.60 4,317.66 4,326.85  -10.22       -0.24  67,280.00
987  2026-06-17 12:00:00   GOLD 4,326.87 4,334.28 4,317.19 4,324.72   -2.12       -0.05  76,525.00
988  2026-06-17 16:00:00   GOLD 4,324.67 4,335.81 4,319.94 4,333.68    8.96        0.21  78,492.00
989  2026-06-17 20:00:00   GOLD 4,333.68 4,366.56 4,324.09 4,359.52   25.84        0.60 153,581.00
990  2026-06-18 00:00:00   GOLD 4,359.51 4,382.61 4,219.16 4,257.65 -101.87       -2.34 405,262.00
991  2026-06-18 04:00:00   GOLD 4,257.68 4,315.39 4,257.68 4,308.39   50.74        1.19  76,447.00
992  2026-06-18 08:00:00   GOLD 4,308.35 4,329.86 4,306.83 4,315.68    7.29        0.17  95,889.00
993  2026-06-18 12:00:00   GOLD 4,315.69 4,324.91 4,265.60 4,266.97  -48.72       -1.13 113,733.00
994  2026-06-18 16:00:00   GOLD 4,267.03 4,273.36 4,240.07 4,246.79  -20.18       -0.47 137,668.00
995  2026-06-18 20:00:00   GOLD 4,246.77 4,276.74 4,214.16 4,219.65  -27.14       -0.64 248,124.00
996  2026-06-19 00:00:00   GOLD 4,219.68 4,233.23 4,201.49 4,208.99  -10.65       -0.25 126,198.00
997  2026-06-19 04:00:00   GOLD 4,204.63 4,210.69 4,184.07 4,190.62  -18.38       -0.44  54,305.00
998  2026-06-19 08:00:00   GOLD 4,190.62 4,194.66 4,125.23 4,125.69  -64.93       -1.55  86,369.00
999  2026-06-19 12:00:00   GOLD 4,125.63 4,160.34 4,121.95 4,154.95   29.27        0.71  73,644.00

==================================================
      HOÀN THÀNH PHÂN TÍCH          
==================================================
