==================================================
      VNSTOCK & GLOBAL MARKET ANALYZER
      Danh sách: GOLD
      Khung: 1H, Số lượng: 1000
==================================================

==================================================
      PHÂN TÍCH MÃ: GOLD (Gold / USD (TradingView))
      Khung thời gian: 1H
==================================================

--- [ LỊCH SỬ GIÁ GOLD  ] ---
               time symbol     open     high      low    close  change  wick_up   body  wick_dn     volume
2026-07-24 19:00:00   GOLD 4,057.81 4,060.28 4,051.82 4,056.09   -1.70     2.47  -1.72     4.28  22,559.00
2026-07-24 20:00:00   GOLD 4,056.07 4,068.68 4,044.81 4,067.86   11.77     0.82  11.79    11.26  37,483.00
2026-07-24 21:00:00   GOLD 4,067.86 4,069.98 4,056.11 4,063.35   -4.51     2.12  -4.51     7.24  49,470.00
2026-07-24 22:00:00   GOLD 4,063.40 4,082.16 4,061.95 4,077.53   14.18     4.62  14.13     1.45  51,085.00
2026-07-24 23:00:00   GOLD 4,077.57 4,078.24 4,064.28 4,067.18  -10.36     0.67 -10.40     2.89  23,799.00
2026-07-25 00:00:00   GOLD 4,067.18 4,069.96 4,062.99 4,063.51   -3.67     2.78  -3.67     0.52  20,442.00
2026-07-25 01:00:00   GOLD 4,063.55 4,064.61 4,051.26 4,054.47   -9.04     1.06  -9.09     3.21  14,386.00
2026-07-25 02:00:00   GOLD 4,054.52 4,058.01 4,049.38 4,053.89   -0.57     3.49  -0.62     4.51  18,222.00
2026-07-25 03:00:00   GOLD 4,053.88 4,056.47 4,051.66 4,052.84   -1.05     2.59  -1.03     1.18   8,652.00
2026-07-27 05:00:00   GOLD 4,090.16 4,093.84 4,084.03 4,089.57   36.73     3.68  -0.59     5.54   9,873.00
2026-07-27 06:00:00   GOLD 4,089.80 4,096.52 4,083.80 4,094.11    4.54     2.41   4.32     5.99  13,222.00
2026-07-27 07:00:00   GOLD 4,094.11 4,116.19 4,090.64 4,100.81    6.70    15.37   6.71     3.47  43,501.00
2026-07-27 08:00:00   GOLD 4,100.83 4,112.48 4,097.13 4,110.26    9.44     2.22   9.43     3.70  47,331.00
2026-07-27 09:00:00   GOLD 4,110.30 4,111.10 4,093.75 4,093.76  -16.49     0.80 -16.54     0.01  22,455.00
2026-07-27 10:00:00   GOLD 4,093.68 4,095.95 4,085.23 4,091.05   -2.72     2.28  -2.63     5.82  19,019.00
2026-07-27 11:00:00   GOLD 4,091.05 4,092.93 4,087.08 4,090.39   -0.66     1.87  -0.66     3.31  15,071.00
2026-07-27 12:00:00   GOLD 4,090.39 4,094.99 4,084.49 4,093.36    2.97     1.62   2.97     5.91  24,322.00
2026-07-27 13:00:00   GOLD 4,093.33 4,099.36 4,091.36 4,096.02    2.66     3.34   2.69     1.97  17,928.00
2026-07-27 14:00:00   GOLD 4,095.98 4,106.24 4,088.64 4,088.89   -7.14    10.26  -7.09     0.25  22,238.00
2026-07-27 15:00:00   GOLD 4,088.98 4,096.98 4,087.24 4,095.28    6.39     1.70   6.30     1.74  19,542.00
2026-07-27 16:00:00   GOLD 4,095.22 4,100.38 4,090.57 4,096.14    0.86     4.24   0.93     4.64  17,961.00
2026-07-27 17:00:00   GOLD 4,096.12 4,102.45 4,086.62 4,099.62    3.48     2.82   3.51     9.50  19,014.00
2026-07-27 18:00:00   GOLD 4,099.66 4,104.20 4,093.70 4,094.01   -5.61     4.55  -5.64     0.32  21,277.00
2026-07-27 19:00:00   GOLD 4,094.03 4,097.85 4,081.73 4,083.82  -10.19     3.82 -10.21     2.09  29,184.00
2026-07-27 20:00:00   GOLD 4,083.88 4,089.59 4,070.49 4,074.45   -9.38     5.72  -9.43     3.95  52,010.00
2026-07-27 21:00:00   GOLD 4,074.48 4,079.23 4,065.41 4,076.34    1.89     2.89   1.86     9.07  52,723.00
2026-07-27 22:00:00   GOLD 4,076.32 4,080.05 4,071.91 4,078.62    2.28     1.43   2.30     4.40  33,451.00
2026-07-27 23:00:00   GOLD 4,078.62 4,094.11 4,077.97 4,082.56    3.94    11.55   3.93     0.66  37,538.00
2026-07-28 00:00:00   GOLD 4,082.57 4,082.57 4,070.78 4,076.51   -6.05     0.00  -6.06     5.72  29,818.00
2026-07-28 01:00:00   GOLD 4,076.51 4,079.58 4,073.00 4,078.01    1.50     1.57   1.49     3.51  28,328.00
2026-07-28 02:00:00   GOLD 4,078.04 4,089.49 4,076.22 4,083.50    5.49     5.99   5.46     1.82  23,590.00
2026-07-28 03:00:00   GOLD 4,083.53 4,084.21 4,075.32 4,076.43   -7.07     0.68  -7.11     1.10   7,293.00
2026-07-28 05:00:00   GOLD 4,080.68 4,081.41 4,071.16 4,074.32   -2.11     0.73  -6.36     3.16   7,723.00
2026-07-28 06:00:00   GOLD 4,074.22 4,075.14 4,070.03 4,073.39   -0.93     0.92  -0.83     3.35  10,144.00
2026-07-28 07:00:00   GOLD 4,073.36 4,074.26 4,057.66 4,058.24  -15.14     0.90 -15.12     0.58  29,626.00
2026-07-28 08:00:00   GOLD 4,058.23 4,060.43 4,042.77 4,045.23  -13.01     2.20 -13.00     2.46  42,111.00
2026-07-28 09:00:00   GOLD 4,045.24 4,049.22 4,040.93 4,042.11   -3.12     3.97  -3.13     1.18  25,131.00
2026-07-28 10:00:00   GOLD 4,042.11 4,051.24 4,040.45 4,049.61    7.50     1.62   7.50     1.66  18,196.00
2026-07-28 11:00:00   GOLD 4,049.61 4,049.70 4,041.39 4,042.30   -7.31     0.09  -7.30     0.91  15,021.00
2026-07-28 12:00:00   GOLD 4,042.30 4,046.62 4,034.80 4,045.20    2.89     1.43   2.90     7.51  31,843.00
2026-07-28 13:00:00   GOLD 4,045.20 4,052.41 4,043.01 4,048.43    3.23     3.98   3.23     2.18  25,140.00
2026-07-28 14:00:00   GOLD 4,048.39 4,052.43 4,046.24 4,047.39   -1.03     4.03  -1.00     1.16  19,330.00
2026-07-28 15:00:00   GOLD 4,047.36 4,055.21 4,041.72 4,045.56   -1.84     7.86  -1.80     3.84  32,735.00
2026-07-28 16:00:00   GOLD 4,045.46 4,045.95 4,019.57 4,023.42  -22.14     0.49 -22.04     3.85  27,154.00
2026-07-28 17:00:00   GOLD 4,023.49 4,028.63 4,017.11 4,026.67    3.25     1.96   3.18     6.38  34,109.00
2026-07-28 18:00:00   GOLD 4,026.66 4,032.55 4,023.28 4,028.19    1.52     4.36   1.53     3.38  31,086.00
2026-07-28 19:00:00   GOLD 4,028.20 4,038.22 4,022.97 4,029.69    1.50     8.53   1.49     5.23  32,616.00
2026-07-28 20:00:00   GOLD 4,029.74 4,036.04 4,020.33 4,022.11   -7.58     6.30  -7.63     1.78  43,790.00
2026-07-28 21:00:00   GOLD 4,022.16 4,033.60 4,011.76 4,024.38    2.26     9.22   2.22    10.39  61,571.00
2026-07-28 22:00:00   GOLD 4,024.43 4,047.20 4,022.16 4,046.13   21.76     1.07  21.70     2.27  57,978.00
2026-07-28 23:00:00   GOLD 4,046.14 4,046.68 4,036.72 4,037.61   -8.53     0.53  -8.54     0.89  27,754.00
2026-07-29 00:00:00   GOLD 4,037.69 4,041.73 4,025.76 4,027.93   -9.67     4.04  -9.76     2.18  33,670.00
2026-07-29 01:00:00   GOLD 4,027.99 4,030.58 4,021.72 4,023.15   -4.78     2.59  -4.84     1.43  35,253.00
2026-07-29 02:00:00   GOLD 4,023.19 4,028.07 4,021.93 4,026.47    3.32     1.61   3.28     1.26  30,635.00
2026-07-29 03:00:00   GOLD 4,026.45 4,030.55 4,022.60 4,028.67    2.20     1.88   2.22     3.86  11,399.00
2026-07-29 05:00:00   GOLD 4,026.57 4,028.16 4,013.97 4,018.44  -10.23     1.60  -8.12     4.47  10,700.00
2026-07-29 06:00:00   GOLD 4,018.45 4,026.34 4,015.21 4,024.95    6.51     1.40   6.50     3.24  18,198.00
2026-07-29 07:00:00   GOLD 4,024.99 4,029.82 4,017.57 4,022.08   -2.87     4.83  -2.91     4.51  35,389.00
2026-07-29 08:00:00   GOLD 4,022.07 4,030.68 4,010.41 4,026.16    4.08     4.52   4.09    11.66  53,634.00
2026-07-29 09:00:00   GOLD 4,026.16 4,038.08 4,023.26 4,029.43    3.28     8.64   3.27     2.90  26,617.00
2026-07-29 10:00:00   GOLD 4,029.42 4,032.84 4,023.25 4,023.73   -5.70     3.42  -5.69     0.48  19,646.00
2026-07-29 11:00:00   GOLD 4,023.74 4,027.84 4,020.66 4,027.40    3.67     0.44   3.66     3.08  18,991.00
2026-07-29 12:00:00   GOLD 4,027.43 4,040.15 4,026.74 4,033.14    5.74     7.01   5.71     0.69  23,032.00
2026-07-29 13:00:00   GOLD 4,033.14 4,044.84 4,033.08 4,041.25    8.11     3.59   8.11     0.06  21,089.00
2026-07-29 14:00:00   GOLD 4,041.20 4,047.88 4,041.20 4,043.82    2.57     4.06   2.62     0.00  21,016.00
2026-07-29 15:00:00   GOLD 4,043.82 4,044.55 4,035.67 4,037.64   -6.18     0.73  -6.18     1.97  14,861.00
2026-07-29 16:00:00   GOLD 4,037.73 4,038.38 4,031.36 4,032.70   -4.94     0.65  -5.03     1.34  18,642.00
2026-07-29 17:00:00   GOLD 4,032.68 4,034.57 4,026.07 4,027.53   -5.16     1.89  -5.14     1.47  17,101.00
2026-07-29 18:00:00   GOLD 4,027.55 4,036.20 4,025.11 4,032.84    5.31     3.35   5.29     2.45  16,715.00
2026-07-29 19:00:00   GOLD 4,032.85 4,033.50 4,009.39 4,022.65  -10.19     0.65 -10.20    13.26  39,268.00
2026-07-29 20:00:00   GOLD 4,022.82 4,026.57 4,002.60 4,007.45  -15.20     3.74 -15.38     4.85  50,832.00
2026-07-29 21:00:00   GOLD 4,007.45 4,010.22 3,996.05 4,004.88   -2.57     2.76  -2.58     8.82  55,457.00
2026-07-29 22:00:00   GOLD 4,004.93 4,013.82 4,003.40 4,009.97    5.10     3.84   5.05     1.53  31,299.00
2026-07-29 23:00:00   GOLD 4,010.01 4,032.91 4,007.63 4,027.46   17.49     5.45  17.45     2.38  34,427.00
2026-07-30 00:00:00   GOLD 4,027.45 4,050.74 4,027.41 4,044.28   16.82     6.46  16.83     0.05  55,068.00
2026-07-30 01:00:00   GOLD 4,044.29 4,110.12 4,042.78 4,106.75   62.47     3.37  62.46     1.51 125,139.00
2026-07-30 02:00:00   GOLD 4,106.74 4,116.41 4,044.38 4,044.74  -62.01     9.68 -62.00     0.36 128,852.00
2026-07-30 03:00:00   GOLD 4,044.74 4,070.20 4,042.95 4,066.34   21.60     3.86  21.60     1.78  47,576.00
2026-07-30 05:00:00   GOLD 4,074.84 4,090.65 4,064.51 4,088.58   22.24     2.07  13.74    10.34  18,877.00
2026-07-30 06:00:00   GOLD 4,088.61 4,100.48 4,084.40 4,084.59   -3.99    11.87  -4.02     0.19  27,485.00
2026-07-30 07:00:00   GOLD 4,084.62 4,086.74 4,064.96 4,072.27  -12.32     2.11 -12.36     7.31  49,052.00
2026-07-30 08:00:00   GOLD 4,072.28 4,092.95 4,070.36 4,084.59   12.32     8.36  12.31     1.92  53,839.00
2026-07-30 09:00:00   GOLD 4,084.46 4,090.45 4,063.43 4,063.71  -20.88     5.99 -20.75     0.28  36,807.00
2026-07-30 10:00:00   GOLD 4,063.70 4,070.34 4,050.81 4,058.88   -4.83     6.64  -4.82     8.07  28,561.00
2026-07-30 11:00:00   GOLD 4,058.94 4,060.39 4,044.34 4,046.05  -12.84     1.45 -12.89     1.70  23,564.00
2026-07-30 12:00:00   GOLD 4,046.05 4,051.45 4,028.69 4,033.82  -12.22     5.39 -12.23     5.13  43,737.00
2026-07-30 13:00:00   GOLD 4,033.72 4,040.63 4,029.40 4,036.54    2.72     4.09   2.82     4.32  36,133.00
2026-07-30 14:00:00   GOLD 4,036.57 4,051.43 4,035.41 4,038.93    2.39    12.49   2.36     1.16  37,943.00
2026-07-30 15:00:00   GOLD 4,038.82 4,073.01 4,036.81 4,061.49   22.55    11.52  22.66     2.01  50,181.00
2026-07-30 16:00:00   GOLD 4,061.49 4,073.16 4,060.30 4,063.41    1.92     9.75   1.92     1.18  35,651.00
2026-07-30 17:00:00   GOLD 4,063.49 4,083.23 4,063.07 4,078.16   14.75     5.07  14.66     0.43  39,550.00
2026-07-30 18:00:00   GOLD 4,078.11 4,082.95 4,075.77 4,077.82   -0.34     4.84  -0.29     2.05  32,215.00
2026-07-30 19:00:00   GOLD 4,077.79 4,086.78 4,067.28 4,069.03   -8.78     8.99  -8.76     1.75  55,371.00
2026-07-30 20:00:00   GOLD 4,069.04 4,112.82 4,065.32 4,112.34   43.31     0.48  43.30     3.72  97,083.00
2026-07-30 21:00:00   GOLD 4,112.41 4,120.49 4,087.20 4,100.01  -12.33     8.08 -12.40    12.82  93,353.00
2026-07-30 22:00:00   GOLD 4,100.07 4,110.23 4,083.27 4,108.25    8.24     1.98   8.18    16.80  56,921.00
2026-07-30 23:00:00   GOLD 4,108.20 4,119.28 4,106.65 4,110.78    2.53     8.51   2.58     1.55  42,705.00
2026-07-31 00:00:00   GOLD 4,110.75 4,111.32 4,098.51 4,102.77   -8.01     0.57  -7.98     4.26  43,931.00
2026-07-31 01:00:00   GOLD 4,102.75 4,107.85 4,098.78 4,099.74   -3.03     5.10  -3.01     0.95  35,271.00
2026-07-31 02:00:00   GOLD 4,099.74 4,115.38 4,098.77 4,112.06   12.32     3.31  12.32     0.97  43,877.00
2026-07-31 03:00:00   GOLD 4,112.20 4,117.52 4,099.23 4,103.27   -8.79     5.32  -8.93     4.04  22,849.00
2026-07-31 05:00:00   GOLD 4,103.36 4,111.45 4,102.63 4,109.39    6.11     2.07   6.03     0.73   8,160.00
2026-07-31 06:00:00   GOLD 4,109.34 4,112.01 4,102.35 4,105.98   -3.40     2.68  -3.35     3.64  10,184.00
2026-07-31 07:00:00   GOLD 4,106.06 4,107.23 4,090.59 4,094.86  -11.13     1.16 -11.21     4.27  23,423.00
2026-07-31 08:00:00   GOLD 4,094.84 4,101.71 4,082.15 4,084.32  -10.53     6.88 -10.51     2.17  29,619.00
2026-07-31 09:00:00   GOLD 4,084.39 4,090.41 4,074.27 4,076.28   -8.05     6.02  -8.11     2.01  19,042.00
2026-07-31 10:00:00   GOLD 4,076.07 4,079.65 4,072.14 4,075.14   -1.14     3.58  -0.93     2.99  16,572.00
2026-07-31 11:00:00   GOLD 4,075.07 4,081.53 4,073.32 4,080.16    5.02     1.38   5.09     1.75  10,772.00
2026-07-31 12:00:00   GOLD 4,080.17 4,083.32 4,073.44 4,074.43   -5.73     3.14  -5.74     0.99  13,987.00
2026-07-31 13:00:00   GOLD 4,074.45 4,087.66 4,072.78 4,077.76    3.34     9.90   3.32     1.66  30,801.00
2026-07-31 14:00:00   GOLD 4,077.74 4,079.32 4,067.62 4,067.81   -9.95     1.58  -9.93     0.19  24,982.00
2026-07-31 15:00:00   GOLD 4,067.80 4,067.89 4,054.18 4,060.98   -6.83     0.09  -6.82     6.80  37,149.00
2026-07-31 16:00:00   GOLD 4,060.89 4,064.11 4,050.32 4,055.25   -5.73     3.22  -5.64     4.93  31,664.00
2026-07-31 17:00:00   GOLD 4,055.18 4,058.43 4,052.01 4,054.57   -0.68     3.25  -0.62     2.55  16,304.00
2026-07-31 18:00:00   GOLD 4,054.58 4,061.15 4,050.69 4,053.84   -0.72     6.57  -0.74     3.15  25,477.00
2026-07-31 19:00:00   GOLD 4,053.83 4,059.49 4,040.57 4,040.76  -13.08     5.66 -13.07     0.19  33,350.00
2026-07-31 20:00:00   GOLD 4,040.75 4,047.03 4,022.13 4,025.51  -15.25     6.28 -15.24     3.38  71,039.00
2026-07-31 21:00:00   GOLD 4,025.41 4,050.43 4,020.97 4,049.32   23.80     1.12  23.91     4.43  64,673.00
2026-07-31 22:00:00   GOLD 4,049.34 4,052.70 4,036.82 4,045.58   -3.74     3.35  -3.76     8.76  49,130.00
2026-07-31 23:00:00   GOLD 4,045.59 4,049.99 4,041.30 4,043.41   -2.16     4.41  -2.17     2.11  30,493.00
2026-08-01 00:00:00   GOLD 4,043.41 4,054.80 4,041.60 4,053.66   10.24     1.14  10.25     1.81  28,912.00
2026-08-01 01:00:00   GOLD 4,053.66 4,055.24 4,047.18 4,050.82   -2.84     1.58  -2.84     3.64  20,545.00
2026-08-01 02:00:00   GOLD 4,050.78 4,055.66 4,046.95 4,050.93    0.11     4.73   0.15     3.83  19,831.00
2026-08-01 03:00:00   GOLD 4,050.91 4,053.11 4,043.04 4,045.16   -5.77     2.19  -5.75     2.12  23,852.00
2026-08-03 05:00:00   GOLD 4,075.05 4,078.78 4,063.51 4,063.76   18.59     3.73 -11.30     0.24  15,470.00
2026-08-03 06:00:00   GOLD 4,063.70 4,075.09 4,063.30 4,075.07   11.31     0.03  11.36     0.40  15,558.00
2026-08-03 07:00:00   GOLD 4,075.07 4,079.18 4,055.88 4,057.35  -17.72     4.11 -17.72     1.47  44,773.00
2026-08-03 08:00:00   GOLD 4,057.36 4,063.70 4,047.34 4,056.77   -0.58     6.34  -0.59     9.43  42,722.00
2026-08-03 09:00:00   GOLD 4,056.78 4,067.28 4,052.11 4,062.61    5.84     4.67   5.83     4.66  23,226.00
2026-08-03 10:00:00   GOLD 4,062.51 4,068.10 4,059.50 4,065.11    2.51     2.99   2.60     3.01  17,732.00
2026-08-03 11:00:00   GOLD 4,065.14 4,072.05 4,064.00 4,064.05   -1.07     6.91  -1.10     0.05  14,018.00
2026-08-03 12:00:00   GOLD 4,063.99 4,070.05 4,054.17 4,069.03    4.99     1.01   5.05     9.82  18,739.00
2026-08-03 13:00:00   GOLD 4,069.03 4,072.18 4,060.51 4,063.94   -5.09     3.15  -5.09     3.43  29,493.00
2026-08-03 14:00:00   GOLD 4,063.95 4,065.30 4,052.19 4,061.16   -2.78     1.36  -2.79     8.97  25,455.00
2026-08-03 15:00:00   GOLD 4,061.10 4,062.59 4,054.34 4,059.42   -1.74     1.49  -1.68     5.09  21,285.00
2026-08-03 16:00:00   GOLD 4,059.43 4,062.21 4,046.68 4,055.36   -4.07     2.78  -4.07     8.67  26,348.00
2026-08-03 17:00:00   GOLD 4,055.38 4,057.13 4,045.84 4,049.49   -5.86     1.76  -5.88     3.65  21,078.00
2026-08-03 18:00:00   GOLD 4,049.49 4,063.24 4,045.57 4,062.51   13.01     0.74  13.02     3.91  25,720.00
2026-08-03 19:00:00   GOLD 4,062.47 4,064.74 4,042.34 4,047.85  -14.66     2.27 -14.62     5.51  29,043.00
2026-08-03 20:00:00   GOLD 4,047.86 4,053.86 4,019.24 4,032.35  -15.50     5.99 -15.51    13.11  75,683.00
2026-08-03 21:00:00   GOLD 4,031.91 4,039.16 4,026.75 4,036.38    4.03     2.78   4.47     5.16  39,340.00
2026-08-03 22:00:00   GOLD 4,036.47 4,041.03 4,030.54 4,036.14   -0.24     4.56  -0.34     5.60  26,779.00
2026-08-03 23:00:00   GOLD 4,036.14 4,039.34 4,034.80 4,037.03    0.89     2.30   0.89     1.34  15,549.00
2026-08-04 00:00:00   GOLD 4,037.06 4,037.80 4,030.27 4,030.57   -6.46     0.74  -6.49     0.30  14,115.00
2026-08-04 01:00:00   GOLD 4,030.62 4,045.12 4,029.68 4,043.53   12.96     1.59  12.91     0.94  15,636.00
2026-08-04 02:00:00   GOLD 4,043.53 4,055.82 4,043.49 4,052.08    8.55     3.74   8.55     0.05  21,419.00
2026-08-04 03:00:00   GOLD 4,052.14 4,058.22 4,050.32 4,055.33    3.25     2.89   3.18     1.82   9,771.00
2026-08-04 05:00:00   GOLD 4,052.12 4,053.58 4,049.04 4,052.76   -2.57     0.82   0.64     3.08   5,839.00
2026-08-04 06:00:00   GOLD 4,052.72 4,055.22 4,050.22 4,053.96    1.20     1.26   1.24     2.51   7,030.00
2026-08-04 07:00:00   GOLD 4,053.93 4,069.47 4,048.64 4,049.43   -4.53    15.54  -4.50     0.79  18,578.00
2026-08-04 08:00:00   GOLD 4,049.34 4,061.97 4,042.72 4,058.82    9.39     3.15   9.48     6.62  27,439.00
2026-08-04 09:00:00   GOLD 4,058.82 4,065.24 4,055.62 4,059.08    0.26     6.16   0.26     3.20  17,734.00
2026-08-04 10:00:00   GOLD 4,059.00 4,061.86 4,052.25 4,052.56   -6.52     2.86  -6.44     0.31  13,255.00
2026-08-04 11:00:00   GOLD 4,052.61 4,066.43 4,051.25 4,063.76   11.20     2.66  11.15     1.36  10,418.00
2026-08-04 12:00:00   GOLD 4,063.78 4,067.84 4,057.20 4,061.97   -1.79     4.05  -1.81     4.78  14,808.00
2026-08-04 13:00:00   GOLD 4,061.96 4,066.22 4,055.70 4,063.51    1.54     2.70   1.55     6.26  18,537.00
2026-08-04 14:00:00   GOLD 4,063.58 4,066.79 4,060.84 4,065.53    2.02     1.26   1.95     2.74  18,358.00
2026-08-04 15:00:00   GOLD 4,065.64 4,072.97 4,054.45 4,055.19  -10.34     7.33 -10.45     0.74  23,822.00
2026-08-04 16:00:00   GOLD 4,055.16 4,055.51 4,046.26 4,049.93   -5.26     0.35  -5.23     3.67  19,431.00
2026-08-04 17:00:00   GOLD 4,049.93 4,060.84 4,045.62 4,053.99    4.06     6.85   4.05     4.32  23,734.00
2026-08-04 18:00:00   GOLD 4,053.99 4,084.34 4,052.44 4,074.99   21.01     9.35  21.00     1.55  35,649.00
2026-08-04 19:00:00   GOLD 4,075.05 4,084.56 4,061.11 4,070.95   -4.05     9.51  -4.11     9.83  39,710.00
2026-08-04 20:00:00   GOLD 4,070.93 4,093.88 4,061.23 4,083.95   13.01     9.93  13.03     9.70  61,719.00
2026-08-04 21:00:00   GOLD 4,083.99 4,092.07 4,074.55 4,083.64   -0.32     8.08  -0.36     9.09  45,846.00
2026-08-04 22:00:00   GOLD 4,083.64 4,088.89 4,074.74 4,087.35    3.71     1.54   3.70     8.91  37,611.00
2026-08-04 23:00:00   GOLD 4,087.44 4,093.68 4,083.20 4,093.41    6.06     0.28   5.97     4.24  22,262.00
2026-08-05 00:00:00   GOLD 4,093.36 4,106.48 4,086.20 4,086.21   -7.20    13.12  -7.15     0.01  28,683.00
2026-08-05 01:00:00   GOLD 4,086.18 4,089.06 4,075.28 4,079.95   -6.26     2.88  -6.23     4.66  24,279.00
2026-08-05 02:00:00   GOLD 4,079.99 4,084.86 4,076.39 4,078.61   -1.33     4.87  -1.38     2.22  19,684.00
2026-08-05 03:00:00   GOLD 4,078.61 4,080.30 4,074.69 4,077.05   -1.56     1.68  -1.56     2.36  10,639.00
2026-08-05 05:00:00   GOLD 4,078.39 4,085.87 4,075.74 4,075.80   -1.25     7.48  -2.59     0.07   8,852.00
2026-08-05 06:00:00   GOLD 4,075.89 4,077.20 4,065.33 4,072.61   -3.20     1.32  -3.28     7.28  16,465.00
2026-08-05 07:00:00   GOLD 4,072.60 4,083.63 4,070.51 4,082.55    9.95     1.08   9.95     2.09  16,072.00
2026-08-05 08:00:00   GOLD 4,082.57 4,102.58 4,077.72 4,101.43   18.88     1.15  18.86     4.85  27,172.00
2026-08-05 09:00:00   GOLD 4,101.44 4,135.44 4,095.42 4,129.19   27.76     6.24  27.76     6.02  44,787.00
2026-08-05 10:00:00   GOLD 4,129.20 4,136.69 4,126.92 4,128.33   -0.86     7.49  -0.87     1.41  21,135.00
2026-08-05 11:00:00   GOLD 4,128.34 4,141.51 4,128.26 4,135.60    7.27     5.91   7.26     0.07  13,900.00
2026-08-05 12:00:00   GOLD 4,135.57 4,173.10 4,134.89 4,161.55   25.95    11.56  25.97     0.69  35,370.00
2026-08-05 13:00:00   GOLD 4,161.53 4,178.56 4,160.30 4,177.56   16.02     1.00  16.03     1.23  33,822.00
2026-08-05 14:00:00   GOLD 4,177.65 4,179.56 4,162.23 4,170.81   -6.75     1.91  -6.84     8.59  32,544.00
2026-08-05 15:00:00   GOLD 4,170.80 4,172.68 4,159.05 4,160.52  -10.30     1.88 -10.28     1.47  36,495.00
2026-08-05 16:00:00   GOLD 4,160.64 4,167.17 4,153.15 4,157.98   -2.54     6.53  -2.66     4.83  29,765.00
2026-08-05 17:00:00   GOLD 4,157.97 4,161.49 4,150.28 4,161.42    3.44     0.07   3.45     7.69  19,272.00
2026-08-05 18:00:00   GOLD 4,161.45 4,192.62 4,160.85 4,188.93   27.51     3.69  27.48     0.60  36,157.00
2026-08-05 19:00:00   GOLD 4,188.94 4,213.54 4,183.31 4,183.98   -4.95    24.60  -4.96     0.68  51,130.00
2026-08-05 20:00:00   GOLD 4,183.97 4,206.85 4,183.80 4,206.17   22.19     0.68  22.20     0.17  69,099.00
2026-08-05 21:00:00   GOLD 4,206.11 4,247.64 4,203.67 4,244.26   38.09     3.38  38.15     2.44  93,324.00
2026-08-05 22:00:00   GOLD 4,244.30 4,265.29 4,232.38 4,233.02  -11.24    20.99 -11.28     0.65  64,083.00
2026-08-05 23:00:00   GOLD 4,233.03 4,247.48 4,224.89 4,242.26    9.24     5.22   9.23     8.14  52,954.00
2026-08-06 00:00:00   GOLD 4,242.33 4,252.56 4,237.00 4,250.36    8.10     2.20   8.03     5.33  36,974.00
2026-08-06 01:00:00   GOLD 4,249.95 4,268.09 4,249.26 4,260.98   10.62     7.11  11.03     0.69  33,470.00
2026-08-06 02:00:00   GOLD 4,261.00 4,262.27 4,246.40 4,247.13  -13.85     1.27 -13.87     0.73  33,469.00
2026-08-06 03:00:00   GOLD 4,247.08 4,249.76 4,243.06 4,247.27    0.14     2.49   0.19     4.02   9,348.00
2026-08-06 05:00:00   GOLD 4,249.50 4,250.39 4,245.82 4,250.05    2.77     0.34   0.55     3.68   8,410.00
2026-08-06 06:00:00   GOLD 4,250.06 4,282.05 4,249.12 4,278.31   28.26     3.74  28.25     0.94  19,600.00
2026-08-06 07:00:00   GOLD 4,278.31 4,300.39 4,264.64 4,294.98   16.68     5.41  16.67    13.67  46,147.00
2026-08-06 08:00:00   GOLD 4,294.99 4,302.74 4,272.98 4,286.64   -8.34     7.75  -8.35    13.66  61,562.00
2026-08-06 09:00:00   GOLD 4,286.40 4,304.31 4,274.93 4,278.71   -7.93    17.91  -7.69     3.78  39,039.00
2026-08-06 10:00:00   GOLD 4,278.73 4,280.95 4,260.48 4,265.80  -12.91     2.22 -12.94     5.32  31,102.00
2026-08-06 11:00:00   GOLD 4,265.78 4,267.27 4,253.05 4,262.27   -3.53     1.49  -3.51     9.22  19,861.00
2026-08-06 12:00:00   GOLD 4,262.10 4,268.68 4,247.24 4,267.35    5.08     1.33   5.24    14.86  31,743.00
2026-08-06 13:00:00   GOLD 4,267.32 4,268.64 4,249.39 4,256.23  -11.12     1.32 -11.10     6.84  27,547.00
2026-08-06 14:00:00   GOLD 4,256.22 4,265.47 4,252.60 4,262.79    6.56     2.68   6.57     3.62  24,100.00
2026-08-06 15:00:00   GOLD 4,262.96 4,278.91 4,260.35 4,278.33   15.54     0.59  15.37     2.61  28,679.00
2026-08-06 16:00:00   GOLD 4,278.40 4,284.89 4,271.27 4,273.16   -5.17     6.48  -5.24     1.89  26,723.00
2026-08-06 17:00:00   GOLD 4,273.11 4,273.70 4,264.55 4,270.91   -2.24     0.59  -2.19     6.37  22,592.00
2026-08-06 18:00:00   GOLD 4,270.91 4,273.40 4,254.26 4,263.30   -7.61     2.49  -7.61     9.04  26,841.00
2026-08-06 19:00:00   GOLD 4,263.31 4,271.11 4,249.15 4,250.27  -13.03     7.81 -13.03     1.12  32,859.00
2026-08-06 20:00:00   GOLD 4,250.23 4,274.29 4,230.46 4,267.02   16.75     7.27  16.79    19.77  66,593.00
2026-08-06 21:00:00   GOLD 4,267.02 4,275.44 4,260.26 4,273.06    6.03     2.38   6.03     6.77  55,730.00
2026-08-06 22:00:00   GOLD 4,273.06 4,274.39 4,229.51 4,233.82  -39.24     1.33 -39.24     4.31  47,417.00
2026-08-06 23:00:00   GOLD 4,233.81 4,243.18 4,223.51 4,241.52    7.70     1.66   7.71    10.31  51,668.00
2026-08-07 00:00:00   GOLD 4,241.51 4,248.20 4,238.55 4,247.27    5.75     0.93   5.76     2.97  30,551.00
2026-08-07 01:00:00   GOLD 4,247.35 4,249.74 4,240.76 4,243.53   -3.74     2.39  -3.81     2.78  20,301.00
2026-08-07 02:00:00   GOLD 4,243.56 4,251.39 4,233.12 4,248.95    5.41     2.44   5.39    10.44  28,722.00
2026-08-07 03:00:00   GOLD 4,248.81 4,250.22 4,234.78 4,240.75   -8.20     1.40  -8.06     5.97  11,183.00
2026-08-07 05:00:00   GOLD 4,236.61 4,243.50 4,236.60 4,240.83    0.08     2.67   4.22     0.01   5,621.00
2026-08-07 06:00:00   GOLD 4,240.56 4,253.24 4,240.36 4,252.43   11.60     0.82  11.87     0.20   9,932.00
2026-08-07 07:00:00   GOLD 4,252.42 4,253.02 4,229.88 4,232.90  -19.53     0.60 -19.52     3.02  32,048.00
2026-08-07 08:00:00   GOLD 4,232.93 4,259.36 4,231.59 4,256.97   24.07     2.39  24.05     1.34  43,116.00
2026-08-07 09:00:00   GOLD 4,256.95 4,261.78 4,247.21 4,250.36   -6.61     4.83  -6.60     3.15  22,990.00
2026-08-07 10:00:00   GOLD 4,250.39 4,266.55 4,249.57 4,266.27   15.91     0.28  15.88     0.82  20,616.00
2026-08-07 11:00:00   GOLD 4,266.24 4,269.22 4,260.81 4,265.05   -1.22     2.97  -1.20     4.23  16,565.00
2026-08-07 12:00:00   GOLD 4,264.99 4,280.64 4,262.10 4,278.81   13.77     1.82  13.82     2.89  25,055.00
2026-08-07 13:00:00   GOLD 4,278.88 4,298.94 4,278.53 4,297.27   18.46     1.67  18.40     0.34  36,780.00
2026-08-07 14:00:00   GOLD 4,297.30 4,298.10 4,282.99 4,290.18   -7.09     0.80  -7.12     7.19  27,770.00
2026-08-07 15:00:00   GOLD 4,290.17 4,316.73 4,289.13 4,306.24   16.06    10.49  16.07     1.04  32,482.00
2026-08-07 16:00:00   GOLD 4,306.25 4,320.86 4,302.29 4,316.08    9.84     4.78   9.83     3.96  28,253.00
2026-08-07 17:00:00   GOLD 4,316.07 4,320.69 4,308.09 4,316.97    0.89     3.72   0.90     7.98  29,956.00
2026-08-07 18:00:00   GOLD 4,316.97 4,327.74 4,316.90 4,321.24    4.27     6.50   4.28     0.07  30,715.00
2026-08-07 19:00:00   GOLD 4,321.24 4,371.84 4,301.02 4,361.43   40.18    10.41  40.19    20.22  83,368.00
2026-08-07 20:00:00   GOLD 4,361.41 4,368.01 4,338.98 4,348.26  -13.17     6.60 -13.16     9.28  93,997.00
2026-08-07 21:00:00   GOLD 4,348.27 4,353.02 4,327.45 4,341.60   -6.65     4.76  -6.66    14.15 101,868.00
2026-08-07 22:00:00   GOLD 4,341.61 4,358.55 4,339.90 4,341.13   -0.47    16.93  -0.48     1.23  59,769.00
2026-08-07 23:00:00   GOLD 4,341.19 4,349.74 4,329.28 4,329.31  -11.82     8.56 -11.88     0.03  54,513.00
2026-08-08 00:00:00   GOLD 4,329.30 4,343.15 4,327.86 4,340.27   10.97     2.88  10.97     1.44  40,768.00
2026-08-08 01:00:00   GOLD 4,340.32 4,343.03 4,332.26 4,335.69   -4.58     2.70  -4.63     3.44  30,935.00
2026-08-08 02:00:00   GOLD 4,335.70 4,350.41 4,335.56 4,344.08    8.39     6.33   8.38     0.14  49,976.00
2026-08-08 03:00:00   GOLD 4,344.12 4,345.38 4,336.02 4,341.94   -2.14     1.26  -2.18     5.92   9,773.00
2026-08-10 05:00:00   GOLD 4,340.28 4,346.23 4,334.60 4,341.59   -0.35     4.64   1.31     5.68  12,051.00
2026-08-10 06:00:00   GOLD 4,341.60 4,349.11 4,332.32 4,333.11   -8.48     7.51  -8.49     0.80  14,674.00
2026-08-10 07:00:00   GOLD 4,333.07 4,347.22 4,330.84 4,332.21   -0.90    14.14  -0.86     1.37  34,825.00
2026-08-10 08:00:00   GOLD 4,332.27 4,340.65 4,313.43 4,322.67   -9.54     8.38  -9.60     9.24  59,504.00
2026-08-10 09:00:00   GOLD 4,322.69 4,332.40 4,318.79 4,319.73   -2.94     9.71  -2.96     0.94  27,132.00
2026-08-10 10:00:00   GOLD 4,319.72 4,330.02 4,317.81 4,326.73    7.00     3.29   7.01     1.91  16,555.00
2026-08-10 11:00:00   GOLD 4,326.79 4,339.64 4,323.21 4,339.53   12.80     0.11  12.74     3.58  16,563.00
2026-08-10 12:00:00   GOLD 4,339.48 4,352.41 4,331.74 4,347.40    7.87     5.01   7.93     7.74  24,588.00
2026-08-10 13:00:00   GOLD 4,347.48 4,359.94 4,341.97 4,358.31   10.91     1.62  10.84     5.51  28,019.00
2026-08-10 14:00:00   GOLD 4,358.22 4,362.06 4,350.23 4,355.46   -2.85     3.84  -2.76     5.23  26,719.00
2026-08-10 15:00:00   GOLD 4,355.44 4,356.76 4,343.90 4,346.65   -8.81     1.32  -8.80     2.74  18,235.00
2026-08-10 16:00:00   GOLD 4,346.72 4,350.07 4,340.40 4,341.29   -5.36     3.35  -5.43     0.89  17,107.00
2026-08-10 17:00:00   GOLD 4,341.34 4,344.27 4,335.45 4,335.75   -5.54     2.93  -5.59     0.30  17,661.00
2026-08-10 18:00:00   GOLD 4,335.78 4,339.53 4,329.05 4,335.12   -0.63     3.76  -0.66     6.07  18,565.00
2026-08-10 19:00:00   GOLD 4,335.10 4,337.64 4,324.12 4,332.62   -2.49     2.54  -2.47     8.50  28,483.00
2026-08-10 20:00:00   GOLD 4,332.66 4,340.16 4,316.68 4,317.98  -14.64     7.51 -14.68     1.31  61,587.00
2026-08-10 21:00:00   GOLD 4,317.98 4,352.04 4,317.97 4,345.44   27.45     6.60  27.46     0.01  59,365.00
2026-08-10 22:00:00   GOLD 4,345.60 4,359.55 4,343.32 4,358.51   13.07     1.03  12.91     2.28  43,318.00
2026-08-10 23:00:00   GOLD 4,358.53 4,364.80 4,349.19 4,356.85   -1.66     6.27  -1.68     7.66  45,187.00
2026-08-11 00:00:00   GOLD 4,356.85 4,365.31 4,351.75 4,360.23    3.38     5.09   3.38     5.10  32,886.00
2026-08-11 01:00:00   GOLD 4,360.30 4,383.05 4,359.84 4,378.49   18.26     4.56  18.19     0.46  44,117.00
2026-08-11 02:00:00   GOLD 4,378.49 4,395.39 4,378.49 4,388.56   10.07     6.83  10.06     0.00  48,416.00
2026-08-11 03:00:00   GOLD 4,388.55 4,392.14 4,386.01 4,390.23    1.68     1.90   1.68     2.55  10,415.00
2026-08-11 05:00:00   GOLD 4,389.77 4,401.06 4,389.34 4,399.90    9.66     1.17  10.12     0.43   9,354.00
2026-08-11 06:00:00   GOLD 4,399.94 4,402.72 4,394.70 4,402.35    2.46     0.36   2.42     5.24  13,360.00
2026-08-11 07:00:00   GOLD 4,402.41 4,419.34 4,396.44 4,409.49    7.14     9.84   7.09     5.97  26,293.00
2026-08-11 08:00:00   GOLD 4,409.49 4,434.27 4,393.78 4,429.81   20.32     4.45  20.32    15.71  52,476.00
2026-08-11 09:00:00   GOLD 4,429.70 4,435.24 4,408.09 4,410.98  -18.84     5.54 -18.73     2.89  32,658.00
2026-08-11 10:00:00   GOLD 4,410.96 4,421.68 4,409.84 4,416.90    5.92     4.78   5.94     1.12  18,975.00
2026-08-11 11:00:00   GOLD 4,416.90 4,420.50 4,403.49 4,409.01   -7.89     3.60  -7.89     5.52  20,145.00
2026-08-11 12:00:00   GOLD 4,408.99 4,409.15 4,367.52 4,375.47  -33.53     0.15 -33.52     7.95  41,237.00
2026-08-11 13:00:00   GOLD 4,375.47 4,382.70 4,359.68 4,366.31   -9.16     7.23  -9.16     6.64  46,366.00
2026-08-11 14:00:00   GOLD 4,366.34 4,367.97 4,356.70 4,357.65   -8.66     1.64  -8.68     0.95  27,814.00
2026-08-11 15:00:00   GOLD 4,357.64 4,376.77 4,357.00 4,369.29   11.64     7.48  11.65     0.64  24,425.00
2026-08-11 16:00:00   GOLD 4,369.24 4,375.65 4,367.68 4,372.51    3.22     3.15   3.26     1.57  23,553.00
2026-08-11 17:00:00   GOLD 4,372.57 4,382.77 4,371.37 4,382.56   10.06     0.21   9.99     1.20  22,272.00
2026-08-11 18:00:00   GOLD 4,382.48 4,393.11 4,380.56 4,387.80    5.24     5.31   5.32     1.92  31,622.00
2026-08-11 19:00:00   GOLD 4,387.80 4,400.19 4,383.88 4,392.53    4.73     7.66   4.73     3.93  37,539.00
2026-08-11 20:00:00   GOLD 4,392.52 4,404.29 4,384.65 4,389.50   -3.03    11.77  -3.02     4.85  59,157.00
2026-08-11 21:00:00   GOLD 4,389.35 4,397.99 4,381.29 4,394.12    4.62     3.86   4.77     8.06  47,076.00
2026-08-11 22:00:00   GOLD 4,394.18 4,398.83 4,369.15 4,383.90  -10.22     4.65 -10.27    14.76  48,465.00
2026-08-11 23:00:00   GOLD 4,383.92 4,385.90 4,378.52 4,383.46   -0.44     1.98  -0.46     4.94  29,605.00
2026-08-12 00:00:00   GOLD 4,383.50 4,385.77 4,368.94 4,369.19  -14.27     2.27 -14.31     0.25  25,292.00
2026-08-12 01:00:00   GOLD 4,369.23 4,372.69 4,360.30 4,371.59    2.40     1.10   2.36     8.93  25,971.00
2026-08-12 02:00:00   GOLD 4,371.65 4,374.28 4,361.27 4,370.74   -0.85     2.62  -0.91     9.48  25,011.00
2026-08-12 03:00:00   GOLD 4,370.78 4,371.23 4,367.18 4,368.24   -2.50     0.45  -2.53     1.06   6,289.00
2026-08-12 05:00:00   GOLD 4,372.35 4,378.52 4,367.28 4,369.20    0.95     6.17  -3.15     1.92  11,211.00
2026-08-12 06:00:00   GOLD 4,369.19 4,374.77 4,362.65 4,371.65    2.45     3.12   2.46     6.53  13,657.00
2026-08-12 07:00:00   GOLD 4,371.65 4,383.80 4,366.54 4,380.50    8.85     3.30   8.85     5.11  19,879.00
2026-08-12 08:00:00   GOLD 4,380.59 4,397.42 4,378.44 4,396.50   16.00     0.92  15.91     2.14  32,631.00
2026-08-12 09:00:00   GOLD 4,396.51 4,414.50 4,394.21 4,411.32   14.82     3.18  14.81     2.30  23,401.00
2026-08-12 10:00:00   GOLD 4,411.35 4,416.25 4,401.06 4,402.36   -8.96     4.90  -8.99     1.30  18,105.00
2026-08-12 11:00:00   GOLD 4,402.36 4,403.43 4,395.44 4,401.18   -1.18     1.06  -1.19     5.74  11,180.00
2026-08-12 12:00:00   GOLD 4,401.12 4,404.88 4,384.02 4,391.02  -10.15     3.76 -10.10     7.00  21,514.00
2026-08-12 13:00:00   GOLD 4,391.01 4,406.44 4,385.23 4,403.55   12.52     2.90  12.53     5.78  26,864.00
2026-08-12 14:00:00   GOLD 4,403.53 4,410.15 4,398.35 4,406.35    2.81     3.79   2.82     5.19  18,170.00
2026-08-12 15:00:00   GOLD 4,406.35 4,410.55 4,401.80 4,401.90   -4.46     4.19  -4.46     0.10  17,361.00
2026-08-12 16:00:00   GOLD 4,401.95 4,424.46 4,401.93 4,416.06   14.16     8.40  14.11     0.02  25,740.00
2026-08-12 17:00:00   GOLD 4,416.09 4,421.02 4,407.57 4,412.88   -3.18     4.93  -3.21     5.31  18,318.00
2026-08-12 18:00:00   GOLD 4,412.89 4,416.81 4,407.99 4,412.94    0.06     3.87   0.05     4.89  14,226.00
2026-08-12 19:00:00   GOLD 4,412.95 4,438.31 4,382.48 4,437.37   24.43     0.94  24.41    30.47  75,920.00
2026-08-12 20:00:00   GOLD 4,437.37 4,441.31 4,408.65 4,427.53   -9.84     3.94  -9.84    18.88  95,370.00
2026-08-12 21:00:00   GOLD 4,427.53 4,439.75 4,416.55 4,422.16   -5.37    12.22  -5.38     5.61  80,140.00
2026-08-12 22:00:00   GOLD 4,422.24 4,430.14 4,411.15 4,421.17   -0.99     7.90  -1.07    10.02  49,902.00
2026-08-12 23:00:00   GOLD 4,421.15 4,426.57 4,396.57 4,401.68  -19.49     5.42 -19.47     5.11  47,252.00
2026-08-13 00:00:00   GOLD 4,401.69 4,411.57 4,399.14 4,399.62   -2.06     9.89  -2.07     0.48  35,000.00
2026-08-13 01:00:00   GOLD 4,399.62 4,418.01 4,396.57 4,413.16   13.55     4.84  13.54     3.05  20,868.00
2026-08-13 02:00:00   GOLD 4,413.19 4,418.48 4,408.34 4,414.08    0.91     4.40   0.89     4.85  18,879.00
2026-08-13 03:00:00   GOLD 4,413.99 4,414.37 4,406.73 4,408.52   -5.56     0.38  -5.47     1.80   6,120.00
2026-08-13 05:00:00   GOLD 4,405.78 4,405.80 4,398.43 4,401.84   -6.69     0.02  -3.95     3.40   5,645.00
2026-08-13 06:00:00   GOLD 4,401.93 4,414.62 4,401.88 4,414.52   12.68     0.10  12.59     0.05   6,649.00
2026-08-13 07:00:00   GOLD 4,414.56 4,449.83 4,413.06 4,427.76   13.24    22.07  13.20     1.50  38,278.00
2026-08-13 08:00:00   GOLD 4,427.71 4,435.44 4,406.33 4,408.55  -19.21     7.73 -19.16     2.22  49,623.00
2026-08-13 09:00:00   GOLD 4,408.50 4,414.24 4,399.14 4,407.22   -1.34     5.74  -1.28     8.08  31,985.00
2026-08-13 10:00:00   GOLD 4,407.15 4,412.29 4,398.78 4,400.30   -6.91     5.14  -6.85     1.52  22,986.00
2026-08-13 11:00:00   GOLD 4,400.23 4,400.52 4,391.61 4,397.82   -2.48     0.29  -2.41     6.21  22,987.00
2026-08-13 12:00:00   GOLD 4,397.85 4,407.31 4,380.63 4,383.06  -14.76     9.46 -14.79     2.43  39,887.00
2026-08-13 13:00:00   GOLD 4,383.12 4,385.68 4,369.03 4,381.06   -2.00     2.56  -2.06    12.03  34,341.00
2026-08-13 14:00:00   GOLD 4,380.95 4,381.84 4,369.40 4,369.93  -11.13     0.89 -11.02     0.53  34,917.00
2026-08-13 15:00:00   GOLD 4,369.94 4,379.35 4,364.17 4,376.02    6.09     3.33   6.09     5.77  28,380.00
2026-08-13 16:00:00   GOLD 4,375.99 4,384.92 4,372.60 4,384.64    8.61     0.28   8.64     3.39  23,966.00
2026-08-13 17:00:00   GOLD 4,384.66 4,393.86 4,381.51 4,392.24    7.61     1.61   7.59     3.15  14,361.00
2026-08-13 18:00:00   GOLD 4,392.22 4,396.72 4,382.99 4,387.86   -4.38     4.50  -4.35     4.88  18,180.00
2026-08-13 19:00:00   GOLD 4,387.80 4,401.90 4,380.88 4,401.82   13.95     0.08  14.02     6.92  45,702.00
2026-08-13 20:00:00   GOLD 4,401.74 4,402.22 4,370.84 4,373.05  -28.77     0.47 -28.70     2.20  69,375.00
2026-08-13 21:00:00   GOLD 4,373.06 4,387.19 4,357.40 4,383.70   10.66     3.48  10.65    15.66  76,169.00
2026-08-13 22:00:00   GOLD 4,383.73 4,385.73 4,357.76 4,365.15  -18.56     2.00 -18.58     7.39  43,607.00
2026-08-13 23:00:00   GOLD 4,365.13 4,368.50 4,351.35 4,367.00    1.85     1.50   1.87    13.78  43,097.00
2026-08-14 00:00:00   GOLD 4,367.06 4,373.44 4,355.81 4,356.06  -10.94     6.38 -10.99     0.25  25,472.00
2026-08-14 01:00:00   GOLD 4,356.05 4,363.73 4,354.75 4,357.05    0.98     6.68   0.99     1.30  28,194.00
2026-08-14 02:00:00   GOLD 4,357.12 4,358.97 4,343.65 4,350.26   -6.79     1.85  -6.87     6.61  30,623.00
2026-08-14 03:00:00   GOLD 4,350.23 4,352.28 4,346.98 4,351.27    1.02     1.01   1.04     3.25   9,163.00
2026-08-14 05:00:00   GOLD 4,353.40 4,362.94 4,353.02 4,354.91    3.64     8.03   1.51     0.39  10,773.00
2026-08-14 06:00:00   GOLD 4,354.92 4,364.45 4,349.31 4,356.48    1.57     7.97   1.56     5.61  14,390.00
2026-08-14 07:00:00   GOLD 4,356.46 4,362.05 4,329.42 4,341.10  -15.38     5.59 -15.36    11.68  35,209.00
2026-08-14 08:00:00   GOLD 4,341.09 4,341.32 4,312.22 4,318.26  -22.84     0.24 -22.83     6.03  45,460.00
2026-08-14 09:00:00   GOLD 4,318.26 4,322.94 4,311.27 4,315.84   -2.41     4.68  -2.42     4.57  33,898.00
2026-08-14 10:00:00   GOLD 4,315.76 4,328.47 4,313.84 4,323.66    7.82     4.81   7.90     1.93  14,642.00
2026-08-14 11:00:00   GOLD 4,323.67 4,328.23 4,322.85 4,327.02    3.36     1.21   3.35     0.82  11,675.00
2026-08-14 12:00:00   GOLD 4,327.06 4,333.67 4,311.04 4,333.67    6.65     0.00   6.61    16.02  26,168.00
2026-08-14 13:00:00   GOLD 4,333.62 4,336.82 4,328.05 4,335.78    2.11     1.03   2.16     5.57  24,823.00
2026-08-14 14:00:00   GOLD 4,335.76 4,345.39 4,329.81 4,343.83    8.05     1.56   8.07     5.95  20,214.00
2026-08-14 15:00:00   GOLD 4,343.85 4,349.85 4,341.94 4,348.60    4.77     1.24   4.75     1.92  21,018.00
2026-08-14 16:00:00   GOLD 4,348.56 4,357.52 4,346.14 4,357.17    8.57     0.35   8.61     2.41  17,185.00
2026-08-14 17:00:00   GOLD 4,357.18 4,358.76 4,348.10 4,349.43   -7.74     1.59  -7.75     1.33  14,176.00
2026-08-14 18:00:00   GOLD 4,349.47 4,369.46 4,348.63 4,369.19   19.77     0.27  19.72     0.84  17,604.00
2026-08-14 19:00:00   GOLD 4,369.19 4,386.97 4,365.79 4,373.73    4.53    13.24   4.54     3.40  35,870.00
2026-08-14 20:00:00   GOLD 4,373.78 4,397.06 4,370.32 4,384.68   10.95    12.38  10.90     3.47  50,526.00
2026-08-14 21:00:00   GOLD 4,384.62 4,394.74 4,378.89 4,381.44   -3.24    10.12  -3.18     2.56  53,080.00
2026-08-14 22:00:00   GOLD 4,381.47 4,394.78 4,379.07 4,391.69   10.25     3.09  10.22     2.40  42,654.00
2026-08-14 23:00:00   GOLD 4,391.70 4,396.85 4,380.41 4,386.02   -5.68     5.15  -5.68     5.60  25,271.00
2026-08-15 00:00:00   GOLD 4,386.10 4,386.53 4,376.47 4,378.59   -7.43     0.43  -7.51     2.12  23,561.00
2026-08-15 01:00:00   GOLD 4,378.59 4,382.84 4,371.01 4,373.60   -4.99     4.26  -4.98     2.60  17,668.00
2026-08-15 02:00:00   GOLD 4,373.52 4,379.99 4,372.11 4,376.23    2.63     3.76   2.70     1.41  21,383.00
2026-08-15 03:00:00   GOLD 4,376.22 4,377.01 4,371.49 4,376.82    0.59     0.19   0.60     4.73   8,766.00
2026-08-17 05:00:00   GOLD 4,372.68 4,386.86 4,372.31 4,386.04    9.22     0.82  13.36     0.37   9,266.00
2026-08-17 06:00:00   GOLD 4,386.00 4,386.35 4,367.29 4,370.23  -15.81     0.35 -15.77     2.94  13,597.00
2026-08-17 07:00:00   GOLD 4,370.31 4,402.02 4,368.10 4,401.01   30.77     1.01  30.69     2.21  28,631.00
2026-08-17 08:00:00   GOLD 4,400.99 4,416.55 4,392.06 4,395.76   -5.25    15.56  -5.24     3.70  45,773.00
2026-08-17 09:00:00   GOLD 4,395.75 4,398.31 4,388.45 4,393.26   -2.50     2.56  -2.49     4.80  24,031.00
2026-08-17 10:00:00   GOLD 4,393.25 4,397.69 4,388.28 4,397.05    3.79     0.64   3.80     4.97  14,453.00
2026-08-17 11:00:00   GOLD 4,397.03 4,399.64 4,389.02 4,390.86   -6.19     2.60  -6.18     1.84  12,671.00
2026-08-17 12:00:00   GOLD 4,390.78 4,401.48 4,386.94 4,394.86    4.00     6.62   4.08     3.84  20,146.00
2026-08-17 13:00:00   GOLD 4,394.85 4,404.71 4,392.81 4,403.17    8.31     1.54   8.32     2.04  29,978.00
2026-08-17 14:00:00   GOLD 4,403.09 4,411.32 4,396.08 4,405.19    2.02     6.13   2.10     7.01  21,654.00
2026-08-17 15:00:00   GOLD 4,405.19 4,405.19 4,392.69 4,395.18  -10.01     0.00 -10.01     2.49  18,010.00
2026-08-17 16:00:00   GOLD 4,395.19 4,400.62 4,392.55 4,395.62    0.44     5.01   0.43     2.64  17,052.00
2026-08-17 17:00:00   GOLD 4,395.65 4,405.97 4,392.03 4,399.08    3.46     6.89   3.43     3.62  18,255.00
2026-08-17 18:00:00   GOLD 4,399.11 4,404.98 4,395.46 4,396.75   -2.33     5.86  -2.36     1.29  18,267.00
2026-08-17 19:00:00   GOLD 4,396.76 4,398.82 4,377.35 4,384.94  -11.81     2.06 -11.82     7.58  34,670.00
2026-08-17 20:00:00   GOLD 4,385.02 4,416.31 4,381.94 4,408.65   23.71     7.66  23.63     3.08  56,350.00
2026-08-17 21:00:00   GOLD 4,408.69 4,427.60 4,403.81 4,417.48    8.83    10.12   8.78     4.89  70,518.00
2026-08-17 22:00:00   GOLD 4,417.48 4,427.85 4,415.34 4,427.61   10.14     0.24  10.13     2.15  46,713.00
2026-08-17 23:00:00   GOLD 4,427.63 4,428.89 4,422.68 4,424.24   -3.37     1.26  -3.39     1.57  25,286.00
2026-08-18 00:00:00   GOLD 4,424.26 4,426.23 4,411.20 4,413.77  -10.48     1.97 -10.49     2.56  30,724.00
2026-08-18 01:00:00   GOLD 4,413.77 4,416.26 4,398.20 4,406.77   -6.99     2.49  -6.99     8.57  30,167.00
2026-08-18 02:00:00   GOLD 4,406.68 4,421.06 4,400.40 4,419.97   13.19     1.09  13.28     6.28  26,883.00
2026-08-18 03:00:00   GOLD 4,419.94 4,421.47 4,414.61 4,416.68   -3.28     1.53  -3.26     2.07   7,881.00
2026-08-18 05:00:00   GOLD 4,416.20 4,417.28 4,410.49 4,411.87   -4.81     1.07  -4.34     1.38   7,264.00
2026-08-18 06:00:00   GOLD 4,411.92 4,426.31 4,409.89 4,426.12   14.25     0.19  14.20     2.03  11,094.00
2026-08-18 07:00:00   GOLD 4,426.10 4,434.88 4,419.06 4,434.44    8.32     0.44   8.34     7.03  25,145.00
2026-08-18 08:00:00   GOLD 4,434.45 4,436.23 4,404.32 4,408.19  -26.25     1.77 -26.27     3.87  40,501.00
2026-08-18 09:00:00   GOLD 4,408.01 4,408.39 4,394.18 4,399.98   -8.20     0.38  -8.03     5.81  28,389.00
2026-08-18 10:00:00   GOLD 4,400.00 4,404.18 4,390.63 4,391.97   -8.02     4.18  -8.03     1.34  21,066.00
2026-08-18 11:00:00   GOLD 4,391.98 4,395.58 4,389.02 4,393.69    1.72     1.89   1.71     2.96  16,472.00
2026-08-18 12:00:00   GOLD 4,393.66 4,397.66 4,386.19 4,394.47    0.78     3.19   0.81     7.47  22,388.00
2026-08-18 13:00:00   GOLD 4,394.43 4,400.40 4,387.76 4,398.93    4.47     1.47   4.50     6.68  21,470.00
2026-08-18 14:00:00   GOLD 4,398.92 4,403.73 4,395.49 4,395.71   -3.22     4.81  -3.21     0.22  14,278.00
2026-08-18 15:00:00   GOLD 4,395.82 4,398.77 4,386.91 4,393.44   -2.27     2.95  -2.39     6.53  23,803.00
2026-08-18 16:00:00   GOLD 4,393.39 4,395.08 4,387.03 4,393.32   -0.12     1.69  -0.07     6.29  19,732.00
2026-08-18 17:00:00   GOLD 4,393.38 4,399.68 4,389.80 4,397.63    4.31     2.05   4.26     3.57  14,182.00
2026-08-18 18:00:00   GOLD 4,397.70 4,399.06 4,388.68 4,396.07   -1.56     1.35  -1.64     7.39  14,586.00
2026-08-18 19:00:00   GOLD 4,396.21 4,400.85 4,389.67 4,394.23   -1.84     4.64  -1.98     4.56  23,322.00
2026-08-18 20:00:00   GOLD 4,394.23 4,406.90 4,376.19 4,394.69    0.47    12.20   0.47    18.03  69,221.00
2026-08-18 21:00:00   GOLD 4,394.70 4,406.48 4,363.77 4,366.69  -28.01    11.77 -28.02     2.91  78,238.00
2026-08-18 22:00:00   GOLD 4,366.73 4,377.80 4,351.77 4,364.93   -1.76    11.07  -1.80    13.16  76,335.00
2026-08-18 23:00:00   GOLD 4,364.92 4,371.73 4,363.12 4,363.83   -1.10     6.81  -1.09     0.70  38,832.00
2026-08-19 00:00:00   GOLD 4,363.81 4,368.35 4,356.85 4,357.73   -6.10     4.55  -6.08     0.88  36,286.00
2026-08-19 01:00:00   GOLD 4,357.76 4,361.12 4,352.70 4,354.43   -3.30     3.36  -3.32     1.73  24,716.00
2026-08-19 02:00:00   GOLD 4,354.43 4,358.76 4,338.40 4,345.78   -8.65     4.33  -8.65     7.39  29,533.00
2026-08-19 03:00:00   GOLD 4,345.70 4,346.66 4,329.27 4,334.57  -11.21     0.96 -11.13     5.31  10,702.00
2026-08-19 05:00:00   GOLD 4,341.97 4,343.83 4,332.77 4,333.83   -0.74     1.86  -8.14     1.06  11,394.00
2026-08-19 06:00:00   GOLD 4,334.05 4,338.45 4,327.27 4,333.10   -0.73     4.40  -0.94     5.83  16,888.00
2026-08-19 07:00:00   GOLD 4,333.14 4,347.42 4,331.64 4,338.15    5.05     9.27   5.01     1.51  37,421.00
2026-08-19 08:00:00   GOLD 4,338.02 4,357.77 4,324.68 4,356.63   18.48     1.14  18.61    13.34  48,250.00
2026-08-19 09:00:00   GOLD 4,356.72 4,362.16 4,351.55 4,355.09   -1.55     5.44  -1.64     3.54  24,308.00
2026-08-19 10:00:00   GOLD 4,355.06 4,360.51 4,351.96 4,355.06   -0.02     5.45   0.01     3.10  12,460.00
2026-08-19 11:00:00   GOLD 4,355.15 4,356.29 4,344.01 4,348.56   -6.51     1.14  -6.59     4.55  13,122.00
2026-08-19 12:00:00   GOLD 4,348.53 4,350.86 4,335.18 4,335.69  -12.86     2.34 -12.84     0.52  26,464.00
2026-08-19 13:00:00   GOLD 4,335.64 4,349.47 4,335.41 4,349.15   13.45     0.32  13.51     0.22  28,259.00
2026-08-19 14:00:00   GOLD 4,349.10 4,363.34 4,347.54 4,354.90    5.76     8.44   5.81     1.56  24,026.00
2026-08-19 15:00:00   GOLD 4,354.81 4,363.20 4,351.10 4,355.73    0.83     7.47   0.93     3.70  30,004.00
2026-08-19 16:00:00   GOLD 4,355.66 4,362.10 4,353.45 4,362.02    6.29     0.07   6.36     2.21  26,360.00
2026-08-19 17:00:00   GOLD 4,362.05 4,369.59 4,359.76 4,367.41    5.39     2.18   5.36     2.29  17,186.00
2026-08-19 18:00:00   GOLD 4,367.44 4,374.19 4,363.31 4,364.65   -2.76     6.75  -2.78     1.35  22,071.00
2026-08-19 19:00:00   GOLD 4,364.65 4,442.47 4,362.11 4,438.87   74.22     3.60  74.22     2.53  74,300.00
2026-08-19 20:00:00   GOLD 4,438.88 4,466.29 4,424.28 4,459.60   20.73     6.69  20.73    14.59 117,754.00
2026-08-19 21:00:00   GOLD 4,459.59 4,498.73 4,455.22 4,488.24   28.64    10.48  28.65     4.37 104,156.00
2026-08-19 22:00:00   GOLD 4,488.22 4,494.47 4,478.35 4,493.87    5.62     0.60   5.65     9.86  71,194.00
2026-08-19 23:00:00   GOLD 4,493.90 4,499.43 4,490.65 4,493.40   -0.47     5.53  -0.50     2.74  47,943.00
2026-08-20 00:00:00   GOLD 4,493.52 4,499.10 4,484.43 4,486.97   -6.43     5.58  -6.56     2.54  44,485.00
2026-08-20 01:00:00   GOLD 4,486.96 4,497.22 4,472.18 4,495.19    8.22     2.03   8.23    14.78  52,134.00
2026-08-20 02:00:00   GOLD 4,495.15 4,512.27 4,494.49 4,511.31   16.12     0.96  16.16     0.66  56,149.00
2026-08-20 03:00:00   GOLD 4,511.27 4,524.34 4,505.16 4,523.05   11.74     1.29  11.78     6.10  14,521.00
2026-08-20 05:00:00   GOLD 4,521.40 4,523.72 4,516.41 4,518.91   -4.14     2.32  -2.49     2.50  12,764.00
2026-08-20 06:00:00   GOLD 4,518.98 4,523.86 4,511.36 4,511.74   -7.18     4.88  -7.24     0.38  13,946.00
2026-08-20 07:00:00   GOLD 4,511.69 4,521.44 4,503.84 4,504.68   -7.06     9.75  -7.01     0.85  35,955.00
2026-08-20 08:00:00   GOLD 4,504.70 4,510.22 4,484.48 4,489.88  -14.80     5.52 -14.82     5.40  60,930.00
2026-08-20 09:00:00   GOLD 4,489.89 4,499.76 4,488.68 4,490.82    0.94     8.94   0.93     1.21  31,375.00
2026-08-20 10:00:00   GOLD 4,490.83 4,501.26 4,488.05 4,498.93    8.10     2.33   8.10     2.78  24,553.00
2026-08-20 11:00:00   GOLD 4,498.95 4,499.35 4,486.40 4,488.63  -10.30     0.40 -10.32     2.23  16,428.00
2026-08-20 12:00:00   GOLD 4,488.64 4,494.14 4,478.07 4,481.43   -7.20     5.49  -7.22     3.35  22,804.00
2026-08-20 13:00:00   GOLD 4,481.35 4,496.06 4,480.17 4,493.94   12.51     2.13  12.59     1.18  24,717.00
2026-08-20 14:00:00   GOLD 4,493.89 4,494.15 4,483.65 4,491.10   -2.83     0.26  -2.79     7.46  26,314.00
2026-08-20 15:00:00   GOLD 4,491.10 4,498.78 4,487.34 4,489.35   -1.75     7.68  -1.75     2.01  26,460.00
2026-08-20 16:00:00   GOLD 4,489.39 4,494.30 4,482.01 4,482.73   -6.62     4.90  -6.66     0.73  21,276.00
2026-08-20 17:00:00   GOLD 4,482.75 4,495.15 4,480.86 4,490.18    7.45     4.97   7.43     1.89  19,592.00
2026-08-20 18:00:00   GOLD 4,490.21 4,491.34 4,465.57 4,467.18  -23.01     1.13 -23.03     1.61  31,256.00
2026-08-20 19:00:00   GOLD 4,467.18 4,477.10 4,450.74 4,474.85    7.68     2.25   7.67    16.44  60,534.00
2026-08-20 20:00:00   GOLD 4,474.88 4,489.34 4,469.35 4,481.72    6.86     7.62   6.84     5.52  76,919.00
2026-08-20 21:00:00   GOLD 4,481.70 4,516.31 4,480.87 4,516.06   34.35     0.25  34.36     0.84  77,393.00
2026-08-20 22:00:00   GOLD 4,516.15 4,541.05 4,508.76 4,521.73    5.67    19.31   5.59     7.39 106,646.00
2026-08-20 23:00:00   GOLD 4,521.76 4,524.89 4,502.82 4,510.07  -11.66     3.13 -11.69     7.24  53,638.00
2026-08-21 00:00:00   GOLD 4,510.10 4,520.48 4,507.79 4,520.02    9.95     0.46   9.92     2.31  32,722.00
2026-08-21 01:00:00   GOLD 4,520.06 4,525.36 4,508.40 4,522.08    2.06     3.28   2.02    11.66  28,614.00
2026-08-21 02:00:00   GOLD 4,522.06 4,532.23 4,518.19 4,528.74    6.66     3.49   6.68     3.88  35,376.00
2026-08-21 03:00:00   GOLD 4,528.76 4,529.20 4,516.84 4,518.95   -9.79     0.45  -9.80     2.12  10,829.00
2026-08-21 05:00:00   GOLD 4,519.55 4,524.42 4,517.04 4,524.23    5.27     0.19   4.68     2.51   7,165.00
2026-08-21 06:00:00   GOLD 4,524.22 4,533.05 4,520.99 4,526.40    2.18     6.65   2.19     3.23  13,671.00
2026-08-21 07:00:00   GOLD 4,526.39 4,527.56 4,509.80 4,510.77  -15.64     1.16 -15.62     0.97  24,626.00
2026-08-21 08:00:00   GOLD 4,510.76 4,544.01 4,508.99 4,530.78   20.02    13.23  20.03     1.76  45,033.00
2026-08-21 09:00:00   GOLD 4,530.82 4,542.96 4,518.51 4,533.90    3.11     9.06   3.08    12.31  30,641.00
2026-08-21 10:00:00   GOLD 4,533.85 4,538.81 4,526.80 4,535.57    1.67     3.24   1.72     7.05  18,753.00
2026-08-21 11:00:00   GOLD 4,535.61 4,548.22 4,535.52 4,540.70    5.13     7.52   5.09     0.09  17,015.00
2026-08-21 12:00:00   GOLD 4,540.75 4,556.46 4,529.11 4,553.73   13.03     2.73  12.98    11.64  23,766.00
2026-08-21 13:00:00   GOLD 4,553.82 4,567.78 4,545.60 4,560.95    7.22     6.83   7.14     8.22  33,389.00
2026-08-21 14:00:00   GOLD 4,560.95 4,568.13 4,558.56 4,564.42    3.47     3.71   3.47     2.39  27,059.00
2026-08-21 15:00:00   GOLD 4,564.53 4,585.13 4,559.15 4,584.26   19.84     0.88  19.72     5.38  29,227.00
2026-08-21 16:00:00   GOLD 4,584.28 4,602.27 4,580.55 4,582.73   -1.53    17.99  -1.56     2.18  28,474.00
2026-08-21 17:00:00   GOLD 4,582.62 4,594.22 4,577.93 4,588.57    5.84     5.65   5.95     4.69  24,450.00
2026-08-21 18:00:00   GOLD 4,588.64 4,604.61 4,587.26 4,597.05    8.48     7.56   8.40     1.39  31,629.00
2026-08-21 19:00:00   GOLD 4,597.12 4,601.65 4,563.57 4,578.08  -18.97     4.53 -19.05    14.51  45,271.00
2026-08-21 20:00:00   GOLD 4,578.02 4,593.14 4,573.40 4,581.10    3.02    12.04   3.07     4.62  71,405.00
2026-08-21 21:00:00   GOLD 4,581.02 4,603.62 4,579.85 4,591.57   10.47    12.06  10.55     1.18  88,389.00
2026-08-21 22:00:00   GOLD 4,591.57 4,615.45 4,587.28 4,614.62   23.06     0.82  23.05     4.30  72,806.00
2026-08-21 23:00:00   GOLD 4,614.65 4,629.16 4,609.11 4,628.88   14.26     0.28  14.23     5.54  52,148.00
2026-08-22 00:00:00   GOLD 4,628.92 4,632.15 4,615.32 4,620.67   -8.21     3.23  -8.25     5.35  47,512.00
2026-08-22 01:00:00   GOLD 4,620.68 4,627.85 4,619.56 4,624.52    3.85     3.33   3.84     1.12  28,423.00
2026-08-22 02:00:00   GOLD 4,624.56 4,625.66 4,615.65 4,617.03   -7.49     1.10  -7.53     1.38  29,208.00
2026-08-22 03:00:00   GOLD 4,617.06 4,617.81 4,602.67 4,602.99  -14.04     0.75 -14.07     0.32  16,094.00
2026-08-24 05:00:00   GOLD 4,609.65 4,621.24 4,606.13 4,606.21    3.22    11.59  -3.44     0.08  15,331.00
2026-08-24 06:00:00   GOLD 4,606.26 4,624.69 4,604.75 4,624.09   17.88     0.61  17.83     1.51  17,843.00
2026-08-24 07:00:00   GOLD 4,624.08 4,640.94 4,594.52 4,621.90   -2.18    16.86  -2.18    27.39  62,744.00
2026-08-24 08:00:00   GOLD 4,621.85 4,637.74 4,608.15 4,632.24   10.34     5.50  10.39    13.70  70,157.00
2026-08-24 09:00:00   GOLD 4,632.23 4,657.00 4,627.73 4,643.79   11.55    13.21  11.56     4.50  49,080.00
2026-08-24 10:00:00   GOLD 4,643.84 4,650.25 4,633.60 4,641.84   -1.95     6.41  -2.01     8.23  33,960.00
2026-08-24 11:00:00   GOLD 4,641.82 4,642.82 4,632.71 4,638.93   -2.90     1.00  -2.89     6.22  28,611.00
2026-08-24 12:00:00   GOLD 4,638.94 4,646.67 4,630.02 4,640.94    2.01     5.73   2.00     8.92  41,437.00
2026-08-24 13:00:00   GOLD 4,640.91 4,660.12 4,639.47 4,649.97    9.03    10.15   9.06     1.44  46,372.00
2026-08-24 14:00:00   GOLD 4,650.01 4,654.81 4,630.34 4,641.61   -8.36     4.81  -8.39    11.28  49,669.00
2026-08-24 15:00:00   GOLD 4,641.60 4,646.69 4,628.90 4,638.19   -3.43     5.08  -3.41     9.29  36,950.00
2026-08-24 16:00:00   GOLD 4,638.14 4,646.10 4,632.90 4,645.93    7.74     0.16   7.80     5.24  29,245.00
2026-08-24 17:00:00   GOLD 4,645.90 4,650.21 4,641.97 4,643.28   -2.65     4.31  -2.61     1.31  28,058.00
2026-08-24 18:00:00   GOLD 4,643.26 4,670.46 4,639.16 4,657.90   14.62    12.56  14.64     4.10  47,302.00
2026-08-24 19:00:00   GOLD 4,657.90 4,668.82 4,645.62 4,662.83    4.93     5.99   4.93    12.27  48,398.00
2026-08-24 20:00:00   GOLD 4,662.81 4,681.02 4,656.24 4,664.84    2.01    16.19   2.02     6.57  88,658.00
2026-08-24 21:00:00   GOLD 4,664.79 4,678.73 4,655.40 4,670.35    5.52     8.37   5.56     9.39  99,385.00
2026-08-24 22:00:00   GOLD 4,670.38 4,679.79 4,640.14 4,649.34  -21.02     9.41 -21.04     9.20  73,567.00
2026-08-24 23:00:00   GOLD 4,649.42 4,662.23 4,641.85 4,645.10   -4.23    12.81  -4.32     3.26  47,162.00
2026-08-25 00:00:00   GOLD 4,645.10 4,655.48 4,630.03 4,636.77   -8.34    10.38  -8.33     6.73  75,104.00
2026-08-25 01:00:00   GOLD 4,636.78 4,642.27 4,625.23 4,636.56   -0.21     5.48  -0.23    11.33  57,359.00
2026-08-25 02:00:00   GOLD 4,636.52 4,656.15 4,635.95 4,651.95   15.39     4.20  15.43     0.56  51,275.00
2026-08-25 03:00:00   GOLD 4,651.85 4,655.26 4,647.27 4,651.24   -0.71     3.41  -0.61     3.97  14,177.00
2026-08-25 05:00:00   GOLD 4,655.49 4,668.52 4,655.20 4,667.73   16.49     0.79  12.24     0.29   8,172.00
2026-08-25 06:00:00   GOLD 4,667.70 4,682.78 4,666.86 4,679.93   12.20     2.85  12.23     0.85  18,847.00
2026-08-25 07:00:00   GOLD 4,679.92 4,697.10 4,675.44 4,684.65    4.72    12.46   4.73     4.48  54,005.00
2026-08-25 08:00:00   GOLD 4,684.61 4,687.12 4,656.77 4,658.21  -26.44     2.51 -26.40     1.44  63,444.00
2026-08-25 09:00:00   GOLD 4,658.20 4,661.66 4,617.28 4,629.53  -28.68     3.46 -28.67    12.25  72,787.00
2026-08-25 10:00:00   GOLD 4,629.52 4,641.35 4,622.43 4,633.68    4.15     7.67   4.16     7.10  40,631.00
2026-08-25 11:00:00   GOLD 4,633.65 4,637.81 4,623.76 4,626.03   -7.65     4.15  -7.62     2.27  25,991.00
2026-08-25 12:00:00   GOLD 4,626.02 4,647.97 4,624.11 4,643.07   17.05     4.90  17.05     1.91  37,251.00
2026-08-25 13:00:00   GOLD 4,643.09 4,653.43 4,637.08 4,638.30   -4.77    10.35  -4.78     1.22  37,334.00
2026-08-25 14:00:00   GOLD 4,638.31 4,643.80 4,629.86 4,630.19   -8.11     5.49  -8.12     0.32  33,461.00
2026-08-25 15:00:00   GOLD 4,630.19 4,645.48 4,620.09 4,630.48    0.29    15.01   0.28    10.10  39,507.00
2026-08-25 16:00:00   GOLD 4,630.46 4,642.59 4,624.29 4,636.40    5.92     6.19   5.94     6.17  46,067.00
2026-08-25 17:00:00   GOLD 4,636.45 4,642.40 4,632.82 4,639.29    2.89     3.11   2.84     3.64  25,705.00
2026-08-25 18:00:00   GOLD 4,639.30 4,647.33 4,636.48 4,642.40    3.11     4.93   3.11     2.82  28,935.00
2026-08-25 19:00:00   GOLD 4,642.60 4,644.23 4,630.25 4,640.77   -1.63     1.63  -1.83    10.52  39,383.00
2026-08-25 20:00:00   GOLD 4,640.76 4,641.26 4,605.29 4,616.88  -23.90     0.50 -23.89    11.59  92,082.00
2026-08-25 21:00:00   GOLD 4,616.88 4,640.23 4,613.23 4,635.57   18.70     4.65  18.69     3.65  71,191.00
2026-08-25 22:00:00   GOLD 4,635.72 4,659.48 4,629.49 4,652.77   17.20     6.71  17.05     6.23  63,128.00
2026-08-25 23:00:00   GOLD 4,652.97 4,653.38 4,637.15 4,643.62   -9.15     0.41  -9.35     6.47  37,243.00
2026-08-26 00:00:00   GOLD 4,643.62 4,648.57 4,634.31 4,648.52    4.90     0.05   4.89     9.32  40,016.00
2026-08-26 01:00:00   GOLD 4,648.52 4,655.09 4,644.45 4,654.60    6.08     0.49   6.07     4.07  21,942.00
2026-08-26 02:00:00   GOLD 4,654.64 4,668.25 4,653.40 4,667.03   12.44     1.22  12.40     1.23  36,048.00
2026-08-26 03:00:00   GOLD 4,667.00 4,669.11 4,657.75 4,659.06   -7.98     2.11  -7.94     1.31  16,608.00
2026-08-26 05:00:00   GOLD 4,661.44 4,673.77 4,660.15 4,672.67   13.61     1.10  11.23     1.29   8,227.00
2026-08-26 06:00:00   GOLD 4,672.60 4,673.57 4,653.31 4,654.94  -17.73     0.97 -17.66     1.63  14,867.00
2026-08-26 07:00:00   GOLD 4,654.95 4,657.95 4,634.51 4,637.70  -17.24     3.00 -17.25     3.20  30,657.00
2026-08-26 08:00:00   GOLD 4,637.72 4,661.01 4,629.61 4,656.98   19.27     4.03  19.26     8.11  48,216.00
2026-08-26 09:00:00   GOLD 4,656.95 4,670.83 4,654.90 4,658.42    1.44    12.41   1.47     2.05  39,682.00
2026-08-26 10:00:00   GOLD 4,658.41 4,658.82 4,642.76 4,642.89  -15.53     0.41 -15.53     0.12  23,624.00
2026-08-26 11:00:00   GOLD 4,642.88 4,644.64 4,638.99 4,640.72   -2.17     1.77  -2.16     1.73  12,630.00
2026-08-26 12:00:00   GOLD 4,640.77 4,649.61 4,635.70 4,639.90   -0.81     8.84  -0.86     4.20  26,403.00
2026-08-26 13:00:00   GOLD 4,639.88 4,641.64 4,624.71 4,634.36   -5.54     1.77  -5.51     9.65  29,513.00
2026-08-26 14:00:00   GOLD 4,634.38 4,639.40 4,626.68 4,629.16   -5.20     5.02  -5.22     2.48  24,661.00
2026-08-26 15:00:00   GOLD 4,629.08 4,630.82 4,622.36 4,628.49   -0.67     1.74  -0.59     6.13  28,242.00
2026-08-26 16:00:00   GOLD 4,628.60 4,631.09 4,616.41 4,623.23   -5.26     2.48  -5.38     6.81  20,717.00
2026-08-26 17:00:00   GOLD 4,623.22 4,624.23 4,613.23 4,620.23   -3.00     1.01  -2.99     7.00  21,978.00
2026-08-26 18:00:00   GOLD 4,620.24 4,625.31 4,616.51 4,624.75    4.52     0.56   4.51     3.73  19,932.00
2026-08-26 19:00:00   GOLD 4,624.73 4,633.32 4,610.97 4,614.47  -10.28     8.59 -10.27     3.49  50,780.00
2026-08-26 20:00:00   GOLD 4,614.52 4,632.02 4,598.10 4,631.69   17.23     0.33  17.17    16.42  82,632.00
2026-08-26 21:00:00   GOLD 4,631.72 4,633.69 4,602.98 4,603.12  -28.57     1.97 -28.60     0.15  60,319.00
2026-08-26 22:00:00   GOLD 4,603.15 4,609.35 4,583.06 4,596.21   -6.91     6.20  -6.94    13.15  55,900.00
2026-08-26 23:00:00   GOLD 4,596.24 4,601.60 4,585.61 4,591.64   -4.57     5.36  -4.60     6.03  39,465.00
2026-08-27 00:00:00   GOLD 4,591.69 4,602.40 4,590.84 4,597.83    6.19     4.57   6.14     0.85  25,670.00
2026-08-27 01:00:00   GOLD 4,597.81 4,604.73 4,592.65 4,593.88   -3.95     6.92  -3.94     1.23  25,856.00
2026-08-27 02:00:00   GOLD 4,593.93 4,601.73 4,591.23 4,594.45    0.58     7.28   0.52     2.70  25,576.00
2026-08-27 03:00:00   GOLD 4,594.39 4,596.82 4,584.19 4,594.73    0.27     2.10   0.34    10.20  16,357.00
2026-08-27 05:00:00   GOLD 4,603.39 4,613.41 4,601.95 4,609.46   14.73     3.95   6.07     1.44  15,189.00
2026-08-27 06:00:00   GOLD 4,609.50 4,625.14 4,607.01 4,623.70   14.24     1.44  14.20     2.49  13,856.00
2026-08-27 07:00:00   GOLD 4,623.86 4,627.05 4,600.73 4,605.20  -18.50     3.19 -18.66     4.47  28,928.00
2026-08-27 08:00:00   GOLD 4,605.25 4,640.91 4,602.46 4,640.02   34.82     0.89  34.77     2.79  45,958.00
2026-08-27 09:00:00   GOLD 4,640.03 4,643.21 4,623.68 4,629.85  -10.16     3.18 -10.18     6.18  26,988.00
2026-08-27 10:00:00   GOLD 4,629.78 4,638.77 4,624.48 4,625.63   -4.22     8.99  -4.15     1.15  20,222.00
2026-08-27 11:00:00   GOLD 4,625.68 4,627.40 4,617.28 4,618.94   -6.69     1.72  -6.74     1.66  16,351.00
2026-08-27 12:00:00   GOLD 4,618.98 4,621.75 4,600.94 4,607.24  -11.70     2.77 -11.74     6.30  27,434.00
2026-08-27 13:00:00   GOLD 4,607.23 4,612.00 4,597.91 4,600.32   -6.92     4.77  -6.91     2.40  36,194.00
2026-08-27 14:00:00   GOLD 4,600.27 4,605.95 4,593.70 4,600.39    0.07     5.56   0.12     6.56  30,475.00
2026-08-27 15:00:00   GOLD 4,600.39 4,606.96 4,594.77 4,599.10   -1.29     6.57  -1.28     4.34  23,217.00
2026-08-27 16:00:00   GOLD 4,599.10 4,600.90 4,577.98 4,580.51  -18.60     1.80 -18.60     2.53  31,128.00
2026-08-27 17:00:00   GOLD 4,580.53 4,590.59 4,569.29 4,590.14    9.64     0.44   9.61    11.24  30,797.00
2026-08-27 18:00:00   GOLD 4,590.12 4,600.39 4,587.32 4,598.34    8.20     2.05   8.22     2.80  26,079.00
2026-08-27 19:00:00   GOLD 4,598.39 4,601.23 4,580.54 4,585.93  -12.41     2.84 -12.46     5.39  32,091.00
2026-08-27 20:00:00   GOLD 4,585.98 4,593.48 4,564.27 4,572.52  -13.41     7.49 -13.47     8.24  79,248.00
2026-08-27 21:00:00   GOLD 4,572.60 4,598.19 4,568.48 4,591.39   18.88     6.80  18.80     4.11  70,112.00
2026-08-27 22:00:00   GOLD 4,591.32 4,611.31 4,588.94 4,610.51   19.11     0.80  19.19     2.38  53,013.00
2026-08-27 23:00:00   GOLD 4,610.53 4,616.69 4,602.52 4,615.00    4.49     1.69   4.47     8.01  44,224.00
2026-08-28 00:00:00   GOLD 4,615.12 4,616.55 4,605.21 4,606.54   -8.46     1.43  -8.58     1.33  41,928.00
2026-08-28 01:00:00   GOLD 4,606.65 4,611.22 4,600.97 4,610.35    3.81     0.88   3.70     5.68  38,608.00
2026-08-28 02:00:00   GOLD 4,610.39 4,618.02 4,604.22 4,609.51   -0.84     7.63  -0.89     5.29  35,001.00
2026-08-28 03:00:00   GOLD 4,609.38 4,609.78 4,600.11 4,602.15   -7.36     0.40  -7.23     2.03  10,176.00
2026-08-28 05:00:00   GOLD 4,601.95 4,610.78 4,601.02 4,610.70    8.56     0.07   8.76     0.93   7,617.00
2026-08-28 06:00:00   GOLD 4,610.69 4,611.46 4,594.34 4,594.59  -16.11     0.77 -16.10     0.26  10,651.00
2026-08-28 07:00:00   GOLD 4,594.54 4,602.66 4,585.85 4,588.88   -5.72     8.12  -5.66     3.03  26,779.00
2026-08-28 08:00:00   GOLD 4,588.92 4,602.32 4,575.51 4,575.98  -12.89    13.40 -12.94     0.48  49,840.00
2026-08-28 09:00:00   GOLD 4,576.02 4,589.84 4,575.06 4,586.55   10.56     3.30  10.53     0.96  24,505.00
2026-08-28 10:00:00   GOLD 4,586.56 4,590.22 4,578.75 4,580.01   -6.54     3.66  -6.55     1.26  18,255.00
2026-08-28 11:00:00   GOLD 4,580.00 4,585.52 4,578.05 4,584.47    4.46     1.06   4.47     1.95  12,518.00
2026-08-28 12:00:00   GOLD 4,584.49 4,586.40 4,571.66 4,573.56  -10.91     1.91 -10.94     1.90  23,335.00
2026-08-28 13:00:00   GOLD 4,573.57 4,613.22 4,572.62 4,612.60   39.05     0.62  39.03     0.95  35,664.00
2026-08-28 14:00:00   GOLD 4,612.55 4,614.38 4,596.77 4,611.84   -0.77     1.82  -0.72    15.06  35,253.00
2026-08-28 15:00:00   GOLD 4,611.75 4,614.59 4,601.06 4,602.88   -8.95     2.84  -8.87     1.82  26,137.00
2026-08-28 16:00:00   GOLD 4,602.84 4,607.43 4,600.38 4,605.20    2.32     2.22   2.36     2.46  24,815.00
2026-08-28 17:00:00   GOLD 4,605.29 4,609.96 4,597.64 4,600.30   -4.91     4.67  -4.99     2.65  17,290.00
2026-08-28 18:00:00   GOLD 4,600.31 4,601.45 4,591.44 4,593.56   -6.73     1.14  -6.75     2.12  22,625.00
2026-08-28 19:00:00   GOLD 4,593.59 4,603.77 4,589.13 4,601.74    8.18     2.03   8.15     4.45  42,223.00
2026-08-28 20:00:00   GOLD 4,601.82 4,627.40 4,593.85 4,604.60    2.86    22.80   2.78     7.97  69,471.00
2026-08-28 21:00:00   GOLD 4,603.80 4,631.98 4,530.02 4,576.77  -27.84    28.18 -27.03    46.74 173,929.00
2026-08-28 22:00:00   GOLD 4,576.76 4,582.90 4,524.12 4,524.61  -52.16     6.14 -52.15     0.48 124,708.00
2026-08-28 23:00:00   GOLD 4,524.60 4,529.62 4,464.41 4,479.55  -45.06     5.03 -45.05    15.13 138,499.00
2026-08-29 00:00:00   GOLD 4,479.53 4,486.84 4,460.63 4,469.43  -10.11     7.31 -10.10     8.80  81,363.00
2026-08-29 01:00:00   GOLD 4,469.44 4,471.70 4,445.45 4,456.95  -12.48     2.26 -12.49    11.49  70,138.00
2026-08-29 02:00:00   GOLD 4,456.98 4,467.19 4,453.03 4,458.55    1.60     8.64   1.56     3.95  47,529.00
2026-08-29 03:00:00   GOLD 4,458.53 4,462.76 4,453.14 4,454.99   -3.56     4.22  -3.55     1.85  16,158.00
2026-08-31 05:00:00   GOLD 4,445.72 4,466.18 4,445.55 4,461.43    6.44     4.75  15.71     0.18  15,014.00
2026-08-31 06:00:00   GOLD 4,461.43 4,466.95 4,435.82 4,458.49   -2.94     5.52  -2.93    22.67  25,788.00
2026-08-31 07:00:00   GOLD 4,458.51 4,472.16 4,452.43 4,456.31   -2.19    13.65  -2.20     3.88  37,624.00
2026-08-31 08:00:00   GOLD 4,456.31 4,463.30 4,435.96 4,440.26  -16.05     6.98 -16.05     4.30  72,735.00
2026-08-31 09:00:00   GOLD 4,440.27 4,441.51 4,396.52 4,422.98  -17.28     1.24 -17.28    26.46  58,118.00
2026-08-31 10:00:00   GOLD 4,422.91 4,434.05 4,419.95 4,422.69   -0.29    11.14  -0.22     2.74  24,887.00
2026-08-31 11:00:00   GOLD 4,422.82 4,425.06 4,413.00 4,424.64    1.94     0.43   1.82     9.82  18,041.00
2026-08-31 12:00:00   GOLD 4,424.61 4,443.98 4,419.37 4,443.07   18.43     0.91  18.45     5.24  32,070.00
2026-08-31 13:00:00   GOLD 4,443.02 4,443.27 4,429.35 4,439.47   -3.60     0.25  -3.55    10.12  30,959.00
2026-08-31 14:00:00   GOLD 4,439.44 4,448.32 4,435.23 4,443.25    3.78     5.07   3.81     4.21  24,495.00
2026-08-31 15:00:00   GOLD 4,443.27 4,449.53 4,433.81 4,435.65   -7.60     6.26  -7.63     1.83  25,815.00
2026-08-31 16:00:00   GOLD 4,435.69 4,445.54 4,435.60 4,445.38    9.73     0.16   9.69     0.09  17,125.00
2026-08-31 17:00:00   GOLD 4,445.41 4,455.61 4,444.88 4,453.93    8.55     1.68   8.52     0.53  24,167.00
2026-08-31 18:00:00   GOLD 4,453.91 4,464.23 4,452.65 4,455.46    1.53     8.77   1.55     1.26  24,689.00
2026-08-31 19:00:00   GOLD 4,455.43 4,460.94 4,435.44 4,435.80  -19.66     5.51 -19.62     0.36  36,011.00
2026-08-31 20:00:00   GOLD 4,435.81 4,448.26 4,415.75 4,418.70  -17.10    12.44 -17.11     2.95  63,248.00
2026-08-31 21:00:00   GOLD 4,418.69 4,436.96 4,416.27 4,431.81   13.11     5.15  13.12     2.42  80,479.00
2026-08-31 22:00:00   GOLD 4,431.80 4,438.01 4,424.73 4,426.44   -5.38     6.21  -5.36     1.70  55,796.00
2026-08-31 23:00:00   GOLD 4,426.48 4,440.40 4,423.94 4,433.36    6.93     7.03   6.89     2.54  38,101.00
2026-09-01 00:00:00   GOLD 4,433.36 4,440.15 4,428.85 4,436.64    3.28     3.51   3.28     4.51  26,576.00
2026-09-01 01:00:00   GOLD 4,436.65 4,436.88 4,426.30 4,431.06   -5.58     0.23  -5.58     4.76  25,730.00
2026-09-01 02:00:00   GOLD 4,431.06 4,453.76 4,429.20 4,453.41   22.35     0.35  22.35     1.86  32,690.00
2026-09-01 03:00:00   GOLD 4,453.46 4,455.93 4,446.62 4,449.24   -4.18     2.47  -4.22     2.62  14,816.00
2026-09-01 05:00:00   GOLD 4,454.26 4,455.88 4,445.65 4,447.12   -2.11     1.62  -7.13     1.48   6,547.00
2026-09-01 06:00:00   GOLD 4,447.16 4,452.55 4,441.85 4,452.35    5.23     0.19   5.19     5.31   8,653.00
2026-09-01 07:00:00   GOLD 4,452.40 4,461.70 4,446.48 4,453.74    1.39     7.95   1.35     5.92  32,950.00
2026-09-01 08:00:00   GOLD 4,453.81 4,457.02 4,436.51 4,444.51   -9.23     3.20  -9.30     8.01  45,450.00
2026-09-01 09:00:00   GOLD 4,444.48 4,449.40 4,427.69 4,443.05   -1.46     4.91  -1.43    15.36  33,082.00
2026-09-01 10:00:00   GOLD 4,443.04 4,444.18 4,431.92 4,436.79   -6.26     1.14  -6.25     4.87  17,685.00
2026-09-01 11:00:00   GOLD 4,436.80 4,437.81 4,425.56 4,426.81   -9.98     1.02  -9.98     1.26  14,663.00
2026-09-01 12:00:00   GOLD 4,426.82 4,446.10 4,423.70 4,440.28   13.47     5.82  13.46     3.11  28,653.00
2026-09-01 13:00:00   GOLD 4,440.13 4,440.63 4,427.80 4,429.76  -10.52     0.50 -10.37     1.96  24,372.00
2026-09-01 14:00:00   GOLD 4,429.76 4,435.10 4,412.20 4,420.19   -9.57     5.34  -9.57     7.98  41,056.00
2026-09-01 15:00:00   GOLD 4,420.15 4,420.15 4,369.36 4,370.90  -49.28     0.00 -49.24     1.54  79,900.00
2026-09-01 16:00:00   GOLD 4,370.84 4,378.26 4,364.55 4,364.80   -6.11     7.42  -6.05     0.25  50,959.00
2026-09-01 17:00:00   GOLD 4,364.78 4,386.10 4,364.41 4,378.26   13.46     7.85  13.47     0.38  29,716.00
2026-09-01 18:00:00   GOLD 4,378.22 4,387.39 4,371.97 4,374.64   -3.61     9.17  -3.57     2.67  32,706.00
2026-09-01 19:00:00   GOLD 4,374.52 4,376.27 4,352.02 4,356.29  -18.35     1.74 -18.23     4.27  56,614.00
2026-09-01 20:00:00   GOLD 4,356.30 4,367.57 4,326.27 4,365.28    8.99     2.30   8.98    30.03  95,860.00
2026-09-01 21:00:00   GOLD 4,365.49 4,375.69 4,353.31 4,360.44   -4.84    10.20  -5.05     7.13  82,437.00
2026-09-01 22:00:00   GOLD 4,360.51 4,373.95 4,355.23 4,372.95   12.52     1.00  12.45     5.28  51,396.00
2026-09-01 23:00:00   GOLD 4,372.99 4,374.79 4,347.09 4,351.42  -21.53     1.80 -21.57     4.33  63,227.00
2026-09-02 00:00:00   GOLD 4,351.47 4,352.05 4,341.09 4,343.02   -8.40     0.58  -8.45     1.93  49,417.00
2026-09-02 01:00:00   GOLD 4,343.06 4,344.62 4,328.31 4,331.85  -11.17     1.56 -11.21     3.55  40,813.00
2026-09-02 02:00:00   GOLD 4,331.81 4,337.78 4,322.74 4,327.12   -4.73     5.97  -4.69     4.38  41,430.00
2026-09-02 03:00:00   GOLD 4,327.15 4,330.88 4,323.74 4,328.40    1.28     2.47   1.26     3.41  12,186.00
2026-09-02 05:00:00   GOLD 4,331.39 4,331.59 4,326.39 4,329.32    0.91     0.20  -2.07     2.93   5,419.00
2026-09-02 06:00:00   GOLD 4,329.28 4,335.90 4,322.94 4,324.47   -4.85     6.62  -4.81     1.52  10,459.00
2026-09-02 07:00:00   GOLD 4,324.45 4,334.59 4,314.63 4,315.90   -8.56    10.14  -8.55     1.27  44,756.00
2026-09-02 08:00:00   GOLD 4,315.81 4,326.81 4,288.44 4,291.11  -24.80    11.00 -24.70     2.67  66,469.00
2026-09-02 09:00:00   GOLD 4,291.12 4,314.85 4,287.27 4,303.06   11.95    11.80  11.94     3.85  39,477.00
2026-09-02 10:00:00   GOLD 4,302.95 4,304.45 4,282.62 4,303.45    0.39     1.01   0.50    20.32  30,062.00
2026-09-02 11:00:00   GOLD 4,303.44 4,308.06 4,301.32 4,307.47    4.02     0.60   4.03     2.12  16,336.00
2026-09-02 12:00:00   GOLD 4,307.41 4,326.65 4,303.72 4,320.12   12.65     6.53  12.70     3.69  27,964.00
2026-09-02 13:00:00   GOLD 4,320.16 4,329.32 4,314.52 4,321.88    1.76     7.45   1.72     5.64  40,639.00
2026-09-02 14:00:00   GOLD 4,321.84 4,331.40 4,319.28 4,323.17    1.30     8.23   1.33     2.56  40,490.00
2026-09-02 15:00:00   GOLD 4,323.20 4,331.65 4,312.69 4,313.07  -10.10     8.45 -10.13     0.38  41,380.00
2026-09-02 16:00:00   GOLD 4,313.05 4,322.54 4,304.87 4,308.65   -4.42     9.49  -4.40     3.78  31,467.00
2026-09-02 17:00:00   GOLD 4,308.68 4,312.35 4,301.74 4,309.40    0.75     2.96   0.72     6.94  23,101.00
2026-09-02 18:00:00   GOLD 4,309.35 4,333.10 4,307.70 4,332.49   23.10     0.61  23.14     1.65  44,579.00
2026-09-02 19:00:00   GOLD 4,332.50 4,344.39 4,327.49 4,331.52   -0.97    11.89  -0.98     4.03  57,415.00
2026-09-02 20:00:00   GOLD 4,331.61 4,385.52 4,330.85 4,385.12   53.60     0.40  53.51     0.76  80,930.00
2026-09-02 21:00:00   GOLD 4,385.10 4,397.75 4,374.41 4,377.04   -8.08    12.65  -8.06     2.63  86,416.00
2026-09-02 22:00:00   GOLD 4,377.06 4,381.05 4,364.64 4,373.19   -3.85     3.98  -3.87     8.55  61,279.00
2026-09-02 23:00:00   GOLD 4,373.18 4,374.91 4,364.52 4,368.40   -4.80     1.73  -4.78     3.88  34,777.00
2026-09-03 00:00:00   GOLD 4,368.40 4,380.85 4,364.73 4,377.08    8.68     3.77   8.68     3.67  31,280.00
2026-09-03 01:00:00   GOLD 4,377.07 4,379.85 4,369.32 4,374.27   -2.81     2.78  -2.81     4.95  31,474.00
2026-09-03 02:00:00   GOLD 4,374.24 4,391.36 4,371.83 4,391.20   16.94     0.16  16.97     2.41  32,690.00
2026-09-03 03:00:00   GOLD 4,391.23 4,391.67 4,384.06 4,388.22   -2.98     0.44  -3.01     4.16  14,590.00
2026-09-03 05:00:00   GOLD 4,391.29 4,391.84 4,383.53 4,384.75   -3.47     0.55  -6.54     1.22   8,136.00
2026-09-03 06:00:00   GOLD 4,384.76 4,388.94 4,381.25 4,385.73    0.98     3.21   0.97     3.51  11,607.00
2026-09-03 07:00:00   GOLD 4,385.73 4,397.98 4,382.51 4,395.59    9.86     2.40   9.85     3.23  24,764.00
2026-09-03 08:00:00   GOLD 4,395.65 4,412.62 4,387.36 4,410.56   14.98     2.06  14.92     8.28  47,258.00
2026-09-03 09:00:00   GOLD 4,410.53 4,420.56 4,406.80 4,420.43    9.86     0.14   9.90     3.73  33,926.00
2026-09-03 10:00:00   GOLD 4,420.41 4,432.69 4,419.40 4,431.48   11.06     1.20  11.07     1.02  21,856.00
2026-09-03 11:00:00   GOLD 4,431.45 4,438.73 4,425.66 4,437.40    5.92     1.32   5.95     5.79  13,873.00
2026-09-03 12:00:00   GOLD 4,437.40 4,440.35 4,422.59 4,431.15   -6.25     2.95  -6.24     8.57  33,437.00
2026-09-03 13:00:00   GOLD 4,431.19 4,436.38 4,417.57 4,420.59  -10.56     5.19 -10.60     3.02  37,433.00
2026-09-03 14:00:00   GOLD 4,420.61 4,431.64 4,419.16 4,428.91    8.32     2.73   8.30     1.44  37,955.00
2026-09-03 15:00:00   GOLD 4,428.86 4,443.72 4,428.14 4,434.97    6.06     8.74   6.11     0.72  48,446.00
2026-09-03 16:00:00   GOLD 4,435.02 4,442.04 4,425.60 4,427.62   -7.35     7.02  -7.40     2.02  32,706.00
2026-09-03 17:00:00   GOLD 4,427.66 4,429.97 4,419.09 4,427.35   -0.27     2.31  -0.31     8.26  27,573.00
2026-09-03 18:00:00   GOLD 4,427.38 4,445.74 4,425.12 4,444.28   16.93     1.47  16.90     2.26  30,182.00
2026-09-03 19:00:00   GOLD 4,444.25 4,495.23 4,437.85 4,493.53   49.26     1.69  49.28     6.40  65,930.00
2026-09-03 20:00:00   GOLD 4,493.59 4,496.01 4,456.93 4,470.78  -22.75     2.43 -22.80    13.86  89,867.00
2026-09-03 21:00:00   GOLD 4,470.78 4,485.43 4,458.39 4,485.36   14.58     0.06  14.59    12.39  89,302.00
2026-09-03 22:00:00   GOLD 4,485.37 4,510.93 4,484.28 4,493.35    7.98    17.59   7.98     1.09  66,402.00
2026-09-03 23:00:00   GOLD 4,493.34 4,495.57 4,485.53 4,486.28   -7.07     2.23  -7.06     0.75  35,900.00
2026-09-04 00:00:00   GOLD 4,486.36 4,494.74 4,483.35 4,486.69    0.41     8.05   0.34     3.01  28,518.00
2026-09-04 01:00:00   GOLD 4,486.70 4,489.84 4,474.02 4,475.19  -11.51     3.13 -11.52     1.17  33,683.00
2026-09-04 02:00:00   GOLD 4,475.18 4,480.81 4,472.65 4,475.29    0.10     5.52   0.11     2.53  32,201.00
2026-09-04 03:00:00   GOLD 4,475.23 4,475.74 4,470.55 4,472.97   -2.32     0.51  -2.27     2.41   9,910.00
2026-09-04 05:00:00   GOLD 4,476.07 4,478.99 4,471.52 4,474.65    1.68     2.91  -1.43     3.13   9,541.00
2026-09-04 06:00:00   GOLD 4,474.55 4,480.40 4,471.79 4,480.16    5.51     0.24   5.61     2.76   9,311.00
2026-09-04 07:00:00   GOLD 4,480.06 4,487.48 4,472.91 4,486.40    6.24     1.08   6.34     7.15  22,384.00
2026-09-04 08:00:00   GOLD 4,486.51 4,487.55 4,467.12 4,478.93   -7.47     1.03  -7.59    11.80  39,650.00
2026-09-04 09:00:00   GOLD 4,479.07 4,482.60 4,470.43 4,477.47   -1.45     3.53  -1.60     7.04  19,438.00
2026-09-04 10:00:00   GOLD 4,477.49 4,478.73 4,467.19 4,467.19  -10.28     1.23 -10.31     0.00  12,223.00
2026-09-04 11:00:00   GOLD 4,467.15 4,475.12 4,465.49 4,473.82    6.64     1.30   6.68     1.66   9,383.00
2026-09-04 12:00:00   GOLD 4,473.78 4,477.69 4,466.91 4,472.20   -1.62     3.91  -1.58     5.30  18,284.00
2026-09-04 13:00:00   GOLD 4,472.21 4,473.50 4,460.15 4,462.94   -9.27     1.29  -9.27     2.78  26,410.00
2026-09-04 14:00:00   GOLD 4,462.91 4,490.90 4,461.51 4,483.43   20.49     7.47  20.51     1.40  32,418.00
2026-09-04 15:00:00   GOLD 4,483.43 4,486.54 4,474.49 4,477.97   -5.45     3.11  -5.46     3.48  24,877.00
2026-09-04 16:00:00   GOLD 4,477.95 4,479.31 4,464.00 4,465.69  -12.28     1.36 -12.26     1.69  26,221.00
2026-09-04 17:00:00   GOLD 4,465.66 4,476.45 4,465.53 4,472.95    7.27     3.49   7.29     0.14  16,471.00
2026-09-04 18:00:00   GOLD 4,473.03 4,473.52 4,465.15 4,467.15   -5.81     0.48  -5.89     2.00  17,847.00
2026-09-04 19:00:00   GOLD 4,467.17 4,476.66 4,376.18 4,393.77  -73.38     9.49 -73.40    17.59  98,790.00
2026-09-04 20:00:00   GOLD 4,393.73 4,434.93 4,365.57 4,413.28   19.51    21.65  19.55    28.16 115,874.00
2026-09-04 21:00:00   GOLD 4,413.27 4,442.26 4,412.06 4,427.60   14.32    14.66  14.33     1.21  85,647.00
2026-09-04 22:00:00   GOLD 4,427.67 4,449.00 4,422.82 4,436.65    9.05    12.35   8.98     4.85  51,031.00
2026-09-04 23:00:00   GOLD 4,436.60 4,443.61 4,432.31 4,436.37   -0.28     7.01  -0.23     4.06  33,851.00
2026-09-05 00:00:00   GOLD 4,436.34 4,440.55 4,415.65 4,416.58  -19.79     4.22 -19.76     0.93  37,207.00
2026-09-05 01:00:00   GOLD 4,416.61 4,426.75 4,411.97 4,424.03    7.45     2.72   7.42     4.64  27,079.00
2026-09-05 02:00:00   GOLD 4,424.06 4,438.56 4,422.61 4,434.93   10.89     3.64  10.86     1.45  22,331.00
2026-09-05 03:00:00   GOLD 4,434.91 4,435.24 4,428.69 4,429.82   -5.10     0.33  -5.09     1.14   8,824.00
2026-09-07 05:00:00   GOLD 4,422.49 4,435.26 4,422.16 4,429.39   -0.43     5.86   6.90     0.33   5,599.00
2026-09-07 06:00:00   GOLD 4,429.38 4,434.06 4,421.16 4,423.44   -5.95     4.68  -5.94     2.27   9,876.00
2026-09-07 07:00:00   GOLD 4,423.53 4,429.60 4,410.10 4,412.78  -10.66     6.07 -10.76     2.68  19,794.00
2026-09-07 08:00:00   GOLD 4,412.75 4,416.87 4,389.59 4,409.22   -3.56     4.12  -3.53    19.63  48,327.00
2026-09-07 09:00:00   GOLD 4,409.23 4,419.02 4,403.09 4,408.91   -0.31     9.79  -0.32     5.82  26,179.00
2026-09-07 10:00:00   GOLD 4,408.99 4,410.70 4,401.26 4,404.28   -4.62     1.71  -4.71     3.02  17,061.00
2026-09-07 11:00:00   GOLD 4,404.27 4,407.45 4,394.58 4,398.15   -6.14     3.18  -6.12     3.57  11,049.00
2026-09-07 12:00:00   GOLD 4,398.16 4,413.31 4,393.25 4,394.23   -3.92    15.15  -3.94     0.98  18,474.00
2026-09-07 13:00:00   GOLD 4,394.26 4,399.86 4,385.33 4,392.91   -1.32     5.61  -1.35     7.58  26,649.00
2026-09-07 14:00:00   GOLD 4,392.94 4,406.83 4,391.85 4,406.45   13.54     0.38  13.51     1.09  27,689.00
2026-09-07 15:00:00   GOLD 4,406.35 4,423.89 4,405.27 4,411.01    4.56    12.88   4.65     1.08  23,430.00
2026-09-07 16:00:00   GOLD 4,411.06 4,413.89 4,403.69 4,405.74   -5.26     2.83  -5.31     2.05  14,229.00
2026-09-07 17:00:00   GOLD 4,405.65 4,406.35 4,388.11 4,391.69  -14.05     0.71 -13.95     3.59  15,568.00
2026-09-07 18:00:00   GOLD 4,391.68 4,394.98 4,381.24 4,385.33   -6.36     3.30  -6.35     4.09  23,752.00
2026-09-07 19:00:00   GOLD 4,385.34 4,398.17 4,385.34 4,396.85   11.52     1.32  11.51     0.00  12,402.00
2026-09-07 20:00:00   GOLD 4,396.74 4,407.85 4,395.47 4,402.43    5.59     5.42   5.69     1.27  19,412.00
2026-09-07 21:00:00   GOLD 4,402.44 4,419.65 4,401.16 4,416.03   13.60     3.62  13.59     1.28  25,125.00
2026-09-07 22:00:00   GOLD 4,416.05 4,416.70 4,408.90 4,414.53   -1.51     0.66  -1.52     5.62  18,725.00
2026-09-07 23:00:00   GOLD 4,414.52 4,417.40 4,411.97 4,414.57    0.05     2.82   0.06     2.55   6,093.00
2026-09-08 00:00:00   GOLD 4,414.57 4,415.19 4,407.12 4,407.18   -7.40     0.62  -7.39     0.05   5,629.00
2026-09-08 01:00:00   GOLD 4,407.18 4,409.19 4,403.13 4,406.06   -1.11     2.01  -1.12     2.93   3,986.00
2026-09-08 05:00:00   GOLD 4,412.87 4,413.60 4,406.30 4,407.65    1.58     0.73  -5.22     1.35   4,981.00
2026-09-08 06:00:00   GOLD 4,407.27 4,428.17 4,407.24 4,423.09   15.44     5.09  15.82     0.02  16,204.00
2026-09-08 07:00:00   GOLD 4,423.15 4,430.32 4,415.22 4,426.26    3.17     4.07   3.11     7.93  39,128.00
2026-09-08 08:00:00   GOLD 4,426.24 4,440.81 4,417.19 4,437.24   10.99     3.57  11.01     9.05  44,715.00
2026-09-08 09:00:00   GOLD 4,437.33 4,438.78 4,421.30 4,424.41  -12.84     1.45 -12.92     3.11  23,398.00
2026-09-08 10:00:00   GOLD 4,424.40 4,440.23 4,422.75 4,437.88   13.47     2.36  13.47     1.65  19,862.00
2026-09-08 11:00:00   GOLD 4,437.97 4,442.98 4,431.69 4,436.00   -1.88     5.01  -1.97     4.31  12,115.00
2026-09-08 12:00:00   GOLD 4,435.98 4,437.77 4,417.60 4,419.68  -16.32     1.79 -16.31     2.08  23,992.00
2026-09-08 13:00:00   GOLD 4,419.60 4,420.36 4,398.32 4,403.71  -15.97     0.77 -15.89     5.39  45,898.00
2026-09-08 14:00:00   GOLD 4,403.70 4,409.47 4,390.19 4,392.58  -11.13     5.76 -11.12     2.39  31,134.00
2026-09-08 15:00:00   GOLD 4,392.57 4,398.67 4,388.01 4,394.19    1.61     4.48   1.61     4.56  41,530.00
2026-09-08 16:00:00   GOLD 4,394.19 4,405.73 4,390.90 4,403.04    8.85     2.69   8.85     3.29  24,573.00
2026-09-08 17:00:00   GOLD 4,403.03 4,407.02 4,393.69 4,395.30   -7.74     3.98  -7.73     1.61  20,817.00
2026-09-08 18:00:00   GOLD 4,395.30 4,408.01 4,391.16 4,406.48   11.18     1.52  11.19     4.13  23,456.00
2026-09-08 19:00:00   GOLD 4,406.43 4,411.90 4,385.48 4,411.73    5.24     0.17   5.30    20.95  45,598.00
2026-09-08 20:00:00   GOLD 4,411.73 4,413.23 4,390.49 4,395.65  -16.07     1.50 -16.08     5.16  53,730.00
2026-09-08 21:00:00   GOLD 4,395.64 4,403.72 4,389.30 4,398.85    3.19     4.87   3.21     6.34  65,385.00
2026-09-08 22:00:00   GOLD 4,398.85 4,409.31 4,394.74 4,394.77   -4.08    10.46  -4.09     0.03  29,308.00
2026-09-08 23:00:00   GOLD 4,394.77 4,398.56 4,380.65 4,393.72   -1.05     3.79  -1.05    13.07  38,342.00
2026-09-09 00:00:00   GOLD 4,393.76 4,403.73 4,385.41 4,390.15   -3.57     9.97  -3.61     4.74  30,602.00
2026-09-09 01:00:00   GOLD 4,390.15 4,390.48 4,358.34 4,375.74  -14.41     0.34 -14.41    17.40  51,507.00
2026-09-09 02:00:00   GOLD 4,375.69 4,377.46 4,356.80 4,359.51  -16.23     1.77 -16.19     2.70  36,930.00
2026-09-09 03:00:00   GOLD 4,359.48 4,364.47 4,345.06 4,355.70   -3.80     4.98  -3.78    10.64  12,931.00
2026-09-09 05:00:00   GOLD 4,357.66 4,357.92 4,350.74 4,354.34   -1.37     0.26  -3.32     3.60   8,816.00
2026-09-09 06:00:00   GOLD 4,354.32 4,360.03 4,349.28 4,350.10   -4.23     5.72  -4.22     0.82  11,257.00
2026-09-09 07:00:00   GOLD 4,350.15 4,365.59 4,341.26 4,364.77   14.67     0.82  14.62     8.89  33,475.00
2026-09-09 08:00:00   GOLD 4,364.80 4,378.34 4,354.22 4,373.82    9.05     4.52   9.02    10.57  35,290.00
2026-09-09 09:00:00   GOLD 4,373.92 4,384.58 4,367.35 4,382.38    8.56     2.20   8.45     6.57  25,060.00
2026-09-09 10:00:00   GOLD 4,382.30 4,382.93 4,375.24 4,375.26   -7.11     0.63  -7.03     0.02  15,685.00
2026-09-09 11:00:00   GOLD 4,375.24 4,382.61 4,370.78 4,381.64    6.38     0.97   6.40     4.47  13,961.00
2026-09-09 12:00:00   GOLD 4,381.73 4,401.08 4,380.38 4,398.84   17.20     2.24  17.11     1.35  20,174.00
2026-09-09 13:00:00   GOLD 4,398.89 4,406.19 4,395.36 4,400.66    1.82     5.53   1.77     3.53  20,647.00
2026-09-09 14:00:00   GOLD 4,400.66 4,413.01 4,399.38 4,409.28    8.62     3.73   8.61     1.28  25,807.00
2026-09-09 15:00:00   GOLD 4,409.32 4,411.98 4,399.07 4,400.69   -8.59     2.66  -8.62     1.62  23,046.00
2026-09-09 16:00:00   GOLD 4,400.77 4,402.32 4,388.80 4,390.86   -9.84     1.56  -9.91     2.06  19,027.00
2026-09-09 17:00:00   GOLD 4,390.85 4,403.20 4,386.34 4,399.66    8.81     3.54   8.81     4.52  26,808.00
2026-09-09 18:00:00   GOLD 4,399.65 4,415.36 4,399.65 4,407.48    7.81     7.89   7.83     0.00  31,352.00
2026-09-09 19:00:00   GOLD 4,407.50 4,409.44 4,391.00 4,400.19   -7.29     1.94  -7.31     9.19  39,213.00
2026-09-09 20:00:00   GOLD 4,400.18 4,434.18 4,398.65 4,415.25   15.06    18.93  15.07     1.53  58,620.00
2026-09-09 21:00:00   GOLD 4,415.12 4,428.85 4,409.94 4,418.85    3.60     9.99   3.73     5.18  59,652.00
2026-09-09 22:00:00   GOLD 4,418.79 4,432.39 4,375.15 4,398.52  -20.33    13.60 -20.27    23.37  96,568.00
2026-09-09 23:00:00   GOLD 4,398.53 4,410.43 4,391.54 4,409.39   10.86     1.04  10.86     6.99  47,079.00
2026-09-10 00:00:00   GOLD 4,409.50 4,420.56 4,408.84 4,416.11    6.73     4.45   6.61     0.66  38,068.00
2026-09-10 01:00:00   GOLD 4,416.18 4,421.65 4,401.77 4,403.20  -12.91     5.47 -12.98     1.43  25,637.00
2026-09-10 02:00:00   GOLD 4,403.26 4,405.01 4,395.73 4,399.24   -3.96     1.74  -4.02     3.51  20,288.00
2026-09-10 03:00:00   GOLD 4,399.22 4,402.11 4,393.59 4,402.11    2.88     0.00   2.90     5.62   6,111.00
2026-09-10 05:00:00   GOLD 4,405.28 4,406.10 4,397.76 4,399.77   -2.35     0.82  -5.51     2.01   8,771.00
2026-09-10 06:00:00   GOLD 4,399.58 4,403.24 4,393.28 4,394.27   -5.49     3.66  -5.31     0.99   9,295.00
2026-09-10 07:00:00   GOLD 4,394.31 4,404.87 4,389.73 4,401.15    6.88     3.72   6.84     4.58  15,154.00
2026-09-10 08:00:00   GOLD 4,401.05 4,419.24 4,400.19 4,412.43   11.28     6.81  11.38     0.86  45,020.00
2026-09-10 09:00:00   GOLD 4,412.43 4,421.01 4,408.23 4,419.56    7.14     1.45   7.13     4.20  30,085.00
2026-09-10 10:00:00   GOLD 4,419.58 4,421.17 4,406.90 4,409.26  -10.31     1.59 -10.32     2.35  25,095.00
2026-09-10 11:00:00   GOLD 4,409.31 4,415.65 4,405.73 4,408.68   -0.58     6.34  -0.64     2.95  14,040.00
2026-09-10 12:00:00   GOLD 4,408.73 4,431.20 4,408.35 4,431.17   22.49     0.03  22.44     0.38  31,978.00
2026-09-10 13:00:00   GOLD 4,431.12 4,435.05 4,410.99 4,425.23   -5.94     3.92  -5.90    14.23  40,382.00
2026-09-10 14:00:00   GOLD 4,425.20 4,425.44 4,404.23 4,411.86  -13.37     0.23 -13.35     7.63  34,100.00
2026-09-10 15:00:00   GOLD 4,411.81 4,412.85 4,392.58 4,395.05  -16.81     1.05 -16.76     2.47  31,379.00
2026-09-10 16:00:00   GOLD 4,395.02 4,397.02 4,388.40 4,394.08   -0.97     2.01  -0.94     5.68  22,494.00
2026-09-10 17:00:00   GOLD 4,394.03 4,400.24 4,375.24 4,379.00  -15.08     6.21 -15.03     3.76  43,896.00
2026-09-10 18:00:00   GOLD 4,379.00 4,391.02 4,374.10 4,374.57   -4.43    12.02  -4.43     0.47  42,845.00
2026-09-10 19:00:00   GOLD 4,374.56 4,378.06 4,324.17 4,340.20  -34.37     3.49 -34.36    16.03  90,722.00
2026-09-10 20:00:00   GOLD 4,340.22 4,376.05 4,339.33 4,365.98   25.78    10.06  25.77     0.89  93,573.00
2026-09-10 21:00:00   GOLD 4,365.94 4,376.45 4,354.03 4,358.15   -7.84    10.51  -7.79     4.12  78,768.00
2026-09-10 22:00:00   GOLD 4,358.15 4,372.14 4,352.73 4,365.84    7.69     6.30   7.69     5.42  57,584.00
2026-09-10 23:00:00   GOLD 4,365.83 4,370.16 4,354.07 4,364.14   -1.70     4.33  -1.69    10.07  53,448.00
2026-09-11 00:00:00   GOLD 4,364.24 4,367.83 4,351.28 4,352.70  -11.44     3.59 -11.53     1.43  41,436.00
2026-09-11 01:00:00   GOLD 4,352.76 4,356.18 4,330.03 4,333.11  -19.59     3.41 -19.65     3.09  46,521.00
2026-09-11 02:00:00   GOLD 4,333.09 4,333.09 4,313.85 4,324.52   -8.60     0.00  -8.57    10.66  45,620.00
2026-09-11 03:00:00   GOLD 4,324.53 4,324.53 4,314.65 4,317.02   -7.49     0.00  -7.51     2.38  14,413.00
2026-09-11 05:00:00   GOLD 4,322.94 4,324.06 4,313.77 4,318.62    1.60     1.12  -4.32     4.85  10,740.00
2026-09-11 06:00:00   GOLD 4,318.53 4,320.66 4,311.35 4,315.38   -3.24     2.13  -3.15     4.03  14,954.00
2026-09-11 07:00:00   GOLD 4,315.39 4,334.05 4,312.73 4,332.32   16.94     1.73  16.93     2.66  42,673.00
2026-09-11 08:00:00   GOLD 4,332.31 4,340.60 4,320.89 4,329.53   -2.79     8.29  -2.78     8.64  46,216.00
2026-09-11 09:00:00   GOLD 4,329.51 4,334.52 4,315.94 4,322.76   -6.77     5.01  -6.75     6.81  41,683.00
2026-09-11 10:00:00   GOLD 4,322.70 4,326.49 4,300.80 4,304.19  -18.57     3.80 -18.51     3.39  37,248.00
2026-09-11 11:00:00   GOLD 4,304.19 4,335.31 4,302.14 4,331.76   27.57     3.56  27.57     2.05  29,403.00
2026-09-11 12:00:00   GOLD 4,331.76 4,352.03 4,328.32 4,346.17   14.41     5.86  14.41     3.44  37,822.00
2026-09-11 13:00:00   GOLD 4,346.22 4,361.15 4,345.77 4,353.22    7.05     7.93   6.99     0.45  48,923.00
2026-09-11 14:00:00   GOLD 4,353.21 4,356.24 4,340.64 4,345.01   -8.21     3.03  -8.20     4.36  33,075.00
2026-09-11 15:00:00   GOLD 4,345.07 4,357.64 4,342.10 4,347.01    2.01    10.62   1.94     2.97  38,866.00
2026-09-11 16:00:00   GOLD 4,347.06 4,354.03 4,340.93 4,346.27   -0.74     6.98  -0.78     5.35  29,230.00
2026-09-11 17:00:00   GOLD 4,346.38 4,349.98 4,336.80 4,337.63   -8.64     3.60  -8.74     0.83  22,940.00
2026-09-11 18:00:00   GOLD 4,337.56 4,342.72 4,330.28 4,333.51   -4.12     5.16  -4.05     3.23  27,880.00
2026-09-11 19:00:00   GOLD 4,333.52 4,390.26 4,292.11 4,388.56   55.05     1.70  55.03    41.41  98,119.00
2026-09-11 20:00:00   GOLD 4,388.45 4,402.56 4,380.54 4,401.60   13.04     0.96  13.15     7.91 108,206.00
2026-09-11 21:00:00   GOLD 4,401.59 4,402.63 4,364.80 4,370.91  -30.68     1.04 -30.68     6.11  80,430.00
2026-09-11 22:00:00   GOLD 4,370.72 4,377.24 4,359.32 4,367.06   -3.86     6.53  -3.66     7.74  54,612.00
2026-09-11 23:00:00   GOLD 4,367.02 4,372.77 4,352.05 4,361.61   -5.44     5.75  -5.41     9.57  52,877.00
2026-09-12 00:00:00   GOLD 4,361.61 4,370.43 4,357.98 4,358.28   -3.33     8.82  -3.32     0.31  38,774.00
2026-09-12 01:00:00   GOLD 4,358.34 4,360.12 4,344.19 4,347.01  -11.28     1.79 -11.33     2.81  28,842.00
2026-09-12 02:00:00   GOLD 4,347.03 4,353.90 4,342.74 4,348.75    1.74     5.15   1.72     4.28  27,177.00
2026-09-12 03:00:00   GOLD 4,348.72 4,351.51 4,345.60 4,349.42    0.67     2.09   0.70     3.11  10,243.00
2026-09-14 05:00:00   GOLD 4,338.79 4,342.31 4,328.40 4,338.10  -11.32     3.52  -0.69     9.70  14,531.00
2026-09-14 06:00:00   GOLD 4,338.12 4,342.61 4,332.07 4,333.03   -5.07     4.49  -5.10     0.95  17,328.00
2026-09-14 07:00:00   GOLD 4,333.02 4,347.71 4,329.85 4,338.73    5.70     8.98   5.70     3.17  39,655.00
2026-09-14 08:00:00   GOLD 4,338.69 4,355.40 4,326.35 4,353.35   14.62     2.05  14.67    12.34  54,532.00
2026-09-14 09:00:00   GOLD 4,353.34 4,355.40 4,330.38 4,331.09  -22.27     2.07 -22.25     0.71  30,910.00
2026-09-14 10:00:00   GOLD 4,330.99 4,336.62 4,327.34 4,330.70   -0.38     5.63  -0.29     3.37  31,082.00
2026-09-14 11:00:00   GOLD 4,330.69 4,331.99 4,322.17 4,329.76   -0.95     1.30  -0.93     7.59  19,070.00
2026-09-14 12:00:00   GOLD 4,329.76 4,337.52 4,323.42 4,337.40    7.64     0.12   7.64     6.34  27,393.00
2026-09-14 13:00:00   GOLD 4,337.40 4,338.77 4,320.69 4,322.32  -15.08     1.37 -15.08     1.63  34,779.00
2026-09-14 14:00:00   GOLD 4,322.29 4,324.40 4,307.99 4,311.06  -11.26     2.11 -11.23     3.06  36,200.00
2026-09-14 15:00:00   GOLD 4,311.06 4,318.36 4,303.45 4,306.69   -4.36     7.30  -4.37     3.24  36,104.00
2026-09-14 16:00:00   GOLD 4,306.69 4,311.93 4,278.30 4,285.63  -21.06     5.24 -21.06     7.33  56,043.00
2026-09-14 17:00:00   GOLD 4,285.61 4,296.64 4,278.31 4,294.69    9.06     1.95   9.07     7.30  26,328.00
2026-09-14 18:00:00   GOLD 4,294.69 4,297.09 4,284.39 4,287.17   -7.52     2.40  -7.52     2.78  22,071.00
2026-09-14 19:00:00   GOLD 4,287.18 4,297.66 4,266.01 4,271.27  -15.90    10.49 -15.90     5.27  62,445.00
2026-09-14 20:00:00   GOLD 4,271.26 4,281.38 4,253.64 4,272.73    1.46     8.65   1.47    17.62  84,003.00
2026-09-14 21:00:00   GOLD 4,272.69 4,283.01 4,264.12 4,279.57    6.84     3.44   6.88     8.56  64,108.00
2026-09-14 22:00:00   GOLD 4,279.65 4,298.44 4,272.56 4,288.25    8.68    10.19   8.60     7.09  76,597.00
2026-09-14 23:00:00   GOLD 4,288.30 4,317.83 4,286.43 4,315.72   27.47     2.11  27.42     1.87  56,810.00
2026-09-15 00:00:00   GOLD 4,315.76 4,316.44 4,307.81 4,311.06   -4.65     0.68  -4.69     3.25  47,127.00
2026-09-15 01:00:00   GOLD 4,311.05 4,315.79 4,304.86 4,307.39   -3.68     4.74  -3.66     2.52  26,959.00
2026-09-15 02:00:00   GOLD 4,307.41 4,307.89 4,282.89 4,283.72  -23.66     0.48 -23.69     0.84  25,409.00
2026-09-15 03:00:00   GOLD 4,283.72 4,299.79 4,282.43 4,299.52   15.80     0.27  15.81     1.29  12,010.00
2026-09-15 05:00:00   GOLD 4,299.31 4,300.19 4,292.99 4,295.54   -3.98     0.88  -3.77     2.55  10,708.00
2026-09-15 06:00:00   GOLD 4,295.51 4,297.53 4,287.06 4,288.38   -7.16     2.02  -7.14     1.31  13,016.00
2026-09-15 07:00:00   GOLD 4,288.36 4,296.82 4,283.37 4,293.28    4.91     3.54   4.93     4.99  24,467.00
2026-09-15 08:00:00   GOLD 4,293.23 4,306.53 4,287.91 4,304.56   11.28     1.97  11.34     5.31  37,039.00
2026-09-15 09:00:00   GOLD 4,304.64 4,317.63 4,304.64 4,314.31    9.75     3.32   9.68     0.00  29,876.00
2026-09-15 10:00:00   GOLD 4,314.29 4,314.69 4,303.39 4,303.59  -10.72     0.40 -10.70     0.20  18,509.00
2026-09-15 11:00:00   GOLD 4,303.52 4,309.75 4,300.85 4,304.93    1.34     4.82   1.40     2.67  14,393.00
2026-09-15 12:00:00   GOLD 4,304.98 4,307.77 4,289.26 4,291.20  -13.72     2.80 -13.77     1.95  27,919.00
2026-09-15 13:00:00   GOLD 4,291.14 4,295.38 4,286.10 4,293.45    2.24     1.93   2.31     5.05  31,112.00
2026-09-15 14:00:00   GOLD 4,293.48 4,295.64 4,276.35 4,280.78  -12.67     2.16 -12.70     4.43  34,637.00
2026-09-15 15:00:00   GOLD 4,280.78 4,280.97 4,261.38 4,262.54  -18.24     0.19 -18.24     1.16  38,810.00
2026-09-15 16:00:00   GOLD 4,262.53 4,272.39 4,261.73 4,268.43    5.89     3.95   5.90     0.80  33,627.00
2026-09-15 17:00:00   GOLD 4,268.44 4,284.07 4,268.42 4,281.55   13.12     2.52  13.11     0.02  25,584.00
2026-09-15 18:00:00   GOLD 4,281.55 4,286.78 4,278.73 4,284.74    3.19     2.05   3.19     2.82  23,579.00
2026-09-15 19:00:00   GOLD 4,284.71 4,295.90 4,271.46 4,290.39    5.65     5.52   5.68    13.25  36,102.00
2026-09-15 20:00:00   GOLD 4,290.38 4,298.48 4,283.50 4,294.78    4.39     3.70   4.40     6.88  56,130.00
2026-09-15 21:00:00   GOLD 4,294.78 4,300.69 4,273.98 4,277.04  -17.74     5.91 -17.74     3.06  56,576.00
2026-09-15 22:00:00   GOLD 4,277.05 4,294.82 4,276.65 4,289.56   12.52     5.26  12.52     0.40  45,670.00
2026-09-15 23:00:00   GOLD 4,289.59 4,298.37 4,285.57 4,295.64    6.08     2.73   6.05     4.02  36,519.00
2026-09-16 00:00:00   GOLD 4,295.70 4,299.16 4,290.44 4,295.10   -0.54     3.46  -0.60     4.66  28,990.00
2026-09-16 01:00:00   GOLD 4,295.10 4,310.45 4,293.07 4,308.72   13.62     1.73  13.62     2.03  32,433.00
2026-09-16 02:00:00   GOLD 4,308.73 4,310.76 4,294.34 4,297.90  -10.82     2.03 -10.83     3.56  25,454.00
2026-09-16 03:00:00   GOLD 4,297.86 4,299.13 4,291.91 4,293.89   -4.01     1.27  -3.98     1.97  10,647.00
2026-09-16 05:00:00   GOLD 4,295.39 4,299.11 4,289.12 4,289.24   -4.64     3.72  -6.15     0.12  10,246.00
2026-09-16 06:00:00   GOLD 4,289.24 4,289.77 4,281.25 4,283.56   -5.68     0.53  -5.68     2.31  13,196.00
2026-09-16 07:00:00   GOLD 4,283.63 4,286.45 4,275.67 4,277.61   -5.95     2.82  -6.02     1.94  19,688.00
2026-09-16 08:00:00   GOLD 4,277.63 4,293.71 4,276.86 4,282.74    5.13    10.97   5.11     0.77  33,136.00
2026-09-16 09:00:00   GOLD 4,282.73 4,323.64 4,282.13 4,321.72   38.98     1.91  38.99     0.60  42,176.00
2026-09-16 10:00:00   GOLD 4,321.67 4,341.14 4,321.49 4,327.19    5.47    13.95   5.52     0.18  29,002.00
2026-09-16 11:00:00   GOLD 4,327.19 4,328.65 4,320.64 4,321.95   -5.24     1.45  -5.24     1.31  11,843.00
2026-09-16 12:00:00   GOLD 4,321.90 4,333.85 4,320.79 4,326.61    4.66     7.24   4.71     1.11  22,298.00
2026-09-16 13:00:00   GOLD 4,326.60 4,333.27 4,321.65 4,333.15    6.54     0.12   6.55     4.95  35,711.00
2026-09-16 14:00:00   GOLD 4,333.10 4,339.28 4,328.53 4,329.37   -3.78     6.18  -3.73     0.84  29,266.00
2026-09-16 15:00:00   GOLD 4,329.38 4,337.73 4,323.05 4,330.27    0.90     7.45   0.89     6.33  34,921.00
2026-09-16 16:00:00   GOLD 4,330.35 4,339.50 4,327.47 4,338.19    7.91     1.31   7.83     2.89  33,362.00
2026-09-16 17:00:00   GOLD 4,338.19 4,351.26 4,337.61 4,350.98   12.80     0.28  12.79     0.59  25,222.00
2026-09-16 18:00:00   GOLD 4,350.95 4,353.78 4,341.73 4,341.78   -9.20     2.82  -9.17     0.05  30,347.00
2026-09-16 19:00:00   GOLD 4,341.79 4,349.05 4,334.77 4,347.60    5.82     1.45   5.81     7.02  28,664.00
2026-09-16 20:00:00   GOLD 4,347.41 4,360.50 4,335.07 4,338.87   -8.73    13.09  -8.54     3.80  57,202.00
2026-09-16 21:00:00   GOLD 4,338.88 4,356.05 4,324.25 4,355.10   16.23     0.94  16.23    14.62  48,077.00
2026-09-16 22:00:00   GOLD 4,355.09 4,361.57 4,342.97 4,352.81   -2.29     6.48  -2.28     9.84  47,649.00
2026-09-16 23:00:00   GOLD 4,352.82 4,352.95 4,343.82 4,346.60   -6.21     0.14  -6.22     2.78  25,687.00
2026-09-17 00:00:00   GOLD 4,346.59 4,366.23 4,341.73 4,359.40   12.80     6.83  12.81     4.86  25,667.00
2026-09-17 01:00:00   GOLD 4,359.60 4,367.41 4,257.18 4,261.36  -98.05     7.81 -98.24     4.18 197,063.00
2026-09-17 02:00:00   GOLD 4,261.38 4,287.57 4,235.16 4,272.29   10.93    15.28  10.91    26.21 139,122.00
2026-09-17 03:00:00   GOLD 4,272.28 4,273.90 4,257.35 4,263.85   -8.44     1.61  -8.43     6.50  23,198.00
2026-09-17 05:00:00   GOLD 4,260.09 4,276.30 4,257.60 4,266.71    2.86     9.59   6.62     2.49  13,731.00
2026-09-17 06:00:00   GOLD 4,266.82 4,275.78 4,258.93 4,271.93    5.22     3.85   5.11     7.89  20,643.00
2026-09-17 07:00:00   GOLD 4,271.94 4,292.48 4,266.53 4,280.41    8.48    12.06   8.48     5.40  41,278.00
2026-09-17 08:00:00   GOLD 4,280.42 4,318.29 4,280.29 4,300.41   20.00    17.88  19.99     0.13  53,826.00
2026-09-17 09:00:00   GOLD 4,300.43 4,301.10 4,274.14 4,277.37  -23.05     0.67 -23.06     3.23  43,639.00
2026-09-17 10:00:00   GOLD 4,277.38 4,297.43 4,277.21 4,296.00   18.63     1.43  18.62     0.16  24,561.00
2026-09-17 11:00:00   GOLD 4,296.06 4,299.07 4,290.41 4,297.45    1.45     1.62   1.39     5.65  15,263.00
2026-09-17 12:00:00   GOLD 4,297.41 4,305.67 4,285.60 4,304.52    7.07     1.15   7.11    11.81  27,300.00
2026-09-17 13:00:00   GOLD 4,304.51 4,315.38 4,304.35 4,310.85    6.33     4.52   6.34     0.16  35,399.00
2026-09-17 14:00:00   GOLD 4,310.83 4,335.45 4,309.30 4,327.26   16.41     8.19  16.43     1.53  29,668.00
2026-09-17 15:00:00   GOLD 4,327.30 4,328.30 4,310.16 4,311.77  -15.49     1.00 -15.53     1.61  27,909.00
2026-09-17 16:00:00   GOLD 4,311.77 4,319.34 4,305.15 4,306.26   -5.51     7.57  -5.51     1.11  24,568.00
2026-09-17 17:00:00   GOLD 4,306.35 4,325.15 4,305.15 4,324.19   17.93     0.96  17.84     1.20  21,470.00
2026-09-17 18:00:00   GOLD 4,324.27 4,353.34 4,323.36 4,349.85   25.67     3.48  25.58     0.91  40,268.00
2026-09-17 19:00:00   GOLD 4,349.82 4,381.06 4,343.66 4,373.35   23.49     7.72  23.53     6.16  73,028.00
2026-09-17 20:00:00   GOLD 4,373.34 4,375.16 4,355.50 4,366.90   -6.45     1.82  -6.44    11.40  79,861.00
2026-09-17 21:00:00   GOLD 4,366.93 4,380.04 4,352.34 4,354.19  -12.70    13.11 -12.74     1.86  58,460.00
2026-09-17 22:00:00   GOLD 4,354.27 4,370.15 4,351.36 4,370.04   15.85     0.11  15.77     2.91  45,282.00
2026-09-17 23:00:00   GOLD 4,370.05 4,372.61 4,355.89 4,362.47   -7.57     2.57  -7.58     6.57  31,000.00
2026-09-18 00:00:00   GOLD 4,362.47 4,365.99 4,357.92 4,361.43   -1.03     3.52  -1.04     3.51  27,871.00
2026-09-18 01:00:00   GOLD 4,361.42 4,365.73 4,348.52 4,351.64   -9.79     4.31  -9.78     3.12  20,486.00
2026-09-18 02:00:00   GOLD 4,351.68 4,356.12 4,342.70 4,346.20   -5.44     4.44  -5.48     3.50  22,364.00
2026-09-18 03:00:00   GOLD 4,346.23 4,347.04 4,340.65 4,341.84   -4.36     0.81  -4.39     1.19   9,242.00
2026-09-18 05:00:00   GOLD 4,343.19 4,349.74 4,341.70 4,344.48    2.64     5.27   1.29     1.48   8,829.00
2026-09-18 06:00:00   GOLD 4,344.42 4,348.32 4,339.72 4,346.43    1.95     1.89   2.01     4.70   8,778.00
2026-09-18 07:00:00   GOLD 4,346.39 4,360.32 4,342.10 4,356.38    9.95     3.94   9.99     4.29  18,773.00
2026-09-18 08:00:00   GOLD 4,356.38 4,365.80 4,344.19 4,348.55   -7.83     9.43  -7.82     4.36  36,216.00
2026-09-18 09:00:00   GOLD 4,348.41 4,356.74 4,343.26 4,346.85   -1.70     8.32  -1.57     3.59  26,304.00
2026-09-18 10:00:00   GOLD 4,346.76 4,360.92 4,334.30 4,359.34   12.49     1.58  12.58    12.47  26,687.00
2026-09-18 11:00:00   GOLD 4,359.23 4,367.11 4,352.91 4,366.90    7.56     0.21   7.67     6.32  17,473.00
2026-09-18 12:00:00   GOLD 4,366.98 4,378.39 4,360.27 4,377.51   10.61     0.88  10.53     6.71  30,173.00
2026-09-18 13:00:00   GOLD 4,377.49 4,397.35 4,377.38 4,393.50   15.99     3.85  16.01     0.11  34,162.00
2026-09-18 14:00:00   GOLD 4,393.47 4,399.67 4,388.97 4,393.49   -0.01     6.18   0.02     4.50  25,076.00
2026-09-18 15:00:00   GOLD 4,393.51 4,398.46 4,385.28 4,392.27   -1.22     4.95  -1.23     6.99  26,587.00
2026-09-18 16:00:00   GOLD 4,392.35 4,398.20 4,373.26 4,376.72  -15.56     5.85 -15.64     3.46  25,322.00
2026-09-18 17:00:00   GOLD 4,376.73 4,382.19 4,375.80 4,381.94    5.22     0.25   5.20     0.93  24,473.00
2026-09-18 18:00:00   GOLD 4,381.94 4,388.59 4,372.72 4,381.62   -0.32     6.65  -0.32     8.90  38,217.00
2026-09-18 19:00:00   GOLD 4,381.61 4,382.92 4,353.86 4,368.96  -12.66     1.31 -12.65    15.10  49,580.00
2026-09-18 20:00:00   GOLD 4,368.98 4,375.60 4,347.52 4,349.41  -19.55     6.62 -19.56     1.90  58,201.00
2026-09-18 21:00:00   GOLD 4,349.42 4,361.76 4,342.73 4,352.99    3.58     8.76   3.57     6.69  58,647.00
2026-09-18 22:00:00   GOLD 4,353.02 4,358.10 4,348.18 4,356.65    3.66     1.44   3.63     4.85  41,779.00
2026-09-18 23:00:00   GOLD 4,356.66 4,383.88 4,354.86 4,382.92   26.27     0.95  26.26     1.80  47,018.00
2026-09-19 00:00:00   GOLD 4,383.02 4,397.05 4,381.67 4,393.05   10.13     3.99  10.03     1.35  28,574.00
2026-09-19 01:00:00   GOLD 4,393.05 4,394.42 4,379.69 4,382.19  -10.86     1.38 -10.86     2.49  27,341.00
2026-09-19 02:00:00   GOLD 4,382.18 4,386.15 4,374.94 4,376.59   -5.60     3.97  -5.59     1.65  25,761.00
2026-09-19 03:00:00   GOLD 4,376.59 4,383.44 4,375.60 4,378.39    1.80     5.05   1.80     0.98  14,329.00
2026-09-21 05:00:00   GOLD 4,379.94 4,382.43 4,373.65 4,373.80   -4.59     2.49  -6.14     0.14  14,927.00
2026-09-21 06:00:00   GOLD 4,373.81 4,376.19 4,368.85 4,372.78   -1.01     2.38  -1.02     3.93  14,383.00
2026-09-21 07:00:00   GOLD 4,372.73 4,376.12 4,358.40 4,366.89   -5.90     3.39  -5.85     8.48  25,826.00
2026-09-21 08:00:00   GOLD 4,366.90 4,383.39 4,366.60 4,377.44   10.55     5.95  10.54     0.30  40,932.00
2026-09-21 09:00:00   GOLD 4,377.54 4,377.80 4,361.28 4,363.91  -13.53     0.26 -13.63     2.63  28,852.00
2026-09-21 10:00:00   GOLD 4,363.81 4,368.27 4,358.03 4,359.11   -4.80     4.46  -4.70     1.09  23,947.00
2026-09-21 11:00:00   GOLD 4,359.12 4,365.59 4,355.28 4,355.98   -3.14     6.46  -3.15     0.70  17,803.00
2026-09-21 12:00:00   GOLD 4,355.95 4,362.15 4,349.20 4,350.85   -5.13     6.19  -5.11     1.64  20,732.00
2026-09-21 13:00:00   GOLD 4,350.84 4,355.86 4,346.29 4,353.39    2.55     2.47   2.55     4.55  32,290.00
2026-09-21 14:00:00   GOLD 4,353.40 4,356.18 4,342.04 4,344.28   -9.11     2.78  -9.12     2.24  30,702.00
2026-09-21 15:00:00   GOLD 4,344.21 4,357.65 4,343.49 4,353.28    9.01     4.37   9.07     0.72  24,735.00
2026-09-21 16:00:00   GOLD 4,353.26 4,354.93 4,340.10 4,345.69   -7.59     1.67  -7.56     5.59  19,062.00
2026-09-21 17:00:00   GOLD 4,345.73 4,356.77 4,342.63 4,342.81   -2.88    11.04  -2.91     0.18  18,638.00
2026-09-21 18:00:00   GOLD 4,342.78 4,371.11 4,342.05 4,369.15   26.34     1.97  26.36     0.73  22,944.00
2026-09-21 19:00:00   GOLD 4,369.19 4,374.94 4,351.31 4,359.58   -9.57     5.75  -9.61     8.27  32,480.00
2026-09-21 20:00:00   GOLD 4,359.56 4,369.85 4,346.02 4,346.10  -13.48    10.29 -13.46     0.08  43,327.00
2026-09-21 21:00:00   GOLD 4,346.11 4,347.22 4,322.81 4,338.89   -7.21     1.11  -7.22    16.08  59,551.00
2026-09-21 22:00:00   GOLD 4,339.09 4,356.10 4,338.97 4,348.09    9.19     8.02   8.99     0.12  38,150.00
2026-09-21 23:00:00   GOLD 4,348.12 4,357.10 4,343.01 4,343.40   -4.69     8.98  -4.72     0.39  33,414.00
2026-09-22 00:00:00   GOLD 4,343.43 4,346.94 4,337.55 4,344.66    1.26     2.28   1.23     5.88  21,463.00
2026-09-22 01:00:00   GOLD 4,344.72 4,352.53 4,344.10 4,346.12    1.46     6.41   1.40     0.62  20,389.00
2026-09-22 02:00:00   GOLD 4,346.11 4,353.80 4,342.26 4,345.09   -1.03     7.68  -1.03     2.82  23,369.00
2026-09-22 03:00:00   GOLD 4,345.05 4,345.31 4,339.31 4,343.55   -1.54     0.26  -1.51     4.24   7,771.00
2026-09-22 05:00:00   GOLD 4,348.15 4,365.22 4,346.69 4,361.10   17.55     4.12  12.94     1.46   7,708.00
2026-09-22 06:00:00   GOLD 4,361.19 4,370.77 4,358.26 4,368.54    7.44     2.23   7.35     2.94  18,617.00
2026-09-22 07:00:00   GOLD 4,368.60 4,376.01 4,348.56 4,360.42   -8.12     7.40  -8.18    11.86  29,253.00
2026-09-22 08:00:00   GOLD 4,360.49 4,365.19 4,343.61 4,348.60  -11.82     4.70 -11.89     4.99  45,287.00
2026-09-22 09:00:00   GOLD 4,348.56 4,356.03 4,339.80 4,344.85   -3.75     7.47  -3.70     5.05  31,070.00
2026-09-22 10:00:00   GOLD 4,344.85 4,349.38 4,339.65 4,341.82   -3.03     4.53  -3.03     2.18  20,105.00
2026-09-22 11:00:00   GOLD 4,341.77 4,343.12 4,335.07 4,342.93    1.11     0.19   1.16     6.70  13,481.00
2026-09-22 12:00:00   GOLD 4,342.88 4,347.48 4,316.24 4,323.75  -19.18     4.60 -19.13     7.51  39,841.00
2026-09-22 13:00:00   GOLD 4,323.77 4,324.45 4,315.28 4,318.53   -5.22     0.68  -5.24     3.25  39,046.00
2026-09-22 14:00:00   GOLD 4,318.55 4,324.41 4,299.60 4,301.12  -17.41     5.86 -17.43     1.52  41,677.00
2026-09-22 15:00:00   GOLD 4,301.10 4,335.56 4,291.49 4,330.15   29.03     5.41  29.06     9.60  62,695.00
2026-09-22 16:00:00   GOLD 4,330.13 4,338.02 4,312.06 4,336.63    6.48     1.39   6.50    18.07  50,646.00
2026-09-22 17:00:00   GOLD 4,336.62 4,338.12 4,321.81 4,321.86  -14.77     1.50 -14.77     0.05  33,622.00
2026-09-22 18:00:00   GOLD 4,321.85 4,323.57 4,308.98 4,322.77    0.91     0.80   0.92    12.87  40,927.00
2026-09-22 19:00:00   GOLD 4,322.80 4,344.03 4,320.41 4,333.87   11.10    10.16  11.07     2.39  47,161.00
2026-09-22 20:00:00   GOLD 4,333.86 4,344.28 4,327.77 4,333.63   -0.24    10.42  -0.23     5.86  71,924.00
2026-09-22 21:00:00   GOLD 4,333.60 4,338.55 4,315.02 4,328.02   -5.61     4.95  -5.59    13.00  53,691.00
2026-09-22 22:00:00   GOLD 4,327.97 4,340.78 4,325.39 4,331.28    3.26     9.50   3.31     2.57  38,251.00
2026-09-22 23:00:00   GOLD 4,331.31 4,341.85 4,322.68 4,336.26    4.98     5.59   4.95     8.62  31,696.00
2026-09-23 00:00:00   GOLD 4,336.27 4,353.06 4,334.68 4,350.95   14.69     2.11  14.68     1.59  35,940.00
2026-09-23 01:00:00   GOLD 4,350.95 4,360.66 4,347.59 4,353.48    2.53     7.19   2.52     3.36  40,606.00
2026-09-23 02:00:00   GOLD 4,353.51 4,371.38 4,353.35 4,364.00   10.52     7.38  10.49     0.16  36,743.00
2026-09-23 03:00:00   GOLD 4,364.01 4,364.66 4,357.45 4,358.54   -5.46     0.65  -5.47     1.09  10,147.00
2026-09-23 05:00:00   GOLD 4,363.61 4,365.45 4,360.56 4,362.32    3.78     1.85  -1.28     1.77   8,276.00
2026-09-23 06:00:00   GOLD 4,362.35 4,365.73 4,358.44 4,364.03    1.71     1.70   1.69     3.90  11,837.00
2026-09-23 07:00:00   GOLD 4,364.01 4,369.56 4,355.26 4,357.63   -6.40     5.55  -6.38     2.38  24,240.00
2026-09-23 08:00:00   GOLD 4,357.58 4,359.36 4,338.97 4,341.40  -16.23     1.78 -16.18     2.43  25,900.00
2026-09-23 09:00:00   GOLD 4,341.20 4,341.36 4,333.41 4,334.15   -7.25     0.15  -7.06     0.74  16,566.00
2026-09-23 10:00:00   GOLD 4,334.22 4,345.56 4,333.32 4,342.64    8.49     2.92   8.43     0.90  13,493.00
2026-09-23 11:00:00   GOLD 4,342.65 4,347.39 4,342.48 4,344.22    1.58     3.17   1.57     0.17  12,703.00
2026-09-23 12:00:00   GOLD 4,344.14 4,345.81 4,328.06 4,334.65   -9.57     1.67  -9.49     6.59  14,574.00
2026-09-23 13:00:00   GOLD 4,334.62 4,337.19 4,326.14 4,331.32   -3.33     2.56  -3.31     5.18  24,459.00
2026-09-23 14:00:00   GOLD 4,331.30 4,332.98 4,318.98 4,319.61  -11.70     1.68 -11.69     0.64  23,810.00
2026-09-23 15:00:00   GOLD 4,319.61 4,322.75 4,315.51 4,318.35   -1.26     3.14  -1.26     2.84  22,984.00
2026-09-23 16:00:00   GOLD 4,318.36 4,320.56 4,308.44 4,314.27   -4.08     2.20  -4.09     5.84  21,682.00
2026-09-23 17:00:00   GOLD 4,314.28 4,319.07 4,312.41 4,315.68    1.41     3.39   1.40     1.86  16,644.00
2026-09-23 18:00:00   GOLD 4,315.68 4,317.09 4,294.62 4,309.63   -6.05     1.41  -6.05    15.01  28,827.00
2026-09-23 19:00:00   GOLD 4,309.61 4,319.23 4,300.98 4,309.84    0.20     9.39   0.23     8.63  31,582.00
2026-09-23 20:00:00   GOLD 4,309.98 4,313.56 4,280.74 4,284.02  -25.81     3.58 -25.96     3.28  71,428.00
2026-09-23 21:00:00   GOLD 4,284.02 4,298.74 4,277.81 4,294.40   10.38     4.34  10.38     6.20  70,629.00
2026-09-23 22:00:00   GOLD 4,294.46 4,297.47 4,277.65 4,282.32  -12.08     3.01 -12.14     4.67  41,735.00
2026-09-23 23:00:00   GOLD 4,282.28 4,289.85 4,278.48 4,284.98    2.66     4.87   2.70     3.80  26,414.00
2026-09-24 00:00:00   GOLD 4,285.07 4,293.36 4,274.74 4,293.02    8.04     0.35   7.95    10.32  46,412.00
2026-09-24 01:00:00   GOLD 4,293.06 4,294.94 4,282.95 4,290.47   -2.55     1.88  -2.60     7.51  25,498.00
2026-09-24 02:00:00   GOLD 4,290.47 4,293.53 4,281.25 4,284.38   -6.09     3.06  -6.09     3.13  28,002.00
2026-09-24 03:00:00   GOLD 4,284.37 4,290.24 4,282.76 4,287.41    3.03     2.84   3.04     1.61   8,452.00
2026-09-24 05:00:00   GOLD 4,293.19 4,294.57 4,286.90 4,289.51    2.10     1.38  -3.68     2.61   9,449.00
2026-09-24 06:00:00   GOLD 4,289.49 4,293.39 4,285.10 4,288.70   -0.81     3.90  -0.79     3.60   8,157.00
2026-09-24 07:00:00   GOLD 4,288.73 4,299.46 4,284.11 4,298.44    9.74     1.02   9.72     4.61  27,659.00
2026-09-24 08:00:00   GOLD 4,298.51 4,303.40 4,278.06 4,278.65  -19.79     4.89 -19.85     0.60  38,017.00

==================================================
      HOÀN THÀNH PHÂN TÍCH
==================================================
