
  ╭──────────────────────────────────────────────────────────╮
  │  ⚠️  VNSTOCK DEPRECATION NOTICE (31/08/2025)             │
  │                                                          │
  │  Lớp Vnstock và các phương thức cũ (stock, fx, crypto,   │
  │  world_index, fund...) đã chính thức bị ngừng hỗ trợ.    │
  │                                                          │
  │  Để hệ thống ổn định và nhận được cập nhật mới nhất,     │
  │  vui lòng chuyển sang dùng bộ thư viện `vnstock.api`.    │
  │                                                          │
  │  👉 Xem hướng dẫn Migration: /vnstock-migration          │
  ╰──────────────────────────────────────────────────────────╯

Mẫu code chuyển đổi (Migration Example):
--------------------------------------
Cũ (Old):  stock = Vnstock().stock('ACB')
Mới (New): from vnstock.api.quote import Quote
          q = Quote(symbol='ACB', source='VCI')

==================================================
      VNSTOCK 4.x OPTIMIZED ANALYZER
      Danh sách: GOLD
      Khung: 4H, Số lượng: 2000
==================================================

==================================================
      PHÂN TÍCH MÃ: GOLD (Gold / USD (TradingView)) 
      Khung thời gian: 4H
==================================================

--- [ LỊCH SỬ GIÁ GOLD  ] ---
                     time symbol     open     high      low    close  change  pct_change     volume
0     2025-03-28 20:00:00   GOLD 3,077.38 3,086.97 3,067.43 3,083.99    6.48        0.21 138,626.00
1     2025-03-29 00:00:00   GOLD 3,083.98 3,086.00 3,073.66 3,085.34    1.36        0.04  36,232.00
2     2025-03-31 04:00:00   GOLD 3,093.01 3,097.98 3,077.45 3,079.12   -6.22       -0.20  25,961.00
3     2025-03-31 08:00:00   GOLD 3,079.12 3,116.09 3,076.80 3,113.51   34.38        1.12  65,736.00
4     2025-03-31 12:00:00   GOLD 3,113.47 3,128.14 3,107.57 3,122.26    8.76        0.28  70,130.00
5     2025-03-31 16:00:00   GOLD 3,122.30 3,126.77 3,111.93 3,124.57    2.31        0.07  66,557.00
6     2025-03-31 20:00:00   GOLD 3,124.59 3,127.30 3,099.71 3,117.68   -6.90       -0.22 133,270.00
7     2025-04-01 00:00:00   GOLD 3,117.68 3,124.84 3,115.93 3,123.72    6.04        0.19  30,858.00
8     2025-04-01 04:00:00   GOLD 3,124.93 3,128.07 3,120.12 3,127.28    3.56        0.11  15,352.00
9     2025-04-01 08:00:00   GOLD 3,127.27 3,148.01 3,126.61 3,144.76   17.49        0.56  70,018.00
10    2025-04-01 12:00:00   GOLD 3,144.76 3,149.09 3,124.11 3,131.08  -13.68       -0.44  91,879.00
11    2025-04-01 16:00:00   GOLD 3,131.13 3,139.07 3,127.77 3,133.49    2.41        0.08  69,042.00
12    2025-04-01 20:00:00   GOLD 3,133.45 3,137.20 3,100.87 3,106.72  -26.78       -0.85 132,342.00
13    2025-04-02 00:00:00   GOLD 3,106.70 3,120.78 3,105.77 3,114.47    7.76        0.25  34,395.00
14    2025-04-02 04:00:00   GOLD 3,114.09 3,123.84 3,107.83 3,123.01    8.54        0.27  19,787.00
15    2025-04-02 08:00:00   GOLD 3,123.01 3,135.80 3,115.55 3,116.13   -6.88       -0.22  49,240.00
16    2025-04-02 12:00:00   GOLD 3,116.20 3,133.95 3,106.70 3,131.37   15.24        0.49  64,449.00
17    2025-04-02 16:00:00   GOLD 3,131.45 3,131.66 3,110.20 3,122.50   -8.87       -0.28  64,872.00
18    2025-04-02 20:00:00   GOLD 3,122.49 3,134.37 3,116.67 3,131.55    9.05        0.29  93,151.00
19    2025-04-03 00:00:00   GOLD 3,131.56 3,145.34 3,104.79 3,134.30    2.75        0.09  81,073.00
20    2025-04-03 04:00:00   GOLD 3,131.44 3,167.84 3,113.53 3,151.34   17.03        0.54  88,956.00
21    2025-04-03 08:00:00   GOLD 3,151.47 3,163.12 3,139.16 3,140.49  -10.85       -0.34  86,769.00
22    2025-04-03 12:00:00   GOLD 3,140.56 3,141.03 3,116.51 3,129.11  -11.38       -0.36 115,595.00
23    2025-04-03 16:00:00   GOLD 3,129.12 3,129.62 3,062.28 3,076.32  -52.79       -1.69 159,478.00
24    2025-04-03 20:00:00   GOLD 3,076.31 3,135.66 3,054.19 3,107.57   31.25        1.02 191,538.00
25    2025-04-04 00:00:00   GOLD 3,107.51 3,120.15 3,100.05 3,114.57    7.00        0.23  51,474.00
26    2025-04-04 04:00:00   GOLD 3,114.52 3,116.82 3,106.11 3,110.69   -3.88       -0.12  23,940.00
27    2025-04-04 08:00:00   GOLD 3,110.64 3,115.78 3,087.09 3,100.16  -10.53       -0.34  67,992.00
28    2025-04-04 12:00:00   GOLD 3,100.05 3,110.07 3,078.51 3,084.20  -15.95       -0.51  92,813.00
29    2025-04-04 16:00:00   GOLD 3,084.14 3,136.78 3,069.45 3,071.30  -12.91       -0.42 188,472.00
30    2025-04-04 20:00:00   GOLD 3,071.29 3,087.49 3,016.97 3,031.01  -40.28       -1.31 195,937.00
31    2025-04-05 00:00:00   GOLD 3,031.02 3,041.09 3,015.65 3,037.89    6.88        0.23  88,795.00
32    2025-04-07 04:00:00   GOLD 3,030.77 3,035.64 2,970.22 2,978.98  -58.91       -1.94  72,714.00
33    2025-04-07 08:00:00   GOLD 2,978.84 3,057.30 2,972.05 3,035.57   56.59        1.90 121,940.00
34    2025-04-07 12:00:00   GOLD 3,035.61 3,044.68 3,013.36 3,031.78   -3.79       -0.12 155,832.00
35    2025-04-07 16:00:00   GOLD 3,031.83 3,046.24 3,014.80 3,031.25   -0.53       -0.02 162,574.00
36    2025-04-07 20:00:00   GOLD 3,031.22 3,038.01 2,969.97 2,970.93  -60.32       -1.99 209,680.00
37    2025-04-08 00:00:00   GOLD 2,970.95 2,986.05 2,956.57 2,981.94   11.01        0.37  88,376.00
38    2025-04-08 04:00:00   GOLD 2,982.09 2,992.76 2,978.72 2,985.47    3.53        0.12  31,981.00
39    2025-04-08 08:00:00   GOLD 2,985.37 3,004.96 2,983.68 3,002.25   16.78        0.56  74,639.00
40    2025-04-08 12:00:00   GOLD 3,002.06 3,016.11 2,999.57 3,007.57    5.32        0.18  83,162.00
41    2025-04-08 16:00:00   GOLD 3,007.44 3,019.61 2,994.90 3,002.67   -4.89       -0.16  84,081.00
42    2025-04-08 20:00:00   GOLD 3,002.64 3,022.76 2,984.39 2,986.05  -16.62       -0.55 181,597.00
43    2025-04-09 00:00:00   GOLD 2,986.09 2,992.38 2,974.80 2,982.25   -3.80       -0.13  97,843.00
44    2025-04-09 04:00:00   GOLD 2,982.74 2,990.97 2,969.97 2,980.49   -1.76       -0.06  49,832.00
45    2025-04-09 08:00:00   GOLD 2,980.45 3,014.24 2,972.41 3,012.36   31.87        1.07 122,303.00
46    2025-04-09 12:00:00   GOLD 3,012.32 3,052.47 3,005.51 3,044.10   31.74        1.05 143,516.00
47    2025-04-09 16:00:00   GOLD 3,044.10 3,073.21 3,036.08 3,047.51    3.41        0.11 146,629.00
48    2025-04-09 20:00:00   GOLD 3,047.53 3,094.92 3,047.42 3,092.45   44.94        1.47 174,543.00
49    2025-04-10 00:00:00   GOLD 3,092.48 3,099.77 3,048.76 3,082.95   -9.51       -0.31 184,175.00
50    2025-04-10 04:00:00   GOLD 3,080.48 3,101.48 3,071.51 3,097.14   14.20        0.46  62,401.00
51    2025-04-10 08:00:00   GOLD 3,097.10 3,132.03 3,078.55 3,125.36   28.22        0.91 110,273.00
52    2025-04-10 12:00:00   GOLD 3,125.39 3,132.63 3,104.57 3,104.97  -20.39       -0.65  94,591.00
53    2025-04-10 16:00:00   GOLD 3,104.98 3,134.41 3,103.32 3,123.07   18.10        0.58 114,366.00
54    2025-04-10 20:00:00   GOLD 3,123.07 3,175.09 3,116.17 3,158.45   35.37        1.13 176,348.00
55    2025-04-11 00:00:00   GOLD 3,158.44 3,176.60 3,151.66 3,175.36   16.92        0.54  71,347.00
56    2025-04-11 04:00:00   GOLD 3,179.76 3,218.11 3,177.26 3,205.66   30.29        0.95  76,620.00
57    2025-04-11 08:00:00   GOLD 3,205.64 3,220.10 3,201.15 3,208.56    2.90        0.09 123,359.00
58    2025-04-11 12:00:00   GOLD 3,208.55 3,227.45 3,187.26 3,216.09    7.53        0.23 142,497.00
59    2025-04-11 16:00:00   GOLD 3,216.07 3,237.96 3,210.20 3,233.75   17.66        0.55 115,749.00
60    2025-04-11 20:00:00   GOLD 3,233.78 3,245.49 3,219.66 3,223.20  -10.55       -0.33 180,634.00
61    2025-04-12 00:00:00   GOLD 3,223.23 3,238.82 3,223.23 3,237.93   14.73        0.46  61,148.00
62    2025-04-14 04:00:00   GOLD 3,222.95 3,227.47 3,213.36 3,220.89  -17.04       -0.53  41,540.00
63    2025-04-14 08:00:00   GOLD 3,221.01 3,245.84 3,215.42 3,227.48    6.59        0.20  89,085.00
64    2025-04-14 12:00:00   GOLD 3,227.43 3,238.25 3,216.53 3,227.09   -0.39       -0.01  80,079.00
65    2025-04-14 16:00:00   GOLD 3,227.03 3,231.80 3,200.66 3,206.74  -20.35       -0.63  96,018.00
66    2025-04-14 20:00:00   GOLD 3,206.72 3,215.66 3,193.63 3,207.68    0.95        0.03 145,657.00
67    2025-04-15 00:00:00   GOLD 3,207.73 3,216.49 3,201.38 3,210.68    2.99        0.09  45,940.00
68    2025-04-15 04:00:00   GOLD 3,212.57 3,215.36 3,210.51 3,211.99    1.32        0.04  13,752.00
69    2025-04-15 08:00:00   GOLD 3,211.99 3,232.76 3,210.07 3,231.91   19.91        0.62  49,360.00
70    2025-04-15 12:00:00   GOLD 3,231.89 3,232.24 3,217.38 3,227.76   -4.15       -0.13  63,024.00
71    2025-04-15 16:00:00   GOLD 3,227.78 3,230.18 3,214.36 3,221.66   -6.10       -0.19  58,778.00
72    2025-04-15 20:00:00   GOLD 3,221.64 3,226.97 3,211.66 3,221.47   -0.19       -0.01  88,346.00
73    2025-04-16 00:00:00   GOLD 3,221.47 3,233.70 3,220.42 3,229.80    8.33        0.26  25,827.00
74    2025-04-16 04:00:00   GOLD 3,230.68 3,268.09 3,230.68 3,264.52   34.72        1.08  40,249.00
75    2025-04-16 08:00:00   GOLD 3,264.53 3,287.83 3,256.03 3,283.77   19.25        0.59  82,673.00
76    2025-04-16 12:00:00   GOLD 3,283.76 3,317.92 3,283.72 3,307.07   23.30        0.71 108,145.00
77    2025-04-16 16:00:00   GOLD 3,307.11 3,313.82 3,293.07 3,307.33    0.26        0.01  90,275.00
78    2025-04-16 20:00:00   GOLD 3,307.34 3,333.11 3,296.95 3,327.38   20.05        0.61 134,608.00
79    2025-04-17 00:00:00   GOLD 3,327.36 3,343.20 3,324.39 3,343.10   15.72        0.47  53,461.00
80    2025-04-17 04:00:00   GOLD 3,348.59 3,357.78 3,342.01 3,345.60    2.50        0.07  33,096.00
81    2025-04-17 08:00:00   GOLD 3,345.62 3,356.50 3,320.86 3,341.68   -3.92       -0.12  92,457.00
82    2025-04-17 12:00:00   GOLD 3,341.67 3,345.59 3,312.76 3,324.34  -17.34       -0.52  89,205.00
83    2025-04-17 16:00:00   GOLD 3,324.32 3,342.74 3,320.70 3,328.36    4.02        0.12  81,063.00
84    2025-04-17 20:00:00   GOLD 3,328.37 3,332.18 3,283.95 3,316.30  -12.07       -0.36 176,505.00
85    2025-04-18 00:00:00   GOLD 3,316.35 3,328.91 3,311.06 3,327.38   11.08        0.33  40,396.00
86    2025-04-21 04:00:00   GOLD 3,332.26 3,370.75 3,331.41 3,368.82   41.45        1.25  50,819.00
87    2025-04-21 08:00:00   GOLD 3,368.84 3,385.43 3,367.32 3,376.51    7.69        0.23  81,360.00
88    2025-04-21 12:00:00   GOLD 3,376.50 3,396.16 3,375.88 3,392.90   16.39        0.49  79,562.00
89    2025-04-21 16:00:00   GOLD 3,392.94 3,415.82 3,386.45 3,414.91   22.01        0.65  87,374.00
90    2025-04-21 20:00:00   GOLD 3,414.89 3,430.35 3,405.11 3,414.62   -0.28       -0.01 140,675.00
91    2025-04-22 00:00:00   GOLD 3,414.65 3,430.61 3,406.07 3,424.24    9.61        0.28  55,050.00
92    2025-04-22 04:00:00   GOLD 3,427.86 3,444.68 3,412.34 3,425.66    1.42        0.04  56,158.00
93    2025-04-22 08:00:00   GOLD 3,425.67 3,494.97 3,421.57 3,484.61   58.95        1.72 103,603.00
94    2025-04-22 12:00:00   GOLD 3,484.68 3,500.20 3,443.18 3,444.28  -40.32       -1.16 147,708.00
95    2025-04-22 16:00:00   GOLD 3,444.32 3,468.43 3,424.36 3,431.55  -12.74       -0.37 117,841.00
96    2025-04-22 20:00:00   GOLD 3,431.57 3,449.98 3,372.26 3,393.16  -38.39       -1.12 217,667.00
97    2025-04-23 00:00:00   GOLD 3,393.16 3,410.36 3,366.91 3,381.16  -12.00       -0.35 101,932.00
98    2025-04-23 04:00:00   GOLD 3,324.79 3,371.43 3,315.34 3,368.11  -13.05       -0.39  77,628.00
99    2025-04-23 08:00:00   GOLD 3,368.11 3,386.77 3,329.20 3,346.80  -21.32       -0.63 129,966.00
100   2025-04-23 12:00:00   GOLD 3,346.82 3,349.52 3,291.74 3,321.71  -25.09       -0.75 137,799.00
101   2025-04-23 16:00:00   GOLD 3,321.73 3,340.60 3,310.51 3,310.74  -10.97       -0.33 101,474.00
102   2025-04-23 20:00:00   GOLD 3,310.74 3,313.90 3,260.19 3,295.08  -15.66       -0.47 260,831.00
103   2025-04-24 00:00:00   GOLD 3,295.16 3,301.72 3,277.91 3,288.24   -6.84       -0.21  61,130.00
104   2025-04-24 04:00:00   GOLD 3,306.07 3,339.22 3,305.38 3,331.73   43.49        1.32  49,761.00
105   2025-04-24 08:00:00   GOLD 3,331.72 3,367.68 3,320.72 3,326.20   -5.53       -0.17 119,580.00
106   2025-04-24 12:00:00   GOLD 3,326.22 3,341.68 3,314.80 3,336.13    9.93        0.30  97,930.00
107   2025-04-24 16:00:00   GOLD 3,336.20 3,344.78 3,325.43 3,335.93   -0.20       -0.01  86,379.00
108   2025-04-24 20:00:00   GOLD 3,335.95 3,336.34 3,306.76 3,331.72   -4.21       -0.13 162,327.00
109   2025-04-25 00:00:00   GOLD 3,331.74 3,349.96 3,329.95 3,348.99   17.26        0.52  50,949.00
110   2025-04-25 04:00:00   GOLD 3,348.99 3,370.47 3,347.03 3,358.01    9.02        0.27  50,849.00
111   2025-04-25 08:00:00   GOLD 3,357.95 3,363.22 3,316.39 3,324.85  -33.16       -0.99 106,432.00
112   2025-04-25 12:00:00   GOLD 3,324.82 3,327.19 3,287.26 3,304.01  -20.84       -0.63 128,698.00
113   2025-04-25 16:00:00   GOLD 3,303.99 3,308.99 3,288.01 3,292.76  -11.24       -0.34  89,990.00
114   2025-04-25 20:00:00   GOLD 3,292.74 3,293.02 3,265.14 3,285.53   -7.24       -0.22 161,182.00
115   2025-04-26 00:00:00   GOLD 3,285.49 3,319.86 3,281.93 3,319.34   33.82        1.03  54,796.00
116   2025-04-28 04:00:00   GOLD 3,326.36 3,330.61 3,298.64 3,314.07   -5.27       -0.16  56,481.00
117   2025-04-28 08:00:00   GOLD 3,314.01 3,315.30 3,268.11 3,299.18  -14.89       -0.45  85,383.00
118   2025-04-28 12:00:00   GOLD 3,299.22 3,301.16 3,277.69 3,282.79  -16.39       -0.50  87,548.00
119   2025-04-28 16:00:00   GOLD 3,282.80 3,302.41 3,273.34 3,296.22   13.43        0.41  84,701.00
120   2025-04-28 20:00:00   GOLD 3,296.09 3,339.33 3,286.88 3,336.68   40.45        1.23 171,832.00
121   2025-04-29 00:00:00   GOLD 3,336.70 3,353.20 3,333.22 3,343.88    7.20        0.22  56,801.00
122   2025-04-29 04:00:00   GOLD 3,345.47 3,345.51 3,327.84 3,330.03  -13.85       -0.41  40,014.00
123   2025-04-29 08:00:00   GOLD 3,330.01 3,340.14 3,306.70 3,309.48  -20.55       -0.62  92,047.00
124   2025-04-29 12:00:00   GOLD 3,309.35 3,325.01 3,305.14 3,311.89    2.41        0.07  72,266.00
125   2025-04-29 16:00:00   GOLD 3,311.86 3,316.14 3,300.40 3,313.00    1.11        0.03  78,113.00
126   2025-04-29 20:00:00   GOLD 3,312.90 3,330.07 3,299.68 3,328.87   15.87        0.48 137,737.00
127   2025-04-30 00:00:00   GOLD 3,328.91 3,329.84 3,313.30 3,317.15  -11.72       -0.35  40,287.00
128   2025-04-30 04:00:00   GOLD 3,317.76 3,328.16 3,310.99 3,313.14   -4.01       -0.12  28,939.00
129   2025-04-30 08:00:00   GOLD 3,313.14 3,322.93 3,301.39 3,308.07   -5.07       -0.15  64,944.00
130   2025-04-30 12:00:00   GOLD 3,308.12 3,314.82 3,280.28 3,284.51  -23.56       -0.71  81,940.00
131   2025-04-30 16:00:00   GOLD 3,284.54 3,304.89 3,266.91 3,298.74   14.22        0.43 121,566.00
132   2025-04-30 20:00:00   GOLD 3,298.73 3,319.80 3,292.82 3,310.82   12.09        0.37 183,949.00
133   2025-05-01 00:00:00   GOLD 3,310.80 3,313.64 3,283.09 3,288.16  -22.67       -0.68  65,041.00
134   2025-05-01 04:00:00   GOLD 3,285.63 3,288.16 3,241.24 3,246.69  -41.47       -1.26  61,854.00
135   2025-05-01 08:00:00   GOLD 3,246.70 3,251.85 3,221.32 3,226.87  -19.82       -0.61  74,940.00
136   2025-05-01 12:00:00   GOLD 3,226.80 3,243.28 3,223.41 3,235.18    8.31        0.26  76,161.00
137   2025-05-01 16:00:00   GOLD 3,235.18 3,236.26 3,201.95 3,226.93   -8.24       -0.25 110,162.00
138   2025-05-01 20:00:00   GOLD 3,226.91 3,233.37 3,205.09 3,219.68   -7.26       -0.22 154,702.00
139   2025-05-02 00:00:00   GOLD 3,219.69 3,239.90 3,209.86 3,238.30   18.62        0.58  50,568.00
140   2025-05-02 04:00:00   GOLD 3,239.43 3,244.46 3,227.47 3,231.20   -7.10       -0.22  36,909.00
141   2025-05-02 08:00:00   GOLD 3,231.12 3,258.80 3,231.12 3,251.93   20.73        0.64  67,632.00
142   2025-05-02 12:00:00   GOLD 3,251.70 3,263.47 3,246.42 3,258.26    6.33        0.19  64,528.00
143   2025-05-02 16:00:00   GOLD 3,258.31 3,269.30 3,250.22 3,250.43   -7.84       -0.24 106,066.00
144   2025-05-02 20:00:00   GOLD 3,250.50 3,264.72 3,222.76 3,225.07  -25.36       -0.78 181,555.00
145   2025-05-03 00:00:00   GOLD 3,225.07 3,241.43 3,223.62 3,240.95   15.88        0.49  64,912.00
146   2025-05-05 04:00:00   GOLD 3,238.30 3,252.43 3,237.79 3,246.76    5.81        0.18  32,212.00
147   2025-05-05 08:00:00   GOLD 3,246.78 3,272.55 3,246.64 3,256.57    9.81        0.30  58,569.00
148   2025-05-05 12:00:00   GOLD 3,256.66 3,283.06 3,254.11 3,282.84   26.27        0.81  64,137.00
149   2025-05-05 16:00:00   GOLD 3,282.86 3,322.71 3,282.32 3,319.70   36.86        1.12  95,996.00
150   2025-05-05 20:00:00   GOLD 3,319.70 3,328.85 3,305.64 3,309.88   -9.82       -0.30 124,493.00
151   2025-05-06 00:00:00   GOLD 3,309.87 3,337.67 3,309.29 3,334.20   24.32        0.73  52,677.00
152   2025-05-06 04:00:00   GOLD 3,333.57 3,335.34 3,322.76 3,329.74   -4.45       -0.13  32,678.00
153   2025-05-06 08:00:00   GOLD 3,329.75 3,387.01 3,329.75 3,363.18   33.43        1.00 131,903.00
154   2025-05-06 12:00:00   GOLD 3,363.20 3,383.23 3,350.26 3,377.18   14.00        0.42  86,493.00
155   2025-05-06 16:00:00   GOLD 3,377.28 3,392.49 3,371.47 3,391.14   13.96        0.41  88,786.00
156   2025-05-06 20:00:00   GOLD 3,391.15 3,411.80 3,378.25 3,408.86   17.72        0.52 144,400.00
157   2025-05-07 00:00:00   GOLD 3,408.88 3,435.05 3,407.62 3,431.14   22.28        0.65  63,252.00
158   2025-05-07 04:00:00   GOLD 3,416.91 3,422.14 3,360.79 3,379.38  -51.76       -1.51 105,794.00
159   2025-05-07 08:00:00   GOLD 3,379.35 3,394.03 3,360.20 3,382.22    2.84        0.08 101,224.00
160   2025-05-07 12:00:00   GOLD 3,382.26 3,397.45 3,378.19 3,383.00    0.78        0.02  67,930.00
161   2025-05-07 16:00:00   GOLD 3,382.99 3,393.95 3,369.30 3,390.92    7.92        0.23  81,409.00
162   2025-05-07 20:00:00   GOLD 3,390.93 3,398.14 3,375.80 3,386.93   -3.99       -0.12 125,305.00
163   2025-05-08 00:00:00   GOLD 3,386.91 3,398.02 3,363.74 3,364.36  -22.57       -0.67 107,492.00
164   2025-05-08 04:00:00   GOLD 3,372.72 3,386.96 3,366.78 3,380.62   16.26        0.48  26,205.00
165   2025-05-08 08:00:00   GOLD 3,380.65 3,414.79 3,379.07 3,382.22    1.61        0.05  93,417.00
166   2025-05-08 12:00:00   GOLD 3,382.24 3,384.36 3,320.38 3,339.42  -42.80       -1.27 133,784.00
167   2025-05-08 16:00:00   GOLD 3,339.39 3,358.72 3,330.40 3,356.26   16.84        0.50  87,587.00
168   2025-05-08 20:00:00   GOLD 3,356.28 3,369.60 3,304.44 3,310.33  -45.93       -1.37 166,019.00
169   2025-05-09 00:00:00   GOLD 3,310.35 3,311.29 3,288.80 3,305.98   -4.35       -0.13  72,158.00
170   2025-05-09 04:00:00   GOLD 3,310.12 3,324.09 3,308.83 3,322.36   16.38        0.50  37,127.00
171   2025-05-09 08:00:00   GOLD 3,322.34 3,327.62 3,274.81 3,324.64    2.29        0.07 111,713.00
172   2025-05-09 12:00:00   GOLD 3,324.76 3,332.35 3,312.95 3,328.72    4.08        0.12  86,008.00
173   2025-05-09 16:00:00   GOLD 3,328.68 3,338.46 3,322.02 3,333.70    4.97        0.15  68,815.00
174   2025-05-09 20:00:00   GOLD 3,333.70 3,347.62 3,320.39 3,336.82    3.12        0.09 130,969.00
175   2025-05-10 00:00:00   GOLD 3,336.82 3,343.05 3,324.87 3,325.39  -11.43       -0.34  48,006.00
176   2025-05-12 04:00:00   GOLD 3,325.39 3,325.39 3,265.89 3,279.32  -46.07       -1.39  70,209.00
177   2025-05-12 08:00:00   GOLD 3,279.14 3,284.78 3,258.85 3,278.87   -0.45       -0.01 100,442.00
178   2025-05-12 12:00:00   GOLD 3,278.99 3,281.66 3,216.11 3,231.45  -47.42       -1.45 173,323.00
179   2025-05-12 16:00:00   GOLD 3,231.45 3,234.51 3,207.79 3,233.68    2.24        0.07 137,888.00
180   2025-05-12 20:00:00   GOLD 3,233.70 3,248.70 3,223.22 3,224.29   -9.39       -0.29 174,305.00
181   2025-05-13 00:00:00   GOLD 3,224.30 3,238.88 3,220.32 3,235.07   10.78        0.33  59,807.00
182   2025-05-13 04:00:00   GOLD 3,237.93 3,243.43 3,229.82 3,239.96    4.89        0.15  28,338.00
183   2025-05-13 08:00:00   GOLD 3,239.93 3,253.68 3,215.86 3,252.71   12.75        0.39  85,446.00
184   2025-05-13 12:00:00   GOLD 3,252.80 3,265.78 3,247.34 3,255.51    2.80        0.09  84,927.00
185   2025-05-13 16:00:00   GOLD 3,255.57 3,258.67 3,237.33 3,241.87  -13.64       -0.42  89,281.00
186   2025-05-13 20:00:00   GOLD 3,241.81 3,258.00 3,225.51 3,251.09    9.22        0.28 140,350.00
187   2025-05-14 00:00:00   GOLD 3,251.09 3,254.89 3,242.11 3,250.18   -0.91       -0.03  42,291.00
188   2025-05-14 04:00:00   GOLD 3,252.00 3,257.14 3,240.67 3,243.80   -6.38       -0.20  28,159.00
189   2025-05-14 08:00:00   GOLD 3,243.82 3,251.91 3,222.58 3,224.03  -19.77       -0.61  83,287.00
190   2025-05-14 12:00:00   GOLD 3,224.03 3,243.96 3,221.57 3,232.59    8.56        0.27  97,482.00
191   2025-05-14 16:00:00   GOLD 3,232.62 3,239.20 3,184.22 3,184.87  -47.72       -1.48 119,645.00
192   2025-05-14 20:00:00   GOLD 3,185.01 3,198.39 3,173.78 3,188.64    3.77        0.12 184,306.00
193   2025-05-15 00:00:00   GOLD 3,188.62 3,190.66 3,168.07 3,177.59  -11.05       -0.35  57,893.00
194   2025-05-15 04:00:00   GOLD 3,181.06 3,188.01 3,180.20 3,187.84   10.26        0.32  24,193.00
195   2025-05-15 08:00:00   GOLD 3,187.82 3,192.83 3,135.55 3,138.61  -49.24       -1.54  86,853.00
196   2025-05-15 12:00:00   GOLD 3,138.64 3,164.32 3,120.76 3,162.60   23.99        0.76 117,684.00
197   2025-05-15 16:00:00   GOLD 3,162.61 3,189.98 3,159.35 3,188.86   26.26        0.83  98,048.00
198   2025-05-15 20:00:00   GOLD 3,188.87 3,222.82 3,185.20 3,222.61   33.75        1.06 153,006.00
199   2025-05-16 00:00:00   GOLD 3,222.59 3,240.72 3,216.53 3,239.97   17.36        0.54  49,875.00
200   2025-05-16 04:00:00   GOLD 3,241.78 3,252.26 3,232.09 3,243.18    3.21        0.10  44,324.00
201   2025-05-16 08:00:00   GOLD 3,243.26 3,244.68 3,206.60 3,219.57  -23.60       -0.73  89,114.00
202   2025-05-16 12:00:00   GOLD 3,219.66 3,231.34 3,195.53 3,207.53  -12.05       -0.37  81,816.00
203   2025-05-16 16:00:00   GOLD 3,207.47 3,213.01 3,154.30 3,177.43  -30.09       -0.94 114,936.00
204   2025-05-16 20:00:00   GOLD 3,177.44 3,189.90 3,165.90 3,189.41   11.97        0.38 135,742.00
205   2025-05-17 00:00:00   GOLD 3,189.43 3,205.89 3,183.47 3,204.45   15.04        0.47  53,742.00
206   2025-05-19 04:00:00   GOLD 3,215.99 3,249.85 3,212.07 3,246.52   42.07        1.31  62,257.00
207   2025-05-19 08:00:00   GOLD 3,246.41 3,246.95 3,206.72 3,215.97  -30.55       -0.94  90,917.00
208   2025-05-19 12:00:00   GOLD 3,216.22 3,245.01 3,215.01 3,244.57   28.60        0.89  90,293.00
209   2025-05-19 16:00:00   GOLD 3,244.70 3,248.59 3,228.91 3,229.50  -15.07       -0.46  80,487.00
210   2025-05-19 20:00:00   GOLD 3,229.62 3,241.75 3,217.29 3,231.92    2.42        0.07 124,922.00
211   2025-05-20 00:00:00   GOLD 3,231.88 3,235.97 3,225.32 3,230.40   -1.52       -0.05  42,733.00
212   2025-05-20 04:00:00   GOLD 3,228.03 3,230.59 3,214.13 3,222.83   -7.57       -0.23  27,414.00
213   2025-05-20 08:00:00   GOLD 3,222.71 3,232.85 3,204.67 3,217.39   -5.43       -0.17  75,287.00
214   2025-05-20 12:00:00   GOLD 3,217.32 3,236.18 3,207.98 3,236.04   18.64        0.58  75,509.00
215   2025-05-20 16:00:00   GOLD 3,236.03 3,251.05 3,230.49 3,242.86    6.82        0.21  78,460.00
216   2025-05-20 20:00:00   GOLD 3,242.83 3,285.93 3,232.99 3,278.89   36.03        1.11 157,320.00
217   2025-05-21 00:00:00   GOLD 3,278.98 3,295.79 3,278.34 3,289.84   10.96        0.33  53,230.00
218   2025-05-21 04:00:00   GOLD 3,292.70 3,304.32 3,288.68 3,303.57   13.73        0.42  39,346.00
219   2025-05-21 08:00:00   GOLD 3,303.49 3,314.82 3,285.34 3,302.17   -1.40       -0.04  92,046.00
220   2025-05-21 12:00:00   GOLD 3,302.16 3,320.84 3,298.51 3,308.49    6.32        0.19  88,153.00
221   2025-05-21 16:00:00   GOLD 3,308.51 3,318.39 3,290.72 3,302.79   -5.70       -0.17  94,676.00
222   2025-05-21 20:00:00   GOLD 3,302.82 3,315.32 3,295.36 3,303.20    0.41        0.01 141,401.00
223   2025-05-22 00:00:00   GOLD 3,303.20 3,324.93 3,302.95 3,315.24   12.04        0.36  80,361.00
224   2025-05-22 04:00:00   GOLD 3,319.90 3,326.36 3,315.58 3,323.84    8.60        0.26  34,109.00
225   2025-05-22 08:00:00   GOLD 3,323.84 3,345.47 3,320.47 3,338.61   14.77        0.44  86,736.00
226   2025-05-22 12:00:00   GOLD 3,338.61 3,339.55 3,310.24 3,311.36  -27.26       -0.82  96,841.00
227   2025-05-22 16:00:00   GOLD 3,311.24 3,314.78 3,283.07 3,304.22   -7.13       -0.22 143,498.00
228   2025-05-22 20:00:00   GOLD 3,304.29 3,315.91 3,279.24 3,301.66   -2.56       -0.08 182,885.00
229   2025-05-23 00:00:00   GOLD 3,301.60 3,301.88 3,289.11 3,295.01   -6.65       -0.20  56,190.00
230   2025-05-23 04:00:00   GOLD 3,297.82 3,309.01 3,287.07 3,300.89    5.88        0.18  37,036.00
231   2025-05-23 08:00:00   GOLD 3,300.97 3,316.40 3,291.00 3,313.72   12.83        0.39  76,717.00
232   2025-05-23 12:00:00   GOLD 3,313.74 3,334.47 3,312.59 3,326.47   12.75        0.38  86,812.00
233   2025-05-23 16:00:00   GOLD 3,326.59 3,360.55 3,323.47 3,357.00   30.53        0.92 147,957.00
234   2025-05-23 20:00:00   GOLD 3,357.16 3,364.82 3,336.64 3,359.13    2.13        0.06 170,565.00
235   2025-05-24 00:00:00   GOLD 3,359.07 3,366.01 3,356.24 3,358.12   -1.01       -0.03  55,091.00
236   2025-05-26 04:00:00   GOLD 3,351.40 3,352.50 3,331.45 3,342.19  -15.93       -0.47  41,334.00
237   2025-05-26 08:00:00   GOLD 3,342.18 3,356.99 3,335.61 3,349.97    7.78        0.23  72,321.00
238   2025-05-26 12:00:00   GOLD 3,350.05 3,351.98 3,331.12 3,334.76  -15.21       -0.45  66,668.00
239   2025-05-26 16:00:00   GOLD 3,334.76 3,336.30 3,323.50 3,334.40   -0.36       -0.01  43,866.00
240   2025-05-26 20:00:00   GOLD 3,334.51 3,343.72 3,331.35 3,342.26    7.86        0.24  46,475.00
241   2025-05-27 00:00:00   GOLD 3,342.30 3,343.26 3,340.57 3,342.47    0.21        0.01   7,696.00
242   2025-05-27 04:00:00   GOLD 3,346.38 3,350.09 3,342.51 3,345.18    2.70        0.08  21,644.00
243   2025-05-27 08:00:00   GOLD 3,345.20 3,347.43 3,330.78 3,331.00  -14.18       -0.42  55,831.00
244   2025-05-27 12:00:00   GOLD 3,331.01 3,332.80 3,292.66 3,298.60  -32.40       -0.97 117,107.00
245   2025-05-27 16:00:00   GOLD 3,298.59 3,309.96 3,287.78 3,293.88   -4.72       -0.14  93,438.00
246   2025-05-27 20:00:00   GOLD 3,293.86 3,305.03 3,285.25 3,297.91    4.03        0.12 118,352.00
247   2025-05-28 00:00:00   GOLD 3,297.93 3,308.01 3,296.89 3,300.75    2.84        0.09  37,074.00
248   2025-05-28 04:00:00   GOLD 3,304.22 3,315.89 3,297.30 3,308.61    7.86        0.24  23,454.00
249   2025-05-28 08:00:00   GOLD 3,308.56 3,313.99 3,291.70 3,296.47  -12.14       -0.37  64,846.00
250   2025-05-28 12:00:00   GOLD 3,296.39 3,323.89 3,296.04 3,321.70   25.24        0.77  79,433.00
251   2025-05-28 16:00:00   GOLD 3,321.71 3,325.70 3,305.45 3,312.41   -9.29       -0.28  59,521.00
252   2025-05-28 20:00:00   GOLD 3,312.47 3,316.51 3,288.71 3,293.54  -18.88       -0.57 120,687.00
253   2025-05-29 00:00:00   GOLD 3,293.55 3,303.14 3,276.36 3,288.72   -4.82       -0.15  59,269.00
254   2025-05-29 04:00:00   GOLD 3,289.59 3,295.24 3,250.14 3,265.05  -23.67       -0.72  80,986.00
255   2025-05-29 08:00:00   GOLD 3,265.05 3,280.22 3,245.56 3,269.16    4.11        0.13 101,249.00
256   2025-05-29 12:00:00   GOLD 3,269.19 3,289.43 3,266.08 3,281.78   12.62        0.39  69,305.00
257   2025-05-29 16:00:00   GOLD 3,281.70 3,317.61 3,276.33 3,316.53   34.74        1.06  88,455.00
258   2025-05-29 20:00:00   GOLD 3,316.53 3,331.47 3,304.76 3,322.28    5.76        0.17 133,488.00
259   2025-05-30 00:00:00   GOLD 3,322.25 3,325.95 3,315.28 3,317.61   -4.67       -0.14  56,233.00
260   2025-05-30 04:00:00   GOLD 3,317.90 3,318.95 3,309.65 3,312.57   -5.05       -0.15  25,410.00
261   2025-05-30 08:00:00   GOLD 3,312.63 3,322.93 3,291.30 3,296.32  -16.24       -0.49  70,397.00
262   2025-05-30 12:00:00   GOLD 3,296.24 3,305.16 3,287.43 3,295.86   -0.47       -0.01  69,680.00
263   2025-05-30 16:00:00   GOLD 3,295.80 3,306.93 3,282.84 3,304.07    8.22        0.25  80,296.00
264   2025-05-30 20:00:00   GOLD 3,303.98 3,308.38 3,271.46 3,293.36  -10.71       -0.32 146,159.00
265   2025-05-31 00:00:00   GOLD 3,293.39 3,295.91 3,288.80 3,289.70   -3.66       -0.11  46,097.00
266   2025-06-02 04:00:00   GOLD 3,303.41 3,316.74 3,299.95 3,311.45   21.76        0.66  33,501.00
267   2025-06-02 08:00:00   GOLD 3,311.49 3,318.30 3,301.41 3,313.96    2.51        0.08  55,687.00
268   2025-06-02 12:00:00   GOLD 3,313.95 3,359.10 3,313.95 3,352.11   38.14        1.15  80,596.00
269   2025-06-02 16:00:00   GOLD 3,352.11 3,363.63 3,344.49 3,355.49    3.38        0.10  88,268.00
270   2025-06-02 20:00:00   GOLD 3,355.49 3,379.43 3,350.39 3,371.81   16.32        0.49 145,741.00
271   2025-06-03 00:00:00   GOLD 3,371.82 3,382.96 3,370.88 3,381.87   10.06        0.30  58,547.00
272   2025-06-03 04:00:00   GOLD 3,384.61 3,392.30 3,373.86 3,375.84   -6.03       -0.18  35,656.00
273   2025-06-03 08:00:00   GOLD 3,375.84 3,378.07 3,359.32 3,362.80  -13.04       -0.39  87,396.00
274   2025-06-03 12:00:00   GOLD 3,362.84 3,367.93 3,351.11 3,361.22   -1.59       -0.05  79,160.00
275   2025-06-03 16:00:00   GOLD 3,361.20 3,363.23 3,349.07 3,359.41   -1.81       -0.05  68,442.00
276   2025-06-03 20:00:00   GOLD 3,359.41 3,363.25 3,333.17 3,348.49  -10.91       -0.32 124,090.00
277   2025-06-04 00:00:00   GOLD 3,348.52 3,355.55 3,347.36 3,353.39    4.89        0.15  36,761.00
278   2025-06-04 04:00:00   GOLD 3,356.74 3,361.71 3,349.87 3,350.22   -3.17       -0.09  27,213.00
279   2025-06-04 08:00:00   GOLD 3,350.21 3,372.72 3,346.53 3,354.95    4.74        0.14  65,152.00
280   2025-06-04 12:00:00   GOLD 3,354.95 3,365.32 3,348.11 3,362.82    7.87        0.23  70,719.00
281   2025-06-04 16:00:00   GOLD 3,362.89 3,365.03 3,343.82 3,358.99   -3.84       -0.11  88,525.00
282   2025-06-04 20:00:00   GOLD 3,358.99 3,384.76 3,350.92 3,375.11   16.12        0.48 126,833.00
283   2025-06-05 00:00:00   GOLD 3,375.03 3,382.22 3,370.68 3,372.45   -2.66       -0.08  43,509.00
284   2025-06-05 04:00:00   GOLD 3,374.61 3,381.90 3,372.37 3,380.34    7.89        0.23  24,271.00
285   2025-06-05 08:00:00   GOLD 3,380.28 3,384.28 3,363.97 3,368.56  -11.78       -0.35  63,052.00
286   2025-06-05 12:00:00   GOLD 3,368.57 3,377.05 3,361.22 3,375.29    6.73        0.20  60,989.00
287   2025-06-05 16:00:00   GOLD 3,375.30 3,403.62 3,374.11 3,383.15    7.86        0.23 128,697.00
288   2025-06-05 20:00:00   GOLD 3,383.16 3,388.60 3,339.35 3,354.16  -28.99       -0.86 226,780.00
289   2025-06-06 00:00:00   GOLD 3,354.16 3,361.44 3,349.01 3,352.73   -1.43       -0.04  62,774.00
290   2025-06-06 04:00:00   GOLD 3,356.29 3,364.16 3,354.32 3,359.49    6.76        0.20  29,594.00
291   2025-06-06 08:00:00   GOLD 3,359.51 3,374.66 3,356.13 3,373.77   14.28        0.42  68,193.00
292   2025-06-06 12:00:00   GOLD 3,373.70 3,375.70 3,352.78 3,365.32   -8.45       -0.25  81,715.00
293   2025-06-06 16:00:00   GOLD 3,365.41 3,365.45 3,343.56 3,353.30  -12.03       -0.36  99,461.00
294   2025-06-06 20:00:00   GOLD 3,353.30 3,361.12 3,316.42 3,322.80  -30.49       -0.91 195,527.00
295   2025-06-07 00:00:00   GOLD 3,322.82 3,326.89 3,307.20 3,309.98  -12.82       -0.39  51,961.00
296   2025-06-09 04:00:00   GOLD 3,317.78 3,321.27 3,298.26 3,305.47   -4.51       -0.14  40,213.00
297   2025-06-09 08:00:00   GOLD 3,305.48 3,313.56 3,293.50 3,311.80    6.32        0.19  76,598.00
298   2025-06-09 12:00:00   GOLD 3,311.80 3,328.51 3,309.70 3,319.98    8.18        0.25  71,522.00
299   2025-06-09 16:00:00   GOLD 3,319.97 3,323.59 3,312.19 3,320.09    0.11        0.00  64,951.00
300   2025-06-09 20:00:00   GOLD 3,320.14 3,337.96 3,310.80 3,337.78   17.68        0.53 105,729.00
301   2025-06-10 00:00:00   GOLD 3,337.90 3,338.30 3,325.01 3,325.68  -12.10       -0.36  40,708.00
302   2025-06-10 04:00:00   GOLD 3,324.31 3,327.98 3,314.68 3,316.72   -8.95       -0.27  36,059.00
303   2025-06-10 08:00:00   GOLD 3,316.74 3,320.03 3,302.01 3,307.39   -9.34       -0.28  82,628.00
304   2025-06-10 12:00:00   GOLD 3,307.39 3,334.96 3,306.80 3,329.47   22.08        0.67  94,035.00
305   2025-06-10 16:00:00   GOLD 3,329.45 3,342.54 3,327.09 3,337.20    7.74        0.23  71,197.00
306   2025-06-10 20:00:00   GOLD 3,337.24 3,349.28 3,320.07 3,321.39  -15.81       -0.47 118,007.00
307   2025-06-11 00:00:00   GOLD 3,321.40 3,334.66 3,319.53 3,322.61    1.22        0.04  50,452.00
308   2025-06-11 04:00:00   GOLD 3,322.38 3,335.26 3,315.59 3,332.47    9.86        0.30  36,678.00
309   2025-06-11 08:00:00   GOLD 3,332.45 3,343.00 3,327.20 3,341.85    9.38        0.28  52,799.00
310   2025-06-11 12:00:00   GOLD 3,341.80 3,348.57 3,332.55 3,344.59    2.74        0.08  59,313.00
311   2025-06-11 16:00:00   GOLD 3,344.53 3,360.79 3,326.18 3,336.84   -7.76       -0.23 100,483.00
312   2025-06-11 20:00:00   GOLD 3,336.94 3,344.77 3,327.95 3,330.39   -6.45       -0.19 130,867.00
313   2025-06-12 00:00:00   GOLD 3,330.41 3,355.61 3,319.38 3,355.25   24.86        0.75  72,031.00
314   2025-06-12 04:00:00   GOLD 3,357.91 3,373.64 3,356.30 3,366.03   10.78        0.32  53,656.00
315   2025-06-12 08:00:00   GOLD 3,366.03 3,377.89 3,362.57 3,370.47    4.43        0.13  79,523.00
316   2025-06-12 12:00:00   GOLD 3,370.47 3,375.86 3,338.59 3,356.89  -13.58       -0.40  93,916.00
317   2025-06-12 16:00:00   GOLD 3,356.88 3,390.54 3,355.55 3,388.32   31.44        0.94 104,450.00
318   2025-06-12 20:00:00   GOLD 3,388.33 3,399.05 3,377.89 3,383.83   -4.49       -0.13 149,681.00
319   2025-06-13 00:00:00   GOLD 3,383.82 3,389.51 3,378.16 3,386.58    2.75        0.08  51,800.00
320   2025-06-13 04:00:00   GOLD 3,383.86 3,420.09 3,379.53 3,415.35   28.77        0.85  75,987.00
321   2025-06-13 08:00:00   GOLD 3,415.26 3,444.49 3,414.04 3,425.33    9.98        0.29 116,962.00
322   2025-06-13 12:00:00   GOLD 3,425.36 3,428.92 3,407.93 3,424.36   -0.97       -0.03  85,937.00
323   2025-06-13 16:00:00   GOLD 3,424.42 3,438.26 3,411.60 3,436.51   12.15        0.35  86,204.00
324   2025-06-13 20:00:00   GOLD 3,436.49 3,446.88 3,419.22 3,430.15   -6.36       -0.19 142,650.00
325   2025-06-14 00:00:00   GOLD 3,430.31 3,439.60 3,427.41 3,432.84    2.68        0.08  63,464.00
326   2025-06-16 04:00:00   GOLD 3,440.48 3,451.53 3,434.24 3,436.43    3.59        0.10  51,974.00
327   2025-06-16 08:00:00   GOLD 3,436.48 3,446.51 3,426.91 3,427.70   -8.73       -0.25  71,612.00
328   2025-06-16 12:00:00   GOLD 3,427.70 3,430.58 3,409.58 3,414.06  -13.64       -0.40  86,621.00
329   2025-06-16 16:00:00   GOLD 3,414.05 3,422.78 3,410.80 3,415.62    1.57        0.05  65,018.00
330   2025-06-16 20:00:00   GOLD 3,415.61 3,418.11 3,382.54 3,399.49  -16.14       -0.47 131,993.00
331   2025-06-17 00:00:00   GOLD 3,399.51 3,400.37 3,382.91 3,385.22  -14.27       -0.42  46,640.00
332   2025-06-17 04:00:00   GOLD 3,388.45 3,403.43 3,386.74 3,394.32    9.10        0.27  41,506.00
333   2025-06-17 08:00:00   GOLD 3,394.32 3,402.57 3,373.67 3,394.11   -0.21       -0.01  67,750.00
334   2025-06-17 12:00:00   GOLD 3,394.05 3,395.55 3,377.85 3,378.95  -15.16       -0.45  63,304.00
335   2025-06-17 16:00:00   GOLD 3,378.92 3,400.20 3,375.78 3,386.78    7.83        0.23  85,857.00
336   2025-06-17 20:00:00   GOLD 3,386.80 3,397.57 3,366.11 3,382.97   -3.81       -0.11 131,431.00
337   2025-06-18 00:00:00   GOLD 3,382.99 3,392.60 3,381.36 3,388.45    5.49        0.16  57,480.00
338   2025-06-18 04:00:00   GOLD 3,395.86 3,395.97 3,383.07 3,385.80   -2.65       -0.08  25,145.00
339   2025-06-18 08:00:00   GOLD 3,385.80 3,400.11 3,370.64 3,395.12    9.32        0.28  57,003.00
340   2025-06-18 12:00:00   GOLD 3,395.18 3,395.67 3,377.18 3,383.64  -11.49       -0.34  62,721.00
341   2025-06-18 16:00:00   GOLD 3,383.59 3,389.95 3,375.57 3,386.64    3.00        0.09  63,198.00
342   2025-06-18 20:00:00   GOLD 3,386.68 3,396.95 3,373.82 3,391.06    4.42        0.13 105,837.00
343   2025-06-19 00:00:00   GOLD 3,391.07 3,395.93 3,362.61 3,369.30  -21.76       -0.64  99,286.00
344   2025-06-19 04:00:00   GOLD 3,371.41 3,383.43 3,370.61 3,379.60   10.30        0.31  28,014.00
345   2025-06-19 08:00:00   GOLD 3,379.53 3,388.18 3,369.74 3,374.68   -4.91       -0.15  54,281.00
346   2025-06-19 12:00:00   GOLD 3,374.66 3,375.45 3,347.53 3,368.74   -5.94       -0.18  99,283.00
347   2025-06-19 16:00:00   GOLD 3,368.68 3,379.18 3,363.66 3,368.01   -0.74       -0.02  59,758.00
348   2025-06-19 20:00:00   GOLD 3,368.05 3,373.01 3,361.53 3,371.19    3.18        0.09  69,620.00
349   2025-06-20 00:00:00   GOLD 3,371.07 3,375.62 3,365.93 3,370.38   -0.81       -0.02  12,978.00
350   2025-06-20 04:00:00   GOLD 3,369.74 3,370.57 3,362.10 3,368.23   -2.15       -0.06  29,490.00
351   2025-06-20 08:00:00   GOLD 3,368.24 3,368.38 3,344.68 3,354.24  -13.99       -0.42  68,760.00
352   2025-06-20 12:00:00   GOLD 3,354.25 3,355.43 3,340.41 3,351.15   -3.09       -0.09  67,290.00
353   2025-06-20 16:00:00   GOLD 3,351.14 3,359.27 3,341.90 3,344.55   -6.60       -0.20  61,424.00
354   2025-06-20 20:00:00   GOLD 3,344.53 3,374.63 3,343.11 3,371.51   26.96        0.81  95,705.00
355   2025-06-21 00:00:00   GOLD 3,371.53 3,371.79 3,364.68 3,368.75   -2.76       -0.08  32,436.00
356   2025-06-23 04:00:00   GOLD 3,383.82 3,389.22 3,358.32 3,365.77   -2.98       -0.09  56,828.00
357   2025-06-23 08:00:00   GOLD 3,365.76 3,368.18 3,351.93 3,358.55   -7.22       -0.21  73,811.00
358   2025-06-23 12:00:00   GOLD 3,358.59 3,362.45 3,347.03 3,361.94    3.39        0.10  73,393.00
359   2025-06-23 16:00:00   GOLD 3,361.93 3,382.15 3,355.93 3,360.49   -1.45       -0.04  84,806.00
360   2025-06-23 20:00:00   GOLD 3,360.48 3,393.64 3,359.84 3,389.92   29.43        0.88 132,088.00
361   2025-06-24 00:00:00   GOLD 3,389.84 3,391.75 3,367.32 3,369.20  -20.72       -0.61  70,759.00
362   2025-06-24 04:00:00   GOLD 3,358.43 3,363.90 3,333.28 3,351.18  -18.02       -0.53  64,748.00
363   2025-06-24 08:00:00   GOLD 3,351.20 3,357.95 3,342.24 3,348.66   -2.52       -0.08  72,308.00
364   2025-06-24 12:00:00   GOLD 3,348.65 3,348.86 3,316.07 3,327.43  -21.22       -0.63 116,287.00
365   2025-06-24 16:00:00   GOLD 3,327.36 3,329.03 3,304.48 3,314.82  -12.61       -0.38  83,534.00
366   2025-06-24 20:00:00   GOLD 3,314.77 3,320.49 3,295.32 3,318.49    3.66        0.11 135,198.00
367   2025-06-25 00:00:00   GOLD 3,318.57 3,325.38 3,315.73 3,323.45    4.96        0.15  47,970.00
368   2025-06-25 04:00:00   GOLD 3,322.82 3,330.09 3,320.97 3,326.99    3.54        0.11  17,817.00
369   2025-06-25 08:00:00   GOLD 3,327.04 3,335.34 3,325.87 3,327.52    0.53        0.02  45,551.00
370   2025-06-25 12:00:00   GOLD 3,327.50 3,337.20 3,326.51 3,327.30   -0.22       -0.01  52,269.00
371   2025-06-25 16:00:00   GOLD 3,327.30 3,329.62 3,318.22 3,320.76   -6.54       -0.20  55,701.00
372   2025-06-25 20:00:00   GOLD 3,320.78 3,335.22 3,312.05 3,334.82   14.06        0.42  88,341.00
373   2025-06-26 00:00:00   GOLD 3,334.82 3,336.15 3,324.81 3,332.39   -2.42       -0.07  54,445.00
374   2025-06-26 04:00:00   GOLD 3,334.32 3,340.32 3,331.39 3,334.04    1.64        0.05  24,644.00
375   2025-06-26 08:00:00   GOLD 3,334.14 3,343.26 3,329.30 3,334.02   -0.02       -0.00  53,867.00
376   2025-06-26 12:00:00   GOLD 3,334.03 3,350.41 3,331.03 3,348.20   14.18        0.43  67,169.00
377   2025-06-26 16:00:00   GOLD 3,348.20 3,348.84 3,321.68 3,322.09  -26.11       -0.78  84,717.00
378   2025-06-26 20:00:00   GOLD 3,322.08 3,333.41 3,309.99 3,331.41    9.32        0.28 127,674.00
379   2025-06-27 00:00:00   GOLD 3,331.41 3,336.55 3,327.72 3,327.82   -3.59       -0.11  48,370.00
380   2025-06-27 04:00:00   GOLD 3,325.33 3,325.37 3,313.30 3,318.98   -8.84       -0.27  26,157.00
381   2025-06-27 08:00:00   GOLD 3,318.97 3,322.18 3,291.16 3,294.01  -24.97       -0.75  76,503.00
382   2025-06-27 12:00:00   GOLD 3,294.03 3,301.01 3,281.90 3,289.44   -4.57       -0.14 101,288.00
383   2025-06-27 16:00:00   GOLD 3,289.34 3,291.07 3,269.55 3,270.30  -19.14       -0.58  91,770.00
384   2025-06-27 20:00:00   GOLD 3,270.20 3,278.68 3,255.85 3,277.70    7.41        0.23 137,001.00
385   2025-06-28 00:00:00   GOLD 3,277.73 3,282.94 3,268.43 3,274.18   -3.53       -0.11  65,523.00
386   2025-06-30 04:00:00   GOLD 3,271.64 3,274.05 3,244.41 3,264.57   -9.61       -0.29  35,661.00
387   2025-06-30 08:00:00   GOLD 3,264.49 3,286.48 3,259.39 3,285.64   21.07        0.65  57,638.00
388   2025-06-30 12:00:00   GOLD 3,285.64 3,296.83 3,284.69 3,289.21    3.57        0.11  52,500.00
389   2025-06-30 16:00:00   GOLD 3,289.15 3,289.15 3,274.62 3,282.16   -7.05       -0.21  66,895.00
390   2025-06-30 20:00:00   GOLD 3,282.14 3,297.57 3,277.97 3,297.38   15.22        0.46  88,267.00
391   2025-07-01 00:00:00   GOLD 3,297.36 3,309.64 3,292.14 3,303.15    5.77        0.17  48,596.00
392   2025-07-01 04:00:00   GOLD 3,303.30 3,314.96 3,302.39 3,314.82   11.67        0.35  22,856.00
393   2025-07-01 08:00:00   GOLD 3,314.73 3,323.15 3,313.99 3,322.97    8.15        0.25  51,448.00
394   2025-07-01 12:00:00   GOLD 3,322.98 3,342.50 3,322.97 3,339.64   16.66        0.50  67,419.00
395   2025-07-01 16:00:00   GOLD 3,339.66 3,358.09 3,338.31 3,354.62   14.99        0.45  86,551.00
396   2025-07-01 20:00:00   GOLD 3,354.55 3,355.61 3,337.05 3,341.83  -12.80       -0.38 132,827.00
397   2025-07-02 00:00:00   GOLD 3,341.80 3,342.28 3,336.92 3,338.72   -3.11       -0.09  56,390.00
398   2025-07-02 04:00:00   GOLD 3,340.12 3,345.05 3,334.61 3,339.03    0.31        0.01  35,446.00
399   2025-07-02 08:00:00   GOLD 3,339.07 3,342.95 3,328.61 3,340.17    1.14        0.03  65,908.00
400   2025-07-02 12:00:00   GOLD 3,340.14 3,344.01 3,327.66 3,333.62   -6.55       -0.20  69,603.00
401   2025-07-02 16:00:00   GOLD 3,333.61 3,351.24 3,333.18 3,346.78   13.16        0.39  85,179.00
402   2025-07-02 20:00:00   GOLD 3,346.75 3,349.36 3,333.97 3,348.68    1.90        0.06 104,660.00
403   2025-07-03 00:00:00   GOLD 3,348.75 3,360.13 3,347.44 3,357.09    8.41        0.25  37,781.00
404   2025-07-03 04:00:00   GOLD 3,359.51 3,365.92 3,343.52 3,344.80  -12.30       -0.37  30,382.00
405   2025-07-03 08:00:00   GOLD 3,344.80 3,351.89 3,342.01 3,350.86    6.07        0.18  48,989.00
406   2025-07-03 12:00:00   GOLD 3,350.87 3,363.76 3,350.18 3,356.24    5.38        0.16  63,505.00
407   2025-07-03 16:00:00   GOLD 3,356.12 3,356.46 3,311.62 3,324.53  -31.71       -0.94  96,320.00
408   2025-07-03 20:00:00   GOLD 3,324.49 3,338.59 3,322.16 3,333.95    9.42        0.28 119,959.00
409   2025-07-04 00:00:00   GOLD 3,333.95 3,334.89 3,325.26 3,326.03   -7.92       -0.24  15,728.00
410   2025-07-04 04:00:00   GOLD 3,324.24 3,332.11 3,323.66 3,329.09    3.06        0.09  22,246.00
411   2025-07-04 08:00:00   GOLD 3,329.08 3,342.43 3,326.24 3,340.94   11.85        0.36  47,374.00
412   2025-07-04 12:00:00   GOLD 3,340.95 3,345.18 3,336.45 3,342.89    1.95        0.06  50,962.00
413   2025-07-04 16:00:00   GOLD 3,342.86 3,343.14 3,331.45 3,334.03   -8.86       -0.27  55,039.00
414   2025-07-04 20:00:00   GOLD 3,334.03 3,338.09 3,330.87 3,336.61    2.58        0.08  45,438.00
415   2025-07-07 04:00:00   GOLD 3,341.57 3,342.07 3,321.84 3,326.59  -10.02       -0.30  30,041.00
416   2025-07-07 08:00:00   GOLD 3,326.59 3,327.86 3,305.24 3,307.86  -18.74       -0.56  81,324.00
417   2025-07-07 12:00:00   GOLD 3,307.94 3,315.29 3,300.76 3,310.25    2.39        0.07  76,961.00
418   2025-07-07 16:00:00   GOLD 3,310.16 3,312.80 3,296.28 3,309.57   -0.68       -0.02  98,073.00
419   2025-07-07 20:00:00   GOLD 3,309.57 3,328.16 3,306.22 3,327.49   17.91        0.54  98,260.00
420   2025-07-08 00:00:00   GOLD 3,327.55 3,340.47 3,327.45 3,336.44    8.95        0.27  71,084.00
421   2025-07-08 04:00:00   GOLD 3,340.50 3,345.95 3,331.30 3,334.28   -2.16       -0.06  38,839.00
422   2025-07-08 08:00:00   GOLD 3,334.33 3,338.15 3,327.41 3,329.66   -4.62       -0.14  62,371.00
423   2025-07-08 12:00:00   GOLD 3,329.68 3,339.59 3,323.41 3,323.73   -5.93       -0.18  72,018.00
424   2025-07-08 16:00:00   GOLD 3,323.74 3,329.93 3,320.03 3,328.24    4.51        0.14  60,260.00
425   2025-07-08 20:00:00   GOLD 3,328.24 3,328.78 3,287.11 3,300.51  -27.74       -0.83 154,914.00
426   2025-07-09 00:00:00   GOLD 3,300.49 3,310.53 3,299.37 3,301.72    1.21        0.04  57,979.00
427   2025-07-09 04:00:00   GOLD 3,302.83 3,308.14 3,297.29 3,307.18    5.46        0.17  22,236.00
428   2025-07-09 08:00:00   GOLD 3,307.11 3,307.30 3,284.98 3,294.05  -13.12       -0.40  63,424.00
429   2025-07-09 12:00:00   GOLD 3,294.07 3,297.89 3,282.66 3,285.08   -8.97       -0.27  69,171.00
430   2025-07-09 16:00:00   GOLD 3,285.06 3,297.59 3,283.30 3,296.53   11.45        0.35  53,685.00
431   2025-07-09 20:00:00   GOLD 3,296.54 3,313.39 3,291.94 3,311.93   15.40        0.47 109,785.00
432   2025-07-10 00:00:00   GOLD 3,311.93 3,316.99 3,308.11 3,313.70    1.77        0.05  56,648.00
433   2025-07-10 04:00:00   GOLD 3,315.76 3,322.09 3,314.89 3,317.71    4.01        0.12  23,293.00
434   2025-07-10 08:00:00   GOLD 3,317.70 3,326.39 3,314.84 3,322.30    4.59        0.14  48,831.00
435   2025-07-10 12:00:00   GOLD 3,322.30 3,330.28 3,319.89 3,328.72    6.43        0.19  46,587.00
436   2025-07-10 16:00:00   GOLD 3,328.74 3,330.36 3,317.94 3,323.82   -4.91       -0.15  52,295.00
437   2025-07-10 20:00:00   GOLD 3,323.89 3,329.61 3,310.18 3,315.17   -8.64       -0.26 102,387.00
438   2025-07-11 00:00:00   GOLD 3,315.11 3,326.07 3,314.72 3,324.01    8.84        0.27  35,899.00
439   2025-07-11 04:00:00   GOLD 3,325.94 3,336.19 3,321.91 3,330.61    6.60        0.20  28,492.00
440   2025-07-11 08:00:00   GOLD 3,330.45 3,336.12 3,325.17 3,332.08    1.47        0.04  57,153.00
441   2025-07-11 12:00:00   GOLD 3,332.05 3,344.13 3,331.24 3,333.17    1.09        0.03 109,853.00
442   2025-07-11 16:00:00   GOLD 3,333.19 3,357.20 3,332.83 3,355.17   22.00        0.66 113,719.00
443   2025-07-11 20:00:00   GOLD 3,355.16 3,368.86 3,350.14 3,353.80   -1.37       -0.04 188,123.00
444   2025-07-12 00:00:00   GOLD 3,353.75 3,359.82 3,349.26 3,355.66    1.86        0.06  77,351.00
445   2025-07-14 04:00:00   GOLD 3,362.38 3,374.26 3,359.91 3,367.52   11.86        0.35  42,590.00
446   2025-07-14 08:00:00   GOLD 3,367.51 3,370.24 3,353.87 3,359.84   -7.68       -0.23  83,652.00
447   2025-07-14 12:00:00   GOLD 3,359.62 3,375.09 3,353.68 3,366.07    6.24        0.19  71,032.00
448   2025-07-14 16:00:00   GOLD 3,366.18 3,374.69 3,349.39 3,350.12  -15.95       -0.47  62,963.00
449   2025-07-14 20:00:00   GOLD 3,350.10 3,359.06 3,341.09 3,347.83   -2.29       -0.07 114,621.00
450   2025-07-15 00:00:00   GOLD 3,347.89 3,351.77 3,341.39 3,343.76   -4.07       -0.12  33,531.00
451   2025-07-15 04:00:00   GOLD 3,343.09 3,349.51 3,341.55 3,347.62    3.86        0.12  11,750.00
452   2025-07-15 08:00:00   GOLD 3,347.64 3,361.44 3,345.80 3,360.26   12.64        0.38  39,941.00
453   2025-07-15 12:00:00   GOLD 3,360.28 3,365.72 3,356.60 3,361.05    0.78        0.02  46,029.00
454   2025-07-15 16:00:00   GOLD 3,361.07 3,366.43 3,346.61 3,348.91  -12.13       -0.36  63,373.00
455   2025-07-15 20:00:00   GOLD 3,348.95 3,352.58 3,320.30 3,329.32  -19.59       -0.59 145,816.00
456   2025-07-16 00:00:00   GOLD 3,329.39 3,331.99 3,324.93 3,325.01   -4.32       -0.13  39,132.00
457   2025-07-16 04:00:00   GOLD 3,326.32 3,332.73 3,325.64 3,330.54    5.53        0.17  13,317.00
458   2025-07-16 08:00:00   GOLD 3,330.55 3,338.70 3,325.21 3,338.30    7.76        0.23  43,343.00
459   2025-07-16 12:00:00   GOLD 3,338.30 3,342.78 3,335.57 3,342.08    3.78        0.11  33,593.00
460   2025-07-16 16:00:00   GOLD 3,342.07 3,343.08 3,331.01 3,334.61   -7.47       -0.22  56,062.00
461   2025-07-16 20:00:00   GOLD 3,334.70 3,377.66 3,319.70 3,349.17   14.56        0.44 272,835.00
462   2025-07-17 00:00:00   GOLD 3,349.16 3,357.53 3,346.07 3,347.60   -1.57       -0.05  81,915.00
463   2025-07-17 04:00:00   GOLD 3,350.96 3,352.28 3,339.78 3,340.89   -6.70       -0.20  19,310.00
464   2025-07-17 08:00:00   GOLD 3,340.85 3,344.86 3,336.38 3,342.80    1.90        0.06  50,249.00
465   2025-07-17 12:00:00   GOLD 3,342.76 3,342.99 3,325.16 3,328.81  -13.99       -0.42  68,878.00
466   2025-07-17 16:00:00   GOLD 3,328.80 3,332.48 3,309.79 3,313.15  -15.66       -0.47  80,701.00
467   2025-07-17 20:00:00   GOLD 3,313.20 3,340.07 3,311.16 3,338.86   25.71        0.78 122,341.00
468   2025-07-18 00:00:00   GOLD 3,338.88 3,341.17 3,335.78 3,339.06    0.20        0.01  43,922.00
469   2025-07-18 04:00:00   GOLD 3,341.45 3,344.11 3,337.97 3,339.97    0.91        0.03  17,849.00
470   2025-07-18 08:00:00   GOLD 3,339.99 3,344.32 3,333.87 3,337.18   -2.78       -0.08  46,205.00
471   2025-07-18 12:00:00   GOLD 3,337.17 3,350.43 3,331.89 3,347.64   10.45        0.31  47,412.00
472   2025-07-18 16:00:00   GOLD 3,347.70 3,361.33 3,347.52 3,360.01   12.37        0.37  57,479.00
473   2025-07-18 20:00:00   GOLD 3,360.01 3,360.34 3,351.24 3,353.70   -6.30       -0.19 106,258.00
474   2025-07-19 00:00:00   GOLD 3,353.72 3,353.86 3,347.69 3,350.09   -3.61       -0.11  40,063.00
475   2025-07-21 04:00:00   GOLD 3,348.84 3,354.59 3,344.91 3,352.31    2.22        0.07  18,144.00
476   2025-07-21 08:00:00   GOLD 3,352.30 3,358.80 3,350.70 3,357.88    5.57        0.17  38,272.00
477   2025-07-21 12:00:00   GOLD 3,357.86 3,370.82 3,357.74 3,366.07    8.19        0.24  68,073.00
478   2025-07-21 16:00:00   GOLD 3,366.10 3,388.72 3,362.84 3,387.32   21.26        0.63  63,468.00
479   2025-07-21 20:00:00   GOLD 3,387.34 3,401.64 3,383.66 3,395.66    8.34        0.25 175,650.00
480   2025-07-22 00:00:00   GOLD 3,395.68 3,399.89 3,391.38 3,397.06    1.40        0.04  74,037.00
481   2025-07-22 04:00:00   GOLD 3,399.30 3,402.86 3,390.59 3,394.61   -2.45       -0.07  25,748.00
482   2025-07-22 08:00:00   GOLD 3,394.61 3,396.02 3,385.18 3,391.13   -3.48       -0.10  47,408.00
483   2025-07-22 12:00:00   GOLD 3,391.15 3,391.96 3,383.42 3,389.05   -2.09       -0.06  51,833.00
484   2025-07-22 16:00:00   GOLD 3,389.06 3,407.93 3,384.72 3,407.54   18.49        0.55  62,743.00
485   2025-07-22 20:00:00   GOLD 3,407.55 3,433.09 3,405.09 3,432.30   24.76        0.73 171,120.00
486   2025-07-23 00:00:00   GOLD 3,432.33 3,433.51 3,426.49 3,431.56   -0.74       -0.02  80,802.00
487   2025-07-23 04:00:00   GOLD 3,430.92 3,439.03 3,426.26 3,428.90   -2.66       -0.08  31,284.00
488   2025-07-23 08:00:00   GOLD 3,428.88 3,430.72 3,419.21 3,423.74   -5.16       -0.15  67,005.00
489   2025-07-23 12:00:00   GOLD 3,423.72 3,429.77 3,416.45 3,428.55    4.82        0.14  77,350.00
490   2025-07-23 16:00:00   GOLD 3,428.57 3,433.88 3,419.93 3,420.01   -8.54       -0.25  76,793.00
491   2025-07-23 20:00:00   GOLD 3,420.01 3,420.65 3,381.42 3,387.47  -32.55       -0.95 174,129.00
492   2025-07-24 00:00:00   GOLD 3,387.47 3,396.16 3,385.76 3,387.45   -0.02       -0.00  94,365.00
493   2025-07-24 04:00:00   GOLD 3,390.86 3,393.37 3,386.66 3,391.59    4.14        0.12  18,655.00
494   2025-07-24 08:00:00   GOLD 3,391.62 3,393.48 3,374.76 3,382.68   -8.91       -0.26  87,123.00
495   2025-07-24 12:00:00   GOLD 3,382.69 3,382.99 3,365.93 3,369.80  -12.89       -0.38  82,265.00
496   2025-07-24 16:00:00   GOLD 3,369.72 3,370.18 3,352.72 3,353.48  -16.32       -0.48  73,525.00
497   2025-07-24 20:00:00   GOLD 3,353.51 3,377.47 3,351.47 3,367.01   13.53        0.40 133,765.00
498   2025-07-25 00:00:00   GOLD 3,367.00 3,373.47 3,366.36 3,368.71    1.70        0.05  50,980.00
499   2025-07-25 04:00:00   GOLD 3,369.45 3,373.49 3,365.20 3,372.26    3.55        0.11  15,273.00
500   2025-07-25 08:00:00   GOLD 3,372.28 3,372.84 3,357.93 3,360.96  -11.30       -0.33  35,805.00
501   2025-07-25 12:00:00   GOLD 3,360.95 3,362.43 3,344.54 3,345.55  -15.41       -0.46  42,752.00
502   2025-07-25 16:00:00   GOLD 3,345.54 3,348.99 3,336.34 3,340.89   -4.67       -0.14  46,827.00
503   2025-07-25 20:00:00   GOLD 3,340.88 3,347.64 3,325.11 3,329.94  -10.95       -0.33 133,253.00
504   2025-07-26 00:00:00   GOLD 3,329.93 3,340.34 3,329.67 3,337.07    7.13        0.21  53,098.00
505   2025-07-28 04:00:00   GOLD 3,329.47 3,337.47 3,324.02 3,333.42   -3.65       -0.11  30,321.00
506   2025-07-28 08:00:00   GOLD 3,333.45 3,344.18 3,329.98 3,339.72    6.30        0.19  40,433.00
507   2025-07-28 12:00:00   GOLD 3,339.67 3,345.52 3,332.41 3,336.14   -3.58       -0.11  47,060.00
508   2025-07-28 16:00:00   GOLD 3,336.16 3,340.85 3,325.67 3,328.46   -7.68       -0.23  53,700.00
509   2025-07-28 20:00:00   GOLD 3,328.48 3,330.72 3,301.76 3,312.26  -16.20       -0.49 127,734.00
510   2025-07-29 00:00:00   GOLD 3,312.30 3,318.96 3,308.84 3,314.45    2.18        0.07  57,139.00
511   2025-07-29 04:00:00   GOLD 3,313.84 3,315.93 3,308.16 3,311.70   -2.74       -0.08  20,588.00
512   2025-07-29 08:00:00   GOLD 3,311.65 3,320.97 3,308.53 3,316.53    4.83        0.15  40,616.00
513   2025-07-29 12:00:00   GOLD 3,316.54 3,330.10 3,311.34 3,326.43    9.90        0.30  60,336.00
514   2025-07-29 16:00:00   GOLD 3,326.38 3,328.32 3,315.00 3,323.35   -3.09       -0.09  61,034.00
515   2025-07-29 20:00:00   GOLD 3,323.37 3,334.27 3,311.99 3,323.28   -0.07       -0.00 113,948.00
516   2025-07-30 00:00:00   GOLD 3,323.26 3,330.89 3,322.67 3,326.67    3.39        0.10  41,391.00
517   2025-07-30 04:00:00   GOLD 3,327.68 3,333.76 3,325.97 3,330.30    3.63        0.11  12,692.00
518   2025-07-30 08:00:00   GOLD 3,330.20 3,333.36 3,321.80 3,327.19   -3.11       -0.09  40,515.00
519   2025-07-30 12:00:00   GOLD 3,327.20 3,333.49 3,323.15 3,332.28    5.09        0.15  46,812.00
520   2025-07-30 16:00:00   GOLD 3,332.24 3,334.09 3,310.82 3,313.38  -18.90       -0.57  71,352.00
521   2025-07-30 20:00:00   GOLD 3,313.38 3,316.28 3,288.61 3,298.18  -15.20       -0.46 127,067.00
522   2025-07-31 00:00:00   GOLD 3,298.20 3,305.19 3,268.12 3,275.29  -22.89       -0.69 123,200.00
523   2025-07-31 04:00:00   GOLD 3,277.29 3,288.49 3,276.28 3,286.47   11.18        0.34  20,405.00
524   2025-07-31 08:00:00   GOLD 3,286.48 3,298.76 3,285.04 3,298.15   11.68        0.36  42,508.00
525   2025-07-31 12:00:00   GOLD 3,298.13 3,314.99 3,294.83 3,309.91   11.76        0.36  48,414.00
526   2025-07-31 16:00:00   GOLD 3,309.92 3,313.13 3,293.78 3,307.68   -2.23       -0.07  73,334.00
527   2025-07-31 20:00:00   GOLD 3,307.69 3,310.45 3,289.70 3,295.14  -12.55       -0.38 137,211.00
528   2025-08-01 00:00:00   GOLD 3,295.08 3,298.49 3,289.91 3,290.12   -5.02       -0.15  65,035.00
529   2025-08-01 04:00:00   GOLD 3,291.68 3,295.33 3,286.61 3,290.26    0.14        0.00  12,481.00
530   2025-08-01 08:00:00   GOLD 3,290.21 3,297.19 3,281.74 3,292.19    1.93        0.06  32,803.00
531   2025-08-01 12:00:00   GOLD 3,292.20 3,300.54 3,285.26 3,294.36    2.17        0.07  37,557.00
532   2025-08-01 16:00:00   GOLD 3,294.38 3,345.28 3,292.82 3,341.26   46.90        1.42  78,307.00
533   2025-08-01 20:00:00   GOLD 3,341.28 3,355.18 3,338.89 3,347.40    6.14        0.18 160,965.00
534   2025-08-02 00:00:00   GOLD 3,347.31 3,363.60 3,345.72 3,362.89   15.49        0.46  68,674.00
535   2025-08-04 04:00:00   GOLD 3,364.80 3,364.82 3,350.20 3,352.26  -10.63       -0.32  19,193.00
536   2025-08-04 08:00:00   GOLD 3,352.20 3,362.25 3,345.01 3,359.00    6.74        0.20  28,166.00
537   2025-08-04 12:00:00   GOLD 3,359.01 3,362.70 3,351.78 3,358.61   -0.39       -0.01  40,160.00
538   2025-08-04 16:00:00   GOLD 3,358.62 3,371.59 3,352.89 3,367.82    9.21        0.27  56,686.00
539   2025-08-04 20:00:00   GOLD 3,367.81 3,385.53 3,367.07 3,370.97    3.15        0.09 100,929.00
540   2025-08-05 00:00:00   GOLD 3,370.97 3,377.20 3,370.70 3,373.64    2.67        0.08  37,056.00
541   2025-08-05 04:00:00   GOLD 3,376.20 3,381.46 3,373.76 3,379.88    6.24        0.18  10,851.00
542   2025-08-05 08:00:00   GOLD 3,379.90 3,382.37 3,371.03 3,371.27   -8.61       -0.25  22,582.00
543   2025-08-05 12:00:00   GOLD 3,371.21 3,375.51 3,365.79 3,366.13   -5.14       -0.15  44,701.00
544   2025-08-05 16:00:00   GOLD 3,366.12 3,367.01 3,349.89 3,366.22    0.09        0.00  56,925.00
545   2025-08-05 20:00:00   GOLD 3,366.22 3,390.60 3,365.95 3,382.11   15.89        0.47 100,484.00
546   2025-08-06 00:00:00   GOLD 3,382.14 3,382.91 3,378.26 3,380.96   -1.15       -0.03  35,793.00
547   2025-08-06 04:00:00   GOLD 3,381.47 3,385.36 3,378.24 3,383.51    2.55        0.08  11,952.00
548   2025-08-06 08:00:00   GOLD 3,383.50 3,383.72 3,372.32 3,372.56  -10.95       -0.32  25,287.00
549   2025-08-06 12:00:00   GOLD 3,372.50 3,378.84 3,364.70 3,365.20   -7.36       -0.22  37,303.00
550   2025-08-06 16:00:00   GOLD 3,365.17 3,369.35 3,358.26 3,367.61    2.41        0.07  48,848.00
551   2025-08-06 20:00:00   GOLD 3,367.60 3,380.09 3,365.22 3,376.18    8.56        0.25  95,736.00
552   2025-08-07 00:00:00   GOLD 3,376.18 3,377.74 3,367.26 3,369.27   -6.91       -0.20  64,321.00
553   2025-08-07 04:00:00   GOLD 3,372.44 3,374.84 3,365.30 3,372.39    3.12        0.09  41,055.00
554   2025-08-07 08:00:00   GOLD 3,372.38 3,384.30 3,370.22 3,377.74    5.35        0.16  68,310.00
555   2025-08-07 12:00:00   GOLD 3,377.73 3,397.58 3,371.64 3,378.51    0.77        0.02 153,516.00
556   2025-08-07 16:00:00   GOLD 3,378.49 3,389.98 3,371.87 3,380.74    2.22        0.07 127,166.00
557   2025-08-07 20:00:00   GOLD 3,380.74 3,393.97 3,374.77 3,388.90    8.16        0.24 163,354.00
558   2025-08-08 00:00:00   GOLD 3,388.86 3,401.89 3,384.38 3,396.48    7.58        0.22 102,924.00
559   2025-08-08 04:00:00   GOLD 3,400.36 3,409.43 3,387.16 3,388.80   -7.68       -0.23 107,388.00
560   2025-08-08 08:00:00   GOLD 3,389.42 3,399.59 3,381.22 3,394.47    5.67        0.17 223,856.00
561   2025-08-08 12:00:00   GOLD 3,394.50 3,404.28 3,388.80 3,394.45   -0.02       -0.00 244,435.00
562   2025-08-08 16:00:00   GOLD 3,394.45 3,402.57 3,380.45 3,391.61   -2.84       -0.08 335,783.00
563   2025-08-08 20:00:00   GOLD 3,391.57 3,401.82 3,381.32 3,397.57    5.96        0.18 233,833.00
564   2025-08-09 00:00:00   GOLD 3,397.47 3,403.96 3,376.57 3,397.76    0.19        0.01 169,189.00
565   2025-08-11 04:00:00   GOLD 3,399.75 3,401.39 3,378.89 3,381.74  -16.03       -0.47  45,181.00
566   2025-08-11 08:00:00   GOLD 3,381.74 3,383.97 3,367.55 3,375.97   -5.76       -0.17  92,312.00
567   2025-08-11 12:00:00   GOLD 3,375.91 3,380.20 3,357.02 3,362.01  -13.96       -0.41 108,271.00
568   2025-08-11 16:00:00   GOLD 3,361.98 3,364.11 3,344.42 3,356.91   -5.10       -0.15 126,761.00
569   2025-08-11 20:00:00   GOLD 3,356.86 3,363.01 3,341.46 3,344.21  -12.70       -0.38 129,217.00
570   2025-08-12 00:00:00   GOLD 3,344.20 3,358.88 3,341.16 3,342.66   -1.55       -0.05  86,648.00
571   2025-08-12 04:00:00   GOLD 3,344.04 3,355.77 3,342.49 3,354.59   11.93        0.36  20,701.00
572   2025-08-12 08:00:00   GOLD 3,354.59 3,357.51 3,346.22 3,354.47   -0.12       -0.00  44,346.00
573   2025-08-12 12:00:00   GOLD 3,354.46 3,358.25 3,342.31 3,347.96   -6.51       -0.19  61,546.00
574   2025-08-12 16:00:00   GOLD 3,347.97 3,358.20 3,336.22 3,349.95    1.99        0.06  78,259.00
575   2025-08-12 20:00:00   GOLD 3,349.88 3,359.34 3,331.17 3,349.53   -0.42       -0.01 156,777.00
576   2025-08-13 00:00:00   GOLD 3,349.53 3,350.93 3,345.59 3,348.34   -1.18       -0.04  50,280.00
577   2025-08-13 04:00:00   GOLD 3,350.16 3,353.88 3,342.64 3,343.62   -4.72       -0.14  17,544.00
578   2025-08-13 08:00:00   GOLD 3,343.64 3,354.51 3,342.70 3,351.82    8.20        0.25  41,107.00
579   2025-08-13 12:00:00   GOLD 3,351.80 3,363.61 3,345.57 3,360.38    8.56        0.26  61,321.00
580   2025-08-13 16:00:00   GOLD 3,360.43 3,367.09 3,355.55 3,358.12   -2.26       -0.07  70,435.00
581   2025-08-13 20:00:00   GOLD 3,358.09 3,370.82 3,354.16 3,357.91   -0.21       -0.01  94,661.00
582   2025-08-14 00:00:00   GOLD 3,357.91 3,359.44 3,350.01 3,355.70   -2.22       -0.07  33,890.00
583   2025-08-14 04:00:00   GOLD 3,357.46 3,374.80 3,356.71 3,369.61   13.91        0.41  19,577.00
584   2025-08-14 08:00:00   GOLD 3,369.59 3,370.93 3,355.59 3,360.50   -9.11       -0.27  50,264.00
585   2025-08-14 12:00:00   GOLD 3,360.51 3,366.65 3,341.45 3,346.23  -14.27       -0.42  68,927.00
586   2025-08-14 16:00:00   GOLD 3,346.22 3,359.22 3,342.12 3,350.64    4.41        0.13  69,686.00
587   2025-08-14 20:00:00   GOLD 3,350.55 3,356.18 3,329.85 3,334.44  -16.20       -0.48 118,670.00
588   2025-08-15 00:00:00   GOLD 3,334.45 3,341.08 3,331.91 3,335.59    1.14        0.03  37,820.00
589   2025-08-15 04:00:00   GOLD 3,336.80 3,338.72 3,332.34 3,337.09    1.50        0.04  13,912.00
590   2025-08-15 08:00:00   GOLD 3,337.11 3,346.76 3,333.41 3,345.51    8.43        0.25  29,389.00
591   2025-08-15 12:00:00   GOLD 3,345.52 3,348.91 3,338.43 3,341.47   -4.05       -0.12  36,335.00
592   2025-08-15 16:00:00   GOLD 3,341.45 3,345.13 3,333.60 3,342.74    1.27        0.04  52,751.00
593   2025-08-15 20:00:00   GOLD 3,342.78 3,346.10 3,333.06 3,338.22   -4.51       -0.14  69,695.00
594   2025-08-16 00:00:00   GOLD 3,338.24 3,339.68 3,334.49 3,335.70   -2.53       -0.08  25,898.00
595   2025-08-18 04:00:00   GOLD 3,335.23 3,342.92 3,323.68 3,340.57    4.88        0.15  23,147.00
596   2025-08-18 08:00:00   GOLD 3,340.57 3,358.28 3,339.68 3,357.63   17.06        0.51  43,409.00
597   2025-08-18 12:00:00   GOLD 3,357.64 3,358.49 3,344.64 3,348.72   -8.91       -0.27  53,489.00
598   2025-08-18 16:00:00   GOLD 3,348.69 3,351.78 3,343.12 3,344.84   -3.88       -0.12  48,000.00
599   2025-08-18 20:00:00   GOLD 3,344.82 3,345.03 3,331.78 3,334.33  -10.51       -0.31  82,305.00
600   2025-08-19 00:00:00   GOLD 3,334.34 3,335.00 3,330.36 3,332.89   -1.43       -0.04  24,790.00
601   2025-08-19 04:00:00   GOLD 3,333.70 3,339.36 3,326.28 3,335.24    2.34        0.07  16,605.00
602   2025-08-19 08:00:00   GOLD 3,335.30 3,341.70 3,329.52 3,337.77    2.53        0.08  36,487.00
603   2025-08-19 12:00:00   GOLD 3,337.70 3,341.89 3,334.59 3,338.01    0.24        0.01  30,954.00
604   2025-08-19 16:00:00   GOLD 3,338.01 3,345.47 3,334.34 3,334.76   -3.24       -0.10  28,942.00
605   2025-08-19 20:00:00   GOLD 3,334.74 3,339.55 3,317.10 3,317.57  -17.19       -0.52  66,932.00
606   2025-08-20 00:00:00   GOLD 3,317.55 3,320.34 3,315.01 3,315.70   -1.88       -0.06  28,108.00
607   2025-08-20 04:00:00   GOLD 3,316.49 3,317.72 3,312.82 3,316.16    0.46        0.01  14,425.00
608   2025-08-20 08:00:00   GOLD 3,316.16 3,320.97 3,311.56 3,318.70    2.54        0.08  36,836.00
609   2025-08-20 12:00:00   GOLD 3,318.72 3,327.61 3,318.29 3,325.13    6.43        0.19  39,822.00
610   2025-08-20 16:00:00   GOLD 3,325.11 3,344.89 3,323.67 3,342.93   17.80        0.54  53,725.00
611   2025-08-20 20:00:00   GOLD 3,342.93 3,350.28 3,338.91 3,345.28    2.36        0.07  67,052.00
612   2025-08-21 00:00:00   GOLD 3,345.30 3,349.42 3,344.09 3,348.49    3.20        0.10  34,900.00
613   2025-08-21 04:00:00   GOLD 3,351.20 3,352.30 3,341.59 3,342.29   -6.20       -0.19  10,985.00
614   2025-08-21 08:00:00   GOLD 3,342.30 3,346.60 3,338.03 3,338.39   -3.90       -0.12  25,062.00
615   2025-08-21 12:00:00   GOLD 3,338.39 3,341.61 3,334.28 3,339.61    1.23        0.04  32,155.00
616   2025-08-21 16:00:00   GOLD 3,339.62 3,345.14 3,325.28 3,341.92    2.31        0.07  56,027.00
617   2025-08-21 20:00:00   GOLD 3,341.95 3,348.24 3,336.09 3,339.80   -2.12       -0.06  94,985.00
618   2025-08-22 00:00:00   GOLD 3,339.82 3,342.18 3,336.66 3,338.71   -1.09       -0.03  27,978.00
619   2025-08-22 04:00:00   GOLD 3,340.14 3,340.78 3,335.18 3,339.66    0.95        0.03   9,096.00
620   2025-08-22 08:00:00   GOLD 3,339.66 3,340.34 3,328.07 3,328.51  -11.15       -0.33  27,092.00
621   2025-08-22 12:00:00   GOLD 3,328.49 3,335.15 3,325.38 3,328.88    0.36        0.01  43,711.00
622   2025-08-22 16:00:00   GOLD 3,328.87 3,331.88 3,321.45 3,323.59   -5.28       -0.16  48,112.00
623   2025-08-22 20:00:00   GOLD 3,323.60 3,378.84 3,323.28 3,370.47   46.88        1.41 140,378.00
624   2025-08-23 00:00:00   GOLD 3,370.49 3,375.55 3,368.84 3,371.23    0.76        0.02  35,864.00
625   2025-08-25 04:00:00   GOLD 3,368.72 3,371.14 3,363.43 3,364.89   -6.34       -0.19  12,553.00
626   2025-08-25 08:00:00   GOLD 3,365.01 3,368.24 3,359.78 3,366.21    1.32        0.04  23,994.00
627   2025-08-25 12:00:00   GOLD 3,366.20 3,369.97 3,363.16 3,364.06   -2.15       -0.06  19,377.00
628   2025-08-25 16:00:00   GOLD 3,364.03 3,371.68 3,361.99 3,364.53    0.47        0.01  22,756.00
629   2025-08-25 20:00:00   GOLD 3,364.55 3,376.38 3,362.14 3,373.97    9.45        0.28  50,078.00
630   2025-08-26 00:00:00   GOLD 3,374.01 3,374.95 3,364.34 3,365.72   -8.26       -0.24  23,615.00
631   2025-08-26 04:00:00   GOLD 3,366.61 3,386.68 3,351.33 3,383.18   17.46        0.52  49,686.00
632   2025-08-26 08:00:00   GOLD 3,383.14 3,384.95 3,369.74 3,377.57   -5.61       -0.17  52,634.00
633   2025-08-26 12:00:00   GOLD 3,377.59 3,379.98 3,367.19 3,376.83   -0.74       -0.02  55,931.00
634   2025-08-26 16:00:00   GOLD 3,376.82 3,380.51 3,367.09 3,372.13   -4.70       -0.14  65,188.00
635   2025-08-26 20:00:00   GOLD 3,372.13 3,389.41 3,370.31 3,383.07   10.94        0.32  93,327.00
636   2025-08-27 00:00:00   GOLD 3,383.10 3,393.74 3,380.36 3,393.74   10.67        0.32  39,854.00
637   2025-08-27 04:00:00   GOLD 3,390.75 3,393.55 3,388.88 3,389.59   -4.16       -0.12  15,293.00
638   2025-08-27 08:00:00   GOLD 3,389.59 3,390.04 3,373.92 3,374.99  -14.60       -0.43  42,520.00
639   2025-08-27 12:00:00   GOLD 3,375.06 3,385.07 3,373.78 3,384.66    9.68        0.29  47,647.00
640   2025-08-27 16:00:00   GOLD 3,384.68 3,385.58 3,373.75 3,381.20   -3.47       -0.10  59,113.00
641   2025-08-27 20:00:00   GOLD 3,381.26 3,398.79 3,375.63 3,395.55   14.36        0.42  89,631.00
642   2025-08-28 00:00:00   GOLD 3,395.52 3,398.32 3,392.38 3,397.72    2.17        0.06  44,396.00
643   2025-08-28 04:00:00   GOLD 3,398.41 3,399.36 3,391.19 3,391.98   -5.74       -0.17  16,001.00
644   2025-08-28 08:00:00   GOLD 3,391.99 3,392.87 3,384.62 3,390.39   -1.59       -0.05  50,144.00
645   2025-08-28 12:00:00   GOLD 3,390.39 3,401.12 3,387.68 3,400.78   10.39        0.31  51,392.00
646   2025-08-28 16:00:00   GOLD 3,400.79 3,408.78 3,393.95 3,397.27   -3.51       -0.10  81,079.00
647   2025-08-28 20:00:00   GOLD 3,397.28 3,417.82 3,394.28 3,415.59   18.32        0.54 118,607.00
648   2025-08-29 00:00:00   GOLD 3,415.59 3,423.18 3,414.59 3,417.06    1.47        0.04  66,717.00
649   2025-08-29 04:00:00   GOLD 3,417.03 3,417.95 3,413.09 3,413.47   -3.59       -0.10  15,393.00
650   2025-08-29 08:00:00   GOLD 3,413.50 3,414.12 3,407.51 3,408.91   -4.56       -0.13  50,214.00
651   2025-08-29 12:00:00   GOLD 3,408.97 3,414.92 3,406.57 3,410.45    1.53        0.05  56,233.00
652   2025-08-29 16:00:00   GOLD 3,410.45 3,416.91 3,404.32 3,416.53    6.08        0.18  84,502.00
653   2025-08-29 20:00:00   GOLD 3,416.51 3,449.51 3,413.58 3,449.36   32.83        0.96 177,071.00
654   2025-08-30 00:00:00   GOLD 3,449.28 3,453.97 3,441.05 3,447.43   -1.92       -0.06 102,922.00
655   2025-09-01 04:00:00   GOLD 3,445.43 3,453.13 3,442.39 3,444.09   -3.34       -0.10  27,511.00
656   2025-09-01 08:00:00   GOLD 3,444.10 3,486.26 3,437.03 3,475.30   31.21        0.91 130,357.00
657   2025-09-01 12:00:00   GOLD 3,475.27 3,489.84 3,467.59 3,476.97    1.66        0.05 105,634.00
658   2025-09-01 16:00:00   GOLD 3,476.95 3,477.14 3,466.39 3,469.51   -7.45       -0.21  64,017.00
659   2025-09-01 20:00:00   GOLD 3,469.58 3,481.53 3,468.93 3,477.41    7.89        0.23  52,959.00
660   2025-09-02 00:00:00   GOLD 3,477.41 3,479.07 3,476.20 3,476.36   -1.05       -0.03  10,387.00
661   2025-09-02 04:00:00   GOLD 3,475.91 3,485.07 3,474.57 3,479.23    2.87        0.08  34,193.00
662   2025-09-02 08:00:00   GOLD 3,479.21 3,508.79 3,477.06 3,496.83   17.60        0.51 117,797.00
663   2025-09-02 12:00:00   GOLD 3,496.74 3,497.99 3,470.05 3,477.63  -19.20       -0.55 116,997.00
664   2025-09-02 16:00:00   GOLD 3,477.64 3,494.30 3,474.42 3,482.11    4.47        0.13 135,069.00
665   2025-09-02 20:00:00   GOLD 3,482.10 3,528.86 3,478.35 3,527.89   45.78        1.31 214,298.00
666   2025-09-03 00:00:00   GOLD 3,527.90 3,540.06 3,522.01 3,533.55    5.66        0.16  88,716.00
667   2025-09-03 04:00:00   GOLD 3,532.72 3,547.33 3,526.54 3,536.11    2.57        0.07  43,042.00
668   2025-09-03 08:00:00   GOLD 3,536.05 3,546.14 3,529.38 3,536.99    0.87        0.02  95,460.00
669   2025-09-03 12:00:00   GOLD 3,537.00 3,541.51 3,526.77 3,540.09    3.10        0.09  86,125.00
670   2025-09-03 16:00:00   GOLD 3,540.08 3,551.64 3,532.37 3,550.63   10.55        0.30 105,326.00
671   2025-09-03 20:00:00   GOLD 3,550.62 3,572.67 3,549.34 3,572.46   21.83        0.61 177,261.00
672   2025-09-04 00:00:00   GOLD 3,572.49 3,578.66 3,558.94 3,559.26  -13.20       -0.37 101,253.00
673   2025-09-04 04:00:00   GOLD 3,560.26 3,564.16 3,551.89 3,561.57    2.31        0.06  40,222.00
674   2025-09-04 08:00:00   GOLD 3,561.59 3,563.47 3,511.76 3,533.26  -28.32       -0.80 106,304.00
675   2025-09-04 12:00:00   GOLD 3,533.28 3,545.63 3,524.50 3,541.43    8.17        0.23  85,982.00
676   2025-09-04 16:00:00   GOLD 3,541.43 3,553.32 3,536.57 3,548.44    7.01        0.20  88,945.00
677   2025-09-04 20:00:00   GOLD 3,548.34 3,558.93 3,535.14 3,552.62    4.18        0.12 168,505.00
678   2025-09-05 00:00:00   GOLD 3,552.61 3,555.54 3,542.60 3,545.87   -6.76       -0.19  58,999.00
679   2025-09-05 04:00:00   GOLD 3,545.40 3,556.76 3,540.01 3,552.26    6.39        0.18  37,196.00
680   2025-09-05 08:00:00   GOLD 3,552.27 3,559.32 3,545.95 3,558.52    6.26        0.18  80,920.00
681   2025-09-05 12:00:00   GOLD 3,558.55 3,561.28 3,544.86 3,546.03  -12.49       -0.35  90,761.00
682   2025-09-05 16:00:00   GOLD 3,546.05 3,587.04 3,545.95 3,580.55   34.52        0.97 134,072.00
683   2025-09-05 20:00:00   GOLD 3,580.57 3,600.20 3,573.24 3,595.18   14.62        0.41 255,353.00
684   2025-09-06 00:00:00   GOLD 3,595.19 3,597.59 3,586.19 3,586.55   -8.63       -0.24 119,475.00
685   2025-09-08 04:00:00   GOLD 3,591.61 3,597.09 3,586.95 3,594.41    7.86        0.22  63,575.00
686   2025-09-08 08:00:00   GOLD 3,594.33 3,597.20 3,579.72 3,581.63  -12.78       -0.36 113,958.00
687   2025-09-08 12:00:00   GOLD 3,581.68 3,617.30 3,581.21 3,611.28   29.65        0.83  98,210.00
688   2025-09-08 16:00:00   GOLD 3,611.30 3,626.09 3,608.70 3,624.24   12.96        0.36  78,624.00
689   2025-09-08 20:00:00   GOLD 3,624.21 3,646.55 3,620.22 3,640.76   16.52        0.46 179,913.00
690   2025-09-09 00:00:00   GOLD 3,640.74 3,641.25 3,631.93 3,635.85   -4.91       -0.13  71,243.00
691   2025-09-09 04:00:00   GOLD 3,636.15 3,641.01 3,628.48 3,638.61    2.76        0.08  28,824.00
692   2025-09-09 08:00:00   GOLD 3,638.61 3,657.30 3,636.16 3,654.99   16.38        0.45  93,338.00
693   2025-09-09 12:00:00   GOLD 3,654.99 3,659.43 3,636.62 3,648.10   -6.89       -0.19 111,767.00
694   2025-09-09 16:00:00   GOLD 3,648.12 3,656.80 3,643.78 3,647.61   -0.49       -0.01  90,876.00
695   2025-09-09 20:00:00   GOLD 3,647.61 3,674.70 3,626.91 3,645.07   -2.55       -0.07 247,782.00
696   2025-09-10 00:00:00   GOLD 3,645.15 3,646.50 3,626.03 3,626.32  -18.75       -0.51  81,295.00
697   2025-09-10 04:00:00   GOLD 3,627.45 3,640.68 3,621.50 3,624.11   -2.21       -0.06  37,289.00
698   2025-09-10 08:00:00   GOLD 3,624.13 3,643.39 3,620.14 3,643.03   18.93        0.52  76,660.00
699   2025-09-10 12:00:00   GOLD 3,643.02 3,648.61 3,639.96 3,646.07    3.03        0.08  63,583.00
700   2025-09-10 16:00:00   GOLD 3,645.99 3,657.61 3,640.34 3,644.09   -1.97       -0.05  94,651.00
701   2025-09-10 20:00:00   GOLD 3,644.11 3,655.57 3,638.65 3,642.82   -1.27       -0.03 152,551.00
702   2025-09-11 00:00:00   GOLD 3,642.83 3,649.69 3,635.34 3,640.59   -2.24       -0.06  68,680.00
703   2025-09-11 04:00:00   GOLD 3,644.47 3,647.26 3,637.96 3,643.97    3.38        0.09  21,149.00
704   2025-09-11 08:00:00   GOLD 3,643.93 3,649.34 3,629.77 3,630.70  -13.27       -0.36  49,663.00
705   2025-09-11 12:00:00   GOLD 3,630.68 3,637.92 3,622.75 3,626.22   -4.48       -0.12  81,805.00
706   2025-09-11 16:00:00   GOLD 3,626.24 3,644.09 3,612.84 3,628.85    2.63        0.07 116,638.00
707   2025-09-11 20:00:00   GOLD 3,629.09 3,642.11 3,618.48 3,636.22    7.37        0.20 164,733.00
708   2025-09-12 00:00:00   GOLD 3,636.24 3,637.67 3,630.53 3,634.12   -2.10       -0.06  51,157.00
709   2025-09-12 04:00:00   GOLD 3,635.90 3,638.53 3,630.62 3,636.50    2.38        0.07  19,679.00
710   2025-09-12 08:00:00   GOLD 3,636.53 3,656.36 3,636.49 3,654.99   18.49        0.51  64,121.00
711   2025-09-12 12:00:00   GOLD 3,654.96 3,656.70 3,639.74 3,641.04  -13.95       -0.38  64,138.00
712   2025-09-12 16:00:00   GOLD 3,641.05 3,652.26 3,637.63 3,645.55    4.51        0.12  95,382.00
713   2025-09-12 20:00:00   GOLD 3,645.58 3,654.49 3,641.79 3,649.30    3.75        0.10 126,782.00
714   2025-09-13 00:00:00   GOLD 3,649.33 3,650.86 3,641.36 3,643.09   -6.22       -0.17  40,971.00
715   2025-09-15 04:00:00   GOLD 3,644.57 3,645.83 3,632.03 3,633.47   -9.61       -0.26  22,719.00
716   2025-09-15 08:00:00   GOLD 3,633.37 3,646.95 3,626.46 3,645.86   12.39        0.34  77,651.00
717   2025-09-15 12:00:00   GOLD 3,645.74 3,646.39 3,633.68 3,645.58   -0.28       -0.01  76,470.00
718   2025-09-15 16:00:00   GOLD 3,645.59 3,650.98 3,635.66 3,650.51    4.93        0.14  91,954.00
719   2025-09-15 20:00:00   GOLD 3,650.55 3,685.70 3,647.01 3,679.26   28.75        0.79 148,914.00
720   2025-09-16 00:00:00   GOLD 3,679.31 3,682.79 3,675.97 3,678.79   -0.47       -0.01  73,045.00
721   2025-09-16 04:00:00   GOLD 3,680.14 3,687.03 3,676.16 3,686.45    7.66        0.21  24,274.00
722   2025-09-16 08:00:00   GOLD 3,686.49 3,689.51 3,674.70 3,684.32   -2.13       -0.06  54,133.00
723   2025-09-16 12:00:00   GOLD 3,684.32 3,697.41 3,680.28 3,694.43   10.11        0.27  61,354.00
724   2025-09-16 16:00:00   GOLD 3,694.46 3,699.62 3,686.47 3,689.39   -5.05       -0.14  85,649.00
725   2025-09-16 20:00:00   GOLD 3,689.36 3,703.24 3,678.89 3,689.88    0.49        0.01 192,880.00
726   2025-09-17 00:00:00   GOLD 3,689.89 3,693.94 3,686.36 3,689.86   -0.03       -0.00  58,671.00
727   2025-09-17 04:00:00   GOLD 3,691.34 3,695.52 3,689.93 3,691.18    1.32        0.04  15,317.00
728   2025-09-17 08:00:00   GOLD 3,691.22 3,692.02 3,674.15 3,680.78  -10.40       -0.28  70,846.00
729   2025-09-17 12:00:00   GOLD 3,680.80 3,686.07 3,662.64 3,664.98  -15.80       -0.43  69,563.00
730   2025-09-17 16:00:00   GOLD 3,664.97 3,679.52 3,660.02 3,678.84   13.86        0.38  89,218.00
731   2025-09-17 20:00:00   GOLD 3,678.89 3,688.59 3,672.85 3,684.81    5.97        0.16 112,997.00
732   2025-09-18 00:00:00   GOLD 3,684.82 3,707.55 3,646.12 3,659.97  -24.84       -0.67 261,788.00
733   2025-09-18 04:00:00   GOLD 3,659.62 3,672.12 3,654.82 3,665.34    5.37        0.15  31,140.00
734   2025-09-18 08:00:00   GOLD 3,665.36 3,668.91 3,651.70 3,653.60  -11.74       -0.32  83,631.00
735   2025-09-18 12:00:00   GOLD 3,653.61 3,665.97 3,634.05 3,665.59   11.99        0.33 104,209.00
736   2025-09-18 16:00:00   GOLD 3,665.59 3,673.20 3,663.02 3,663.30   -2.30       -0.06  84,912.00
737   2025-09-18 20:00:00   GOLD 3,663.30 3,664.42 3,627.96 3,646.29  -17.01       -0.46 198,353.00
738   2025-09-19 00:00:00   GOLD 3,646.28 3,647.24 3,640.49 3,644.18   -2.11       -0.06  67,507.00
739   2025-09-19 04:00:00   GOLD 3,642.92 3,643.20 3,636.14 3,640.10   -4.08       -0.11  17,750.00
740   2025-09-19 08:00:00   GOLD 3,640.11 3,660.07 3,632.38 3,658.88   18.78        0.52  80,995.00
741   2025-09-19 12:00:00   GOLD 3,658.89 3,661.36 3,643.40 3,655.64   -3.24       -0.09  61,478.00
742   2025-09-19 16:00:00   GOLD 3,655.80 3,659.29 3,644.49 3,649.45   -6.19       -0.17  69,130.00
743   2025-09-19 20:00:00   GOLD 3,649.42 3,676.01 3,643.78 3,668.34   18.90        0.52 175,529.00
744   2025-09-20 00:00:00   GOLD 3,668.28 3,685.74 3,668.11 3,684.97   16.63        0.45  85,418.00
745   2025-09-22 04:00:00   GOLD 3,687.77 3,692.29 3,683.55 3,691.04    6.07        0.16  28,565.00
746   2025-09-22 08:00:00   GOLD 3,690.99 3,697.59 3,685.46 3,692.22    1.18        0.03  75,329.00
747   2025-09-22 12:00:00   GOLD 3,692.29 3,722.58 3,691.92 3,720.31   28.09        0.76  81,244.00
748   2025-09-22 16:00:00   GOLD 3,720.30 3,728.49 3,712.25 3,721.64    1.33        0.04  86,700.00
749   2025-09-22 20:00:00   GOLD 3,721.67 3,739.63 3,713.75 3,737.09   15.45        0.42 172,584.00
750   2025-09-23 00:00:00   GOLD 3,737.09 3,748.86 3,737.09 3,746.36    9.27        0.25  60,364.00
751   2025-09-23 04:00:00   GOLD 3,747.12 3,750.68 3,738.12 3,747.26    0.91        0.02  25,147.00
752   2025-09-23 08:00:00   GOLD 3,747.25 3,759.42 3,736.66 3,744.87   -2.39       -0.06  76,209.00
753   2025-09-23 12:00:00   GOLD 3,744.66 3,775.28 3,743.39 3,774.49   29.62        0.79  81,125.00
754   2025-09-23 16:00:00   GOLD 3,774.48 3,791.26 3,774.20 3,784.49   10.01        0.27 107,770.00
755   2025-09-23 20:00:00   GOLD 3,784.48 3,788.81 3,765.03 3,779.35   -5.14       -0.14 179,729.00
756   2025-09-24 00:00:00   GOLD 3,779.39 3,785.84 3,752.07 3,764.20  -15.14       -0.40 100,320.00
757   2025-09-24 04:00:00   GOLD 3,765.31 3,770.07 3,759.09 3,765.22    1.01        0.03  20,039.00
758   2025-09-24 08:00:00   GOLD 3,765.28 3,771.95 3,750.51 3,768.34    3.12        0.08  62,900.00
759   2025-09-24 12:00:00   GOLD 3,768.34 3,779.34 3,767.14 3,770.13    1.79        0.05  43,601.00
760   2025-09-24 16:00:00   GOLD 3,770.05 3,771.78 3,759.68 3,768.18   -1.95       -0.05  64,123.00
761   2025-09-24 20:00:00   GOLD 3,768.16 3,772.97 3,732.37 3,735.76  -32.41       -0.86 134,140.00
762   2025-09-25 00:00:00   GOLD 3,735.82 3,738.97 3,717.52 3,736.16    0.40        0.01  63,538.00
763   2025-09-25 04:00:00   GOLD 3,739.61 3,751.53 3,739.03 3,749.03   12.87        0.34  24,694.00
764   2025-09-25 08:00:00   GOLD 3,748.84 3,750.59 3,729.64 3,738.18  -10.85       -0.29  59,768.00
765   2025-09-25 12:00:00   GOLD 3,738.24 3,761.69 3,734.17 3,756.58   18.40        0.49  61,216.00
766   2025-09-25 16:00:00   GOLD 3,756.65 3,761.28 3,730.66 3,738.86  -17.72       -0.47  97,749.00
767   2025-09-25 20:00:00   GOLD 3,738.89 3,745.82 3,722.22 3,733.70   -5.16       -0.14 147,318.00
768   2025-09-26 00:00:00   GOLD 3,733.70 3,758.43 3,732.41 3,749.44   15.74        0.42  75,682.00
769   2025-09-26 04:00:00   GOLD 3,747.24 3,751.61 3,738.18 3,749.72    0.28        0.01  23,268.00
770   2025-09-26 08:00:00   GOLD 3,749.75 3,753.31 3,734.44 3,747.72   -2.00       -0.05  49,479.00
771   2025-09-26 12:00:00   GOLD 3,747.66 3,755.24 3,739.34 3,753.01    5.30        0.14  52,017.00
772   2025-09-26 16:00:00   GOLD 3,752.99 3,757.51 3,742.95 3,752.05   -0.97       -0.03  57,395.00
773   2025-09-26 20:00:00   GOLD 3,752.05 3,783.89 3,751.22 3,774.36   22.32        0.59 164,083.00
774   2025-09-27 00:00:00   GOLD 3,774.39 3,783.36 3,759.66 3,759.86  -14.51       -0.38  61,569.00
775   2025-09-29 04:00:00   GOLD 3,764.74 3,787.61 3,763.45 3,787.14   27.28        0.73  28,608.00
776   2025-09-29 08:00:00   GOLD 3,787.07 3,809.20 3,767.91 3,805.10   17.96        0.47  97,447.00
777   2025-09-29 12:00:00   GOLD 3,805.15 3,819.91 3,801.29 3,818.84   13.74        0.36  95,964.00
778   2025-09-29 16:00:00   GOLD 3,818.82 3,831.45 3,806.47 3,813.80   -5.05       -0.13 106,112.00
779   2025-09-29 20:00:00   GOLD 3,813.84 3,833.66 3,809.43 3,830.45   16.65        0.44 156,766.00
780   2025-09-30 00:00:00   GOLD 3,830.47 3,834.30 3,822.60 3,833.88    3.43        0.09  70,628.00
781   2025-09-30 04:00:00   GOLD 3,832.57 3,840.91 3,825.78 3,839.16    5.28        0.14  20,283.00
782   2025-09-30 08:00:00   GOLD 3,839.03 3,867.41 3,838.11 3,867.18   28.02        0.73  73,833.00
783   2025-09-30 12:00:00   GOLD 3,867.17 3,871.89 3,807.61 3,816.37  -50.81       -1.31 108,983.00
784   2025-09-30 16:00:00   GOLD 3,816.29 3,821.80 3,793.18 3,819.47    3.11        0.08 113,035.00
785   2025-09-30 20:00:00   GOLD 3,819.49 3,854.70 3,811.74 3,846.03   26.55        0.70 160,299.00
786   2025-10-01 00:00:00   GOLD 3,846.05 3,860.79 3,839.66 3,858.45   12.42        0.32  61,828.00
787   2025-10-01 04:00:00   GOLD 3,860.08 3,865.38 3,854.78 3,860.53    2.09        0.05  19,918.00
788   2025-10-01 08:00:00   GOLD 3,860.47 3,875.56 3,855.70 3,864.99    4.45        0.12  69,393.00
789   2025-10-01 12:00:00   GOLD 3,864.98 3,895.50 3,853.38 3,892.95   27.96        0.72  83,628.00
790   2025-10-01 16:00:00   GOLD 3,892.94 3,895.16 3,864.65 3,870.57  -22.38       -0.57  86,821.00
791   2025-10-01 20:00:00   GOLD 3,870.59 3,878.88 3,856.34 3,870.95    0.38        0.01 184,150.00
792   2025-10-02 00:00:00   GOLD 3,870.95 3,871.91 3,855.16 3,865.53   -5.42       -0.14  64,879.00
793   2025-10-02 04:00:00   GOLD 3,864.41 3,866.70 3,856.07 3,856.09   -9.44       -0.24  25,872.00
794   2025-10-02 08:00:00   GOLD 3,856.05 3,870.06 3,852.84 3,864.30    8.21        0.21  50,845.00
795   2025-10-02 12:00:00   GOLD 3,864.34 3,878.86 3,861.70 3,874.66   10.36        0.27  68,598.00
796   2025-10-02 16:00:00   GOLD 3,874.62 3,892.18 3,873.47 3,884.51    9.86        0.25  79,829.00
797   2025-10-02 20:00:00   GOLD 3,884.53 3,897.13 3,819.43 3,845.03  -39.48       -1.02 223,465.00
798   2025-10-03 00:00:00   GOLD 3,845.06 3,859.39 3,840.61 3,856.56   11.53        0.30  89,128.00
799   2025-10-03 04:00:00   GOLD 3,857.14 3,863.72 3,852.07 3,856.88    0.32        0.01  15,305.00
800   2025-10-03 08:00:00   GOLD 3,856.82 3,862.82 3,838.07 3,844.10  -12.78       -0.33  46,792.00
801   2025-10-03 12:00:00   GOLD 3,844.24 3,865.80 3,844.03 3,865.01   20.91        0.54  48,366.00
802   2025-10-03 16:00:00   GOLD 3,865.00 3,875.14 3,854.66 3,873.95    8.94        0.23  70,634.00
803   2025-10-03 20:00:00   GOLD 3,873.97 3,891.76 3,866.43 3,883.74    9.79        0.25 207,040.00
804   2025-10-04 00:00:00   GOLD 3,883.80 3,889.30 3,876.99 3,886.45    2.72        0.07  98,442.00
805   2025-10-06 04:00:00   GOLD 3,891.34 3,920.97 3,884.11 3,900.39   13.93        0.36  68,286.00
806   2025-10-06 08:00:00   GOLD 3,900.45 3,940.55 3,899.80 3,938.89   38.50        0.99  70,131.00
807   2025-10-06 12:00:00   GOLD 3,938.83 3,949.67 3,922.50 3,942.61    3.72        0.09 107,636.00
808   2025-10-06 16:00:00   GOLD 3,942.65 3,946.76 3,926.47 3,934.39   -8.22       -0.21 121,826.00
809   2025-10-06 20:00:00   GOLD 3,934.38 3,970.20 3,927.21 3,954.18   19.79        0.50 184,462.00
810   2025-10-07 00:00:00   GOLD 3,954.27 3,965.16 3,951.14 3,960.69    6.51        0.16  79,040.00
811   2025-10-07 04:00:00   GOLD 3,960.62 3,977.40 3,958.86 3,962.81    2.12        0.05  58,611.00
812   2025-10-07 08:00:00   GOLD 3,962.80 3,977.05 3,955.87 3,976.05   13.24        0.33  65,412.00
813   2025-10-07 12:00:00   GOLD 3,975.89 3,977.01 3,941.05 3,951.32  -24.73       -0.62 102,658.00
814   2025-10-07 16:00:00   GOLD 3,951.32 3,980.09 3,951.14 3,979.50   28.18        0.71  88,490.00
815   2025-10-07 20:00:00   GOLD 3,979.38 3,991.14 3,961.75 3,976.82   -2.68       -0.07 219,997.00
816   2025-10-08 00:00:00   GOLD 3,976.84 3,987.86 3,974.16 3,984.33    7.51        0.19 108,498.00
817   2025-10-08 04:00:00   GOLD 3,986.28 3,999.45 3,985.01 3,992.32    7.99        0.20  31,589.00
818   2025-10-08 08:00:00   GOLD 3,992.30 4,027.36 3,984.32 4,026.90   34.58        0.87  85,077.00
819   2025-10-08 12:00:00   GOLD 4,026.81 4,040.59 4,021.33 4,036.45    9.55        0.24  86,756.00
820   2025-10-08 16:00:00   GOLD 4,036.46 4,049.70 4,030.77 4,040.25    3.80        0.09  92,375.00
821   2025-10-08 20:00:00   GOLD 4,040.20 4,059.35 4,026.18 4,056.70   16.45        0.41 180,246.00
822   2025-10-09 00:00:00   GOLD 4,056.70 4,058.10 4,032.13 4,041.90  -14.80       -0.36 137,572.00
823   2025-10-09 04:00:00   GOLD 4,036.78 4,037.10 4,001.33 4,023.09  -18.81       -0.47  64,897.00
824   2025-10-09 08:00:00   GOLD 4,023.11 4,041.26 4,002.72 4,038.98   15.89        0.39 115,460.00
825   2025-10-09 12:00:00   GOLD 4,038.95 4,043.70 4,022.67 4,038.22   -0.76       -0.02  90,574.00
826   2025-10-09 16:00:00   GOLD 4,038.30 4,053.72 4,033.63 4,053.50   15.28        0.38  80,147.00
827   2025-10-09 20:00:00   GOLD 4,053.57 4,058.11 3,963.91 3,969.03  -84.47       -2.08 374,889.00
828   2025-10-10 00:00:00   GOLD 3,969.08 3,982.18 3,944.43 3,976.24    7.21        0.18 206,006.00
829   2025-10-10 04:00:00   GOLD 3,977.26 3,994.52 3,958.86 3,991.30   15.06        0.38  46,410.00
830   2025-10-10 08:00:00   GOLD 3,991.27 3,992.48 3,947.02 3,966.29  -25.01       -0.63 123,546.00
831   2025-10-10 12:00:00   GOLD 3,966.28 3,995.01 3,952.86 3,991.98   25.69        0.65 152,300.00
832   2025-10-10 16:00:00   GOLD 3,992.01 4,006.74 3,980.12 3,985.80   -6.18       -0.15 122,340.00
833   2025-10-10 20:00:00   GOLD 3,985.76 4,023.00 3,970.86 3,983.55   -2.26       -0.06 330,102.00
834   2025-10-11 00:00:00   GOLD 3,983.59 4,021.51 3,975.24 4,016.68   33.13        0.83 182,447.00
835   2025-10-13 04:00:00   GOLD 4,017.62 4,060.55 3,998.15 4,043.97   27.29        0.68 107,795.00
836   2025-10-13 08:00:00   GOLD 4,044.14 4,059.49 4,035.99 4,056.26   12.29        0.30 118,547.00
837   2025-10-13 12:00:00   GOLD 4,056.22 4,079.25 4,054.81 4,077.87   21.61        0.53 145,985.00
838   2025-10-13 16:00:00   GOLD 4,077.89 4,086.22 4,070.22 4,079.76    1.89        0.05  92,123.00
839   2025-10-13 20:00:00   GOLD 4,079.80 4,117.42 4,078.49 4,105.72   25.95        0.64 167,898.00
840   2025-10-14 00:00:00   GOLD 4,105.80 4,115.61 4,090.93 4,110.34    4.62        0.11  94,933.00
841   2025-10-14 04:00:00   GOLD 4,112.47 4,132.02 4,106.68 4,124.62   14.28        0.35  53,290.00
842   2025-10-14 08:00:00   GOLD 4,124.54 4,170.03 4,123.34 4,168.16   43.54        1.06 136,132.00
843   2025-10-14 12:00:00   GOLD 4,168.08 4,179.94 4,090.14 4,143.95  -24.21       -0.58 259,036.00
844   2025-10-14 16:00:00   GOLD 4,143.90 4,144.61 4,103.28 4,106.47  -37.48       -0.90 136,680.00
845   2025-10-14 20:00:00   GOLD 4,106.47 4,155.49 4,097.74 4,140.39   33.92        0.83 224,099.00
846   2025-10-15 00:00:00   GOLD 4,140.36 4,152.95 4,134.69 4,142.62    2.23        0.05 111,756.00
847   2025-10-15 04:00:00   GOLD 4,140.76 4,169.82 4,140.73 4,162.53   19.90        0.48  44,719.00
848   2025-10-15 08:00:00   GOLD 4,162.51 4,190.95 4,162.07 4,179.81   17.28        0.42  95,014.00
849   2025-10-15 12:00:00   GOLD 4,179.76 4,218.40 4,176.80 4,208.07   28.27        0.68  89,494.00
850   2025-10-15 16:00:00   GOLD 4,208.10 4,212.35 4,164.24 4,190.84  -17.24       -0.41 127,496.00
851   2025-10-15 20:00:00   GOLD 4,190.86 4,212.61 4,179.47 4,199.15    8.32        0.20 209,918.00
852   2025-10-16 00:00:00   GOLD 4,199.18 4,213.54 4,182.71 4,207.77    8.62        0.21 122,604.00
853   2025-10-16 04:00:00   GOLD 4,212.56 4,227.40 4,199.97 4,210.55    2.78        0.07  50,880.00
854   2025-10-16 08:00:00   GOLD 4,210.53 4,242.38 4,210.50 4,233.53   22.98        0.55 101,787.00
855   2025-10-16 12:00:00   GOLD 4,233.52 4,236.21 4,203.55 4,233.11   -0.42       -0.01 109,050.00
856   2025-10-16 16:00:00   GOLD 4,233.12 4,251.35 4,221.98 4,236.23    3.12        0.07  95,851.00
857   2025-10-16 20:00:00   GOLD 4,236.25 4,292.19 4,235.04 4,282.81   46.58        1.10 255,036.00
858   2025-10-17 00:00:00   GOLD 4,282.82 4,330.90 4,273.30 4,326.06   43.25        1.01 168,105.00
859   2025-10-17 04:00:00   GOLD 4,338.03 4,380.99 4,333.16 4,358.15   32.08        0.74 115,528.00
860   2025-10-17 08:00:00   GOLD 4,358.17 4,377.53 4,278.68 4,376.62   18.47        0.42 221,853.00
861   2025-10-17 12:00:00   GOLD 4,376.59 4,378.77 4,306.26 4,347.53  -29.09       -0.66 188,891.00
862   2025-10-17 16:00:00   GOLD 4,347.56 4,348.47 4,283.66 4,314.73  -32.80       -0.75 209,776.00
863   2025-10-17 20:00:00   GOLD 4,314.80 4,317.79 4,200.53 4,205.12 -109.61       -2.54 449,286.00
864   2025-10-18 00:00:00   GOLD 4,205.24 4,255.31 4,185.91 4,253.98   48.86        1.16 249,597.00
865   2025-10-20 04:00:00   GOLD 4,267.07 4,268.27 4,219.11 4,249.43   -4.55       -0.11 102,344.00
866   2025-10-20 08:00:00   GOLD 4,249.36 4,271.28 4,229.32 4,266.15   16.72        0.39 147,270.00
867   2025-10-20 12:00:00   GOLD 4,266.37 4,266.81 4,221.20 4,258.70   -7.45       -0.17 158,499.00
868   2025-10-20 16:00:00   GOLD 4,258.71 4,327.44 4,245.77 4,323.54   64.84        1.52 143,145.00
869   2025-10-20 20:00:00   GOLD 4,323.55 4,355.65 4,292.85 4,347.75   24.21        0.56 266,079.00
870   2025-10-21 00:00:00   GOLD 4,347.74 4,381.44 4,337.19 4,355.80    8.05        0.19 169,159.00
871   2025-10-21 04:00:00   GOLD 4,366.33 4,375.62 4,356.25 4,368.65   12.85        0.30  62,429.00
872   2025-10-21 08:00:00   GOLD 4,368.61 4,372.44 4,333.10 4,342.01  -26.64       -0.61 112,478.00
873   2025-10-21 12:00:00   GOLD 4,341.81 4,344.31 4,245.24 4,274.15  -67.86       -1.56 192,761.00
874   2025-10-21 16:00:00   GOLD 4,274.15 4,278.10 4,205.87 4,211.10  -63.05       -1.48 169,172.00
875   2025-10-21 20:00:00   GOLD 4,211.33 4,225.48 4,080.58 4,113.45  -97.64       -2.32 457,361.00
876   2025-10-22 00:00:00   GOLD 4,113.41 4,131.10 4,093.83 4,125.27   11.82        0.29 163,887.00
877   2025-10-22 04:00:00   GOLD 4,124.28 4,129.22 4,004.28 4,075.14  -50.14       -1.22 162,975.00
878   2025-10-22 08:00:00   GOLD 4,075.14 4,143.43 4,064.55 4,128.38   53.24        1.31 190,141.00
879   2025-10-22 12:00:00   GOLD 4,128.47 4,161.53 4,053.35 4,070.68  -57.70       -1.40 201,373.00
880   2025-10-22 16:00:00   GOLD 4,070.59 4,101.69 4,015.12 4,033.87  -36.81       -0.90 257,691.00
881   2025-10-22 20:00:00   GOLD 4,034.01 4,085.48 4,011.09 4,059.27   25.40        0.63 299,597.00
882   2025-10-23 00:00:00   GOLD 4,059.08 4,113.80 4,044.02 4,099.40   40.13        0.99 138,057.00
883   2025-10-23 04:00:00   GOLD 4,110.09 4,111.19 4,065.90 4,082.15  -17.25       -0.42 106,878.00
884   2025-10-23 08:00:00   GOLD 4,082.17 4,101.03 4,071.84 4,089.61    7.45        0.18 146,480.00
885   2025-10-23 12:00:00   GOLD 4,089.68 4,137.74 4,084.07 4,116.33   26.72        0.65 165,002.00
886   2025-10-23 16:00:00   GOLD 4,116.43 4,129.25 4,100.14 4,127.14   10.81        0.26 109,768.00
887   2025-10-23 20:00:00   GOLD 4,127.23 4,154.79 4,125.75 4,132.99    5.86        0.14 220,168.00
888   2025-10-24 00:00:00   GOLD 4,132.99 4,143.60 4,107.53 4,126.07   -6.92       -0.17 115,500.00
889   2025-10-24 04:00:00   GOLD 4,125.85 4,133.90 4,106.03 4,132.87    6.80        0.16  37,345.00
890   2025-10-24 08:00:00   GOLD 4,132.90 4,144.53 4,102.80 4,111.56  -21.31       -0.52  97,239.00
891   2025-10-24 12:00:00   GOLD 4,111.92 4,118.02 4,047.55 4,065.51  -46.04       -1.12 152,177.00
892   2025-10-24 16:00:00   GOLD 4,065.50 4,094.18 4,043.51 4,082.26   16.75        0.41 143,458.00
893   2025-10-24 20:00:00   GOLD 4,082.36 4,138.67 4,078.97 4,129.49   47.23        1.16 229,794.00
894   2025-10-25 00:00:00   GOLD 4,129.53 4,134.39 4,096.62 4,114.12  -15.37       -0.37  92,964.00
895   2025-10-27 04:00:00   GOLD 4,085.70 4,109.00 4,058.20 4,081.27  -32.86       -0.80  78,802.00
896   2025-10-27 08:00:00   GOLD 4,081.30 4,097.87 4,053.71 4,068.84  -12.43       -0.30 120,956.00
897   2025-10-27 12:00:00   GOLD 4,068.86 4,085.17 4,024.34 4,043.58  -25.26       -0.62 138,972.00
898   2025-10-27 16:00:00   GOLD 4,043.55 4,050.41 4,015.29 4,046.06    2.48        0.06 168,050.00
899   2025-10-27 20:00:00   GOLD 4,046.11 4,050.61 3,971.45 3,999.44  -46.62       -1.15 306,476.00
900   2025-10-28 00:00:00   GOLD 3,999.47 4,010.30 3,979.34 3,981.99  -17.45       -0.44 188,259.00
901   2025-10-28 04:00:00   GOLD 3,990.01 4,009.70 3,972.93 4,006.67   24.68        0.62  59,129.00
902   2025-10-28 08:00:00   GOLD 4,006.65 4,019.80 3,963.62 3,973.70  -32.97       -0.82 120,580.00
903   2025-10-28 12:00:00   GOLD 3,973.94 3,980.10 3,896.46 3,897.28  -76.42       -1.92 148,190.00
904   2025-10-28 16:00:00   GOLD 3,897.28 3,931.53 3,886.47 3,912.82   15.54        0.40 177,351.00
905   2025-10-28 20:00:00   GOLD 3,912.95 3,969.61 3,912.26 3,958.73   45.91        1.17 229,854.00
906   2025-10-29 00:00:00   GOLD 3,958.74 3,970.47 3,945.15 3,953.00   -5.73       -0.14 105,566.00
907   2025-10-29 04:00:00   GOLD 3,955.95 3,982.49 3,907.93 3,975.32   22.32        0.56  60,445.00
908   2025-10-29 08:00:00   GOLD 3,975.28 3,979.90 3,943.82 3,952.09  -23.24       -0.58 125,528.00
909   2025-10-29 12:00:00   GOLD 3,952.23 4,018.59 3,950.79 4,017.01   64.93        1.64 122,831.00
910   2025-10-29 16:00:00   GOLD 4,016.98 4,030.34 4,013.50 4,025.55    8.54        0.21 171,166.00
911   2025-10-29 20:00:00   GOLD 4,025.56 4,025.79 3,989.52 3,992.86  -32.69       -0.81 229,970.00
912   2025-10-30 00:00:00   GOLD 3,992.80 4,007.88 3,927.86 3,930.61  -62.25       -1.56 258,818.00
913   2025-10-30 04:00:00   GOLD 3,921.61 3,964.36 3,916.59 3,950.48   19.87        0.51  57,040.00
914   2025-10-30 08:00:00   GOLD 3,950.49 3,982.66 3,915.52 3,972.47   21.99        0.56 138,345.00
915   2025-10-30 12:00:00   GOLD 3,972.51 3,978.24 3,947.03 3,976.59    4.12        0.10 136,103.00
916   2025-10-30 16:00:00   GOLD 3,976.56 4,011.70 3,961.22 3,961.48  -15.11       -0.38 165,385.00
917   2025-10-30 20:00:00   GOLD 3,961.44 4,015.10 3,960.32 4,001.55   40.07        1.01 248,217.00
918   2025-10-31 00:00:00   GOLD 4,001.55 4,027.24 3,994.49 4,024.53   22.97        0.57 125,707.00
919   2025-10-31 04:00:00   GOLD 4,021.47 4,046.59 4,016.46 4,025.01    0.49        0.01  51,640.00
920   2025-10-31 08:00:00   GOLD 4,025.04 4,039.58 3,989.07 4,005.90  -19.11       -0.47 135,585.00
921   2025-10-31 12:00:00   GOLD 4,005.45 4,026.82 3,994.11 4,010.57    4.67        0.12 152,798.00
922   2025-10-31 16:00:00   GOLD 4,010.46 4,036.43 3,998.88 4,023.06   12.49        0.31 139,312.00
923   2025-10-31 20:00:00   GOLD 4,023.05 4,035.72 3,972.28 3,980.72  -42.34       -1.05 274,776.00
924   2025-11-01 00:00:00   GOLD 3,980.74 4,010.08 3,980.57 4,002.81   22.09        0.55 102,748.00
925   2025-11-03 05:00:00   GOLD 3,995.47 4,002.07 3,962.28 3,996.09   -6.72       -0.17  70,121.00
926   2025-11-03 09:00:00   GOLD 3,996.05 4,018.33 3,990.45 4,013.93   17.84        0.45  73,799.00
927   2025-11-03 13:00:00   GOLD 4,013.93 4,028.13 3,993.10 4,000.63  -13.30       -0.33 130,651.00
928   2025-11-03 17:00:00   GOLD 4,000.68 4,020.76 3,994.34 4,016.16   15.53        0.39 140,039.00
929   2025-11-03 21:00:00   GOLD 4,015.96 4,030.82 3,995.22 4,006.23   -9.93       -0.25 219,405.00
930   2025-11-04 01:00:00   GOLD 4,006.30 4,015.06 3,995.45 4,001.61   -4.62       -0.12  81,030.00
931   2025-11-04 05:00:00   GOLD 4,005.11 4,005.27 3,978.68 3,987.55  -14.06       -0.35  77,273.00
932   2025-11-04 09:00:00   GOLD 3,987.52 3,999.47 3,972.80 3,973.36  -14.19       -0.36  79,615.00
933   2025-11-04 13:00:00   GOLD 3,973.36 4,000.86 3,966.61 3,991.27   17.91        0.45  88,574.00
934   2025-11-04 17:00:00   GOLD 3,991.24 4,000.09 3,971.86 3,975.82  -15.45       -0.39 141,739.00
935   2025-11-04 21:00:00   GOLD 3,975.80 3,977.88 3,928.68 3,955.08  -20.74       -0.52 178,497.00
936   2025-11-05 01:00:00   GOLD 3,954.82 3,956.93 3,930.56 3,932.10  -22.98       -0.58  83,580.00
937   2025-11-05 05:00:00   GOLD 3,937.93 3,949.56 3,929.35 3,937.12    5.03        0.13  58,895.00
938   2025-11-05 09:00:00   GOLD 3,937.06 3,978.78 3,935.72 3,965.05   27.93        0.71  69,364.00
939   2025-11-05 13:00:00   GOLD 3,965.07 3,987.34 3,962.04 3,971.95    6.90        0.17  64,794.00
940   2025-11-05 17:00:00   GOLD 3,971.89 3,979.48 3,956.10 3,975.91    3.95        0.10  65,624.00
941   2025-11-05 21:00:00   GOLD 3,975.93 3,990.57 3,964.27 3,982.12    6.21        0.16 139,998.00
942   2025-11-06 01:00:00   GOLD 3,982.14 3,990.18 3,977.99 3,980.11   -2.01       -0.05  50,190.00
943   2025-11-06 05:00:00   GOLD 3,968.78 3,977.80 3,964.45 3,976.76   -3.35       -0.08  36,605.00
944   2025-11-06 09:00:00   GOLD 3,976.78 3,990.87 3,974.38 3,987.64   10.88        0.27  33,665.00
945   2025-11-06 13:00:00   GOLD 3,987.66 4,017.06 3,982.36 4,011.01   23.37        0.59  87,890.00
946   2025-11-06 17:00:00   GOLD 4,011.00 4,019.64 4,002.95 4,012.33    1.32        0.03 111,533.00
947   2025-11-06 21:00:00   GOLD 4,012.32 4,014.09 3,965.71 3,986.34  -25.99       -0.65 239,938.00
948   2025-11-07 01:00:00   GOLD 3,986.35 3,995.36 3,976.88 3,977.14   -9.20       -0.23 124,130.00
949   2025-11-07 05:00:00   GOLD 3,979.47 4,002.85 3,978.43 4,001.84   24.70        0.62  43,685.00
950   2025-11-07 09:00:00   GOLD 4,001.82 4,003.41 3,985.61 3,994.95   -6.89       -0.17  43,910.00
951   2025-11-07 13:00:00   GOLD 3,994.96 4,014.29 3,992.25 4,006.76   11.81        0.30  64,624.00
952   2025-11-07 17:00:00   GOLD 4,006.81 4,011.93 3,991.69 3,997.86   -8.91       -0.22  92,429.00
953   2025-11-07 21:00:00   GOLD 3,997.89 4,027.59 3,984.01 4,005.60    7.74        0.19 181,655.00
954   2025-11-08 01:00:00   GOLD 4,005.59 4,009.32 3,994.64 4,001.28   -4.32       -0.11 101,458.00
955   2025-11-10 05:00:00   GOLD 4,005.68 4,053.47 4,004.36 4,044.07   42.80        1.07  69,705.00
956   2025-11-10 09:00:00   GOLD 4,043.99 4,070.07 4,037.74 4,069.56   25.49        0.63  66,060.00
957   2025-11-10 13:00:00   GOLD 4,069.63 4,086.38 4,066.90 4,076.70    7.14        0.18  89,234.00
958   2025-11-10 17:00:00   GOLD 4,076.69 4,106.00 4,075.86 4,091.64   14.94        0.37 104,759.00
959   2025-11-10 21:00:00   GOLD 4,091.64 4,102.85 4,074.49 4,102.72   11.08        0.27 156,244.00
960   2025-11-11 01:00:00   GOLD 4,102.73 4,116.69 4,101.77 4,115.41   12.69        0.31  99,177.00
961   2025-11-11 05:00:00   GOLD 4,116.84 4,141.36 4,116.07 4,136.35   20.94        0.51  47,892.00
962   2025-11-11 09:00:00   GOLD 4,136.33 4,149.10 4,124.90 4,131.13   -5.22       -0.13  66,096.00
963   2025-11-11 13:00:00   GOLD 4,131.08 4,146.03 4,124.98 4,141.89   10.76        0.26  71,726.00
964   2025-11-11 17:00:00   GOLD 4,141.97 4,146.89 4,133.34 4,142.65    0.76        0.02  60,523.00
965   2025-11-11 21:00:00   GOLD 4,142.71 4,143.30 4,097.24 4,114.53  -28.11       -0.68 135,735.00
966   2025-11-12 01:00:00   GOLD 4,114.64 4,131.97 4,106.64 4,126.51   11.97        0.29  38,537.00
967   2025-11-12 05:00:00   GOLD 4,130.90 4,145.61 4,126.31 4,131.50    4.99        0.12  66,691.00
968   2025-11-12 09:00:00   GOLD 4,131.45 4,135.49 4,098.91 4,104.73  -26.77       -0.65  88,193.00
969   2025-11-12 13:00:00   GOLD 4,104.69 4,133.85 4,103.27 4,124.74   20.01        0.49  89,726.00
970   2025-11-12 17:00:00   GOLD 4,124.78 4,139.51 4,117.94 4,127.28    2.55        0.06  87,223.00
971   2025-11-12 21:00:00   GOLD 4,127.34 4,206.52 4,125.05 4,199.53   72.25        1.75 249,949.00
972   2025-11-13 01:00:00   GOLD 4,199.57 4,211.80 4,190.48 4,195.21   -4.32       -0.10 166,621.00
973   2025-11-13 05:00:00   GOLD 4,202.64 4,209.31 4,179.73 4,192.43   -2.78       -0.07  79,840.00
974   2025-11-13 09:00:00   GOLD 4,192.40 4,219.52 4,183.51 4,212.02   19.59        0.47 132,433.00
975   2025-11-13 13:00:00   GOLD 4,211.94 4,239.66 4,203.27 4,233.22   21.19        0.50 105,456.00
976   2025-11-13 17:00:00   GOLD 4,233.20 4,245.19 4,219.35 4,231.74   -1.47       -0.03 155,003.00
977   2025-11-13 21:00:00   GOLD 4,231.83 4,232.43 4,184.51 4,202.05  -29.69       -0.70 282,310.00
978   2025-11-14 01:00:00   GOLD 4,202.06 4,203.46 4,145.19 4,171.74  -30.31       -0.72 188,040.00
979   2025-11-14 05:00:00   GOLD 4,177.28 4,193.82 4,173.72 4,190.02   18.28        0.44  76,150.00
980   2025-11-14 09:00:00   GOLD 4,190.03 4,211.44 4,183.98 4,189.90   -0.12       -0.00 117,753.00
981   2025-11-14 13:00:00   GOLD 4,189.86 4,193.53 4,158.99 4,169.44  -20.46       -0.49 130,961.00
982   2025-11-14 17:00:00   GOLD 4,169.41 4,171.14 4,041.37 4,055.97 -113.46       -2.72 184,857.00
983   2025-11-14 21:00:00   GOLD 4,055.84 4,111.19 4,032.23 4,099.92   43.95        1.08 191,928.00
984   2025-11-15 01:00:00   GOLD 4,099.93 4,103.75 4,075.61 4,085.82  -14.10       -0.34  76,753.00
985   2025-11-17 05:00:00   GOLD 4,078.28 4,106.70 4,077.96 4,091.32    5.50        0.13  90,749.00
986   2025-11-17 09:00:00   GOLD 4,091.32 4,093.91 4,049.76 4,058.48  -32.84       -0.80  87,194.00
987   2025-11-17 13:00:00   GOLD 4,058.51 4,095.93 4,054.90 4,082.28   23.80        0.59  76,009.00
988   2025-11-17 17:00:00   GOLD 4,082.28 4,092.29 4,060.65 4,065.48  -16.80       -0.41  80,179.00
989   2025-11-17 21:00:00   GOLD 4,065.51 4,082.01 4,052.38 4,073.34    7.86        0.19 170,486.00
990   2025-11-18 01:00:00   GOLD 4,073.35 4,076.33 4,007.05 4,045.86  -27.48       -0.67 140,358.00
991   2025-11-18 05:00:00   GOLD 4,050.79 4,054.76 4,022.43 4,025.15  -20.71       -0.51  68,940.00
992   2025-11-18 09:00:00   GOLD 4,025.14 4,035.89 4,004.72 4,019.01   -6.14       -0.15  94,187.00
993   2025-11-18 13:00:00   GOLD 4,019.07 4,047.34 3,997.99 4,040.36   21.36        0.53 108,356.00
994   2025-11-18 17:00:00   GOLD 4,040.35 4,070.41 4,029.33 4,065.30   24.94        0.62 119,255.00
995   2025-11-18 21:00:00   GOLD 4,065.30 4,081.91 4,040.55 4,071.67    6.37        0.16 182,042.00
996   2025-11-19 01:00:00   GOLD 4,071.60 4,082.58 4,063.22 4,067.43   -4.24       -0.10  70,657.00
997   2025-11-19 05:00:00   GOLD 4,067.64 4,078.66 4,056.39 4,059.09   -8.34       -0.20  49,800.00
998   2025-11-19 09:00:00   GOLD 4,059.11 4,097.56 4,055.53 4,095.63   36.54        0.90  74,734.00
999   2025-11-19 13:00:00   GOLD 4,095.66 4,116.40 4,078.35 4,113.32   17.69        0.43  68,696.00
1000  2025-11-19 17:00:00   GOLD 4,113.35 4,120.02 4,100.85 4,110.77   -2.56       -0.06  90,872.00
1001  2025-11-19 21:00:00   GOLD 4,110.84 4,132.98 4,055.47 4,078.84  -31.93       -0.78 227,562.00
1002  2025-11-20 01:00:00   GOLD 4,078.95 4,091.40 4,065.76 4,077.85   -0.99       -0.02 119,625.00
1003  2025-11-20 05:00:00   GOLD 4,088.26 4,110.37 4,081.20 4,081.61    3.76        0.09  62,881.00
1004  2025-11-20 09:00:00   GOLD 4,081.59 4,085.70 4,038.90 4,066.79  -14.82       -0.36 102,131.00
1005  2025-11-20 13:00:00   GOLD 4,066.66 4,077.95 4,038.93 4,064.22   -2.57       -0.06  95,955.00
1006  2025-11-20 17:00:00   GOLD 4,064.24 4,096.55 4,051.16 4,080.24   16.02        0.39 165,392.00
1007  2025-11-20 21:00:00   GOLD 4,080.22 4,107.35 4,043.58 4,066.22  -14.02       -0.34 330,131.00
1008  2025-11-21 01:00:00   GOLD 4,066.22 4,087.45 4,056.22 4,077.53   11.31        0.28 188,122.00
1009  2025-11-21 05:00:00   GOLD 4,073.08 4,088.72 4,060.50 4,068.68   -8.86       -0.22  63,664.00
1010  2025-11-21 09:00:00   GOLD 4,068.70 4,080.11 4,039.75 4,058.69   -9.99       -0.25 111,582.00
1011  2025-11-21 13:00:00   GOLD 4,058.70 4,065.09 4,022.26 4,050.61   -8.08       -0.20 167,101.00
1012  2025-11-21 17:00:00   GOLD 4,050.53 4,081.39 4,031.10 4,079.74   29.13        0.72 228,466.00
1013  2025-11-21 21:00:00   GOLD 4,079.68 4,101.07 4,055.16 4,085.64    5.90        0.14 272,393.00
1014  2025-11-22 01:00:00   GOLD 4,085.65 4,092.18 4,054.74 4,065.01  -20.63       -0.51 145,336.00
1015  2025-11-24 05:00:00   GOLD 4,067.61 4,077.80 4,042.76 4,044.24  -20.78       -0.51  64,417.00
1016  2025-11-24 09:00:00   GOLD 4,044.12 4,061.43 4,040.02 4,046.55    2.31        0.06  71,325.00
1017  2025-11-24 13:00:00   GOLD 4,046.52 4,074.41 4,045.67 4,072.05   25.50        0.63  81,970.00
1018  2025-11-24 17:00:00   GOLD 4,072.02 4,086.02 4,063.28 4,077.95    5.90        0.14 119,230.00
1019  2025-11-24 21:00:00   GOLD 4,077.90 4,100.47 4,068.45 4,093.02   15.07        0.37 199,468.00
1020  2025-11-25 01:00:00   GOLD 4,093.03 4,139.89 4,088.09 4,133.98   40.96        1.00 119,663.00
1021  2025-11-25 05:00:00   GOLD 4,135.48 4,144.59 4,122.55 4,134.94    0.96        0.02  74,089.00
1022  2025-11-25 09:00:00   GOLD 4,134.90 4,155.90 4,132.93 4,151.09   16.15        0.39  98,350.00
1023  2025-11-25 13:00:00   GOLD 4,150.95 4,152.21 4,109.71 4,128.46  -22.63       -0.55 121,261.00
1024  2025-11-25 17:00:00   GOLD 4,128.45 4,150.91 4,115.51 4,147.77   19.31        0.47 124,938.00
1025  2025-11-25 21:00:00   GOLD 4,147.78 4,159.38 4,110.81 4,146.22   -1.56       -0.04 246,747.00
1026  2025-11-26 01:00:00   GOLD 4,146.23 4,151.09 4,127.62 4,130.55  -15.66       -0.38 146,379.00
1027  2025-11-26 05:00:00   GOLD 4,134.49 4,152.98 4,129.99 4,148.55   17.99        0.44  44,796.00
1028  2025-11-26 09:00:00   GOLD 4,148.52 4,169.58 4,147.47 4,162.46   13.91        0.34  98,559.00
1029  2025-11-26 13:00:00   GOLD 4,162.41 4,168.63 4,146.68 4,162.86    0.40        0.01 102,799.00
1030  2025-11-26 17:00:00   GOLD 4,162.88 4,173.50 4,148.57 4,153.50   -9.36       -0.22 149,643.00
1031  2025-11-26 21:00:00   GOLD 4,153.51 4,169.94 4,136.66 4,167.27   13.77        0.33 179,614.00
1032  2025-11-27 01:00:00   GOLD 4,167.29 4,171.90 4,158.10 4,163.57   -3.70       -0.09  80,771.00
1033  2025-11-27 05:00:00   GOLD 4,165.26 4,168.75 4,148.76 4,154.45   -9.12       -0.22  42,584.00
1034  2025-11-27 09:00:00   GOLD 4,154.48 4,156.43 4,142.73 4,146.99   -7.46       -0.18  64,271.00
1035  2025-11-27 13:00:00   GOLD 4,147.02 4,167.26 4,146.89 4,158.60   11.61        0.28  84,626.00
1036  2025-11-27 17:00:00   GOLD 4,158.64 4,162.60 4,149.09 4,155.08   -3.52       -0.08  78,940.00
1037  2025-11-27 21:00:00   GOLD 4,155.07 4,161.93 4,151.51 4,157.98    2.90        0.07  48,888.00
1038  2025-11-28 01:00:00   GOLD 4,157.98 4,160.46 4,155.34 4,158.80    0.82        0.02   6,922.00
1039  2025-11-28 05:00:00   GOLD 4,159.35 4,193.26 4,159.32 4,191.30   32.49        0.78  48,215.00
1040  2025-11-28 09:00:00   GOLD 4,191.28 4,192.70 4,170.68 4,181.97   -9.32       -0.22  32,678.00
1041  2025-11-28 13:00:00   GOLD 4,181.65 4,192.46 4,153.74 4,167.55  -14.43       -0.34  14,849.00
1042  2025-11-28 17:00:00   GOLD 4,167.80 4,182.98 4,159.32 4,182.70   15.15        0.36  25,609.00
1043  2025-11-28 21:00:00   GOLD 4,182.78 4,217.10 4,182.66 4,216.97   34.27        0.82 164,434.00
1044  2025-11-29 01:00:00   GOLD 4,217.04 4,226.91 4,210.96 4,215.82   -1.15       -0.03  58,981.00
1045  2025-12-01 05:00:00   GOLD 4,226.31 4,256.45 4,205.78 4,255.56   39.74        0.94 110,081.00
1046  2025-12-01 09:00:00   GOLD 4,255.55 4,256.60 4,215.60 4,229.68  -25.89       -0.61 184,424.00
1047  2025-12-01 13:00:00   GOLD 4,229.75 4,253.72 4,226.27 4,250.12   20.45        0.48 182,400.00
1048  2025-12-01 17:00:00   GOLD 4,250.14 4,264.70 4,244.23 4,247.40   -2.73       -0.06 178,558.00
1049  2025-12-01 21:00:00   GOLD 4,247.45 4,249.36 4,219.49 4,232.28  -15.11       -0.36 254,021.00
1050  2025-12-02 01:00:00   GOLD 4,232.35 4,244.81 4,229.31 4,232.29    0.01        0.00 115,923.00
1051  2025-12-02 05:00:00   GOLD 4,231.77 4,236.15 4,192.91 4,219.56  -12.73       -0.30  70,317.00
1052  2025-12-02 09:00:00   GOLD 4,219.56 4,226.41 4,213.80 4,225.01    5.44        0.13  74,724.00
1053  2025-12-02 13:00:00   GOLD 4,225.03 4,226.35 4,181.14 4,192.12  -32.89       -0.78  87,221.00
1054  2025-12-02 17:00:00   GOLD 4,192.09 4,215.33 4,182.31 4,212.56   20.44        0.49 101,316.00
1055  2025-12-02 21:00:00   GOLD 4,212.49 4,230.69 4,163.81 4,193.89  -18.68       -0.44 204,431.00
1056  2025-12-03 01:00:00   GOLD 4,193.86 4,212.49 4,183.23 4,205.66   11.78        0.28  69,622.00
1057  2025-12-03 05:00:00   GOLD 4,202.48 4,221.19 4,202.38 4,214.44    8.77        0.21  75,013.00
1058  2025-12-03 09:00:00   GOLD 4,214.44 4,229.06 4,203.40 4,207.70   -6.73       -0.16  90,394.00
1059  2025-12-03 13:00:00   GOLD 4,207.73 4,211.99 4,197.22 4,202.20   -5.50       -0.13  90,740.00
1060  2025-12-03 17:00:00   GOLD 4,202.22 4,238.59 4,194.65 4,237.39   35.19        0.84 116,383.00
1061  2025-12-03 21:00:00   GOLD 4,237.49 4,241.56 4,195.85 4,211.07  -26.32       -0.62 241,964.00
1062  2025-12-04 01:00:00   GOLD 4,211.20 4,212.82 4,195.19 4,203.11   -7.96       -0.19 101,100.00
1063  2025-12-04 05:00:00   GOLD 4,206.47 4,217.08 4,202.90 4,209.24    6.12        0.15  64,480.00
1064  2025-12-04 09:00:00   GOLD 4,209.31 4,209.31 4,174.81 4,181.10  -28.14       -0.67  98,536.00
1065  2025-12-04 13:00:00   GOLD 4,181.15 4,202.28 4,178.82 4,199.95   18.85        0.45 128,933.00
1066  2025-12-04 17:00:00   GOLD 4,199.94 4,206.63 4,185.45 4,198.43   -1.52       -0.04 108,231.00
1067  2025-12-04 21:00:00   GOLD 4,198.39 4,219.62 4,191.55 4,216.72   18.28        0.44 213,006.00
1068  2025-12-05 01:00:00   GOLD 4,216.68 4,217.68 4,199.55 4,208.77   -7.95       -0.19  81,577.00
1069  2025-12-05 05:00:00   GOLD 4,209.41 4,210.69 4,194.81 4,203.14   -5.62       -0.13  47,830.00
1070  2025-12-05 09:00:00   GOLD 4,203.17 4,221.48 4,196.77 4,220.65   17.51        0.42  88,918.00
1071  2025-12-05 13:00:00   GOLD 4,220.64 4,230.90 4,215.94 4,223.43    2.78        0.07  76,105.00
1072  2025-12-05 17:00:00   GOLD 4,223.41 4,239.03 4,220.15 4,234.62   11.19        0.26  68,320.00
1073  2025-12-05 21:00:00   GOLD 4,234.54 4,259.34 4,198.55 4,217.56  -17.06       -0.40 206,652.00
1074  2025-12-06 01:00:00   GOLD 4,217.54 4,219.35 4,192.06 4,198.69  -18.88       -0.45  91,176.00
1075  2025-12-08 05:00:00   GOLD 4,198.69 4,211.86 4,197.54 4,201.25    2.56        0.06  53,897.00
1076  2025-12-08 09:00:00   GOLD 4,201.19 4,217.36 4,198.72 4,217.30   16.05        0.38  91,562.00
1077  2025-12-08 13:00:00   GOLD 4,217.30 4,219.18 4,203.18 4,207.85   -9.45       -0.22  88,578.00
1078  2025-12-08 17:00:00   GOLD 4,207.85 4,215.59 4,197.90 4,201.90   -5.95       -0.14 107,049.00
1079  2025-12-08 21:00:00   GOLD 4,201.90 4,211.85 4,176.20 4,195.05   -6.85       -0.16 212,160.00
1080  2025-12-09 01:00:00   GOLD 4,195.01 4,195.74 4,184.44 4,190.66   -4.39       -0.10  75,966.00
1081  2025-12-09 05:00:00   GOLD 4,191.48 4,197.41 4,188.89 4,196.38    5.72        0.14  50,291.00
1082  2025-12-09 09:00:00   GOLD 4,196.31 4,198.90 4,178.03 4,179.66  -16.71       -0.40  95,714.00
1083  2025-12-09 13:00:00   GOLD 4,179.70 4,213.05 4,169.98 4,203.03   23.37        0.56 160,602.00
1084  2025-12-09 17:00:00   GOLD 4,203.07 4,208.57 4,195.73 4,201.52   -1.52       -0.04 148,353.00
1085  2025-12-09 21:00:00   GOLD 4,201.54 4,221.62 4,189.51 4,203.14    1.62        0.04 242,175.00
1086  2025-12-10 01:00:00   GOLD 4,203.23 4,216.03 4,201.26 4,207.91    4.77        0.11  92,821.00
1087  2025-12-10 05:00:00   GOLD 4,209.44 4,218.15 4,206.93 4,213.75    5.84        0.14  59,133.00
1088  2025-12-10 09:00:00   GOLD 4,213.73 4,218.86 4,201.70 4,211.57   -2.18       -0.05 114,178.00
1089  2025-12-10 13:00:00   GOLD 4,211.52 4,211.85 4,192.65 4,194.39  -17.18       -0.41  87,319.00
1090  2025-12-10 17:00:00   GOLD 4,194.34 4,205.23 4,187.80 4,200.74    6.35        0.15 122,810.00
1091  2025-12-10 21:00:00   GOLD 4,200.70 4,207.10 4,188.97 4,199.73   -1.01       -0.02 205,597.00
1092  2025-12-11 01:00:00   GOLD 4,199.77 4,238.78 4,182.08 4,228.77   29.04        0.69 187,953.00
1093  2025-12-11 05:00:00   GOLD 4,228.24 4,247.81 4,224.26 4,238.39    9.62        0.23  67,011.00
1094  2025-12-11 09:00:00   GOLD 4,238.36 4,240.91 4,206.07 4,207.35  -31.04       -0.73 104,483.00
1095  2025-12-11 13:00:00   GOLD 4,207.35 4,221.61 4,204.27 4,218.49   11.14        0.26  81,139.00
1096  2025-12-11 17:00:00   GOLD 4,218.51 4,226.08 4,205.35 4,221.02    2.52        0.06  86,178.00
1097  2025-12-11 21:00:00   GOLD 4,221.03 4,281.81 4,217.94 4,278.71   57.69        1.37 212,223.00
1098  2025-12-12 01:00:00   GOLD 4,278.60 4,285.89 4,262.83 4,279.34    0.62        0.01 111,962.00
1099  2025-12-12 05:00:00   GOLD 4,282.93 4,283.01 4,264.52 4,270.94   -8.40       -0.20  70,705.00
1100  2025-12-12 09:00:00   GOLD 4,270.95 4,280.69 4,266.05 4,278.94    8.00        0.19 101,907.00
1101  2025-12-12 13:00:00   GOLD 4,278.94 4,320.43 4,276.66 4,318.31   39.38        0.92 118,805.00
1102  2025-12-12 17:00:00   GOLD 4,318.30 4,346.32 4,314.69 4,341.15   22.84        0.53 182,146.00
1103  2025-12-12 21:00:00   GOLD 4,341.15 4,353.56 4,257.27 4,294.26  -46.90       -1.08 352,460.00
1104  2025-12-13 01:00:00   GOLD 4,294.30 4,304.22 4,288.74 4,299.38    5.12        0.12  99,542.00
1105  2025-12-15 05:00:00   GOLD 4,302.98 4,325.93 4,300.41 4,322.53   23.15        0.54  55,399.00
1106  2025-12-15 09:00:00   GOLD 4,322.39 4,344.46 4,319.32 4,343.61   21.09        0.49  98,149.00
1107  2025-12-15 13:00:00   GOLD 4,343.78 4,350.28 4,333.55 4,342.56   -1.05       -0.02 113,872.00
1108  2025-12-15 17:00:00   GOLD 4,342.56 4,348.52 4,330.74 4,332.06  -10.50       -0.24 108,141.00
1109  2025-12-15 21:00:00   GOLD 4,332.07 4,336.84 4,285.52 4,304.43  -27.64       -0.64 288,263.00
1110  2025-12-16 01:00:00   GOLD 4,304.53 4,317.81 4,299.73 4,304.91    0.48        0.01 104,269.00
1111  2025-12-16 05:00:00   GOLD 4,307.67 4,318.03 4,299.35 4,308.79    3.88        0.09  66,648.00
1112  2025-12-16 09:00:00   GOLD 4,308.68 4,312.30 4,271.57 4,284.19  -24.60       -0.57 117,339.00
1113  2025-12-16 13:00:00   GOLD 4,284.22 4,292.35 4,275.27 4,280.49   -3.69       -0.09  95,905.00
1114  2025-12-16 17:00:00   GOLD 4,280.55 4,313.27 4,273.89 4,313.02   32.52        0.76 105,483.00
1115  2025-12-16 21:00:00   GOLD 4,313.04 4,335.19 4,291.41 4,303.73   -9.29       -0.22 235,010.00
1116  2025-12-17 01:00:00   GOLD 4,303.83 4,315.92 4,296.81 4,302.23   -1.50       -0.03  95,766.00
1117  2025-12-17 05:00:00   GOLD 4,303.60 4,326.78 4,302.40 4,326.64   24.41        0.57  51,312.00
1118  2025-12-17 09:00:00   GOLD 4,326.69 4,342.58 4,311.15 4,333.90    7.26        0.17  96,857.00
1119  2025-12-17 13:00:00   GOLD 4,333.88 4,337.64 4,308.44 4,317.02  -16.88       -0.39  98,250.00
1120  2025-12-17 17:00:00   GOLD 4,316.90 4,344.26 4,306.52 4,342.15   25.13        0.58 101,163.00
1121  2025-12-17 21:00:00   GOLD 4,342.12 4,349.28 4,320.32 4,342.58    0.43        0.01 272,891.00
1122  2025-12-18 01:00:00   GOLD 4,342.59 4,346.61 4,328.82 4,337.83   -4.75       -0.11  97,931.00
1123  2025-12-18 05:00:00   GOLD 4,338.89 4,343.10 4,324.02 4,331.74   -6.09       -0.14  65,706.00
1124  2025-12-18 09:00:00   GOLD 4,331.78 4,337.98 4,328.69 4,333.32    1.57        0.04 125,638.00
1125  2025-12-18 13:00:00   GOLD 4,333.27 4,337.78 4,320.65 4,323.64   -9.68       -0.22 129,121.00
1126  2025-12-18 17:00:00   GOLD 4,323.61 4,343.19 4,314.68 4,336.65   13.01        0.30 139,403.00
1127  2025-12-18 21:00:00   GOLD 4,336.64 4,374.65 4,308.67 4,333.56   -3.09       -0.07 327,293.00
1128  2025-12-19 01:00:00   GOLD 4,333.57 4,341.45 4,322.76 4,332.59   -0.97       -0.02 142,467.00
1129  2025-12-19 05:00:00   GOLD 4,335.85 4,337.07 4,309.10 4,323.32   -9.27       -0.21  40,487.00
1130  2025-12-19 09:00:00   GOLD 4,323.36 4,328.97 4,312.68 4,325.97    2.65        0.06  88,690.00
1131  2025-12-19 13:00:00   GOLD 4,326.02 4,333.67 4,321.09 4,329.59    3.61        0.08 106,965.00
1132  2025-12-19 17:00:00   GOLD 4,329.56 4,335.70 4,320.77 4,328.36   -1.22       -0.03 122,345.00
1133  2025-12-19 21:00:00   GOLD 4,328.32 4,355.99 4,319.83 4,353.56   25.19        0.58 244,017.00
1134  2025-12-20 01:00:00   GOLD 4,353.49 4,356.62 4,336.56 4,338.77  -14.79       -0.34  77,079.00
1135  2025-12-22 05:00:00   GOLD 4,340.90 4,384.96 4,339.90 4,382.97   44.20        1.02  51,853.00
1136  2025-12-22 09:00:00   GOLD 4,382.99 4,409.76 4,378.69 4,400.21   17.24        0.39  78,583.00
1137  2025-12-22 13:00:00   GOLD 4,400.23 4,420.52 4,398.96 4,411.20   10.99        0.25  82,209.00
1138  2025-12-22 17:00:00   GOLD 4,411.19 4,427.42 4,406.06 4,423.86   12.66        0.29 162,359.00
1139  2025-12-22 21:00:00   GOLD 4,423.90 4,442.27 4,411.94 4,438.51   14.65        0.33 208,681.00
1140  2025-12-23 01:00:00   GOLD 4,438.61 4,449.39 4,429.01 4,443.74    5.23        0.12  80,595.00
1141  2025-12-23 05:00:00   GOLD 4,449.18 4,490.69 4,449.05 4,486.68   42.94        0.97  58,946.00
1142  2025-12-23 09:00:00   GOLD 4,486.66 4,497.69 4,474.92 4,475.34  -11.34       -0.25 148,409.00
1143  2025-12-23 13:00:00   GOLD 4,475.24 4,493.49 4,469.50 4,480.50    5.16        0.12 201,863.00
1144  2025-12-23 17:00:00   GOLD 4,480.55 4,497.64 4,473.51 4,479.36   -1.14       -0.03 205,624.00
1145  2025-12-23 21:00:00   GOLD 4,479.43 4,480.13 4,430.52 4,472.97   -6.39       -0.14 255,680.00
1146  2025-12-24 01:00:00   GOLD 4,473.08 4,499.82 4,472.74 4,484.55   11.59        0.26 103,788.00
1147  2025-12-24 05:00:00   GOLD 4,488.59 4,526.15 4,488.00 4,518.84   34.29        0.76 107,974.00
1148  2025-12-24 09:00:00   GOLD 4,518.81 4,519.52 4,466.54 4,488.65  -30.19       -0.67 192,668.00
1149  2025-12-24 13:00:00   GOLD 4,488.65 4,498.02 4,478.20 4,494.90    6.25        0.14 182,176.00
1150  2025-12-24 17:00:00   GOLD 4,494.89 4,500.03 4,474.72 4,488.29   -6.61       -0.15 180,680.00
1151  2025-12-24 21:00:00   GOLD 4,488.14 4,489.78 4,448.26 4,480.74   -7.55       -0.17 336,836.00
1152  2025-12-25 01:00:00   GOLD 4,480.77 4,482.50 4,477.40 4,479.41   -1.33       -0.03  15,756.00
1153  2025-12-26 05:00:00   GOLD 4,502.62 4,536.74 4,484.19 4,504.05   24.63        0.55 129,453.00
1154  2025-12-26 09:00:00   GOLD 4,504.02 4,514.98 4,492.21 4,509.82    5.77        0.13 279,647.00
1155  2025-12-26 13:00:00   GOLD 4,509.88 4,520.70 4,507.44 4,512.83    3.01        0.07 228,442.00
1156  2025-12-26 17:00:00   GOLD 4,512.80 4,528.89 4,502.91 4,525.19   12.36        0.27 235,077.00
1157  2025-12-26 21:00:00   GOLD 4,525.19 4,550.15 4,510.02 4,519.07   -6.12       -0.14 284,284.00
1158  2025-12-27 01:00:00   GOLD 4,519.06 4,535.80 4,514.70 4,533.21   14.14        0.31 172,539.00
1159  2025-12-29 05:00:00   GOLD 4,542.66 4,548.35 4,472.25 4,497.32  -35.89       -0.79 224,043.00
1160  2025-12-29 09:00:00   GOLD 4,497.32 4,520.61 4,496.45 4,506.66    9.34        0.21 235,033.00
1161  2025-12-29 13:00:00   GOLD 4,506.55 4,510.74 4,445.11 4,472.18  -34.48       -0.77 250,967.00
1162  2025-12-29 17:00:00   GOLD 4,472.16 4,474.68 4,407.15 4,421.73  -50.45       -1.13 246,428.00
1163  2025-12-29 21:00:00   GOLD 4,421.66 4,421.66 4,302.11 4,328.26  -93.48       -2.11 310,522.00
1164  2025-12-30 01:00:00   GOLD 4,328.35 4,344.69 4,322.83 4,332.56    4.31        0.10 137,645.00
1165  2025-12-30 05:00:00   GOLD 4,341.72 4,360.40 4,323.42 4,360.37   27.81        0.64 119,226.00
1166  2025-12-30 09:00:00   GOLD 4,360.36 4,380.23 4,348.81 4,377.59   17.22        0.39 206,108.00
1167  2025-12-30 13:00:00   GOLD 4,377.53 4,383.44 4,350.49 4,372.35   -5.24       -0.12 256,217.00
1168  2025-12-30 17:00:00   GOLD 4,372.28 4,404.38 4,368.01 4,388.55   16.20        0.37 277,553.00
1169  2025-12-30 21:00:00   GOLD 4,388.56 4,392.34 4,355.15 4,370.32  -18.23       -0.42 328,721.00
1170  2025-12-31 01:00:00   GOLD 4,370.32 4,378.86 4,334.80 4,339.40  -30.92       -0.71 160,376.00
1171  2025-12-31 05:00:00   GOLD 4,341.77 4,373.59 4,328.12 4,365.99   26.60        0.61 148,835.00
1172  2025-12-31 09:00:00   GOLD 4,365.95 4,371.43 4,276.69 4,285.81  -80.18       -1.84 285,708.00
1173  2025-12-31 13:00:00   GOLD 4,286.10 4,337.48 4,274.02 4,325.66   39.85        0.93 192,064.00
1174  2025-12-31 17:00:00   GOLD 4,325.68 4,348.40 4,303.26 4,346.10   20.44        0.47 186,099.00
1175  2025-12-31 21:00:00   GOLD 4,345.99 4,353.44 4,317.23 4,322.09  -24.02       -0.55 298,068.00
1176  2026-01-01 01:00:00   GOLD 4,322.01 4,331.78 4,304.65 4,322.61    0.52        0.01 144,792.00
1177  2026-01-02 05:00:00   GOLD 4,326.40 4,355.89 4,326.28 4,348.10   25.49        0.59  67,855.00
1178  2026-01-02 09:00:00   GOLD 4,348.10 4,381.98 4,345.32 4,380.66   32.56        0.75 108,477.00
1179  2026-01-02 13:00:00   GOLD 4,380.69 4,397.84 4,372.05 4,385.56    4.90        0.11 172,466.00
1180  2026-01-02 17:00:00   GOLD 4,385.59 4,402.30 4,362.16 4,366.26  -19.31       -0.44 186,897.00
1181  2026-01-02 21:00:00   GOLD 4,366.27 4,373.91 4,315.19 4,323.24  -43.01       -0.99 277,516.00
1182  2026-01-03 01:00:00   GOLD 4,323.09 4,333.73 4,309.91 4,332.06    8.82        0.20  93,834.00
1183  2026-01-05 05:00:00   GOLD 4,356.51 4,421.60 4,349.35 4,402.20   70.14        1.62 153,827.00
1184  2026-01-05 09:00:00   GOLD 4,402.08 4,414.70 4,388.57 4,412.46   10.26        0.23 205,454.00
1185  2026-01-05 13:00:00   GOLD 4,412.46 4,438.34 4,411.56 4,434.86   22.40        0.51 160,216.00
1186  2026-01-05 17:00:00   GOLD 4,434.85 4,440.06 4,396.48 4,416.97  -17.90       -0.40 175,173.00
1187  2026-01-05 21:00:00   GOLD 4,417.02 4,455.77 4,417.02 4,443.61   26.65        0.60 266,089.00
1188  2026-01-06 01:00:00   GOLD 4,443.55 4,449.54 4,434.85 4,449.17    5.56        0.13  95,150.00
1189  2026-01-06 05:00:00   GOLD 4,454.80 4,460.28 4,427.64 4,450.89    1.72        0.04  96,213.00
1190  2026-01-06 09:00:00   GOLD 4,450.90 4,474.27 4,448.72 4,452.51    1.61        0.04 169,248.00
1191  2026-01-06 13:00:00   GOLD 4,452.49 4,475.79 4,444.91 4,446.58   -5.93       -0.13 158,754.00
1192  2026-01-06 17:00:00   GOLD 4,446.56 4,470.63 4,442.66 4,468.09   21.51        0.48 173,708.00
1193  2026-01-06 21:00:00   GOLD 4,468.16 4,491.65 4,463.13 4,489.51   21.42        0.48 283,975.00
1194  2026-01-07 01:00:00   GOLD 4,489.44 4,497.31 4,477.49 4,494.64    5.12        0.11 100,108.00
1195  2026-01-07 05:00:00   GOLD 4,498.54 4,500.56 4,460.98 4,465.58  -29.06       -0.65 105,841.00
1196  2026-01-07 09:00:00   GOLD 4,465.52 4,480.52 4,443.24 4,454.38  -11.20       -0.25 182,864.00
1197  2026-01-07 13:00:00   GOLD 4,454.36 4,474.88 4,441.44 4,463.59    9.21        0.21 143,790.00
1198  2026-01-07 17:00:00   GOLD 4,463.54 4,467.74 4,428.02 4,452.96  -10.63       -0.24 179,390.00
1199  2026-01-07 21:00:00   GOLD 4,452.99 4,468.37 4,423.39 4,451.93   -1.03       -0.02 248,652.00
1200  2026-01-08 01:00:00   GOLD 4,451.81 4,461.62 4,445.55 4,456.65    4.72        0.11 111,544.00
1201  2026-01-08 05:00:00   GOLD 4,461.95 4,466.48 4,441.94 4,448.40   -8.25       -0.19 103,642.00
1202  2026-01-08 09:00:00   GOLD 4,448.40 4,449.61 4,415.40 4,425.81  -22.59       -0.51 244,432.00
1203  2026-01-08 13:00:00   GOLD 4,425.83 4,439.77 4,415.74 4,432.77    6.96        0.16 226,458.00
1204  2026-01-08 17:00:00   GOLD 4,432.78 4,436.20 4,407.84 4,423.84   -8.94       -0.20 205,979.00
1205  2026-01-08 21:00:00   GOLD 4,423.87 4,465.74 4,418.93 4,463.56   39.73        0.90 297,667.00
1206  2026-01-09 01:00:00   GOLD 4,463.53 4,479.71 4,444.72 4,477.56   14.00        0.31 118,772.00
1207  2026-01-09 05:00:00   GOLD 4,476.64 4,479.73 4,452.92 4,468.91   -8.65       -0.19  92,800.00
1208  2026-01-09 09:00:00   GOLD 4,468.97 4,476.61 4,458.30 4,468.10   -0.81       -0.02 139,369.00
1209  2026-01-09 13:00:00   GOLD 4,468.11 4,477.70 4,464.20 4,471.28    3.18        0.07 116,101.00
1210  2026-01-09 17:00:00   GOLD 4,471.23 4,492.14 4,458.94 4,482.90   11.61        0.26 158,597.00
1211  2026-01-09 21:00:00   GOLD 4,482.69 4,517.25 4,479.14 4,484.48    1.58        0.04 301,078.00
1212  2026-01-10 01:00:00   GOLD 4,484.48 4,511.47 4,483.06 4,509.66   25.18        0.56  88,467.00
1213  2026-01-12 05:00:00   GOLD 4,521.49 4,601.69 4,521.19 4,570.19   60.53        1.34 174,553.00
1214  2026-01-12 09:00:00   GOLD 4,570.18 4,585.17 4,561.94 4,581.06   10.88        0.24 210,560.00
1215  2026-01-12 13:00:00   GOLD 4,581.02 4,599.48 4,569.88 4,589.23    8.16        0.18 206,147.00
1216  2026-01-12 17:00:00   GOLD 4,589.22 4,620.38 4,578.48 4,615.90   26.68        0.58 193,962.00
1217  2026-01-12 21:00:00   GOLD 4,615.90 4,630.19 4,585.07 4,616.41    0.51        0.01 273,390.00
1218  2026-01-13 01:00:00   GOLD 4,616.44 4,618.98 4,589.41 4,597.65  -18.77       -0.41 123,275.00
1219  2026-01-13 05:00:00   GOLD 4,597.62 4,600.00 4,575.59 4,577.95  -19.70       -0.43 128,116.00
1220  2026-01-13 09:00:00   GOLD 4,577.78 4,602.19 4,576.75 4,592.23   14.28        0.31 186,998.00
1221  2026-01-13 13:00:00   GOLD 4,592.22 4,597.10 4,573.60 4,586.15   -6.07       -0.13 154,680.00
1222  2026-01-13 17:00:00   GOLD 4,586.11 4,621.03 4,577.93 4,611.56   25.41        0.55 158,128.00
1223  2026-01-13 21:00:00   GOLD 4,611.54 4,634.89 4,586.82 4,590.60  -20.97       -0.45 306,727.00
1224  2026-01-14 01:00:00   GOLD 4,590.52 4,602.09 4,569.47 4,586.01   -4.59       -0.10 140,830.00
1225  2026-01-14 05:00:00   GOLD 4,591.94 4,620.03 4,591.49 4,619.39   33.38        0.73 109,416.00
1226  2026-01-14 09:00:00   GOLD 4,619.44 4,639.89 4,613.51 4,619.90    0.51        0.01 143,493.00
1227  2026-01-14 13:00:00   GOLD 4,619.90 4,639.69 4,618.57 4,630.53   10.64        0.23 144,171.00
1228  2026-01-14 17:00:00   GOLD 4,630.52 4,641.98 4,624.31 4,635.81    5.27        0.11 168,860.00
1229  2026-01-14 21:00:00   GOLD 4,635.80 4,639.07 4,599.50 4,614.40  -21.41       -0.46 342,545.00
1230  2026-01-15 01:00:00   GOLD 4,614.38 4,642.97 4,612.90 4,626.57   12.18        0.26 169,859.00
1231  2026-01-15 05:00:00   GOLD 4,624.17 4,624.17 4,583.56 4,600.17  -26.40       -0.57 156,002.00
1232  2026-01-15 09:00:00   GOLD 4,599.47 4,614.86 4,581.06 4,595.35   -4.82       -0.10 227,617.00
1233  2026-01-15 13:00:00   GOLD 4,595.36 4,613.65 4,593.64 4,612.65   17.30        0.38 172,607.00
1234  2026-01-15 17:00:00   GOLD 4,612.68 4,623.11 4,581.62 4,588.32  -24.32       -0.53 201,492.00
1235  2026-01-15 21:00:00   GOLD 4,588.34 4,625.02 4,583.22 4,616.61   28.28        0.62 269,186.00
1236  2026-01-16 01:00:00   GOLD 4,616.64 4,621.72 4,600.71 4,616.04   -0.57       -0.01 102,442.00
1237  2026-01-16 05:00:00   GOLD 4,619.07 4,620.98 4,593.78 4,600.62  -15.42       -0.33 113,981.00
1238  2026-01-16 09:00:00   GOLD 4,600.61 4,616.31 4,591.37 4,611.58   10.96        0.24 138,948.00
1239  2026-01-16 13:00:00   GOLD 4,611.53 4,612.41 4,594.10 4,600.85  -10.73       -0.23 119,252.00
1240  2026-01-16 17:00:00   GOLD 4,600.81 4,616.33 4,582.67 4,602.06    1.21        0.03 139,221.00
1241  2026-01-16 21:00:00   GOLD 4,602.05 4,620.39 4,536.49 4,581.51  -20.55       -0.45 299,957.00
1242  2026-01-17 01:00:00   GOLD 4,581.47 4,598.64 4,579.95 4,596.32   14.81        0.32 106,744.00
1243  2026-01-19 05:00:00   GOLD 4,649.78 4,690.94 4,646.14 4,657.28   60.97        1.33 145,522.00
1244  2026-01-19 09:00:00   GOLD 4,657.28 4,674.48 4,653.23 4,670.06   12.78        0.27 124,687.00
1245  2026-01-19 13:00:00   GOLD 4,670.08 4,679.11 4,661.73 4,668.48   -1.59       -0.03 118,068.00
1246  2026-01-19 17:00:00   GOLD 4,668.48 4,673.85 4,659.73 4,666.18   -2.30       -0.05 110,371.00
1247  2026-01-19 21:00:00   GOLD 4,666.20 4,678.95 4,661.55 4,676.35   10.18        0.22  81,353.00
1248  2026-01-20 01:00:00   GOLD 4,676.35 4,680.40 4,667.11 4,670.30   -6.06       -0.13  23,796.00
1249  2026-01-20 05:00:00   GOLD 4,668.57 4,676.23 4,659.40 4,669.81   -0.49       -0.01  58,121.00
1250  2026-01-20 09:00:00   GOLD 4,669.74 4,716.74 4,665.55 4,714.63   44.82        0.96 129,695.00
1251  2026-01-20 13:00:00   GOLD 4,714.57 4,737.57 4,705.74 4,732.51   17.88        0.38 134,876.00
1252  2026-01-20 17:00:00   GOLD 4,732.49 4,738.54 4,715.03 4,737.27    4.76        0.10 147,512.00
1253  2026-01-20 21:00:00   GOLD 4,737.27 4,762.47 4,722.51 4,759.19   21.92        0.46 266,790.00
1254  2026-01-21 01:00:00   GOLD 4,759.20 4,766.40 4,747.36 4,763.37    4.18        0.09 100,962.00
1255  2026-01-21 05:00:00   GOLD 4,762.81 4,844.29 4,757.89 4,835.49   72.12        1.51 107,378.00
1256  2026-01-21 09:00:00   GOLD 4,835.45 4,878.25 4,817.24 4,870.02   34.53        0.71 173,956.00
1257  2026-01-21 13:00:00   GOLD 4,870.03 4,888.55 4,832.73 4,860.41   -9.61       -0.20 159,816.00
1258  2026-01-21 17:00:00   GOLD 4,860.38 4,880.41 4,855.19 4,879.30   18.88        0.39 132,432.00
1259  2026-01-21 21:00:00   GOLD 4,879.30 4,880.94 4,802.62 4,826.48  -52.82       -1.08 379,854.00
1260  2026-01-22 01:00:00   GOLD 4,826.36 4,854.16 4,755.07 4,831.38    4.90        0.10 265,387.00
1261  2026-01-22 05:00:00   GOLD 4,816.80 4,821.30 4,772.27 4,797.94  -33.44       -0.69 126,210.00
1262  2026-01-22 09:00:00   GOLD 4,797.77 4,821.77 4,774.61 4,821.41   23.48        0.49 147,988.00
1263  2026-01-22 13:00:00   GOLD 4,821.41 4,839.71 4,813.96 4,823.19    1.77        0.04 125,383.00
1264  2026-01-22 17:00:00   GOLD 4,823.20 4,836.43 4,810.74 4,822.29   -0.90       -0.02 131,305.00
1265  2026-01-22 21:00:00   GOLD 4,822.32 4,906.47 4,820.49 4,904.72   82.43        1.71 254,091.00
1266  2026-01-23 01:00:00   GOLD 4,904.70 4,940.89 4,901.38 4,936.07   31.36        0.64 134,103.00
1267  2026-01-23 05:00:00   GOLD 4,952.30 4,967.52 4,930.84 4,953.99   17.92        0.36 110,620.00
1268  2026-01-23 09:00:00   GOLD 4,953.94 4,967.28 4,938.10 4,960.64    6.65        0.13  71,755.00
1269  2026-01-23 13:00:00   GOLD 4,960.59 4,963.27 4,899.80 4,918.66  -41.98       -0.85 146,341.00
1270  2026-01-23 17:00:00   GOLD 4,918.72 4,947.98 4,912.07 4,939.18   20.52        0.42 174,287.00
1271  2026-01-23 21:00:00   GOLD 4,939.19 4,988.44 4,932.89 4,965.90   26.72        0.54 251,377.00
1272  2026-01-24 01:00:00   GOLD 4,965.99 4,990.12 4,958.35 4,987.55   21.65        0.44 132,942.00
1273  2026-01-26 05:00:00   GOLD 5,015.63 5,085.66 5,003.70 5,071.11   83.57        1.68 165,304.00
1274  2026-01-26 09:00:00   GOLD 5,071.09 5,092.98 5,052.36 5,074.43    3.31        0.07 229,500.00
1275  2026-01-26 13:00:00   GOLD 5,074.41 5,111.51 5,065.39 5,084.14    9.72        0.19 219,028.00
1276  2026-01-26 17:00:00   GOLD 5,084.23 5,097.10 5,054.67 5,068.73  -15.41       -0.30 196,713.00
1277  2026-01-26 21:00:00   GOLD 5,068.80 5,105.34 5,058.45 5,101.23   32.50        0.64 302,404.00
1278  2026-01-27 01:00:00   GOLD 5,101.20 5,103.22 4,990.22 5,008.88  -92.36       -1.81 408,930.00
1279  2026-01-27 05:00:00   GOLD 5,035.80 5,076.14 5,013.88 5,060.14   51.27        1.02 142,805.00
1280  2026-01-27 09:00:00   GOLD 5,059.99 5,085.49 5,049.59 5,083.11   22.97        0.45 165,669.00
1281  2026-01-27 13:00:00   GOLD 5,083.12 5,100.84 5,073.51 5,098.32   15.22        0.30 154,153.00
1282  2026-01-27 17:00:00   GOLD 5,098.66 5,098.66 5,066.64 5,077.56  -20.77       -0.41 158,466.00
1283  2026-01-27 21:00:00   GOLD 5,077.52 5,103.35 5,046.84 5,081.37    3.81        0.08 378,203.00
1284  2026-01-28 01:00:00   GOLD 5,081.40 5,190.51 5,076.45 5,180.62   99.26        1.95 259,750.00
1285  2026-01-28 05:00:00   GOLD 5,181.64 5,225.36 5,157.21 5,204.87   24.24        0.47 158,774.00
1286  2026-01-28 09:00:00   GOLD 5,204.82 5,266.44 5,201.74 5,261.35   56.48        1.09 207,143.00
1287  2026-01-28 13:00:00   GOLD 5,261.47 5,311.66 5,251.87 5,278.37   17.02        0.32 196,773.00
1288  2026-01-28 17:00:00   GOLD 5,278.41 5,289.71 5,238.59 5,266.65  -11.72       -0.22 211,224.00
1289  2026-01-28 21:00:00   GOLD 5,266.61 5,307.28 5,235.75 5,298.11   31.46        0.60 410,167.00
1290  2026-01-29 01:00:00   GOLD 5,298.15 5,419.65 5,268.45 5,418.55  120.44        2.27 420,298.00
1291  2026-01-29 05:00:00   GOLD 5,446.99 5,602.23 5,432.45 5,545.78  127.24        2.35 287,112.00
1292  2026-01-29 09:00:00   GOLD 5,545.73 5,564.73 5,504.59 5,562.65   16.87        0.30 275,436.00
1293  2026-01-29 13:00:00   GOLD 5,562.73 5,595.77 5,473.56 5,513.92  -48.73       -0.88 265,911.00
1294  2026-01-29 17:00:00   GOLD 5,513.93 5,543.23 5,470.90 5,510.78   -3.14       -0.06 243,144.00
1295  2026-01-29 21:00:00   GOLD 5,510.77 5,549.56 5,097.22 5,335.37 -175.41       -3.18 667,195.00
1296  2026-01-30 01:00:00   GOLD 5,335.40 5,426.09 5,282.98 5,370.23   34.86        0.65 396,867.00
1297  2026-01-30 05:00:00   GOLD 5,419.64 5,451.16 5,290.44 5,300.74  -69.48       -1.29 225,454.00
1298  2026-01-30 09:00:00   GOLD 5,300.74 5,312.73 5,112.10 5,185.14 -115.61       -2.18 427,263.00
1299  2026-01-30 13:00:00   GOLD 5,185.29 5,205.81 4,941.50 5,013.76 -171.38       -3.31 449,322.00
1300  2026-01-30 17:00:00   GOLD 5,013.44 5,145.98 4,992.56 5,019.65    5.89        0.12 390,037.00
1301  2026-01-30 21:00:00   GOLD 5,019.53 5,113.80 4,800.85 4,850.23 -169.42       -3.38 696,860.00
1302  2026-01-31 01:00:00   GOLD 4,850.19 4,948.55 4,679.51 4,895.44   45.21        0.93 494,193.00
1303  2026-02-02 05:00:00   GOLD 4,833.89 4,884.56 4,584.82 4,736.89 -158.55       -3.24 360,364.00
1304  2026-02-02 09:00:00   GOLD 4,736.79 4,773.23 4,498.09 4,549.31 -187.58       -3.96 489,491.00
1305  2026-02-02 13:00:00   GOLD 4,549.25 4,731.64 4,402.38 4,719.60  170.29        3.74 496,234.00
1306  2026-02-02 17:00:00   GOLD 4,719.26 4,812.27 4,657.01 4,706.31  -13.30       -0.28 370,708.00
1307  2026-02-02 21:00:00   GOLD 4,706.31 4,794.69 4,596.74 4,674.11  -32.20       -0.68 529,096.00
1308  2026-02-03 01:00:00   GOLD 4,674.21 4,712.93 4,618.67 4,661.06  -13.05       -0.28 302,373.00
1309  2026-02-03 05:00:00   GOLD 4,704.10 4,856.76 4,695.53 4,841.40  180.35        3.87 253,789.00
1310  2026-02-03 09:00:00   GOLD 4,841.38 4,842.30 4,745.68 4,825.31  -16.10       -0.33 317,981.00
1311  2026-02-03 13:00:00   GOLD 4,825.36 4,950.68 4,816.66 4,916.18   90.87        1.88 261,486.00
1312  2026-02-03 17:00:00   GOLD 4,916.21 4,951.30 4,883.69 4,933.07   16.89        0.34 209,249.00
1313  2026-02-03 21:00:00   GOLD 4,933.14 4,993.84 4,893.77 4,929.04   -4.03       -0.08 427,536.00
1314  2026-02-04 01:00:00   GOLD 4,928.68 4,964.24 4,880.60 4,946.81   17.77        0.36 288,168.00
1315  2026-02-04 05:00:00   GOLD 4,959.77 5,053.68 4,909.17 5,046.85  100.05        2.02 203,747.00
1316  2026-02-04 09:00:00   GOLD 5,046.81 5,090.44 5,035.72 5,079.45   32.60        0.65 151,736.00
1317  2026-02-04 13:00:00   GOLD 5,079.46 5,091.93 5,043.24 5,060.10  -19.35       -0.38 160,815.00
1318  2026-02-04 17:00:00   GOLD 5,060.24 5,064.58 5,013.77 5,054.19   -5.91       -0.12 162,911.00
1319  2026-02-04 21:00:00   GOLD 5,054.19 5,059.23 4,848.40 4,897.86 -156.33       -3.09 476,586.00
1320  2026-02-05 01:00:00   GOLD 4,897.92 4,971.18 4,872.86 4,964.45   66.60        1.36 216,300.00
1321  2026-02-05 05:00:00   GOLD 4,995.96 5,024.03 4,935.81 4,959.14   -5.32       -0.11 171,281.00
1322  2026-02-05 09:00:00   GOLD 4,959.19 4,962.33 4,789.65 4,896.73  -62.41       -1.26 411,065.00
1323  2026-02-05 13:00:00   GOLD 4,896.71 4,943.73 4,849.90 4,855.40  -41.33       -0.84 263,171.00
1324  2026-02-05 17:00:00   GOLD 4,855.39 4,894.81 4,802.06 4,835.64  -19.76       -0.41 281,055.00
1325  2026-02-05 21:00:00   GOLD 4,835.65 4,906.73 4,800.53 4,869.02   33.39        0.69 467,019.00
1326  2026-02-06 01:00:00   GOLD 4,868.98 4,875.25 4,759.48 4,780.68  -88.35       -1.81 241,563.00
1327  2026-02-06 05:00:00   GOLD 4,778.27 4,785.01 4,655.23 4,774.51   -6.16       -0.13 298,387.00
1328  2026-02-06 09:00:00   GOLD 4,774.49 4,898.15 4,760.86 4,897.55  123.04        2.58 254,936.00
1329  2026-02-06 13:00:00   GOLD 4,897.47 4,903.40 4,824.70 4,866.81  -30.74       -0.63 186,499.00
1330  2026-02-06 17:00:00   GOLD 4,866.80 4,938.51 4,852.05 4,929.11   62.31        1.28 168,825.00
1331  2026-02-06 21:00:00   GOLD 4,929.13 4,968.72 4,894.45 4,960.60   31.49        0.64 304,868.00
1332  2026-02-07 01:00:00   GOLD 4,960.58 4,971.34 4,936.69 4,964.62    4.02        0.08 123,030.00
1333  2026-02-09 05:00:00   GOLD 4,989.93 5,047.91 4,965.42 4,983.01   18.39        0.37 156,817.00
1334  2026-02-09 09:00:00   GOLD 4,982.95 5,041.76 4,968.89 5,036.60   53.60        1.08 154,717.00
1335  2026-02-09 13:00:00   GOLD 5,036.68 5,045.81 4,997.85 5,007.98  -28.62       -0.57 147,797.00
1336  2026-02-09 17:00:00   GOLD 5,007.93 5,025.00 4,982.49 5,007.34   -0.64       -0.01 144,356.00
1337  2026-02-09 21:00:00   GOLD 5,007.38 5,080.90 5,002.40 5,046.30   38.96        0.78 220,202.00
1338  2026-02-10 01:00:00   GOLD 5,046.29 5,086.68 5,044.44 5,057.77   11.47        0.23 154,431.00
1339  2026-02-10 05:00:00   GOLD 5,057.53 5,064.13 4,987.39 5,033.06  -24.72       -0.49 156,314.00
1340  2026-02-10 09:00:00   GOLD 5,032.98 5,056.34 5,011.44 5,039.30    6.24        0.12 149,819.00
1341  2026-02-10 13:00:00   GOLD 5,039.14 5,063.55 5,018.67 5,046.90    7.61        0.15 128,202.00
1342  2026-02-10 17:00:00   GOLD 5,046.90 5,059.06 5,019.94 5,051.18    4.27        0.08 114,934.00
1343  2026-02-10 21:00:00   GOLD 5,051.19 5,078.74 4,998.95 5,026.60  -24.57       -0.49 265,614.00
1344  2026-02-11 01:00:00   GOLD 5,026.59 5,045.60 5,004.73 5,025.12   -1.48       -0.03 118,764.00
1345  2026-02-11 05:00:00   GOLD 5,033.59 5,054.85 5,028.39 5,052.60   27.48        0.55  72,129.00
1346  2026-02-11 09:00:00   GOLD 5,052.57 5,064.04 5,032.74 5,053.15    0.55        0.01  88,237.00
1347  2026-02-11 13:00:00   GOLD 5,053.14 5,072.19 5,045.92 5,062.93    9.78        0.19  82,786.00
1348  2026-02-11 17:00:00   GOLD 5,062.91 5,119.35 5,019.72 5,065.77    2.85        0.06 186,146.00
1349  2026-02-11 21:00:00   GOLD 5,065.79 5,099.31 5,035.78 5,091.53   25.76        0.51 326,918.00
1350  2026-02-12 01:00:00   GOLD 5,091.45 5,094.29 5,066.96 5,084.28   -7.25       -0.14 140,348.00
1351  2026-02-12 05:00:00   GOLD 5,095.49 5,095.91 5,045.44 5,063.65  -20.63       -0.41 105,797.00
1352  2026-02-12 09:00:00   GOLD 5,063.56 5,078.42 5,050.98 5,075.81   12.16        0.24  90,711.00
1353  2026-02-12 13:00:00   GOLD 5,075.69 5,080.91 5,047.13 5,073.27   -2.55       -0.05  87,751.00
1354  2026-02-12 17:00:00   GOLD 5,073.27 5,083.85 5,048.94 5,075.45    2.19        0.04  72,344.00
1355  2026-02-12 21:00:00   GOLD 5,075.48 5,077.90 4,878.50 4,941.15 -134.31       -2.65 375,133.00
1356  2026-02-13 01:00:00   GOLD 4,941.14 4,958.15 4,906.77 4,922.08  -19.07       -0.39 275,860.00
1357  2026-02-13 05:00:00   GOLD 4,888.31 4,988.82 4,888.31 4,980.86   58.78        1.19 128,298.00
1358  2026-02-13 09:00:00   GOLD 4,980.78 4,997.56 4,944.93 4,946.56  -34.31       -0.69 113,062.00
1359  2026-02-13 13:00:00   GOLD 4,946.56 4,989.69 4,946.14 4,970.34   23.78        0.48 110,547.00
1360  2026-02-13 17:00:00   GOLD 4,970.35 4,999.69 4,933.64 4,987.26   16.92        0.34 117,871.00
1361  2026-02-13 21:00:00   GOLD 4,987.27 5,033.73 4,964.22 5,021.05   33.78        0.68 297,978.00
1362  2026-02-14 01:00:00   GOLD 5,021.09 5,046.48 5,015.48 5,042.74   21.69        0.43 127,472.00
1363  2026-02-16 05:00:00   GOLD 5,017.15 5,032.56 5,000.13 5,028.95  -13.78       -0.27  81,521.00
1364  2026-02-16 09:00:00   GOLD 5,028.97 5,031.28 4,964.86 4,990.77  -38.18       -0.76  93,769.00
1365  2026-02-16 13:00:00   GOLD 4,990.77 5,017.44 4,984.58 5,013.66   22.89        0.46  66,840.00
1366  2026-02-16 17:00:00   GOLD 5,013.67 5,017.23 4,989.64 4,997.36  -16.30       -0.33  60,425.00
1367  2026-02-16 21:00:00   GOLD 4,997.37 4,999.66 4,969.11 4,991.77   -5.60       -0.11  79,574.00
1368  2026-02-17 01:00:00   GOLD 4,991.86 4,997.98 4,988.65 4,992.01    0.24        0.00  14,671.00
1369  2026-02-17 05:00:00   GOLD 4,997.26 5,001.24 4,922.90 4,957.60  -34.40       -0.69  82,044.00
1370  2026-02-17 09:00:00   GOLD 4,957.48 4,971.55 4,859.20 4,888.94  -68.66       -1.39 111,528.00
1371  2026-02-17 13:00:00   GOLD 4,889.00 4,932.67 4,886.60 4,926.09   37.15        0.76  99,821.00
1372  2026-02-17 17:00:00   GOLD 4,926.03 4,944.70 4,869.97 4,870.96  -55.13       -1.12 124,460.00
1373  2026-02-17 21:00:00   GOLD 4,870.92 4,907.23 4,842.60 4,865.10   -5.86       -0.12 379,666.00
1374  2026-02-18 01:00:00   GOLD 4,865.10 4,910.90 4,862.40 4,877.85   12.76        0.26 183,962.00
1375  2026-02-18 05:00:00   GOLD 4,871.14 4,893.55 4,854.24 4,889.98   12.12        0.25  74,672.00
1376  2026-02-18 09:00:00   GOLD 4,890.02 4,940.89 4,886.48 4,933.49   43.51        0.89  57,420.00
1377  2026-02-18 13:00:00   GOLD 4,933.65 4,942.49 4,913.07 4,917.43  -16.06       -0.33  62,184.00
1378  2026-02-18 17:00:00   GOLD 4,917.47 4,969.10 4,906.43 4,954.78   37.35        0.76 101,452.00
1379  2026-02-18 21:00:00   GOLD 4,954.79 5,010.91 4,952.34 4,999.19   44.41        0.90 196,745.00
1380  2026-02-19 01:00:00   GOLD 4,999.19 5,003.27 4,972.87 4,977.26  -21.93       -0.44 163,886.00
1381  2026-02-19 05:00:00   GOLD 4,973.80 4,988.86 4,960.65 4,973.14   -4.12       -0.08  59,969.00
1382  2026-02-19 09:00:00   GOLD 4,973.08 4,998.94 4,965.82 4,997.28   24.14        0.49  50,570.00
1383  2026-02-19 13:00:00   GOLD 4,997.27 5,022.17 4,993.22 4,995.67   -1.61       -0.03  72,360.00
1384  2026-02-19 17:00:00   GOLD 4,995.62 4,998.81 4,971.12 4,997.17    1.50        0.03  96,664.00
1385  2026-02-19 21:00:00   GOLD 4,997.12 5,022.39 4,963.44 4,985.16  -12.01       -0.24 214,444.00
1386  2026-02-20 01:00:00   GOLD 4,985.20 5,004.23 4,975.41 4,996.49   11.32        0.23 121,908.00
1387  2026-02-20 05:00:00   GOLD 5,000.81 5,014.86 4,985.44 4,997.15    0.66        0.01  49,044.00
1388  2026-02-20 09:00:00   GOLD 4,997.14 5,012.19 4,981.67 5,012.19   15.04        0.30  42,535.00
1389  2026-02-20 13:00:00   GOLD 5,012.09 5,042.74 5,004.97 5,027.64   15.45        0.31  78,021.00
1390  2026-02-20 17:00:00   GOLD 5,027.67 5,048.89 5,007.28 5,043.48   15.84        0.32 101,302.00
1391  2026-02-20 21:00:00   GOLD 5,043.50 5,076.47 4,990.59 5,073.12   29.64        0.59 355,687.00
1392  2026-02-21 01:00:00   GOLD 5,073.06 5,108.72 5,053.79 5,108.26   35.14        0.69 164,668.00
1393  2026-02-23 05:00:00   GOLD 5,118.71 5,172.31 5,117.81 5,157.35   49.09        0.96 126,114.00
1394  2026-02-23 09:00:00   GOLD 5,157.38 5,176.95 5,151.77 5,158.36    1.01        0.02  83,386.00
1395  2026-02-23 13:00:00   GOLD 5,158.35 5,161.76 5,122.22 5,149.50   -8.86       -0.17  97,559.00
1396  2026-02-23 17:00:00   GOLD 5,149.59 5,165.56 5,143.85 5,146.38   -3.12       -0.06 103,565.00
1397  2026-02-23 21:00:00   GOLD 5,146.32 5,219.22 5,141.61 5,208.06   61.69        1.20 238,471.00
1398  2026-02-24 01:00:00   GOLD 5,208.09 5,237.95 5,201.02 5,226.87   18.81        0.36 136,482.00
1399  2026-02-24 05:00:00   GOLD 5,244.98 5,250.01 5,145.14 5,177.38  -49.49       -0.95 151,793.00
1400  2026-02-24 09:00:00   GOLD 5,177.38 5,191.95 5,161.12 5,182.48    5.10        0.10 108,881.00
1401  2026-02-24 13:00:00   GOLD 5,182.47 5,185.24 5,155.90 5,171.60  -10.88       -0.21  96,559.00
1402  2026-02-24 17:00:00   GOLD 5,171.55 5,181.49 5,111.00 5,115.15  -56.45       -1.09 121,506.00
1403  2026-02-24 21:00:00   GOLD 5,115.14 5,163.86 5,093.23 5,163.78   48.63        0.95 246,410.00
1404  2026-02-25 01:00:00   GOLD 5,163.72 5,173.31 5,139.88 5,143.93  -19.85       -0.38 123,579.00
1405  2026-02-25 05:00:00   GOLD 5,135.49 5,189.90 5,128.28 5,176.69   32.76        0.64  87,650.00
1406  2026-02-25 09:00:00   GOLD 5,176.66 5,210.68 5,166.49 5,201.70   25.02        0.48  92,786.00
1407  2026-02-25 13:00:00   GOLD 5,201.72 5,201.73 5,176.64 5,193.30   -8.41       -0.16  92,375.00
1408  2026-02-25 17:00:00   GOLD 5,193.30 5,195.28 5,155.10 5,185.20   -8.09       -0.16  99,913.00
1409  2026-02-25 21:00:00   GOLD 5,185.18 5,217.78 5,158.65 5,206.94   21.74        0.42 187,863.00
1410  2026-02-26 01:00:00   GOLD 5,206.96 5,208.44 5,144.90 5,163.58  -43.36       -0.83 129,266.00
1411  2026-02-26 05:00:00   GOLD 5,173.57 5,198.45 5,155.13 5,191.50   27.92        0.54 114,706.00
1412  2026-02-26 09:00:00   GOLD 5,191.49 5,205.64 5,174.07 5,198.36    6.86        0.13 102,163.00
1413  2026-02-26 13:00:00   GOLD 5,198.40 5,199.82 5,167.70 5,186.49  -11.88       -0.23 106,018.00
1414  2026-02-26 17:00:00   GOLD 5,186.48 5,190.34 5,157.87 5,165.99  -20.49       -0.40 118,221.00
1415  2026-02-26 21:00:00   GOLD 5,165.98 5,192.95 5,130.23 5,167.35    1.35        0.03 294,838.00
1416  2026-02-27 01:00:00   GOLD 5,167.49 5,201.01 5,160.53 5,185.17   17.82        0.34 118,770.00
1417  2026-02-27 05:00:00   GOLD 5,182.03 5,195.03 5,166.99 5,194.41    9.24        0.18  79,117.00
1418  2026-02-27 09:00:00   GOLD 5,194.47 5,200.64 5,173.59 5,197.81    3.40        0.07  93,606.00
1419  2026-02-27 13:00:00   GOLD 5,197.83 5,199.47 5,172.23 5,176.11  -21.70       -0.42  88,155.00
1420  2026-02-27 17:00:00   GOLD 5,176.15 5,240.82 5,168.69 5,223.22   47.11        0.91 127,747.00
1421  2026-02-27 21:00:00   GOLD 5,223.17 5,257.75 5,213.94 5,234.74   11.52        0.22 276,773.00
1422  2026-02-28 01:00:00   GOLD 5,234.75 5,281.15 5,222.66 5,278.51   43.77        0.84 149,143.00
1423  2026-03-02 05:00:00   GOLD 5,368.53 5,394.01 5,303.39 5,325.44   46.93        0.89 251,302.00
1424  2026-03-02 09:00:00   GOLD 5,325.34 5,367.32 5,317.32 5,366.04   40.60        0.76 120,713.00
1425  2026-03-02 13:00:00   GOLD 5,366.05 5,419.66 5,363.84 5,392.11   26.07        0.49 146,641.00
1426  2026-03-02 17:00:00   GOLD 5,392.11 5,417.05 5,374.37 5,394.08    1.97        0.04 168,903.00
1427  2026-03-02 21:00:00   GOLD 5,394.10 5,395.38 5,260.28 5,306.99  -87.09       -1.61 437,525.00
1428  2026-03-03 01:00:00   GOLD 5,306.99 5,346.59 5,289.87 5,321.94   14.94        0.28 162,343.00
1429  2026-03-03 05:00:00   GOLD 5,344.96 5,379.98 5,329.30 5,339.67   17.73        0.33 109,325.00
1430  2026-03-03 09:00:00   GOLD 5,339.69 5,375.86 5,305.10 5,319.32  -20.35       -0.38 160,464.00
1431  2026-03-03 13:00:00   GOLD 5,319.36 5,336.12 5,225.57 5,275.35  -43.97       -0.83 235,649.00
1432  2026-03-03 17:00:00   GOLD 5,275.28 5,288.07 5,073.14 5,156.90 -118.45       -2.25 358,623.00
1433  2026-03-03 21:00:00   GOLD 5,156.89 5,175.70 4,996.27 5,079.63  -77.27       -1.50 499,469.00
1434  2026-03-04 01:00:00   GOLD 5,079.55 5,149.06 5,079.38 5,088.84    9.20        0.18 253,853.00
1435  2026-03-04 05:00:00   GOLD 5,106.34 5,178.82 5,105.37 5,175.15   86.32        1.70 145,436.00
1436  2026-03-04 09:00:00   GOLD 5,175.07 5,191.06 5,141.14 5,160.09  -15.06       -0.29 200,568.00
1437  2026-03-04 13:00:00   GOLD 5,160.10 5,185.40 5,117.72 5,182.51   22.42        0.43 173,862.00
1438  2026-03-04 17:00:00   GOLD 5,182.53 5,206.27 5,156.51 5,167.97  -14.55       -0.28 190,166.00
1439  2026-03-04 21:00:00   GOLD 5,167.99 5,185.33 5,120.28 5,141.28  -26.68       -0.52 360,246.00
1440  2026-03-05 01:00:00   GOLD 5,141.23 5,146.94 5,108.64 5,140.94   -0.34       -0.01 153,781.00
1441  2026-03-05 05:00:00   GOLD 5,152.48 5,186.57 5,144.86 5,172.85   31.91        0.62  83,813.00
1442  2026-03-05 09:00:00   GOLD 5,172.80 5,195.22 5,148.41 5,148.76  -24.10       -0.47 106,369.00
1443  2026-03-05 13:00:00   GOLD 5,148.76 5,180.48 5,120.78 5,161.26   12.51        0.24 189,705.00
1444  2026-03-05 17:00:00   GOLD 5,161.26 5,171.54 5,081.23 5,118.09  -43.18       -0.84 167,254.00
1445  2026-03-05 21:00:00   GOLD 5,118.09 5,130.01 5,054.22 5,062.87  -55.22       -1.08 424,820.00
1446  2026-03-06 01:00:00   GOLD 5,062.75 5,094.93 5,050.90 5,081.38   18.51        0.37 268,809.00
1447  2026-03-06 05:00:00   GOLD 5,090.81 5,144.05 5,066.40 5,134.57   53.19        1.05 110,670.00
1448  2026-03-06 09:00:00   GOLD 5,134.44 5,141.64 5,114.23 5,117.63  -16.94       -0.33 101,699.00
1449  2026-03-06 13:00:00   GOLD 5,117.60 5,123.16 5,083.33 5,085.72  -31.91       -0.62 128,837.00
1450  2026-03-06 17:00:00   GOLD 5,085.77 5,131.24 5,063.22 5,085.12   -0.60       -0.01 232,886.00
1451  2026-03-06 21:00:00   GOLD 5,085.17 5,171.89 5,080.90 5,141.01   55.89        1.10 412,644.00
1452  2026-03-07 01:00:00   GOLD 5,141.02 5,176.63 5,138.88 5,171.50   30.49        0.59 174,681.00
1453  2026-03-09 04:00:00   GOLD 5,171.95 5,171.95 5,028.54 5,050.03 -121.47       -2.35 216,231.00
1454  2026-03-09 08:00:00   GOLD 5,049.62 5,102.26 5,015.05 5,090.36   40.33        0.80 244,796.00
1455  2026-03-09 12:00:00   GOLD 5,090.35 5,140.79 5,081.19 5,096.73    6.37        0.13 217,445.00
1456  2026-03-09 16:00:00   GOLD 5,096.71 5,132.77 5,079.93 5,095.07   -1.66       -0.03 194,900.00
1457  2026-03-09 20:00:00   GOLD 5,095.07 5,116.28 5,060.60 5,104.74    9.67        0.19 352,244.00
1458  2026-03-10 00:00:00   GOLD 5,104.76 5,148.20 5,089.14 5,137.91   33.17        0.65 168,491.00
1459  2026-03-10 04:00:00   GOLD 5,128.81 5,156.21 5,117.35 5,131.23   -6.68       -0.13  85,307.00
1460  2026-03-10 08:00:00   GOLD 5,131.15 5,187.06 5,124.84 5,163.85   32.62        0.64 156,353.00
1461  2026-03-10 12:00:00   GOLD 5,163.84 5,195.40 5,158.40 5,183.48   19.63        0.38  93,587.00
1462  2026-03-10 16:00:00   GOLD 5,183.58 5,192.05 5,156.50 5,187.09    3.61        0.07 146,983.00
1463  2026-03-10 20:00:00   GOLD 5,187.01 5,238.77 5,185.30 5,227.58   40.49        0.78 159,633.00
1464  2026-03-11 00:00:00   GOLD 5,227.59 5,235.55 5,160.65 5,192.51  -35.07       -0.67 191,246.00
1465  2026-03-11 04:00:00   GOLD 5,191.79 5,219.59 5,183.47 5,215.45   22.94        0.44  45,317.00
1466  2026-03-11 08:00:00   GOLD 5,215.45 5,223.39 5,194.02 5,204.61  -10.85       -0.21  83,803.00
1467  2026-03-11 12:00:00   GOLD 5,204.40 5,210.97 5,175.35 5,187.69  -16.91       -0.33  88,731.00
1468  2026-03-11 16:00:00   GOLD 5,187.67 5,197.18 5,166.84 5,167.53  -20.16       -0.39  84,685.00
1469  2026-03-11 20:00:00   GOLD 5,167.48 5,196.31 5,149.15 5,175.77    8.24        0.16 213,638.00
1470  2026-03-12 00:00:00   GOLD 5,175.84 5,183.76 5,154.98 5,176.48    0.71        0.01 113,863.00
1471  2026-03-12 04:00:00   GOLD 5,178.05 5,178.32 5,125.64 5,153.20  -23.27       -0.45  92,508.00
1472  2026-03-12 08:00:00   GOLD 5,153.20 5,175.15 5,140.62 5,142.70  -10.51       -0.20 130,350.00
1473  2026-03-12 12:00:00   GOLD 5,142.76 5,189.86 5,137.17 5,178.22   35.52        0.69  84,123.00
1474  2026-03-12 16:00:00   GOLD 5,178.20 5,191.79 5,163.69 5,181.62    3.40        0.07  89,653.00
1475  2026-03-12 20:00:00   GOLD 5,181.57 5,186.15 5,109.85 5,123.55  -58.07       -1.12 218,527.00
1476  2026-03-13 00:00:00   GOLD 5,123.49 5,129.87 5,055.12 5,079.26  -44.30       -0.86 189,368.00
1477  2026-03-13 04:00:00   GOLD 5,083.86 5,115.40 5,077.79 5,113.78   34.52        0.68  43,037.00
1478  2026-03-13 08:00:00   GOLD 5,113.95 5,128.48 5,102.82 5,104.59   -9.19       -0.18  78,444.00
1479  2026-03-13 12:00:00   GOLD 5,104.82 5,111.26 5,061.72 5,087.55  -17.04       -0.33 106,265.00
1480  2026-03-13 16:00:00   GOLD 5,087.48 5,122.01 5,079.94 5,118.30   30.75        0.60  73,151.00
1481  2026-03-13 20:00:00   GOLD 5,118.34 5,121.27 5,019.20 5,046.05  -72.26       -1.41 221,291.00
1482  2026-03-14 00:00:00   GOLD 5,045.95 5,064.08 5,009.74 5,020.60  -25.44       -0.50 172,936.00
1483  2026-03-16 04:00:00   GOLD 5,014.95 5,031.01 4,967.77 5,026.01    5.40        0.11 124,679.00
1484  2026-03-16 08:00:00   GOLD 5,026.02 5,026.66 4,982.68 5,013.05  -12.95       -0.26 156,361.00
1485  2026-03-16 12:00:00   GOLD 5,013.05 5,036.01 4,985.11 4,991.31  -21.74       -0.43 120,301.00
1486  2026-03-16 16:00:00   GOLD 4,991.14 5,025.59 4,970.23 5,020.06   28.76        0.58 120,491.00
1487  2026-03-16 20:00:00   GOLD 5,020.06 5,038.15 4,974.23 4,990.74  -29.32       -0.58 197,783.00
1488  2026-03-17 00:00:00   GOLD 4,990.78 5,021.84 4,984.02 5,006.56   15.82        0.32 146,360.00
1489  2026-03-17 04:00:00   GOLD 5,011.11 5,016.19 4,998.29 5,003.03   -3.53       -0.07  60,075.00
1490  2026-03-17 08:00:00   GOLD 5,002.91 5,042.19 4,994.94 5,038.05   35.02        0.70 114,574.00
1491  2026-03-17 12:00:00   GOLD 5,038.05 5,044.90 5,005.04 5,024.95  -13.10       -0.26 113,986.00
1492  2026-03-17 16:00:00   GOLD 5,024.90 5,026.06 4,992.06 5,011.90  -13.05       -0.26  88,693.00
1493  2026-03-17 20:00:00   GOLD 5,011.90 5,031.59 4,973.72 5,002.06   -9.84       -0.20 184,955.00
1494  2026-03-18 00:00:00   GOLD 5,002.05 5,009.21 4,996.44 5,005.73    3.66        0.07 102,818.00
1495  2026-03-18 04:00:00   GOLD 5,001.96 5,012.24 4,993.39 5,004.32   -1.41       -0.03  28,386.00
1496  2026-03-18 08:00:00   GOLD 5,004.30 5,016.29 4,981.83 4,987.20  -17.12       -0.34 107,571.00
1497  2026-03-18 12:00:00   GOLD 4,987.17 5,016.53 4,977.45 4,987.65    0.45        0.01  97,733.00
1498  2026-03-18 16:00:00   GOLD 4,987.65 4,995.85 4,870.87 4,881.81 -105.83       -2.12 178,376.00
1499  2026-03-18 20:00:00   GOLD 4,881.78 4,894.67 4,834.38 4,886.95    5.14        0.11 274,460.00
1500  2026-03-19 00:00:00   GOLD 4,887.00 4,899.46 4,806.85 4,818.41  -68.53       -1.40 222,205.00
1501  2026-03-19 04:00:00   GOLD 4,824.65 4,848.87 4,804.23 4,841.38   22.97        0.48  90,622.00
1502  2026-03-19 08:00:00   GOLD 4,841.39 4,867.23 4,832.99 4,849.87    8.49        0.18 140,277.00
1503  2026-03-19 12:00:00   GOLD 4,849.86 4,853.89 4,686.89 4,709.64 -140.23       -2.89 260,761.00
1504  2026-03-19 16:00:00   GOLD 4,709.64 4,726.02 4,531.27 4,574.81 -134.82       -2.86 360,079.00
1505  2026-03-19 20:00:00   GOLD 4,574.74 4,649.31 4,502.36 4,584.95   10.14        0.22 588,903.00
1506  2026-03-20 00:00:00   GOLD 4,584.94 4,663.63 4,573.91 4,650.72   65.77        1.43 337,277.00
1507  2026-03-20 04:00:00   GOLD 4,659.99 4,677.20 4,634.35 4,648.74   -1.98       -0.04  87,801.00
1508  2026-03-20 08:00:00   GOLD 4,648.74 4,736.18 4,639.42 4,721.82   73.07        1.57 184,623.00
1509  2026-03-20 12:00:00   GOLD 4,721.85 4,734.96 4,661.31 4,693.85  -27.97       -0.59 165,174.00
1510  2026-03-20 16:00:00   GOLD 4,693.85 4,700.65 4,637.24 4,678.44  -15.41       -0.33 215,424.00
1511  2026-03-20 20:00:00   GOLD 4,678.42 4,679.61 4,540.78 4,583.10  -95.34       -2.04 501,456.00
1512  2026-03-21 00:00:00   GOLD 4,583.15 4,600.89 4,477.54 4,497.48  -85.62       -1.87 383,744.00
1513  2026-03-23 04:00:00   GOLD 4,472.24 4,536.41 4,319.92 4,354.32 -143.15       -3.18 210,850.00
1514  2026-03-23 08:00:00   GOLD 4,354.13 4,454.51 4,330.32 4,367.97   13.65        0.31 428,328.00
1515  2026-03-23 12:00:00   GOLD 4,367.92 4,380.15 4,099.12 4,251.44 -116.53       -2.67 535,564.00
1516  2026-03-23 16:00:00   GOLD 4,251.45 4,492.93 4,223.69 4,478.51  227.07        5.34 515,397.00
1517  2026-03-23 20:00:00   GOLD 4,478.51 4,513.16 4,350.63 4,375.79 -102.72       -2.29 728,575.00
1518  2026-03-24 00:00:00   GOLD 4,375.74 4,467.27 4,370.82 4,406.51   30.72        0.70 340,961.00
1519  2026-03-24 04:00:00   GOLD 4,382.82 4,448.35 4,331.36 4,364.59  -41.91       -0.95 169,183.00
1520  2026-03-24 08:00:00   GOLD 4,364.64 4,379.47 4,305.88 4,333.60  -30.99       -0.71 359,283.00
1521  2026-03-24 12:00:00   GOLD 4,333.60 4,433.31 4,320.04 4,412.02   78.43        1.81 367,090.00
1522  2026-03-24 16:00:00   GOLD 4,411.98 4,442.24 4,362.06 4,379.11  -32.91       -0.75 323,360.00
1523  2026-03-24 20:00:00   GOLD 4,379.06 4,434.31 4,351.09 4,421.48   42.37        0.97 540,409.00
1524  2026-03-25 00:00:00   GOLD 4,421.49 4,484.49 4,372.65 4,474.27   52.79        1.19 361,580.00
1525  2026-03-25 04:00:00   GOLD 4,476.64 4,572.18 4,455.89 4,563.30   89.02        1.99 161,186.00
1526  2026-03-25 08:00:00   GOLD 4,563.27 4,602.65 4,552.38 4,573.02    9.73        0.21 141,916.00
1527  2026-03-25 12:00:00   GOLD 4,573.15 4,573.59 4,533.15 4,556.32  -16.70       -0.37 161,478.00
1528  2026-03-25 16:00:00   GOLD 4,556.30 4,585.60 4,521.88 4,544.10  -12.22       -0.27 203,020.00
1529  2026-03-25 20:00:00   GOLD 4,544.09 4,579.44 4,525.27 4,555.14   11.04        0.24 369,940.00
1530  2026-03-26 00:00:00   GOLD 4,555.15 4,569.02 4,486.59 4,506.85  -48.29       -1.06 196,694.00
1531  2026-03-26 04:00:00   GOLD 4,521.85 4,539.06 4,489.07 4,535.78   28.93        0.64 102,334.00
1532  2026-03-26 08:00:00   GOLD 4,535.72 4,544.81 4,500.06 4,520.54  -15.24       -0.34 138,897.00
1533  2026-03-26 12:00:00   GOLD 4,520.58 4,522.55 4,412.44 4,428.06  -92.48       -2.05 280,214.00
1534  2026-03-26 16:00:00   GOLD 4,427.99 4,456.86 4,414.70 4,429.47    1.41        0.03 270,430.00
1535  2026-03-26 20:00:00   GOLD 4,429.31 4,479.90 4,366.95 4,389.38  -40.10       -0.91 429,326.00
1536  2026-03-27 00:00:00   GOLD 4,389.31 4,420.75 4,351.35 4,378.20  -11.18       -0.25 324,507.00
1537  2026-03-27 04:00:00   GOLD 4,388.67 4,415.40 4,375.52 4,378.76    0.56        0.01  71,042.00
1538  2026-03-27 08:00:00   GOLD 4,378.74 4,449.83 4,377.28 4,445.95   67.19        1.53 125,079.00
1539  2026-03-27 12:00:00   GOLD 4,446.08 4,475.30 4,424.02 4,424.51  -21.44       -0.48 146,692.00
1540  2026-03-27 16:00:00   GOLD 4,424.47 4,445.34 4,404.58 4,438.01   13.50        0.31 157,229.00
1541  2026-03-27 20:00:00   GOLD 4,437.97 4,555.63 4,413.77 4,507.35   69.34        1.56 317,653.00
1542  2026-03-28 00:00:00   GOLD 4,511.27 4,528.76 4,486.51 4,493.69  -13.67       -0.30 199,576.00
1543  2026-03-30 04:00:00   GOLD 4,512.54 4,513.55 4,417.43 4,432.30  -61.39       -1.37 179,921.00
1544  2026-03-30 08:00:00   GOLD 4,431.87 4,518.18 4,431.82 4,497.02   64.73        1.46 234,471.00
1545  2026-03-30 12:00:00   GOLD 4,497.03 4,550.85 4,497.02 4,538.22   41.20        0.92 178,051.00
1546  2026-03-30 16:00:00   GOLD 4,538.23 4,580.73 4,523.60 4,569.44   31.22        0.69 185,961.00
1547  2026-03-30 20:00:00   GOLD 4,569.49 4,578.84 4,512.57 4,539.98  -29.46       -0.64 333,019.00
1548  2026-03-31 00:00:00   GOLD 4,539.92 4,542.46 4,493.10 4,510.65  -29.34       -0.65 199,274.00
1549  2026-03-31 04:00:00   GOLD 4,517.71 4,548.31 4,482.66 4,547.94   37.29        0.83 136,057.00
1550  2026-03-31 08:00:00   GOLD 4,547.94 4,619.26 4,532.15 4,564.93   16.99        0.37 238,656.00
1551  2026-03-31 12:00:00   GOLD 4,564.53 4,581.94 4,543.51 4,568.76    3.83        0.08 161,280.00
1552  2026-03-31 16:00:00   GOLD 4,568.80 4,597.76 4,529.55 4,574.82    6.06        0.13 186,987.00
1553  2026-03-31 20:00:00   GOLD 4,575.00 4,651.59 4,567.98 4,638.23   63.41        1.39 308,893.00
1554  2026-04-01 00:00:00   GOLD 4,638.14 4,687.34 4,636.50 4,667.88   29.65        0.64 267,046.00
1555  2026-04-01 04:00:00   GOLD 4,674.53 4,722.60 4,662.12 4,710.92   43.05        0.92 103,756.00
1556  2026-04-01 08:00:00   GOLD 4,710.93 4,724.52 4,667.19 4,676.49  -34.43       -0.73 159,294.00
1557  2026-04-01 12:00:00   GOLD 4,676.61 4,747.81 4,674.72 4,728.70   52.20        1.12 171,743.00
1558  2026-04-01 16:00:00   GOLD 4,728.77 4,762.90 4,713.19 4,724.77   -3.93       -0.08 150,689.00
1559  2026-04-01 20:00:00   GOLD 4,724.82 4,790.84 4,716.28 4,787.30   62.53        1.32 285,879.00
1560  2026-04-02 00:00:00   GOLD 4,787.31 4,793.19 4,742.17 4,758.20  -29.10       -0.61 191,243.00
1561  2026-04-02 04:00:00   GOLD 4,758.47 4,800.80 4,751.98 4,784.42   26.22        0.55  98,071.00
1562  2026-04-02 08:00:00   GOLD 4,784.41 4,786.36 4,649.47 4,672.65 -111.77       -2.34 314,119.00
1563  2026-04-02 12:00:00   GOLD 4,672.64 4,680.91 4,553.85 4,621.01  -51.64       -1.11 235,179.00
1564  2026-04-02 16:00:00   GOLD 4,620.99 4,635.44 4,592.90 4,601.77  -19.24       -0.42 185,118.00
1565  2026-04-02 20:00:00   GOLD 4,601.71 4,699.89 4,580.65 4,659.22   57.45        1.25 466,981.00
1566  2026-04-03 00:00:00   GOLD 4,659.22 4,682.01 4,645.78 4,676.74   17.53        0.38 177,553.00
1567  2026-04-06 04:00:00   GOLD 4,638.25 4,654.59 4,600.85 4,622.59  -54.16       -1.16 138,211.00
1568  2026-04-06 08:00:00   GOLD 4,622.63 4,671.73 4,620.60 4,659.21   36.62        0.79 145,060.00
1569  2026-04-06 12:00:00   GOLD 4,659.20 4,698.21 4,643.51 4,695.86   36.65        0.79 130,116.00
1570  2026-04-06 16:00:00   GOLD 4,696.09 4,706.88 4,659.65 4,676.22  -19.64       -0.42 113,437.00
1571  2026-04-06 20:00:00   GOLD 4,676.21 4,697.78 4,652.10 4,660.52  -15.70       -0.34 254,445.00
1572  2026-04-07 00:00:00   GOLD 4,660.55 4,666.73 4,645.81 4,649.99  -10.52       -0.23 133,801.00
1573  2026-04-07 04:00:00   GOLD 4,661.76 4,667.97 4,649.46 4,655.23    5.23        0.11  48,909.00
1574  2026-04-07 08:00:00   GOLD 4,655.22 4,664.53 4,616.53 4,660.15    4.93        0.11 185,242.00
1575  2026-04-07 12:00:00   GOLD 4,660.24 4,691.23 4,623.48 4,683.03   22.88        0.49 187,265.00
1576  2026-04-07 16:00:00   GOLD 4,682.90 4,694.90 4,629.02 4,651.67  -31.36       -0.67 214,779.00
1577  2026-04-07 20:00:00   GOLD 4,651.68 4,668.82 4,607.63 4,657.29    5.62        0.12 339,088.00
1578  2026-04-08 00:00:00   GOLD 4,657.28 4,718.96 4,654.11 4,704.81   47.52        1.02 240,469.00
1579  2026-04-08 04:00:00   GOLD 4,741.85 4,858.22 4,713.04 4,817.72  112.90        2.40 231,077.00
1580  2026-04-08 08:00:00   GOLD 4,817.73 4,825.44 4,788.12 4,803.52  -14.20       -0.29 150,908.00
1581  2026-04-08 12:00:00   GOLD 4,803.53 4,843.90 4,790.39 4,794.20   -9.32       -0.19 150,430.00
1582  2026-04-08 16:00:00   GOLD 4,794.12 4,807.42 4,768.40 4,799.77    5.57        0.12 137,098.00
1583  2026-04-08 20:00:00   GOLD 4,799.70 4,806.92 4,732.31 4,760.52  -39.24       -0.82 306,279.00
1584  2026-04-09 00:00:00   GOLD 4,760.60 4,764.51 4,699.31 4,718.96  -41.56       -0.87 182,937.00
1585  2026-04-09 04:00:00   GOLD 4,727.55 4,729.67 4,698.73 4,707.19  -11.77       -0.25  76,360.00
1586  2026-04-09 08:00:00   GOLD 4,707.18 4,733.04 4,699.90 4,720.92   13.73        0.29 116,061.00
1587  2026-04-09 12:00:00   GOLD 4,720.98 4,733.19 4,703.58 4,726.17    5.25        0.11 147,268.00
1588  2026-04-09 16:00:00   GOLD 4,726.15 4,759.87 4,723.25 4,746.07   19.90        0.42 112,779.00
1589  2026-04-09 20:00:00   GOLD 4,746.06 4,801.28 4,738.65 4,789.09   43.02        0.91 321,647.00
1590  2026-04-10 00:00:00   GOLD 4,789.09 4,801.39 4,760.84 4,765.40  -23.69       -0.49 175,302.00
1591  2026-04-10 04:00:00   GOLD 4,772.62 4,772.62 4,750.53 4,763.21   -2.19       -0.05  40,328.00
1592  2026-04-10 08:00:00   GOLD 4,763.22 4,777.42 4,738.10 4,758.52   -4.69       -0.10 104,942.00
1593  2026-04-10 12:00:00   GOLD 4,758.51 4,769.39 4,730.74 4,740.98  -17.55       -0.37 108,585.00
1594  2026-04-10 16:00:00   GOLD 4,741.01 4,782.60 4,740.69 4,771.92   30.94        0.65 116,744.00
1595  2026-04-10 20:00:00   GOLD 4,771.93 4,794.98 4,747.38 4,763.84   -8.08       -0.17 265,723.00
1596  2026-04-11 00:00:00   GOLD 4,763.86 4,773.35 4,741.01 4,749.69  -14.15       -0.30 136,033.00
1597  2026-04-13 04:00:00   GOLD 4,670.43 4,698.96 4,644.47 4,695.64  -54.05       -1.14 103,034.00
1598  2026-04-13 08:00:00   GOLD 4,695.63 4,728.23 4,693.79 4,723.16   27.52        0.59 137,783.00
1599  2026-04-13 12:00:00   GOLD 4,723.17 4,740.03 4,716.39 4,723.63    0.47        0.01 120,815.00
1600  2026-04-13 16:00:00   GOLD 4,723.64 4,729.23 4,703.38 4,723.48   -0.15       -0.00 131,718.00
1601  2026-04-13 20:00:00   GOLD 4,723.43 4,746.27 4,700.56 4,733.22    9.74        0.21 329,800.00
1602  2026-04-14 00:00:00   GOLD 4,733.23 4,750.20 4,723.54 4,740.34    7.12        0.15 126,910.00
1603  2026-04-14 04:00:00   GOLD 4,746.92 4,776.07 4,745.84 4,769.98   29.64        0.63  55,226.00
1604  2026-04-14 08:00:00   GOLD 4,769.94 4,777.39 4,761.79 4,774.24    4.26        0.09  91,371.00
1605  2026-04-14 12:00:00   GOLD 4,774.24 4,796.63 4,757.85 4,786.97   12.73        0.27 138,047.00
1606  2026-04-14 16:00:00   GOLD 4,787.08 4,789.40 4,751.22 4,771.48  -15.49       -0.32 122,211.00
1607  2026-04-14 20:00:00   GOLD 4,771.48 4,820.34 4,771.19 4,810.07   38.60        0.81 217,631.00
1608  2026-04-15 00:00:00   GOLD 4,810.12 4,846.37 4,809.54 4,841.76   31.69        0.66 121,348.00
1609  2026-04-15 04:00:00   GOLD 4,849.15 4,850.88 4,827.28 4,835.56   -6.20       -0.13  47,800.00
1610  2026-04-15 08:00:00   GOLD 4,835.52 4,871.38 4,816.91 4,825.07  -10.49       -0.22 118,323.00
1611  2026-04-15 12:00:00   GOLD 4,825.12 4,830.53 4,804.05 4,818.63   -6.44       -0.13 112,884.00
1612  2026-04-15 16:00:00   GOLD 4,818.56 4,819.56 4,786.08 4,811.76   -6.87       -0.14 139,135.00
1613  2026-04-15 20:00:00   GOLD 4,811.69 4,830.61 4,787.15 4,803.98   -7.78       -0.16 206,308.00
1614  2026-04-16 00:00:00   GOLD 4,803.98 4,808.96 4,787.90 4,790.94  -13.05       -0.27 117,090.00
1615  2026-04-16 04:00:00   GOLD 4,798.47 4,837.81 4,790.87 4,833.15   42.21        0.88  49,394.00
1616  2026-04-16 08:00:00   GOLD 4,833.20 4,836.47 4,811.33 4,833.19    0.04        0.00  80,626.00
1617  2026-04-16 12:00:00   GOLD 4,833.21 4,838.56 4,806.59 4,813.85  -19.34       -0.40 122,001.00
1618  2026-04-16 16:00:00   GOLD 4,813.81 4,823.14 4,805.16 4,816.27    2.41        0.05  93,826.00
1619  2026-04-16 20:00:00   GOLD 4,816.28 4,824.04 4,772.57 4,792.10  -24.17       -0.50 287,506.00
1620  2026-04-17 00:00:00   GOLD 4,792.10 4,798.67 4,781.45 4,790.66   -1.44       -0.03 107,501.00
1621  2026-04-17 04:00:00   GOLD 4,793.94 4,801.30 4,785.97 4,794.85    4.19        0.09  41,779.00
1622  2026-04-17 08:00:00   GOLD 4,794.88 4,804.48 4,767.85 4,802.99    8.15        0.17  95,158.00
1623  2026-04-17 12:00:00   GOLD 4,802.99 4,806.20 4,778.81 4,796.11   -6.89       -0.14  93,418.00
1624  2026-04-17 16:00:00   GOLD 4,796.11 4,848.01 4,782.26 4,846.52   50.41        1.05 125,188.00
1625  2026-04-17 20:00:00   GOLD 4,846.53 4,891.54 4,834.91 4,867.18   20.66        0.43 345,698.00
1626  2026-04-18 00:00:00   GOLD 4,867.15 4,869.66 4,830.79 4,831.61  -35.57       -0.73 192,426.00
1627  2026-04-20 04:00:00   GOLD 4,774.81 4,794.97 4,736.83 4,772.81  -58.80       -1.22 112,826.00
1628  2026-04-20 08:00:00   GOLD 4,772.80 4,814.46 4,771.44 4,789.03   16.22        0.34 112,464.00
1629  2026-04-20 12:00:00   GOLD 4,789.06 4,805.80 4,779.54 4,796.40    7.36        0.15 142,596.00
1630  2026-04-20 16:00:00   GOLD 4,796.35 4,822.18 4,783.72 4,803.51    7.11        0.15 130,854.00
1631  2026-04-20 20:00:00   GOLD 4,803.49 4,827.69 4,792.61 4,805.55    2.05        0.04 282,629.00
1632  2026-04-21 00:00:00   GOLD 4,805.65 4,821.98 4,803.90 4,820.11   14.56        0.30  87,228.00
1633  2026-04-21 04:00:00   GOLD 4,825.14 4,833.40 4,817.00 4,823.90    3.78        0.08  56,057.00
1634  2026-04-21 08:00:00   GOLD 4,823.90 4,824.54 4,788.87 4,789.49  -34.41       -0.71  75,360.00
1635  2026-04-21 12:00:00   GOLD 4,789.41 4,797.15 4,772.89 4,786.09   -3.40       -0.07 123,743.00
1636  2026-04-21 16:00:00   GOLD 4,786.11 4,798.03 4,766.55 4,778.98   -7.11       -0.15 120,352.00
1637  2026-04-21 20:00:00   GOLD 4,778.97 4,794.52 4,708.38 4,711.27  -67.71       -1.42 348,553.00
1638  2026-04-22 00:00:00   GOLD 4,711.29 4,722.28 4,668.62 4,720.69    9.41        0.20 329,802.00
1639  2026-04-22 04:00:00   GOLD 4,726.09 4,747.45 4,715.78 4,740.02   19.34        0.41  54,762.00
1640  2026-04-22 08:00:00   GOLD 4,739.96 4,765.03 4,735.88 4,754.66   14.64        0.31  88,756.00
1641  2026-04-22 12:00:00   GOLD 4,754.72 4,772.39 4,751.98 4,757.19    2.52        0.05 106,539.00
1642  2026-04-22 16:00:00   GOLD 4,757.09 4,762.60 4,742.98 4,744.54  -12.65       -0.27  99,799.00
1643  2026-04-22 20:00:00   GOLD 4,744.56 4,760.99 4,723.99 4,728.62  -15.92       -0.34 239,238.00
1644  2026-04-23 00:00:00   GOLD 4,728.61 4,750.20 4,728.56 4,740.45   11.84        0.25 112,597.00
1645  2026-04-23 04:00:00   GOLD 4,741.96 4,754.20 4,694.14 4,747.77    7.31        0.15  86,330.00
1646  2026-04-23 08:00:00   GOLD 4,747.76 4,750.06 4,698.26 4,704.49  -43.28       -0.91 141,963.00
1647  2026-04-23 12:00:00   GOLD 4,704.55 4,725.11 4,692.48 4,703.45   -1.04       -0.02 135,213.00
1648  2026-04-23 16:00:00   GOLD 4,703.39 4,743.20 4,684.27 4,740.12   36.68        0.78 166,226.00
1649  2026-04-23 20:00:00   GOLD 4,740.11 4,741.23 4,715.76 4,733.06   -7.07       -0.15 234,644.00
1650  2026-04-24 00:00:00   GOLD 4,733.10 4,734.61 4,664.38 4,694.09  -38.97       -0.82 293,142.00
1651  2026-04-24 04:00:00   GOLD 4,695.94 4,708.18 4,686.65 4,704.69   10.60        0.23  66,545.00
1652  2026-04-24 08:00:00   GOLD 4,704.68 4,711.23 4,658.03 4,674.48  -30.20       -0.64 138,821.00
1653  2026-04-24 12:00:00   GOLD 4,674.55 4,697.55 4,667.06 4,690.91   16.43        0.35 106,893.00
1654  2026-04-24 16:00:00   GOLD 4,690.93 4,717.44 4,674.88 4,700.64    9.73        0.21 167,191.00
1655  2026-04-24 20:00:00   GOLD 4,700.71 4,740.57 4,689.66 4,726.98   26.34        0.56 279,974.00
1656  2026-04-25 00:00:00   GOLD 4,726.99 4,730.16 4,705.47 4,709.75  -17.23       -0.36 117,112.00
1657  2026-04-27 04:00:00   GOLD 4,696.88 4,698.53 4,672.40 4,697.94  -11.81       -0.25  61,215.00
1658  2026-04-27 08:00:00   GOLD 4,697.90 4,729.97 4,691.07 4,725.00   27.06        0.58 111,635.00
1659  2026-04-27 12:00:00   GOLD 4,725.01 4,725.59 4,705.60 4,706.80  -18.20       -0.39 110,640.00
1660  2026-04-27 16:00:00   GOLD 4,706.79 4,712.65 4,697.12 4,699.43   -7.36       -0.16  93,683.00
1661  2026-04-27 20:00:00   GOLD 4,699.40 4,703.68 4,667.34 4,676.90  -22.53       -0.48 238,738.00
1662  2026-04-28 00:00:00   GOLD 4,676.91 4,686.31 4,668.44 4,681.95    5.06        0.11  94,777.00
1663  2026-04-28 04:00:00   GOLD 4,682.59 4,701.64 4,682.39 4,690.84    8.88        0.19  34,833.00
1664  2026-04-28 08:00:00   GOLD 4,690.82 4,691.75 4,666.60 4,667.73  -23.11       -0.49  86,563.00
1665  2026-04-28 12:00:00   GOLD 4,667.84 4,668.08 4,614.75 4,629.77  -37.96       -0.81 180,214.00
1666  2026-04-28 16:00:00   GOLD 4,629.73 4,630.12 4,555.14 4,593.94  -35.84       -0.77 215,946.00
1667  2026-04-28 20:00:00   GOLD 4,593.90 4,594.93 4,557.36 4,592.24   -1.70       -0.04 367,721.00
1668  2026-04-29 00:00:00   GOLD 4,592.26 4,601.51 4,587.28 4,596.80    4.56        0.10 120,395.00
1669  2026-04-29 04:00:00   GOLD 4,598.74 4,610.53 4,588.10 4,600.52    3.72        0.08  41,271.00
1670  2026-04-29 08:00:00   GOLD 4,600.53 4,605.84 4,575.72 4,604.82    4.30        0.09 142,112.00
1671  2026-04-29 12:00:00   GOLD 4,604.81 4,607.73 4,557.39 4,573.43  -31.39       -0.68 160,138.00
1672  2026-04-29 16:00:00   GOLD 4,573.41 4,580.75 4,541.70 4,544.94  -28.49       -0.62 163,680.00
1673  2026-04-29 20:00:00   GOLD 4,544.91 4,564.98 4,510.10 4,545.56    0.62        0.01 325,591.00
1674  2026-04-30 00:00:00   GOLD 4,545.60 4,554.62 4,518.34 4,543.72   -1.85       -0.04 255,890.00
1675  2026-04-30 04:00:00   GOLD 4,540.13 4,574.24 4,539.69 4,569.99   26.27        0.58  66,995.00
1676  2026-04-30 08:00:00   GOLD 4,569.92 4,582.59 4,540.93 4,542.05  -27.94       -0.61 113,997.00
1677  2026-04-30 12:00:00   GOLD 4,542.06 4,629.76 4,541.97 4,616.36   74.31        1.64 170,540.00
1678  2026-04-30 16:00:00   GOLD 4,616.35 4,647.05 4,614.29 4,639.61   23.25        0.50 191,620.00
1679  2026-04-30 20:00:00   GOLD 4,639.66 4,645.90 4,605.48 4,607.74  -31.86       -0.69 287,167.00
1680  2026-05-01 00:00:00   GOLD 4,607.71 4,627.41 4,607.70 4,622.06   14.32        0.31 129,409.00
1681  2026-05-01 04:00:00   GOLD 4,629.52 4,634.15 4,618.64 4,619.93   -2.13       -0.05  57,294.00
1682  2026-05-01 08:00:00   GOLD 4,619.91 4,635.94 4,609.20 4,609.27  -10.66       -0.23  85,700.00
1683  2026-05-01 12:00:00   GOLD 4,609.26 4,616.20 4,565.16 4,569.23  -40.04       -0.87 124,927.00
1684  2026-05-01 16:00:00   GOLD 4,569.20 4,607.88 4,560.32 4,591.44   22.21        0.49 109,529.00
1685  2026-05-01 20:00:00   GOLD 4,591.43 4,660.59 4,586.69 4,638.81   47.38        1.03 285,943.00
1686  2026-05-02 00:00:00   GOLD 4,638.81 4,642.78 4,607.22 4,613.84  -24.98       -0.54 135,069.00
1687  2026-05-04 04:00:00   GOLD 4,625.35 4,629.47 4,601.82 4,613.17   -0.66       -0.01  63,634.00
1688  2026-05-04 08:00:00   GOLD 4,613.12 4,618.82 4,591.11 4,606.20   -6.97       -0.15 102,200.00
1689  2026-05-04 12:00:00   GOLD 4,606.19 4,613.16 4,573.85 4,577.27  -28.93       -0.63 131,188.00
1690  2026-05-04 16:00:00   GOLD 4,577.24 4,584.82 4,526.09 4,568.49   -8.78       -0.19 188,070.00
1691  2026-05-04 20:00:00   GOLD 4,568.52 4,583.38 4,501.03 4,510.69  -57.80       -1.27 359,308.00
1692  2026-05-05 00:00:00   GOLD 4,510.74 4,531.72 4,509.96 4,524.11   13.42        0.30 130,535.00
1693  2026-05-05 04:00:00   GOLD 4,520.77 4,530.48 4,513.65 4,529.76    5.64        0.12  26,133.00
1694  2026-05-05 08:00:00   GOLD 4,529.63 4,546.94 4,525.47 4,533.67    3.91        0.09  44,206.00
1695  2026-05-05 12:00:00   GOLD 4,533.62 4,559.57 4,531.47 4,558.38   24.70        0.54  82,841.00
1696  2026-05-05 16:00:00   GOLD 4,558.36 4,574.60 4,539.96 4,564.41    6.03        0.13  84,442.00
1697  2026-05-05 20:00:00   GOLD 4,564.42 4,586.60 4,553.77 4,561.30   -3.11       -0.07 123,829.00
1698  2026-05-06 00:00:00   GOLD 4,561.28 4,565.83 4,551.62 4,557.53   -3.76       -0.08  64,643.00
1699  2026-05-06 04:00:00   GOLD 4,552.07 4,619.97 4,546.36 4,618.80   61.27        1.34  60,804.00
1700  2026-05-06 08:00:00   GOLD 4,618.65 4,653.59 4,609.63 4,648.81   30.01        0.65  85,139.00
1701  2026-05-06 12:00:00   GOLD 4,648.82 4,702.97 4,644.77 4,700.58   51.77        1.11 109,528.00
1702  2026-05-06 16:00:00   GOLD 4,700.63 4,723.14 4,660.44 4,683.29  -17.29       -0.37 180,249.00
1703  2026-05-06 20:00:00   GOLD 4,683.32 4,717.62 4,669.02 4,683.21   -0.08       -0.00 190,677.00
1704  2026-05-07 00:00:00   GOLD 4,683.20 4,700.23 4,679.15 4,690.91    7.70        0.16  76,193.00
1705  2026-05-07 04:00:00   GOLD 4,690.16 4,701.55 4,685.65 4,688.85   -2.06       -0.04  46,019.00
1706  2026-05-07 08:00:00   GOLD 4,688.86 4,721.53 4,685.27 4,696.48    7.62        0.16  84,291.00
1707  2026-05-07 12:00:00   GOLD 4,696.43 4,753.44 4,694.91 4,731.08   34.60        0.74 130,904.00
1708  2026-05-07 16:00:00   GOLD 4,731.11 4,752.69 4,721.84 4,750.19   19.11        0.40 110,927.00
1709  2026-05-07 20:00:00   GOLD 4,750.23 4,764.90 4,704.57 4,715.24  -34.95       -0.74 212,671.00
1710  2026-05-08 00:00:00   GOLD 4,715.23 4,719.69 4,686.28 4,687.18  -28.06       -0.60 194,890.00
1711  2026-05-08 04:00:00   GOLD 4,694.56 4,709.61 4,682.05 4,701.38   14.20        0.30  54,791.00
1712  2026-05-08 08:00:00   GOLD 4,701.30 4,732.89 4,700.45 4,711.13    9.75        0.21  93,153.00
1713  2026-05-08 12:00:00   GOLD 4,711.22 4,734.90 4,697.05 4,715.76    4.63        0.10 113,355.00
1714  2026-05-08 16:00:00   GOLD 4,715.76 4,732.12 4,702.88 4,724.48    8.72        0.19 102,038.00
1715  2026-05-08 20:00:00   GOLD 4,724.40 4,749.58 4,702.06 4,712.52  -11.96       -0.25 203,504.00
1716  2026-05-09 00:00:00   GOLD 4,712.51 4,729.02 4,712.23 4,715.72    3.19        0.07  73,230.00
1717  2026-05-11 04:00:00   GOLD 4,687.43 4,698.65 4,670.51 4,683.44  -32.28       -0.68  59,383.00
1718  2026-05-11 08:00:00   GOLD 4,683.41 4,705.56 4,668.55 4,672.16  -11.28       -0.24 111,883.00
1719  2026-05-11 12:00:00   GOLD 4,672.10 4,680.97 4,648.09 4,667.90   -4.26       -0.09  96,249.00
1720  2026-05-11 16:00:00   GOLD 4,667.84 4,701.24 4,650.80 4,700.03   32.14        0.69  94,737.00
1721  2026-05-11 20:00:00   GOLD 4,700.06 4,748.95 4,698.82 4,716.48   16.45        0.35 163,823.00
1722  2026-05-12 00:00:00   GOLD 4,716.41 4,738.59 4,715.92 4,735.45   18.97        0.40  72,958.00
1723  2026-05-12 04:00:00   GOLD 4,740.56 4,773.57 4,737.79 4,749.56   14.11        0.30  65,401.00
1724  2026-05-12 08:00:00   GOLD 4,749.51 4,755.81 4,710.98 4,714.26  -35.31       -0.74 120,447.00
1725  2026-05-12 12:00:00   GOLD 4,714.22 4,722.32 4,686.40 4,703.41  -10.84       -0.23 119,035.00
1726  2026-05-12 16:00:00   GOLD 4,703.36 4,711.68 4,685.28 4,705.74    2.32        0.05 119,642.00
1727  2026-05-12 20:00:00   GOLD 4,705.73 4,709.02 4,638.36 4,671.38  -34.36       -0.73 231,428.00
1728  2026-05-13 00:00:00   GOLD 4,671.38 4,719.36 4,671.38 4,715.49   44.12        0.94 106,791.00
1729  2026-05-13 04:00:00   GOLD 4,719.90 4,727.03 4,711.74 4,714.95   -0.54       -0.01  61,399.00
1730  2026-05-13 08:00:00   GOLD 4,715.02 4,717.40 4,687.70 4,699.57  -15.39       -0.33  83,384.00
1731  2026-05-13 12:00:00   GOLD 4,699.52 4,715.39 4,693.73 4,700.60    1.03        0.02  90,689.00
1732  2026-05-13 16:00:00   GOLD 4,700.61 4,710.59 4,676.14 4,683.84  -16.76       -0.36 104,644.00
1733  2026-05-13 20:00:00   GOLD 4,683.72 4,709.90 4,669.52 4,695.86   12.02        0.26 166,650.00
1734  2026-05-14 00:00:00   GOLD 4,695.89 4,701.28 4,677.63 4,689.14   -6.72       -0.14  84,778.00
1735  2026-05-14 04:00:00   GOLD 4,693.60 4,706.80 4,689.06 4,705.06   15.92        0.34  38,092.00
1736  2026-05-14 08:00:00   GOLD 4,705.02 4,712.69 4,668.71 4,702.35   -2.71       -0.06 112,212.00
1737  2026-05-14 12:00:00   GOLD 4,702.54 4,718.88 4,686.31 4,693.48   -8.87       -0.19 110,250.00
1738  2026-05-14 16:00:00   GOLD 4,693.55 4,710.16 4,688.65 4,704.95   11.47        0.24  99,932.00
1739  2026-05-14 20:00:00   GOLD 4,704.94 4,707.94 4,666.78 4,678.66  -26.29       -0.56 187,361.00
1740  2026-05-15 00:00:00   GOLD 4,678.68 4,683.11 4,644.31 4,652.27  -26.39       -0.56  90,257.00
1741  2026-05-15 04:00:00   GOLD 4,654.08 4,665.44 4,613.74 4,630.47  -21.81       -0.47  74,142.00
1742  2026-05-15 08:00:00   GOLD 4,630.48 4,631.69 4,604.45 4,606.19  -24.28       -0.52 157,085.00
1743  2026-05-15 12:00:00   GOLD 4,606.30 4,606.58 4,550.06 4,554.62  -51.57       -1.12 208,778.00
1744  2026-05-15 16:00:00   GOLD 4,554.60 4,572.77 4,531.99 4,545.96   -8.66       -0.19 166,607.00
1745  2026-05-15 20:00:00   GOLD 4,545.97 4,566.73 4,510.98 4,544.40   -1.56       -0.03 260,375.00
1746  2026-05-16 00:00:00   GOLD 4,544.23 4,564.60 4,533.34 4,540.65   -3.75       -0.08 115,995.00
1747  2026-05-18 04:00:00   GOLD 4,545.81 4,554.91 4,480.41 4,514.80  -25.85       -0.57 117,782.00
1748  2026-05-18 08:00:00   GOLD 4,514.80 4,549.93 4,489.53 4,540.82   26.03        0.58 193,618.00
1749  2026-05-18 12:00:00   GOLD 4,540.77 4,560.10 4,530.01 4,549.97    9.15        0.20 145,419.00
1750  2026-05-18 16:00:00   GOLD 4,549.96 4,575.06 4,529.96 4,571.43   21.45        0.47 138,809.00
1751  2026-05-18 20:00:00   GOLD 4,571.43 4,584.38 4,531.85 4,550.21  -21.22       -0.46 223,399.00
1752  2026-05-19 00:00:00   GOLD 4,550.04 4,566.87 4,534.38 4,566.16   15.95        0.35 123,345.00
1753  2026-05-19 04:00:00   GOLD 4,570.36 4,589.58 4,561.47 4,563.21   -2.95       -0.06  51,365.00
1754  2026-05-19 08:00:00   GOLD 4,563.26 4,572.48 4,538.07 4,542.60  -20.61       -0.45 100,732.00
1755  2026-05-19 12:00:00   GOLD 4,542.71 4,559.53 4,531.09 4,543.05    0.45        0.01 122,905.00
1756  2026-05-19 16:00:00   GOLD 4,543.03 4,548.01 4,525.68 4,537.31   -5.74       -0.13 106,569.00
1757  2026-05-19 20:00:00   GOLD 4,537.39 4,537.70 4,464.78 4,507.90  -29.41       -0.65 260,574.00
1758  2026-05-20 00:00:00   GOLD 4,507.73 4,511.12 4,481.07 4,482.11  -25.78       -0.57 105,339.00
1759  2026-05-20 04:00:00   GOLD 4,484.73 4,508.85 4,477.45 4,501.19   19.07        0.43  71,089.00
1760  2026-05-20 08:00:00   GOLD 4,501.18 4,506.29 4,453.39 4,462.14  -39.05       -0.87 135,517.00
1761  2026-05-20 12:00:00   GOLD 4,462.07 4,490.31 4,461.69 4,484.06   21.92        0.49 120,385.00
1762  2026-05-20 16:00:00   GOLD 4,484.03 4,505.44 4,472.81 4,496.24   12.18        0.27  86,855.00
1763  2026-05-20 20:00:00   GOLD 4,496.24 4,553.05 4,467.24 4,534.47   38.22        0.85 257,852.00
1764  2026-05-21 00:00:00   GOLD 4,534.48 4,550.44 4,529.12 4,543.70    9.24        0.20 102,344.00
1765  2026-05-21 04:00:00   GOLD 4,544.62 4,553.35 4,534.74 4,545.16    1.45        0.03  65,527.00
1766  2026-05-21 08:00:00   GOLD 4,545.19 4,570.90 4,527.37 4,538.63   -6.53       -0.14 107,231.00
1767  2026-05-21 12:00:00   GOLD 4,538.72 4,540.66 4,512.07 4,532.72   -5.91       -0.13 149,726.00
1768  2026-05-21 16:00:00   GOLD 4,532.69 4,543.06 4,502.08 4,504.25  -28.47       -0.63 159,401.00
1769  2026-05-21 20:00:00   GOLD 4,504.24 4,521.10 4,488.63 4,519.47   15.22        0.34 231,569.00
1770  2026-05-22 00:00:00   GOLD 4,519.47 4,559.36 4,514.28 4,543.43   23.96        0.53 188,062.00
1771  2026-05-22 04:00:00   GOLD 4,544.90 4,545.26 4,525.64 4,526.71  -16.72       -0.37  40,524.00
1772  2026-05-22 08:00:00   GOLD 4,526.69 4,536.23 4,518.53 4,527.14    0.43        0.01  80,241.00
1773  2026-05-22 12:00:00   GOLD 4,527.09 4,534.32 4,507.43 4,521.84   -5.30       -0.12 117,352.00
1774  2026-05-22 16:00:00   GOLD 4,521.83 4,536.82 4,510.28 4,528.24    6.40        0.14 118,434.00
1775  2026-05-22 20:00:00   GOLD 4,528.23 4,534.49 4,491.93 4,515.05  -13.19       -0.29 193,175.00
1776  2026-05-23 00:00:00   GOLD 4,515.10 4,527.99 4,504.17 4,509.69   -5.36       -0.12 109,437.00
1777  2026-05-25 04:00:00   GOLD 4,550.54 4,580.21 4,548.91 4,569.72   60.03        1.33  75,189.00
1778  2026-05-25 08:00:00   GOLD 4,569.72 4,576.59 4,556.59 4,564.88   -4.84       -0.11  87,103.00
1779  2026-05-25 12:00:00   GOLD 4,564.90 4,566.00 4,550.55 4,556.01   -8.87       -0.19  84,297.00
1780  2026-05-25 16:00:00   GOLD 4,556.07 4,577.11 4,553.12 4,567.80   11.78        0.26  67,958.00
1781  2026-05-25 20:00:00   GOLD 4,567.74 4,574.88 4,560.17 4,573.63    5.84        0.13  70,486.00
1782  2026-05-26 00:00:00   GOLD 4,573.48 4,578.06 4,563.36 4,570.31   -3.32       -0.07  15,849.00
1783  2026-05-26 04:00:00   GOLD 4,571.33 4,580.24 4,539.60 4,549.90  -20.41       -0.45  60,578.00
1784  2026-05-26 08:00:00   GOLD 4,549.90 4,550.69 4,523.59 4,525.65  -24.25       -0.53  75,565.00
1785  2026-05-26 12:00:00   GOLD 4,525.64 4,539.20 4,520.11 4,523.88   -1.77       -0.04 101,425.00
1786  2026-05-26 16:00:00   GOLD 4,523.89 4,540.69 4,500.78 4,520.59   -3.29       -0.07 130,533.00
1787  2026-05-26 20:00:00   GOLD 4,520.56 4,531.48 4,499.85 4,505.15  -15.44       -0.34 155,927.00
1788  2026-05-27 00:00:00   GOLD 4,505.15 4,511.22 4,482.62 4,507.57    2.41        0.05  80,035.00
1789  2026-05-27 04:00:00   GOLD 4,506.73 4,528.05 4,498.12 4,515.06    7.49        0.17  53,196.00
1790  2026-05-27 08:00:00   GOLD 4,515.06 4,521.19 4,496.06 4,510.28   -4.78       -0.11  56,340.00
1791  2026-05-27 12:00:00   GOLD 4,510.31 4,513.94 4,475.98 4,497.93  -12.35       -0.27 112,229.00
1792  2026-05-27 16:00:00   GOLD 4,497.92 4,497.92 4,425.15 4,439.01  -58.92       -1.31 165,497.00
1793  2026-05-27 20:00:00   GOLD 4,438.98 4,455.65 4,401.63 4,450.80   11.79        0.27 208,400.00
1794  2026-05-28 00:00:00   GOLD 4,450.82 4,458.98 4,441.41 4,456.12    5.32        0.12  63,124.00
1795  2026-05-28 04:00:00   GOLD 4,456.89 4,462.58 4,443.70 4,457.15    1.03        0.02  42,106.00
1796  2026-05-28 08:00:00   GOLD 4,457.56 4,459.00 4,366.23 4,373.10  -84.05       -1.89 137,183.00
1797  2026-05-28 12:00:00   GOLD 4,373.13 4,396.31 4,367.22 4,387.06   13.95        0.32 111,515.00
1798  2026-05-28 16:00:00   GOLD 4,387.01 4,433.88 4,375.26 4,432.24   45.18        1.03 111,884.00
1799  2026-05-28 20:00:00   GOLD 4,432.24 4,511.07 4,418.26 4,511.02   78.78        1.78 251,317.00
1800  2026-05-29 00:00:00   GOLD 4,511.03 4,516.63 4,494.77 4,495.82  -15.19       -0.34  88,851.00
1801  2026-05-29 04:00:00   GOLD 4,497.09 4,500.75 4,488.98 4,496.22    0.40        0.01  39,587.00
1802  2026-05-29 08:00:00   GOLD 4,496.37 4,520.81 4,492.42 4,514.10   17.88        0.40  73,753.00
1803  2026-05-29 12:00:00   GOLD 4,514.10 4,526.20 4,502.64 4,514.95    0.85        0.02  90,704.00
1804  2026-05-29 16:00:00   GOLD 4,514.97 4,543.31 4,512.73 4,523.22    8.27        0.18  98,662.00
1805  2026-05-29 20:00:00   GOLD 4,523.18 4,595.33 4,517.04 4,567.03   43.81        0.97 239,520.00
1806  2026-05-30 00:00:00   GOLD 4,567.05 4,568.57 4,540.06 4,540.53  -26.50       -0.58  95,943.00
1807  2026-06-01 04:00:00   GOLD 4,520.80 4,546.27 4,520.02 4,540.77    0.24        0.01  47,485.00
1808  2026-06-01 08:00:00   GOLD 4,540.83 4,541.45 4,508.64 4,514.64  -26.12       -0.58  72,117.00
1809  2026-06-01 12:00:00   GOLD 4,514.66 4,525.27 4,490.45 4,498.27  -16.37       -0.36  86,886.00
1810  2026-06-01 16:00:00   GOLD 4,498.27 4,513.08 4,489.10 4,502.22    3.94        0.09  85,589.00
1811  2026-06-01 20:00:00   GOLD 4,502.27 4,503.98 4,447.86 4,480.17  -22.05       -0.49 225,901.00
1812  2026-06-02 00:00:00   GOLD 4,480.23 4,495.54 4,471.58 4,484.73    4.56        0.10  77,196.00
1813  2026-06-02 04:00:00   GOLD 4,483.39 4,497.14 4,476.91 4,481.55   -3.18       -0.07  43,647.00
1814  2026-06-02 08:00:00   GOLD 4,481.45 4,518.40 4,463.01 4,517.45   35.90        0.80 101,804.00
1815  2026-06-02 12:00:00   GOLD 4,517.44 4,541.63 4,515.10 4,526.85    9.40        0.21  90,253.00
1816  2026-06-02 16:00:00   GOLD 4,526.85 4,535.76 4,513.56 4,514.79  -12.06       -0.27  76,481.00
1817  2026-06-02 20:00:00   GOLD 4,514.84 4,524.91 4,486.35 4,491.97  -22.82       -0.51 141,142.00
1818  2026-06-03 00:00:00   GOLD 4,491.95 4,493.22 4,478.78 4,487.95   -4.01       -0.09  58,567.00
1819  2026-06-03 04:00:00   GOLD 4,490.11 4,496.89 4,462.29 4,486.19   -1.77       -0.04  59,938.00
1820  2026-06-03 08:00:00   GOLD 4,486.01 4,488.44 4,463.64 4,469.48  -16.70       -0.37  79,216.00
1821  2026-06-03 12:00:00   GOLD 4,469.45 4,474.45 4,440.36 4,444.11  -25.38       -0.57 106,484.00
1822  2026-06-03 16:00:00   GOLD 4,444.06 4,468.19 4,439.09 4,460.36   16.26        0.37 106,896.00
1823  2026-06-03 20:00:00   GOLD 4,460.34 4,466.20 4,426.42 4,442.00  -18.36       -0.41 200,677.00
1824  2026-06-04 00:00:00   GOLD 4,442.03 4,452.32 4,430.64 4,434.72   -7.28       -0.16  85,551.00
1825  2026-06-04 04:00:00   GOLD 4,431.91 4,465.46 4,423.97 4,448.57   13.85        0.31  74,377.00
1826  2026-06-04 08:00:00   GOLD 4,448.38 4,484.06 4,443.18 4,481.14   32.57        0.73 106,099.00
1827  2026-06-04 12:00:00   GOLD 4,481.20 4,482.44 4,458.66 4,463.57  -17.57       -0.39  93,878.00
1828  2026-06-04 16:00:00   GOLD 4,463.60 4,514.76 4,461.03 4,504.19   40.62        0.91 125,369.00
1829  2026-06-04 20:00:00   GOLD 4,504.17 4,515.52 4,457.36 4,482.85  -21.33       -0.47 170,357.00
1830  2026-06-05 00:00:00   GOLD 4,482.84 4,483.56 4,472.77 4,475.29   -7.56       -0.17  68,378.00
1831  2026-06-05 04:00:00   GOLD 4,474.19 4,481.62 4,450.79 4,459.55  -15.74       -0.35  54,818.00
1832  2026-06-05 08:00:00   GOLD 4,459.56 4,470.05 4,435.31 4,445.06  -14.49       -0.32 117,315.00
1833  2026-06-05 12:00:00   GOLD 4,445.09 4,468.35 4,428.72 4,462.80   17.73        0.40 118,054.00
1834  2026-06-05 16:00:00   GOLD 4,462.72 4,475.89 4,404.93 4,406.60  -56.19       -1.26 123,676.00
1835  2026-06-05 20:00:00   GOLD 4,406.65 4,421.23 4,323.27 4,344.68  -61.92       -1.41 331,278.00
1836  2026-06-06 00:00:00   GOLD 4,344.85 4,347.45 4,311.93 4,327.89  -16.80       -0.39 212,892.00
1837  2026-06-08 04:00:00   GOLD 4,321.55 4,353.45 4,310.11 4,342.45   14.56        0.34  96,928.00
1838  2026-06-08 08:00:00   GOLD 4,342.55 4,346.18 4,300.02 4,312.98  -29.47       -0.68 175,249.00
1839  2026-06-08 12:00:00   GOLD 4,312.98 4,316.96 4,268.48 4,288.82  -24.16       -0.56 187,432.00
1840  2026-06-08 16:00:00   GOLD 4,288.84 4,339.51 4,273.16 4,333.34   44.52        1.04 151,191.00
1841  2026-06-08 20:00:00   GOLD 4,333.35 4,346.88 4,314.94 4,340.77    7.43        0.17 207,626.00
1842  2026-06-09 00:00:00   GOLD 4,340.81 4,346.01 4,323.36 4,330.06  -10.71       -0.25 119,170.00
1843  2026-06-09 04:00:00   GOLD 4,326.50 4,328.93 4,312.96 4,320.05  -10.02       -0.23  55,334.00
1844  2026-06-09 08:00:00   GOLD 4,320.02 4,342.27 4,318.66 4,332.59   12.54        0.29  98,656.00
1845  2026-06-09 12:00:00   GOLD 4,332.62 4,351.56 4,321.32 4,326.69   -5.89       -0.14 107,613.00
1846  2026-06-09 16:00:00   GOLD 4,326.69 4,344.39 4,324.19 4,341.56   14.86        0.34  80,804.00
1847  2026-06-09 20:00:00   GOLD 4,341.57 4,363.72 4,236.70 4,252.16  -89.39       -2.06 378,703.00
1848  2026-06-10 00:00:00   GOLD 4,252.19 4,274.35 4,249.96 4,259.97    7.80        0.18 193,865.00
1849  2026-06-10 04:00:00   GOLD 4,256.15 4,257.60 4,199.02 4,218.42  -41.55       -0.98 102,310.00
1850  2026-06-10 08:00:00   GOLD 4,218.44 4,219.20 4,172.56 4,174.85  -43.57       -1.03 165,689.00
1851  2026-06-10 12:00:00   GOLD 4,174.90 4,222.01 4,161.47 4,169.14   -5.72       -0.14 168,986.00
1852  2026-06-10 16:00:00   GOLD 4,169.11 4,179.65 4,130.62 4,147.23  -21.90       -0.53 225,569.00
1853  2026-06-10 20:00:00   GOLD 4,147.29 4,186.42 4,107.03 4,122.13  -25.10       -0.61 386,088.00
1854  2026-06-11 00:00:00   GOLD 4,122.09 4,135.08 4,067.24 4,072.01  -50.12       -1.22 195,693.00
1855  2026-06-11 04:00:00   GOLD 4,061.70 4,078.15 4,023.87 4,075.92    3.91        0.10 157,050.00
1856  2026-06-11 08:00:00   GOLD 4,075.72 4,118.40 4,052.30 4,082.93    7.01        0.17 209,410.00
1857  2026-06-11 12:00:00   GOLD 4,082.93 4,112.73 4,072.89 4,084.72    1.79        0.04 145,877.00
1858  2026-06-11 16:00:00   GOLD 4,084.71 4,096.54 4,057.55 4,081.97   -2.75       -0.07 149,548.00
1859  2026-06-11 20:00:00   GOLD 4,081.98 4,107.76 4,052.97 4,080.38   -1.59       -0.04 310,330.00
1860  2026-06-12 00:00:00   GOLD 4,080.38 4,220.22 4,072.02 4,211.19  130.82        3.21 341,535.00
1861  2026-06-12 04:00:00   GOLD 4,208.53 4,246.72 4,200.88 4,208.44   -2.76       -0.07 107,492.00
1862  2026-06-12 08:00:00   GOLD 4,208.40 4,210.98 4,171.40 4,189.92  -18.52       -0.44 126,865.00
1863  2026-06-12 12:00:00   GOLD 4,189.89 4,226.13 4,170.29 4,219.55   29.62        0.71 161,385.00
1864  2026-06-12 16:00:00   GOLD 4,219.55 4,228.07 4,188.59 4,191.76  -27.78       -0.66 136,565.00
1865  2026-06-12 20:00:00   GOLD 4,191.80 4,235.69 4,177.25 4,216.15   24.39        0.58 317,917.00
1866  2026-06-13 00:00:00   GOLD 4,216.19 4,235.48 4,201.82 4,218.56    2.41        0.06 134,983.00
1867  2026-06-15 04:00:00   GOLD 4,301.66 4,309.19 4,280.40 4,292.55   73.98        1.75  66,557.00
1868  2026-06-15 08:00:00   GOLD 4,292.64 4,335.57 4,285.32 4,328.35   35.80        0.83 101,678.00
1869  2026-06-15 12:00:00   GOLD 4,328.33 4,345.56 4,301.01 4,334.14    5.80        0.13 102,819.00
1870  2026-06-15 16:00:00   GOLD 4,334.15 4,349.41 4,324.80 4,349.15   15.01        0.35  90,257.00
1871  2026-06-15 20:00:00   GOLD 4,349.14 4,369.66 4,334.65 4,339.19   -9.96       -0.23 172,095.00
1872  2026-06-16 00:00:00   GOLD 4,339.26 4,339.26 4,306.55 4,308.85  -30.34       -0.70  86,640.00
1873  2026-06-16 04:00:00   GOLD 4,312.98 4,320.95 4,306.11 4,319.30   10.44        0.24  41,078.00
1874  2026-06-16 08:00:00   GOLD 4,319.31 4,333.38 4,307.70 4,322.63    3.34        0.08  79,717.00
1875  2026-06-16 12:00:00   GOLD 4,322.65 4,348.10 4,313.53 4,347.02   24.39        0.56  83,087.00
1876  2026-06-16 16:00:00   GOLD 4,347.03 4,354.95 4,335.16 4,354.66    7.64        0.18  80,390.00
1877  2026-06-16 20:00:00   GOLD 4,354.57 4,354.84 4,313.32 4,340.60  -14.06       -0.32 161,843.00
1878  2026-06-17 00:00:00   GOLD 4,340.57 4,342.94 4,325.37 4,331.28   -9.32       -0.21  85,219.00
1879  2026-06-17 04:00:00   GOLD 4,331.69 4,341.78 4,328.61 4,337.06    5.78        0.13  30,665.00
1880  2026-06-17 08:00:00   GOLD 4,336.99 4,349.60 4,317.66 4,326.85  -10.22       -0.24  67,280.00
1881  2026-06-17 12:00:00   GOLD 4,326.87 4,334.28 4,317.19 4,324.72   -2.12       -0.05  76,525.00
1882  2026-06-17 16:00:00   GOLD 4,324.67 4,335.81 4,319.94 4,333.68    8.96        0.21  78,495.00
1883  2026-06-17 20:00:00   GOLD 4,333.68 4,366.56 4,324.09 4,359.52   25.84        0.60 153,581.00
1884  2026-06-18 00:00:00   GOLD 4,359.51 4,382.61 4,219.16 4,257.65 -101.87       -2.34 405,412.00
1885  2026-06-18 04:00:00   GOLD 4,257.68 4,315.39 4,257.68 4,308.39   50.74        1.19  76,447.00
1886  2026-06-18 08:00:00   GOLD 4,308.35 4,329.86 4,306.83 4,315.68    7.29        0.17  95,889.00
1887  2026-06-18 12:00:00   GOLD 4,315.69 4,324.91 4,265.60 4,266.97  -48.72       -1.13 113,733.00
1888  2026-06-18 16:00:00   GOLD 4,267.03 4,273.36 4,240.07 4,246.79  -20.18       -0.47 137,668.00
1889  2026-06-18 20:00:00   GOLD 4,246.77 4,276.74 4,214.16 4,219.65  -27.14       -0.64 248,124.00
1890  2026-06-19 00:00:00   GOLD 4,219.68 4,233.23 4,201.49 4,208.99  -10.65       -0.25 126,197.00
1891  2026-06-19 04:00:00   GOLD 4,204.63 4,210.69 4,184.07 4,190.62  -18.38       -0.44  54,305.00
1892  2026-06-19 08:00:00   GOLD 4,190.62 4,194.66 4,125.23 4,125.69  -64.93       -1.55  86,380.00
1893  2026-06-19 12:00:00   GOLD 4,125.63 4,178.52 4,121.95 4,169.32   43.64        1.06 100,085.00
1894  2026-06-19 16:00:00   GOLD 4,169.31 4,180.12 4,142.03 4,179.07    9.74        0.23  89,505.00
1895  2026-06-19 20:00:00   GOLD 4,179.06 4,183.12 4,142.55 4,155.40  -23.66       -0.57  95,657.00
1896  2026-06-22 04:00:00   GOLD 4,157.10 4,201.24 4,136.69 4,201.19   45.78        1.10  86,408.00
1897  2026-06-22 08:00:00   GOLD 4,201.27 4,221.37 4,170.69 4,181.94  -19.24       -0.46 131,055.00
1898  2026-06-22 12:00:00   GOLD 4,181.82 4,207.35 4,179.51 4,197.45   15.51        0.37 112,081.00
1899  2026-06-22 16:00:00   GOLD 4,197.43 4,215.26 4,192.24 4,193.30   -4.16       -0.10  96,281.00
1900  2026-06-22 20:00:00   GOLD 4,193.29 4,210.78 4,169.82 4,190.13   -3.16       -0.08 204,409.00
1901  2026-06-23 00:00:00   GOLD 4,190.23 4,193.84 4,177.16 4,191.69    1.56        0.04  80,385.00
1902  2026-06-23 04:00:00   GOLD 4,192.85 4,195.26 4,178.48 4,193.49    1.80        0.04  41,878.00
1903  2026-06-23 08:00:00   GOLD 4,193.35 4,198.60 4,114.82 4,118.32  -75.16       -1.79 128,997.00
1904  2026-06-23 12:00:00   GOLD 4,118.36 4,137.60 4,091.03 4,105.34  -12.98       -0.32 182,323.00
1905  2026-06-23 16:00:00   GOLD 4,105.32 4,133.48 4,103.94 4,113.31    7.97        0.19 136,600.00
1906  2026-06-23 20:00:00   GOLD 4,113.30 4,145.22 4,105.43 4,134.39   21.08        0.51 227,248.00
1907  2026-06-24 00:00:00   GOLD 4,134.35 4,139.95 4,107.53 4,110.74  -23.64       -0.57 107,059.00
1908  2026-06-24 04:00:00   GOLD 4,111.71 4,115.23 4,080.89 4,097.50  -13.24       -0.32  97,568.00
1909  2026-06-24 08:00:00   GOLD 4,097.55 4,102.51 4,050.47 4,064.64  -32.86       -0.80 179,884.00
1910  2026-06-24 12:00:00   GOLD 4,064.47 4,097.73 4,060.86 4,076.39   11.75        0.29 137,618.00
1911  2026-06-24 16:00:00   GOLD 4,076.39 4,079.36 3,987.66 3,987.93  -88.46       -2.17 182,089.00
1912  2026-06-24 20:00:00   GOLD 3,988.11 4,042.26 3,964.64 4,006.84   18.91        0.47 333,701.00
1913  2026-06-25 00:00:00   GOLD 4,006.86 4,011.49 3,959.08 3,999.50   -7.34       -0.18 223,121.00
1914  2026-06-25 04:00:00   GOLD 4,006.95 4,018.82 3,978.50 3,991.78   -7.72       -0.19  80,446.00
1915  2026-06-25 08:00:00   GOLD 3,991.71 4,005.82 3,962.47 3,996.22    4.45        0.11 205,243.00
1916  2026-06-25 12:00:00   GOLD 3,996.20 4,002.11 3,971.70 3,989.17   -7.05       -0.18 155,579.00
1917  2026-06-25 16:00:00   GOLD 3,989.24 4,019.38 3,973.64 4,012.67   23.50        0.59 138,175.00
1918  2026-06-25 20:00:00   GOLD 4,012.68 4,044.09 3,999.17 4,028.73   16.06        0.40 317,549.00
1919  2026-06-26 00:00:00   GOLD 4,028.78 4,044.14 4,021.97 4,026.92   -1.81       -0.04 135,848.00
1920  2026-06-26 04:00:00   GOLD 4,030.09 4,036.51 4,011.57 4,020.49   -6.43       -0.16  70,333.00
1921  2026-06-26 08:00:00   GOLD 4,020.51 4,030.01 3,982.95 4,011.70   -8.79       -0.22 137,769.00
1922  2026-06-26 12:00:00   GOLD 4,011.71 4,039.88 4,005.63 4,030.94   19.24        0.48 120,096.00
1923  2026-06-26 16:00:00   GOLD 4,030.95 4,061.61 4,029.59 4,058.99   28.05        0.70 105,849.00
1924  2026-06-26 20:00:00   GOLD 4,059.03 4,095.99 4,043.23 4,085.20   26.21        0.65 229,678.00
1925  2026-06-27 00:00:00   GOLD 4,085.22 4,091.20 4,064.70 4,088.39    3.19        0.08 100,153.00
1926  2026-06-29 04:00:00   GOLD 4,075.86 4,083.82 4,048.15 4,069.41  -18.98       -0.46  88,526.00
1927  2026-06-29 08:00:00   GOLD 4,069.41 4,076.01 4,049.66 4,052.34  -17.07       -0.42 130,699.00
1928  2026-06-29 12:00:00   GOLD 4,052.23 4,068.83 4,039.32 4,047.28   -5.05       -0.12 121,955.00
1929  2026-06-29 16:00:00   GOLD 4,047.26 4,055.49 4,024.44 4,043.75   -3.53       -0.09  99,973.00
1930  2026-06-29 20:00:00   GOLD 4,043.78 4,051.93 4,000.32 4,023.97  -19.78       -0.49 178,169.00
1931  2026-06-30 00:00:00   GOLD 4,023.98 4,032.17 4,005.43 4,016.95   -7.02       -0.17  63,505.00
1932  2026-06-30 04:00:00   GOLD 4,018.65 4,022.51 3,979.98 3,987.34  -29.61       -0.74  57,736.00
1933  2026-06-30 08:00:00   GOLD 3,987.32 3,998.27 3,942.10 3,985.59   -1.76       -0.04 172,540.00
1934  2026-06-30 12:00:00   GOLD 3,985.57 4,037.66 3,975.23 4,015.72   30.14        0.76 140,706.00
1935  2026-06-30 16:00:00   GOLD 4,015.70 4,037.43 4,008.74 4,009.97   -5.76       -0.14  90,953.00
1936  2026-06-30 20:00:00   GOLD 4,010.03 4,063.48 4,009.45 4,026.18   16.21        0.40 199,977.00
1937  2026-07-01 00:00:00   GOLD 4,026.14 4,033.93 4,006.58 4,007.53  -18.65       -0.46  77,932.00
1938  2026-07-01 04:00:00   GOLD 4,014.34 4,018.51 3,993.21 3,996.72  -10.81       -0.27  45,197.00
1939  2026-07-01 08:00:00   GOLD 3,996.77 3,999.90 3,970.39 3,976.70  -20.02       -0.50 110,922.00
1940  2026-07-01 12:00:00   GOLD 3,976.68 3,984.55 3,960.28 3,974.66   -2.03       -0.05 103,407.00
1941  2026-07-01 16:00:00   GOLD 3,974.64 4,035.59 3,972.95 4,022.91   48.24        1.21 110,361.00
1942  2026-07-01 20:00:00   GOLD 4,022.93 4,115.81 4,012.86 4,071.28   48.38        1.20 259,900.00
1943  2026-07-02 00:00:00   GOLD 4,071.18 4,073.72 4,028.26 4,031.70  -39.58       -0.97 103,584.00
1944  2026-07-02 04:00:00   GOLD 4,038.71 4,052.80 4,030.89 4,052.09   20.39        0.51  46,213.00
1945  2026-07-02 08:00:00   GOLD 4,052.14 4,074.24 4,041.51 4,060.87    8.78        0.22 107,833.00
1946  2026-07-02 12:00:00   GOLD 4,060.89 4,080.12 4,053.24 4,076.19   15.32        0.38 115,242.00
1947  2026-07-02 16:00:00   GOLD 4,076.20 4,140.52 4,057.44 4,117.58   41.39        1.02 141,649.00
1948  2026-07-02 20:00:00   GOLD 4,117.55 4,144.08 4,100.35 4,118.19    0.61        0.01 287,983.00
1949  2026-07-03 00:00:00   GOLD 4,118.02 4,127.09 4,105.85 4,123.60    5.42        0.13 108,095.00
1950  2026-07-03 04:00:00   GOLD 4,125.81 4,151.14 4,121.47 4,147.11   23.51        0.57  53,568.00
1951  2026-07-03 08:00:00   GOLD 4,147.18 4,195.51 4,146.73 4,179.06   31.95        0.77  96,561.00
1952  2026-07-03 12:00:00   GOLD 4,179.06 4,186.65 4,160.41 4,181.14    2.08        0.05  76,623.00
1953  2026-07-03 16:00:00   GOLD 4,181.09 4,186.46 4,168.57 4,176.77   -4.37       -0.10  51,302.00
1954  2026-07-03 20:00:00   GOLD 4,176.90 4,179.38 4,155.41 4,175.69   -1.08       -0.03  79,484.00
1955  2026-07-06 04:00:00   GOLD 4,180.35 4,202.23 4,170.30 4,179.72    4.02        0.10  72,800.00
1956  2026-07-06 08:00:00   GOLD 4,179.52 4,202.70 4,157.52 4,159.87  -19.85       -0.47 113,124.00
1957  2026-07-06 12:00:00   GOLD 4,159.85 4,166.52 4,144.83 4,150.52   -9.35       -0.22  85,216.00
1958  2026-07-06 16:00:00   GOLD 4,150.53 4,159.60 4,131.52 4,139.65  -10.87       -0.26  80,964.00
1959  2026-07-06 20:00:00   GOLD 4,139.66 4,156.34 4,128.51 4,155.14   15.49        0.37 136,492.00
1960  2026-07-07 00:00:00   GOLD 4,155.15 4,167.59 4,150.45 4,165.11    9.97        0.24  64,552.00
1961  2026-07-07 04:00:00   GOLD 4,164.73 4,168.65 4,145.19 4,146.13  -18.98       -0.46  43,825.00
1962  2026-07-07 08:00:00   GOLD 4,146.10 4,148.07 4,124.53 4,126.84  -19.30       -0.47  99,410.00
1963  2026-07-07 12:00:00   GOLD 4,126.89 4,139.40 4,116.70 4,126.08   -0.76       -0.02  94,761.00
1964  2026-07-07 16:00:00   GOLD 4,126.06 4,175.09 4,119.81 4,172.40   46.32        1.12  94,418.00
1965  2026-07-07 20:00:00   GOLD 4,172.51 4,180.52 4,135.94 4,145.23  -27.16       -0.65 171,758.00
1966  2026-07-08 00:00:00   GOLD 4,145.19 4,148.35 4,092.30 4,106.12  -39.11       -0.94 133,230.00
1967  2026-07-08 04:00:00   GOLD 4,105.04 4,126.82 4,095.74 4,111.74    5.62        0.14  67,199.00
1968  2026-07-08 08:00:00   GOLD 4,111.58 4,131.22 4,096.56 4,125.30   13.56        0.33 121,068.00
1969  2026-07-08 12:00:00   GOLD 4,125.29 4,133.99 4,052.28 4,057.01  -68.29       -1.66 177,613.00
1970  2026-07-08 16:00:00   GOLD 4,056.93 4,086.45 4,040.57 4,072.32   15.32        0.38 178,267.00
1971  2026-07-08 20:00:00   GOLD 4,072.33 4,083.18 4,021.82 4,063.87   -8.45       -0.21 291,157.00
1972  2026-07-09 00:00:00   GOLD 4,063.88 4,091.67 4,059.77 4,077.12   13.25        0.33 145,996.00
1973  2026-07-09 04:00:00   GOLD 4,074.41 4,090.02 4,070.38 4,073.97   -3.15       -0.08  51,456.00
1974  2026-07-09 08:00:00   GOLD 4,073.99 4,082.83 4,054.40 4,064.41   -9.56       -0.23 101,623.00
1975  2026-07-09 12:00:00   GOLD 4,064.40 4,118.01 4,063.85 4,108.34   43.93        1.08 108,108.00
1976  2026-07-09 16:00:00   GOLD 4,108.34 4,122.63 4,093.86 4,107.69   -0.65       -0.02  95,309.00
1977  2026-07-09 20:00:00   GOLD 4,107.66 4,138.03 4,106.88 4,128.15   20.47        0.50 141,849.00
1978  2026-07-10 00:00:00   GOLD 4,128.11 4,138.06 4,118.91 4,123.79   -4.36       -0.11  69,584.00
1979  2026-07-10 04:00:00   GOLD 4,125.25 4,128.47 4,114.55 4,126.51    2.72        0.07  32,101.00
1980  2026-07-10 08:00:00   GOLD 4,126.56 4,134.92 4,108.72 4,115.32  -11.19       -0.27  81,194.00
1981  2026-07-10 12:00:00   GOLD 4,115.31 4,120.19 4,094.86 4,098.03  -17.29       -0.42  72,171.00
1982  2026-07-10 16:00:00   GOLD 4,098.02 4,117.59 4,094.53 4,100.77    2.74        0.07  59,822.00
1983  2026-07-10 20:00:00   GOLD 4,100.86 4,115.51 4,072.80 4,104.52    3.76        0.09 150,641.00
1984  2026-07-11 00:00:00   GOLD 4,104.52 4,121.38 4,097.93 4,120.67   16.15        0.39  59,720.00
1985  2026-07-13 04:00:00   GOLD 4,090.98 4,094.82 4,061.11 4,074.11  -46.57       -1.13  84,693.00
1986  2026-07-13 08:00:00   GOLD 4,074.36 4,089.91 4,050.47 4,058.95  -15.16       -0.37 142,521.00
1987  2026-07-13 12:00:00   GOLD 4,058.93 4,080.84 4,044.06 4,074.59   15.64        0.39 140,580.00
1988  2026-07-13 16:00:00   GOLD 4,074.55 4,076.72 4,046.43 4,067.56   -7.03       -0.17 113,041.00
1989  2026-07-13 20:00:00   GOLD 4,067.61 4,067.80 3,986.58 3,993.50  -74.06       -1.82 275,544.00
1990  2026-07-14 00:00:00   GOLD 3,993.66 4,006.24 3,986.92 4,001.18    7.68        0.19 146,451.00
1991  2026-07-14 04:00:00   GOLD 4,001.64 4,007.41 3,983.55 4,004.28    3.10        0.08  81,687.00
1992  2026-07-14 08:00:00   GOLD 4,004.32 4,023.57 3,992.10 4,020.26   15.98        0.40 130,267.00
1993  2026-07-14 12:00:00   GOLD 4,020.28 4,034.25 4,014.51 4,016.07   -4.20       -0.10 103,751.00
1994  2026-07-14 16:00:00   GOLD 4,016.07 4,104.05 4,013.93 4,076.22   60.16        1.50 161,585.00
1995  2026-07-14 20:00:00   GOLD 4,076.34 4,100.69 4,057.81 4,061.62  -14.60       -0.36 280,344.00
1996  2026-07-15 00:00:00   GOLD 4,061.61 4,065.17 4,042.89 4,052.78   -8.85       -0.22  93,579.00
1997  2026-07-15 04:00:00   GOLD 4,053.22 4,060.84 4,046.93 4,059.30    6.52        0.16  41,932.00
1998  2026-07-15 08:00:00   GOLD 4,059.28 4,062.12 4,028.10 4,033.24  -26.05       -0.64  89,532.00
1999  2026-07-15 12:00:00   GOLD 4,033.32 4,037.16 4,019.71 4,021.99  -11.26       -0.28  79,754.00

==================================================
      HOÀN THÀNH PHÂN TÍCH          
==================================================
